{"type":"FeatureCollection","features":[{"type":"Feature","geometry":{"type":"Polygon","coordinates":[[[-41.219369,-21.612912],[-41.218575,-21.612802],[-41.21866,-21.612282],[-41.217107,-21.612108],[-41.217212,-21.611327],[-41.219496,-21.611564],[-41.219762,-21.609627],[-41.224165,-21.609897],[-41.22396,-21.612394],[-41.225491,-21.612511],[-41.225408,-21.614794],[-41.219195,-21.614057],[-41.219369,-21.612912],[-41.219369,-21.612912]]]},"properties":{"nome":"\u00c1REA 1761","tipo":"area","bairro":"TRAVESS\u00c3O"}},{"type":"Feature","geometry":{"type":"Polygon","coordinates":[[[-41.251726,-21.630551],[-41.251811,-21.633228],[-41.249614,-21.633593],[-41.245567,-21.633677],[-41.242946,-21.632649],[-41.241873,-21.631486],[-41.241125,-21.630961],[-41.241258,-21.630519],[-41.242158,-21.630946],[-41.242687,-21.631643],[-41.242525,-21.630365],[-41.243239,-21.630366],[-41.243396,-21.63219],[-41.244029,-21.63221],[-41.244074,-21.632562],[-41.245414,-21.633011],[-41.246122,-21.633011],[-41.245977,-21.630712],[-41.246801,-21.630669],[-41.246848,-21.632498],[-41.248093,-21.632516],[-41.24809,-21.633032],[-41.249496,-21.632978],[-41.250921,-21.632826],[-41.250836,-21.630601],[-41.251726,-21.630551],[-41.251726,-21.630551]]]},"properties":{"nome":"\u00c1REA 1762","tipo":"area","bairro":"TRAVESS\u00c3O"}},{"type":"Feature","geometry":{"type":"Polygon","coordinates":[[[-41.251728,-21.630549],[-41.253508,-21.630461],[-41.253667,-21.632668],[-41.256235,-21.632577],[-41.256245,-21.633067],[-41.255053,-21.633151],[-41.255128,-21.633715],[-41.253789,-21.633817],[-41.253822,-21.634203],[-41.253509,-21.634227],[-41.253444,-21.633511],[-41.25326,-21.63352],[-41.25323,-21.633134],[-41.252098,-21.633189],[-41.251811,-21.633227],[-41.251728,-21.630549],[-41.251728,-21.630549]]]},"properties":{"nome":"\u00c1REA 1763","tipo":"area","bairro":"TRAVESS\u00c3O"}},{"type":"Feature","geometry":{"type":"Polygon","coordinates":[[[-41.277475,-21.640307],[-41.277519,-21.640449],[-41.277607,-21.640589],[-41.277727,-21.640726],[-41.277906,-21.640873],[-41.278,-21.640932],[-41.278137,-21.640971],[-41.278274,-21.641017],[-41.278457,-21.64103],[-41.278573,-21.64104],[-41.280771,-21.640754],[-41.280726,-21.640473],[-41.281375,-21.640399],[-41.281323,-21.639748],[-41.281796,-21.639713],[-41.281884,-21.640602],[-41.283215,-21.640391],[-41.28533,-21.640343],[-41.285463,-21.640355],[-41.285451,-21.640136],[-41.285666,-21.64013],[-41.285582,-21.638428],[-41.286091,-21.638414],[-41.286158,-21.640586],[-41.287196,-21.640872],[-41.287165,-21.640163],[-41.290118,-21.640098],[-41.290163,-21.640964],[-41.290993,-21.640879],[-41.291094,-21.642399],[-41.291817,-21.642343],[-41.291871,-21.642954],[-41.290804,-21.643026],[-41.291075,-21.64684],[-41.290244,-21.646868],[-41.28992,-21.642018],[-41.289212,-21.641944],[-41.289141,-21.641193],[-41.2881,-21.64125],[-41.286347,-21.64074],[-41.286385,-21.64141],[-41.285362,-21.641476],[-41.285545,-21.643202],[-41.286078,-21.643166],[-41.286232,-21.644177],[-41.285082,-21.6443],[-41.28478,-21.641526],[-41.28143,-21.641795],[-41.2814,-21.640952],[-41.278845,-21.641269],[-41.278472,-21.641275],[-41.278178,-21.641224],[-41.277889,-21.641129],[-41.277643,-21.641001],[-41.27745,-21.640895],[-41.277138,-21.640303],[-41.276887,-21.639299],[-41.276087,-21.638763],[-41.275865,-21.637238],[-41.275527,-21.636216],[-41.275543,-21.634864],[-41.275397,-21.633539],[-41.265666,-21.633946],[-41.265392,-21.630349],[-41.273582,-21.629719],[-41.273747,-21.630887],[-41.275467,-21.630692],[-41.275733,-21.633497],[-41.275848,-21.634827],[-41.275856,-21.636268],[-41.27605,-21.636857],[-41.276187,-21.63732],[-41.276287,-21.637934],[-41.276374,-21.638456],[-41.276823,-21.638873],[-41.277234,-21.639093],[-41.277475,-21.640307],[-41.277475,-21.640307]]]},"properties":{"nome":"\u00c1REA 1764","tipo":"area","bairro":"TRAVESS\u00c3O"}},{"type":"Feature","geometry":{"type":"Polygon","coordinates":[[[-41.299153,-21.637881],[-41.299136,-21.637614],[-41.299821,-21.637578],[-41.299833,-21.637996],[-41.301041,-21.638225],[-41.301423,-21.638272],[-41.302038,-21.638129],[-41.303325,-21.637742],[-41.305787,-21.637121],[-41.306326,-21.6371],[-41.306253,-21.635874],[-41.307122,-21.635821],[-41.307243,-21.637119],[-41.308221,-21.63714],[-41.308277,-21.636706],[-41.309691,-21.636764],[-41.309957,-21.637533],[-41.310389,-21.63763],[-41.311299,-21.638272],[-41.310973,-21.638506],[-41.310839,-21.638304],[-41.310484,-21.637969],[-41.310232,-21.637812],[-41.297748,-21.639642],[-41.298058,-21.641998],[-41.29675,-21.642126],[-41.29669,-21.641477],[-41.291049,-21.641765],[-41.290995,-21.640882],[-41.29339,-21.640266],[-41.296756,-21.639234],[-41.297816,-21.638133],[-41.299153,-21.637881],[-41.299153,-21.637881]]]},"properties":{"nome":"\u00c1REA 1765","tipo":"area","bairro":"TRAVESS\u00c3O"}},{"type":"Feature","geometry":{"type":"Polygon","coordinates":[[[-41.3085,-21.632066],[-41.309184,-21.634096],[-41.308632,-21.634185],[-41.308478,-21.633607],[-41.304483,-21.633735],[-41.304415,-21.632275],[-41.307001,-21.632189],[-41.306078,-21.627025],[-41.307002,-21.627025],[-41.307082,-21.627628],[-41.3085,-21.632066],[-41.3085,-21.632066]]]},"properties":{"nome":"\u00c1REA 1766","tipo":"area","bairro":"TRAVESS\u00c3O"}},{"type":"Feature","geometry":{"type":"Polygon","coordinates":[[[-41.309179,-21.634091],[-41.309285,-21.634423],[-41.311219,-21.634192],[-41.311202,-21.637339],[-41.312371,-21.637327],[-41.311975,-21.640185],[-41.311272,-21.640107],[-41.31126,-21.639598],[-41.311317,-21.639583],[-41.311303,-21.638274],[-41.310395,-21.637632],[-41.309956,-21.637532],[-41.309689,-21.636759],[-41.309464,-21.636757],[-41.308633,-21.634184],[-41.309179,-21.634091],[-41.309179,-21.634091]]]},"properties":{"nome":"\u00c1REA 1767","tipo":"area","bairro":"TRAVESS\u00c3O"}},{"type":"Feature","geometry":{"type":"Polygon","coordinates":[[[-41.311213,-21.634202],[-41.311316,-21.631029],[-41.313237,-21.631112],[-41.312373,-21.637327],[-41.311204,-21.637336],[-41.311213,-21.634202],[-41.311213,-21.634202]]]},"properties":{"nome":"\u00c1REA 1768","tipo":"area","bairro":"TRAVESS\u00c3O"}},{"type":"Feature","geometry":{"type":"Polygon","coordinates":[[[-41.313239,-21.63111],[-41.311319,-21.631031],[-41.311438,-21.627498],[-41.313748,-21.627618],[-41.313239,-21.63111],[-41.313239,-21.63111]]]},"properties":{"nome":"\u00c1REA 1769","tipo":"area","bairro":"TRAVESS\u00c3O"}},{"type":"Feature","geometry":{"type":"Polygon","coordinates":[[[-41.311389,-21.628633],[-41.31022,-21.6287],[-41.309024,-21.626795],[-41.310004,-21.626297],[-41.311474,-21.626309],[-41.311477,-21.626114],[-41.313909,-21.626257],[-41.313752,-21.627619],[-41.311438,-21.627498],[-41.311389,-21.628633],[-41.311389,-21.628633]]]},"properties":{"nome":"\u00c1REA 1770","tipo":"area","bairro":"TRAVESS\u00c3O"}},{"type":"Feature","geometry":{"type":"Polygon","coordinates":[[[-41.311475,-21.62631],[-41.310003,-21.626296],[-41.309023,-21.626793],[-41.308732,-21.626345],[-41.310315,-21.62389],[-41.310689,-21.623276],[-41.310701,-21.621808],[-41.311596,-21.621762],[-41.311475,-21.62631],[-41.311475,-21.62631]]]},"properties":{"nome":"\u00c1REA 1771","tipo":"area","bairro":"TRAVESS\u00c3O"}},{"type":"Feature","geometry":{"type":"Polygon","coordinates":[[[-41.311539,-21.624007],[-41.31414,-21.624293],[-41.313908,-21.626258],[-41.311487,-21.626115],[-41.311539,-21.624007],[-41.311539,-21.624007]]]},"properties":{"nome":"\u00c1REA 1772","tipo":"area","bairro":"TRAVESS\u00c3O"}},{"type":"Feature","geometry":{"type":"Polygon","coordinates":[[[-41.311597,-21.621761],[-41.314533,-21.62161],[-41.314141,-21.624291],[-41.311543,-21.62401],[-41.311597,-21.621761],[-41.311597,-21.621761]]]},"properties":{"nome":"\u00c1REA 1773","tipo":"area","bairro":"TRAVESS\u00c3O"}},{"type":"Feature","geometry":{"type":"Polygon","coordinates":[[[-41.314538,-21.62161],[-41.310701,-21.621808],[-41.310575,-21.619528],[-41.31317,-21.619454],[-41.313139,-21.6192],[-41.313708,-21.619162],[-41.313729,-21.619457],[-41.314846,-21.619409],[-41.314538,-21.62161],[-41.314538,-21.62161]]]},"properties":{"nome":"\u00c1REA 1774","tipo":"area","bairro":"TRAVESS\u00c3O"}},{"type":"Feature","geometry":{"type":"Polygon","coordinates":[[[-41.310565,-21.617961],[-41.310521,-21.616833],[-41.311743,-21.616839],[-41.311745,-21.616382],[-41.312317,-21.616365],[-41.312312,-21.618],[-41.312589,-21.618011],[-41.3126,-21.618543],[-41.314952,-21.618577],[-41.314849,-21.619407],[-41.31373,-21.619456],[-41.313711,-21.619161],[-41.313137,-21.6192],[-41.313172,-21.619454],[-41.310577,-21.619528],[-41.310565,-21.617961],[-41.310565,-21.617961]]]},"properties":{"nome":"\u00c1REA 1775","tipo":"area","bairro":"TRAVESS\u00c3O"}},{"type":"Feature","geometry":{"type":"Polygon","coordinates":[[[-41.312319,-21.616371],[-41.313168,-21.61633],[-41.313201,-21.616874],[-41.315225,-21.61664],[-41.314954,-21.618577],[-41.312602,-21.618541],[-41.31259,-21.61801],[-41.312315,-21.617998],[-41.312319,-21.616371],[-41.312319,-21.616371]]]},"properties":{"nome":"\u00c1REA 1776","tipo":"area","bairro":"TRAVESS\u00c3O"}},{"type":"Feature","geometry":{"type":"Polygon","coordinates":[[[-41.310477,-21.615909],[-41.311716,-21.615828],[-41.311741,-21.613186],[-41.311802,-21.611662],[-41.311921,-21.610958],[-41.312868,-21.611025],[-41.312837,-21.612703],[-41.312808,-21.613616],[-41.312238,-21.613987],[-41.312315,-21.616357],[-41.311738,-21.616382],[-41.311745,-21.616839],[-41.310526,-21.616832],[-41.310477,-21.615909],[-41.310477,-21.615909]]]},"properties":{"nome":"\u00c1REA 1777","tipo":"area","bairro":"TRAVESS\u00c3O"}},{"type":"Feature","geometry":{"type":"Polygon","coordinates":[[[-41.311711,-21.615824],[-41.31012,-21.615933],[-41.310169,-21.613226],[-41.311744,-21.613183],[-41.311711,-21.615824],[-41.311711,-21.615824]]]},"properties":{"nome":"\u00c1REA 1778","tipo":"area","bairro":"TRAVESS\u00c3O"}},{"type":"Feature","geometry":{"type":"Polygon","coordinates":[[[-41.31057,-21.617955],[-41.310569,-21.618544],[-41.309463,-21.618571],[-41.309445,-21.617965],[-41.307506,-21.618064],[-41.307626,-21.616621],[-41.309131,-21.616505],[-41.309091,-21.616004],[-41.310478,-21.615913],[-41.31057,-21.617955],[-41.31057,-21.617955]]]},"properties":{"nome":"\u00c1REA 1779","tipo":"area","bairro":"TRAVESS\u00c3O"}},{"type":"Feature","geometry":{"type":"Polygon","coordinates":[[[-41.310117,-21.615934],[-41.309091,-21.616002],[-41.309128,-21.616505],[-41.307625,-21.616621],[-41.307903,-21.613285],[-41.310169,-21.61323],[-41.310117,-21.615934],[-41.310117,-21.615934]]]},"properties":{"nome":"\u00c1REA 1780","tipo":"area","bairro":"TRAVESS\u00c3O"}},{"type":"Feature","geometry":{"type":"Polygon","coordinates":[[[-41.313169,-21.616327],[-41.312318,-21.616364],[-41.312241,-21.613985],[-41.312804,-21.613623],[-41.312866,-21.611024],[-41.313759,-21.611092],[-41.314009,-21.614083],[-41.314108,-21.614116],[-41.314011,-21.61677],[-41.313203,-21.616876],[-41.313169,-21.616327],[-41.313169,-21.616327]]]},"properties":{"nome":"\u00c1REA 1781","tipo":"area","bairro":"TRAVESS\u00c3O"}},{"type":"Feature","geometry":{"type":"Polygon","coordinates":[[[-41.314104,-21.61411],[-41.314015,-21.614084],[-41.313763,-21.611095],[-41.313655,-21.609478],[-41.314156,-21.609492],[-41.314243,-21.608881],[-41.315234,-21.608827],[-41.315238,-21.614313],[-41.31553,-21.614324],[-41.315225,-21.616639],[-41.314015,-21.616777],[-41.314104,-21.61411],[-41.314104,-21.61411]]]},"properties":{"nome":"\u00c1REA 1782","tipo":"area","bairro":"TRAVESS\u00c3O"}},{"type":"Feature","geometry":{"type":"Polygon","coordinates":[[[-41.31942,-21.609661],[-41.319764,-21.614483],[-41.31524,-21.614313],[-41.315246,-21.61037],[-41.31942,-21.609661],[-41.31942,-21.609661]]]},"properties":{"nome":"\u00c1REA 1783","tipo":"area","bairro":"TRAVESS\u00c3O"}},{"type":"Feature","geometry":{"type":"Polygon","coordinates":[[[-41.317929,-21.618765],[-41.316818,-21.618726],[-41.316878,-21.618071],[-41.315219,-21.61796],[-41.31544,-21.616165],[-41.318547,-21.616893],[-41.319058,-21.621855],[-41.318298,-21.621892],[-41.317929,-21.618765],[-41.317929,-21.618765]]]},"properties":{"nome":"\u00c1REA 1784","tipo":"area","bairro":"TRAVESS\u00c3O"}},{"type":"Feature","geometry":{"type":"Polygon","coordinates":[[[-41.314676,-21.621905],[-41.315222,-21.61796],[-41.316876,-21.618072],[-41.316815,-21.618728],[-41.317929,-21.618765],[-41.318296,-21.621898],[-41.314676,-21.621905],[-41.314676,-21.621905]]]},"properties":{"nome":"\u00c1REA 1785","tipo":"area","bairro":"TRAVESS\u00c3O"}},{"type":"Feature","geometry":{"type":"Polygon","coordinates":[[[-41.312471,-21.608142],[-41.312213,-21.608089],[-41.312418,-21.607219],[-41.314491,-21.607066],[-41.314156,-21.609494],[-41.313655,-21.609479],[-41.313761,-21.61109],[-41.311928,-21.610957],[-41.312471,-21.608142],[-41.312471,-21.608142]]]},"properties":{"nome":"\u00c1REA 1786","tipo":"area","bairro":"TRAVESS\u00c3O"}},{"type":"Feature","geometry":{"type":"Polygon","coordinates":[[[-41.314493,-21.607066],[-41.312754,-21.607193],[-41.312849,-21.606693],[-41.314082,-21.606582],[-41.313939,-21.605969],[-41.315032,-21.605831],[-41.315012,-21.605697],[-41.316602,-21.60552],[-41.316188,-21.609081],[-41.315235,-21.609218],[-41.315237,-21.608829],[-41.314243,-21.608879],[-41.314493,-21.607066],[-41.314493,-21.607066]]]},"properties":{"nome":"\u00c1REA 1787","tipo":"area","bairro":"TRAVESS\u00c3O"}},{"type":"Feature","geometry":{"type":"Polygon","coordinates":[[[-41.316031,-21.604891],[-41.316137,-21.605573],[-41.315016,-21.6057],[-41.315031,-21.605829],[-41.313941,-21.605971],[-41.313668,-21.604705],[-41.313338,-21.603237],[-41.316149,-21.602625],[-41.316513,-21.60484],[-41.316031,-21.604891],[-41.316031,-21.604891]]]},"properties":{"nome":"\u00c1REA 1788","tipo":"area","bairro":"TRAVESS\u00c3O"}},{"type":"Feature","geometry":{"type":"Polygon","coordinates":[[[-41.319766,-21.605752],[-41.319902,-21.606374],[-41.316461,-21.60683],[-41.316592,-21.60552],[-41.316136,-21.605573],[-41.316034,-21.604893],[-41.316515,-21.604837],[-41.315896,-21.601094],[-41.317703,-21.600328],[-41.318507,-21.605937],[-41.319766,-21.605752],[-41.319766,-21.605752]]]},"properties":{"nome":"\u00c1REA 1789","tipo":"area","bairro":"TRAVESS\u00c3O"}},{"type":"Feature","geometry":{"type":"Polygon","coordinates":[[[-41.313335,-21.603237],[-41.313128,-21.602272],[-41.312185,-21.602491],[-41.312095,-21.601816],[-41.312113,-21.600369],[-41.313555,-21.600265],[-41.316805,-21.599872],[-41.316826,-21.600703],[-41.315889,-21.601095],[-41.316147,-21.602623],[-41.313335,-21.603237],[-41.313335,-21.603237]]]},"properties":{"nome":"\u00c1REA 1790","tipo":"area","bairro":"TRAVESS\u00c3O"}},{"type":"Feature","geometry":{"type":"Polygon","coordinates":[[[-41.316795,-21.598934],[-41.316804,-21.599873],[-41.313541,-21.600266],[-41.31211,-21.600369],[-41.312108,-21.598871],[-41.313445,-21.598746],[-41.313541,-21.599346],[-41.316795,-21.598934],[-41.316795,-21.598934]]]},"properties":{"nome":"\u00c1REA 1791","tipo":"area","bairro":"TRAVESS\u00c3O"}},{"type":"Feature","geometry":{"type":"Polygon","coordinates":[[[-41.315173,-21.596938],[-41.316759,-21.596932],[-41.316801,-21.598929],[-41.313544,-21.599344],[-41.313448,-21.598745],[-41.312111,-21.598871],[-41.312151,-21.597369],[-41.315173,-21.596938],[-41.315173,-21.596938]]]},"properties":{"nome":"\u00c1REA 1792","tipo":"area","bairro":"TRAVESS\u00c3O"}},{"type":"Feature","geometry":{"type":"Polygon","coordinates":[[[-41.31408,-21.606582],[-41.312847,-21.606694],[-41.312799,-21.606945],[-41.311882,-21.607],[-41.311617,-21.602617],[-41.313123,-21.602272],[-41.31408,-21.606582],[-41.31408,-21.606582]]]},"properties":{"nome":"\u00c1REA 1793","tipo":"area","bairro":"TRAVESS\u00c3O"}},{"type":"Feature","geometry":{"type":"Polygon","coordinates":[[[-41.312797,-21.606945],[-41.312754,-21.607191],[-41.312418,-21.607219],[-41.312208,-21.60809],[-41.312469,-21.608143],[-41.312356,-21.608722],[-41.308832,-21.608836],[-41.307205,-21.609136],[-41.307084,-21.60859],[-41.306288,-21.608735],[-41.30609,-21.608317],[-41.307818,-21.608046],[-41.307887,-21.608431],[-41.309983,-21.608082],[-41.31108,-21.607892],[-41.310943,-21.607062],[-41.312797,-21.606945],[-41.312797,-21.606945]]]},"properties":{"nome":"\u00c1REA 1794","tipo":"area","bairro":"TRAVESS\u00c3O"}},{"type":"Feature","geometry":{"type":"Polygon","coordinates":[[[-41.311882,-21.606998],[-41.310942,-21.607061],[-41.311078,-21.607891],[-41.309979,-21.608082],[-41.309726,-21.602949],[-41.311601,-21.60262],[-41.311882,-21.606998],[-41.311882,-21.606998]]]},"properties":{"nome":"\u00c1REA 1795","tipo":"area","bairro":"TRAVESS\u00c3O"}},{"type":"Feature","geometry":{"type":"Polygon","coordinates":[[[-41.308917,-21.602069],[-41.309684,-21.602036],[-41.309976,-21.60808],[-41.30789,-21.608431],[-41.307723,-21.607471],[-41.309152,-21.60724],[-41.308917,-21.602069],[-41.308917,-21.602069]]]},"properties":{"nome":"\u00c1REA 1796","tipo":"area","bairro":"TRAVESS\u00c3O"}},{"type":"Feature","geometry":{"type":"Polygon","coordinates":[[[-41.308914,-21.602066],[-41.309146,-21.607236],[-41.308469,-21.60735],[-41.308033,-21.600752],[-41.309628,-21.600648],[-41.30969,-21.602038],[-41.308914,-21.602066],[-41.308914,-21.602066]]]},"properties":{"nome":"\u00c1REA 1797","tipo":"area","bairro":"TRAVESS\u00c3O"}},{"type":"Feature","geometry":{"type":"Polygon","coordinates":[[[-41.31174,-21.613185],[-41.3079,-21.613282],[-41.307415,-21.611981],[-41.311484,-21.611813],[-41.311481,-21.611634],[-41.311803,-21.611616],[-41.31174,-21.613185],[-41.31174,-21.613185]]]},"properties":{"nome":"\u00c1REA 1798","tipo":"area","bairro":"TRAVESS\u00c3O"}},{"type":"Feature","geometry":{"type":"Polygon","coordinates":[[[-41.311807,-21.611618],[-41.31148,-21.611633],[-41.311484,-21.611811],[-41.307418,-21.611978],[-41.306683,-21.610419],[-41.308987,-21.609996],[-41.312107,-21.609989],[-41.311807,-21.611618],[-41.311807,-21.611618]]]},"properties":{"nome":"\u00c1REA 1799","tipo":"area","bairro":"TRAVESS\u00c3O"}},{"type":"Feature","geometry":{"type":"Polygon","coordinates":[[[-41.308996,-21.609996],[-41.306692,-21.610419],[-41.306467,-21.609943],[-41.306817,-21.609875],[-41.306533,-21.609261],[-41.308861,-21.608832],[-41.312356,-21.608722],[-41.312107,-21.609989],[-41.308996,-21.609996],[-41.308996,-21.609996]]]},"properties":{"nome":"\u00c1REA 1800","tipo":"area","bairro":"TRAVESS\u00c3O"}},{"type":"Feature","geometry":{"type":"Polygon","coordinates":[[[-41.306817,-21.609873],[-41.306026,-21.610034],[-41.305694,-21.608981],[-41.294156,-21.610729],[-41.294167,-21.609764],[-41.300842,-21.608751],[-41.300725,-21.607037],[-41.305241,-21.606881],[-41.305531,-21.607176],[-41.306252,-21.607739],[-41.306438,-21.607817],[-41.307015,-21.60797],[-41.307692,-21.608013],[-41.307701,-21.608063],[-41.306091,-21.608317],[-41.306289,-21.608738],[-41.307084,-21.608588],[-41.307202,-21.609136],[-41.306536,-21.609261],[-41.306817,-21.609873],[-41.306817,-21.609873]]]},"properties":{"nome":"\u00c1REA 1801","tipo":"area","bairro":"TRAVESS\u00c3O"}},{"type":"Feature","geometry":{"type":"Polygon","coordinates":[[[-41.289405,-21.610959],[-41.285328,-21.61148],[-41.285446,-21.616206],[-41.283516,-21.617637],[-41.28331,-21.613633],[-41.279741,-21.613937],[-41.279562,-21.611663],[-41.27938,-21.611694],[-41.279215,-21.610642],[-41.279721,-21.610559],[-41.279532,-21.609164],[-41.280467,-21.609142],[-41.280653,-21.610925],[-41.289219,-21.60981],[-41.289405,-21.610959],[-41.289405,-21.610959]]]},"properties":{"nome":"\u00c1REA 1802","tipo":"area","bairro":"TRAVESS\u00c3O"}},{"type":"Feature","geometry":{"type":"Polygon","coordinates":[[[-41.272297,-21.609489],[-41.272726,-21.613312],[-41.272017,-21.613387],[-41.272251,-21.614826],[-41.271262,-21.614981],[-41.270929,-21.613453],[-41.268654,-21.615352],[-41.268784,-21.616168],[-41.26761,-21.616351],[-41.267463,-21.615623],[-41.26793,-21.615429],[-41.268551,-21.614884],[-41.268144,-21.614096],[-41.269022,-21.613742],[-41.268837,-21.611699],[-41.269973,-21.611676],[-41.269761,-21.60936],[-41.272297,-21.609489],[-41.272297,-21.609489]]]},"properties":{"nome":"\u00c1REA 1803","tipo":"area","bairro":"TRAVESS\u00c3O"}},{"type":"Feature","geometry":{"type":"Point","coordinates":[-41.219929,-21.61368]},"properties":{"nome":"1","tipo":"caixa_ftth","bairro":"TRAVESS\u00c3O"}},{"type":"Feature","geometry":{"type":"Point","coordinates":[-41.219574,-21.612255]},"properties":{"nome":"2","tipo":"caixa_ftth","bairro":"TRAVESS\u00c3O"}},{"type":"Feature","geometry":{"type":"Point","coordinates":[-41.221167,-21.612481]},"properties":{"nome":"3","tipo":"caixa_ftth","bairro":"TRAVESS\u00c3O"}},{"type":"Feature","geometry":{"type":"Point","coordinates":[-41.221134,-21.611602]},"properties":{"nome":"4","tipo":"caixa_ftth","bairro":"TRAVESS\u00c3O"}},{"type":"Feature","geometry":{"type":"Point","coordinates":[-41.222837,-21.612681]},"properties":{"nome":"5","tipo":"caixa_ftth","bairro":"TRAVESS\u00c3O"}},{"type":"Feature","geometry":{"type":"Point","coordinates":[-41.223683,-21.611003]},"properties":{"nome":"6","tipo":"caixa_ftth","bairro":"TRAVESS\u00c3O"}},{"type":"Feature","geometry":{"type":"Point","coordinates":[-41.224419,-21.612935]},"properties":{"nome":"7","tipo":"caixa_ftth","bairro":"TRAVESS\u00c3O"}},{"type":"Feature","geometry":{"type":"Point","coordinates":[-41.223762,-21.614527]},"properties":{"nome":"8","tipo":"caixa_ftth","bairro":"TRAVESS\u00c3O"}},{"type":"Feature","geometry":{"type":"Point","coordinates":[-41.219114,-21.615363]},"properties":{"nome":"40M","tipo":"ponto","bairro":"TRAVESS\u00c3O"}},{"type":"Feature","geometry":{"type":"Point","coordinates":[-41.251339,-21.631422]},"properties":{"nome":"1 (30)","tipo":"caixa_ftth","bairro":"TRAVESS\u00c3O"}},{"type":"Feature","geometry":{"type":"Point","coordinates":[-41.251373,-21.63239]},"properties":{"nome":"2 (11)","tipo":"caixa_ftth","bairro":"TRAVESS\u00c3O"}},{"type":"Feature","geometry":{"type":"Point","coordinates":[-41.250695,-21.633052]},"properties":{"nome":"3 (1168)","tipo":"caixa_ftth","bairro":"TRAVESS\u00c3O"}},{"type":"Feature","geometry":{"type":"Point","coordinates":[-41.249085,-21.633227]},"properties":{"nome":"4 (1196)","tipo":"caixa_ftth","bairro":"TRAVESS\u00c3O"}},{"type":"Feature","geometry":{"type":"Point","coordinates":[-41.247509,-21.633222]},"properties":{"nome":"5 (1220)","tipo":"caixa_ftth","bairro":"TRAVESS\u00c3O"}},{"type":"Feature","geometry":{"type":"Point","coordinates":[-41.246367,-21.633266]},"properties":{"nome":"6","tipo":"caixa_ftth","bairro":"TRAVESS\u00c3O"}},{"type":"Feature","geometry":{"type":"Point","coordinates":[-41.246519,-21.632155]},"properties":{"nome":"7 (12)","tipo":"caixa_ftth","bairro":"TRAVESS\u00c3O"}},{"type":"Feature","geometry":{"type":"Point","coordinates":[-41.242871,-21.632258]},"properties":{"nome":"8","tipo":"caixa_ftth","bairro":"TRAVESS\u00c3O"}},{"type":"Feature","geometry":{"type":"Point","coordinates":[-41.242847,-21.631377]},"properties":{"nome":"9 (17)","tipo":"caixa_ftth","bairro":"TRAVESS\u00c3O"}},{"type":"Feature","geometry":{"type":"Point","coordinates":[-41.241426,-21.630794]},"properties":{"nome":"10","tipo":"caixa_ftth","bairro":"TRAVESS\u00c3O"}},{"type":"Feature","geometry":{"type":"Point","coordinates":[-41.244278,-21.632908]},"properties":{"nome":"40M","tipo":"ponto","bairro":"TRAVESS\u00c3O"}},{"type":"Feature","geometry":{"type":"Point","coordinates":[-41.254788,-21.633669]},"properties":{"nome":"1 (12)","tipo":"caixa_ftth","bairro":"TRAVESS\u00c3O"}},{"type":"Feature","geometry":{"type":"Point","coordinates":[-41.254955,-21.632845]},"properties":{"nome":"2","tipo":"caixa_ftth","bairro":"TRAVESS\u00c3O"}},{"type":"Feature","geometry":{"type":"Point","coordinates":[-41.253388,-21.632907]},"properties":{"nome":"3 (1253)","tipo":"caixa_ftth","bairro":"TRAVESS\u00c3O"}},{"type":"Feature","geometry":{"type":"Point","coordinates":[-41.252237,-21.632947]},"properties":{"nome":"4 (1142)","tipo":"caixa_ftth","bairro":"TRAVESS\u00c3O"}},{"type":"Feature","geometry":{"type":"Point","coordinates":[-41.252273,-21.632207]},"properties":{"nome":"5 (10)","tipo":"caixa_ftth","bairro":"TRAVESS\u00c3O"}},{"type":"Feature","geometry":{"type":"Point","coordinates":[-41.25293,-21.632275]},"properties":{"nome":"6 (11)","tipo":"caixa_ftth","bairro":"TRAVESS\u00c3O"}},{"type":"Feature","geometry":{"type":"Point","coordinates":[-41.253011,-21.631646]},"properties":{"nome":"7 (10)","tipo":"caixa_ftth","bairro":"TRAVESS\u00c3O"}},{"type":"Feature","geometry":{"type":"Point","coordinates":[-41.252231,-21.63101]},"properties":{"nome":"8 (36)","tipo":"caixa_ftth","bairro":"TRAVESS\u00c3O"}},{"type":"Feature","geometry":{"type":"Point","coordinates":[-41.253203,-21.631042]},"properties":{"nome":"9 (17)","tipo":"caixa_ftth","bairro":"TRAVESS\u00c3O"}},{"type":"Feature","geometry":{"type":"Point","coordinates":[-41.252994,-21.630714]},"properties":{"nome":"10 (14)","tipo":"caixa_ftth","bairro":"TRAVESS\u00c3O"}},{"type":"Feature","geometry":{"type":"Point","coordinates":[-41.290295,-21.641089]},"properties":{"nome":"1 (338)","tipo":"caixa_ftth","bairro":"TRAVESS\u00c3O"}},{"type":"Feature","geometry":{"type":"Point","coordinates":[-41.290062,-21.642422]},"properties":{"nome":"2 (18)","tipo":"caixa_ftth","bairro":"TRAVESS\u00c3O"}},{"type":"Feature","geometry":{"type":"Point","coordinates":[-41.290154,-21.643725]},"properties":{"nome":"3","tipo":"caixa_ftth","bairro":"TRAVESS\u00c3O"}},{"type":"Feature","geometry":{"type":"Point","coordinates":[-41.290305,-21.646091]},"properties":{"nome":"4","tipo":"caixa_ftth","bairro":"TRAVESS\u00c3O"}},{"type":"Feature","geometry":{"type":"Point","coordinates":[-41.285456,-21.640494]},"properties":{"nome":"5 (436)","tipo":"caixa_ftth","bairro":"TRAVESS\u00c3O"}},{"type":"Feature","geometry":{"type":"Point","coordinates":[-41.285273,-21.641157]},"properties":{"nome":"6 (11)","tipo":"caixa_ftth","bairro":"TRAVESS\u00c3O"}},{"type":"Feature","geometry":{"type":"Point","coordinates":[-41.285531,-21.643731]},"properties":{"nome":"7","tipo":"caixa_ftth","bairro":"TRAVESS\u00c3O"}},{"type":"Feature","geometry":{"type":"Point","coordinates":[-41.281664,-21.640705]},"properties":{"nome":"8 (623)","tipo":"caixa_ftth","bairro":"TRAVESS\u00c3O"}},{"type":"Feature","geometry":{"type":"Point","coordinates":[-41.274756,-21.63194]},"properties":{"nome":"9","tipo":"caixa_ftth","bairro":"TRAVESS\u00c3O"}},{"type":"Feature","geometry":{"type":"Point","coordinates":[-41.270292,-21.632151]},"properties":{"nome":"10 (965)","tipo":"caixa_ftth","bairro":"TRAVESS\u00c3O"}},{"type":"Feature","geometry":{"type":"Point","coordinates":[-41.268063,-21.632272]},"properties":{"nome":"11","tipo":"caixa_ftth","bairro":"TRAVESS\u00c3O"}},{"type":"Feature","geometry":{"type":"Point","coordinates":[-41.276191,-21.643006]},"properties":{"nome":"12","tipo":"caixa_ftth","bairro":"TRAVESS\u00c3O"}},{"type":"Feature","geometry":{"type":"Point","coordinates":[-41.275478,-21.632802]},"properties":{"nome":"CEO MINI","tipo":"emenda","bairro":"TRAVESS\u00c3O"}},{"type":"Feature","geometry":{"type":"Point","coordinates":[-41.27556,-21.633601]},"properties":{"nome":"CEO MINI","tipo":"emenda","bairro":"TRAVESS\u00c3O"}},{"type":"Feature","geometry":{"type":"Point","coordinates":[-41.278754,-21.641165]},"properties":{"nome":"CEO MINI","tipo":"emenda","bairro":"TRAVESS\u00c3O"}},{"type":"Feature","geometry":{"type":"Point","coordinates":[-41.288711,-21.641234]},"properties":{"nome":"CEO MINI","tipo":"emenda","bairro":"TRAVESS\u00c3O"}},{"type":"Feature","geometry":{"type":"Point","coordinates":[-41.270965,-21.632105]},"properties":{"nome":"CEO MINI","tipo":"emenda","bairro":"TRAVESS\u00c3O"}},{"type":"Feature","geometry":{"type":"Point","coordinates":[-41.258094,-21.632783]},"properties":{"nome":"40M","tipo":"ponto","bairro":"TRAVESS\u00c3O"}},{"type":"Feature","geometry":{"type":"Point","coordinates":[-41.260688,-21.632602]},"properties":{"nome":"40M","tipo":"ponto","bairro":"TRAVESS\u00c3O"}},{"type":"Feature","geometry":{"type":"Point","coordinates":[-41.263832,-21.632556]},"properties":{"nome":"40M","tipo":"ponto","bairro":"TRAVESS\u00c3O"}},{"type":"Feature","geometry":{"type":"Point","coordinates":[-41.266129,-21.632442]},"properties":{"nome":"40M","tipo":"ponto","bairro":"TRAVESS\u00c3O"}},{"type":"Feature","geometry":{"type":"Point","coordinates":[-41.272371,-21.632035]},"properties":{"nome":"10M","tipo":"ponto","bairro":"TRAVESS\u00c3O"}},{"type":"Feature","geometry":{"type":"Point","coordinates":[-41.27592,-21.636994]},"properties":{"nome":"40M","tipo":"ponto","bairro":"TRAVESS\u00c3O"}},{"type":"Feature","geometry":{"type":"Point","coordinates":[-41.277592,-21.642124]},"properties":{"nome":"40M","tipo":"ponto","bairro":"TRAVESS\u00c3O"}},{"type":"Feature","geometry":{"type":"Point","coordinates":[-41.277298,-21.640196]},"properties":{"nome":"CEO","tipo":"emenda","bairro":"TRAVESS\u00c3O"}},{"type":"Feature","geometry":{"type":"Point","coordinates":[-41.310189,-21.637758]},"properties":{"nome":"1 (90)","tipo":"caixa_ftth","bairro":"TRAVESS\u00c3O"}},{"type":"Feature","geometry":{"type":"Point","coordinates":[-41.308646,-21.63729]},"properties":{"nome":"2 (138)","tipo":"caixa_ftth","bairro":"TRAVESS\u00c3O"}},{"type":"Feature","geometry":{"type":"Point","coordinates":[-41.304073,-21.637715]},"properties":{"nome":"3","tipo":"caixa_ftth","bairro":"TRAVESS\u00c3O"}},{"type":"Feature","geometry":{"type":"Point","coordinates":[-41.300525,-21.638235]},"properties":{"nome":"4","tipo":"caixa_ftth","bairro":"TRAVESS\u00c3O"}},{"type":"Feature","geometry":{"type":"Point","coordinates":[-41.29881,-21.638156]},"properties":{"nome":"5","tipo":"caixa_ftth","bairro":"TRAVESS\u00c3O"}},{"type":"Feature","geometry":{"type":"Point","coordinates":[-41.29733,-21.63903]},"properties":{"nome":"6","tipo":"caixa_ftth","bairro":"TRAVESS\u00c3O"}},{"type":"Feature","geometry":{"type":"Point","coordinates":[-41.296927,-21.640347]},"properties":{"nome":"7","tipo":"caixa_ftth","bairro":"TRAVESS\u00c3O"}},{"type":"Feature","geometry":{"type":"Point","coordinates":[-41.296984,-21.641921]},"properties":{"nome":"8","tipo":"caixa_ftth","bairro":"TRAVESS\u00c3O"}},{"type":"Feature","geometry":{"type":"Point","coordinates":[-41.293032,-21.640697]},"properties":{"nome":"9","tipo":"caixa_ftth","bairro":"TRAVESS\u00c3O"}},{"type":"Feature","geometry":{"type":"Point","coordinates":[-41.3028,-21.638001]},"properties":{"nome":"CEO MINI","tipo":"emenda","bairro":"TRAVESS\u00c3O"}},{"type":"Feature","geometry":{"type":"Point","coordinates":[-41.305673,-21.637263]},"properties":{"nome":"CEO MINI","tipo":"emenda","bairro":"TRAVESS\u00c3O"}},{"type":"Feature","geometry":{"type":"Point","coordinates":[-41.292294,-21.64084]},"properties":{"nome":"CEO MINI","tipo":"emenda","bairro":"TRAVESS\u00c3O"}},{"type":"Feature","geometry":{"type":"Point","coordinates":[-41.308749,-21.633135]},"properties":{"nome":"1 (174)","tipo":"caixa_ftth","bairro":"TRAVESS\u00c3O"}},{"type":"Feature","geometry":{"type":"Point","coordinates":[-41.307934,-21.633269]},"properties":{"nome":"2 (27)","tipo":"caixa_ftth","bairro":"TRAVESS\u00c3O"}},{"type":"Feature","geometry":{"type":"Point","coordinates":[-41.306694,-21.633288]},"properties":{"nome":"3 (72)","tipo":"caixa_ftth","bairro":"TRAVESS\u00c3O"}},{"type":"Feature","geometry":{"type":"Point","coordinates":[-41.305726,-21.633333]},"properties":{"nome":"4 (116)","tipo":"caixa_ftth","bairro":"TRAVESS\u00c3O"}},{"type":"Feature","geometry":{"type":"Point","coordinates":[-41.30469,-21.633381]},"properties":{"nome":"5 (147)","tipo":"caixa_ftth","bairro":"TRAVESS\u00c3O"}},{"type":"Feature","geometry":{"type":"Point","coordinates":[-41.307886,-21.632641]},"properties":{"nome":"6 (26)","tipo":"caixa_ftth","bairro":"TRAVESS\u00c3O"}},{"type":"Feature","geometry":{"type":"Point","coordinates":[-41.307155,-21.632653]},"properties":{"nome":"7 (48)","tipo":"caixa_ftth","bairro":"TRAVESS\u00c3O"}},{"type":"Feature","geometry":{"type":"Point","coordinates":[-41.306407,-21.632661]},"properties":{"nome":"8 (78)","tipo":"caixa_ftth","bairro":"TRAVESS\u00c3O"}},{"type":"Feature","geometry":{"type":"Point","coordinates":[-41.30541,-21.632685]},"properties":{"nome":"9 (109)","tipo":"caixa_ftth","bairro":"TRAVESS\u00c3O"}},{"type":"Feature","geometry":{"type":"Point","coordinates":[-41.307937,-21.630665]},"properties":{"nome":"10 (276)","tipo":"caixa_ftth","bairro":"TRAVESS\u00c3O"}},{"type":"Feature","geometry":{"type":"Point","coordinates":[-41.307257,-21.62865]},"properties":{"nome":"11 (369)","tipo":"caixa_ftth","bairro":"TRAVESS\u00c3O"}},{"type":"Feature","geometry":{"type":"Point","coordinates":[-41.311409,-21.638973]},"properties":{"nome":"1","tipo":"caixa_ftth","bairro":"TRAVESS\u00c3O"}},{"type":"Feature","geometry":{"type":"Point","coordinates":[-41.311709,-21.638325]},"properties":{"nome":"2 (10)","tipo":"caixa_ftth","bairro":"TRAVESS\u00c3O"}},{"type":"Feature","geometry":{"type":"Point","coordinates":[-41.311414,-21.637664]},"properties":{"nome":"3","tipo":"caixa_ftth","bairro":"TRAVESS\u00c3O"}},{"type":"Feature","geometry":{"type":"Point","coordinates":[-41.310674,-21.637449]},"properties":{"nome":"4","tipo":"caixa_ftth","bairro":"TRAVESS\u00c3O"}},{"type":"Feature","geometry":{"type":"Point","coordinates":[-41.309838,-21.636369]},"properties":{"nome":"5 (50)","tipo":"caixa_ftth","bairro":"TRAVESS\u00c3O"}},{"type":"Feature","geometry":{"type":"Point","coordinates":[-41.310467,-21.63618]},"properties":{"nome":"6 (9)","tipo":"caixa_ftth","bairro":"TRAVESS\u00c3O"}},{"type":"Feature","geometry":{"type":"Point","coordinates":[-41.309496,-21.635382]},"properties":{"nome":"7 (97)","tipo":"caixa_ftth","bairro":"TRAVESS\u00c3O"}},{"type":"Feature","geometry":{"type":"Point","coordinates":[-41.310596,-21.63547]},"properties":{"nome":"8 (37)","tipo":"caixa_ftth","bairro":"TRAVESS\u00c3O"}},{"type":"Feature","geometry":{"type":"Point","coordinates":[-41.309311,-21.634823]},"properties":{"nome":"9 (112)","tipo":"caixa_ftth","bairro":"TRAVESS\u00c3O"}},{"type":"Feature","geometry":{"type":"Point","coordinates":[-41.310647,-21.634703]},"properties":{"nome":"10 (42)","tipo":"caixa_ftth","bairro":"TRAVESS\u00c3O"}},{"type":"Feature","geometry":{"type":"Point","coordinates":[-41.311773,-21.637074]},"properties":{"nome":"1","tipo":"caixa_ftth","bairro":"TRAVESS\u00c3O"}},{"type":"Feature","geometry":{"type":"Point","coordinates":[-41.311426,-21.636326]},"properties":{"nome":"2","tipo":"caixa_ftth","bairro":"TRAVESS\u00c3O"}},{"type":"Feature","geometry":{"type":"Point","coordinates":[-41.312036,-21.63575]},"properties":{"nome":"3","tipo":"caixa_ftth","bairro":"TRAVESS\u00c3O"}},{"type":"Feature","geometry":{"type":"Point","coordinates":[-41.311475,-21.634799]},"properties":{"nome":"4","tipo":"caixa_ftth","bairro":"TRAVESS\u00c3O"}},{"type":"Feature","geometry":{"type":"Point","coordinates":[-41.3122,-21.634075]},"properties":{"nome":"5 (1328)","tipo":"caixa_ftth","bairro":"TRAVESS\u00c3O"}},{"type":"Feature","geometry":{"type":"Point","coordinates":[-41.312121,-21.633478]},"properties":{"nome":"6 (32)","tipo":"caixa_ftth","bairro":"TRAVESS\u00c3O"}},{"type":"Feature","geometry":{"type":"Point","coordinates":[-41.312233,-21.632826]},"properties":{"nome":"7 (40)","tipo":"caixa_ftth","bairro":"TRAVESS\u00c3O"}},{"type":"Feature","geometry":{"type":"Point","coordinates":[-41.311516,-21.632175]},"properties":{"nome":"8 (1278)","tipo":"caixa_ftth","bairro":"TRAVESS\u00c3O"}},{"type":"Feature","geometry":{"type":"Point","coordinates":[-41.312443,-21.632084]},"properties":{"nome":"9","tipo":"caixa_ftth","bairro":"TRAVESS\u00c3O"}},{"type":"Feature","geometry":{"type":"Point","coordinates":[-41.312258,-21.631426]},"properties":{"nome":"10 (12)","tipo":"caixa_ftth","bairro":"TRAVESS\u00c3O"}},{"type":"Feature","geometry":{"type":"Point","coordinates":[-41.311545,-21.630694]},"properties":{"nome":"1 (1250)","tipo":"caixa_ftth","bairro":"TRAVESS\u00c3O"}},{"type":"Feature","geometry":{"type":"Point","coordinates":[-41.312582,-21.630668]},"properties":{"nome":"2 (56)","tipo":"caixa_ftth","bairro":"TRAVESS\u00c3O"}},{"type":"Feature","geometry":{"type":"Point","coordinates":[-41.312199,-21.629937]},"properties":{"nome":"3","tipo":"caixa_ftth","bairro":"TRAVESS\u00c3O"}},{"type":"Feature","geometry":{"type":"Point","coordinates":[-41.311576,-21.629537]},"properties":{"nome":"4","tipo":"caixa_ftth","bairro":"TRAVESS\u00c3O"}},{"type":"Feature","geometry":{"type":"Point","coordinates":[-41.312294,-21.629326]},"properties":{"nome":"5 (25)","tipo":"caixa_ftth","bairro":"TRAVESS\u00c3O"}},{"type":"Feature","geometry":{"type":"Point","coordinates":[-41.311589,-21.628603]},"properties":{"nome":"6","tipo":"caixa_ftth","bairro":"TRAVESS\u00c3O"}},{"type":"Feature","geometry":{"type":"Point","coordinates":[-41.312568,-21.628644]},"properties":{"nome":"7","tipo":"caixa_ftth","bairro":"TRAVESS\u00c3O"}},{"type":"Feature","geometry":{"type":"Point","coordinates":[-41.312004,-21.627918]},"properties":{"nome":"8 (15)","tipo":"caixa_ftth","bairro":"TRAVESS\u00c3O"}},{"type":"Feature","geometry":{"type":"Point","coordinates":[-41.312606,-21.627948]},"properties":{"nome":"9 (50)","tipo":"caixa_ftth","bairro":"TRAVESS\u00c3O"}},{"type":"Feature","geometry":{"type":"Point","coordinates":[-41.312979,-21.627975]},"properties":{"nome":"10","tipo":"caixa_ftth","bairro":"TRAVESS\u00c3O"}},{"type":"Feature","geometry":{"type":"Point","coordinates":[-41.311599,-21.626814]},"properties":{"nome":"1","tipo":"caixa_ftth","bairro":"TRAVESS\u00c3O"}},{"type":"Feature","geometry":{"type":"Point","coordinates":[-41.31204,-21.626506]},"properties":{"nome":"2 (23)","tipo":"caixa_ftth","bairro":"TRAVESS\u00c3O"}},{"type":"Feature","geometry":{"type":"Point","coordinates":[-41.312933,-21.626582]},"properties":{"nome":"3 (83)","tipo":"caixa_ftth","bairro":"TRAVESS\u00c3O"}},{"type":"Feature","geometry":{"type":"Point","coordinates":[-41.311962,-21.627201]},"properties":{"nome":"4","tipo":"caixa_ftth","bairro":"TRAVESS\u00c3O"}},{"type":"Feature","geometry":{"type":"Point","coordinates":[-41.313114,-21.627288]},"properties":{"nome":"5 (70)","tipo":"caixa_ftth","bairro":"TRAVESS\u00c3O"}},{"type":"Feature","geometry":{"type":"Point","coordinates":[-41.311307,-21.626983]},"properties":{"nome":"6","tipo":"caixa_ftth","bairro":"TRAVESS\u00c3O"}},{"type":"Feature","geometry":{"type":"Point","coordinates":[-41.311302,-21.627968]},"properties":{"nome":"7","tipo":"caixa_ftth","bairro":"TRAVESS\u00c3O"}},{"type":"Feature","geometry":{"type":"Point","coordinates":[-41.31064,-21.628329]},"properties":{"nome":"8","tipo":"caixa_ftth","bairro":"TRAVESS\u00c3O"}},{"type":"Feature","geometry":{"type":"Point","coordinates":[-41.310664,-21.627085]},"properties":{"nome":"9 (78)","tipo":"caixa_ftth","bairro":"TRAVESS\u00c3O"}},{"type":"Feature","geometry":{"type":"Point","coordinates":[-41.310162,-21.627896]},"properties":{"nome":"10 (20)","tipo":"caixa_ftth","bairro":"TRAVESS\u00c3O"}},{"type":"Feature","geometry":{"type":"Point","coordinates":[-41.30973,-21.627206]},"properties":{"nome":"11","tipo":"caixa_ftth","bairro":"TRAVESS\u00c3O"}},{"type":"Feature","geometry":{"type":"Point","coordinates":[-41.311387,-21.623449]},"properties":{"nome":"1","tipo":"caixa_ftth","bairro":"TRAVESS\u00c3O"}},{"type":"Feature","geometry":{"type":"Point","coordinates":[-41.311355,-21.624963]},"properties":{"nome":"2","tipo":"caixa_ftth","bairro":"TRAVESS\u00c3O"}},{"type":"Feature","geometry":{"type":"Point","coordinates":[-41.310931,-21.623155]},"properties":{"nome":"3","tipo":"caixa_ftth","bairro":"TRAVESS\u00c3O"}},{"type":"Feature","geometry":{"type":"Point","coordinates":[-41.310709,-21.623915]},"properties":{"nome":"4 (71)","tipo":"caixa_ftth","bairro":"TRAVESS\u00c3O"}},{"type":"Feature","geometry":{"type":"Point","coordinates":[-41.310701,-21.624926]},"properties":{"nome":"5","tipo":"caixa_ftth","bairro":"TRAVESS\u00c3O"}},{"type":"Feature","geometry":{"type":"Point","coordinates":[-41.310698,-21.625739]},"properties":{"nome":"6 (27)","tipo":"caixa_ftth","bairro":"TRAVESS\u00c3O"}},{"type":"Feature","geometry":{"type":"Point","coordinates":[-41.309946,-21.625224]},"properties":{"nome":"7","tipo":"caixa_ftth","bairro":"TRAVESS\u00c3O"}},{"type":"Feature","geometry":{"type":"Point","coordinates":[-41.309899,-21.626091]},"properties":{"nome":"8","tipo":"caixa_ftth","bairro":"TRAVESS\u00c3O"}},{"type":"Feature","geometry":{"type":"Point","coordinates":[-41.309484,-21.625932]},"properties":{"nome":"9 (87)","tipo":"caixa_ftth","bairro":"TRAVESS\u00c3O"}},{"type":"Feature","geometry":{"type":"Point","coordinates":[-41.311644,-21.62571]},"properties":{"nome":"1","tipo":"caixa_ftth","bairro":"TRAVESS\u00c3O"}},{"type":"Feature","geometry":{"type":"Point","coordinates":[-41.312301,-21.625777]},"properties":{"nome":"2","tipo":"caixa_ftth","bairro":"TRAVESS\u00c3O"}},{"type":"Feature","geometry":{"type":"Point","coordinates":[-41.313246,-21.625832]},"properties":{"nome":"3 (89)","tipo":"caixa_ftth","bairro":"TRAVESS\u00c3O"}},{"type":"Feature","geometry":{"type":"Point","coordinates":[-41.311692,-21.62461]},"properties":{"nome":"4 (1000)","tipo":"caixa_ftth","bairro":"TRAVESS\u00c3O"}},{"type":"Feature","geometry":{"type":"Point","coordinates":[-41.312821,-21.62491]},"properties":{"nome":"5 (9)","tipo":"caixa_ftth","bairro":"TRAVESS\u00c3O"}},{"type":"Feature","geometry":{"type":"Point","coordinates":[-41.312349,-21.625298]},"properties":{"nome":"6","tipo":"caixa_ftth","bairro":"TRAVESS\u00c3O"}},{"type":"Feature","geometry":{"type":"Point","coordinates":[-41.313015,-21.625295]},"properties":{"nome":"7 (6)","tipo":"caixa_ftth","bairro":"TRAVESS\u00c3O"}},{"type":"Feature","geometry":{"type":"Point","coordinates":[-41.312073,-21.624334]},"properties":{"nome":"8","tipo":"caixa_ftth","bairro":"TRAVESS\u00c3O"}},{"type":"Feature","geometry":{"type":"Point","coordinates":[-41.313151,-21.624456]},"properties":{"nome":"9 (45)","tipo":"caixa_ftth","bairro":"TRAVESS\u00c3O"}},{"type":"Feature","geometry":{"type":"Point","coordinates":[-41.312361,-21.623867]},"properties":{"nome":"1","tipo":"caixa_ftth","bairro":"TRAVESS\u00c3O"}},{"type":"Feature","geometry":{"type":"Point","coordinates":[-41.313145,-21.62397]},"properties":{"nome":"2","tipo":"caixa_ftth","bairro":"TRAVESS\u00c3O"}},{"type":"Feature","geometry":{"type":"Point","coordinates":[-41.312282,-21.623328]},"properties":{"nome":"3 (8)","tipo":"caixa_ftth","bairro":"TRAVESS\u00c3O"}},{"type":"Feature","geometry":{"type":"Point","coordinates":[-41.312992,-21.623404]},"properties":{"nome":"4 (56)","tipo":"caixa_ftth","bairro":"TRAVESS\u00c3O"}},{"type":"Feature","geometry":{"type":"Point","coordinates":[-41.312054,-21.622799]},"properties":{"nome":"5","tipo":"caixa_ftth","bairro":"TRAVESS\u00c3O"}},{"type":"Feature","geometry":{"type":"Point","coordinates":[-41.313098,-21.62292]},"properties":{"nome":"6 (49)","tipo":"caixa_ftth","bairro":"TRAVESS\u00c3O"}},{"type":"Feature","geometry":{"type":"Point","coordinates":[-41.311734,-21.622121]},"properties":{"nome":"7 (904)","tipo":"caixa_ftth","bairro":"TRAVESS\u00c3O"}},{"type":"Feature","geometry":{"type":"Point","coordinates":[-41.312277,-21.62232]},"properties":{"nome":"8 (17)","tipo":"caixa_ftth","bairro":"TRAVESS\u00c3O"}},{"type":"Feature","geometry":{"type":"Point","coordinates":[-41.313087,-21.622422]},"properties":{"nome":"9 (23)","tipo":"caixa_ftth","bairro":"TRAVESS\u00c3O"}},{"type":"Feature","geometry":{"type":"Point","coordinates":[-41.311509,-21.620595]},"properties":{"nome":"1 (815)","tipo":"caixa_ftth","bairro":"TRAVESS\u00c3O"}},{"type":"Feature","geometry":{"type":"Point","coordinates":[-41.311746,-21.62057]},"properties":{"nome":"2 (858)","tipo":"caixa_ftth","bairro":"TRAVESS\u00c3O"}},{"type":"Feature","geometry":{"type":"Point","coordinates":[-41.312153,-21.620812]},"properties":{"nome":"3","tipo":"caixa_ftth","bairro":"TRAVESS\u00c3O"}},{"type":"Feature","geometry":{"type":"Point","coordinates":[-41.312431,-21.621374]},"properties":{"nome":"4 (6)","tipo":"caixa_ftth","bairro":"TRAVESS\u00c3O"}},{"type":"Feature","geometry":{"type":"Point","coordinates":[-41.313391,-21.620763]},"properties":{"nome":"5 (62)","tipo":"caixa_ftth","bairro":"TRAVESS\u00c3O"}},{"type":"Feature","geometry":{"type":"Point","coordinates":[-41.314135,-21.621006]},"properties":{"nome":"6 (31)","tipo":"caixa_ftth","bairro":"TRAVESS\u00c3O"}},{"type":"Feature","geometry":{"type":"Point","coordinates":[-41.311781,-21.619989]},"properties":{"nome":"7","tipo":"caixa_ftth","bairro":"TRAVESS\u00c3O"}},{"type":"Feature","geometry":{"type":"Point","coordinates":[-41.312598,-21.619915]},"properties":{"nome":"8 (41)","tipo":"caixa_ftth","bairro":"TRAVESS\u00c3O"}},{"type":"Feature","geometry":{"type":"Point","coordinates":[-41.31357,-21.619851]},"properties":{"nome":"9 (42)","tipo":"caixa_ftth","bairro":"TRAVESS\u00c3O"}},{"type":"Feature","geometry":{"type":"Point","coordinates":[-41.313473,-21.619352]},"properties":{"nome":"10 (86)","tipo":"caixa_ftth","bairro":"TRAVESS\u00c3O"}},{"type":"Feature","geometry":{"type":"Point","coordinates":[-41.311098,-21.617251]},"properties":{"nome":"1 (19)","tipo":"caixa_ftth","bairro":"TRAVESS\u00c3O"}},{"type":"Feature","geometry":{"type":"Point","coordinates":[-41.311815,-21.617172]},"properties":{"nome":"2 (722)","tipo":"caixa_ftth","bairro":"TRAVESS\u00c3O"}},{"type":"Feature","geometry":{"type":"Point","coordinates":[-41.311796,-21.618486]},"properties":{"nome":"3 (776)","tipo":"caixa_ftth","bairro":"TRAVESS\u00c3O"}},{"type":"Feature","geometry":{"type":"Point","coordinates":[-41.311574,-21.61807]},"properties":{"nome":"4 (717)","tipo":"caixa_ftth","bairro":"TRAVESS\u00c3O"}},{"type":"Feature","geometry":{"type":"Point","coordinates":[-41.312269,-21.618174]},"properties":{"nome":"5 (17)","tipo":"caixa_ftth","bairro":"TRAVESS\u00c3O"}},{"type":"Feature","geometry":{"type":"Point","coordinates":[-41.312063,-21.618981]},"properties":{"nome":"6 (19)","tipo":"caixa_ftth","bairro":"TRAVESS\u00c3O"}},{"type":"Feature","geometry":{"type":"Point","coordinates":[-41.311551,-21.619016]},"properties":{"nome":"7","tipo":"caixa_ftth","bairro":"TRAVESS\u00c3O"}},{"type":"Feature","geometry":{"type":"Point","coordinates":[-41.313044,-21.619018]},"properties":{"nome":"8 (48)","tipo":"caixa_ftth","bairro":"TRAVESS\u00c3O"}},{"type":"Feature","geometry":{"type":"Point","coordinates":[-41.313375,-21.618629]},"properties":{"nome":"9 (51)","tipo":"caixa_ftth","bairro":"TRAVESS\u00c3O"}},{"type":"Feature","geometry":{"type":"Point","coordinates":[-41.314256,-21.618987]},"properties":{"nome":"10 (89)","tipo":"caixa_ftth","bairro":"TRAVESS\u00c3O"}},{"type":"Feature","geometry":{"type":"Point","coordinates":[-41.314267,-21.618199]},"properties":{"nome":"1 (92)","tipo":"caixa_ftth","bairro":"TRAVESS\u00c3O"}},{"type":"Feature","geometry":{"type":"Point","coordinates":[-41.313082,-21.618191]},"properties":{"nome":"2 (51)","tipo":"caixa_ftth","bairro":"TRAVESS\u00c3O"}},{"type":"Feature","geometry":{"type":"Point","coordinates":[-41.313324,-21.617929]},"properties":{"nome":"3 (26)","tipo":"caixa_ftth","bairro":"TRAVESS\u00c3O"}},{"type":"Feature","geometry":{"type":"Point","coordinates":[-41.313291,-21.617587]},"properties":{"nome":"4 (13)","tipo":"caixa_ftth","bairro":"TRAVESS\u00c3O"}},{"type":"Feature","geometry":{"type":"Point","coordinates":[-41.313368,-21.617146]},"properties":{"nome":"5 (52)","tipo":"caixa_ftth","bairro":"TRAVESS\u00c3O"}},{"type":"Feature","geometry":{"type":"Point","coordinates":[-41.312571,-21.617212]},"properties":{"nome":"6 (7)","tipo":"caixa_ftth","bairro":"TRAVESS\u00c3O"}},{"type":"Feature","geometry":{"type":"Point","coordinates":[-41.312771,-21.616502]},"properties":{"nome":"7 (26)","tipo":"caixa_ftth","bairro":"TRAVESS\u00c3O"}},{"type":"Feature","geometry":{"type":"Point","coordinates":[-41.31395,-21.617074]},"properties":{"nome":"8 (76)","tipo":"caixa_ftth","bairro":"TRAVESS\u00c3O"}},{"type":"Feature","geometry":{"type":"Point","coordinates":[-41.314677,-21.616995]},"properties":{"nome":"9 (85)","tipo":"caixa_ftth","bairro":"TRAVESS\u00c3O"}},{"type":"Feature","geometry":{"type":"Point","coordinates":[-41.314275,-21.61776]},"properties":{"nome":"10 (28)","tipo":"caixa_ftth","bairro":"TRAVESS\u00c3O"}},{"type":"Feature","geometry":{"type":"Point","coordinates":[-41.3109,-21.616123]},"properties":{"nome":"1 (41)","tipo":"caixa_ftth","bairro":"TRAVESS\u00c3O"}},{"type":"Feature","geometry":{"type":"Point","coordinates":[-41.311612,-21.616037]},"properties":{"nome":"2 (643)","tipo":"caixa_ftth","bairro":"TRAVESS\u00c3O"}},{"type":"Feature","geometry":{"type":"Point","coordinates":[-41.311825,-21.615889]},"properties":{"nome":"3 (674)","tipo":"caixa_ftth","bairro":"TRAVESS\u00c3O"}},{"type":"Feature","geometry":{"type":"Point","coordinates":[-41.311846,-21.61468]},"properties":{"nome":"4 (622)","tipo":"caixa_ftth","bairro":"TRAVESS\u00c3O"}},{"type":"Feature","geometry":{"type":"Point","coordinates":[-41.311844,-21.613865]},"properties":{"nome":"5 (582)","tipo":"caixa_ftth","bairro":"TRAVESS\u00c3O"}},{"type":"Feature","geometry":{"type":"Point","coordinates":[-41.311941,-21.61242]},"properties":{"nome":"6 (538)","tipo":"caixa_ftth","bairro":"TRAVESS\u00c3O"}},{"type":"Feature","geometry":{"type":"Point","coordinates":[-41.311992,-21.611515]},"properties":{"nome":"7 (498)","tipo":"caixa_ftth","bairro":"TRAVESS\u00c3O"}},{"type":"Feature","geometry":{"type":"Point","coordinates":[-41.312083,-21.613455]},"properties":{"nome":"8","tipo":"caixa_ftth","bairro":"TRAVESS\u00c3O"}},{"type":"Feature","geometry":{"type":"Point","coordinates":[-41.312577,-21.613516]},"properties":{"nome":"9","tipo":"caixa_ftth","bairro":"TRAVESS\u00c3O"}},{"type":"Feature","geometry":{"type":"Point","coordinates":[-41.311618,-21.615198]},"properties":{"nome":"1 (623)","tipo":"caixa_ftth","bairro":"TRAVESS\u00c3O"}},{"type":"Feature","geometry":{"type":"Point","coordinates":[-41.311287,-21.614639]},"properties":{"nome":"2","tipo":"caixa_ftth","bairro":"TRAVESS\u00c3O"}},{"type":"Feature","geometry":{"type":"Point","coordinates":[-41.310652,-21.614657]},"properties":{"nome":"3","tipo":"caixa_ftth","bairro":"TRAVESS\u00c3O"}},{"type":"Feature","geometry":{"type":"Point","coordinates":[-41.310641,-21.615594]},"properties":{"nome":"4","tipo":"caixa_ftth","bairro":"TRAVESS\u00c3O"}},{"type":"Feature","geometry":{"type":"Point","coordinates":[-41.310426,-21.615464]},"properties":{"nome":"5","tipo":"caixa_ftth","bairro":"TRAVESS\u00c3O"}},{"type":"Feature","geometry":{"type":"Point","coordinates":[-41.31094,-21.614425]},"properties":{"nome":"6","tipo":"caixa_ftth","bairro":"TRAVESS\u00c3O"}},{"type":"Feature","geometry":{"type":"Point","coordinates":[-41.310215,-21.614785]},"properties":{"nome":"7","tipo":"caixa_ftth","bairro":"TRAVESS\u00c3O"}},{"type":"Feature","geometry":{"type":"Point","coordinates":[-41.310219,-21.615486]},"properties":{"nome":"8","tipo":"caixa_ftth","bairro":"TRAVESS\u00c3O"}},{"type":"Feature","geometry":{"type":"Point","coordinates":[-41.311236,-21.614031]},"properties":{"nome":"9 (2)","tipo":"caixa_ftth","bairro":"TRAVESS\u00c3O"}},{"type":"Feature","geometry":{"type":"Point","coordinates":[-41.310549,-21.614046]},"properties":{"nome":"10 (34)","tipo":"caixa_ftth","bairro":"TRAVESS\u00c3O"}},{"type":"Feature","geometry":{"type":"Point","coordinates":[-41.310039,-21.61619]},"properties":{"nome":"1 (52)","tipo":"caixa_ftth","bairro":"TRAVESS\u00c3O"}},{"type":"Feature","geometry":{"type":"Point","coordinates":[-41.310235,-21.616574]},"properties":{"nome":"2","tipo":"caixa_ftth","bairro":"TRAVESS\u00c3O"}},{"type":"Feature","geometry":{"type":"Point","coordinates":[-41.310299,-21.617456]},"properties":{"nome":"3 (44)","tipo":"caixa_ftth","bairro":"TRAVESS\u00c3O"}},{"type":"Feature","geometry":{"type":"Point","coordinates":[-41.310338,-21.618132]},"properties":{"nome":"4 (38)","tipo":"caixa_ftth","bairro":"TRAVESS\u00c3O"}},{"type":"Feature","geometry":{"type":"Point","coordinates":[-41.309497,-21.617089]},"properties":{"nome":"5","tipo":"caixa_ftth","bairro":"TRAVESS\u00c3O"}},{"type":"Feature","geometry":{"type":"Point","coordinates":[-41.30923,-21.61651]},"properties":{"nome":"6 (6)","tipo":"caixa_ftth","bairro":"TRAVESS\u00c3O"}},{"type":"Feature","geometry":{"type":"Point","coordinates":[-41.308319,-21.616837]},"properties":{"nome":"7 (17)","tipo":"caixa_ftth","bairro":"TRAVESS\u00c3O"}},{"type":"Feature","geometry":{"type":"Point","coordinates":[-41.309281,-21.617149]},"properties":{"nome":"8","tipo":"caixa_ftth","bairro":"TRAVESS\u00c3O"}},{"type":"Feature","geometry":{"type":"Point","coordinates":[-41.30829,-21.617279]},"properties":{"nome":"9 (21)","tipo":"caixa_ftth","bairro":"TRAVESS\u00c3O"}},{"type":"Feature","geometry":{"type":"Point","coordinates":[-41.30837,-21.617641]},"properties":{"nome":"10","tipo":"caixa_ftth","bairro":"TRAVESS\u00c3O"}},{"type":"Feature","geometry":{"type":"Point","coordinates":[-41.309229,-21.614776]},"properties":{"nome":"1","tipo":"caixa_ftth","bairro":"TRAVESS\u00c3O"}},{"type":"Feature","geometry":{"type":"Point","coordinates":[-41.308961,-21.615289]},"properties":{"nome":"2","tipo":"caixa_ftth","bairro":"TRAVESS\u00c3O"}},{"type":"Feature","geometry":{"type":"Point","coordinates":[-41.308499,-21.616284]},"properties":{"nome":"3","tipo":"caixa_ftth","bairro":"TRAVESS\u00c3O"}},{"type":"Feature","geometry":{"type":"Point","coordinates":[-41.308424,-21.615366]},"properties":{"nome":"4","tipo":"caixa_ftth","bairro":"TRAVESS\u00c3O"}},{"type":"Feature","geometry":{"type":"Point","coordinates":[-41.309511,-21.615283]},"properties":{"nome":"5","tipo":"caixa_ftth","bairro":"TRAVESS\u00c3O"}},{"type":"Feature","geometry":{"type":"Point","coordinates":[-41.310055,-21.614812]},"properties":{"nome":"6","tipo":"caixa_ftth","bairro":"TRAVESS\u00c3O"}},{"type":"Feature","geometry":{"type":"Point","coordinates":[-41.309488,-21.614274]},"properties":{"nome":"7 (32)","tipo":"caixa_ftth","bairro":"TRAVESS\u00c3O"}},{"type":"Feature","geometry":{"type":"Point","coordinates":[-41.308557,-21.613955]},"properties":{"nome":"8","tipo":"caixa_ftth","bairro":"TRAVESS\u00c3O"}},{"type":"Feature","geometry":{"type":"Point","coordinates":[-41.308257,-21.614312]},"properties":{"nome":"9 (836)","tipo":"caixa_ftth","bairro":"TRAVESS\u00c3O"}},{"type":"Feature","geometry":{"type":"Point","coordinates":[-41.309431,-21.613368]},"properties":{"nome":"10 (46)","tipo":"caixa_ftth","bairro":"TRAVESS\u00c3O"}},{"type":"Feature","geometry":{"type":"Point","coordinates":[-41.308492,-21.61355]},"properties":{"nome":"11","tipo":"caixa_ftth","bairro":"TRAVESS\u00c3O"}},{"type":"Feature","geometry":{"type":"Point","coordinates":[-41.313656,-21.615645]},"properties":{"nome":"1","tipo":"caixa_ftth","bairro":"TRAVESS\u00c3O"}},{"type":"Feature","geometry":{"type":"Point","coordinates":[-41.313327,-21.615945]},"properties":{"nome":"2","tipo":"caixa_ftth","bairro":"TRAVESS\u00c3O"}},{"type":"Feature","geometry":{"type":"Point","coordinates":[-41.312714,-21.616069]},"properties":{"nome":"3 (41)","tipo":"caixa_ftth","bairro":"TRAVESS\u00c3O"}},{"type":"Feature","geometry":{"type":"Point","coordinates":[-41.312669,-21.615098]},"properties":{"nome":"4 (93)","tipo":"caixa_ftth","bairro":"TRAVESS\u00c3O"}},{"type":"Feature","geometry":{"type":"Point","coordinates":[-41.31263,-21.614259]},"properties":{"nome":"5 (126)","tipo":"caixa_ftth","bairro":"TRAVESS\u00c3O"}},{"type":"Feature","geometry":{"type":"Point","coordinates":[-41.31285,-21.613918]},"properties":{"nome":"6 (43)","tipo":"caixa_ftth","bairro":"TRAVESS\u00c3O"}},{"type":"Feature","geometry":{"type":"Point","coordinates":[-41.313075,-21.614924]},"properties":{"nome":"7","tipo":"caixa_ftth","bairro":"TRAVESS\u00c3O"}},{"type":"Feature","geometry":{"type":"Point","coordinates":[-41.313811,-21.614267]},"properties":{"nome":"8 (90)","tipo":"caixa_ftth","bairro":"TRAVESS\u00c3O"}},{"type":"Feature","geometry":{"type":"Point","coordinates":[-41.313607,-21.613197]},"properties":{"nome":"9 (13)","tipo":"caixa_ftth","bairro":"TRAVESS\u00c3O"}},{"type":"Feature","geometry":{"type":"Point","coordinates":[-41.313183,-21.612434]},"properties":{"nome":"10 (34)","tipo":"caixa_ftth","bairro":"TRAVESS\u00c3O"}},{"type":"Feature","geometry":{"type":"Point","coordinates":[-41.315222,-21.615647]},"properties":{"nome":"1 (629)","tipo":"caixa_ftth","bairro":"TRAVESS\u00c3O"}},{"type":"Feature","geometry":{"type":"Point","coordinates":[-41.314827,-21.614657]},"properties":{"nome":"2 (123)","tipo":"caixa_ftth","bairro":"TRAVESS\u00c3O"}},{"type":"Feature","geometry":{"type":"Point","coordinates":[-41.314998,-21.613619]},"properties":{"nome":"3 (265)","tipo":"caixa_ftth","bairro":"TRAVESS\u00c3O"}},{"type":"Feature","geometry":{"type":"Point","coordinates":[-41.314267,-21.613646]},"properties":{"nome":"4 (20)","tipo":"caixa_ftth","bairro":"TRAVESS\u00c3O"}},{"type":"Feature","geometry":{"type":"Point","coordinates":[-41.314184,-21.612969]},"properties":{"nome":"5 (54)","tipo":"caixa_ftth","bairro":"TRAVESS\u00c3O"}},{"type":"Feature","geometry":{"type":"Point","coordinates":[-41.314819,-21.612631]},"properties":{"nome":"6 (219)","tipo":"caixa_ftth","bairro":"TRAVESS\u00c3O"}},{"type":"Feature","geometry":{"type":"Point","coordinates":[-41.314681,-21.611572]},"properties":{"nome":"7 (176)","tipo":"caixa_ftth","bairro":"TRAVESS\u00c3O"}},{"type":"Feature","geometry":{"type":"Point","coordinates":[-41.314625,-21.610997]},"properties":{"nome":"8 (152)","tipo":"caixa_ftth","bairro":"TRAVESS\u00c3O"}},{"type":"Feature","geometry":{"type":"Point","coordinates":[-41.314581,-21.610538]},"properties":{"nome":"9 (129)","tipo":"caixa_ftth","bairro":"TRAVESS\u00c3O"}},{"type":"Feature","geometry":{"type":"Point","coordinates":[-41.314498,-21.609151]},"properties":{"nome":"10","tipo":"caixa_ftth","bairro":"TRAVESS\u00c3O"}},{"type":"Feature","geometry":{"type":"Point","coordinates":[-41.316839,-21.613328]},"properties":{"nome":"1","tipo":"caixa_ftth","bairro":"TRAVESS\u00c3O"}},{"type":"Feature","geometry":{"type":"Point","coordinates":[-41.316907,-21.612652]},"properties":{"nome":"2 (6)","tipo":"caixa_ftth","bairro":"TRAVESS\u00c3O"}},{"type":"Feature","geometry":{"type":"Point","coordinates":[-41.318651,-21.612454]},"properties":{"nome":"3","tipo":"caixa_ftth","bairro":"TRAVESS\u00c3O"}},{"type":"Feature","geometry":{"type":"Point","coordinates":[-41.318277,-21.611975]},"properties":{"nome":"4","tipo":"caixa_ftth","bairro":"TRAVESS\u00c3O"}},{"type":"Feature","geometry":{"type":"Point","coordinates":[-41.319363,-21.611977]},"properties":{"nome":"5","tipo":"caixa_ftth","bairro":"TRAVESS\u00c3O"}},{"type":"Feature","geometry":{"type":"Point","coordinates":[-41.319228,-21.610431]},"properties":{"nome":"6","tipo":"caixa_ftth","bairro":"TRAVESS\u00c3O"}},{"type":"Feature","geometry":{"type":"Point","coordinates":[-41.316422,-21.612256]},"properties":{"nome":"7 (3)","tipo":"caixa_ftth","bairro":"TRAVESS\u00c3O"}},{"type":"Feature","geometry":{"type":"Point","coordinates":[-41.317353,-21.612187]},"properties":{"nome":"8","tipo":"caixa_ftth","bairro":"TRAVESS\u00c3O"}},{"type":"Feature","geometry":{"type":"Point","coordinates":[-41.316988,-21.611825]},"properties":{"nome":"9 (5)","tipo":"caixa_ftth","bairro":"TRAVESS\u00c3O"}},{"type":"Feature","geometry":{"type":"Point","coordinates":[-41.317019,-21.610812]},"properties":{"nome":"10","tipo":"caixa_ftth","bairro":"TRAVESS\u00c3O"}},{"type":"Feature","geometry":{"type":"Point","coordinates":[-41.315809,-21.611304]},"properties":{"nome":"11","tipo":"caixa_ftth","bairro":"TRAVESS\u00c3O"}},{"type":"Feature","geometry":{"type":"Point","coordinates":[-41.315531,-21.613223]},"properties":{"nome":"12","tipo":"caixa_ftth","bairro":"TRAVESS\u00c3O"}},{"type":"Feature","geometry":{"type":"Point","coordinates":[-41.315909,-21.614503]},"properties":{"nome":"40M","tipo":"caixa_ftth","bairro":"TRAVESS\u00c3O"}},{"type":"Feature","geometry":{"type":"Point","coordinates":[-41.318554,-21.621376]},"properties":{"nome":"1 (122)","tipo":"caixa_ftth","bairro":"TRAVESS\u00c3O"}},{"type":"Feature","geometry":{"type":"Point","coordinates":[-41.318404,-21.6202]},"properties":{"nome":"2","tipo":"caixa_ftth","bairro":"TRAVESS\u00c3O"}},{"type":"Feature","geometry":{"type":"Point","coordinates":[-41.318301,-21.619381]},"properties":{"nome":"3 (43)","tipo":"caixa_ftth","bairro":"TRAVESS\u00c3O"}},{"type":"Feature","geometry":{"type":"Point","coordinates":[-41.318333,-21.618465]},"properties":{"nome":"4 (116)","tipo":"caixa_ftth","bairro":"TRAVESS\u00c3O"}},{"type":"Feature","geometry":{"type":"Point","coordinates":[-41.317328,-21.618409]},"properties":{"nome":"5 (76)","tipo":"caixa_ftth","bairro":"TRAVESS\u00c3O"}},{"type":"Feature","geometry":{"type":"Point","coordinates":[-41.318055,-21.617838]},"properties":{"nome":"6","tipo":"caixa_ftth","bairro":"TRAVESS\u00c3O"}},{"type":"Feature","geometry":{"type":"Point","coordinates":[-41.317454,-21.617816]},"properties":{"nome":"7","tipo":"caixa_ftth","bairro":"TRAVESS\u00c3O"}},{"type":"Feature","geometry":{"type":"Point","coordinates":[-41.316452,-21.617756]},"properties":{"nome":"8 (35)","tipo":"caixa_ftth","bairro":"TRAVESS\u00c3O"}},{"type":"Feature","geometry":{"type":"Point","coordinates":[-41.315526,-21.617405]},"properties":{"nome":"9","tipo":"caixa_ftth","bairro":"TRAVESS\u00c3O"}},{"type":"Feature","geometry":{"type":"Point","coordinates":[-41.317582,-21.617206]},"properties":{"nome":"10","tipo":"caixa_ftth","bairro":"TRAVESS\u00c3O"}},{"type":"Feature","geometry":{"type":"Point","coordinates":[-41.316601,-21.617051]},"properties":{"nome":"11","tipo":"caixa_ftth","bairro":"TRAVESS\u00c3O"}},{"type":"Feature","geometry":{"type":"Point","coordinates":[-41.315744,-21.618336]},"properties":{"nome":"1 (13)","tipo":"caixa_ftth","bairro":"TRAVESS\u00c3O"}},{"type":"Feature","geometry":{"type":"Point","coordinates":[-41.316535,-21.618373]},"properties":{"nome":"2 (43)","tipo":"caixa_ftth","bairro":"TRAVESS\u00c3O"}},{"type":"Feature","geometry":{"type":"Point","coordinates":[-41.315365,-21.618513]},"properties":{"nome":"3 (798)","tipo":"caixa_ftth","bairro":"TRAVESS\u00c3O"}},{"type":"Feature","geometry":{"type":"Point","coordinates":[-41.316263,-21.618972]},"properties":{"nome":"4 (13)","tipo":"caixa_ftth","bairro":"TRAVESS\u00c3O"}},{"type":"Feature","geometry":{"type":"Point","coordinates":[-41.317342,-21.61901]},"properties":{"nome":"5 (37)","tipo":"caixa_ftth","bairro":"TRAVESS\u00c3O"}},{"type":"Feature","geometry":{"type":"Point","coordinates":[-41.315202,-21.619704]},"properties":{"nome":"6 (852)","tipo":"caixa_ftth","bairro":"TRAVESS\u00c3O"}},{"type":"Feature","geometry":{"type":"Point","coordinates":[-41.315043,-21.620773]},"properties":{"nome":"7","tipo":"caixa_ftth","bairro":"TRAVESS\u00c3O"}},{"type":"Feature","geometry":{"type":"Point","coordinates":[-41.315527,-21.621343]},"properties":{"nome":"8 (43)","tipo":"caixa_ftth","bairro":"TRAVESS\u00c3O"}},{"type":"Feature","geometry":{"type":"Point","coordinates":[-41.316704,-21.620789]},"properties":{"nome":"9","tipo":"caixa_ftth","bairro":"TRAVESS\u00c3O"}},{"type":"Feature","geometry":{"type":"Point","coordinates":[-41.316097,-21.62002]},"properties":{"nome":"10","tipo":"caixa_ftth","bairro":"TRAVESS\u00c3O"}},{"type":"Feature","geometry":{"type":"Point","coordinates":[-41.315493,-21.620625]},"properties":{"nome":"","tipo":"caixa_ftth","bairro":"TRAVESS\u00c3O"}},{"type":"Feature","geometry":{"type":"Point","coordinates":[-41.312446,-21.607645]},"properties":{"nome":"1 (313)","tipo":"caixa_ftth","bairro":"TRAVESS\u00c3O"}},{"type":"Feature","geometry":{"type":"Point","coordinates":[-41.312604,-21.608021]},"properties":{"nome":"2 (172)","tipo":"caixa_ftth","bairro":"TRAVESS\u00c3O"}},{"type":"Feature","geometry":{"type":"Point","coordinates":[-41.312404,-21.609177]},"properties":{"nome":"3 (388)","tipo":"caixa_ftth","bairro":"TRAVESS\u00c3O"}},{"type":"Feature","geometry":{"type":"Point","coordinates":[-41.312134,-21.610442]},"properties":{"nome":"4 (448)","tipo":"caixa_ftth","bairro":"TRAVESS\u00c3O"}},{"type":"Feature","geometry":{"type":"Point","coordinates":[-41.312953,-21.608152]},"properties":{"nome":"5 (10)","tipo":"caixa_ftth","bairro":"TRAVESS\u00c3O"}},{"type":"Feature","geometry":{"type":"Point","coordinates":[-41.313564,-21.607904]},"properties":{"nome":"6 (40)","tipo":"caixa_ftth","bairro":"TRAVESS\u00c3O"}},{"type":"Feature","geometry":{"type":"Point","coordinates":[-41.313978,-21.608813]},"properties":{"nome":"7","tipo":"caixa_ftth","bairro":"TRAVESS\u00c3O"}},{"type":"Feature","geometry":{"type":"Point","coordinates":[-41.314221,-21.60772]},"properties":{"nome":"8 (11)","tipo":"caixa_ftth","bairro":"TRAVESS\u00c3O"}},{"type":"Feature","geometry":{"type":"Point","coordinates":[-41.313561,-21.609228]},"properties":{"nome":"9 (23)","tipo":"caixa_ftth","bairro":"TRAVESS\u00c3O"}},{"type":"Feature","geometry":{"type":"Point","coordinates":[-41.313332,-21.609964]},"properties":{"nome":"10","tipo":"caixa_ftth","bairro":"TRAVESS\u00c3O"}},{"type":"Feature","geometry":{"type":"Point","coordinates":[-41.315813,-21.606637]},"properties":{"nome":"1 (102)","tipo":"caixa_ftth","bairro":"TRAVESS\u00c3O"}},{"type":"Feature","geometry":{"type":"Point","coordinates":[-41.315387,-21.606931]},"properties":{"nome":"2","tipo":"caixa_ftth","bairro":"TRAVESS\u00c3O"}},{"type":"Feature","geometry":{"type":"Point","coordinates":[-41.315059,-21.607661]},"properties":{"nome":"3 (11)","tipo":"caixa_ftth","bairro":"TRAVESS\u00c3O"}},{"type":"Feature","geometry":{"type":"Point","coordinates":[-41.31468,-21.608553]},"properties":{"nome":"4 (4)","tipo":"caixa_ftth","bairro":"TRAVESS\u00c3O"}},{"type":"Feature","geometry":{"type":"Point","coordinates":[-41.314081,-21.606898]},"properties":{"nome":"5 (23)","tipo":"caixa_ftth","bairro":"TRAVESS\u00c3O"}},{"type":"Feature","geometry":{"type":"Point","coordinates":[-41.313442,-21.606942]},"properties":{"nome":"6 (28)","tipo":"caixa_ftth","bairro":"TRAVESS\u00c3O"}},{"type":"Feature","geometry":{"type":"Point","coordinates":[-41.314675,-21.60721]},"properties":{"nome":"7 (13)","tipo":"caixa_ftth","bairro":"TRAVESS\u00c3O"}},{"type":"Feature","geometry":{"type":"Point","coordinates":[-41.314982,-21.607051]},"properties":{"nome":"8","tipo":"caixa_ftth","bairro":"TRAVESS\u00c3O"}},{"type":"Feature","geometry":{"type":"Point","coordinates":[-41.314509,-21.60817]},"properties":{"nome":"9 (62)","tipo":"caixa_ftth","bairro":"TRAVESS\u00c3O"}},{"type":"Feature","geometry":{"type":"Point","coordinates":[-41.314902,-21.605999]},"properties":{"nome":"10 (16)","tipo":"caixa_ftth","bairro":"TRAVESS\u00c3O"}},{"type":"Feature","geometry":{"type":"Point","coordinates":[-41.315839,-21.605899]},"properties":{"nome":"11 (50)","tipo":"caixa_ftth","bairro":"TRAVESS\u00c3O"}},{"type":"Feature","geometry":{"type":"Point","coordinates":[-41.314503,-21.605701]},"properties":{"nome":"1 (273)","tipo":"caixa_ftth","bairro":"TRAVESS\u00c3O"}},{"type":"Feature","geometry":{"type":"Point","coordinates":[-41.31524,-21.605302]},"properties":{"nome":"2 (29)","tipo":"caixa_ftth","bairro":"TRAVESS\u00c3O"}},{"type":"Feature","geometry":{"type":"Point","coordinates":[-41.315891,-21.605225]},"properties":{"nome":"3 (51)","tipo":"caixa_ftth","bairro":"TRAVESS\u00c3O"}},{"type":"Feature","geometry":{"type":"Point","coordinates":[-41.31436,-21.604875]},"properties":{"nome":"4 (232)","tipo":"caixa_ftth","bairro":"TRAVESS\u00c3O"}},{"type":"Feature","geometry":{"type":"Point","coordinates":[-41.31416,-21.603893]},"properties":{"nome":"5 (197)","tipo":"caixa_ftth","bairro":"TRAVESS\u00c3O"}},{"type":"Feature","geometry":{"type":"Point","coordinates":[-41.314097,-21.603586]},"properties":{"nome":"6 (184)","tipo":"caixa_ftth","bairro":"TRAVESS\u00c3O"}},{"type":"Feature","geometry":{"type":"Point","coordinates":[-41.314918,-21.604331]},"properties":{"nome":"7 (23)","tipo":"caixa_ftth","bairro":"TRAVESS\u00c3O"}},{"type":"Feature","geometry":{"type":"Point","coordinates":[-41.315342,-21.604287]},"properties":{"nome":"8 (40)","tipo":"caixa_ftth","bairro":"TRAVESS\u00c3O"}},{"type":"Feature","geometry":{"type":"Point","coordinates":[-41.316125,-21.604348]},"properties":{"nome":"9 (5)","tipo":"caixa_ftth","bairro":"TRAVESS\u00c3O"}},{"type":"Feature","geometry":{"type":"Point","coordinates":[-41.315698,-21.603862]},"properties":{"nome":"10 (25)","tipo":"caixa_ftth","bairro":"TRAVESS\u00c3O"}},{"type":"Feature","geometry":{"type":"Point","coordinates":[-41.319361,-21.606081]},"properties":{"nome":"1","tipo":"caixa_ftth","bairro":"TRAVESS\u00c3O"}},{"type":"Feature","geometry":{"type":"Point","coordinates":[-41.318168,-21.605918]},"properties":{"nome":"2 (13)","tipo":"caixa_ftth","bairro":"TRAVESS\u00c3O"}},{"type":"Feature","geometry":{"type":"Point","coordinates":[-41.318043,-21.605237]},"properties":{"nome":"3 (41)","tipo":"caixa_ftth","bairro":"TRAVESS\u00c3O"}},{"type":"Feature","geometry":{"type":"Point","coordinates":[-41.317833,-21.604048]},"properties":{"nome":"4 (81)","tipo":"caixa_ftth","bairro":"TRAVESS\u00c3O"}},{"type":"Feature","geometry":{"type":"Point","coordinates":[-41.316462,-21.605172]},"properties":{"nome":"5 (70)","tipo":"caixa_ftth","bairro":"TRAVESS\u00c3O"}},{"type":"Feature","geometry":{"type":"Point","coordinates":[-41.316735,-21.604325]},"properties":{"nome":"6 (9)","tipo":"caixa_ftth","bairro":"TRAVESS\u00c3O"}},{"type":"Feature","geometry":{"type":"Point","coordinates":[-41.317233,-21.604122]},"properties":{"nome":"7","tipo":"caixa_ftth","bairro":"TRAVESS\u00c3O"}},{"type":"Feature","geometry":{"type":"Point","coordinates":[-41.316496,-21.603514]},"properties":{"nome":"8 (1)","tipo":"caixa_ftth","bairro":"TRAVESS\u00c3O"}},{"type":"Feature","geometry":{"type":"Point","coordinates":[-41.316377,-21.602117]},"properties":{"nome":"9 (40)","tipo":"caixa_ftth","bairro":"TRAVESS\u00c3O"}},{"type":"Feature","geometry":{"type":"Point","coordinates":[-41.316352,-21.60111]},"properties":{"nome":"10 (161)","tipo":"caixa_ftth","bairro":"TRAVESS\u00c3O"}},{"type":"Feature","geometry":{"type":"Point","coordinates":[-41.317251,-21.601478]},"properties":{"nome":"11","tipo":"caixa_ftth","bairro":"TRAVESS\u00c3O"}},{"type":"Feature","geometry":{"type":"Point","coordinates":[-41.316477,-21.606507]},"properties":{"nome":"40M","tipo":"ponto","bairro":"TRAVESS\u00c3O"}},{"type":"Feature","geometry":{"type":"Point","coordinates":[-41.317086,-21.606417]},"properties":{"nome":"CEO MINI","tipo":"emenda","bairro":"TRAVESS\u00c3O"}},{"type":"Feature","geometry":{"type":"Point","coordinates":[-41.317959,-21.606288]},"properties":{"nome":"CEO MINI","tipo":"emenda","bairro":"TRAVESS\u00c3O"}},{"type":"Feature","geometry":{"type":"Point","coordinates":[-41.313885,-21.602312]},"properties":{"nome":"1","tipo":"caixa_ftth","bairro":"TRAVESS\u00c3O"}},{"type":"Feature","geometry":{"type":"Point","coordinates":[-41.314279,-21.601975]},"properties":{"nome":"2","tipo":"caixa_ftth","bairro":"TRAVESS\u00c3O"}},{"type":"Feature","geometry":{"type":"Point","coordinates":[-41.314453,-21.60256]},"properties":{"nome":"3 (46)","tipo":"caixa_ftth","bairro":"TRAVESS\u00c3O"}},{"type":"Feature","geometry":{"type":"Point","coordinates":[-41.312917,-21.601867]},"properties":{"nome":"4 (27)","tipo":"caixa_ftth","bairro":"TRAVESS\u00c3O"}},{"type":"Feature","geometry":{"type":"Point","coordinates":[-41.313713,-21.601185]},"properties":{"nome":"5","tipo":"caixa_ftth","bairro":"TRAVESS\u00c3O"}},{"type":"Feature","geometry":{"type":"Point","coordinates":[-41.312755,-21.600852]},"properties":{"nome":"6","tipo":"caixa_ftth","bairro":"TRAVESS\u00c3O"}},{"type":"Feature","geometry":{"type":"Point","coordinates":[-41.313604,-21.600584]},"properties":{"nome":"7 (55)","tipo":"caixa_ftth","bairro":"TRAVESS\u00c3O"}},{"type":"Feature","geometry":{"type":"Point","coordinates":[-41.312726,-21.600631]},"properties":{"nome":"8","tipo":"caixa_ftth","bairro":"TRAVESS\u00c3O"}},{"type":"Feature","geometry":{"type":"Point","coordinates":[-41.312913,-21.600479]},"properties":{"nome":"9","tipo":"caixa_ftth","bairro":"TRAVESS\u00c3O"}},{"type":"Feature","geometry":{"type":"Point","coordinates":[-41.314679,-21.600467]},"properties":{"nome":"10 (50)","tipo":"caixa_ftth","bairro":"TRAVESS\u00c3O"}},{"type":"Feature","geometry":{"type":"Point","coordinates":[-41.315366,-21.600388]},"properties":{"nome":"11 (59)","tipo":"caixa_ftth","bairro":"TRAVESS\u00c3O"}},{"type":"Feature","geometry":{"type":"Point","coordinates":[-41.313438,-21.599786]},"properties":{"nome":"1 (46)","tipo":"caixa_ftth","bairro":"TRAVESS\u00c3O"}},{"type":"Feature","geometry":{"type":"Point","coordinates":[-41.312813,-21.599977]},"properties":{"nome":"2 (27)","tipo":"caixa_ftth","bairro":"TRAVESS\u00c3O"}},{"type":"Feature","geometry":{"type":"Point","coordinates":[-41.313859,-21.600045]},"properties":{"nome":"3 (25)","tipo":"caixa_ftth","bairro":"TRAVESS\u00c3O"}},{"type":"Feature","geometry":{"type":"Point","coordinates":[-41.314947,-21.59992]},"properties":{"nome":"4 (27)","tipo":"caixa_ftth","bairro":"TRAVESS\u00c3O"}},{"type":"Feature","geometry":{"type":"Point","coordinates":[-41.315761,-21.599827]},"properties":{"nome":"5 (90)","tipo":"caixa_ftth","bairro":"TRAVESS\u00c3O"}},{"type":"Feature","geometry":{"type":"Point","coordinates":[-41.313968,-21.599537]},"properties":{"nome":"6 (20)","tipo":"caixa_ftth","bairro":"TRAVESS\u00c3O"}},{"type":"Feature","geometry":{"type":"Point","coordinates":[-41.314958,-21.599424]},"properties":{"nome":"7 (51)","tipo":"caixa_ftth","bairro":"TRAVESS\u00c3O"}},{"type":"Feature","geometry":{"type":"Point","coordinates":[-41.31582,-21.599332]},"properties":{"nome":"8 (79)","tipo":"caixa_ftth","bairro":"TRAVESS\u00c3O"}},{"type":"Feature","geometry":{"type":"Point","coordinates":[-41.313323,-21.599159]},"properties":{"nome":"9 (30)","tipo":"caixa_ftth","bairro":"TRAVESS\u00c3O"}},{"type":"Feature","geometry":{"type":"Point","coordinates":[-41.31238,-21.599444]},"properties":{"nome":"10 (19)","tipo":"caixa_ftth","bairro":"TRAVESS\u00c3O"}},{"type":"Feature","geometry":{"type":"Point","coordinates":[-41.312437,-21.599009]},"properties":{"nome":"11","tipo":"caixa_ftth","bairro":"TRAVESS\u00c3O"}},{"type":"Feature","geometry":{"type":"Point","coordinates":[-41.313946,-21.599003]},"properties":{"nome":"1 (34)","tipo":"caixa_ftth","bairro":"TRAVESS\u00c3O"}},{"type":"Feature","geometry":{"type":"Point","coordinates":[-41.314632,-21.598924]},"properties":{"nome":"2 (48)","tipo":"caixa_ftth","bairro":"TRAVESS\u00c3O"}},{"type":"Feature","geometry":{"type":"Point","coordinates":[-41.315329,-21.598843]},"properties":{"nome":"3 (86)","tipo":"caixa_ftth","bairro":"TRAVESS\u00c3O"}},{"type":"Feature","geometry":{"type":"Point","coordinates":[-41.316598,-21.597686]},"properties":{"nome":"4","tipo":"caixa_ftth","bairro":"TRAVESS\u00c3O"}},{"type":"Feature","geometry":{"type":"Point","coordinates":[-41.313185,-21.598459]},"properties":{"nome":"5 (9)","tipo":"caixa_ftth","bairro":"TRAVESS\u00c3O"}},{"type":"Feature","geometry":{"type":"Point","coordinates":[-41.313772,-21.598432]},"properties":{"nome":"6 (29)","tipo":"caixa_ftth","bairro":"TRAVESS\u00c3O"}},{"type":"Feature","geometry":{"type":"Point","coordinates":[-41.314747,-21.598306]},"properties":{"nome":"7 (11)","tipo":"caixa_ftth","bairro":"TRAVESS\u00c3O"}},{"type":"Feature","geometry":{"type":"Point","coordinates":[-41.314112,-21.597818]},"properties":{"nome":"8","tipo":"caixa_ftth","bairro":"TRAVESS\u00c3O"}},{"type":"Feature","geometry":{"type":"Point","coordinates":[-41.312415,-21.598645]},"properties":{"nome":"9 (10)","tipo":"caixa_ftth","bairro":"TRAVESS\u00c3O"}},{"type":"Feature","geometry":{"type":"Point","coordinates":[-41.31248,-21.598298]},"properties":{"nome":"10","tipo":"caixa_ftth","bairro":"TRAVESS\u00c3O"}},{"type":"Feature","geometry":{"type":"Point","coordinates":[-41.312454,-21.597973]},"properties":{"nome":"11","tipo":"caixa_ftth","bairro":"TRAVESS\u00c3O"}},{"type":"Feature","geometry":{"type":"Point","coordinates":[-41.313117,-21.598124]},"properties":{"nome":"CEO MINI","tipo":"emenda","bairro":"TRAVESS\u00c3O"}},{"type":"Feature","geometry":{"type":"Point","coordinates":[-41.313323,-21.605866]},"properties":{"nome":"1","tipo":"caixa_ftth","bairro":"TRAVESS\u00c3O"}},{"type":"Feature","geometry":{"type":"Point","coordinates":[-41.313074,-21.605638]},"properties":{"nome":"2 (268)","tipo":"caixa_ftth","bairro":"TRAVESS\u00c3O"}},{"type":"Feature","geometry":{"type":"Point","coordinates":[-41.313119,-21.605227]},"properties":{"nome":"3","tipo":"caixa_ftth","bairro":"TRAVESS\u00c3O"}},{"type":"Feature","geometry":{"type":"Point","coordinates":[-41.313037,-21.604642]},"properties":{"nome":"4 (272)","tipo":"caixa_ftth","bairro":"TRAVESS\u00c3O"}},{"type":"Feature","geometry":{"type":"Point","coordinates":[-41.312825,-21.604621]},"properties":{"nome":"5 (205)","tipo":"caixa_ftth","bairro":"TRAVESS\u00c3O"}},{"type":"Feature","geometry":{"type":"Point","coordinates":[-41.312672,-21.606621]},"properties":{"nome":"6 (289)","tipo":"caixa_ftth","bairro":"TRAVESS\u00c3O"}},{"type":"Feature","geometry":{"type":"Point","coordinates":[-41.312254,-21.605541]},"properties":{"nome":"7 (70)","tipo":"caixa_ftth","bairro":"TRAVESS\u00c3O"}},{"type":"Feature","geometry":{"type":"Point","coordinates":[-41.312199,-21.606741]},"properties":{"nome":"8 (15)","tipo":"caixa_ftth","bairro":"TRAVESS\u00c3O"}},{"type":"Feature","geometry":{"type":"Point","coordinates":[-41.312137,-21.604626]},"properties":{"nome":"9 (103)","tipo":"caixa_ftth","bairro":"TRAVESS\u00c3O"}},{"type":"Feature","geometry":{"type":"Point","coordinates":[-41.312032,-21.603874]},"properties":{"nome":"10 (131)","tipo":"caixa_ftth","bairro":"TRAVESS\u00c3O"}},{"type":"Feature","geometry":{"type":"Point","coordinates":[-41.312549,-21.603303]},"properties":{"nome":"11","tipo":"caixa_ftth","bairro":"TRAVESS\u00c3O"}},{"type":"Feature","geometry":{"type":"Point","coordinates":[-41.312265,-21.607209]},"properties":{"nome":"1 (503)","tipo":"caixa_ftth","bairro":"TRAVESS\u00c3O"}},{"type":"Feature","geometry":{"type":"Point","coordinates":[-41.311333,-21.607364]},"properties":{"nome":"2 (25)","tipo":"caixa_ftth","bairro":"TRAVESS\u00c3O"}},{"type":"Feature","geometry":{"type":"Point","coordinates":[-41.311749,-21.607631]},"properties":{"nome":"3 (16)","tipo":"caixa_ftth","bairro":"TRAVESS\u00c3O"}},{"type":"Feature","geometry":{"type":"Point","coordinates":[-41.31186,-21.60829]},"properties":{"nome":"4 (65)","tipo":"caixa_ftth","bairro":"TRAVESS\u00c3O"}},{"type":"Feature","geometry":{"type":"Point","coordinates":[-41.311367,-21.608276]},"properties":{"nome":"5 (18)","tipo":"caixa_ftth","bairro":"TRAVESS\u00c3O"}},{"type":"Feature","geometry":{"type":"Point","coordinates":[-41.310562,-21.608328]},"properties":{"nome":"6 (67)","tipo":"caixa_ftth","bairro":"TRAVESS\u00c3O"}},{"type":"Feature","geometry":{"type":"Point","coordinates":[-41.309227,-21.608545]},"properties":{"nome":"7 (17)","tipo":"caixa_ftth","bairro":"TRAVESS\u00c3O"}},{"type":"Feature","geometry":{"type":"Point","coordinates":[-41.308035,-21.608779]},"properties":{"nome":"8 (53)","tipo":"caixa_ftth","bairro":"TRAVESS\u00c3O"}},{"type":"Feature","geometry":{"type":"Point","coordinates":[-41.307546,-21.608868]},"properties":{"nome":"9 (50)","tipo":"caixa_ftth","bairro":"TRAVESS\u00c3O"}},{"type":"Feature","geometry":{"type":"Point","coordinates":[-41.30695,-21.608255]},"properties":{"nome":"10 (13)","tipo":"caixa_ftth","bairro":"TRAVESS\u00c3O"}},{"type":"Feature","geometry":{"type":"Point","coordinates":[-41.311555,-21.606419]},"properties":{"nome":"1","tipo":"caixa_ftth","bairro":"TRAVESS\u00c3O"}},{"type":"Feature","geometry":{"type":"Point","coordinates":[-41.311506,-21.605545]},"properties":{"nome":"2 (70)","tipo":"caixa_ftth","bairro":"TRAVESS\u00c3O"}},{"type":"Feature","geometry":{"type":"Point","coordinates":[-41.311441,-21.604242]},"properties":{"nome":"3 (69)","tipo":"caixa_ftth","bairro":"TRAVESS\u00c3O"}},{"type":"Feature","geometry":{"type":"Point","coordinates":[-41.311014,-21.605779]},"properties":{"nome":"4 (10)","tipo":"caixa_ftth","bairro":"TRAVESS\u00c3O"}},{"type":"Feature","geometry":{"type":"Point","coordinates":[-41.310872,-21.604192]},"properties":{"nome":"5","tipo":"caixa_ftth","bairro":"TRAVESS\u00c3O"}},{"type":"Feature","geometry":{"type":"Point","coordinates":[-41.311051,-21.603551]},"properties":{"nome":"6","tipo":"caixa_ftth","bairro":"TRAVESS\u00c3O"}},{"type":"Feature","geometry":{"type":"Point","coordinates":[-41.310389,-21.606667]},"properties":{"nome":"7 (33)","tipo":"caixa_ftth","bairro":"TRAVESS\u00c3O"}},{"type":"Feature","geometry":{"type":"Point","coordinates":[-41.310356,-21.605931]},"properties":{"nome":"8 (62)","tipo":"caixa_ftth","bairro":"TRAVESS\u00c3O"}},{"type":"Feature","geometry":{"type":"Point","coordinates":[-41.310284,-21.604293]},"properties":{"nome":"9","tipo":"caixa_ftth","bairro":"TRAVESS\u00c3O"}},{"type":"Feature","geometry":{"type":"Point","coordinates":[-41.310391,-21.607441]},"properties":{"nome":"10","tipo":"caixa_ftth","bairro":"TRAVESS\u00c3O"}},{"type":"Feature","geometry":{"type":"Point","coordinates":[-41.310489,-21.607567]},"properties":{"nome":"11 (69)","tipo":"caixa_ftth","bairro":"TRAVESS\u00c3O"}},{"type":"Feature","geometry":{"type":"Point","coordinates":[-41.309315,-21.607787]},"properties":{"nome":"1 (9)","tipo":"caixa_ftth","bairro":"TRAVESS\u00c3O"}},{"type":"Feature","geometry":{"type":"Point","coordinates":[-41.308709,-21.607878]},"properties":{"nome":"2 (1)","tipo":"caixa_ftth","bairro":"TRAVESS\u00c3O"}},{"type":"Feature","geometry":{"type":"Point","coordinates":[-41.309307,-21.607621]},"properties":{"nome":"3 (14)","tipo":"caixa_ftth","bairro":"TRAVESS\u00c3O"}},{"type":"Feature","geometry":{"type":"Point","coordinates":[-41.30951,-21.607167]},"properties":{"nome":"4 (18)","tipo":"caixa_ftth","bairro":"TRAVESS\u00c3O"}},{"type":"Feature","geometry":{"type":"Point","coordinates":[-41.309463,-21.606048]},"properties":{"nome":"5 (57)","tipo":"caixa_ftth","bairro":"TRAVESS\u00c3O"}},{"type":"Feature","geometry":{"type":"Point","coordinates":[-41.309422,-21.605333]},"properties":{"nome":"6 (79)","tipo":"caixa_ftth","bairro":"TRAVESS\u00c3O"}},{"type":"Feature","geometry":{"type":"Point","coordinates":[-41.309384,-21.604593]},"properties":{"nome":"7 (109)","tipo":"caixa_ftth","bairro":"TRAVESS\u00c3O"}},{"type":"Feature","geometry":{"type":"Point","coordinates":[-41.309349,-21.603858]},"properties":{"nome":"8 (137)","tipo":"caixa_ftth","bairro":"TRAVESS\u00c3O"}},{"type":"Feature","geometry":{"type":"Point","coordinates":[-41.309318,-21.603128]},"properties":{"nome":"9 (159)","tipo":"caixa_ftth","bairro":"TRAVESS\u00c3O"}},{"type":"Feature","geometry":{"type":"Point","coordinates":[-41.309287,-21.60239]},"properties":{"nome":"10 (184)","tipo":"caixa_ftth","bairro":"TRAVESS\u00c3O"}},{"type":"Feature","geometry":{"type":"Point","coordinates":[-41.308757,-21.606553]},"properties":{"nome":"1 (44)","tipo":"caixa_ftth","bairro":"TRAVESS\u00c3O"}},{"type":"Feature","geometry":{"type":"Point","coordinates":[-41.308693,-21.605835]},"properties":{"nome":"2 (71)","tipo":"caixa_ftth","bairro":"TRAVESS\u00c3O"}},{"type":"Feature","geometry":{"type":"Point","coordinates":[-41.308641,-21.605076]},"properties":{"nome":"3 (98)","tipo":"caixa_ftth","bairro":"TRAVESS\u00c3O"}},{"type":"Feature","geometry":{"type":"Point","coordinates":[-41.308576,-21.604297]},"properties":{"nome":"4 (125)","tipo":"caixa_ftth","bairro":"TRAVESS\u00c3O"}},{"type":"Feature","geometry":{"type":"Point","coordinates":[-41.308796,-21.603816]},"properties":{"nome":"5","tipo":"caixa_ftth","bairro":"TRAVESS\u00c3O"}},{"type":"Feature","geometry":{"type":"Point","coordinates":[-41.308521,-21.603059]},"properties":{"nome":"6 (172)","tipo":"caixa_ftth","bairro":"TRAVESS\u00c3O"}},{"type":"Feature","geometry":{"type":"Point","coordinates":[-41.308498,-21.602403]},"properties":{"nome":"7 (189)","tipo":"caixa_ftth","bairro":"TRAVESS\u00c3O"}},{"type":"Feature","geometry":{"type":"Point","coordinates":[-41.308463,-21.60148]},"properties":{"nome":"8 (230)","tipo":"caixa_ftth","bairro":"TRAVESS\u00c3O"}},{"type":"Feature","geometry":{"type":"Point","coordinates":[-41.309079,-21.601035]},"properties":{"nome":"9 (6)","tipo":"caixa_ftth","bairro":"TRAVESS\u00c3O"}},{"type":"Feature","geometry":{"type":"Point","coordinates":[-41.309257,-21.601673]},"properties":{"nome":"10 (214)","tipo":"caixa_ftth","bairro":"TRAVESS\u00c3O"}},{"type":"Feature","geometry":{"type":"Point","coordinates":[-41.311683,-21.611724]},"properties":{"nome":"1 (459)","tipo":"caixa_ftth","bairro":"TRAVESS\u00c3O"}},{"type":"Feature","geometry":{"type":"Point","coordinates":[-41.311615,-21.612453]},"properties":{"nome":"2 (483)","tipo":"caixa_ftth","bairro":"TRAVESS\u00c3O"}},{"type":"Feature","geometry":{"type":"Point","coordinates":[-41.311106,-21.612722]},"properties":{"nome":"3 (9)","tipo":"caixa_ftth","bairro":"TRAVESS\u00c3O"}},{"type":"Feature","geometry":{"type":"Point","coordinates":[-41.310101,-21.612738]},"properties":{"nome":"4 (30)","tipo":"caixa_ftth","bairro":"TRAVESS\u00c3O"}},{"type":"Feature","geometry":{"type":"Point","coordinates":[-41.309556,-21.61275]},"properties":{"nome":"5 (42)","tipo":"caixa_ftth","bairro":"TRAVESS\u00c3O"}},{"type":"Feature","geometry":{"type":"Point","coordinates":[-41.308929,-21.612977]},"properties":{"nome":"6","tipo":"caixa_ftth","bairro":"TRAVESS\u00c3O"}},{"type":"Feature","geometry":{"type":"Point","coordinates":[-41.308533,-21.612653]},"properties":{"nome":"7","tipo":"caixa_ftth","bairro":"TRAVESS\u00c3O"}},{"type":"Feature","geometry":{"type":"Point","coordinates":[-41.311287,-21.612099]},"properties":{"nome":"8","tipo":"caixa_ftth","bairro":"TRAVESS\u00c3O"}},{"type":"Feature","geometry":{"type":"Point","coordinates":[-41.310436,-21.611988]},"properties":{"nome":"9","tipo":"caixa_ftth","bairro":"TRAVESS\u00c3O"}},{"type":"Feature","geometry":{"type":"Point","coordinates":[-41.309519,-21.612151]},"properties":{"nome":"10 (18)","tipo":"caixa_ftth","bairro":"TRAVESS\u00c3O"}},{"type":"Feature","geometry":{"type":"Point","coordinates":[-41.310828,-21.611543]},"properties":{"nome":"1 (12)","tipo":"caixa_ftth","bairro":"TRAVESS\u00c3O"}},{"type":"Feature","geometry":{"type":"Point","coordinates":[-41.30996,-21.611564]},"properties":{"nome":"2 (80)","tipo":"caixa_ftth","bairro":"TRAVESS\u00c3O"}},{"type":"Feature","geometry":{"type":"Point","coordinates":[-41.308981,-21.611608]},"properties":{"nome":"3 (56)","tipo":"caixa_ftth","bairro":"TRAVESS\u00c3O"}},{"type":"Feature","geometry":{"type":"Point","coordinates":[-41.308097,-21.611636]},"properties":{"nome":"4 (42)","tipo":"caixa_ftth","bairro":"TRAVESS\u00c3O"}},{"type":"Feature","geometry":{"type":"Point","coordinates":[-41.30864,-21.610964]},"properties":{"nome":"5 (45)","tipo":"caixa_ftth","bairro":"TRAVESS\u00c3O"}},{"type":"Feature","geometry":{"type":"Point","coordinates":[-41.307681,-21.611144]},"properties":{"nome":"6 (11)","tipo":"caixa_ftth","bairro":"TRAVESS\u00c3O"}},{"type":"Feature","geometry":{"type":"Point","coordinates":[-41.30856,-21.610438]},"properties":{"nome":"7","tipo":"caixa_ftth","bairro":"TRAVESS\u00c3O"}},{"type":"Feature","geometry":{"type":"Point","coordinates":[-41.307521,-21.610621]},"properties":{"nome":"8 (17)","tipo":"caixa_ftth","bairro":"TRAVESS\u00c3O"}},{"type":"Feature","geometry":{"type":"Point","coordinates":[-41.310167,-21.610351]},"properties":{"nome":"9 (48)","tipo":"caixa_ftth","bairro":"TRAVESS\u00c3O"}},{"type":"Feature","geometry":{"type":"Point","coordinates":[-41.311059,-21.610351]},"properties":{"nome":"10","tipo":"caixa_ftth","bairro":"TRAVESS\u00c3O"}},{"type":"Feature","geometry":{"type":"Point","coordinates":[-41.310546,-21.610896]},"properties":{"nome":"11 (22)","tipo":"caixa_ftth","bairro":"TRAVESS\u00c3O"}},{"type":"Feature","geometry":{"type":"Point","coordinates":[-41.311888,-21.609855]},"properties":{"nome":"1","tipo":"caixa_ftth","bairro":"TRAVESS\u00c3O"}},{"type":"Feature","geometry":{"type":"Point","coordinates":[-41.310966,-21.609719]},"properties":{"nome":"2 (18)","tipo":"caixa_ftth","bairro":"TRAVESS\u00c3O"}},{"type":"Feature","geometry":{"type":"Point","coordinates":[-41.309547,-21.609721]},"properties":{"nome":"3 (47)","tipo":"caixa_ftth","bairro":"TRAVESS\u00c3O"}},{"type":"Feature","geometry":{"type":"Point","coordinates":[-41.308115,-21.609875]},"properties":{"nome":"4","tipo":"caixa_ftth","bairro":"TRAVESS\u00c3O"}},{"type":"Feature","geometry":{"type":"Point","coordinates":[-41.307441,-21.609992]},"properties":{"nome":"5 (21)","tipo":"caixa_ftth","bairro":"TRAVESS\u00c3O"}},{"type":"Feature","geometry":{"type":"Point","coordinates":[-41.312096,-21.608959]},"properties":{"nome":"6","tipo":"caixa_ftth","bairro":"TRAVESS\u00c3O"}},{"type":"Feature","geometry":{"type":"Point","coordinates":[-41.310586,-21.60901]},"properties":{"nome":"7 (66)","tipo":"caixa_ftth","bairro":"TRAVESS\u00c3O"}},{"type":"Feature","geometry":{"type":"Point","coordinates":[-41.309519,-21.609127]},"properties":{"nome":"8 (25)","tipo":"caixa_ftth","bairro":"TRAVESS\u00c3O"}},{"type":"Feature","geometry":{"type":"Point","coordinates":[-41.308259,-21.609236]},"properties":{"nome":"9 (56)","tipo":"caixa_ftth","bairro":"TRAVESS\u00c3O"}},{"type":"Feature","geometry":{"type":"Point","coordinates":[-41.307221,-21.609419]},"properties":{"nome":"10 (24)","tipo":"caixa_ftth","bairro":"TRAVESS\u00c3O"}},{"type":"Feature","geometry":{"type":"Point","coordinates":[-41.306786,-21.60901]},"properties":{"nome":"1 (15)","tipo":"caixa_ftth","bairro":"TRAVESS\u00c3O"}},{"type":"Feature","geometry":{"type":"Point","coordinates":[-41.30626,-21.609357]},"properties":{"nome":"\u200b2 (739)","tipo":"caixa_ftth","bairro":"TRAVESS\u00c3O"}},{"type":"Feature","geometry":{"type":"Point","coordinates":[-41.305742,-21.608264]},"properties":{"nome":"3","tipo":"caixa_ftth","bairro":"TRAVESS\u00c3O"}},{"type":"Feature","geometry":{"type":"Point","coordinates":[-41.306612,-21.608128]},"properties":{"nome":"4 (12)","tipo":"caixa_ftth","bairro":"TRAVESS\u00c3O"}},{"type":"Feature","geometry":{"type":"Point","coordinates":[-41.305548,-21.607765]},"properties":{"nome":"5","tipo":"caixa_ftth","bairro":"TRAVESS\u00c3O"}},{"type":"Feature","geometry":{"type":"Point","coordinates":[-41.303918,-21.608513]},"properties":{"nome":"6","tipo":"caixa_ftth","bairro":"TRAVESS\u00c3O"}},{"type":"Feature","geometry":{"type":"Point","coordinates":[-41.303338,-21.608093]},"properties":{"nome":"7","tipo":"caixa_ftth","bairro":"TRAVESS\u00c3O"}},{"type":"Feature","geometry":{"type":"Point","coordinates":[-41.303731,-21.607475]},"properties":{"nome":"8 (16)","tipo":"caixa_ftth","bairro":"TRAVESS\u00c3O"}},{"type":"Feature","geometry":{"type":"Point","coordinates":[-41.302094,-21.608802]},"properties":{"nome":"9","tipo":"caixa_ftth","bairro":"TRAVESS\u00c3O"}},{"type":"Feature","geometry":{"type":"Point","coordinates":[-41.295059,-21.609874]},"properties":{"nome":"10","tipo":"caixa_ftth","bairro":"TRAVESS\u00c3O"}},{"type":"Feature","geometry":{"type":"Point","coordinates":[-41.301439,-21.608317]},"properties":{"nome":"11","tipo":"caixa_ftth","bairro":"TRAVESS\u00c3O"}},{"type":"Feature","geometry":{"type":"Point","coordinates":[-41.298458,-21.609319]},"properties":{"nome":"40M","tipo":"ponto","bairro":"TRAVESS\u00c3O"}},{"type":"Feature","geometry":{"type":"Point","coordinates":[-41.288024,-21.610528]},"properties":{"nome":"1 (480)","tipo":"caixa_ftth","bairro":"TRAVESS\u00c3O"}},{"type":"Feature","geometry":{"type":"Point","coordinates":[-41.286215,-21.610849]},"properties":{"nome":"2","tipo":"caixa_ftth","bairro":"TRAVESS\u00c3O"}},{"type":"Feature","geometry":{"type":"Point","coordinates":[-41.284214,-21.611138]},"properties":{"nome":"3 (77)","tipo":"caixa_ftth","bairro":"TRAVESS\u00c3O"}},{"type":"Feature","geometry":{"type":"Point","coordinates":[-41.284094,-21.613244]},"properties":{"nome":"4","tipo":"caixa_ftth","bairro":"TRAVESS\u00c3O"}},{"type":"Feature","geometry":{"type":"Point","coordinates":[-41.284128,-21.614548]},"properties":{"nome":"5","tipo":"caixa_ftth","bairro":"TRAVESS\u00c3O"}},{"type":"Feature","geometry":{"type":"Point","coordinates":[-41.284196,-21.615976]},"properties":{"nome":"6 (119)","tipo":"caixa_ftth","bairro":"TRAVESS\u00c3O"}},{"type":"Feature","geometry":{"type":"Point","coordinates":[-41.282689,-21.611306]},"properties":{"nome":"7 (564)","tipo":"caixa_ftth","bairro":"TRAVESS\u00c3O"}},{"type":"Feature","geometry":{"type":"Point","coordinates":[-41.282892,-21.612256]},"properties":{"nome":"8","tipo":"caixa_ftth","bairro":"TRAVESS\u00c3O"}},{"type":"Feature","geometry":{"type":"Point","coordinates":[-41.28229,-21.611836]},"properties":{"nome":"9","tipo":"caixa_ftth","bairro":"TRAVESS\u00c3O"}},{"type":"Feature","geometry":{"type":"Point","coordinates":[-41.280373,-21.611607]},"properties":{"nome":"10","tipo":"caixa_ftth","bairro":"TRAVESS\u00c3O"}},{"type":"Feature","geometry":{"type":"Point","coordinates":[-41.280075,-21.613]},"properties":{"nome":"11 (17)","tipo":"caixa_ftth","bairro":"TRAVESS\u00c3O"}},{"type":"Feature","geometry":{"type":"Point","coordinates":[-41.291266,-21.610193]},"properties":{"nome":"CEO MINI","tipo":"emenda","bairro":"TRAVESS\u00c3O"}},{"type":"Feature","geometry":{"type":"Point","coordinates":[-41.289703,-21.609767]},"properties":{"nome":"40M","tipo":"ponto","bairro":"TRAVESS\u00c3O"}},{"type":"Feature","geometry":{"type":"Point","coordinates":[-41.272137,-21.612642]},"properties":{"nome":"1","tipo":"caixa_ftth","bairro":"TRAVESS\u00c3O"}},{"type":"Feature","geometry":{"type":"Point","coordinates":[-41.27238,-21.611136]},"properties":{"nome":"2 (28)","tipo":"caixa_ftth","bairro":"TRAVESS\u00c3O"}},{"type":"Feature","geometry":{"type":"Point","coordinates":[-41.271647,-21.609977]},"properties":{"nome":"3 (53)","tipo":"caixa_ftth","bairro":"TRAVESS\u00c3O"}},{"type":"Feature","geometry":{"type":"Point","coordinates":[-41.271615,-21.6137]},"properties":{"nome":"4","tipo":"caixa_ftth","bairro":"TRAVESS\u00c3O"}},{"type":"Feature","geometry":{"type":"Point","coordinates":[-41.270446,-21.613221]},"properties":{"nome":"5","tipo":"caixa_ftth","bairro":"TRAVESS\u00c3O"}},{"type":"Feature","geometry":{"type":"Point","coordinates":[-41.269357,-21.61438]},"properties":{"nome":"6","tipo":"caixa_ftth","bairro":"TRAVESS\u00c3O"}},{"type":"Feature","geometry":{"type":"Point","coordinates":[-41.267674,-21.616016]},"properties":{"nome":"7","tipo":"caixa_ftth","bairro":"TRAVESS\u00c3O"}},{"type":"Feature","geometry":{"type":"Point","coordinates":[-41.270364,-21.612654]},"properties":{"nome":"8","tipo":"caixa_ftth","bairro":"TRAVESS\u00c3O"}},{"type":"Feature","geometry":{"type":"Point","coordinates":[-41.269061,-21.61399]},"properties":{"nome":"9","tipo":"caixa_ftth","bairro":"TRAVESS\u00c3O"}},{"type":"Feature","geometry":{"type":"Point","coordinates":[-41.26938,-21.612925]},"properties":{"nome":"10 (6)","tipo":"caixa_ftth","bairro":"TRAVESS\u00c3O"}},{"type":"Feature","geometry":{"type":"Point","coordinates":[-41.2701,-21.612147]},"properties":{"nome":"11 (33)","tipo":"caixa_ftth","bairro":"TRAVESS\u00c3O"}},{"type":"Feature","geometry":{"type":"Point","coordinates":[-41.268923,-21.612279]},"properties":{"nome":"12","tipo":"caixa_ftth","bairro":"TRAVESS\u00c3O"}},{"type":"Feature","geometry":{"type":"Point","coordinates":[-41.274569,-21.612352]},"properties":{"nome":"CEO MINI","tipo":"emenda","bairro":"TRAVESS\u00c3O"}},{"type":"Feature","geometry":{"type":"Point","coordinates":[-41.272657,-21.612581]},"properties":{"nome":"CEO MINI","tipo":"emenda","bairro":"TRAVESS\u00c3O"}},{"type":"Feature","geometry":{"type":"Point","coordinates":[-41.277743,-21.611961]},"properties":{"nome":"40M","tipo":"ponto","bairro":"TRAVESS\u00c3O"}},{"type":"Feature","geometry":{"type":"LineString","coordinates":[[-41.222836,-21.612691],[-41.224072,-21.612828],[-41.224428,-21.612921],[-41.224583,-21.613053],[-41.224695,-21.613319],[-41.224453,-21.613397],[-41.22444,-21.613553],[-41.224488,-21.613932],[-41.224434,-21.614472],[-41.224335,-21.614585],[-41.223765,-21.614528]]},"properties":{"nome":"442M - 6F","tipo":"distribuicao","bairro":"TRAVESS\u00c3O"}},{"type":"Feature","geometry":{"type":"LineString","coordinates":[[-41.222844,-21.612674],[-41.223536,-21.612751],[-41.22358,-21.612706],[-41.223682,-21.611822],[-41.223761,-21.611258],[-41.223683,-21.611003]]},"properties":{"nome":"270M - 6F","tipo":"distribuicao","bairro":"TRAVESS\u00c3O"}},{"type":"Feature","geometry":{"type":"LineString","coordinates":[[-41.218487,-21.617639],[-41.218854,-21.617697],[-41.218919,-21.616765],[-41.219371,-21.613474],[-41.219611,-21.613668],[-41.219934,-21.61369],[-41.219935,-21.61367],[-41.219628,-21.61365],[-41.219376,-21.613445],[-41.219561,-21.612275],[-41.22117,-21.612472]]},"properties":{"nome":"943M - 6F","tipo":"distribuicao","bairro":"TRAVESS\u00c3O"}},{"type":"Feature","geometry":{"type":"LineString","coordinates":[[-41.22117,-21.612479],[-41.221256,-21.612406],[-41.221293,-21.612062],[-41.221482,-21.611657],[-41.221126,-21.611622]]},"properties":{"nome":"136M - 6F","tipo":"distribuicao","bairro":"TRAVESS\u00c3O"}},{"type":"Feature","geometry":{"type":"LineString","coordinates":[[-41.221182,-21.612464],[-41.222844,-21.612666]]},"properties":{"nome":"174M - 12F","tipo":"distribuicao","bairro":"TRAVESS\u00c3O"}},{"type":"Feature","geometry":{"type":"LineString","coordinates":[[-41.251344,-21.631417],[-41.251373,-21.63239],[-41.251383,-21.632983],[-41.250695,-21.633059]]},"properties":{"nome":"245M - 6F","tipo":"distribuicao","bairro":"TRAVESS\u00c3O"}},{"type":"Feature","geometry":{"type":"LineString","coordinates":[[-41.24638,-21.633239],[-41.246493,-21.633235],[-41.246525,-21.633132],[-41.246502,-21.632157]]},"properties":{"nome":"214M - 6F","tipo":"distribuicao","bairro":"TRAVESS\u00c3O"}},{"type":"Feature","geometry":{"type":"LineString","coordinates":[[-41.242866,-21.632268],[-41.24291,-21.632106],[-41.24285,-21.631372]]},"properties":{"nome":"100M - 6F","tipo":"distribuicao","bairro":"TRAVESS\u00c3O"}},{"type":"Feature","geometry":{"type":"LineString","coordinates":[[-41.25223,-21.632964],[-41.251379,-21.633013],[-41.250708,-21.633084],[-41.249476,-21.633211],[-41.249104,-21.633236],[-41.248375,-21.633251],[-41.247513,-21.63324],[-41.246363,-21.633264],[-41.245433,-21.633291],[-41.245165,-21.633221],[-41.243396,-21.632615],[-41.243066,-21.632509],[-41.242869,-21.632276],[-41.242171,-21.631499],[-41.242189,-21.631262],[-41.24141,-21.630797]]},"properties":{"nome":"1232M- 12F","tipo":"distribuicao","bairro":"TRAVESS\u00c3O"}},{"type":"Feature","geometry":{"type":"LineString","coordinates":[[-41.254787,-21.633678],[-41.254702,-21.63289],[-41.254955,-21.632865]]},"properties":{"nome":"114M - 6F","tipo":"distribuicao","bairro":"TRAVESS\u00c3O"}},{"type":"Feature","geometry":{"type":"LineString","coordinates":[[-41.252932,-21.632294],[-41.252307,-21.63231],[-41.25228,-21.632202]]},"properties":{"nome":"77M - 6F","tipo":"distribuicao","bairro":"TRAVESS\u00c3O"}},{"type":"Feature","geometry":{"type":"LineString","coordinates":[[-41.253009,-21.631664],[-41.252327,-21.631689],[-41.252269,-21.63158],[-41.252287,-21.632202]]},"properties":{"nome":"153M - 6F","tipo":"distribuicao","bairro":"TRAVESS\u00c3O"}},{"type":"Feature","geometry":{"type":"LineString","coordinates":[[-41.253203,-21.631044],[-41.252265,-21.631071],[-41.252243,-21.631006]]},"properties":{"nome":"105M - 6F","tipo":"distribuicao","bairro":"TRAVESS\u00c3O"}},{"type":"Feature","geometry":{"type":"LineString","coordinates":[[-41.252992,-21.630721],[-41.252281,-21.630751],[-41.252228,-21.630707],[-41.252239,-21.63102],[-41.252267,-21.632205]]},"properties":{"nome":"247M - 6F","tipo":"distribuicao","bairro":"TRAVESS\u00c3O"}},{"type":"Feature","geometry":{"type":"LineString","coordinates":[[-41.252267,-21.632203],[-41.252281,-21.632867],[-41.252228,-21.632965],[-41.253402,-21.632928],[-41.254963,-21.632843]]},"properties":{"nome":"369M - 12F","tipo":"distribuicao","bairro":"TRAVESS\u00c3O"}},{"type":"Feature","geometry":{"type":"LineString","coordinates":[[-41.290296,-21.64111],[-41.289947,-21.641136],[-41.290014,-21.642121],[-41.290064,-21.642419],[-41.290152,-21.643739],[-41.290307,-21.646095]]},"properties":{"nome":"587M - 6F","tipo":"distribuicao","bairro":"TRAVESS\u00c3O"}},{"type":"Feature","geometry":{"type":"LineString","coordinates":[[-41.285452,-21.640488],[-41.285234,-21.640483],[-41.285327,-21.640545],[-41.285278,-21.640838],[-41.285272,-21.641162],[-41.285532,-21.643736]]},"properties":{"nome":"390M - 6F","tipo":"distribuicao","bairro":"TRAVESS\u00c3O"}},{"type":"Feature","geometry":{"type":"LineString","coordinates":[[-41.276201,-21.643],[-41.276848,-21.642384],[-41.277588,-21.642136],[-41.27742,-21.641288],[-41.277296,-21.640188]]},"properties":{"nome":"395M - 6FO","tipo":"distribuicao","bairro":"TRAVESS\u00c3O"}},{"type":"Feature","geometry":{"type":"LineString","coordinates":[[-41.254954,-21.632876],[-41.255785,-21.632811],[-41.256885,-21.632899],[-41.258521,-21.632742],[-41.260679,-21.632612],[-41.261558,-21.632617],[-41.262818,-21.632579],[-41.264653,-21.632562],[-41.265436,-21.632504],[-41.268082,-21.632315],[-41.269032,-21.632205],[-41.270456,-21.632147],[-41.2715,-21.632061],[-41.272374,-21.632032],[-41.27355,-21.632081],[-41.274777,-21.631935],[-41.275236,-21.631983],[-41.275402,-21.63199],[-41.27544,-21.632287],[-41.275631,-21.634347],[-41.275665,-21.635076],[-41.275631,-21.63581],[-41.275759,-21.636564],[-41.27592,-21.637004],[-41.276073,-21.637725],[-41.276157,-21.638461],[-41.27631,-21.638753],[-41.276694,-21.639022],[-41.277066,-21.639291],[-41.277218,-21.639734],[-41.277288,-21.640183],[-41.277457,-21.640622],[-41.277783,-21.640962],[-41.278236,-21.641135],[-41.278744,-21.641151],[-41.279313,-21.641074],[-41.281657,-21.640743],[-41.283266,-21.640495],[-41.285195,-21.640464],[-41.285473,-21.640474],[-41.287939,-21.641215],[-41.288262,-21.641242],[-41.2887,-21.641238],[-41.290287,-21.641086]]},"properties":{"nome":"4500M - 12F","tipo":"distribuicao","bairro":"TRAVESS\u00c3O"}},{"type":"Feature","geometry":{"type":"LineString","coordinates":[[-41.297366,-21.639047],[-41.297123,-21.639357],[-41.296839,-21.639638],[-41.296902,-21.639725],[-41.296928,-21.640347],[-41.296988,-21.64192]]},"properties":{"nome":"340M - 6F","tipo":"distribuicao","bairro":"TRAVESS\u00c3O"}},{"type":"Feature","geometry":{"type":"LineString","coordinates":[[-41.290282,-21.641098],[-41.292253,-21.640882],[-41.293438,-21.64061],[-41.29491,-21.640152],[-41.296813,-21.639633],[-41.297102,-21.639323],[-41.297347,-21.639012],[-41.297846,-21.638418],[-41.297912,-21.638344],[-41.298074,-21.638284],[-41.298346,-21.638224],[-41.298819,-21.638151],[-41.298997,-21.638128],[-41.299824,-21.638127],[-41.300525,-21.638243],[-41.300946,-21.638344],[-41.301381,-21.638391],[-41.301746,-21.638337],[-41.303164,-21.637903],[-41.303459,-21.637836],[-41.304107,-21.637763],[-41.305086,-21.637439],[-41.305714,-21.637265],[-41.306024,-21.637229],[-41.308657,-21.637293],[-41.309234,-21.637405],[-41.309998,-21.637657],[-41.310211,-21.63776],[-41.310491,-21.637969],[-41.310692,-21.638159],[-41.310857,-21.638335],[-41.310996,-21.638538],[-41.311075,-21.638796],[-41.311125,-21.639107],[-41.311114,-21.639188],[-41.311176,-21.639516],[-41.31143,-21.639531]]},"properties":{"nome":"2443M - 12F","tipo":"distribuicao","bairro":"TRAVESS\u00c3O"}},{"type":"Feature","geometry":{"type":"LineString","coordinates":[[-41.307923,-21.633275],[-41.306691,-21.6333],[-41.305723,-21.633328],[-41.304684,-21.633366]]},"properties":{"nome":"335M - 6F","tipo":"distribuicao","bairro":"TRAVESS\u00c3O"}},{"type":"Feature","geometry":{"type":"LineString","coordinates":[[-41.307887,-21.632641],[-41.307153,-21.632653],[-41.306409,-21.632658],[-41.305408,-21.632671]]},"properties":{"nome":"257M - 6F","tipo":"distribuicao","bairro":"TRAVESS\u00c3O"}},{"type":"Feature","geometry":{"type":"LineString","coordinates":[[-41.307267,-21.628641],[-41.30794,-21.630668],[-41.308766,-21.633137]]},"properties":{"nome":"521M - 6F","tipo":"distribuicao","bairro":"TRAVESS\u00c3O"}},{"type":"Feature","geometry":{"type":"LineString","coordinates":[[-41.308762,-21.633127],[-41.309328,-21.634815]]},"properties":{"nome":"196M - 6F","tipo":"distribuicao","bairro":"TRAVESS\u00c3O"}},{"type":"Feature","geometry":{"type":"LineString","coordinates":[[-41.307953,-21.633289],[-41.30871,-21.633253],[-41.308847,-21.633434],[-41.308531,-21.632506],[-41.30853,-21.632627],[-41.30788,-21.632641]]},"properties":{"nome":"292M - 12F","tipo":"distribuicao","bairro":"TRAVESS\u00c3O"}},{"type":"Feature","geometry":{"type":"LineString","coordinates":[[-41.310643,-21.634701],[-41.310254,-21.634759],[-41.309448,-21.634848],[-41.309317,-21.634811],[-41.309492,-21.635379]]},"properties":{"nome":"204M - 6F","tipo":"distribuicao","bairro":"TRAVESS\u00c3O"}},{"type":"Feature","geometry":{"type":"LineString","coordinates":[[-41.3106,-21.635473],[-41.309687,-21.635589],[-41.309571,-21.63559],[-41.309506,-21.635382]]},"properties":{"nome":"131M - 6F","tipo":"distribuicao","bairro":"TRAVESS\u00c3O"}},{"type":"Feature","geometry":{"type":"LineString","coordinates":[[-41.310449,-21.636172],[-41.31,-21.636218],[-41.309837,-21.636369]]},"properties":{"nome":"71M - 6F","tipo":"distribuicao","bairro":"TRAVESS\u00c3O"}},{"type":"Feature","geometry":{"type":"LineString","coordinates":[[-41.311712,-21.638334],[-41.311418,-21.638331],[-41.311401,-21.638226],[-41.311404,-21.638986],[-41.311399,-21.63952]]},"properties":{"nome":"186M - 6F","tipo":"distribuicao","bairro":"TRAVESS\u00c3O"}},{"type":"Feature","geometry":{"type":"LineString","coordinates":[[-41.309492,-21.635385],[-41.309837,-21.636391],[-41.310201,-21.637364],[-41.310409,-21.637449],[-41.310676,-21.637454],[-41.310944,-21.637454],[-41.311382,-21.637331],[-41.311391,-21.637663],[-41.311386,-21.638309],[-41.311714,-21.638311]]},"properties":{"nome":"500M - 12F","tipo":"distribuicao","bairro":"TRAVESS\u00c3O"}},{"type":"Feature","geometry":{"type":"LineString","coordinates":[[-41.311433,-21.637669],[-41.311424,-21.637118],[-41.311447,-21.637076],[-41.311771,-21.637083],[-41.311764,-21.637067],[-41.311434,-21.637062],[-41.311416,-21.637092],[-41.311409,-21.636325]]},"properties":{"nome":"225M - 6F","tipo":"distribuicao","bairro":"TRAVESS\u00c3O"}},{"type":"Feature","geometry":{"type":"LineString","coordinates":[[-41.312041,-21.635747],[-41.31145,-21.635733],[-41.311423,-21.636325]]},"properties":{"nome":"127M - 6F","tipo":"distribuicao","bairro":"TRAVESS\u00c3O"}},{"type":"Feature","geometry":{"type":"LineString","coordinates":[[-41.312238,-21.632805],[-41.311522,-21.632776],[-41.311495,-21.632803],[-41.311528,-21.632053],[-41.312457,-21.632081]]},"properties":{"nome":"257M - 6F","tipo":"distribuicao","bairro":"TRAVESS\u00c3O"}},{"type":"Feature","geometry":{"type":"LineString","coordinates":[[-41.311509,-21.63218],[-41.311526,-21.631383],[-41.311564,-21.631421],[-41.312259,-21.631442]]},"properties":{"nome":"166M - 6F","tipo":"distribuicao","bairro":"TRAVESS\u00c3O"}},{"type":"Feature","geometry":{"type":"LineString","coordinates":[[-41.31141,-21.636327],[-41.311473,-21.634794],[-41.311485,-21.634121],[-41.311539,-21.634107],[-41.312214,-21.634141],[-41.312216,-21.634121],[-41.311534,-21.634085],[-41.311478,-21.634105],[-41.31149,-21.633456],[-41.312124,-21.633488],[-41.312114,-21.633463],[-41.311488,-21.633436],[-41.311506,-21.632816],[-41.311526,-21.632796],[-41.31224,-21.632826]]},"properties":{"nome":"751M - 12F","tipo":"distribuicao","bairro":"TRAVESS\u00c3O"}},{"type":"Feature","geometry":{"type":"LineString","coordinates":[[-41.312589,-21.630702],[-41.311528,-21.630674],[-41.311559,-21.629519]]},"properties":{"nome":"238M - 6F","tipo":"distribuicao","bairro":"TRAVESS\u00c3O"}},{"type":"Feature","geometry":{"type":"LineString","coordinates":[[-41.312232,-21.630001],[-41.31158,-21.629976],[-41.311558,-21.629991],[-41.311575,-21.629541]]},"properties":{"nome":"120M - 6F","tipo":"distribuicao","bairro":"TRAVESS\u00c3O"}},{"type":"Feature","geometry":{"type":"LineString","coordinates":[[-41.312294,-21.629323],[-41.311623,-21.629283],[-41.311593,-21.629305],[-41.311588,-21.629544]]},"properties":{"nome":"100M - 6F","tipo":"distribuicao","bairro":"TRAVESS\u00c3O"}},{"type":"Feature","geometry":{"type":"LineString","coordinates":[[-41.312569,-21.628644],[-41.311668,-21.628591],[-41.311592,-21.628606]]},"properties":{"nome":"101M - 6F","tipo":"distribuicao","bairro":"TRAVESS\u00c3O"}},{"type":"Feature","geometry":{"type":"LineString","coordinates":[[-41.312004,-21.627908],[-41.312639,-21.627953],[-41.312981,-21.627969]]},"properties":{"nome":"101M - 6F","tipo":"distribuicao","bairro":"TRAVESS\u00c3O"}},{"type":"Feature","geometry":{"type":"LineString","coordinates":[[-41.31201,-21.627895],[-41.311652,-21.627876],[-41.311623,-21.627899],[-41.311623,-21.627408]]},"properties":{"nome":"96M - 6F","tipo":"distribuicao","bairro":"TRAVESS\u00c3O"}},{"type":"Feature","geometry":{"type":"LineString","coordinates":[[-41.311573,-21.629541],[-41.311603,-21.628611],[-41.311621,-21.627914],[-41.311652,-21.627893],[-41.312009,-21.627914]]},"properties":{"nome":"221M - 12F","tipo":"distribuicao","bairro":"TRAVESS\u00c3O"}},{"type":"Feature","geometry":{"type":"LineString","coordinates":[[-41.313127,-21.627281],[-41.311964,-21.627208],[-41.31166,-21.627195],[-41.311623,-21.627214],[-41.311631,-21.626814]]},"properties":{"nome":"201M - 6F","tipo":"distribuicao","bairro":"TRAVESS\u00c3O"}},{"type":"Feature","geometry":{"type":"LineString","coordinates":[[-41.31293,-21.626573],[-41.312041,-21.626527],[-41.311673,-21.626505],[-41.311636,-21.626521],[-41.311632,-21.62681]]},"properties":{"nome":"167M - 6F","tipo":"distribuicao","bairro":"TRAVESS\u00c3O"}},{"type":"Feature","geometry":{"type":"LineString","coordinates":[[-41.310643,-21.628333],[-41.310656,-21.627077]]},"properties":{"nome":"139M - 6F","tipo":"distribuicao","bairro":"TRAVESS\u00c3O"}},{"type":"Feature","geometry":{"type":"LineString","coordinates":[[-41.310642,-21.628322],[-41.31048,-21.628408],[-41.310163,-21.627891],[-41.309746,-21.627195]]},"properties":{"nome":"174M - 6F","tipo":"distribuicao","bairro":"TRAVESS\u00c3O"}},{"type":"Feature","geometry":{"type":"LineString","coordinates":[[-41.311619,-21.62682],[-41.311609,-21.627408]]},"properties":{"nome":"65M - 6F","tipo":"distribuicao","bairro":"TRAVESS\u00c3O"}},{"type":"Feature","geometry":{"type":"LineString","coordinates":[[-41.311606,-21.626808],[-41.311304,-21.626739],[-41.311292,-21.627965],[-41.311292,-21.628624],[-41.310645,-21.628622],[-41.310644,-21.62833]]},"properties":{"nome":"340M - 12F","tipo":"distribuicao","bairro":"TRAVESS\u00c3O"}},{"type":"Feature","geometry":{"type":"LineString","coordinates":[[-41.310937,-21.623165],[-41.311029,-21.622536],[-41.311148,-21.622449],[-41.311518,-21.622532],[-41.311403,-21.622771],[-41.311383,-21.623445],[-41.31136,-21.624964]]},"properties":{"nome":"397M - 6F","tipo":"distribuicao","bairro":"TRAVESS\u00c3O"}},{"type":"Feature","geometry":{"type":"LineString","coordinates":[[-41.310707,-21.62391],[-41.310599,-21.624136],[-41.310487,-21.624356],[-41.309941,-21.62522],[-41.309472,-21.625951]]},"properties":{"nome":"260M - 6F","tipo":"distribuicao","bairro":"TRAVESS\u00c3O"}},{"type":"Feature","geometry":{"type":"LineString","coordinates":[[-41.310725,-21.623918],[-41.310618,-21.624164],[-41.310639,-21.624648],[-41.3107,-21.624934],[-41.310691,-21.625741]]},"properties":{"nome":"205M - 6F","tipo":"distribuicao","bairro":"TRAVESS\u00c3O"}},{"type":"Feature","geometry":{"type":"LineString","coordinates":[[-41.309958,-21.625226],[-41.309842,-21.625401],[-41.309915,-21.625551],[-41.309904,-21.626098]]},"properties":{"nome":"102M - 6F","tipo":"distribuicao","bairro":"TRAVESS\u00c3O"}},{"type":"Feature","geometry":{"type":"LineString","coordinates":[[-41.311398,-21.62345],[-41.311415,-21.622781],[-41.311536,-21.622532],[-41.311735,-21.622501]]},"properties":{"nome":"125M - 6F","tipo":"distribuicao","bairro":"TRAVESS\u00c3O"}},{"type":"Feature","geometry":{"type":"LineString","coordinates":[[-41.310712,-21.623915],[-41.310859,-21.623574],[-41.310903,-21.623387],[-41.310938,-21.623159]]},"properties":{"nome":"88M - 12F","tipo":"distribuicao","bairro":"TRAVESS\u00c3O"}},{"type":"Feature","geometry":{"type":"LineString","coordinates":[[-41.313262,-21.625825],[-41.312307,-21.625775],[-41.311667,-21.625746],[-41.311648,-21.625703],[-41.31168,-21.62461]]},"properties":{"nome":"292M - 6F","tipo":"distribuicao","bairro":"TRAVESS\u00c3O"}},{"type":"Feature","geometry":{"type":"LineString","coordinates":[[-41.313019,-21.625307],[-41.313061,-21.624979],[-41.313102,-21.624937],[-41.312821,-21.624904],[-41.311689,-21.624777],[-41.311695,-21.624611]]},"properties":{"nome":"209M - 6F","tipo":"distribuicao","bairro":"TRAVESS\u00c3O"}},{"type":"Feature","geometry":{"type":"LineString","coordinates":[[-41.312822,-21.624915],[-41.312428,-21.62487],[-41.312398,-21.624904],[-41.312346,-21.625301]]},"properties":{"nome":"90M - 6F","tipo":"distribuicao","bairro":"TRAVESS\u00c3O"}},{"type":"Feature","geometry":{"type":"LineString","coordinates":[[-41.313154,-21.624462],[-41.312072,-21.624338],[-41.311741,-21.624295],[-41.311716,-21.624322],[-41.311699,-21.62461]]},"properties":{"nome":"183M - 6F","tipo":"distribuicao","bairro":"TRAVESS\u00c3O"}},{"type":"Feature","geometry":{"type":"LineString","coordinates":[[-41.311685,-21.62461],[-41.311711,-21.62386],[-41.311751,-21.623819],[-41.312363,-21.623895]]},"properties":{"nome":"153M - 6F","tipo":"distribuicao","bairro":"TRAVESS\u00c3O"}},{"type":"Feature","geometry":{"type":"LineString","coordinates":[[-41.313151,-21.623971],[-41.312358,-21.623877],[-41.311741,-21.623805],[-41.311703,-21.623846],[-41.311709,-21.623297],[-41.311745,-21.623275],[-41.312294,-21.623333]]},"properties":{"nome":"276M - 6F","tipo":"distribuicao","bairro":"TRAVESS\u00c3O"}},{"type":"Feature","geometry":{"type":"LineString","coordinates":[[-41.312284,-21.623333],[-41.312999,-21.623418]]},"properties":{"nome":"75M - 6F","tipo":"distribuicao","bairro":"TRAVESS\u00c3O"}},{"type":"Feature","geometry":{"type":"LineString","coordinates":[[-41.312061,-21.622794],[-41.313105,-21.622919]]},"properties":{"nome":"109M - 6F","tipo":"distribuicao","bairro":"TRAVESS\u00c3O"}},{"type":"Feature","geometry":{"type":"LineString","coordinates":[[-41.312054,-21.622782],[-41.31175,-21.622748],[-41.311711,-21.622763],[-41.311726,-21.622118],[-41.311745,-21.622116],[-41.311738,-21.622292],[-41.311773,-21.622256],[-41.312281,-21.622315],[-41.313089,-21.622415]]},"properties":{"nome":"272M - 6F","tipo":"distribuicao","bairro":"TRAVESS\u00c3O"}},{"type":"Feature","geometry":{"type":"LineString","coordinates":[[-41.311737,-21.622504],[-41.311725,-21.622743],[-41.311754,-21.622731],[-41.31206,-21.622763]]},"properties":{"nome":"62M - 6F","tipo":"distribuicao","bairro":"TRAVESS\u00c3O"}},{"type":"Feature","geometry":{"type":"LineString","coordinates":[[-41.312286,-21.623316],[-41.311743,-21.62326],[-41.311698,-21.623287],[-41.311715,-21.622773],[-41.311748,-21.622761],[-41.312056,-21.622794]]},"properties":{"nome":"155M - 12F","tipo":"distribuicao","bairro":"TRAVESS\u00c3O"}},{"type":"Feature","geometry":{"type":"LineString","coordinates":[[-41.314131,-21.621015],[-41.313565,-21.621019],[-41.313583,-21.620792],[-41.313394,-21.620756],[-41.312129,-21.620815]]},"properties":{"nome":"235M - 6F","tipo":"distribuicao","bairro":"TRAVESS\u00c3O"}},{"type":"Feature","geometry":{"type":"LineString","coordinates":[[-41.312429,-21.621376],[-41.312384,-21.620813],[-41.312148,-21.620824]]},"properties":{"nome":"87M - 6F","tipo":"distribuicao","bairro":"TRAVESS\u00c3O"}},{"type":"Feature","geometry":{"type":"LineString","coordinates":[[-41.313474,-21.619348],[-41.313521,-21.619777],[-41.313569,-21.619858],[-41.312597,-21.619917],[-41.311831,-21.61994],[-41.311793,-21.620007]]},"properties":{"nome":"247M - 6F","tipo":"distribuicao","bairro":"TRAVESS\u00c3O"}},{"type":"Feature","geometry":{"type":"LineString","coordinates":[[-41.311502,-21.620599],[-41.311756,-21.620564]]},"properties":{"nome":"27M - 6F","tipo":"distribuicao","bairro":"TRAVESS\u00c3O"}},{"type":"Feature","geometry":{"type":"LineString","coordinates":[[-41.311783,-21.619989],[-41.311796,-21.6192]]},"properties":{"nome":"88M - 6F","tipo":"distribuicao","bairro":"TRAVESS\u00c3O"}},{"type":"Feature","geometry":{"type":"LineString","coordinates":[[-41.311794,-21.619996],[-41.311773,-21.620574],[-41.311769,-21.620793],[-41.311816,-21.62083],[-41.312154,-21.620814]]},"properties":{"nome":"130M - 12F","tipo":"distribuicao","bairro":"TRAVESS\u00c3O"}},{"type":"Feature","geometry":{"type":"LineString","coordinates":[[-41.314252,-21.61899],[-41.31332,-21.61902],[-41.313033,-21.61902]]},"properties":{"nome":"126M - 6F","tipo":"distribuicao","bairro":"TRAVESS\u00c3O"}},{"type":"Feature","geometry":{"type":"LineString","coordinates":[[-41.313331,-21.617935],[-41.313347,-21.618177],[-41.313373,-21.618632],[-41.313409,-21.619],[-41.313044,-21.619007]]},"properties":{"nome":"156M - 6F","tipo":"distribuicao","bairro":"TRAVESS\u00c3O"}},{"type":"Feature","geometry":{"type":"LineString","coordinates":[[-41.312063,-21.618991],[-41.311806,-21.618974],[-41.311747,-21.618923],[-41.311573,-21.618988]]},"properties":{"nome":"55M - 6F","tipo":"distribuicao","bairro":"TRAVESS\u00c3O"}},{"type":"Feature","geometry":{"type":"LineString","coordinates":[[-41.311758,-21.619204],[-41.311763,-21.618952],[-41.311802,-21.618986],[-41.312063,-21.619001]]},"properties":{"nome":"61M - 6F","tipo":"distribuicao","bairro":"TRAVESS\u00c3O"}},{"type":"Feature","geometry":{"type":"LineString","coordinates":[[-41.311573,-21.618069],[-41.311793,-21.618103],[-41.311788,-21.618486]]},"properties":{"nome":"66M - 6F","tipo":"distribuicao","bairro":"TRAVESS\u00c3O"}},{"type":"Feature","geometry":{"type":"LineString","coordinates":[[-41.311101,-21.61726],[-41.311569,-21.617288],[-41.311831,-21.617164],[-41.311797,-21.618491]]},"properties":{"nome":"226M - 6F","tipo":"distribuicao","bairro":"TRAVESS\u00c3O"}},{"type":"Feature","geometry":{"type":"LineString","coordinates":[[-41.312259,-21.618172],[-41.31195,-21.618221],[-41.311842,-21.618221],[-41.31182,-21.618239],[-41.311811,-21.618491]]},"properties":{"nome":"75M - 6F","tipo":"distribuicao","bairro":"TRAVESS\u00c3O"}},{"type":"Feature","geometry":{"type":"LineString","coordinates":[[-41.313043,-21.619019],[-41.312769,-21.619019],[-41.312062,-21.618978],[-41.311811,-21.618956],[-41.311775,-21.618918],[-41.311791,-21.618479]]},"properties":{"nome":"182M - 12F","tipo":"distribuicao","bairro":"TRAVESS\u00c3O"}},{"type":"Feature","geometry":{"type":"LineString","coordinates":[[-41.314267,-21.617761],[-41.314908,-21.617704],[-41.314936,-21.617743],[-41.315025,-21.617042],[-41.315042,-21.61694],[-41.315009,-21.61696],[-41.314665,-21.616995],[-41.313943,-21.617078],[-41.313369,-21.617149]]},"properties":{"nome":"337M - 6F","tipo":"distribuicao","bairro":"TRAVESS\u00c3O"}},{"type":"Feature","geometry":{"type":"LineString","coordinates":[[-41.312768,-21.616494],[-41.312841,-21.617157],[-41.312804,-21.617191],[-41.312568,-21.617206],[-41.312569,-21.61722],[-41.312805,-21.617202],[-41.313373,-21.617146]]},"properties":{"nome":"189M - 6F","tipo":"distribuicao","bairro":"TRAVESS\u00c3O"}},{"type":"Feature","geometry":{"type":"LineString","coordinates":[[-41.314271,-21.618194],[-41.313074,-21.618193],[-41.313075,-21.618176],[-41.313329,-21.618178],[-41.313313,-21.617922]]},"properties":{"nome":"181M - 6F","tipo":"distribuicao","bairro":"TRAVESS\u00c3O"}},{"type":"Feature","geometry":{"type":"LineString","coordinates":[[-41.313323,-21.617929],[-41.31329,-21.617584],[-41.313254,-21.617169],[-41.313366,-21.617157]]},"properties":{"nome":"96M - 12F","tipo":"distribuicao","bairro":"TRAVESS\u00c3O"}},{"type":"Feature","geometry":{"type":"LineString","coordinates":[[-41.311966,-21.612417],[-41.311922,-21.613208],[-41.312089,-21.613457],[-41.312276,-21.613664],[-41.312451,-21.613799],[-41.312545,-21.613832],[-41.312578,-21.613515]]},"properties":{"nome":"219M - 6F","tipo":"distribuicao","bairro":"TRAVESS\u00c3O"}},{"type":"Feature","geometry":{"type":"LineString","coordinates":[[-41.312008,-21.611511],[-41.311965,-21.612416]]},"properties":{"nome":"100M - 6F","tipo":"distribuicao","bairro":"TRAVESS\u00c3O"}},{"type":"Feature","geometry":{"type":"LineString","coordinates":[[-41.310038,-21.616182],[-41.310902,-21.616116],[-41.31147,-21.616093],[-41.311623,-21.61616],[-41.311624,-21.616033]]},"properties":{"nome":"180M - 6F","tipo":"distribuicao","bairro":"TRAVESS\u00c3O"}},{"type":"Feature","geometry":{"type":"LineString","coordinates":[[-41.311609,-21.616031],[-41.311848,-21.616056],[-41.311847,-21.615891],[-41.311847,-21.614685],[-41.311853,-21.61386],[-41.311863,-21.613486],[-41.311917,-21.612415],[-41.311944,-21.612419],[-41.311915,-21.612956]]},"properties":{"nome":"434M - 12F","tipo":"distribuicao","bairro":"TRAVESS\u00c3O"}},{"type":"Feature","geometry":{"type":"LineString","coordinates":[[-41.310645,-21.615598],[-41.310641,-21.614658],[-41.311293,-21.614637]]},"properties":{"nome":"172M - 6F","tipo":"distribuicao","bairro":"TRAVESS\u00c3O"}},{"type":"Feature","geometry":{"type":"LineString","coordinates":[[-41.310424,-21.61546],[-41.310438,-21.614665],[-41.310653,-21.614657]]},"properties":{"nome":"110M - 6F","tipo":"distribuicao","bairro":"TRAVESS\u00c3O"}},{"type":"Feature","geometry":{"type":"LineString","coordinates":[[-41.310217,-21.615488],[-41.310217,-21.614784],[-41.310247,-21.614449],[-41.310935,-21.614423]]},"properties":{"nome":"187M - 6F","tipo":"distribuicao","bairro":"TRAVESS\u00c3O"}},{"type":"Feature","geometry":{"type":"LineString","coordinates":[[-41.310544,-21.614055],[-41.311252,-21.614043],[-41.311581,-21.614032],[-41.311631,-21.614075],[-41.311636,-21.614452],[-41.311575,-21.614396],[-41.310932,-21.614411]]},"properties":{"nome":"232M - 6F","tipo":"distribuicao","bairro":"TRAVESS\u00c3O"}},{"type":"Feature","geometry":{"type":"LineString","coordinates":[[-41.311286,-21.614652],[-41.311582,-21.61465],[-41.311628,-21.614697],[-41.311617,-21.615199],[-41.311611,-21.616047]]},"properties":{"nome":"187M - 6F","tipo":"distribuicao","bairro":"TRAVESS\u00c3O"}},{"type":"Feature","geometry":{"type":"LineString","coordinates":[[-41.311291,-21.614639],[-41.311583,-21.614637],[-41.311631,-21.614686],[-41.311631,-21.614461],[-41.311571,-21.614409],[-41.310943,-21.614424]]},"properties":{"nome":"136M - 12F","tipo":"distribuicao","bairro":"TRAVESS\u00c3O"}},{"type":"Feature","geometry":{"type":"LineString","coordinates":[[-41.310333,-21.61813],[-41.3103,-21.617447],[-41.310225,-21.616571],[-41.310214,-21.616244],[-41.31024,-21.616181],[-41.31004,-21.616203]]},"properties":{"nome":"238M - 6F","tipo":"distribuicao","bairro":"TRAVESS\u00c3O"}},{"type":"Feature","geometry":{"type":"LineString","coordinates":[[-41.309508,-21.617089],[-41.309444,-21.616369],[-41.309345,-21.616234],[-41.310041,-21.616189]]},"properties":{"nome":"170M - 6F","tipo":"distribuicao","bairro":"TRAVESS\u00c3O"}},{"type":"Feature","geometry":{"type":"LineString","coordinates":[[-41.308319,-21.616834],[-41.308996,-21.616787],[-41.309235,-21.616729],[-41.309221,-21.616514]]},"properties":{"nome":"120M - 6F","tipo":"distribuicao","bairro":"TRAVESS\u00c3O"}},{"type":"Feature","geometry":{"type":"LineString","coordinates":[[-41.309248,-21.61651],[-41.309286,-21.617148],[-41.309045,-21.617236],[-41.308279,-21.617285]]},"properties":{"nome":"177M - 6F","tipo":"distribuicao","bairro":"TRAVESS\u00c3O"}},{"type":"Feature","geometry":{"type":"LineString","coordinates":[[-41.308363,-21.617638],[-41.309299,-21.61756],[-41.309275,-21.617147]]},"properties":{"nome":"143M - 6F","tipo":"distribuicao","bairro":"TRAVESS\u00c3O"}},{"type":"Feature","geometry":{"type":"LineString","coordinates":[[-41.310038,-21.616172],[-41.309207,-21.616225],[-41.309234,-21.616514]]},"properties":{"nome":"119M - 12F","tipo":"distribuicao","bairro":"TRAVESS\u00c3O"}},{"type":"Feature","geometry":{"type":"LineString","coordinates":[[-41.308431,-21.615369],[-41.308507,-21.616287],[-41.309047,-21.616242],[-41.308967,-21.615279]]},"properties":{"nome":"265M - 6F","tipo":"distribuicao","bairro":"TRAVESS\u00c3O"}},{"type":"Feature","geometry":{"type":"LineString","coordinates":[[-41.309506,-21.615286],[-41.309481,-21.614959],[-41.309544,-21.614776],[-41.309229,-21.614782]]},"properties":{"nome":"90M - 6F","tipo":"distribuicao","bairro":"TRAVESS\u00c3O"}},{"type":"Feature","geometry":{"type":"LineString","coordinates":[[-41.310061,-21.614814],[-41.309781,-21.614705],[-41.309542,-21.614763],[-41.309229,-21.61477]]},"properties":{"nome":"90M - 6F","tipo":"distribuicao","bairro":"TRAVESS\u00c3O"}},{"type":"Feature","geometry":{"type":"LineString","coordinates":[[-41.309476,-21.614268],[-41.30946,-21.613953],[-41.309327,-21.613918],[-41.308566,-21.613939],[-41.308361,-21.61394],[-41.308252,-21.614009],[-41.308259,-21.614316]]},"properties":{"nome":"197M - 6F","tipo":"distribuicao","bairro":"TRAVESS\u00c3O"}},{"type":"Feature","geometry":{"type":"LineString","coordinates":[[-41.309493,-21.614278],[-41.309467,-21.613358],[-41.309441,-21.613358],[-41.309448,-21.613563],[-41.309327,-21.613522],[-41.308497,-21.613542]]},"properties":{"nome":"227M - 6F","tipo":"distribuicao","bairro":"TRAVESS\u00c3O"}},{"type":"Feature","geometry":{"type":"LineString","coordinates":[[-41.308496,-21.616308],[-41.309187,-21.616249],[-41.30921,-21.616531]]},"properties":{"nome":"103M - 6F","tipo":"distribuicao","bairro":"TRAVESS\u00c3O"}},{"type":"Feature","geometry":{"type":"LineString","coordinates":[[-41.308961,-21.615294],[-41.308955,-21.614981],[-41.309,-21.614763],[-41.309229,-21.61476],[-41.309539,-21.614752],[-41.309497,-21.614663],[-41.309481,-21.614274]]},"properties":{"nome":"169M - 12F","tipo":"distribuicao","bairro":"TRAVESS\u00c3O"}},{"type":"Feature","geometry":{"type":"LineString","coordinates":[[-41.313651,-21.615646],[-41.313596,-21.615956],[-41.313325,-21.61594],[-41.31281,-21.615983],[-41.312806,-21.615983],[-41.312709,-21.616069],[-41.312665,-21.615087]]},"properties":{"nome":"240M - 6F","tipo":"distribuicao","bairro":"TRAVESS\u00c3O"}},{"type":"Feature","geometry":{"type":"LineString","coordinates":[[-41.313077,-21.614926],[-41.312988,-21.614068],[-41.312997,-21.61399],[-41.312837,-21.613939]]},"properties":{"nome":"122M - 6F","tipo":"distribuicao","bairro":"TRAVESS\u00c3O"}},{"type":"Feature","geometry":{"type":"LineString","coordinates":[[-41.314481,-21.61451],[-41.313812,-21.614264],[-41.312844,-21.613931]]},"properties":{"nome":"181M - 6F","tipo":"distribuicao","bairro":"TRAVESS\u00c3O"}},{"type":"Feature","geometry":{"type":"LineString","coordinates":[[-41.312851,-21.61392],[-41.313197,-21.614039],[-41.313189,-21.613241],[-41.313601,-21.613185],[-41.313595,-21.613161],[-41.31319,-21.613227],[-41.313164,-21.613009],[-41.313179,-21.612426]]},"properties":{"nome":"304M - 6F","tipo":"distribuicao","bairro":"TRAVESS\u00c3O"}},{"type":"Feature","geometry":{"type":"LineString","coordinates":[[-41.312661,-21.615096],[-41.312625,-21.614255],[-41.312609,-21.61385],[-41.312848,-21.613929]]},"properties":{"nome":"164M - 12F","tipo":"distribuicao","bairro":"TRAVESS\u00c3O"}},{"type":"Feature","geometry":{"type":"LineString","coordinates":[[-41.315218,-21.615655],[-41.315302,-21.615],[-41.31529,-21.614925],[-41.314992,-21.61481],[-41.314826,-21.614669],[-41.314997,-21.61468],[-41.315004,-21.613606]]},"properties":{"nome":"275M - 6F","tipo":"distribuicao","bairro":"TRAVESS\u00c3O"}},{"type":"Feature","geometry":{"type":"LineString","coordinates":[[-41.314987,-21.613615],[-41.314959,-21.613308],[-41.314252,-21.613415],[-41.314277,-21.61365],[-41.314257,-21.61365],[-41.314181,-21.612968]]},"properties":{"nome":"212M - 6F","tipo":"distribuicao","bairro":"TRAVESS\u00c3O"}},{"type":"Feature","geometry":{"type":"LineString","coordinates":[[-41.314696,-21.611576],[-41.31459,-21.610552],[-41.314497,-21.609306],[-41.314505,-21.609145]]},"properties":{"nome":"270M - 6F","tipo":"distribuicao","bairro":"TRAVESS\u00c3O"}},{"type":"Feature","geometry":{"type":"LineString","coordinates":[[-41.314835,-21.61464],[-41.314482,-21.614515]]},"properties":{"nome":"40M - 6F","tipo":"distribuicao","bairro":"TRAVESS\u00c3O"}},{"type":"Feature","geometry":{"type":"LineString","coordinates":[[-41.315006,-21.61362],[-41.314977,-21.613298],[-41.314825,-21.61263],[-41.314676,-21.611564]]},"properties":{"nome":"230M - 12F","tipo":"distribuicao","bairro":"TRAVESS\u00c3O"}},{"type":"Feature","geometry":{"type":"LineString","coordinates":[[-41.316905,-21.612667],[-41.316207,-21.612699],[-41.316154,-21.612692],[-41.316063,-21.61333],[-41.316495,-21.613306],[-41.316844,-21.613326]]},"properties":{"nome":"230M - 6F","tipo":"distribuicao","bairro":"TRAVESS\u00c3O"}},{"type":"Feature","geometry":{"type":"LineString","coordinates":[[-41.319229,-21.610428],[-41.319365,-21.611979],[-41.318277,-21.611978],[-41.318012,-21.611991],[-41.318033,-21.612439],[-41.318655,-21.612447]]},"properties":{"nome":"427M - 6F","tipo":"distribuicao","bairro":"TRAVESS\u00c3O"}},{"type":"Feature","geometry":{"type":"LineString","coordinates":[[-41.31643,-21.612264],[-41.317359,-21.612195]]},"properties":{"nome":"97M - 6F","tipo":"distribuicao","bairro":"TRAVESS\u00c3O"}},{"type":"Feature","geometry":{"type":"LineString","coordinates":[[-41.316992,-21.611812],[-41.316262,-21.611855],[-41.316256,-21.611798],[-41.316412,-21.610889],[-41.317024,-21.61081]]},"properties":{"nome":"248M - 6F","tipo":"distribuicao","bairro":"TRAVESS\u00c3O"}},{"type":"Feature","geometry":{"type":"LineString","coordinates":[[-41.316992,-21.61182],[-41.316271,-21.611863],[-41.315757,-21.611798],[-41.31582,-21.611306],[-41.315802,-21.611306],[-41.315741,-21.611795],[-41.315544,-21.613236]]},"properties":{"nome":"401M - 6F","tipo":"distribuicao","bairro":"TRAVESS\u00c3O"}},{"type":"Feature","geometry":{"type":"LineString","coordinates":[[-41.316832,-21.61334],[-41.31648,-21.613319],[-41.316064,-21.613344],[-41.315602,-21.616796]]},"properties":{"nome":"465M - 6F","tipo":"distribuicao","bairro":"TRAVESS\u00c3O"}},{"type":"Feature","geometry":{"type":"LineString","coordinates":[[-41.318654,-21.61246],[-41.318037,-21.61245],[-41.318069,-21.612592],[-41.31688,-21.612648],[-41.3162,-21.612682],[-41.316156,-21.612677],[-41.316196,-21.612377],[-41.316227,-21.612286],[-41.316416,-21.612269],[-41.316418,-21.612253],[-41.316219,-21.612272],[-41.316261,-21.611874],[-41.316988,-21.611832]]},"properties":{"nome":"484M - 12F","tipo":"distribuicao","bairro":"TRAVESS\u00c3O"}},{"type":"Feature","geometry":{"type":"LineString","coordinates":[[-41.318551,-21.621387],[-41.3184,-21.620197],[-41.318303,-21.619387],[-41.318231,-21.618668],[-41.318334,-21.618469]]},"properties":{"nome":"327M - 6F","tipo":"distribuicao","bairro":"TRAVESS\u00c3O"}},{"type":"Feature","geometry":{"type":"LineString","coordinates":[[-41.317455,-21.617813],[-41.318062,-21.617829]]},"properties":{"nome":"63M - 6F","tipo":"distribuicao","bairro":"TRAVESS\u00c3O"}},{"type":"Feature","geometry":{"type":"LineString","coordinates":[[-41.317448,-21.617804],[-41.316453,-21.617764],[-41.315487,-21.617727],[-41.315529,-21.61741],[-41.315601,-21.616799]]},"properties":{"nome":"307M - 6F","tipo":"distribuicao","bairro":"TRAVESS\u00c3O"}},{"type":"Feature","geometry":{"type":"LineString","coordinates":[[-41.317474,-21.617816],[-41.317555,-21.617634],[-41.317559,-21.617308],[-41.31759,-21.617204],[-41.317576,-21.617203],[-41.317547,-21.617303],[-41.316601,-21.617052]]},"properties":{"nome":"185M - 6F","tipo":"distribuicao","bairro":"TRAVESS\u00c3O"}},{"type":"Feature","geometry":{"type":"LineString","coordinates":[[-41.318332,-21.618462],[-41.317326,-21.618423],[-41.317322,-21.618397],[-41.317574,-21.618408],[-41.317466,-21.617814]]},"properties":{"nome":"200M - 12F","tipo":"distribuicao","bairro":"TRAVESS\u00c3O"}},{"type":"Feature","geometry":{"type":"LineString","coordinates":[[-41.316538,-21.618376],[-41.315746,-21.618341],[-41.315447,-21.618328],[-41.315415,-21.618245],[-41.31538,-21.618522]]},"properties":{"nome":"154M - 6F","tipo":"distribuicao","bairro":"TRAVESS\u00c3O"}},{"type":"Feature","geometry":{"type":"LineString","coordinates":[[-41.315374,-21.618519],[-41.315333,-21.618915],[-41.316271,-21.618972],[-41.317348,-21.619009]]},"properties":{"nome":"253M - 6F","tipo":"distribuicao","bairro":"TRAVESS\u00c3O"}},{"type":"Feature","geometry":{"type":"LineString","coordinates":[[-41.31507,-21.620783],[-41.315133,-21.620335],[-41.315497,-21.620641],[-41.315523,-21.620759],[-41.315541,-21.621357],[-41.315552,-21.621352],[-41.315534,-21.620759],[-41.315589,-21.620772],[-41.316703,-21.620791]]},"properties":{"nome":"370M - 6F","tipo":"distribuicao","bairro":"TRAVESS\u00c3O"}},{"type":"Feature","geometry":{"type":"LineString","coordinates":[[-41.315493,-21.62063],[-41.315516,-21.620586],[-41.315494,-21.620302],[-41.315496,-21.620042],[-41.315832,-21.620015],[-41.316099,-21.62002]]},"properties":{"nome":"128M - 6F","tipo":"distribuicao","bairro":"TRAVESS\u00c3O"}},{"type":"Feature","geometry":{"type":"LineString","coordinates":[[-41.315364,-21.618511],[-41.315468,-21.617737],[-41.315518,-21.617407]]},"properties":{"nome":"123M - 6F","tipo":"distribuicao","bairro":"TRAVESS\u00c3O"}},{"type":"Feature","geometry":{"type":"LineString","coordinates":[[-41.315356,-21.618518],[-41.315205,-21.619718],[-41.315052,-21.620787]]},"properties":{"nome":"253M - 12F","tipo":"distribuicao","bairro":"TRAVESS\u00c3O"}},{"type":"Feature","geometry":{"type":"LineString","coordinates":[[-41.312146,-21.610441],[-41.312404,-21.609175],[-41.31262,-21.608025]]},"properties":{"nome":"272M - 6F","tipo":"distribuicao","bairro":"TRAVESS\u00c3O"}},{"type":"Feature","geometry":{"type":"LineString","coordinates":[[-41.312602,-21.608023],[-41.312687,-21.607612],[-41.312446,-21.607653]]},"properties":{"nome":"72M - 6F","tipo":"distribuicao","bairro":"TRAVESS\u00c3O"}},{"type":"Feature","geometry":{"type":"LineString","coordinates":[[-41.313563,-21.607891],[-41.313491,-21.60843],[-41.313465,-21.6085],[-41.313148,-21.608596],[-41.31309,-21.608491],[-41.312963,-21.608144]]},"properties":{"nome":"156M - 6F","tipo":"distribuicao","bairro":"TRAVESS\u00c3O"}},{"type":"Feature","geometry":{"type":"LineString","coordinates":[[-41.314216,-21.607721],[-41.314048,-21.608719],[-41.313978,-21.60881],[-41.313177,-21.608744],[-41.312953,-21.608149]]},"properties":{"nome":"277M - 6F","tipo":"distribuicao","bairro":"TRAVESS\u00c3O"}},{"type":"Feature","geometry":{"type":"LineString","coordinates":[[-41.313333,-21.609958],[-41.313527,-21.609228],[-41.313586,-21.609143],[-41.313325,-21.608977],[-41.313216,-21.608887],[-41.312946,-21.608159]]},"properties":{"nome":"228M - 6F","tipo":"distribuicao","bairro":"TRAVESS\u00c3O"}},{"type":"Feature","geometry":{"type":"LineString","coordinates":[[-41.312843,-21.606988],[-41.312619,-21.608031]]},"properties":{"nome":"118M - 6F","tipo":"distribuicao","bairro":"TRAVESS\u00c3O"}},{"type":"Feature","geometry":{"type":"LineString","coordinates":[[-41.312634,-21.608034],[-41.312716,-21.607618],[-41.312838,-21.607849],[-41.312949,-21.608161]]},"properties":{"nome":"112M - 12F","tipo":"distribuicao","bairro":"TRAVESS\u00c3O"}},{"type":"Feature","geometry":{"type":"LineString","coordinates":[[-41.315814,-21.606638],[-41.315555,-21.60668],[-41.315447,-21.60679],[-41.315386,-21.60693],[-41.315054,-21.607665],[-41.314667,-21.608561]]},"properties":{"nome":"256M - 6F","tipo":"distribuicao","bairro":"TRAVESS\u00c3O"}},{"type":"Feature","geometry":{"type":"LineString","coordinates":[[-41.314512,-21.608168],[-41.314625,-21.607626],[-41.314643,-21.607471],[-41.314668,-21.607212],[-41.314676,-21.60698],[-41.314549,-21.606856],[-41.314084,-21.606911]]},"properties":{"nome":"200M - 6F","tipo":"distribuicao","bairro":"TRAVESS\u00c3O"}},{"type":"Feature","geometry":{"type":"LineString","coordinates":[[-41.31468,-21.607208],[-41.314652,-21.607482],[-41.315,-21.607044]]},"properties":{"nome":"91M - 6F","tipo":"distribuicao","bairro":"TRAVESS\u00c3O"}},{"type":"Feature","geometry":{"type":"LineString","coordinates":[[-41.314088,-21.606884],[-41.31454,-21.606828],[-41.314665,-21.606772],[-41.314549,-21.60603],[-41.314606,-21.606035],[-41.314899,-21.606004],[-41.315841,-21.605906]]},"properties":{"nome":"279M - 6F","tipo":"distribuicao","bairro":"TRAVESS\u00c3O"}},{"type":"Feature","geometry":{"type":"LineString","coordinates":[[-41.314081,-21.606885],[-41.313442,-21.60695]]},"properties":{"nome":"67M - 6F","tipo":"distribuicao","bairro":"TRAVESS\u00c3O"}},{"type":"Feature","geometry":{"type":"LineString","coordinates":[[-41.315832,-21.606624],[-41.314716,-21.606791],[-41.31452,-21.606845],[-41.314082,-21.606898]]},"properties":{"nome":"184M - 12F","tipo":"distribuicao","bairro":"TRAVESS\u00c3O"}},{"type":"Feature","geometry":{"type":"LineString","coordinates":[[-41.316461,-21.60517],[-41.315885,-21.605229],[-41.315237,-21.605297],[-41.314482,-21.605392],[-41.314521,-21.605697]]},"properties":{"nome":"240M - 6F","tipo":"distribuicao","bairro":"TRAVESS\u00c3O"}},{"type":"Feature","geometry":{"type":"LineString","coordinates":[[-41.314342,-21.604877],[-41.314146,-21.603889],[-41.31409,-21.603588]]},"properties":{"nome":"145M - 6F","tipo":"distribuicao","bairro":"TRAVESS\u00c3O"}},{"type":"Feature","geometry":{"type":"LineString","coordinates":[[-41.316123,-21.604351],[-41.316083,-21.604209],[-41.315334,-21.604298],[-41.314917,-21.604336]]},"properties":{"nome":"138M - 6F","tipo":"distribuicao","bairro":"TRAVESS\u00c3O"}},{"type":"Feature","geometry":{"type":"LineString","coordinates":[[-41.315699,-21.603875],[-41.31546,-21.603905],[-41.315508,-21.604256],[-41.315334,-21.604279]]},"properties":{"nome":"82M - 6F","tipo":"distribuicao","bairro":"TRAVESS\u00c3O"}},{"type":"Feature","geometry":{"type":"LineString","coordinates":[[-41.314495,-21.605709],[-41.314361,-21.604876],[-41.314264,-21.604391],[-41.31432,-21.604397],[-41.314921,-21.604333]]},"properties":{"nome":"216M - 12F","tipo":"distribuicao","bairro":"TRAVESS\u00c3O"}},{"type":"Feature","geometry":{"type":"LineString","coordinates":[[-41.318178,-21.605925],[-41.318231,-21.606231],[-41.318154,-21.606286],[-41.319363,-21.606093]]},"properties":{"nome":"171M - 6F","tipo":"distribuicao","bairro":"TRAVESS\u00c3O"}},{"type":"Feature","geometry":{"type":"LineString","coordinates":[[-41.31817,-21.605921],[-41.318046,-21.605238],[-41.317837,-21.604046]]},"properties":{"nome":"210M - 6F","tipo":"distribuicao","bairro":"TRAVESS\u00c3O"}},{"type":"Feature","geometry":{"type":"LineString","coordinates":[[-41.317235,-21.604135],[-41.317357,-21.603865],[-41.31715,-21.603822],[-41.316795,-21.603863],[-41.316753,-21.604331]]},"properties":{"nome":"143M - 6F","tipo":"distribuicao","bairro":"TRAVESS\u00c3O"}},{"type":"Feature","geometry":{"type":"LineString","coordinates":[[-41.31635,-21.601112],[-41.316626,-21.601004],[-41.316681,-21.601105],[-41.316695,-21.601431],[-41.316741,-21.601765],[-41.316334,-21.60181],[-41.316381,-21.602117],[-41.31649,-21.603523]]},"properties":{"nome":"350M - 6F","tipo":"distribuicao","bairro":"TRAVESS\u00c3O"}},{"type":"Feature","geometry":{"type":"LineString","coordinates":[[-41.317247,-21.601467],[-41.317243,-21.601124],[-41.316878,-21.601178],[-41.316703,-21.601112],[-41.316629,-21.600986],[-41.316352,-21.601093]]},"properties":{"nome":"143M - 6F","tipo":"distribuicao","bairro":"TRAVESS\u00c3O"}},{"type":"Feature","geometry":{"type":"LineString","coordinates":[[-41.316497,-21.603513],[-41.316515,-21.603715],[-41.316794,-21.603687],[-41.31674,-21.604332],[-41.316645,-21.605146],[-41.316454,-21.605159],[-41.316462,-21.605175],[-41.316644,-21.605163],[-41.316477,-21.606505],[-41.316622,-21.606521],[-41.317001,-21.606433],[-41.31814,-21.606277],[-41.318211,-21.606224],[-41.31816,-21.60592]]},"properties":{"nome":"623M - 12F","tipo":"distribuicao","bairro":"TRAVESS\u00c3O"}},{"type":"Feature","geometry":{"type":"LineString","coordinates":[[-41.314461,-21.602565],[-41.31426,-21.60198],[-41.313918,-21.602086],[-41.313867,-21.60206],[-41.31391,-21.602312]]},"properties":{"nome":"140M - 6F","tipo":"distribuicao","bairro":"TRAVESS\u00c3O"}},{"type":"Feature","geometry":{"type":"LineString","coordinates":[[-41.312924,-21.601879],[-41.313649,-21.60175],[-41.313805,-21.601803],[-41.313884,-21.602313]]},"properties":{"nome":"151M - 6F","tipo":"distribuicao","bairro":"TRAVESS\u00c3O"}},{"type":"Feature","geometry":{"type":"LineString","coordinates":[[-41.312753,-21.600848],[-41.313626,-21.600796],[-41.313703,-21.601193]]},"properties":{"nome":"135M - 6F","tipo":"distribuicao","bairro":"TRAVESS\u00c3O"}},{"type":"Feature","geometry":{"type":"LineString","coordinates":[[-41.312721,-21.600631],[-41.313287,-21.600591],[-41.313604,-21.60063],[-41.313596,-21.600585]]},"properties":{"nome":"97M - 6F","tipo":"distribuicao","bairro":"TRAVESS\u00c3O"}},{"type":"Feature","geometry":{"type":"LineString","coordinates":[[-41.312912,-21.600474],[-41.313486,-21.600432],[-41.313579,-21.600467],[-41.313603,-21.600586]]},"properties":{"nome":"84M - 6F","tipo":"distribuicao","bairro":"TRAVESS\u00c3O"}},{"type":"Feature","geometry":{"type":"LineString","coordinates":[[-41.315361,-21.60039],[-41.314672,-21.600473],[-41.313602,-21.600576]]},"properties":{"nome":"183M - 6F","tipo":"distribuicao","bairro":"TRAVESS\u00c3O"}},{"type":"Feature","geometry":{"type":"LineString","coordinates":[[-41.313896,-21.602312],[-41.313723,-21.60118],[-41.313607,-21.600589]]},"properties":{"nome":"193M - 12F","tipo":"distribuicao","bairro":"TRAVESS\u00c3O"}},{"type":"Feature","geometry":{"type":"LineString","coordinates":[[-41.31576,-21.599825],[-41.314946,-21.599926],[-41.313855,-21.600049]]},"properties":{"nome":"199M - 6F","tipo":"distribuicao","bairro":"TRAVESS\u00c3O"}},{"type":"Feature","geometry":{"type":"LineString","coordinates":[[-41.315818,-21.599329],[-41.314958,-21.599427],[-41.313969,-21.599547],[-41.313457,-21.59961],[-41.313435,-21.599642],[-41.313458,-21.599781]]},"properties":{"nome":"266M - 6F","tipo":"distribuicao","bairro":"TRAVESS\u00c3O"}},{"type":"Feature","geometry":{"type":"LineString","coordinates":[[-41.312813,-21.59998],[-41.313469,-21.599936],[-41.313442,-21.599788]]},"properties":{"nome":"85M - 6F","tipo":"distribuicao","bairro":"TRAVESS\u00c3O"}},{"type":"Feature","geometry":{"type":"LineString","coordinates":[[-41.312377,-21.599437],[-41.313097,-21.599368],[-41.313357,-21.599369],[-41.313324,-21.59916]]},"properties":{"nome":"125M - 6F","tipo":"distribuicao","bairro":"TRAVESS\u00c3O"}},{"type":"Feature","geometry":{"type":"LineString","coordinates":[[-41.312438,-21.599008],[-41.31302,-21.598964],[-41.31328,-21.598972],[-41.313317,-21.599161]]},"properties":{"nome":"109M - 6F","tipo":"distribuicao","bairro":"TRAVESS\u00c3O"}},{"type":"Feature","geometry":{"type":"LineString","coordinates":[[-41.313855,-21.600042],[-41.313541,-21.60008],[-41.313507,-21.600124],[-41.313453,-21.59979],[-41.313335,-21.599148]]},"properties":{"nome":"148M - 12F","tipo":"distribuicao","bairro":"TRAVESS\u00c3O"}},{"type":"Feature","geometry":{"type":"LineString","coordinates":[[-41.316599,-21.597685],[-41.316612,-21.59868],[-41.315322,-21.598845],[-41.314631,-21.598923],[-41.313943,-21.599005]]},"properties":{"nome":"389M - 6F","tipo":"distribuicao","bairro":"TRAVESS\u00c3O"}},{"type":"Feature","geometry":{"type":"LineString","coordinates":[[-41.314748,-21.598303],[-41.313765,-21.598424],[-41.313231,-21.598487],[-41.313184,-21.598456]]},"properties":{"nome":"164M - 6F","tipo":"distribuicao","bairro":"TRAVESS\u00c3O"}},{"type":"Feature","geometry":{"type":"LineString","coordinates":[[-41.314113,-21.597813],[-41.314227,-21.598354],[-41.313768,-21.59841]]},"properties":{"nome":"109M - 6F","tipo":"distribuicao","bairro":"TRAVESS\u00c3O"}},{"type":"Feature","geometry":{"type":"LineString","coordinates":[[-41.313182,-21.598463],[-41.313212,-21.598629],[-41.313001,-21.59859],[-41.312413,-21.598645]]},"properties":{"nome":"102M - 6F","tipo":"distribuicao","bairro":"TRAVESS\u00c3O"}},{"type":"Feature","geometry":{"type":"LineString","coordinates":[[-41.31318,-21.598459],[-41.313143,-21.598262],[-41.31248,-21.598303],[-41.312482,-21.598289],[-41.313144,-21.598248],[-41.313098,-21.597929],[-41.312452,-21.597967]]},"properties":{"nome":"264M - 6F","tipo":"distribuicao","bairro":"TRAVESS\u00c3O"}},{"type":"Feature","geometry":{"type":"LineString","coordinates":[[-41.313948,-21.599014],[-41.313326,-21.599085],[-41.313337,-21.599164]]},"properties":{"nome":"74M - 6F","tipo":"distribuicao","bairro":"TRAVESS\u00c3O"}},{"type":"Feature","geometry":{"type":"LineString","coordinates":[[-41.313946,-21.599001],[-41.313317,-21.599073],[-41.313193,-21.598457]]},"properties":{"nome":"135M - 12F","tipo":"distribuicao","bairro":"TRAVESS\u00c3O"}},{"type":"Feature","geometry":{"type":"LineString","coordinates":[[-41.312824,-21.606987],[-41.313032,-21.605912],[-41.313317,-21.605886],[-41.313317,-21.605873],[-41.313037,-21.605897],[-41.313086,-21.605636]]},"properties":{"nome":"211M - 6F","tipo":"distribuicao","bairro":"TRAVESS\u00c3O"}},{"type":"Feature","geometry":{"type":"LineString","coordinates":[[-41.31267,-21.606627],[-41.312819,-21.605981],[-41.312861,-21.605675],[-41.313073,-21.605649]]},"properties":{"nome":"129M - 6F","tipo":"distribuicao","bairro":"TRAVESS\u00c3O"}},{"type":"Feature","geometry":{"type":"LineString","coordinates":[[-41.312819,-21.604622],[-41.313035,-21.604641],[-41.313094,-21.604878],[-41.313108,-21.605125],[-41.313117,-21.60524],[-41.313082,-21.605644]]},"properties":{"nome":"135M - 6F","tipo":"distribuicao","bairro":"TRAVESS\u00c3O"}},{"type":"Feature","geometry":{"type":"LineString","coordinates":[[-41.312192,-21.606748],[-41.312298,-21.606035],[-41.312245,-21.605542]]},"properties":{"nome":"135M - 6F","tipo":"distribuicao","bairro":"TRAVESS\u00c3O"}},{"type":"Feature","geometry":{"type":"LineString","coordinates":[[-41.312544,-21.603298],[-41.311968,-21.603457],[-41.312027,-21.603887],[-41.312124,-21.604606],[-41.31224,-21.605541]]},"properties":{"nome":"295M - 6F","tipo":"distribuicao","bairro":"TRAVESS\u00c3O"}},{"type":"Feature","geometry":{"type":"LineString","coordinates":[[-41.312256,-21.605542],[-41.31225,-21.605499],[-41.312854,-21.605476],[-41.312877,-21.605497],[-41.312864,-21.605661],[-41.313077,-21.605634]]},"properties":{"nome":"111M - 12F","tipo":"distribuicao","bairro":"TRAVESS\u00c3O"}},{"type":"Feature","geometry":{"type":"LineString","coordinates":[[-41.312266,-21.607208],[-41.31133,-21.607361],[-41.31133,-21.607375],[-41.311579,-21.607331],[-41.311498,-21.607399],[-41.311749,-21.607625]]},"properties":{"nome":"154M - 6F","tipo":"distribuicao","bairro":"TRAVESS\u00c3O"}},{"type":"Feature","geometry":{"type":"LineString","coordinates":[[-41.311861,-21.608286],[-41.311802,-21.608057],[-41.311703,-21.60785],[-41.311582,-21.607741],[-41.311759,-21.607631]]},"properties":{"nome":"91M - 6F","tipo":"distribuicao","bairro":"TRAVESS\u00c3O"}},{"type":"Feature","geometry":{"type":"LineString","coordinates":[[-41.307545,-21.608869],[-41.308036,-21.60878],[-41.309229,-21.608562]]},"properties":{"nome":"178M - 6F","tipo":"distribuicao","bairro":"TRAVESS\u00c3O"}},{"type":"Feature","geometry":{"type":"LineString","coordinates":[[-41.30804,-21.608769],[-41.307873,-21.608797],[-41.307861,-21.608829],[-41.307745,-21.608238],[-41.307542,-21.60814],[-41.306946,-21.608254]]},"properties":{"nome":"175M - 6F","tipo":"distribuicao","bairro":"TRAVESS\u00c3O"}},{"type":"Feature","geometry":{"type":"LineString","coordinates":[[-41.309232,-21.608561],[-41.310574,-21.608333],[-41.31125,-21.60822],[-41.311366,-21.608282],[-41.311313,-21.607735],[-41.311335,-21.607694],[-41.311572,-21.607731],[-41.311743,-21.607621]]},"properties":{"nome":"338M - 12F","tipo":"distribuicao","bairro":"TRAVESS\u00c3O"}},{"type":"Feature","geometry":{"type":"LineString","coordinates":[[-41.311441,-21.604239],[-41.311514,-21.605558],[-41.311558,-21.60643],[-41.311579,-21.606638],[-41.311528,-21.606676],[-41.310489,-21.606733],[-41.310387,-21.606676]]},"properties":{"nome":"393M - 6F","tipo":"distribuicao","bairro":"TRAVESS\u00c3O"}},{"type":"Feature","geometry":{"type":"LineString","coordinates":[[-41.311058,-21.60356],[-41.310843,-21.603597],[-41.310871,-21.604199],[-41.310963,-21.604601],[-41.311017,-21.605798],[-41.311066,-21.60669],[-41.310497,-21.606721],[-41.310399,-21.606667]]},"properties":{"nome":"437M - 6F","tipo":"distribuicao","bairro":"TRAVESS\u00c3O"}},{"type":"Feature","geometry":{"type":"LineString","coordinates":[[-41.310283,-21.604301],[-41.310356,-21.605961],[-41.310395,-21.606678]]},"properties":{"nome":"263M - 6F","tipo":"distribuicao","bairro":"TRAVESS\u00c3O"}},{"type":"Feature","geometry":{"type":"LineString","coordinates":[[-41.310388,-21.606676],[-41.310425,-21.607396],[-41.31039,-21.607438],[-41.310488,-21.607585]]},"properties":{"nome":"105M - 6F","tipo":"distribuicao","bairro":"TRAVESS\u00c3O"}},{"type":"Feature","geometry":{"type":"LineString","coordinates":[[-41.309315,-21.607789],[-41.308707,-21.60788],[-41.308711,-21.607868],[-41.308835,-21.607849],[-41.308826,-21.607708],[-41.309308,-21.60764]]},"properties":{"nome":"144M - 6F","tipo":"distribuicao","bairro":"TRAVESS\u00c3O"}},{"type":"Feature","geometry":{"type":"LineString","coordinates":[[-41.309382,-21.604587],[-41.309357,-21.603861],[-41.309328,-21.603127],[-41.309293,-21.602381]]},"properties":{"nome":"244M - 6F","tipo":"distribuicao","bairro":"TRAVESS\u00c3O"}},{"type":"Feature","geometry":{"type":"LineString","coordinates":[[-41.309305,-21.607619],[-41.309634,-21.607565],[-41.309528,-21.607508],[-41.309509,-21.607167],[-41.309463,-21.606045],[-41.309429,-21.605325],[-41.309392,-21.604586]]},"properties":{"nome":"371M - 12F","tipo":"distribuicao","bairro":"TRAVESS\u00c3O"}},{"type":"Feature","geometry":{"type":"LineString","coordinates":[[-41.30926,-21.601668],[-41.309227,-21.601113],[-41.309238,-21.601051],[-41.309083,-21.601044],[-41.308591,-21.601041],[-41.308464,-21.601166],[-41.308461,-21.60148],[-41.308489,-21.602403]]},"properties":{"nome":"292M - 6F","tipo":"distribuicao","bairro":"TRAVESS\u00c3O"}},{"type":"Feature","geometry":{"type":"LineString","coordinates":[[-41.308629,-21.605094],[-41.308697,-21.605836],[-41.30876,-21.606569],[-41.308869,-21.607639],[-41.308964,-21.607673],[-41.309311,-21.60762]]},"properties":{"nome":"330M - 6F","tipo":"distribuicao","bairro":"TRAVESS\u00c3O"}},{"type":"Feature","geometry":{"type":"LineString","coordinates":[[-41.308808,-21.603815],[-41.308571,-21.603821],[-41.30859,-21.6043]]},"properties":{"nome":"78M - 6F","tipo":"distribuicao","bairro":"TRAVESS\u00c3O"}},{"type":"Feature","geometry":{"type":"LineString","coordinates":[[-41.308498,-21.602401],[-41.308524,-21.603063],[-41.308578,-21.604302],[-41.308636,-21.605079]]},"properties":{"nome":"297M - 12F","tipo":"distribuicao","bairro":"TRAVESS\u00c3O"}},{"type":"Feature","geometry":{"type":"LineString","coordinates":[[-41.30851,-21.612643],[-41.308515,-21.612781],[-41.308483,-21.613073],[-41.308735,-21.613068],[-41.308938,-21.612969],[-41.308931,-21.61279],[-41.309564,-21.612751],[-41.310104,-21.61273]]},"properties":{"nome":"239M - 6F","tipo":"distribuicao","bairro":"TRAVESS\u00c3O"}},{"type":"Feature","geometry":{"type":"LineString","coordinates":[[-41.309518,-21.612153],[-41.310432,-21.612142],[-41.310422,-21.611991],[-41.31044,-21.611992],[-41.31045,-21.612136],[-41.311294,-21.612101],[-41.311634,-21.612095],[-41.311655,-21.611725]]},"properties":{"nome":"293M - 6F","tipo":"distribuicao","bairro":"TRAVESS\u00c3O"}},{"type":"Feature","geometry":{"type":"LineString","coordinates":[[-41.311664,-21.611729],[-41.311621,-21.612452],[-41.311629,-21.612803],[-41.311538,-21.612694],[-41.311107,-21.612711],[-41.310101,-21.612735]]},"properties":{"nome":"283M - 12F","tipo":"distribuicao","bairro":"TRAVESS\u00c3O"}},{"type":"Feature","geometry":{"type":"LineString","coordinates":[[-41.308099,-21.611651],[-41.308976,-21.611604],[-41.309967,-21.611564],[-41.310826,-21.611535]]},"properties":{"nome":"283M - 6F","tipo":"distribuicao","bairro":"TRAVESS\u00c3O"}},{"type":"Feature","geometry":{"type":"LineString","coordinates":[[-41.308641,-21.610944],[-41.307674,-21.611126]]},"properties":{"nome":"102M - 6F","tipo":"distribuicao","bairro":"TRAVESS\u00c3O"}},{"type":"Feature","geometry":{"type":"LineString","coordinates":[[-41.308553,-21.610432],[-41.307512,-21.61062]]},"properties":{"nome":"110M - 6F","tipo":"distribuicao","bairro":"TRAVESS\u00c3O"}},{"type":"Feature","geometry":{"type":"LineString","coordinates":[[-41.310549,-21.610898],[-41.311214,-21.610902],[-41.311351,-21.610818],[-41.311424,-21.610358],[-41.311058,-21.610348],[-41.310168,-21.610354],[-41.309531,-21.610353],[-41.309524,-21.610268],[-41.309059,-21.610273],[-41.308857,-21.610383],[-41.308561,-21.61043]]},"properties":{"nome":"446M - 6F","tipo":"distribuicao","bairro":"TRAVESS\u00c3O"}},{"type":"Feature","geometry":{"type":"LineString","coordinates":[[-41.308554,-21.610419],[-41.308201,-21.610483],[-41.308091,-21.609902],[-41.308117,-21.609871]]},"properties":{"nome":"107M - 6F","tipo":"distribuicao","bairro":"TRAVESS\u00c3O"}},{"type":"Feature","geometry":{"type":"LineString","coordinates":[[-41.308099,-21.61163],[-41.308477,-21.611609],[-41.308446,-21.61157],[-41.308332,-21.611039],[-41.308649,-21.610975],[-41.308641,-21.610958],[-41.308322,-21.61102],[-41.308215,-21.610504],[-41.308562,-21.61044]]},"properties":{"nome":"269M - 12F","tipo":"distribuicao","bairro":"TRAVESS\u00c3O"}},{"type":"Feature","geometry":{"type":"LineString","coordinates":[[-41.30744,-21.609986],[-41.308101,-21.609877],[-41.30882,-21.609736],[-41.309065,-21.609721],[-41.30955,-21.609725]]},"properties":{"nome":"221M - 6F","tipo":"distribuicao","bairro":"TRAVESS\u00c3O"}},{"type":"Feature","geometry":{"type":"LineString","coordinates":[[-41.307224,-21.609415],[-41.308263,-21.609231],[-41.308842,-21.609118],[-41.309521,-21.609112],[-41.310064,-21.609111],[-41.310266,-21.609025],[-41.310592,-21.609021]]},"properties":{"nome":"354M - 6F","tipo":"distribuicao","bairro":"TRAVESS\u00c3O"}},{"type":"Feature","geometry":{"type":"LineString","coordinates":[[-41.310587,-21.609006],[-41.311497,-21.609004],[-41.312005,-21.609014],[-41.312057,-21.608986],[-41.312086,-21.608951],[-41.312102,-21.608958],[-41.31207,-21.608993],[-41.312017,-21.609027],[-41.311817,-21.609021],[-41.311766,-21.60916],[-41.311875,-21.609616],[-41.311879,-21.60988],[-41.311501,-21.609847],[-41.311459,-21.609963],[-41.311476,-21.609735],[-41.311364,-21.609718],[-41.310967,-21.609724],[-41.309547,-21.609731]]},"properties":{"nome":"568M - 12F","tipo":"distribuicao","bairro":"TRAVESS\u00c3O"}},{"type":"Feature","geometry":{"type":"LineString","coordinates":[[-41.305551,-21.607763],[-41.305761,-21.608269]]},"properties":{"nome":"60M - 6F","tipo":"distribuicao","bairro":"TRAVESS\u00c3O"}},{"type":"Feature","geometry":{"type":"LineString","coordinates":[[-41.306617,-21.608135],[-41.305748,-21.608271]]},"properties":{"nome":"91M - 6F","tipo":"distribuicao","bairro":"TRAVESS\u00c3O"}},{"type":"Feature","geometry":{"type":"LineString","coordinates":[[-41.303917,-21.608508],[-41.303933,-21.608479],[-41.303849,-21.608032],[-41.303337,-21.60811],[-41.303335,-21.608087],[-41.303849,-21.60801],[-41.30374,-21.607465]]},"properties":{"nome":"225M - 6F","tipo":"distribuicao","bairro":"TRAVESS\u00c3O"}},{"type":"Feature","geometry":{"type":"LineString","coordinates":[[-41.302088,-21.608778],[-41.301623,-21.608844],[-41.301633,-21.608693],[-41.301466,-21.608672],[-41.301436,-21.608312]]},"properties":{"nome":"123M - 6FO","tipo":"distribuicao","bairro":"TRAVESS\u00c3O"}},{"type":"Feature","geometry":{"type":"LineString","coordinates":[[-41.306793,-21.609017],[-41.306286,-21.609102],[-41.306145,-21.609068],[-41.306267,-21.60936],[-41.306258,-21.609366],[-41.305805,-21.608287],[-41.305743,-21.608268],[-41.305646,-21.608211],[-41.303913,-21.608512],[-41.302079,-21.608795],[-41.297872,-21.609397],[-41.296194,-21.609729],[-41.295628,-21.609818],[-41.295062,-21.609879]]},"properties":{"nome":"1363M - 12F","tipo":"distribuicao","bairro":"TRAVESS\u00c3O"}},{"type":"Feature","geometry":{"type":"LineString","coordinates":[[-41.282688,-21.611301],[-41.282916,-21.611277],[-41.282846,-21.611361],[-41.282887,-21.61225]]},"properties":{"nome":"134M - 6F","tipo":"distribuicao","bairro":"TRAVESS\u00c3O"}},{"type":"Feature","geometry":{"type":"LineString","coordinates":[[-41.282682,-21.611303],[-41.282301,-21.611355],[-41.282268,-21.611475],[-41.282298,-21.611836]]},"properties":{"nome":"94M - 6F","tipo":"distribuicao","bairro":"TRAVESS\u00c3O"}},{"type":"Feature","geometry":{"type":"LineString","coordinates":[[-41.280376,-21.611599],[-41.279995,-21.611652],[-41.280074,-21.613007]]},"properties":{"nome":"190M - 6F","tipo":"distribuicao","bairro":"TRAVESS\u00c3O"}},{"type":"Feature","geometry":{"type":"LineString","coordinates":[[-41.284213,-21.611142],[-41.284076,-21.611227],[-41.284062,-21.611756],[-41.284107,-21.613251],[-41.284134,-21.614548],[-41.284204,-21.615989]]},"properties":{"nome":"545M - 12F","tipo":"distribuicao","bairro":"TRAVESS\u00c3O"}},{"type":"Feature","geometry":{"type":"LineString","coordinates":[[-41.295063,-21.609876],[-41.291802,-21.6102],[-41.291311,-21.610214],[-41.290743,-21.610051],[-41.290222,-21.60979],[-41.289692,-21.609771],[-41.289319,-21.60981],[-41.288986,-21.609937],[-41.288581,-21.610163],[-41.288023,-21.610523],[-41.287929,-21.61056],[-41.287716,-21.610635],[-41.287366,-21.610685],[-41.286217,-21.610851],[-41.284213,-21.611129],[-41.284075,-21.611209],[-41.284062,-21.611163],[-41.283845,-21.611144],[-41.282682,-21.611286],[-41.280366,-21.611595]]},"properties":{"nome":"1566M - 12F","tipo":"distribuicao","bairro":"TRAVESS\u00c3O"}},{"type":"Feature","geometry":{"type":"LineString","coordinates":[[-41.284213,-21.611142],[-41.284076,-21.611227],[-41.284062,-21.611756],[-41.284107,-21.613251],[-41.284134,-21.614548],[-41.284203,-21.615992]]},"properties":{"nome":"545M - 12F","tipo":"distribuicao","bairro":"TRAVESS\u00c3O"}},{"type":"Feature","geometry":{"type":"LineString","coordinates":[[-41.272142,-21.612627],[-41.27259,-21.61256],[-41.272387,-21.611137],[-41.272252,-21.610031],[-41.271647,-21.609984]]},"properties":{"nome":"392M - 6F","tipo":"distribuicao","bairro":"TRAVESS\u00c3O"}},{"type":"Feature","geometry":{"type":"LineString","coordinates":[[-41.272147,-21.612664],[-41.271523,-21.61277],[-41.271487,-21.612799],[-41.271622,-21.613716]]},"properties":{"nome":"173M - 6F","tipo":"distribuicao","bairro":"TRAVESS\u00c3O"}},{"type":"Feature","geometry":{"type":"LineString","coordinates":[[-41.270371,-21.612652],[-41.270167,-21.612802],[-41.269971,-21.612973],[-41.269249,-21.613792],[-41.26906,-21.613994]]},"properties":{"nome":"202M - 6F","tipo":"distribuicao","bairro":"TRAVESS\u00c3O"}},{"type":"Feature","geometry":{"type":"LineString","coordinates":[[-41.270356,-21.612647],[-41.27019,-21.612767],[-41.269969,-21.612959],[-41.269707,-21.613252],[-41.26961,-21.613266],[-41.269314,-21.613012],[-41.269391,-21.612925],[-41.269579,-21.612698],[-41.269768,-21.612509],[-41.270057,-21.612308],[-41.270102,-21.612148]]},"properties":{"nome":"276M - 6F","tipo":"distribuicao","bairro":"TRAVESS\u00c3O"}},{"type":"Feature","geometry":{"type":"LineString","coordinates":[[-41.269378,-21.612921],[-41.269092,-21.613248],[-41.268999,-21.61316],[-41.268928,-21.612268]]},"properties":{"nome":"160M - 6F","tipo":"distribuicao","bairro":"TRAVESS\u00c3O"}},{"type":"Feature","geometry":{"type":"LineString","coordinates":[[-41.272129,-21.612626],[-41.271526,-21.612734],[-41.27121,-21.612678],[-41.270626,-21.612653],[-41.270365,-21.612659]]},"properties":{"nome":"184M - 12F","tipo":"distribuicao","bairro":"TRAVESS\u00c3O"}},{"type":"Feature","geometry":{"type":"LineString","coordinates":[[-41.267675,-21.616018],[-41.267537,-21.615754],[-41.267886,-21.615615],[-41.268157,-21.615392],[-41.268423,-21.615155],[-41.268552,-21.614972],[-41.268747,-21.614819],[-41.269164,-21.614538],[-41.269357,-21.614382],[-41.269603,-21.614177],[-41.269814,-21.613948],[-41.270228,-21.613454],[-41.270455,-21.613216],[-41.270665,-21.613057],[-41.270956,-21.612906],[-41.271132,-21.612842],[-41.271315,-21.612776],[-41.271526,-21.612753],[-41.27214,-21.61264],[-41.274578,-21.612358],[-41.27775,-21.611954],[-41.280384,-21.611593]]},"properties":{"nome":"1500M - 12F","tipo":"distribuicao","bairro":"TRAVESS\u00c3O"}},{"type":"Feature","geometry":{"type":"Point","coordinates":[-41.221187,-21.612366]},"properties":{"nome":"\u00c1REA 1761","tipo":"ponto","bairro":"TRAVESS\u00c3O"}},{"type":"Feature","geometry":{"type":"Point","coordinates":[-41.247509,-21.633686]},"properties":{"nome":"\u00c1REA 1762","tipo":"ponto","bairro":"TRAVESS\u00c3O"}},{"type":"Feature","geometry":{"type":"Point","coordinates":[-41.252257,-21.633206]},"properties":{"nome":"\u00c1REA 1763","tipo":"ponto","bairro":"TRAVESS\u00c3O"}},{"type":"Feature","geometry":{"type":"Point","coordinates":[-41.285434,-21.640151]},"properties":{"nome":"\u00c1REA 1764","tipo":"ponto","bairro":"TRAVESS\u00c3O"}},{"type":"Feature","geometry":{"type":"Point","coordinates":[-41.298791,-21.637909]},"properties":{"nome":"\u00c1REA 1765","tipo":"ponto","bairro":"TRAVESS\u00c3O"}},{"type":"Feature","geometry":{"type":"Point","coordinates":[-41.309001,-21.633259]},"properties":{"nome":"\u00c1REA 1766","tipo":"ponto","bairro":"TRAVESS\u00c3O"}},{"type":"Feature","geometry":{"type":"Point","coordinates":[-41.309639,-21.636527]},"properties":{"nome":"\u00c1REA 1767","tipo":"ponto","bairro":"TRAVESS\u00c3O"}},{"type":"Feature","geometry":{"type":"Point","coordinates":[-41.312267,-21.634088]},"properties":{"nome":"\u00c1REA 1768","tipo":"ponto","bairro":"TRAVESS\u00c3O"}},{"type":"Feature","geometry":{"type":"Point","coordinates":[-41.31166,-21.62954]},"properties":{"nome":"\u00c1REA 1769","tipo":"ponto","bairro":"TRAVESS\u00c3O"}},{"type":"Feature","geometry":{"type":"Point","coordinates":[-41.311722,-21.626902]},"properties":{"nome":"\u00c1REA 1770","tipo":"ponto","bairro":"TRAVESS\u00c3O"}},{"type":"Feature","geometry":{"type":"Point","coordinates":[-41.310603,-21.623902]},"properties":{"nome":"\u00c1REA 1771","tipo":"ponto","bairro":"TRAVESS\u00c3O"}},{"type":"Feature","geometry":{"type":"Point","coordinates":[-41.311787,-21.624675]},"properties":{"nome":"\u00c1REA 1772","tipo":"ponto","bairro":"TRAVESS\u00c3O"}},{"type":"Feature","geometry":{"type":"Point","coordinates":[-41.312064,-21.622737]},"properties":{"nome":"\u00c1REA 1773","tipo":"ponto","bairro":"TRAVESS\u00c3O"}},{"type":"Feature","geometry":{"type":"Point","coordinates":[-41.311833,-21.620639]},"properties":{"nome":"\u00c1REA 1774","tipo":"ponto","bairro":"TRAVESS\u00c3O"}},{"type":"Feature","geometry":{"type":"Point","coordinates":[-41.312064,-21.618911]},"properties":{"nome":"\u00c1REA 1775","tipo":"ponto","bairro":"TRAVESS\u00c3O"}},{"type":"Feature","geometry":{"type":"Point","coordinates":[-41.313371,-21.617076]},"properties":{"nome":"\u00c1REA 1776","tipo":"ponto","bairro":"TRAVESS\u00c3O"}},{"type":"Feature","geometry":{"type":"Point","coordinates":[-41.31196,-21.613918]},"properties":{"nome":"\u00c1REA 1777","tipo":"ponto","bairro":"TRAVESS\u00c3O"}},{"type":"Feature","geometry":{"type":"Point","coordinates":[-41.311354,-21.614712]},"properties":{"nome":"\u00c1REA 1778","tipo":"ponto","bairro":"TRAVESS\u00c3O"}},{"type":"Feature","geometry":{"type":"Point","coordinates":[-41.310106,-21.616089]},"properties":{"nome":"\u00c1REA 1779","tipo":"ponto","bairro":"TRAVESS\u00c3O"}},{"type":"Feature","geometry":{"type":"Point","coordinates":[-41.309233,-21.614725]},"properties":{"nome":"\u00c1REA 1780","tipo":"ponto","bairro":"TRAVESS\u00c3O"}},{"type":"Feature","geometry":{"type":"Point","coordinates":[-41.312845,-21.613844]},"properties":{"nome":"\u00c1REA 1781","tipo":"ponto","bairro":"TRAVESS\u00c3O"}},{"type":"Feature","geometry":{"type":"Point","coordinates":[-41.31513,-21.613696]},"properties":{"nome":"\u00c1REA 1782","tipo":"ponto","bairro":"TRAVESS\u00c3O"}},{"type":"Feature","geometry":{"type":"Point","coordinates":[-41.316895,-21.612561]},"properties":{"nome":"\u00c1REA 1783","tipo":"ponto","bairro":"TRAVESS\u00c3O"}},{"type":"Feature","geometry":{"type":"Point","coordinates":[-41.317475,-21.61772]},"properties":{"nome":"\u00c1REA 1784","tipo":"ponto","bairro":"TRAVESS\u00c3O"}},{"type":"Feature","geometry":{"type":"Point","coordinates":[-41.315284,-21.618506]},"properties":{"nome":"\u00c1REA 1785","tipo":"ponto","bairro":"TRAVESS\u00c3O"}},{"type":"Feature","geometry":{"type":"Point","coordinates":[-41.313,-21.60815]},"properties":{"nome":"\u00c1REA 1786","tipo":"ponto","bairro":"TRAVESS\u00c3O"}},{"type":"Feature","geometry":{"type":"Point","coordinates":[-41.314085,-21.606835]},"properties":{"nome":"\u00c1REA 1787","tipo":"ponto","bairro":"TRAVESS\u00c3O"}},{"type":"Feature","geometry":{"type":"Point","coordinates":[-41.314448,-21.604933]},"properties":{"nome":"\u00c1REA 1788","tipo":"ponto","bairro":"TRAVESS\u00c3O"}},{"type":"Feature","geometry":{"type":"Point","coordinates":[-41.31646,-21.605133]},"properties":{"nome":"\u00c1REA 1789","tipo":"ponto","bairro":"TRAVESS\u00c3O"}},{"type":"Feature","geometry":{"type":"Point","coordinates":[-41.313806,-21.601216]},"properties":{"nome":"\u00c1REA 1790","tipo":"ponto","bairro":"TRAVESS\u00c3O"}},{"type":"Feature","geometry":{"type":"Point","coordinates":[-41.313519,-21.599825]},"properties":{"nome":"\u00c1REA 1791","tipo":"ponto","bairro":"TRAVESS\u00c3O"}},{"type":"Feature","geometry":{"type":"Point","coordinates":[-41.313181,-21.598435]},"properties":{"nome":"\u00c1REA 1792","tipo":"ponto","bairro":"TRAVESS\u00c3O"}},{"type":"Feature","geometry":{"type":"Point","coordinates":[-41.31314,-21.60563]},"properties":{"nome":"\u00c1REA 1793","tipo":"ponto","bairro":"TRAVESS\u00c3O"}},{"type":"Feature","geometry":{"type":"Point","coordinates":[-41.311492,-21.608341]},"properties":{"nome":"\u00c1REA 1794","tipo":"ponto","bairro":"TRAVESS\u00c3O"}},{"type":"Feature","geometry":{"type":"Point","coordinates":[-41.310506,-21.606673]},"properties":{"nome":"\u00c1REA 1795","tipo":"ponto","bairro":"TRAVESS\u00c3O"}},{"type":"Feature","geometry":{"type":"Point","coordinates":[-41.309531,-21.606048]},"properties":{"nome":"\u00c1REA 1796","tipo":"ponto","bairro":"TRAVESS\u00c3O"}},{"type":"Feature","geometry":{"type":"Point","coordinates":[-41.308645,-21.604292]},"properties":{"nome":"\u00c1REA 1797","tipo":"ponto","bairro":"TRAVESS\u00c3O"}},{"type":"Feature","geometry":{"type":"Point","coordinates":[-41.311617,-21.612415]},"properties":{"nome":"\u00c1REA 1798","tipo":"ponto","bairro":"TRAVESS\u00c3O"}},{"type":"Feature","geometry":{"type":"Point","coordinates":[-41.308721,-21.611008]},"properties":{"nome":"\u00c1REA 1799","tipo":"ponto","bairro":"TRAVESS\u00c3O"}},{"type":"Feature","geometry":{"type":"Point","coordinates":[-41.311892,-21.609759]},"properties":{"nome":"\u00c1REA 1800","tipo":"ponto","bairro":"TRAVESS\u00c3O"}},{"type":"Feature","geometry":{"type":"Point","coordinates":[-41.305735,-21.608182]},"properties":{"nome":"\u00c1REA 1801","tipo":"ponto","bairro":"TRAVESS\u00c3O"}},{"type":"Feature","geometry":{"type":"Point","coordinates":[-41.284203,-21.611074]},"properties":{"nome":"\u00c1REA 1802","tipo":"ponto","bairro":"TRAVESS\u00c3O"}},{"type":"Feature","geometry":{"type":"Point","coordinates":[-41.272133,-21.612542]},"properties":{"nome":"\u00c1REA 1803","tipo":"ponto","bairro":"TRAVESS\u00c3O"}},{"type":"Feature","geometry":{"type":"LineString","coordinates":[[-41.22116,-21.612509],[-41.220977,-21.612678],[-41.219709,-21.612512],[-41.219599,-21.612282]]},"properties":{"nome":"F5","tipo":"distribuicao","bairro":"TRAVESS\u00c3O"}},{"type":"Feature","geometry":{"type":"LineString","coordinates":[[-41.22116,-21.612509],[-41.221007,-21.612764],[-41.219698,-21.612601],[-41.219577,-21.61338],[-41.219969,-21.613422],[-41.21992,-21.613688]]},"properties":{"nome":"F6","tipo":"distribuicao","bairro":"TRAVESS\u00c3O"}},{"type":"Feature","geometry":{"type":"LineString","coordinates":[[-41.221192,-21.612452],[-41.221582,-21.612184],[-41.221701,-21.611413],[-41.221157,-21.611355],[-41.221124,-21.611623]]},"properties":{"nome":"F6","tipo":"distribuicao","bairro":"TRAVESS\u00c3O"}},{"type":"Feature","geometry":{"type":"LineString","coordinates":[[-41.221196,-21.612482],[-41.221745,-21.612367],[-41.22291,-21.612461],[-41.222862,-21.612652]]},"properties":{"nome":"F9","tipo":"distribuicao","bairro":"TRAVESS\u00c3O"}},{"type":"Feature","geometry":{"type":"LineString","coordinates":[[-41.221196,-21.612482],[-41.22177,-21.612234],[-41.2229,-21.61234]]},"properties":{"nome":"F10","tipo":"distribuicao","bairro":"TRAVESS\u00c3O"}},{"type":"Feature","geometry":{"type":"LineString","coordinates":[[-41.222901,-21.612332],[-41.223221,-21.612366],[-41.223394,-21.610968],[-41.223684,-21.610983]]},"properties":{"nome":"F6","tipo":"distribuicao","bairro":"TRAVESS\u00c3O"}},{"type":"Feature","geometry":{"type":"LineString","coordinates":[[-41.221196,-21.612482],[-41.221473,-21.612798],[-41.222769,-21.612944]]},"properties":{"nome":"F11","tipo":"distribuicao","bairro":"TRAVESS\u00c3O"}},{"type":"Feature","geometry":{"type":"LineString","coordinates":[[-41.222768,-21.612951],[-41.224178,-21.613094],[-41.224431,-21.612948]]},"properties":{"nome":"F5","tipo":"distribuicao","bairro":"TRAVESS\u00c3O"}},{"type":"Feature","geometry":{"type":"LineString","coordinates":[[-41.221196,-21.612482],[-41.221417,-21.612928],[-41.222785,-21.613081]]},"properties":{"nome":"F12","tipo":"distribuicao","bairro":"TRAVESS\u00c3O"}},{"type":"Feature","geometry":{"type":"LineString","coordinates":[[-41.222777,-21.61308],[-41.224179,-21.613215],[-41.224065,-21.614273],[-41.223777,-21.614243],[-41.223751,-21.614519]]},"properties":{"nome":"F6","tipo":"distribuicao","bairro":"TRAVESS\u00c3O"}},{"type":"Feature","geometry":{"type":"LineString","coordinates":[[-41.246382,-21.633288],[-41.24638,-21.633502],[-41.247156,-21.633499],[-41.247499,-21.633232]]},"properties":{"nome":"F9","tipo":"distribuicao","bairro":"TRAVESS\u00c3O"}},{"type":"Feature","geometry":{"type":"LineString","coordinates":[[-41.247539,-21.63326],[-41.24792,-21.633666],[-41.249111,-21.633683],[-41.249092,-21.633256]]},"properties":{"nome":"F9","tipo":"distribuicao","bairro":"TRAVESS\u00c3O"}},{"type":"Feature","geometry":{"type":"LineString","coordinates":[[-41.247559,-21.633295],[-41.247936,-21.633788],[-41.249109,-21.63381],[-41.250749,-21.633596],[-41.250703,-21.633073]]},"properties":{"nome":"F10","tipo":"distribuicao","bairro":"TRAVESS\u00c3O"}},{"type":"Feature","geometry":{"type":"LineString","coordinates":[[-41.247507,-21.633255],[-41.247921,-21.633923],[-41.24915,-21.633943],[-41.25077,-21.633741]]},"properties":{"nome":"F11","tipo":"distribuicao","bairro":"TRAVESS\u00c3O"}},{"type":"Feature","geometry":{"type":"LineString","coordinates":[[-41.250769,-21.633732],[-41.251662,-21.633611],[-41.251629,-21.632367],[-41.251368,-21.632372]]},"properties":{"nome":"F5","tipo":"distribuicao","bairro":"TRAVESS\u00c3O"}},{"type":"Feature","geometry":{"type":"LineString","coordinates":[[-41.247533,-21.633272],[-41.247893,-21.634063],[-41.249137,-21.634071],[-41.2508,-21.633876]]},"properties":{"nome":"F12","tipo":"distribuicao","bairro":"TRAVESS\u00c3O"}},{"type":"Feature","geometry":{"type":"LineString","coordinates":[[-41.246197,-21.633365],[-41.2462,-21.633618],[-41.247171,-21.63361],[-41.247499,-21.633232]]},"properties":{"nome":"F2","tipo":"distribuicao","bairro":"TRAVESS\u00c3O"}},{"type":"Feature","geometry":{"type":"LineString","coordinates":[[-41.250789,-21.633876],[-41.251795,-21.63372],[-41.251669,-21.63141],[-41.251356,-21.631429]]},"properties":{"nome":"F6","tipo":"distribuicao","bairro":"TRAVESS\u00c3O"}},{"type":"Feature","geometry":{"type":"LineString","coordinates":[[-41.246205,-21.633362],[-41.246183,-21.632145],[-41.246523,-21.632131]]},"properties":{"nome":"F6","tipo":"distribuicao","bairro":"TRAVESS\u00c3O"}},{"type":"Feature","geometry":{"type":"LineString","coordinates":[[-41.247482,-21.633255],[-41.247175,-21.633746],[-41.245572,-21.633734],[-41.242799,-21.632661],[-41.242865,-21.632239]]},"properties":{"nome":"F10","tipo":"distribuicao","bairro":"TRAVESS\u00c3O"}},{"type":"Feature","geometry":{"type":"LineString","coordinates":[[-41.247494,-21.633237],[-41.247228,-21.633868],[-41.245501,-21.633846],[-41.242769,-21.632828]]},"properties":{"nome":"F11","tipo":"distribuicao","bairro":"TRAVESS\u00c3O"}},{"type":"Feature","geometry":{"type":"LineString","coordinates":[[-41.24278,-21.632837],[-41.242536,-21.632482],[-41.242514,-21.631393],[-41.242848,-21.631373]]},"properties":{"nome":"F6","tipo":"distribuicao","bairro":"TRAVESS\u00c3O"}},{"type":"Feature","geometry":{"type":"LineString","coordinates":[[-41.247494,-21.633226],[-41.247288,-21.633988],[-41.245461,-21.633975],[-41.24276,-21.633014],[-41.241431,-21.631174],[-41.241417,-21.630814]]},"properties":{"nome":"F12","tipo":"distribuicao","bairro":"TRAVESS\u00c3O"}},{"type":"Feature","geometry":{"type":"LineString","coordinates":[[-41.25224,-21.632942],[-41.252408,-21.633105],[-41.253376,-21.633064],[-41.253383,-21.632907]]},"properties":{"nome":"F10","tipo":"distribuicao","bairro":"TRAVESS\u00c3O"}},{"type":"Feature","geometry":{"type":"LineString","coordinates":[[-41.25224,-21.632942],[-41.252406,-21.633165],[-41.254963,-21.633042],[-41.254956,-21.632858]]},"properties":{"nome":"F11","tipo":"distribuicao","bairro":"TRAVESS\u00c3O"}},{"type":"Feature","geometry":{"type":"LineString","coordinates":[[-41.25224,-21.632942],[-41.252406,-21.633257],[-41.254979,-21.633116]]},"properties":{"nome":"F12","tipo":"distribuicao","bairro":"TRAVESS\u00c3O"}},{"type":"Feature","geometry":{"type":"LineString","coordinates":[[-41.254967,-21.633112],[-41.255015,-21.633644],[-41.254778,-21.633663]]},"properties":{"nome":"F6","tipo":"distribuicao","bairro":"TRAVESS\u00c3O"}},{"type":"Feature","geometry":{"type":"LineString","coordinates":[[-41.252252,-21.632957],[-41.252153,-21.632785],[-41.252126,-21.632208],[-41.252265,-21.632205]]},"properties":{"nome":"F7","tipo":"distribuicao","bairro":"TRAVESS\u00c3O"}},{"type":"Feature","geometry":{"type":"LineString","coordinates":[[-41.252252,-21.632957],[-41.252096,-21.632804],[-41.252063,-21.632222]]},"properties":{"nome":"F8","tipo":"distribuicao","bairro":"TRAVESS\u00c3O"}},{"type":"Feature","geometry":{"type":"LineString","coordinates":[[-41.252063,-21.632228],[-41.252056,-21.632044],[-41.252933,-21.63202],[-41.252944,-21.632268]]},"properties":{"nome":"F6","tipo":"distribuicao","bairro":"TRAVESS\u00c3O"}},{"type":"Feature","geometry":{"type":"LineString","coordinates":[[-41.252252,-21.632957],[-41.252038,-21.632797],[-41.252,-21.632242]]},"properties":{"nome":"F9","tipo":"distribuicao","bairro":"TRAVESS\u00c3O"}},{"type":"Feature","geometry":{"type":"LineString","coordinates":[[-41.251999,-21.632232],[-41.251976,-21.63146],[-41.252992,-21.631427],[-41.253012,-21.631637]]},"properties":{"nome":"F6","tipo":"distribuicao","bairro":"TRAVESS\u00c3O"}},{"type":"Feature","geometry":{"type":"LineString","coordinates":[[-41.252252,-21.632957],[-41.251975,-21.632812],[-41.251937,-21.632262]]},"properties":{"nome":"F10","tipo":"distribuicao","bairro":"TRAVESS\u00c3O"}},{"type":"Feature","geometry":{"type":"LineString","coordinates":[[-41.251937,-21.632262],[-41.251894,-21.631027],[-41.252231,-21.631018]]},"properties":{"nome":"F4","tipo":"distribuicao","bairro":"TRAVESS\u00c3O"}},{"type":"Feature","geometry":{"type":"LineString","coordinates":[[-41.252252,-21.632957],[-41.251929,-21.632825],[-41.25189,-21.632254]]},"properties":{"nome":"F11","tipo":"distribuicao","bairro":"TRAVESS\u00c3O"}},{"type":"Feature","geometry":{"type":"LineString","coordinates":[[-41.251891,-21.63226],[-41.251828,-21.630906],[-41.253208,-21.630852],[-41.253219,-21.631014]]},"properties":{"nome":"F5","tipo":"distribuicao","bairro":"TRAVESS\u00c3O"}},{"type":"Feature","geometry":{"type":"LineString","coordinates":[[-41.252252,-21.632957],[-41.251866,-21.632834],[-41.251832,-21.632258]]},"properties":{"nome":"F12","tipo":"distribuicao","bairro":"TRAVESS\u00c3O"}},{"type":"Feature","geometry":{"type":"LineString","coordinates":[[-41.251826,-21.632247],[-41.251773,-21.630607],[-41.253001,-21.630545],[-41.253002,-21.630724]]},"properties":{"nome":"F6","tipo":"distribuicao","bairro":"TRAVESS\u00c3O"}},{"type":"Feature","geometry":{"type":"LineString","coordinates":[[-41.285465,-21.64053],[-41.286849,-21.641313],[-41.287067,-21.643648],[-41.28554,-21.643726]]},"properties":{"nome":"F4","tipo":"distribuicao","bairro":"TRAVESS\u00c3O"}},{"type":"Feature","geometry":{"type":"LineString","coordinates":[[-41.285465,-21.64053],[-41.286616,-21.641401],[-41.285286,-21.641151]]},"properties":{"nome":"F5","tipo":"distribuicao","bairro":"TRAVESS\u00c3O"}},{"type":"Feature","geometry":{"type":"LineString","coordinates":[[-41.285465,-21.64053],[-41.287127,-21.641304],[-41.287376,-21.643847],[-41.28554,-21.643726]]},"properties":{"nome":"F6","tipo":"distribuicao","bairro":"TRAVESS\u00c3O"}},{"type":"Feature","geometry":{"type":"LineString","coordinates":[[-41.28546,-21.640431],[-41.286034,-21.640109],[-41.290335,-21.640431],[-41.290371,-21.641106]]},"properties":{"nome":"F9","tipo":"distribuicao","bairro":"TRAVESS\u00c3O"}},{"type":"Feature","geometry":{"type":"LineString","coordinates":[[-41.28546,-21.640431],[-41.286033,-21.639909],[-41.290392,-21.640217]]},"properties":{"nome":"F10","tipo":"distribuicao","bairro":"TRAVESS\u00c3O"}},{"type":"Feature","geometry":{"type":"LineString","coordinates":[[-41.290368,-21.640219],[-41.290691,-21.640233],[-41.290883,-21.642349],[-41.290077,-21.642418]]},"properties":{"nome":"F4","tipo":"distribuicao","bairro":"TRAVESS\u00c3O"}},{"type":"Feature","geometry":{"type":"LineString","coordinates":[[-41.28546,-21.640431],[-41.286018,-21.6397],[-41.290376,-21.639975]]},"properties":{"nome":"F11","tipo":"distribuicao","bairro":"TRAVESS\u00c3O"}},{"type":"Feature","geometry":{"type":"LineString","coordinates":[[-41.290375,-21.639964],[-41.290868,-21.640034],[-41.291133,-21.643741],[-41.290178,-21.64372]]},"properties":{"nome":"F5","tipo":"distribuicao","bairro":"TRAVESS\u00c3O"}},{"type":"Feature","geometry":{"type":"LineString","coordinates":[[-41.28546,-21.640431],[-41.286042,-21.639521],[-41.290363,-21.639787]]},"properties":{"nome":"F12","tipo":"distribuicao","bairro":"TRAVESS\u00c3O"}},{"type":"Feature","geometry":{"type":"LineString","coordinates":[[-41.290351,-21.639788],[-41.291034,-21.639836],[-41.291517,-21.646045],[-41.290304,-21.646094]]},"properties":{"nome":"F6","tipo":"distribuicao","bairro":"TRAVESS\u00c3O"}},{"type":"Feature","geometry":{"type":"LineString","coordinates":[[-41.285454,-21.640427],[-41.283631,-21.64107],[-41.281707,-21.641404],[-41.281659,-21.640706]]},"properties":{"nome":"F9","tipo":"distribuicao","bairro":"TRAVESS\u00c3O"}},{"type":"Feature","geometry":{"type":"LineString","coordinates":[[-41.285454,-21.640427],[-41.283708,-21.641324],[-41.275907,-21.642558],[-41.274714,-21.63205]]},"properties":{"nome":"F10","tipo":"distribuicao","bairro":"TRAVESS\u00c3O"}},{"type":"Feature","geometry":{"type":"LineString","coordinates":[[-41.285454,-21.640427],[-41.283782,-21.641541],[-41.275568,-21.642837],[-41.274384,-21.632457],[-41.270395,-21.632784],[-41.270389,-21.63212]]},"properties":{"nome":"F11","tipo":"distribuicao","bairro":"TRAVESS\u00c3O"}},{"type":"Feature","geometry":{"type":"LineString","coordinates":[[-41.285454,-21.640427],[-41.283895,-21.641737],[-41.275365,-21.64307],[-41.274105,-21.632732],[-41.268158,-21.633193],[-41.268073,-21.632237]]},"properties":{"nome":"F12","tipo":"distribuicao","bairro":"TRAVESS\u00c3O"}},{"type":"Feature","geometry":{"type":"LineString","coordinates":[[-41.285454,-21.640427],[-41.283658,-21.640877],[-41.277961,-21.641665],[-41.277971,-21.642186],[-41.276762,-21.642982],[-41.276169,-21.643038]]},"properties":{"nome":"F5","tipo":"distribuicao","bairro":"TRAVESS\u00c3O"}},{"type":"Feature","geometry":{"type":"LineString","coordinates":[[-41.298767,-21.638073],[-41.297885,-21.637979],[-41.297074,-21.638417],[-41.297343,-21.63902]]},"properties":{"nome":"F9","tipo":"distribuicao","bairro":"TRAVESS\u00c3O"}},{"type":"Feature","geometry":{"type":"LineString","coordinates":[[-41.298767,-21.638073],[-41.297753,-21.63784],[-41.296959,-21.638261]]},"properties":{"nome":"F10","tipo":"distribuicao","bairro":"TRAVESS\u00c3O"}},{"type":"Feature","geometry":{"type":"LineString","coordinates":[[-41.296959,-21.638261],[-41.296351,-21.63859],[-41.296371,-21.640428],[-41.296927,-21.640363]]},"properties":{"nome":"F5","tipo":"distribuicao","bairro":"TRAVESS\u00c3O"}},{"type":"Feature","geometry":{"type":"LineString","coordinates":[[-41.298767,-21.638073],[-41.297688,-21.637665],[-41.296826,-21.638107]]},"properties":{"nome":"F11","tipo":"distribuicao","bairro":"TRAVESS\u00c3O"}},{"type":"Feature","geometry":{"type":"LineString","coordinates":[[-41.296843,-21.638106],[-41.296099,-21.638491],[-41.296078,-21.642041],[-41.29698,-21.641906]]},"properties":{"nome":"F6","tipo":"distribuicao","bairro":"TRAVESS\u00c3O"}},{"type":"Feature","geometry":{"type":"LineString","coordinates":[[-41.298767,-21.638073],[-41.297657,-21.637455],[-41.292905,-21.639883],[-41.293032,-21.640711]]},"properties":{"nome":"F12","tipo":"distribuicao","bairro":"TRAVESS\u00c3O"}},{"type":"Feature","geometry":{"type":"LineString","coordinates":[[-41.298824,-21.638135],[-41.299701,-21.637644],[-41.300648,-21.637669],[-41.300554,-21.638342]]},"properties":{"nome":"F9","tipo":"distribuicao","bairro":"TRAVESS\u00c3O"}},{"type":"Feature","geometry":{"type":"LineString","coordinates":[[-41.298824,-21.638135],[-41.299621,-21.637502],[-41.301268,-21.637519],[-41.303789,-21.636996],[-41.304036,-21.637795]]},"properties":{"nome":"F10","tipo":"distribuicao","bairro":"TRAVESS\u00c3O"}},{"type":"Feature","geometry":{"type":"LineString","coordinates":[[-41.298824,-21.638135],[-41.299539,-21.637328],[-41.301274,-21.637356],[-41.306092,-21.636355],[-41.308698,-21.636576],[-41.308636,-21.637198]]},"properties":{"nome":"F11","tipo":"distribuicao","bairro":"TRAVESS\u00c3O"}},{"type":"Feature","geometry":{"type":"LineString","coordinates":[[-41.298824,-21.638135],[-41.299386,-21.637142],[-41.301434,-21.637135],[-41.306249,-21.636102],[-41.308893,-21.636352],[-41.310192,-21.637762]]},"properties":{"nome":"F12","tipo":"distribuicao","bairro":"TRAVESS\u00c3O"}},{"type":"Feature","geometry":{"type":"LineString","coordinates":[[-41.308751,-21.633153],[-41.308465,-21.633576],[-41.307963,-21.63359],[-41.307949,-21.63326]]},"properties":{"nome":"F9","tipo":"distribuicao","bairro":"TRAVESS\u00c3O"}},{"type":"Feature","geometry":{"type":"LineString","coordinates":[[-41.308751,-21.633153],[-41.308505,-21.633654],[-41.307926,-21.633681]]},"properties":{"nome":"F10","tipo":"distribuicao","bairro":"TRAVESS\u00c3O"}},{"type":"Feature","geometry":{"type":"LineString","coordinates":[[-41.307943,-21.633672],[-41.30668,-21.633714],[-41.306677,-21.633303]]},"properties":{"nome":"F4","tipo":"distribuicao","bairro":"TRAVESS\u00c3O"}},{"type":"Feature","geometry":{"type":"LineString","coordinates":[[-41.308751,-21.633153],[-41.308564,-21.633748],[-41.30795,-21.633776]]},"properties":{"nome":"F11","tipo":"distribuicao","bairro":"TRAVESS\u00c3O"}},{"type":"Feature","geometry":{"type":"LineString","coordinates":[[-41.307967,-21.633775],[-41.305718,-21.633851],[-41.305726,-21.633343]]},"properties":{"nome":"F5","tipo":"distribuicao","bairro":"TRAVESS\u00c3O"}},{"type":"Feature","geometry":{"type":"LineString","coordinates":[[-41.308751,-21.633153],[-41.308631,-21.63384],[-41.307939,-21.633865]]},"properties":{"nome":"F12","tipo":"distribuicao","bairro":"TRAVESS\u00c3O"}},{"type":"Feature","geometry":{"type":"LineString","coordinates":[[-41.307939,-21.633865],[-41.304721,-21.633983],[-41.304697,-21.633388]]},"properties":{"nome":"F6","tipo":"distribuicao","bairro":"TRAVESS\u00c3O"}},{"type":"Feature","geometry":{"type":"LineString","coordinates":[[-41.308731,-21.633149],[-41.30887,-21.632899],[-41.308672,-21.63229],[-41.30786,-21.632338],[-41.307889,-21.632627]]},"properties":{"nome":"F9","tipo":"distribuicao","bairro":"TRAVESS\u00c3O"}},{"type":"Feature","geometry":{"type":"LineString","coordinates":[[-41.308731,-21.633149],[-41.308956,-21.632886],[-41.308734,-21.632174],[-41.307844,-21.632226]]},"properties":{"nome":"F10","tipo":"distribuicao","bairro":"TRAVESS\u00c3O"}},{"type":"Feature","geometry":{"type":"LineString","coordinates":[[-41.307852,-21.632218],[-41.307144,-21.63226],[-41.30717,-21.632645]]},"properties":{"nome":"F4","tipo":"distribuicao","bairro":"TRAVESS\u00c3O"}},{"type":"Feature","geometry":{"type":"LineString","coordinates":[[-41.308731,-21.633149],[-41.309042,-21.632881],[-41.308795,-21.632065],[-41.307846,-21.63213]]},"properties":{"nome":"F11","tipo":"distribuicao","bairro":"TRAVESS\u00c3O"}},{"type":"Feature","geometry":{"type":"LineString","coordinates":[[-41.307845,-21.632113],[-41.306367,-21.632193],[-41.306406,-21.632626]]},"properties":{"nome":"F5","tipo":"distribuicao","bairro":"TRAVESS\u00c3O"}},{"type":"Feature","geometry":{"type":"LineString","coordinates":[[-41.308731,-21.633149],[-41.309146,-21.632875],[-41.308866,-21.631956],[-41.307822,-21.632034]]},"properties":{"nome":"F12","tipo":"distribuicao","bairro":"TRAVESS\u00c3O"}},{"type":"Feature","geometry":{"type":"LineString","coordinates":[[-41.307813,-21.632027],[-41.305351,-21.632172],[-41.305411,-21.632668]]},"properties":{"nome":"F6","tipo":"distribuicao","bairro":"TRAVESS\u00c3O"}},{"type":"Feature","geometry":{"type":"LineString","coordinates":[[-41.308784,-21.633162],[-41.309344,-21.632992],[-41.308563,-21.630572],[-41.30793,-21.630698]]},"properties":{"nome":"F5","tipo":"distribuicao","bairro":"TRAVESS\u00c3O"}},{"type":"Feature","geometry":{"type":"LineString","coordinates":[[-41.308784,-21.633162],[-41.309461,-21.633042],[-41.308029,-21.628462],[-41.307236,-21.628662]]},"properties":{"nome":"F6","tipo":"distribuicao","bairro":"TRAVESS\u00c3O"}},{"type":"Feature","geometry":{"type":"LineString","coordinates":[[-41.309833,-21.636358],[-41.309884,-21.636068],[-41.310439,-21.635993],[-41.310476,-21.636169]]},"properties":{"nome":"F6","tipo":"distribuicao","bairro":"TRAVESS\u00c3O"}},{"type":"Feature","geometry":{"type":"LineString","coordinates":[[-41.309824,-21.636378],[-41.310053,-21.636532],[-41.31032,-21.637276],[-41.31065,-21.637283],[-41.310671,-21.63745]]},"properties":{"nome":"F9","tipo":"distribuicao","bairro":"TRAVESS\u00c3O"}},{"type":"Feature","geometry":{"type":"LineString","coordinates":[[-41.309824,-21.636378],[-41.31012,-21.636538],[-41.310362,-21.637226],[-41.311607,-21.637251],[-41.311608,-21.637665],[-41.311419,-21.637669]]},"properties":{"nome":"F10","tipo":"distribuicao","bairro":"TRAVESS\u00c3O"}},{"type":"Feature","geometry":{"type":"LineString","coordinates":[[-41.309824,-21.636378],[-41.310185,-21.636532],[-41.310392,-21.637147],[-41.3117,-21.637161],[-41.311716,-21.638304]]},"properties":{"nome":"F11","tipo":"distribuicao","bairro":"TRAVESS\u00c3O"}},{"type":"Feature","geometry":{"type":"LineString","coordinates":[[-41.309824,-21.636378],[-41.310233,-21.636481],[-41.310445,-21.637089],[-41.311874,-21.637087],[-41.311908,-21.638312]]},"properties":{"nome":"F12","tipo":"distribuicao","bairro":"TRAVESS\u00c3O"}},{"type":"Feature","geometry":{"type":"LineString","coordinates":[[-41.311898,-21.638296],[-41.311889,-21.638974],[-41.31141,-21.638975]]},"properties":{"nome":"F6","tipo":"distribuicao","bairro":"TRAVESS\u00c3O"}},{"type":"Feature","geometry":{"type":"LineString","coordinates":[[-41.309805,-21.636381],[-41.309578,-21.636264],[-41.309271,-21.635423],[-41.309502,-21.6354]]},"properties":{"nome":"F9","tipo":"distribuicao","bairro":"TRAVESS\u00c3O"}},{"type":"Feature","geometry":{"type":"LineString","coordinates":[[-41.309805,-21.636381],[-41.309507,-21.636301],[-41.30919,-21.635444]]},"properties":{"nome":"F10","tipo":"distribuicao","bairro":"TRAVESS\u00c3O"}},{"type":"Feature","geometry":{"type":"LineString","coordinates":[[-41.309197,-21.635449],[-41.309126,-21.635266],[-41.310469,-21.635036],[-41.310592,-21.635471]]},"properties":{"nome":"F6","tipo":"distribuicao","bairro":"TRAVESS\u00c3O"}},{"type":"Feature","geometry":{"type":"LineString","coordinates":[[-41.309805,-21.636381],[-41.309442,-21.636368],[-41.309113,-21.635452]]},"properties":{"nome":"F11","tipo":"distribuicao","bairro":"TRAVESS\u00c3O"}},{"type":"Feature","geometry":{"type":"LineString","coordinates":[[-41.309113,-21.635452],[-41.308932,-21.634899],[-41.309316,-21.634824]]},"properties":{"nome":"F5","tipo":"distribuicao","bairro":"TRAVESS\u00c3O"}},{"type":"Feature","geometry":{"type":"LineString","coordinates":[[-41.309805,-21.636381],[-41.309369,-21.636429],[-41.309029,-21.635461]]},"properties":{"nome":"F12","tipo":"distribuicao","bairro":"TRAVESS\u00c3O"}},{"type":"Feature","geometry":{"type":"LineString","coordinates":[[-41.309039,-21.635477],[-41.308784,-21.634694],[-41.310573,-21.634469],[-41.31064,-21.634725]]},"properties":{"nome":"F6","tipo":"distribuicao","bairro":"TRAVESS\u00c3O"}},{"type":"Feature","geometry":{"type":"LineString","coordinates":[[-41.312197,-21.634105],[-41.312057,-21.634343],[-41.311665,-21.634335],[-41.311664,-21.634807],[-41.311474,-21.634798]]},"properties":{"nome":"F9","tipo":"distribuicao","bairro":"TRAVESS\u00c3O"}},{"type":"Feature","geometry":{"type":"LineString","coordinates":[[-41.312197,-21.634105],[-41.312029,-21.634282],[-41.311245,-21.63425],[-41.311216,-21.636326],[-41.311424,-21.636336]]},"properties":{"nome":"F10","tipo":"distribuicao","bairro":"TRAVESS\u00c3O"}},{"type":"Feature","geometry":{"type":"LineString","coordinates":[[-41.312197,-21.634105],[-41.31203,-21.634226],[-41.311175,-21.634198],[-41.311151,-21.63633]]},"properties":{"nome":"F11","tipo":"distribuicao","bairro":"TRAVESS\u00c3O"}},{"type":"Feature","geometry":{"type":"LineString","coordinates":[[-41.311145,-21.636313],[-41.311146,-21.636512],[-41.311675,-21.636523],[-41.3117,-21.635938],[-41.312033,-21.635944],[-41.312043,-21.635768]]},"properties":{"nome":"F6","tipo":"distribuicao","bairro":"TRAVESS\u00c3O"}},{"type":"Feature","geometry":{"type":"LineString","coordinates":[[-41.312197,-21.634105],[-41.311972,-21.634181],[-41.311093,-21.634147],[-41.311068,-21.636317]]},"properties":{"nome":"F12","tipo":"distribuicao","bairro":"TRAVESS\u00c3O"}},{"type":"Feature","geometry":{"type":"LineString","coordinates":[[-41.311074,-21.636312],[-41.311079,-21.636887],[-41.31178,-21.636884],[-41.311776,-21.637072]]},"properties":{"nome":"F6","tipo":"distribuicao","bairro":"TRAVESS\u00c3O"}},{"type":"Feature","geometry":{"type":"LineString","coordinates":[[-41.312188,-21.634086],[-41.312041,-21.633763],[-41.311328,-21.633732],[-41.311332,-21.633296],[-41.31211,-21.633316],[-41.312101,-21.63346]]},"properties":{"nome":"F8","tipo":"distribuicao","bairro":"TRAVESS\u00c3O"}},{"type":"Feature","geometry":{"type":"LineString","coordinates":[[-41.312188,-21.634086],[-41.311998,-21.633811],[-41.311262,-21.633786],[-41.311279,-21.633018],[-41.312212,-21.633048],[-41.312204,-21.632843]]},"properties":{"nome":"F9","tipo":"distribuicao","bairro":"TRAVESS\u00c3O"}},{"type":"Feature","geometry":{"type":"LineString","coordinates":[[-41.312188,-21.634086],[-41.311967,-21.633866],[-41.311195,-21.63384],[-41.311213,-21.632785]]},"properties":{"nome":"F10","tipo":"distribuicao","bairro":"TRAVESS\u00c3O"}},{"type":"Feature","geometry":{"type":"LineString","coordinates":[[-41.311213,-21.63278],[-41.311216,-21.632156],[-41.311512,-21.632172]]},"properties":{"nome":"F4","tipo":"distribuicao","bairro":"TRAVESS\u00c3O"}},{"type":"Feature","geometry":{"type":"LineString","coordinates":[[-41.312188,-21.634086],[-41.311948,-21.633926],[-41.311123,-21.633899],[-41.31113,-21.632778]]},"properties":{"nome":"F11","tipo":"distribuicao","bairro":"TRAVESS\u00c3O"}},{"type":"Feature","geometry":{"type":"LineString","coordinates":[[-41.311124,-21.632783],[-41.311138,-21.631916],[-41.312456,-21.631942],[-41.312453,-21.632097]]},"properties":{"nome":"F5","tipo":"distribuicao","bairro":"TRAVESS\u00c3O"}},{"type":"Feature","geometry":{"type":"LineString","coordinates":[[-41.312188,-21.634086],[-41.311935,-21.633987],[-41.311032,-21.633969],[-41.311047,-21.63276]]},"properties":{"nome":"F12","tipo":"distribuicao","bairro":"TRAVESS\u00c3O"}},{"type":"Feature","geometry":{"type":"LineString","coordinates":[[-41.311048,-21.632754],[-41.311051,-21.631572],[-41.312256,-21.631618],[-41.31226,-21.631419]]},"properties":{"nome":"F6","tipo":"distribuicao","bairro":"TRAVESS\u00c3O"}},{"type":"Feature","geometry":{"type":"LineString","coordinates":[[-41.311571,-21.629544],[-41.31168,-21.629629],[-41.311674,-21.629807],[-41.312208,-21.629821],[-41.312205,-21.629933]]},"properties":{"nome":"F6","tipo":"distribuicao","bairro":"TRAVESS\u00c3O"}},{"type":"Feature","geometry":{"type":"LineString","coordinates":[[-41.311588,-21.629533],[-41.311685,-21.629461],[-41.311687,-21.629386],[-41.3123,-21.629428],[-41.312298,-21.629324]]},"properties":{"nome":"F6","tipo":"distribuicao","bairro":"TRAVESS\u00c3O"}},{"type":"Feature","geometry":{"type":"LineString","coordinates":[[-41.311572,-21.629529],[-41.311442,-21.629605],[-41.311417,-21.630693],[-41.311557,-21.6307]]},"properties":{"nome":"F5","tipo":"distribuicao","bairro":"TRAVESS\u00c3O"}},{"type":"Feature","geometry":{"type":"LineString","coordinates":[[-41.311572,-21.629529],[-41.311393,-21.629604],[-41.311366,-21.630819],[-41.312584,-21.630854],[-41.312584,-21.630675]]},"properties":{"nome":"F6","tipo":"distribuicao","bairro":"TRAVESS\u00c3O"}},{"type":"Feature","geometry":{"type":"LineString","coordinates":[[-41.31156,-21.629533],[-41.311473,-21.629442],[-41.311485,-21.628588],[-41.311593,-21.628594]]},"properties":{"nome":"F8","tipo":"distribuicao","bairro":"TRAVESS\u00c3O"}},{"type":"Feature","geometry":{"type":"LineString","coordinates":[[-41.31156,-21.629533],[-41.311433,-21.629452],[-41.311445,-21.628591]]},"properties":{"nome":"F9","tipo":"distribuicao","bairro":"TRAVESS\u00c3O"}},{"type":"Feature","geometry":{"type":"LineString","coordinates":[[-41.311441,-21.628576],[-41.311444,-21.628438],[-41.312562,-21.628494],[-41.312566,-21.628647]]},"properties":{"nome":"F6","tipo":"distribuicao","bairro":"TRAVESS\u00c3O"}},{"type":"Feature","geometry":{"type":"LineString","coordinates":[[-41.31156,-21.629533],[-41.311389,-21.629462],[-41.311419,-21.627785],[-41.312008,-21.627816],[-41.312006,-21.627898]]},"properties":{"nome":"F10","tipo":"distribuicao","bairro":"TRAVESS\u00c3O"}},{"type":"Feature","geometry":{"type":"LineString","coordinates":[[-41.31156,-21.629533],[-41.31134,-21.62948],[-41.31138,-21.627729],[-41.311997,-21.62776]]},"properties":{"nome":"F11","tipo":"distribuicao","bairro":"TRAVESS\u00c3O"}},{"type":"Feature","geometry":{"type":"LineString","coordinates":[[-41.311997,-21.62776],[-41.312614,-21.62779],[-41.312606,-21.627939]]},"properties":{"nome":"F5","tipo":"distribuicao","bairro":"TRAVESS\u00c3O"}},{"type":"Feature","geometry":{"type":"LineString","coordinates":[[-41.31156,-21.629533],[-41.311295,-21.629513],[-41.311341,-21.627668],[-41.312014,-21.6277]]},"properties":{"nome":"F12","tipo":"distribuicao","bairro":"TRAVESS\u00c3O"}},{"type":"Feature","geometry":{"type":"LineString","coordinates":[[-41.312018,-21.627697],[-41.312992,-21.627731],[-41.312983,-21.627969]]},"properties":{"nome":"F6","tipo":"distribuicao","bairro":"TRAVESS\u00c3O"}},{"type":"Feature","geometry":{"type":"LineString","coordinates":[[-41.311611,-21.626814],[-41.311812,-21.626715],[-41.312028,-21.626724],[-41.312042,-21.62649]]},"properties":{"nome":"F5","tipo":"distribuicao","bairro":"TRAVESS\u00c3O"}},{"type":"Feature","geometry":{"type":"LineString","coordinates":[[-41.311611,-21.626814],[-41.311819,-21.626758],[-41.312921,-21.626806],[-41.312934,-21.626577]]},"properties":{"nome":"F6","tipo":"distribuicao","bairro":"TRAVESS\u00c3O"}},{"type":"Feature","geometry":{"type":"LineString","coordinates":[[-41.311588,-21.626821],[-41.311735,-21.627],[-41.311986,-21.627012],[-41.311968,-21.627197]]},"properties":{"nome":"F5","tipo":"distribuicao","bairro":"TRAVESS\u00c3O"}},{"type":"Feature","geometry":{"type":"LineString","coordinates":[[-41.311588,-21.626821],[-41.311763,-21.626952],[-41.31314,-21.627016],[-41.313132,-21.627271]]},"properties":{"nome":"F6","tipo":"distribuicao","bairro":"TRAVESS\u00c3O"}},{"type":"Feature","geometry":{"type":"LineString","coordinates":[[-41.311576,-21.62678],[-41.311435,-21.626675],[-41.311172,-21.626651],[-41.311165,-21.626994],[-41.311301,-21.626981]]},"properties":{"nome":"F7","tipo":"distribuicao","bairro":"TRAVESS\u00c3O"}},{"type":"Feature","geometry":{"type":"LineString","coordinates":[[-41.311576,-21.62678],[-41.311422,-21.626626],[-41.31111,-21.626603],[-41.311104,-21.627956],[-41.311301,-21.627959]]},"properties":{"nome":"F8","tipo":"distribuicao","bairro":"TRAVESS\u00c3O"}},{"type":"Feature","geometry":{"type":"LineString","coordinates":[[-41.311576,-21.62678],[-41.311425,-21.626516],[-41.310952,-21.626502],[-41.310931,-21.628339],[-41.310668,-21.628337]]},"properties":{"nome":"F9","tipo":"distribuicao","bairro":"TRAVESS\u00c3O"}},{"type":"Feature","geometry":{"type":"LineString","coordinates":[[-41.311576,-21.62678],[-41.311438,-21.626463],[-41.310908,-21.626457],[-41.310882,-21.628283],[-41.310764,-21.628283]]},"properties":{"nome":"F10","tipo":"distribuicao","bairro":"TRAVESS\u00c3O"}},{"type":"Feature","geometry":{"type":"LineString","coordinates":[[-41.310768,-21.628283],[-41.310793,-21.627085],[-41.31067,-21.627081]]},"properties":{"nome":"F6","tipo":"distribuicao","bairro":"TRAVESS\u00c3O"}},{"type":"Feature","geometry":{"type":"LineString","coordinates":[[-41.311576,-21.62678],[-41.31139,-21.626544],[-41.311009,-21.626534],[-41.310984,-21.628498],[-41.310756,-21.628503]]},"properties":{"nome":"F11","tipo":"distribuicao","bairro":"TRAVESS\u00c3O"}},{"type":"Feature","geometry":{"type":"LineString","coordinates":[[-41.310769,-21.628503],[-41.310375,-21.628509],[-41.310013,-21.627965],[-41.310153,-21.627891]]},"properties":{"nome":"F5","tipo":"distribuicao","bairro":"TRAVESS\u00c3O"}},{"type":"Feature","geometry":{"type":"LineString","coordinates":[[-41.311576,-21.62678],[-41.311364,-21.626577],[-41.311062,-21.626574],[-41.31105,-21.628567],[-41.310748,-21.628569]]},"properties":{"nome":"F12","tipo":"distribuicao","bairro":"TRAVESS\u00c3O"}},{"type":"Feature","geometry":{"type":"LineString","coordinates":[[-41.310752,-21.628568],[-41.310301,-21.628583],[-41.309505,-21.627323],[-41.309724,-21.627204]]},"properties":{"nome":"F6","tipo":"distribuicao","bairro":"TRAVESS\u00c3O"}},{"type":"Feature","geometry":{"type":"LineString","coordinates":[[-41.310741,-21.623917],[-41.310919,-21.623887],[-41.311097,-21.623202],[-41.310925,-21.62314]]},"properties":{"nome":"F10","tipo":"distribuicao","bairro":"TRAVESS\u00c3O"}},{"type":"Feature","geometry":{"type":"LineString","coordinates":[[-41.310741,-21.623917],[-41.310973,-21.623925],[-41.311151,-21.623211]]},"properties":{"nome":"F11","tipo":"distribuicao","bairro":"TRAVESS\u00c3O"}},{"type":"Feature","geometry":{"type":"LineString","coordinates":[[-41.311151,-21.623216],[-41.311259,-21.623236],[-41.311222,-21.623442],[-41.311389,-21.623453]]},"properties":{"nome":"F5","tipo":"distribuicao","bairro":"TRAVESS\u00c3O"}},{"type":"Feature","geometry":{"type":"LineString","coordinates":[[-41.310741,-21.623917],[-41.311022,-21.623976],[-41.311137,-21.623514]]},"properties":{"nome":"F12","tipo":"distribuicao","bairro":"TRAVESS\u00c3O"}},{"type":"Feature","geometry":{"type":"LineString","coordinates":[[-41.311141,-21.623528],[-41.311259,-21.62357],[-41.311225,-21.62496],[-41.311369,-21.624957]]},"properties":{"nome":"F6","tipo":"distribuicao","bairro":"TRAVESS\u00c3O"}},{"type":"Feature","geometry":{"type":"LineString","coordinates":[[-41.310741,-21.623954],[-41.310832,-21.624171],[-41.310861,-21.62491],[-41.310683,-21.624912]]},"properties":{"nome":"F5","tipo":"distribuicao","bairro":"TRAVESS\u00c3O"}},{"type":"Feature","geometry":{"type":"LineString","coordinates":[[-41.310741,-21.623954],[-41.310916,-21.624135],[-41.310938,-21.625745],[-41.310701,-21.625752]]},"properties":{"nome":"F6","tipo":"distribuicao","bairro":"TRAVESS\u00c3O"}},{"type":"Feature","geometry":{"type":"LineString","coordinates":[[-41.310697,-21.623903],[-41.310528,-21.62397],[-41.309797,-21.625136],[-41.309954,-21.625225]]},"properties":{"nome":"F4","tipo":"distribuicao","bairro":"TRAVESS\u00c3O"}},{"type":"Feature","geometry":{"type":"LineString","coordinates":[[-41.310697,-21.623903],[-41.31047,-21.623928],[-41.309713,-21.625162],[-41.309705,-21.626075],[-41.309898,-21.626082]]},"properties":{"nome":"F5","tipo":"distribuicao","bairro":"TRAVESS\u00c3O"}},{"type":"Feature","geometry":{"type":"LineString","coordinates":[[-41.310697,-21.623903],[-41.310421,-21.623872],[-41.30922,-21.625844],[-41.30947,-21.625925]]},"properties":{"nome":"F6","tipo":"distribuicao","bairro":"TRAVESS\u00c3O"}},{"type":"Feature","geometry":{"type":"LineString","coordinates":[[-41.31171,-21.624616],[-41.311795,-21.624536],[-41.311818,-21.62442],[-41.312056,-21.624447],[-41.312075,-21.624334]]},"properties":{"nome":"F5","tipo":"distribuicao","bairro":"TRAVESS\u00c3O"}},{"type":"Feature","geometry":{"type":"LineString","coordinates":[[-41.31171,-21.624616],[-41.311832,-21.624556],[-41.31185,-21.624465],[-41.313137,-21.624621],[-41.313164,-21.624467]]},"properties":{"nome":"F6","tipo":"distribuicao","bairro":"TRAVESS\u00c3O"}},{"type":"Feature","geometry":{"type":"LineString","coordinates":[[-41.311704,-21.624617],[-41.31179,-21.624682],[-41.312834,-21.624791],[-41.312827,-21.624907]]},"properties":{"nome":"F4","tipo":"distribuicao","bairro":"TRAVESS\u00c3O"}},{"type":"Feature","geometry":{"type":"LineString","coordinates":[[-41.311704,-21.624617],[-41.311778,-21.624715],[-41.312746,-21.624818],[-41.312745,-21.624861],[-41.312516,-21.62484],[-41.31246,-21.625314],[-41.312342,-21.625299]]},"properties":{"nome":"F5","tipo":"distribuicao","bairro":"TRAVESS\u00c3O"}},{"type":"Feature","geometry":{"type":"LineString","coordinates":[[-41.311704,-21.624617],[-41.311814,-21.624644],[-41.313236,-21.624801],[-41.313171,-21.625302],[-41.313027,-21.625291]]},"properties":{"nome":"F6","tipo":"distribuicao","bairro":"TRAVESS\u00c3O"}},{"type":"Feature","geometry":{"type":"LineString","coordinates":[[-41.311704,-21.624617],[-41.311802,-21.624925],[-41.311761,-21.625628],[-41.311638,-21.625714]]},"properties":{"nome":"F4","tipo":"distribuicao","bairro":"TRAVESS\u00c3O"}},{"type":"Feature","geometry":{"type":"LineString","coordinates":[[-41.311704,-21.624617],[-41.311848,-21.624926],[-41.311807,-21.625635],[-41.312313,-21.625662],[-41.312299,-21.625784]]},"properties":{"nome":"F5","tipo":"distribuicao","bairro":"TRAVESS\u00c3O"}},{"type":"Feature","geometry":{"type":"LineString","coordinates":[[-41.311704,-21.624617],[-41.31189,-21.624929],[-41.311857,-21.625593],[-41.313249,-21.625677],[-41.313239,-21.625829]]},"properties":{"nome":"F6","tipo":"distribuicao","bairro":"TRAVESS\u00c3O"}},{"type":"Feature","geometry":{"type":"LineString","coordinates":[[-41.312053,-21.622775],[-41.312045,-21.622661],[-41.311841,-21.622638],[-41.31189,-21.622136],[-41.311736,-21.62212]]},"properties":{"nome":"F4","tipo":"distribuicao","bairro":"TRAVESS\u00c3O"}},{"type":"Feature","geometry":{"type":"LineString","coordinates":[[-41.312053,-21.622775],[-41.312079,-21.622618],[-41.311902,-21.6226],[-41.311932,-21.622387],[-41.312263,-21.62243],[-41.312278,-21.622315]]},"properties":{"nome":"F5","tipo":"distribuicao","bairro":"TRAVESS\u00c3O"}},{"type":"Feature","geometry":{"type":"LineString","coordinates":[[-41.312053,-21.622775],[-41.312131,-21.62259],[-41.311965,-21.62257],[-41.311984,-21.622447],[-41.313072,-21.622582],[-41.313102,-21.622421]]},"properties":{"nome":"F6","tipo":"distribuicao","bairro":"TRAVESS\u00c3O"}},{"type":"Feature","geometry":{"type":"LineString","coordinates":[[-41.312064,-21.622779],[-41.312289,-21.622701],[-41.313122,-21.622791],[-41.313102,-21.622924]]},"properties":{"nome":"F6","tipo":"distribuicao","bairro":"TRAVESS\u00c3O"}},{"type":"Feature","geometry":{"type":"LineString","coordinates":[[-41.312047,-21.622806],[-41.311849,-21.622886],[-41.311823,-21.623136],[-41.312299,-21.62318],[-41.312283,-21.623313]]},"properties":{"nome":"F9","tipo":"distribuicao","bairro":"TRAVESS\u00c3O"}},{"type":"Feature","geometry":{"type":"LineString","coordinates":[[-41.312047,-21.622806],[-41.311893,-21.622911],[-41.311873,-21.62309],[-41.312311,-21.623128]]},"properties":{"nome":"F10","tipo":"distribuicao","bairro":"TRAVESS\u00c3O"}},{"type":"Feature","geometry":{"type":"LineString","coordinates":[[-41.312308,-21.623124],[-41.313016,-21.6232],[-41.312997,-21.623411]]},"properties":{"nome":"F6","tipo":"distribuicao","bairro":"TRAVESS\u00c3O"}},{"type":"Feature","geometry":{"type":"LineString","coordinates":[[-41.312047,-21.622806],[-41.311763,-21.62283],[-41.311735,-21.623224],[-41.312083,-21.623251]]},"properties":{"nome":"F11","tipo":"distribuicao","bairro":"TRAVESS\u00c3O"}},{"type":"Feature","geometry":{"type":"LineString","coordinates":[[-41.312047,-21.622806],[-41.311802,-21.622865],[-41.311772,-21.623188],[-41.31215,-21.623221]]},"properties":{"nome":"F12","tipo":"distribuicao","bairro":"TRAVESS\u00c3O"}},{"type":"Feature","geometry":{"type":"LineString","coordinates":[[-41.312146,-21.623225],[-41.312101,-21.623639],[-41.31319,-21.623766],[-41.313148,-21.623975]]},"properties":{"nome":"F6","tipo":"distribuicao","bairro":"TRAVESS\u00c3O"}},{"type":"Feature","geometry":{"type":"LineString","coordinates":[[-41.312079,-21.623251],[-41.31203,-21.623711],[-41.312376,-21.623752],[-41.312354,-21.623874]]},"properties":{"nome":"F5","tipo":"distribuicao","bairro":"TRAVESS\u00c3O"}},{"type":"Feature","geometry":{"type":"LineString","coordinates":[[-41.311751,-21.620572],[-41.311905,-21.62043],[-41.311904,-21.620041],[-41.311782,-21.619993]]},"properties":{"nome":"F9","tipo":"distribuicao","bairro":"TRAVESS\u00c3O"}},{"type":"Feature","geometry":{"type":"LineString","coordinates":[[-41.311751,-21.620572],[-41.311959,-21.620446],[-41.31196,-21.620046]]},"properties":{"nome":"F10","tipo":"distribuicao","bairro":"TRAVESS\u00c3O"}},{"type":"Feature","geometry":{"type":"LineString","coordinates":[[-41.311952,-21.620046],[-41.31261,-21.620025],[-41.312605,-21.619907]]},"properties":{"nome":"F4","tipo":"distribuicao","bairro":"TRAVESS\u00c3O"}},{"type":"Feature","geometry":{"type":"LineString","coordinates":[[-41.311751,-21.620572],[-41.312023,-21.620468],[-41.312015,-21.620103]]},"properties":{"nome":"F11","tipo":"distribuicao","bairro":"TRAVESS\u00c3O"}},{"type":"Feature","geometry":{"type":"LineString","coordinates":[[-41.312018,-21.620099],[-41.313576,-21.62003],[-41.313572,-21.619843]]},"properties":{"nome":"F5","tipo":"distribuicao","bairro":"TRAVESS\u00c3O"}},{"type":"Feature","geometry":{"type":"LineString","coordinates":[[-41.311751,-21.620572],[-41.312084,-21.62049],[-41.312069,-21.620149]]},"properties":{"nome":"F12","tipo":"distribuicao","bairro":"TRAVESS\u00c3O"}},{"type":"Feature","geometry":{"type":"LineString","coordinates":[[-41.312066,-21.620153],[-41.31372,-21.620067],[-41.313658,-21.619338],[-41.313487,-21.619352]]},"properties":{"nome":"F6","tipo":"distribuicao","bairro":"TRAVESS\u00c3O"}},{"type":"Feature","geometry":{"type":"LineString","coordinates":[[-41.311751,-21.620586],[-41.311866,-21.620727],[-41.312157,-21.620717],[-41.312154,-21.620821]]},"properties":{"nome":"F9","tipo":"distribuicao","bairro":"TRAVESS\u00c3O"}},{"type":"Feature","geometry":{"type":"LineString","coordinates":[[-41.311751,-21.620586],[-41.311875,-21.620682],[-41.312141,-21.620679]]},"properties":{"nome":"F10","tipo":"distribuicao","bairro":"TRAVESS\u00c3O"}},{"type":"Feature","geometry":{"type":"LineString","coordinates":[[-41.312141,-21.620672],[-41.312503,-21.620662],[-41.312549,-21.621373],[-41.312429,-21.621378]]},"properties":{"nome":"F6","tipo":"distribuicao","bairro":"TRAVESS\u00c3O"}},{"type":"Feature","geometry":{"type":"LineString","coordinates":[[-41.311751,-21.620586],[-41.311892,-21.62064],[-41.312139,-21.620627]]},"properties":{"nome":"F11","tipo":"distribuicao","bairro":"TRAVESS\u00c3O"}},{"type":"Feature","geometry":{"type":"LineString","coordinates":[[-41.312135,-21.62062],[-41.313378,-21.620559],[-41.31339,-21.620754]]},"properties":{"nome":"F5","tipo":"distribuicao","bairro":"TRAVESS\u00c3O"}},{"type":"Feature","geometry":{"type":"LineString","coordinates":[[-41.311751,-21.620586],[-41.31189,-21.620591],[-41.312129,-21.620575]]},"properties":{"nome":"F12","tipo":"distribuicao","bairro":"TRAVESS\u00c3O"}},{"type":"Feature","geometry":{"type":"LineString","coordinates":[[-41.312129,-21.620575],[-41.31376,-21.620472],[-41.313783,-21.620843],[-41.314127,-21.620834],[-41.314142,-21.621004]]},"properties":{"nome":"F6","tipo":"distribuicao","bairro":"TRAVESS\u00c3O"}},{"type":"Feature","geometry":{"type":"LineString","coordinates":[[-41.311728,-21.620569],[-41.311689,-21.620445],[-41.311484,-21.620463],[-41.311494,-21.620599]]},"properties":{"nome":"F6","tipo":"distribuicao","bairro":"TRAVESS\u00c3O"}},{"type":"Feature","geometry":{"type":"LineString","coordinates":[[-41.312074,-21.618959],[-41.312209,-21.618878],[-41.313036,-21.618885],[-41.313046,-21.61902]]},"properties":{"nome":"F10","tipo":"distribuicao","bairro":"TRAVESS\u00c3O"}},{"type":"Feature","geometry":{"type":"LineString","coordinates":[[-41.312074,-21.618959],[-41.312199,-21.618829],[-41.31303,-21.618826]]},"properties":{"nome":"F11","tipo":"distribuicao","bairro":"TRAVESS\u00c3O"}},{"type":"Feature","geometry":{"type":"LineString","coordinates":[[-41.313034,-21.618829],[-41.314253,-21.618819],[-41.31426,-21.618982]]},"properties":{"nome":"F6","tipo":"distribuicao","bairro":"TRAVESS\u00c3O"}},{"type":"Feature","geometry":{"type":"LineString","coordinates":[[-41.312074,-21.618959],[-41.31219,-21.618785],[-41.313027,-21.618774]]},"properties":{"nome":"F12","tipo":"distribuicao","bairro":"TRAVESS\u00c3O"}},{"type":"Feature","geometry":{"type":"LineString","coordinates":[[-41.313028,-21.618777],[-41.313252,-21.618769],[-41.313246,-21.618637],[-41.313373,-21.618629]]},"properties":{"nome":"F6","tipo":"distribuicao","bairro":"TRAVESS\u00c3O"}},{"type":"Feature","geometry":{"type":"LineString","coordinates":[[-41.312053,-21.618991],[-41.312056,-21.619151],[-41.311554,-21.619146],[-41.311556,-21.619017]]},"properties":{"nome":"F6","tipo":"distribuicao","bairro":"TRAVESS\u00c3O"}},{"type":"Feature","geometry":{"type":"LineString","coordinates":[[-41.312052,-21.618978],[-41.311936,-21.618884],[-41.311872,-21.618887],[-41.311885,-21.6185],[-41.311799,-21.618493]]},"properties":{"nome":"F8","tipo":"distribuicao","bairro":"TRAVESS\u00c3O"}},{"type":"Feature","geometry":{"type":"LineString","coordinates":[[-41.312052,-21.618978],[-41.311936,-21.618884],[-41.311872,-21.618887],[-41.311885,-21.6185],[-41.311799,-21.618493]]},"properties":{"nome":"F8","tipo":"distribuicao","bairro":"TRAVESS\u00c3O"}},{"type":"Feature","geometry":{"type":"LineString","coordinates":[[-41.312052,-21.618978],[-41.31195,-21.61886],[-41.311909,-21.618861],[-41.311919,-21.618495]]},"properties":{"nome":"F9","tipo":"distribuicao","bairro":"TRAVESS\u00c3O"}},{"type":"Feature","geometry":{"type":"LineString","coordinates":[[-41.311923,-21.618499],[-41.311933,-21.617959],[-41.311565,-21.617938],[-41.311568,-21.618074]]},"properties":{"nome":"F6","tipo":"distribuicao","bairro":"TRAVESS\u00c3O"}},{"type":"Feature","geometry":{"type":"LineString","coordinates":[[-41.312052,-21.618978],[-41.312049,-21.61881],[-41.312062,-21.61851]]},"properties":{"nome":"F10","tipo":"distribuicao","bairro":"TRAVESS\u00c3O"}},{"type":"Feature","geometry":{"type":"LineString","coordinates":[[-41.312052,-21.618978],[-41.311956,-21.618828],[-41.311968,-21.618508]]},"properties":{"nome":"F11","tipo":"distribuicao","bairro":"TRAVESS\u00c3O"}},{"type":"Feature","geometry":{"type":"LineString","coordinates":[[-41.311968,-21.618511],[-41.311992,-21.617167],[-41.311816,-21.617167]]},"properties":{"nome":"F5","tipo":"distribuicao","bairro":"TRAVESS\u00c3O"}},{"type":"Feature","geometry":{"type":"LineString","coordinates":[[-41.312052,-21.618978],[-41.312008,-21.618816],[-41.312017,-21.618509]]},"properties":{"nome":"F12","tipo":"distribuicao","bairro":"TRAVESS\u00c3O"}},{"type":"Feature","geometry":{"type":"LineString","coordinates":[[-41.312009,-21.618503],[-41.312043,-21.617032],[-41.31111,-21.617004],[-41.311102,-21.617252]]},"properties":{"nome":"F6","tipo":"distribuicao","bairro":"TRAVESS\u00c3O"}},{"type":"Feature","geometry":{"type":"LineString","coordinates":[[-41.312058,-21.61851],[-41.312071,-21.61828],[-41.312266,-21.618287],[-41.312276,-21.618168]]},"properties":{"nome":"F6","tipo":"distribuicao","bairro":"TRAVESS\u00c3O"}},{"type":"Feature","geometry":{"type":"LineString","coordinates":[[-41.313383,-21.617143],[-41.313588,-21.617274],[-41.313971,-21.617236],[-41.31395,-21.617075]]},"properties":{"nome":"F4","tipo":"distribuicao","bairro":"TRAVESS\u00c3O"}},{"type":"Feature","geometry":{"type":"LineString","coordinates":[[-41.313383,-21.617143],[-41.313599,-21.617329],[-41.314707,-21.6172],[-41.314683,-21.617005]]},"properties":{"nome":"F5","tipo":"distribuicao","bairro":"TRAVESS\u00c3O"}},{"type":"Feature","geometry":{"type":"LineString","coordinates":[[-41.313383,-21.617143],[-41.313598,-21.617373],[-41.314905,-21.617229],[-41.314843,-21.617581],[-41.314265,-21.617631],[-41.314283,-21.617751]]},"properties":{"nome":"F6","tipo":"distribuicao","bairro":"TRAVESS\u00c3O"}},{"type":"Feature","geometry":{"type":"LineString","coordinates":[[-41.313369,-21.617139],[-41.313185,-21.617049],[-41.31256,-21.617095],[-41.312566,-21.617205]]},"properties":{"nome":"F5","tipo":"distribuicao","bairro":"TRAVESS\u00c3O"}},{"type":"Feature","geometry":{"type":"LineString","coordinates":[[-41.313369,-21.617139],[-41.313201,-21.616994],[-41.312972,-21.617013],[-41.312922,-21.616493],[-41.312763,-21.616502]]},"properties":{"nome":"F6","tipo":"distribuicao","bairro":"TRAVESS\u00c3O"}},{"type":"Feature","geometry":{"type":"LineString","coordinates":[[-41.313365,-21.617149],[-41.313157,-21.617373],[-41.31317,-21.617599],[-41.313284,-21.617586]]},"properties":{"nome":"F9","tipo":"distribuicao","bairro":"TRAVESS\u00c3O"}},{"type":"Feature","geometry":{"type":"LineString","coordinates":[[-41.313365,-21.617149],[-41.313209,-21.617382],[-41.31322,-21.617543],[-41.313284,-21.617586]]},"properties":{"nome":"F8","tipo":"distribuicao","bairro":"TRAVESS\u00c3O"}},{"type":"Feature","geometry":{"type":"LineString","coordinates":[[-41.313365,-21.617149],[-41.313113,-21.617356],[-41.313163,-21.617941],[-41.313329,-21.617932]]},"properties":{"nome":"F10","tipo":"distribuicao","bairro":"TRAVESS\u00c3O"}},{"type":"Feature","geometry":{"type":"LineString","coordinates":[[-41.313365,-21.617149],[-41.313054,-21.617352],[-41.313104,-21.617954]]},"properties":{"nome":"F11","tipo":"distribuicao","bairro":"TRAVESS\u00c3O"}},{"type":"Feature","geometry":{"type":"LineString","coordinates":[[-41.313101,-21.617951],[-41.313106,-21.61818]]},"properties":{"nome":"F5","tipo":"distribuicao","bairro":"TRAVESS\u00c3O"}},{"type":"Feature","geometry":{"type":"LineString","coordinates":[[-41.313365,-21.617149],[-41.312992,-21.617338],[-41.313038,-21.617943]]},"properties":{"nome":"F12","tipo":"distribuicao","bairro":"TRAVESS\u00c3O"}},{"type":"Feature","geometry":{"type":"LineString","coordinates":[[-41.313034,-21.61794],[-41.312946,-21.618353],[-41.314281,-21.618363],[-41.314268,-21.618192]]},"properties":{"nome":"F6","tipo":"distribuicao","bairro":"TRAVESS\u00c3O"}},{"type":"Feature","geometry":{"type":"LineString","coordinates":[[-41.311857,-21.613863],[-41.311997,-21.614024],[-41.312008,-21.614682],[-41.311831,-21.614671]]},"properties":{"nome":"F9","tipo":"distribuicao","bairro":"TRAVESS\u00c3O"}},{"type":"Feature","geometry":{"type":"LineString","coordinates":[[-41.311857,-21.613863],[-41.312054,-21.613995],[-41.312042,-21.615881],[-41.311839,-21.61588]]},"properties":{"nome":"F10","tipo":"distribuicao","bairro":"TRAVESS\u00c3O"}},{"type":"Feature","geometry":{"type":"LineString","coordinates":[[-41.311857,-21.613863],[-41.312107,-21.613942],[-41.31211,-21.615906]]},"properties":{"nome":"F11","tipo":"distribuicao","bairro":"TRAVESS\u00c3O"}},{"type":"Feature","geometry":{"type":"LineString","coordinates":[[-41.31211,-21.615911],[-41.312103,-21.616187],[-41.311713,-21.616165],[-41.311604,-21.616029]]},"properties":{"nome":"F5","tipo":"distribuicao","bairro":"TRAVESS\u00c3O"}},{"type":"Feature","geometry":{"type":"LineString","coordinates":[[-41.311857,-21.613863],[-41.312159,-21.613899],[-41.312167,-21.615911]]},"properties":{"nome":"F12","tipo":"distribuicao","bairro":"TRAVESS\u00c3O"}},{"type":"Feature","geometry":{"type":"LineString","coordinates":[[-41.312167,-21.615911],[-41.31217,-21.616298],[-41.310885,-21.616282],[-41.310891,-21.616127]]},"properties":{"nome":"F6","tipo":"distribuicao","bairro":"TRAVESS\u00c3O"}},{"type":"Feature","geometry":{"type":"LineString","coordinates":[[-41.311842,-21.613863],[-41.311796,-21.613714],[-41.311849,-21.612406],[-41.311936,-21.612407]]},"properties":{"nome":"F9","tipo":"distribuicao","bairro":"TRAVESS\u00c3O"}},{"type":"Feature","geometry":{"type":"LineString","coordinates":[[-41.311842,-21.613863],[-41.311718,-21.61372],[-41.311764,-21.612256]]},"properties":{"nome":"F8","tipo":"distribuicao","bairro":"TRAVESS\u00c3O"}},{"type":"Feature","geometry":{"type":"LineString","coordinates":[[-41.311842,-21.613863],[-41.311763,-21.613723],[-41.31181,-21.612323]]},"properties":{"nome":"F10","tipo":"distribuicao","bairro":"TRAVESS\u00c3O"}},{"type":"Feature","geometry":{"type":"LineString","coordinates":[[-41.311726,-21.612388],[-41.311728,-21.612183],[-41.312214,-21.612201],[-41.31218,-21.613133],[-41.312427,-21.61355],[-41.312468,-21.613494],[-41.312588,-21.613507]]},"properties":{"nome":"F6","tipo":"distribuicao","bairro":"TRAVESS\u00c3O"}},{"type":"Feature","geometry":{"type":"LineString","coordinates":[[-41.311842,-21.613863],[-41.311689,-21.613744],[-41.311725,-21.612391]]},"properties":{"nome":"F11","tipo":"distribuicao","bairro":"TRAVESS\u00c3O"}},{"type":"Feature","geometry":{"type":"LineString","coordinates":[[-41.311842,-21.613863],[-41.311633,-21.613771],[-41.311667,-21.612372]]},"properties":{"nome":"F12","tipo":"distribuicao","bairro":"TRAVESS\u00c3O"}},{"type":"Feature","geometry":{"type":"LineString","coordinates":[[-41.311664,-21.612372],[-41.311681,-21.611491],[-41.311999,-21.611512]]},"properties":{"nome":"F6","tipo":"distribuicao","bairro":"TRAVESS\u00c3O"}},{"type":"Feature","geometry":{"type":"LineString","coordinates":[[-41.312093,-21.613446],[-41.312137,-21.613358],[-41.312031,-21.613187],[-41.312082,-21.612328],[-41.311813,-21.612321]]},"properties":{"nome":"F5","tipo":"distribuicao","bairro":"TRAVESS\u00c3O"}},{"type":"Feature","geometry":{"type":"LineString","coordinates":[[-41.312093,-21.613446],[-41.312215,-21.613334],[-41.312114,-21.613157],[-41.312148,-21.612266],[-41.311764,-21.612258]]},"properties":{"nome":"F4","tipo":"distribuicao","bairro":"TRAVESS\u00c3O"}},{"type":"Feature","geometry":{"type":"LineString","coordinates":[[-41.311292,-21.614653],[-41.311192,-21.614688],[-41.310764,-21.614705],[-41.310649,-21.614667]]},"properties":{"nome":"F3","tipo":"distribuicao","bairro":"TRAVESS\u00c3O"}},{"type":"Feature","geometry":{"type":"LineString","coordinates":[[-41.311292,-21.614653],[-41.311211,-21.61472],[-41.310748,-21.61473],[-41.310649,-21.614667]]},"properties":{"nome":"F4","tipo":"distribuicao","bairro":"TRAVESS\u00c3O"}},{"type":"Feature","geometry":{"type":"LineString","coordinates":[[-41.311292,-21.614653],[-41.311242,-21.614787],[-41.310755,-21.614807],[-41.310755,-21.615592],[-41.310655,-21.61559]]},"properties":{"nome":"F5","tipo":"distribuicao","bairro":"TRAVESS\u00c3O"}},{"type":"Feature","geometry":{"type":"LineString","coordinates":[[-41.311292,-21.614653],[-41.311214,-21.614754],[-41.310523,-21.614771],[-41.310527,-21.615465],[-41.310421,-21.615464]]},"properties":{"nome":"F6","tipo":"distribuicao","bairro":"TRAVESS\u00c3O"}},{"type":"Feature","geometry":{"type":"LineString","coordinates":[[-41.311285,-21.614642],[-41.311121,-21.614492],[-41.310938,-21.614492],[-41.310934,-21.614427]]},"properties":{"nome":"F8","tipo":"distribuicao","bairro":"TRAVESS\u00c3O"}},{"type":"Feature","geometry":{"type":"LineString","coordinates":[[-41.311285,-21.614642],[-41.311122,-21.614526],[-41.310948,-21.614526]]},"properties":{"nome":"F9","tipo":"distribuicao","bairro":"TRAVESS\u00c3O"}},{"type":"Feature","geometry":{"type":"LineString","coordinates":[[-41.311285,-21.614642],[-41.311119,-21.61456],[-41.310942,-21.61456]]},"properties":{"nome":"F10","tipo":"distribuicao","bairro":"TRAVESS\u00c3O"}},{"type":"Feature","geometry":{"type":"LineString","coordinates":[[-41.310936,-21.61456],[-41.310358,-21.614581],[-41.310339,-21.615491],[-41.310211,-21.615493]]},"properties":{"nome":"F6","tipo":"distribuicao","bairro":"TRAVESS\u00c3O"}},{"type":"Feature","geometry":{"type":"LineString","coordinates":[[-41.310945,-21.614526],[-41.310317,-21.614542],[-41.310313,-21.614786],[-41.310209,-21.614782]]},"properties":{"nome":"F5","tipo":"distribuicao","bairro":"TRAVESS\u00c3O"}},{"type":"Feature","geometry":{"type":"LineString","coordinates":[[-41.311297,-21.614625],[-41.311506,-21.614562],[-41.311504,-21.614474]]},"properties":{"nome":"F11","tipo":"distribuicao","bairro":"TRAVESS\u00c3O"}},{"type":"Feature","geometry":{"type":"LineString","coordinates":[[-41.311506,-21.614474],[-41.311495,-21.61414],[-41.311236,-21.614147],[-41.311234,-21.614031]]},"properties":{"nome":"F5","tipo":"distribuicao","bairro":"TRAVESS\u00c3O"}},{"type":"Feature","geometry":{"type":"LineString","coordinates":[[-41.311297,-21.614625],[-41.311457,-21.614548],[-41.311456,-21.614472]]},"properties":{"nome":"F12","tipo":"distribuicao","bairro":"TRAVESS\u00c3O"}},{"type":"Feature","geometry":{"type":"LineString","coordinates":[[-41.311456,-21.614472],[-41.311444,-21.614192],[-41.310564,-21.614218],[-41.310551,-21.614048]]},"properties":{"nome":"F6","tipo":"distribuicao","bairro":"TRAVESS\u00c3O"}},{"type":"Feature","geometry":{"type":"LineString","coordinates":[[-41.311279,-21.614644],[-41.311343,-21.614714],[-41.311499,-21.61471],[-41.311502,-21.615198],[-41.311626,-21.615197]]},"properties":{"nome":"F6","tipo":"distribuicao","bairro":"TRAVESS\u00c3O"}},{"type":"Feature","geometry":{"type":"LineString","coordinates":[[-41.31003,-21.616204],[-41.310058,-21.616584],[-41.310238,-21.616573]]},"properties":{"nome":"F4","tipo":"distribuicao","bairro":"TRAVESS\u00c3O"}},{"type":"Feature","geometry":{"type":"LineString","coordinates":[[-41.31003,-21.616204],[-41.309992,-21.61633],[-41.310092,-21.61747],[-41.310304,-21.617458]]},"properties":{"nome":"F5","tipo":"distribuicao","bairro":"TRAVESS\u00c3O"}},{"type":"Feature","geometry":{"type":"LineString","coordinates":[[-41.31003,-21.616204],[-41.309947,-21.616335],[-41.310113,-21.618143],[-41.310322,-21.618139]]},"properties":{"nome":"F6","tipo":"distribuicao","bairro":"TRAVESS\u00c3O"}},{"type":"Feature","geometry":{"type":"LineString","coordinates":[[-41.31003,-21.616204],[-41.309868,-21.616298],[-41.309587,-21.616322],[-41.309655,-21.617081],[-41.309503,-21.617084]]},"properties":{"nome":"F6","tipo":"distribuicao","bairro":"TRAVESS\u00c3O"}},{"type":"Feature","geometry":{"type":"LineString","coordinates":[[-41.310031,-21.616173],[-41.309891,-21.615975],[-41.309227,-21.616019],[-41.309268,-21.616435],[-41.309222,-21.61651]]},"properties":{"nome":"F8","tipo":"distribuicao","bairro":"TRAVESS\u00c3O"}},{"type":"Feature","geometry":{"type":"LineString","coordinates":[[-41.310031,-21.616173],[-41.30987,-21.616002],[-41.309259,-21.616044],[-41.309302,-21.616509]]},"properties":{"nome":"F9","tipo":"distribuicao","bairro":"TRAVESS\u00c3O"}},{"type":"Feature","geometry":{"type":"LineString","coordinates":[[-41.309305,-21.616514],[-41.30933,-21.616845],[-41.308328,-21.616924],[-41.308317,-21.616839]]},"properties":{"nome":"f6","tipo":"distribuicao","bairro":"TRAVESS\u00c3O"}},{"type":"Feature","geometry":{"type":"LineString","coordinates":[[-41.310031,-21.616173],[-41.309866,-21.616037],[-41.309291,-21.616074],[-41.309333,-21.61651]]},"properties":{"nome":"F10","tipo":"distribuicao","bairro":"TRAVESS\u00c3O"}},{"type":"Feature","geometry":{"type":"LineString","coordinates":[[-41.309333,-21.616507],[-41.309384,-21.617146],[-41.309276,-21.617151]]},"properties":{"nome":"F4","tipo":"distribuicao","bairro":"TRAVESS\u00c3O"}},{"type":"Feature","geometry":{"type":"LineString","coordinates":[[-41.310031,-21.616173],[-41.309868,-21.61607],[-41.30932,-21.616103],[-41.309364,-21.616508]]},"properties":{"nome":"F11","tipo":"distribuicao","bairro":"TRAVESS\u00c3O"}},{"type":"Feature","geometry":{"type":"LineString","coordinates":[[-41.309364,-21.616508],[-41.309425,-21.617315],[-41.308296,-21.617381],[-41.308287,-21.61728]]},"properties":{"nome":"F5","tipo":"distribuicao","bairro":"TRAVESS\u00c3O"}},{"type":"Feature","geometry":{"type":"LineString","coordinates":[[-41.310031,-21.616173],[-41.309861,-21.6161],[-41.309358,-21.616133],[-41.309394,-21.616503]]},"properties":{"nome":"F12","tipo":"distribuicao","bairro":"TRAVESS\u00c3O"}},{"type":"Feature","geometry":{"type":"LineString","coordinates":[[-41.309391,-21.616505],[-41.309485,-21.61768],[-41.308368,-21.617768],[-41.308361,-21.617641]]},"properties":{"nome":"F6","tipo":"distribuicao","bairro":"TRAVESS\u00c3O"}},{"type":"Feature","geometry":{"type":"LineString","coordinates":[[-41.309231,-21.61477],[-41.309123,-21.614678],[-41.308836,-21.614698],[-41.308866,-21.615282],[-41.308963,-21.615285]]},"properties":{"nome":"F10","tipo":"distribuicao","bairro":"TRAVESS\u00c3O"}},{"type":"Feature","geometry":{"type":"LineString","coordinates":[[-41.309231,-21.61477],[-41.309124,-21.614645],[-41.308785,-21.614659],[-41.308825,-21.615289]]},"properties":{"nome":"F11","tipo":"distribuicao","bairro":"TRAVESS\u00c3O"}},{"type":"Feature","geometry":{"type":"LineString","coordinates":[[-41.308821,-21.615289],[-41.308869,-21.616134],[-41.30861,-21.616152],[-41.308499,-21.616288]]},"properties":{"nome":"F5","tipo":"distribuicao","bairro":"TRAVESS\u00c3O"}},{"type":"Feature","geometry":{"type":"LineString","coordinates":[[-41.309231,-21.61477],[-41.309124,-21.614603],[-41.30874,-21.614617],[-41.308783,-21.615288]]},"properties":{"nome":"F12","tipo":"distribuicao","bairro":"TRAVESS\u00c3O"}},{"type":"Feature","geometry":{"type":"LineString","coordinates":[[-41.308779,-21.615282],[-41.308821,-21.616066],[-41.308614,-21.61608],[-41.308566,-21.615348],[-41.308435,-21.615361]]},"properties":{"nome":"F6","tipo":"distribuicao","bairro":"TRAVESS\u00c3O"}},{"type":"Feature","geometry":{"type":"LineString","coordinates":[[-41.30923,-21.614802],[-41.309273,-21.615293],[-41.309497,-21.615277]]},"properties":{"nome":"F6","tipo":"distribuicao","bairro":"TRAVESS\u00c3O"}},{"type":"Feature","geometry":{"type":"LineString","coordinates":[[-41.309234,-21.61477],[-41.309344,-21.614924],[-41.309921,-21.6149],[-41.310064,-21.6148]]},"properties":{"nome":"F6","tipo":"distribuicao","bairro":"TRAVESS\u00c3O"}},{"type":"Feature","geometry":{"type":"LineString","coordinates":[[-41.309236,-21.614774],[-41.309282,-21.614561],[-41.30965,-21.614533],[-41.309644,-21.614271],[-41.309485,-21.614282]]},"properties":{"nome":"F8","tipo":"distribuicao","bairro":"TRAVESS\u00c3O"}},{"type":"Feature","geometry":{"type":"LineString","coordinates":[[-41.309236,-21.614774],[-41.309304,-21.61458],[-41.309682,-21.61456],[-41.309671,-21.614273]]},"properties":{"nome":"F9","tipo":"distribuicao","bairro":"TRAVESS\u00c3O"}},{"type":"Feature","geometry":{"type":"LineString","coordinates":[[-41.309668,-21.614269],[-41.309642,-21.613797],[-41.308546,-21.613831],[-41.308551,-21.613955]]},"properties":{"nome":"F5","tipo":"distribuicao","bairro":"TRAVESS\u00c3O"}},{"type":"Feature","geometry":{"type":"LineString","coordinates":[[-41.309236,-21.614774],[-41.309323,-21.614604],[-41.309713,-21.614579],[-41.309703,-21.614276]]},"properties":{"nome":"F10","tipo":"distribuicao","bairro":"TRAVESS\u00c3O"}},{"type":"Feature","geometry":{"type":"LineString","coordinates":[[-41.309703,-21.614276],[-41.309676,-21.613754],[-41.308148,-21.613812],[-41.308158,-21.614318],[-41.308257,-21.614315]]},"properties":{"nome":"F6","tipo":"distribuicao","bairro":"TRAVESS\u00c3O"}},{"type":"Feature","geometry":{"type":"LineString","coordinates":[[-41.309236,-21.614774],[-41.30934,-21.614627],[-41.309743,-21.614599],[-41.309734,-21.61427]]},"properties":{"nome":"F11","tipo":"distribuicao","bairro":"TRAVESS\u00c3O"}},{"type":"Feature","geometry":{"type":"LineString","coordinates":[[-41.309735,-21.614275],[-41.309686,-21.613361],[-41.309429,-21.613366]]},"properties":{"nome":"F5","tipo":"distribuicao","bairro":"TRAVESS\u00c3O"}},{"type":"Feature","geometry":{"type":"LineString","coordinates":[[-41.309236,-21.614774],[-41.309354,-21.61465],[-41.309776,-21.614621],[-41.309765,-21.614276]]},"properties":{"nome":"F12","tipo":"distribuicao","bairro":"TRAVESS\u00c3O"}},{"type":"Feature","geometry":{"type":"LineString","coordinates":[[-41.309763,-21.614281],[-41.309727,-21.613277],[-41.308502,-21.613318],[-41.308498,-21.613547]]},"properties":{"nome":"F6","tipo":"distribuicao","bairro":"TRAVESS\u00c3O"}},{"type":"Feature","geometry":{"type":"LineString","coordinates":[[-41.312858,-21.613899],[-41.312742,-21.613799],[-41.312444,-21.613694],[-41.312484,-21.614255],[-41.312618,-21.61425]]},"properties":{"nome":"F8","tipo":"distribuicao","bairro":"TRAVESS\u00c3O"}},{"type":"Feature","geometry":{"type":"LineString","coordinates":[[-41.312858,-21.613899],[-41.312773,-21.613752],[-41.312391,-21.61363],[-41.312502,-21.61512],[-41.312656,-21.615101]]},"properties":{"nome":"F9","tipo":"distribuicao","bairro":"TRAVESS\u00c3O"}},{"type":"Feature","geometry":{"type":"LineString","coordinates":[[-41.312858,-21.613899],[-41.312804,-21.613706],[-41.312338,-21.613561],[-41.31245,-21.615123]]},"properties":{"nome":"F10","tipo":"distribuicao","bairro":"TRAVESS\u00c3O"}},{"type":"Feature","geometry":{"type":"LineString","coordinates":[[-41.312449,-21.615115],[-41.31254,-21.616079],[-41.312716,-21.616063]]},"properties":{"nome":"F4","tipo":"distribuicao","bairro":"TRAVESS\u00c3O"}},{"type":"Feature","geometry":{"type":"LineString","coordinates":[[-41.312858,-21.613899],[-41.312848,-21.613662],[-41.312284,-21.613492],[-41.312399,-21.615131]]},"properties":{"nome":"F11","tipo":"distribuicao","bairro":"TRAVESS\u00c3O"}},{"type":"Feature","geometry":{"type":"LineString","coordinates":[[-41.312393,-21.615119],[-41.312484,-21.616196],[-41.313344,-21.61612],[-41.313326,-21.61594]]},"properties":{"nome":"F5","tipo":"distribuicao","bairro":"TRAVESS\u00c3O"}},{"type":"Feature","geometry":{"type":"LineString","coordinates":[[-41.312858,-21.613899],[-41.312906,-21.613622],[-41.312236,-21.613431],[-41.312351,-21.615128]]},"properties":{"nome":"F12","tipo":"distribuicao","bairro":"TRAVESS\u00c3O"}},{"type":"Feature","geometry":{"type":"LineString","coordinates":[[-41.312351,-21.61512],[-41.312445,-21.616245],[-41.313723,-21.616136],[-41.313666,-21.615645]]},"properties":{"nome":"F6","tipo":"distribuicao","bairro":"TRAVESS\u00c3O"}},{"type":"Feature","geometry":{"type":"LineString","coordinates":[[-41.312855,-21.613954],[-41.312924,-21.614931],[-41.313067,-21.614926]]},"properties":{"nome":"F6","tipo":"distribuicao","bairro":"TRAVESS\u00c3O"}},{"type":"Feature","geometry":{"type":"LineString","coordinates":[[-41.312878,-21.613928],[-41.313086,-21.614191],[-41.313749,-21.614415],[-41.313815,-21.614266]]},"properties":{"nome":"F6","tipo":"distribuicao","bairro":"TRAVESS\u00c3O"}},{"type":"Feature","geometry":{"type":"LineString","coordinates":[[-41.312843,-21.613922],[-41.313102,-21.613905],[-41.313095,-21.613394],[-41.313623,-21.613333],[-41.313607,-21.613185]]},"properties":{"nome":"F5","tipo":"distribuicao","bairro":"TRAVESS\u00c3O"}},{"type":"Feature","geometry":{"type":"LineString","coordinates":[[-41.312843,-21.613922],[-41.313055,-21.613863],[-41.313023,-21.612436],[-41.313174,-21.612434]]},"properties":{"nome":"F6","tipo":"distribuicao","bairro":"TRAVESS\u00c3O"}},{"type":"Feature","geometry":{"type":"LineString","coordinates":[[-41.314996,-21.613613],[-41.31512,-21.613806],[-41.315119,-21.614559],[-41.314831,-21.614662]]},"properties":{"nome":"F5","tipo":"distribuicao","bairro":"TRAVESS\u00c3O"}},{"type":"Feature","geometry":{"type":"LineString","coordinates":[[-41.314996,-21.613613],[-41.315199,-21.613833],[-41.315185,-21.614596],[-41.315484,-21.61468],[-41.315348,-21.615684],[-41.315232,-21.615652]]},"properties":{"nome":"F6","tipo":"distribuicao","bairro":"TRAVESS\u00c3O"}},{"type":"Feature","geometry":{"type":"LineString","coordinates":[[-41.314993,-21.613615],[-41.314815,-21.613566],[-41.314288,-21.613625]]},"properties":{"nome":"F5","tipo":"distribuicao","bairro":"TRAVESS\u00c3O"}},{"type":"Feature","geometry":{"type":"LineString","coordinates":[[-41.314993,-21.613615],[-41.314818,-21.613715],[-41.314146,-21.613792],[-41.314049,-21.612994],[-41.314183,-21.612971]]},"properties":{"nome":"F6","tipo":"distribuicao","bairro":"TRAVESS\u00c3O"}},{"type":"Feature","geometry":{"type":"LineString","coordinates":[[-41.315013,-21.613623],[-41.315083,-21.613447],[-41.314964,-21.61261],[-41.31482,-21.612629]]},"properties":{"nome":"F8","tipo":"distribuicao","bairro":"TRAVESS\u00c3O"}},{"type":"Feature","geometry":{"type":"LineString","coordinates":[[-41.315013,-21.613623],[-41.315126,-21.613444],[-41.31486,-21.611549],[-41.314678,-21.611566]]},"properties":{"nome":"F9","tipo":"distribuicao","bairro":"TRAVESS\u00c3O"}},{"type":"Feature","geometry":{"type":"LineString","coordinates":[[-41.315013,-21.613623],[-41.315163,-21.613434],[-41.314908,-21.611541]]},"properties":{"nome":"F10","tipo":"distribuicao","bairro":"TRAVESS\u00c3O"}},{"type":"Feature","geometry":{"type":"LineString","coordinates":[[-41.314913,-21.611553],[-41.314836,-21.610974],[-41.314625,-21.611004]]},"properties":{"nome":"F4","tipo":"distribuicao","bairro":"TRAVESS\u00c3O"}},{"type":"Feature","geometry":{"type":"LineString","coordinates":[[-41.315013,-21.613623],[-41.315208,-21.61342],[-41.314954,-21.611533]]},"properties":{"nome":"F11","tipo":"distribuicao","bairro":"TRAVESS\u00c3O"}},{"type":"Feature","geometry":{"type":"LineString","coordinates":[[-41.314956,-21.611547],[-41.31483,-21.610509],[-41.314577,-21.610533]]},"properties":{"nome":"F5","tipo":"distribuicao","bairro":"TRAVESS\u00c3O"}},{"type":"Feature","geometry":{"type":"LineString","coordinates":[[-41.315013,-21.613623],[-41.31525,-21.613416],[-41.315012,-21.611527]]},"properties":{"nome":"F12","tipo":"distribuicao","bairro":"TRAVESS\u00c3O"}},{"type":"Feature","geometry":{"type":"LineString","coordinates":[[-41.315016,-21.611527],[-41.314717,-21.609136],[-41.314494,-21.609155]]},"properties":{"nome":"F6","tipo":"distribuicao","bairro":"TRAVESS\u00c3O"}},{"type":"Feature","geometry":{"type":"LineString","coordinates":[[-41.316896,-21.612692],[-41.316955,-21.61287],[-41.318668,-21.612808],[-41.318652,-21.612466]]},"properties":{"nome":"F9","tipo":"distribuicao","bairro":"TRAVESS\u00c3O"}},{"type":"Feature","geometry":{"type":"LineString","coordinates":[[-41.316896,-21.612692],[-41.316986,-21.612831],[-41.317989,-21.612788]]},"properties":{"nome":"F10","tipo":"distribuicao","bairro":"TRAVESS\u00c3O"}},{"type":"Feature","geometry":{"type":"LineString","coordinates":[[-41.317984,-21.612788],[-41.317929,-21.611829],[-41.318275,-21.611821],[-41.318277,-21.611977]]},"properties":{"nome":"F4","tipo":"distribuicao","bairro":"TRAVESS\u00c3O"}},{"type":"Feature","geometry":{"type":"LineString","coordinates":[[-41.316896,-21.612692],[-41.317041,-21.61276],[-41.317893,-21.612719]]},"properties":{"nome":"F11","tipo":"distribuicao","bairro":"TRAVESS\u00c3O"}},{"type":"Feature","geometry":{"type":"LineString","coordinates":[[-41.317891,-21.612722],[-41.317838,-21.611742],[-41.319139,-21.611709],[-41.319363,-21.611985]]},"properties":{"nome":"F5","tipo":"distribuicao","bairro":"TRAVESS\u00c3O"}},{"type":"Feature","geometry":{"type":"LineString","coordinates":[[-41.316896,-21.612692],[-41.317054,-21.612707],[-41.317792,-21.612669]]},"properties":{"nome":"F12","tipo":"distribuicao","bairro":"TRAVESS\u00c3O"}},{"type":"Feature","geometry":{"type":"LineString","coordinates":[[-41.317795,-21.612672],[-41.31774,-21.61168],[-41.319167,-21.611639],[-41.31909,-21.610431],[-41.319239,-21.610417]]},"properties":{"nome":"F6","tipo":"distribuicao","bairro":"TRAVESS\u00c3O"}},{"type":"Feature","geometry":{"type":"LineString","coordinates":[[-41.316911,-21.612664],[-41.31674,-21.61275],[-41.316059,-21.612771],[-41.316155,-21.612156],[-41.316405,-21.612134],[-41.31642,-21.612255]]},"properties":{"nome":"F7","tipo":"distribuicao","bairro":"TRAVESS\u00c3O"}},{"type":"Feature","geometry":{"type":"LineString","coordinates":[[-41.316911,-21.612664],[-41.316743,-21.612789],[-41.316015,-21.612805],[-41.316109,-21.612111],[-41.316407,-21.612091]]},"properties":{"nome":"F8","tipo":"distribuicao","bairro":"TRAVESS\u00c3O"}},{"type":"Feature","geometry":{"type":"LineString","coordinates":[[-41.316393,-21.612092],[-41.317336,-21.612017],[-41.317345,-21.612191]]},"properties":{"nome":"F6","tipo":"distribuicao","bairro":"TRAVESS\u00c3O"}},{"type":"Feature","geometry":{"type":"LineString","coordinates":[[-41.316911,-21.612664],[-41.316765,-21.612827],[-41.315975,-21.612834],[-41.316082,-21.612005],[-41.316989,-21.61195],[-41.316993,-21.61182]]},"properties":{"nome":"F9","tipo":"distribuicao","bairro":"TRAVESS\u00c3O"}},{"type":"Feature","geometry":{"type":"LineString","coordinates":[[-41.316911,-21.612664],[-41.316768,-21.61287],[-41.315927,-21.612876],[-41.316025,-21.611995]]},"properties":{"nome":"F10","tipo":"distribuicao","bairro":"TRAVESS\u00c3O"}},{"type":"Feature","geometry":{"type":"LineString","coordinates":[[-41.316021,-21.611999],[-41.316243,-21.610749],[-41.317002,-21.610652],[-41.317014,-21.610804]]},"properties":{"nome":"F6","tipo":"distribuicao","bairro":"TRAVESS\u00c3O"}},{"type":"Feature","geometry":{"type":"LineString","coordinates":[[-41.316911,-21.612664],[-41.316789,-21.612913],[-41.315875,-21.612911],[-41.315969,-21.611998]]},"properties":{"nome":"F11","tipo":"distribuicao","bairro":"TRAVESS\u00c3O"}},{"type":"Feature","geometry":{"type":"LineString","coordinates":[[-41.315974,-21.612001],[-41.315587,-21.611951],[-41.315679,-21.611291],[-41.315807,-21.611302]]},"properties":{"nome":"F5","tipo":"distribuicao","bairro":"TRAVESS\u00c3O"}},{"type":"Feature","geometry":{"type":"LineString","coordinates":[[-41.316911,-21.612664],[-41.316815,-21.612952],[-41.31583,-21.612947],[-41.315911,-21.612047]]},"properties":{"nome":"F12","tipo":"distribuicao","bairro":"TRAVESS\u00c3O"}},{"type":"Feature","geometry":{"type":"LineString","coordinates":[[-41.315907,-21.612051],[-41.315592,-21.612016],[-41.315412,-21.613221],[-41.315532,-21.613229]]},"properties":{"nome":"F6","tipo":"distribuicao","bairro":"TRAVESS\u00c3O"}},{"type":"Feature","geometry":{"type":"LineString","coordinates":[[-41.316909,-21.612651],[-41.316871,-21.613059],[-41.316212,-21.613055],[-41.316193,-21.613208],[-41.316857,-21.613203],[-41.316837,-21.613335]]},"properties":{"nome":"F6","tipo":"distribuicao","bairro":"TRAVESS\u00c3O"}},{"type":"Feature","geometry":{"type":"LineString","coordinates":[[-41.317468,-21.617804],[-41.317452,-21.617638],[-41.317457,-21.617398],[-41.317576,-21.6172]]},"properties":{"nome":"F5","tipo":"distribuicao","bairro":"TRAVESS\u00c3O"}},{"type":"Feature","geometry":{"type":"LineString","coordinates":[[-41.317468,-21.617804],[-41.317402,-21.617654],[-41.317409,-21.617385],[-41.316567,-21.617184],[-41.316604,-21.617058]]},"properties":{"nome":"F6","tipo":"distribuicao","bairro":"TRAVESS\u00c3O"}},{"type":"Feature","geometry":{"type":"LineString","coordinates":[[-41.317468,-21.617811],[-41.317748,-21.617692],[-41.318002,-21.617695],[-41.318056,-21.617834]]},"properties":{"nome":"F5","tipo":"distribuicao","bairro":"TRAVESS\u00c3O"}},{"type":"Feature","geometry":{"type":"LineString","coordinates":[[-41.317468,-21.617811],[-41.317733,-21.617615],[-41.318066,-21.617617],[-41.318056,-21.617834]]},"properties":{"nome":"F6","tipo":"distribuicao","bairro":"TRAVESS\u00c3O"}},{"type":"Feature","geometry":{"type":"LineString","coordinates":[[-41.317442,-21.617827],[-41.317284,-21.617703],[-41.316449,-21.617657],[-41.316462,-21.617758]]},"properties":{"nome":"F5","tipo":"distribuicao","bairro":"TRAVESS\u00c3O"}},{"type":"Feature","geometry":{"type":"LineString","coordinates":[[-41.317442,-21.617827],[-41.317281,-21.617655],[-41.315652,-21.617573],[-41.315668,-21.617406],[-41.315519,-21.617401]]},"properties":{"nome":"F6","tipo":"distribuicao","bairro":"TRAVESS\u00c3O"}},{"type":"Feature","geometry":{"type":"LineString","coordinates":[[-41.317472,-21.617804],[-41.317592,-21.618017],[-41.317636,-21.618302],[-41.317323,-21.618289],[-41.317328,-21.618398]]},"properties":{"nome":"F8","tipo":"distribuicao","bairro":"TRAVESS\u00c3O"}},{"type":"Feature","geometry":{"type":"LineString","coordinates":[[-41.317472,-21.617804],[-41.317643,-21.618033],[-41.317683,-21.6183],[-41.318333,-21.618321],[-41.318339,-21.618458]]},"properties":{"nome":"F9","tipo":"distribuicao","bairro":"TRAVESS\u00c3O"}},{"type":"Feature","geometry":{"type":"LineString","coordinates":[[-41.317471,-21.617806],[-41.317698,-21.618033],[-41.317724,-21.618257],[-41.318456,-21.618279]]},"properties":{"nome":"F10","tipo":"distribuicao","bairro":"TRAVESS\u00c3O"}},{"type":"Feature","geometry":{"type":"LineString","coordinates":[[-41.318452,-21.618279],[-41.318546,-21.619362],[-41.318301,-21.619386]]},"properties":{"nome":"F4","tipo":"distribuicao","bairro":"TRAVESS\u00c3O"}},{"type":"Feature","geometry":{"type":"LineString","coordinates":[[-41.317474,-21.617806],[-41.317745,-21.618016],[-41.317764,-21.618212],[-41.318528,-21.618236]]},"properties":{"nome":"F11","tipo":"distribuicao","bairro":"TRAVESS\u00c3O"}},{"type":"Feature","geometry":{"type":"LineString","coordinates":[[-41.318524,-21.618233],[-41.318671,-21.620185],[-41.318402,-21.620199]]},"properties":{"nome":"F5","tipo":"distribuicao","bairro":"TRAVESS\u00c3O"}},{"type":"Feature","geometry":{"type":"LineString","coordinates":[[-41.317472,-21.617804],[-41.317794,-21.617998],[-41.31781,-21.618171],[-41.318596,-21.618186]]},"properties":{"nome":"F12","tipo":"distribuicao","bairro":"TRAVESS\u00c3O"}},{"type":"Feature","geometry":{"type":"LineString","coordinates":[[-41.3186,-21.618186],[-41.318841,-21.621372],[-41.318553,-21.621383]]},"properties":{"nome":"F6","tipo":"distribuicao","bairro":"TRAVESS\u00c3O"}},{"type":"Feature","geometry":{"type":"LineString","coordinates":[[-41.315382,-21.618513],[-41.315445,-21.618448],[-41.31574,-21.618459],[-41.315746,-21.618336]]},"properties":{"nome":"F5","tipo":"distribuicao","bairro":"TRAVESS\u00c3O"}},{"type":"Feature","geometry":{"type":"LineString","coordinates":[[-41.315382,-21.618513],[-41.315452,-21.618486],[-41.316524,-21.618539],[-41.316529,-21.618371]]},"properties":{"nome":"F6","tipo":"distribuicao","bairro":"TRAVESS\u00c3O"}},{"type":"Feature","geometry":{"type":"LineString","coordinates":[[-41.315369,-21.618517],[-41.315456,-21.618784],[-41.316269,-21.618821],[-41.316261,-21.618972]]},"properties":{"nome":"F5","tipo":"distribuicao","bairro":"TRAVESS\u00c3O"}},{"type":"Feature","geometry":{"type":"LineString","coordinates":[[-41.315369,-21.618517],[-41.31549,-21.618738],[-41.317354,-21.618812],[-41.317341,-21.619006]]},"properties":{"nome":"F6","tipo":"distribuicao","bairro":"TRAVESS\u00c3O"}},{"type":"Feature","geometry":{"type":"LineString","coordinates":[[-41.315362,-21.618516],[-41.315261,-21.618603],[-41.315106,-21.619695],[-41.315209,-21.619709]]},"properties":{"nome":"F8","tipo":"distribuicao","bairro":"TRAVESS\u00c3O"}},{"type":"Feature","geometry":{"type":"LineString","coordinates":[[-41.315362,-21.618516],[-41.315232,-21.618577],[-41.314914,-21.62076],[-41.315042,-21.620772]]},"properties":{"nome":"F9","tipo":"distribuicao","bairro":"TRAVESS\u00c3O"}},{"type":"Feature","geometry":{"type":"LineString","coordinates":[[-41.315362,-21.618516],[-41.315157,-21.61854],[-41.314833,-21.620746]]},"properties":{"nome":"F10","tipo":"distribuicao","bairro":"TRAVESS\u00c3O"}},{"type":"Feature","geometry":{"type":"LineString","coordinates":[[-41.314837,-21.62074],[-41.314807,-21.62097],[-41.315265,-21.620991],[-41.31528,-21.621356],[-41.31553,-21.621349]]},"properties":{"nome":"F4","tipo":"distribuicao","bairro":"TRAVESS\u00c3O"}},{"type":"Feature","geometry":{"type":"LineString","coordinates":[[-41.315362,-21.618516],[-41.315119,-21.61852],[-41.314793,-21.620729]]},"properties":{"nome":"F11","tipo":"distribuicao","bairro":"TRAVESS\u00c3O"}},{"type":"Feature","geometry":{"type":"LineString","coordinates":[[-41.314795,-21.620723],[-41.314752,-21.621044],[-41.315166,-21.621066],[-41.315193,-21.621588],[-41.315806,-21.62154],[-41.315772,-21.620959],[-41.316714,-21.620964],[-41.316713,-21.6208]]},"properties":{"nome":"F5","tipo":"distribuicao","bairro":"TRAVESS\u00c3O"}},{"type":"Feature","geometry":{"type":"LineString","coordinates":[[-41.315362,-21.618516],[-41.315192,-21.618563],[-41.314875,-21.620755]]},"properties":{"nome":"F12","tipo":"distribuicao","bairro":"TRAVESS\u00c3O"}},{"type":"Feature","geometry":{"type":"LineString","coordinates":[[-41.314872,-21.620758],[-41.314855,-21.620882],[-41.315683,-21.620914],[-41.315672,-21.62022],[-41.316098,-21.620221],[-41.316095,-21.620016]]},"properties":{"nome":"F6","tipo":"distribuicao","bairro":"TRAVESS\u00c3O"}},{"type":"Feature","geometry":{"type":"LineString","coordinates":[[-41.312964,-21.608159],[-41.313064,-21.608244],[-41.313245,-21.608665],[-41.313944,-21.60872],[-41.313986,-21.608821]]},"properties":{"nome":"F5","tipo":"distribuicao","bairro":"TRAVESS\u00c3O"}},{"type":"Feature","geometry":{"type":"LineString","coordinates":[[-41.312964,-21.608159],[-41.313099,-21.60822],[-41.313282,-21.608615],[-41.313939,-21.608663],[-41.314073,-21.607701],[-41.314228,-21.607724]]},"properties":{"nome":"F6","tipo":"distribuicao","bairro":"TRAVESS\u00c3O"}},{"type":"Feature","geometry":{"type":"LineString","coordinates":[[-41.312956,-21.608156],[-41.313147,-21.608145],[-41.313287,-21.608394],[-41.313402,-21.608364],[-41.313429,-21.607892],[-41.313557,-21.607901]]},"properties":{"nome":"F6","tipo":"distribuicao","bairro":"TRAVESS\u00c3O"}},{"type":"Feature","geometry":{"type":"LineString","coordinates":[[-41.312946,-21.608157],[-41.312884,-21.608303],[-41.313115,-21.608977],[-41.313545,-21.60923]]},"properties":{"nome":"F5","tipo":"distribuicao","bairro":"TRAVESS\u00c3O"}},{"type":"Feature","geometry":{"type":"LineString","coordinates":[[-41.312946,-21.608157],[-41.31283,-21.608307],[-41.313071,-21.609028],[-41.313427,-21.609237],[-41.313248,-21.609872],[-41.313346,-21.609962]]},"properties":{"nome":"F6","tipo":"distribuicao","bairro":"TRAVESS\u00c3O"}},{"type":"Feature","geometry":{"type":"LineString","coordinates":[[-41.312935,-21.608127],[-41.312774,-21.607958],[-41.312617,-21.608014]]},"properties":{"nome":"F9","tipo":"distribuicao","bairro":"TRAVESS\u00c3O"}},{"type":"Feature","geometry":{"type":"LineString","coordinates":[[-41.312935,-21.608127],[-41.31279,-21.607893],[-41.312729,-21.607883]]},"properties":{"nome":"F10","tipo":"distribuicao","bairro":"TRAVESS\u00c3O"}},{"type":"Feature","geometry":{"type":"LineString","coordinates":[[-41.312743,-21.607883],[-41.312416,-21.607821],[-41.312448,-21.607648]]},"properties":{"nome":"F6","tipo":"distribuicao","bairro":"TRAVESS\u00c3O"}},{"type":"Feature","geometry":{"type":"LineString","coordinates":[[-41.312935,-21.608127],[-41.31276,-21.608027],[-41.312702,-21.608062]]},"properties":{"nome":"F11","tipo":"distribuicao","bairro":"TRAVESS\u00c3O"}},{"type":"Feature","geometry":{"type":"LineString","coordinates":[[-41.312708,-21.608063],[-41.312505,-21.60919],[-41.312408,-21.609178]]},"properties":{"nome":"F5","tipo":"distribuicao","bairro":"TRAVESS\u00c3O"}},{"type":"Feature","geometry":{"type":"LineString","coordinates":[[-41.312935,-21.608127],[-41.312779,-21.608085],[-41.312741,-21.608119]]},"properties":{"nome":"F12","tipo":"distribuicao","bairro":"TRAVESS\u00c3O"}},{"type":"Feature","geometry":{"type":"LineString","coordinates":[[-41.31274,-21.608116],[-41.312306,-21.610461],[-41.31213,-21.610446]]},"properties":{"nome":"F6","tipo":"distribuicao","bairro":"TRAVESS\u00c3O"}},{"type":"Feature","geometry":{"type":"LineString","coordinates":[[-41.31407,-21.606874],[-41.313958,-21.606753],[-41.313429,-21.606806],[-41.313446,-21.606946]]},"properties":{"nome":"F6","tipo":"distribuicao","bairro":"TRAVESS\u00c3O"}},{"type":"Feature","geometry":{"type":"LineString","coordinates":[[-41.314081,-21.606925],[-41.314225,-21.606998],[-41.31454,-21.606956],[-41.314566,-21.607215],[-41.314674,-21.607206]]},"properties":{"nome":"F4","tipo":"distribuicao","bairro":"TRAVESS\u00c3O"}},{"type":"Feature","geometry":{"type":"LineString","coordinates":[[-41.314081,-21.606925],[-41.31422,-21.607046],[-41.31449,-21.607017],[-41.314521,-21.607555],[-41.314719,-21.6076],[-41.315127,-21.607139],[-41.314974,-21.60706]]},"properties":{"nome":"F5","tipo":"distribuicao","bairro":"TRAVESS\u00c3O"}},{"type":"Feature","geometry":{"type":"LineString","coordinates":[[-41.314081,-21.606925],[-41.314218,-21.607109],[-41.314433,-21.607082],[-41.314466,-21.607561],[-41.314378,-21.60814],[-41.314506,-21.608164]]},"properties":{"nome":"F6","tipo":"distribuicao","bairro":"TRAVESS\u00c3O"}},{"type":"Feature","geometry":{"type":"LineString","coordinates":[[-41.314076,-21.606901],[-41.314252,-21.606738],[-41.315793,-21.606502],[-41.315816,-21.606641]]},"properties":{"nome":"F9","tipo":"distribuicao","bairro":"TRAVESS\u00c3O"}},{"type":"Feature","geometry":{"type":"LineString","coordinates":[[-41.314076,-21.606901],[-41.314225,-21.606687],[-41.315804,-21.606443]]},"properties":{"nome":"F10","tipo":"distribuicao","bairro":"TRAVESS\u00c3O"}},{"type":"Feature","geometry":{"type":"LineString","coordinates":[[-41.315792,-21.606444],[-41.315984,-21.606417],[-41.316035,-21.606916],[-41.31539,-21.606947]]},"properties":{"nome":"F4","tipo":"distribuicao","bairro":"TRAVESS\u00c3O"}},{"type":"Feature","geometry":{"type":"LineString","coordinates":[[-41.314076,-21.606901],[-41.314201,-21.606628],[-41.315756,-21.606383]]},"properties":{"nome":"F11","tipo":"distribuicao","bairro":"TRAVESS\u00c3O"}},{"type":"Feature","geometry":{"type":"LineString","coordinates":[[-41.315757,-21.606386],[-41.316043,-21.606337],[-41.316108,-21.606989],[-41.315543,-21.607015],[-41.315247,-21.607713],[-41.315063,-21.607659]]},"properties":{"nome":"F5","tipo":"distribuicao","bairro":"TRAVESS\u00c3O"}},{"type":"Feature","geometry":{"type":"LineString","coordinates":[[-41.314076,-21.606901],[-41.314175,-21.606571],[-41.315731,-21.606319]]},"properties":{"nome":"F12","tipo":"distribuicao","bairro":"TRAVESS\u00c3O"}},{"type":"Feature","geometry":{"type":"LineString","coordinates":[[-41.315723,-21.606316],[-41.316112,-21.606257],[-41.316187,-21.607054],[-41.315616,-21.607086],[-41.314947,-21.608614],[-41.314671,-21.608546]]},"properties":{"nome":"F6","tipo":"distribuicao","bairro":"TRAVESS\u00c3O"}},{"type":"Feature","geometry":{"type":"LineString","coordinates":[[-41.314079,-21.606907],[-41.314048,-21.606291],[-41.314918,-21.606177],[-41.314898,-21.606002]]},"properties":{"nome":"F5","tipo":"distribuicao","bairro":"TRAVESS\u00c3O"}},{"type":"Feature","geometry":{"type":"LineString","coordinates":[[-41.314079,-21.606907],[-41.314113,-21.606357],[-41.315867,-21.606108],[-41.315843,-21.605907]]},"properties":{"nome":"F6","tipo":"distribuicao","bairro":"TRAVESS\u00c3O"}},{"type":"Feature","geometry":{"type":"LineString","coordinates":[[-41.314353,-21.604875],[-41.31425,-21.605007],[-41.314381,-21.605724],[-41.314506,-21.605708]]},"properties":{"nome":"F10","tipo":"distribuicao","bairro":"TRAVESS\u00c3O"}},{"type":"Feature","geometry":{"type":"LineString","coordinates":[[-41.314353,-21.604875],[-41.31419,-21.605023],[-41.314325,-21.605745]]},"properties":{"nome":"F11","tipo":"distribuicao","bairro":"TRAVESS\u00c3O"}},{"type":"Feature","geometry":{"type":"LineString","coordinates":[[-41.314353,-21.604875],[-41.314127,-21.605042],[-41.314256,-21.605739]]},"properties":{"nome":"F12","tipo":"distribuicao","bairro":"TRAVESS\u00c3O"}},{"type":"Feature","geometry":{"type":"LineString","coordinates":[[-41.314321,-21.60574],[-41.314332,-21.605834],[-41.31472,-21.605786],[-41.314686,-21.605481],[-41.315261,-21.605411],[-41.315247,-21.605308]]},"properties":{"nome":"F5","tipo":"distribuicao","bairro":"TRAVESS\u00c3O"}},{"type":"Feature","geometry":{"type":"LineString","coordinates":[[-41.314249,-21.605734],[-41.314269,-21.605899],[-41.314796,-21.605828],[-41.314763,-21.605537],[-41.315913,-21.605387],[-41.315893,-21.605222]]},"properties":{"nome":"F6","tipo":"distribuicao","bairro":"TRAVESS\u00c3O"}},{"type":"Feature","geometry":{"type":"LineString","coordinates":[[-41.314352,-21.604879],[-41.314217,-21.604781],[-41.31405,-21.603899],[-41.314153,-21.603884]]},"properties":{"nome":"F5","tipo":"distribuicao","bairro":"TRAVESS\u00c3O"}},{"type":"Feature","geometry":{"type":"LineString","coordinates":[[-41.314352,-21.604879],[-41.314166,-21.604784],[-41.313933,-21.603618],[-41.314089,-21.603593]]},"properties":{"nome":"F6","tipo":"distribuicao","bairro":"TRAVESS\u00c3O"}},{"type":"Feature","geometry":{"type":"LineString","coordinates":[[-41.314386,-21.604852],[-41.314448,-21.604797],[-41.3144,-21.604483],[-41.314935,-21.604432],[-41.31492,-21.604324]]},"properties":{"nome":"F9","tipo":"distribuicao","bairro":"TRAVESS\u00c3O"}},{"type":"Feature","geometry":{"type":"LineString","coordinates":[[-41.314386,-21.604852],[-41.31449,-21.6048],[-41.314454,-21.604527],[-41.314932,-21.604477]]},"properties":{"nome":"F10","tipo":"distribuicao","bairro":"TRAVESS\u00c3O"}},{"type":"Feature","geometry":{"type":"LineString","coordinates":[[-41.314929,-21.604477],[-41.315366,-21.604436],[-41.315348,-21.604287]]},"properties":{"nome":"F4","tipo":"distribuicao","bairro":"TRAVESS\u00c3O"}},{"type":"Feature","geometry":{"type":"LineString","coordinates":[[-41.314386,-21.604852],[-41.314538,-21.604821],[-41.314508,-21.604567],[-41.314938,-21.604521]]},"properties":{"nome":"F11","tipo":"distribuicao","bairro":"TRAVESS\u00c3O"}},{"type":"Feature","geometry":{"type":"LineString","coordinates":[[-41.314935,-21.604521],[-41.315617,-21.604452],[-41.315565,-21.60399],[-41.315716,-21.603974],[-41.315702,-21.603854]]},"properties":{"nome":"F5","tipo":"distribuicao","bairro":"TRAVESS\u00c3O"}},{"type":"Feature","geometry":{"type":"LineString","coordinates":[[-41.314386,-21.604852],[-41.314595,-21.604858],[-41.314562,-21.604608],[-41.314944,-21.604564]]},"properties":{"nome":"F12","tipo":"distribuicao","bairro":"TRAVESS\u00c3O"}},{"type":"Feature","geometry":{"type":"LineString","coordinates":[[-41.314941,-21.604565],[-41.315726,-21.604486],[-41.315714,-21.604393],[-41.316118,-21.604344]]},"properties":{"nome":"F6","tipo":"distribuicao","bairro":"TRAVESS\u00c3O"}},{"type":"Feature","geometry":{"type":"LineString","coordinates":[[-41.316456,-21.605167],[-41.316576,-21.60506],[-41.316642,-21.604321],[-41.316735,-21.604325]]},"properties":{"nome":"F7","tipo":"distribuicao","bairro":"TRAVESS\u00c3O"}},{"type":"Feature","geometry":{"type":"LineString","coordinates":[[-41.316456,-21.605167],[-41.316542,-21.605049],[-41.316608,-21.604314]]},"properties":{"nome":"F8","tipo":"distribuicao","bairro":"TRAVESS\u00c3O"}},{"type":"Feature","geometry":{"type":"LineString","coordinates":[[-41.316606,-21.604316],[-41.316646,-21.60382],[-41.317538,-21.603712],[-41.31733,-21.604152],[-41.317235,-21.604122]]},"properties":{"nome":"F6","tipo":"distribuicao","bairro":"TRAVESS\u00c3O"}},{"type":"Feature","geometry":{"type":"LineString","coordinates":[[-41.316456,-21.605167],[-41.316508,-21.605035],[-41.316601,-21.603833],[-41.316427,-21.603825],[-41.316406,-21.603515],[-41.316499,-21.603509]]},"properties":{"nome":"F9","tipo":"distribuicao","bairro":"TRAVESS\u00c3O"}},{"type":"Feature","geometry":{"type":"LineString","coordinates":[[-41.316456,-21.605167],[-41.316454,-21.605014],[-41.316533,-21.603883],[-41.316366,-21.603876],[-41.316354,-21.603521]]},"properties":{"nome":"F10","tipo":"distribuicao","bairro":"TRAVESS\u00c3O"}},{"type":"Feature","geometry":{"type":"LineString","coordinates":[[-41.316355,-21.603531],[-41.31624,-21.602128],[-41.316384,-21.602118]]},"properties":{"nome":"F4","tipo":"distribuicao","bairro":"TRAVESS\u00c3O"}},{"type":"Feature","geometry":{"type":"LineString","coordinates":[[-41.316456,-21.605167],[-41.316395,-21.605026],[-41.316473,-21.603942],[-41.31631,-21.603928],[-41.316297,-21.603526]]},"properties":{"nome":"F11","tipo":"distribuicao","bairro":"TRAVESS\u00c3O"}},{"type":"Feature","geometry":{"type":"LineString","coordinates":[[-41.3163,-21.603528],[-41.316102,-21.601298],[-41.316375,-21.601225],[-41.316347,-21.601118]]},"properties":{"nome":"F5","tipo":"distribuicao","bairro":"TRAVESS\u00c3O"}},{"type":"Feature","geometry":{"type":"LineString","coordinates":[[-41.316456,-21.605167],[-41.31634,-21.605034],[-41.316403,-21.604012],[-41.316245,-21.603996],[-41.316237,-21.603529]]},"properties":{"nome":"F12","tipo":"distribuicao","bairro":"TRAVESS\u00c3O"}},{"type":"Feature","geometry":{"type":"LineString","coordinates":[[-41.316238,-21.603532],[-41.316022,-21.601103],[-41.317315,-21.600572],[-41.317345,-21.601482],[-41.317253,-21.601483]]},"properties":{"nome":"F6","tipo":"distribuicao","bairro":"TRAVESS\u00c3O"}},{"type":"Feature","geometry":{"type":"LineString","coordinates":[[-41.316479,-21.60519],[-41.31677,-21.605374],[-41.316654,-21.60631],[-41.318072,-21.606081],[-41.318042,-21.605932],[-41.318166,-21.605913]]},"properties":{"nome":"F9","tipo":"distribuicao","bairro":"TRAVESS\u00c3O"}},{"type":"Feature","geometry":{"type":"LineString","coordinates":[[-41.316479,-21.60519],[-41.316713,-21.60539],[-41.316592,-21.60637],[-41.318342,-21.606096]]},"properties":{"nome":"F10","tipo":"distribuicao","bairro":"TRAVESS\u00c3O"}},{"type":"Feature","geometry":{"type":"LineString","coordinates":[[-41.318333,-21.606092],[-41.319333,-21.605932],[-41.319355,-21.606085]]},"properties":{"nome":"F6","tipo":"distribuicao","bairro":"TRAVESS\u00c3O"}},{"type":"Feature","geometry":{"type":"LineString","coordinates":[[-41.316479,-21.60519],[-41.316829,-21.605346],[-41.316708,-21.606252],[-41.318006,-21.606038],[-41.317985,-21.605923]]},"properties":{"nome":"F11","tipo":"distribuicao","bairro":"TRAVESS\u00c3O"}},{"type":"Feature","geometry":{"type":"LineString","coordinates":[[-41.317985,-21.605927],[-41.317871,-21.605272],[-41.318035,-21.60524]]},"properties":{"nome":"F5","tipo":"distribuicao","bairro":"TRAVESS\u00c3O"}},{"type":"Feature","geometry":{"type":"LineString","coordinates":[[-41.316479,-21.60519],[-41.316896,-21.605317],[-41.316778,-21.606194],[-41.317935,-21.605996],[-41.317921,-21.605925]]},"properties":{"nome":"F12","tipo":"distribuicao","bairro":"TRAVESS\u00c3O"}},{"type":"Feature","geometry":{"type":"LineString","coordinates":[[-41.317916,-21.605922],[-41.317615,-21.604095],[-41.317835,-21.604049]]},"properties":{"nome":"F6","tipo":"distribuicao","bairro":"TRAVESS\u00c3O"}},{"type":"Feature","geometry":{"type":"LineString","coordinates":[[-41.31372,-21.601181],[-41.313835,-21.601302],[-41.314005,-21.602301],[-41.313888,-21.602316]]},"properties":{"nome":"F9","tipo":"distribuicao","bairro":"TRAVESS\u00c3O"}},{"type":"Feature","geometry":{"type":"LineString","coordinates":[[-41.31372,-21.601181],[-41.313884,-21.601307],[-41.31406,-21.602298]]},"properties":{"nome":"F10","tipo":"distribuicao","bairro":"TRAVESS\u00c3O"}},{"type":"Feature","geometry":{"type":"LineString","coordinates":[[-41.314058,-21.602291],[-41.314088,-21.602445],[-41.313744,-21.60248],[-41.313648,-21.601933],[-41.312962,-21.602051],[-41.31292,-21.601865]]},"properties":{"nome":"F6","tipo":"distribuicao","bairro":"TRAVESS\u00c3O"}},{"type":"Feature","geometry":{"type":"LineString","coordinates":[[-41.31372,-21.601181],[-41.313986,-21.601277],[-41.31418,-21.602261]]},"properties":{"nome":"F11","tipo":"distribuicao","bairro":"TRAVESS\u00c3O"}},{"type":"Feature","geometry":{"type":"LineString","coordinates":[[-41.31372,-21.601181],[-41.313936,-21.601305],[-41.314123,-21.602275]]},"properties":{"nome":"F12","tipo":"distribuicao","bairro":"TRAVESS\u00c3O"}},{"type":"Feature","geometry":{"type":"LineString","coordinates":[[-41.314114,-21.602273],[-41.314189,-21.602615],[-41.314459,-21.602557]]},"properties":{"nome":"F6","tipo":"distribuicao","bairro":"TRAVESS\u00c3O"}},{"type":"Feature","geometry":{"type":"LineString","coordinates":[[-41.314183,-21.602257],[-41.314273,-21.602232],[-41.314235,-21.602095],[-41.314283,-21.601982]]},"properties":{"nome":"F5","tipo":"distribuicao","bairro":"TRAVESS\u00c3O"}},{"type":"Feature","geometry":{"type":"LineString","coordinates":[[-41.313706,-21.601198],[-41.313583,-21.601211],[-41.313524,-21.600887],[-41.312758,-21.600951],[-41.312756,-21.600848]]},"properties":{"nome":"F6","tipo":"distribuicao","bairro":"TRAVESS\u00c3O"}},{"type":"Feature","geometry":{"type":"LineString","coordinates":[[-41.31372,-21.601181],[-41.313833,-21.601077],[-41.313744,-21.600625],[-41.313607,-21.600584]]},"properties":{"nome":"F8","tipo":"distribuicao","bairro":"TRAVESS\u00c3O"}},{"type":"Feature","geometry":{"type":"LineString","coordinates":[[-41.31372,-21.601181],[-41.313786,-21.601066],[-41.313712,-21.600677]]},"properties":{"nome":"F9","tipo":"distribuicao","bairro":"TRAVESS\u00c3O"}},{"type":"Feature","geometry":{"type":"LineString","coordinates":[[-41.313712,-21.600677],[-41.312742,-21.600728],[-41.31273,-21.600626]]},"properties":{"nome":"F6","tipo":"distribuicao","bairro":"TRAVESS\u00c3O"}},{"type":"Feature","geometry":{"type":"LineString","coordinates":[[-41.31372,-21.601181],[-41.313873,-21.601063],[-41.313793,-21.60063]]},"properties":{"nome":"F10","tipo":"distribuicao","bairro":"TRAVESS\u00c3O"}},{"type":"Feature","geometry":{"type":"LineString","coordinates":[[-41.31379,-21.600631],[-41.313732,-21.600319],[-41.312901,-21.600393],[-41.312913,-21.600476]]},"properties":{"nome":"F6","tipo":"distribuicao","bairro":"TRAVESS\u00c3O"}},{"type":"Feature","geometry":{"type":"LineString","coordinates":[[-41.31372,-21.601181],[-41.31392,-21.601064],[-41.313838,-21.600632]]},"properties":{"nome":"F11","tipo":"distribuicao","bairro":"TRAVESS\u00c3O"}},{"type":"Feature","geometry":{"type":"LineString","coordinates":[[-41.313838,-21.600632],[-41.314693,-21.600545],[-41.31468,-21.600464]]},"properties":{"nome":"F5","tipo":"distribuicao","bairro":"TRAVESS\u00c3O"}},{"type":"Feature","geometry":{"type":"LineString","coordinates":[[-41.31372,-21.601181],[-41.313974,-21.601069],[-41.3139,-21.600684]]},"properties":{"nome":"F12","tipo":"distribuicao","bairro":"TRAVESS\u00c3O"}},{"type":"Feature","geometry":{"type":"LineString","coordinates":[[-41.3139,-21.600684],[-41.315389,-21.600526],[-41.315369,-21.600385]]},"properties":{"nome":"F6","tipo":"distribuicao","bairro":"TRAVESS\u00c3O"}},{"type":"Feature","geometry":{"type":"LineString","coordinates":[[-41.313438,-21.599785],[-41.313368,-21.599859],[-41.312797,-21.5999],[-41.312814,-21.599979]]},"properties":{"nome":"F6","tipo":"distribuicao","bairro":"TRAVESS\u00c3O"}},{"type":"Feature","geometry":{"type":"LineString","coordinates":[[-41.313435,-21.599782],[-41.313539,-21.599865],[-41.313561,-21.600007],[-41.313848,-21.599974],[-41.31386,-21.600046]]},"properties":{"nome":"F10","tipo":"distribuicao","bairro":"TRAVESS\u00c3O"}},{"type":"Feature","geometry":{"type":"LineString","coordinates":[[-41.313435,-21.599782],[-41.313566,-21.599868],[-41.313583,-21.599975],[-41.313839,-21.599947]]},"properties":{"nome":"F11","tipo":"distribuicao","bairro":"TRAVESS\u00c3O"}},{"type":"Feature","geometry":{"type":"LineString","coordinates":[[-41.313836,-21.599949],[-41.314926,-21.599826],[-41.314944,-21.599922]]},"properties":{"nome":"F5","tipo":"distribuicao","bairro":"TRAVESS\u00c3O"}},{"type":"Feature","geometry":{"type":"LineString","coordinates":[[-41.313435,-21.599782],[-41.313604,-21.599855],[-41.313616,-21.599934],[-41.313842,-21.599907]]},"properties":{"nome":"F12","tipo":"distribuicao","bairro":"TRAVESS\u00c3O"}},{"type":"Feature","geometry":{"type":"LineString","coordinates":[[-41.313838,-21.599906],[-41.315732,-21.59968],[-41.31576,-21.599827]]},"properties":{"nome":"F6","tipo":"distribuicao","bairro":"TRAVESS\u00c3O"}},{"type":"Feature","geometry":{"type":"LineString","coordinates":[[-41.313447,-21.599787],[-41.313541,-21.599719],[-41.313538,-21.599672],[-41.31398,-21.599614],[-41.313971,-21.599536]]},"properties":{"nome":"F4","tipo":"distribuicao","bairro":"TRAVESS\u00c3O"}},{"type":"Feature","geometry":{"type":"LineString","coordinates":[[-41.313447,-21.599787],[-41.313569,-21.599744],[-41.313563,-21.599713],[-41.314971,-21.599537],[-41.314959,-21.599423]]},"properties":{"nome":"F5","tipo":"distribuicao","bairro":"TRAVESS\u00c3O"}},{"type":"Feature","geometry":{"type":"LineString","coordinates":[[-41.313447,-21.599787],[-41.313591,-21.599781],[-41.313626,-21.599751],[-41.315847,-21.599477],[-41.315823,-21.599328]]},"properties":{"nome":"F6","tipo":"distribuicao","bairro":"TRAVESS\u00c3O"}},{"type":"Feature","geometry":{"type":"LineString","coordinates":[[-41.313433,-21.599792],[-41.313338,-21.599704],[-41.313246,-21.59917],[-41.313321,-21.599159]]},"properties":{"nome":"F10","tipo":"distribuicao","bairro":"TRAVESS\u00c3O"}},{"type":"Feature","geometry":{"type":"LineString","coordinates":[[-41.313433,-21.599792],[-41.313253,-21.599719],[-41.313161,-21.599185]]},"properties":{"nome":"F11","tipo":"distribuicao","bairro":"TRAVESS\u00c3O"}},{"type":"Feature","geometry":{"type":"LineString","coordinates":[[-41.313433,-21.599792],[-41.313294,-21.599707],[-41.313202,-21.59918]]},"properties":{"nome":"F12","tipo":"distribuicao","bairro":"TRAVESS\u00c3O"}},{"type":"Feature","geometry":{"type":"LineString","coordinates":[[-41.313202,-21.599183],[-41.31317,-21.599042],[-41.312449,-21.599107],[-41.312437,-21.599]]},"properties":{"nome":"F6","tipo":"distribuicao","bairro":"TRAVESS\u00c3O"}},{"type":"Feature","geometry":{"type":"LineString","coordinates":[[-41.313164,-21.599184],[-41.312351,-21.599258],[-41.312379,-21.599443]]},"properties":{"nome":"F1","tipo":"distribuicao","bairro":"TRAVESS\u00c3O"}},{"type":"Feature","geometry":{"type":"LineString","coordinates":[[-41.313176,-21.598459],[-41.313104,-21.598513],[-41.312411,-21.598582],[-41.312418,-21.598641]]},"properties":{"nome":"F6","tipo":"distribuicao","bairro":"TRAVESS\u00c3O"}},{"type":"Feature","geometry":{"type":"LineString","coordinates":[[-41.313182,-21.59846],[-41.313096,-21.598417],[-41.313084,-21.598326],[-41.312492,-21.598361],[-41.312481,-21.598296]]},"properties":{"nome":"F5","tipo":"distribuicao","bairro":"TRAVESS\u00c3O"}},{"type":"Feature","geometry":{"type":"LineString","coordinates":[[-41.313182,-21.59846],[-41.313075,-21.598436],[-41.313063,-21.598349],[-41.312432,-21.5984],[-41.312415,-21.598221],[-41.313038,-21.598182],[-41.313018,-21.597996],[-41.312462,-21.598035],[-41.312455,-21.597971]]},"properties":{"nome":"F6","tipo":"distribuicao","bairro":"TRAVESS\u00c3O"}},{"type":"Feature","geometry":{"type":"LineString","coordinates":[[-41.313193,-21.598465],[-41.313412,-21.598553],[-41.313789,-21.598505],[-41.31378,-21.598428]]},"properties":{"nome":"F4","tipo":"distribuicao","bairro":"TRAVESS\u00c3O"}},{"type":"Feature","geometry":{"type":"LineString","coordinates":[[-41.313193,-21.598465],[-41.313421,-21.598597],[-41.314143,-21.598506],[-41.314011,-21.59783],[-41.314112,-21.597815]]},"properties":{"nome":"F5","tipo":"distribuicao","bairro":"TRAVESS\u00c3O"}},{"type":"Feature","geometry":{"type":"LineString","coordinates":[[-41.313193,-21.598465],[-41.313436,-21.598645],[-41.314784,-21.59847],[-41.314752,-21.598313]]},"properties":{"nome":"F6","tipo":"distribuicao","bairro":"TRAVESS\u00c3O"}},{"type":"Feature","geometry":{"type":"LineString","coordinates":[[-41.3132,-21.598477],[-41.313303,-21.598744],[-41.313358,-21.598983],[-41.313928,-21.598911],[-41.313944,-21.599001]]},"properties":{"nome":"F9","tipo":"distribuicao","bairro":"TRAVESS\u00c3O"}},{"type":"Feature","geometry":{"type":"LineString","coordinates":[[-41.3132,-21.598477],[-41.313357,-21.598799],[-41.313383,-21.598937],[-41.313924,-21.598868]]},"properties":{"nome":"F10","tipo":"distribuicao","bairro":"TRAVESS\u00c3O"}},{"type":"Feature","geometry":{"type":"LineString","coordinates":[[-41.313922,-21.59887],[-41.314607,-21.598782],[-41.314633,-21.598924]]},"properties":{"nome":"F4","tipo":"distribuicao","bairro":"TRAVESS\u00c3O"}},{"type":"Feature","geometry":{"type":"LineString","coordinates":[[-41.3132,-21.598477],[-41.313399,-21.598826],[-41.313409,-21.598898],[-41.313908,-21.598827]]},"properties":{"nome":"F11","tipo":"distribuicao","bairro":"TRAVESS\u00c3O"}},{"type":"Feature","geometry":{"type":"LineString","coordinates":[[-41.313906,-21.59883],[-41.3153,-21.598647],[-41.315336,-21.598842]]},"properties":{"nome":"F5","tipo":"distribuicao","bairro":"TRAVESS\u00c3O"}},{"type":"Feature","geometry":{"type":"LineString","coordinates":[[-41.3132,-21.598477],[-41.313437,-21.598812],[-41.313446,-21.598852],[-41.313914,-21.598789]]},"properties":{"nome":"F12","tipo":"distribuicao","bairro":"TRAVESS\u00c3O"}},{"type":"Feature","geometry":{"type":"LineString","coordinates":[[-41.313911,-21.59879],[-41.316492,-21.598436],[-41.316458,-21.597687],[-41.31661,-21.597686]]},"properties":{"nome":"F6","tipo":"distribuicao","bairro":"TRAVESS\u00c3O"}},{"type":"Feature","geometry":{"type":"LineString","coordinates":[[-41.313083,-21.605641],[-41.313295,-21.605512],[-41.313298,-21.60516],[-41.313123,-21.60523]]},"properties":{"nome":"F4","tipo":"distribuicao","bairro":"TRAVESS\u00c3O"}},{"type":"Feature","geometry":{"type":"LineString","coordinates":[[-41.313083,-21.605641],[-41.313229,-21.605523],[-41.313246,-21.60522],[-41.313123,-21.60523]]},"properties":{"nome":"F3","tipo":"distribuicao","bairro":"TRAVESS\u00c3O"}},{"type":"Feature","geometry":{"type":"LineString","coordinates":[[-41.313083,-21.605641],[-41.313354,-21.605513],[-41.313367,-21.604883],[-41.313289,-21.604607],[-41.313039,-21.604649]]},"properties":{"nome":"F5","tipo":"distribuicao","bairro":"TRAVESS\u00c3O"}},{"type":"Feature","geometry":{"type":"LineString","coordinates":[[-41.313083,-21.605641],[-41.313414,-21.605523],[-41.313431,-21.604866],[-41.313311,-21.604467],[-41.312822,-21.60452],[-41.312823,-21.60462]]},"properties":{"nome":"F6","tipo":"distribuicao","bairro":"TRAVESS\u00c3O"}},{"type":"Feature","geometry":{"type":"LineString","coordinates":[[-41.313076,-21.605653],[-41.313159,-21.60574],[-41.313174,-21.605785],[-41.313317,-21.605764],[-41.313326,-21.605868]]},"properties":{"nome":"F6","tipo":"distribuicao","bairro":"TRAVESS\u00c3O"}},{"type":"Feature","geometry":{"type":"LineString","coordinates":[[-41.31306,-21.605655],[-41.312979,-21.60573],[-41.312938,-21.605739],[-41.312784,-21.606613],[-41.312682,-21.606629]]},"properties":{"nome":"F6","tipo":"distribuicao","bairro":"TRAVESS\u00c3O"}},{"type":"Feature","geometry":{"type":"LineString","coordinates":[[-41.313065,-21.605631],[-41.312895,-21.605388],[-41.312321,-21.605409],[-41.312264,-21.605539]]},"properties":{"nome":"F8","tipo":"distribuicao","bairro":"TRAVESS\u00c3O"}},{"type":"Feature","geometry":{"type":"LineString","coordinates":[[-41.313065,-21.605631],[-41.312892,-21.605339],[-41.312322,-21.605355]]},"properties":{"nome":"F9","tipo":"distribuicao","bairro":"TRAVESS\u00c3O"}},{"type":"Feature","geometry":{"type":"LineString","coordinates":[[-41.312325,-21.605351],[-41.312078,-21.605361],[-41.31202,-21.606719],[-41.312193,-21.606742]]},"properties":{"nome":"F6","tipo":"distribuicao","bairro":"TRAVESS\u00c3O"}},{"type":"Feature","geometry":{"type":"LineString","coordinates":[[-41.313065,-21.605631],[-41.312906,-21.60529],[-41.312319,-21.605305]]},"properties":{"nome":"F10","tipo":"distribuicao","bairro":"TRAVESS\u00c3O"}},{"type":"Feature","geometry":{"type":"LineString","coordinates":[[-41.312331,-21.605304],[-41.312261,-21.60461],[-41.312131,-21.60463]]},"properties":{"nome":"F4","tipo":"distribuicao","bairro":"TRAVESS\u00c3O"}},{"type":"Feature","geometry":{"type":"LineString","coordinates":[[-41.313065,-21.605631],[-41.312941,-21.605244],[-41.312387,-21.605255]]},"properties":{"nome":"F11","tipo":"distribuicao","bairro":"TRAVESS\u00c3O"}},{"type":"Feature","geometry":{"type":"LineString","coordinates":[[-41.312391,-21.605255],[-41.31223,-21.603866],[-41.312037,-21.603878]]},"properties":{"nome":"F5","tipo":"distribuicao","bairro":"TRAVESS\u00c3O"}},{"type":"Feature","geometry":{"type":"LineString","coordinates":[[-41.313065,-21.605631],[-41.31298,-21.605189],[-41.312453,-21.605193]]},"properties":{"nome":"F12","tipo":"distribuicao","bairro":"TRAVESS\u00c3O"}},{"type":"Feature","geometry":{"type":"LineString","coordinates":[[-41.31245,-21.605201],[-41.312267,-21.603506],[-41.312593,-21.603427],[-41.312544,-21.603313]]},"properties":{"nome":"F6","tipo":"distribuicao","bairro":"TRAVESS\u00c3O"}},{"type":"Feature","geometry":{"type":"LineString","coordinates":[[-41.31136,-21.608271],[-41.311131,-21.608382],[-41.310592,-21.608471],[-41.310573,-21.608319]]},"properties":{"nome":"F8","tipo":"distribuicao","bairro":"TRAVESS\u00c3O"}},{"type":"Feature","geometry":{"type":"LineString","coordinates":[[-41.31136,-21.608271],[-41.311152,-21.608436],[-41.309251,-21.608746],[-41.309217,-21.608544]]},"properties":{"nome":"F9","tipo":"distribuicao","bairro":"TRAVESS\u00c3O"}},{"type":"Feature","geometry":{"type":"LineString","coordinates":[[-41.31136,-21.608271],[-41.311194,-21.608497],[-41.309269,-21.608811]]},"properties":{"nome":"F10","tipo":"distribuicao","bairro":"TRAVESS\u00c3O"}},{"type":"Feature","geometry":{"type":"LineString","coordinates":[[-41.309269,-21.608811],[-41.308091,-21.609015],[-41.308033,-21.608774]]},"properties":{"nome":"F4","tipo":"distribuicao","bairro":"TRAVESS\u00c3O"}},{"type":"Feature","geometry":{"type":"LineString","coordinates":[[-41.31136,-21.608271],[-41.311204,-21.608556],[-41.309278,-21.60888]]},"properties":{"nome":"F11","tipo":"distribuicao","bairro":"TRAVESS\u00c3O"}},{"type":"Feature","geometry":{"type":"LineString","coordinates":[[-41.309289,-21.608883],[-41.307843,-21.609142],[-41.307661,-21.608328],[-41.306977,-21.608448],[-41.306945,-21.608258]]},"properties":{"nome":"F5","tipo":"distribuicao","bairro":"TRAVESS\u00c3O"}},{"type":"Feature","geometry":{"type":"LineString","coordinates":[[-41.31136,-21.608271],[-41.311249,-21.608619],[-41.309308,-21.608945]]},"properties":{"nome":"F12","tipo":"distribuicao","bairro":"TRAVESS\u00c3O"}},{"type":"Feature","geometry":{"type":"LineString","coordinates":[[-41.309314,-21.608949],[-41.307628,-21.609267],[-41.307553,-21.608861]]},"properties":{"nome":"F6","tipo":"distribuicao","bairro":"TRAVESS\u00c3O"}},{"type":"Feature","geometry":{"type":"LineString","coordinates":[[-41.311384,-21.60827],[-41.311481,-21.608064],[-41.311443,-21.607919],[-41.311799,-21.607743],[-41.311755,-21.607623]]},"properties":{"nome":"F9","tipo":"distribuicao","bairro":"TRAVESS\u00c3O"}},{"type":"Feature","geometry":{"type":"LineString","coordinates":[[-41.311384,-21.60827],[-41.311737,-21.608085],[-41.311696,-21.608009],[-41.311876,-21.60793]]},"properties":{"nome":"F10","tipo":"distribuicao","bairro":"TRAVESS\u00c3O"}},{"type":"Feature","geometry":{"type":"LineString","coordinates":[[-41.311384,-21.60827],[-41.31155,-21.608067],[-41.311507,-21.607952],[-41.311831,-21.607801]]},"properties":{"nome":"F11","tipo":"distribuicao","bairro":"TRAVESS\u00c3O"}},{"type":"Feature","geometry":{"type":"LineString","coordinates":[[-41.311821,-21.607807],[-41.31206,-21.607709],[-41.311708,-21.607401],[-41.311337,-21.607389]]},"properties":{"nome":"F5","tipo":"distribuicao","bairro":"TRAVESS\u00c3O"}},{"type":"Feature","geometry":{"type":"LineString","coordinates":[[-41.311384,-21.60827],[-41.31165,-21.60807],[-41.311607,-21.60798],[-41.311858,-21.607865]]},"properties":{"nome":"F12","tipo":"distribuicao","bairro":"TRAVESS\u00c3O"}},{"type":"Feature","geometry":{"type":"LineString","coordinates":[[-41.311853,-21.607866],[-41.312189,-21.607722],[-41.311878,-21.607436],[-41.312286,-21.607374],[-41.312275,-21.607229]]},"properties":{"nome":"F6","tipo":"distribuicao","bairro":"TRAVESS\u00c3O"}},{"type":"Feature","geometry":{"type":"LineString","coordinates":[[-41.311895,-21.607922],[-41.312046,-21.608248],[-41.311867,-21.608302]]},"properties":{"nome":"F6","tipo":"distribuicao","bairro":"TRAVESS\u00c3O"}},{"type":"Feature","geometry":{"type":"LineString","coordinates":[[-41.310381,-21.606666],[-41.31022,-21.606544],[-41.310173,-21.605933],[-41.310354,-21.60593]]},"properties":{"nome":"F5","tipo":"distribuicao","bairro":"TRAVESS\u00c3O"}},{"type":"Feature","geometry":{"type":"LineString","coordinates":[[-41.310381,-21.606666],[-41.310147,-21.606572],[-41.310013,-21.60431],[-41.310259,-21.604298]]},"properties":{"nome":"F6","tipo":"distribuicao","bairro":"TRAVESS\u00c3O"}},{"type":"Feature","geometry":{"type":"LineString","coordinates":[[-41.310387,-21.606679],[-41.310231,-21.606778],[-41.310262,-21.607451],[-41.310394,-21.607435]]},"properties":{"nome":"F5","tipo":"distribuicao","bairro":"TRAVESS\u00c3O"}},{"type":"Feature","geometry":{"type":"LineString","coordinates":[[-41.310387,-21.606679],[-41.310109,-21.606788],[-41.310155,-21.607674],[-41.310479,-21.607582]]},"properties":{"nome":"F4","tipo":"distribuicao","bairro":"TRAVESS\u00c3O"}},{"type":"Feature","geometry":{"type":"LineString","coordinates":[[-41.310387,-21.606679],[-41.31017,-21.606781],[-41.310208,-21.607606],[-41.310479,-21.607582]]},"properties":{"nome":"F6","tipo":"distribuicao","bairro":"TRAVESS\u00c3O"}},{"type":"Feature","geometry":{"type":"LineString","coordinates":[[-41.310411,-21.606669],[-41.310865,-21.606527],[-41.310819,-21.605797],[-41.311019,-21.605775]]},"properties":{"nome":"F4","tipo":"distribuicao","bairro":"TRAVESS\u00c3O"}},{"type":"Feature","geometry":{"type":"LineString","coordinates":[[-41.310411,-21.606669],[-41.310795,-21.606475],[-41.310655,-21.6042],[-41.310857,-21.604195]]},"properties":{"nome":"F5","tipo":"distribuicao","bairro":"TRAVESS\u00c3O"}},{"type":"Feature","geometry":{"type":"LineString","coordinates":[[-41.310411,-21.606669],[-41.310721,-21.606438],[-41.310525,-21.603485],[-41.311034,-21.603402],[-41.311056,-21.603556]]},"properties":{"nome":"F6","tipo":"distribuicao","bairro":"TRAVESS\u00c3O"}},{"type":"Feature","geometry":{"type":"LineString","coordinates":[[-41.310387,-21.606672],[-41.310582,-21.607044],[-41.311445,-21.60697],[-41.311414,-21.606436],[-41.311555,-21.606422]]},"properties":{"nome":"F4","tipo":"distribuicao","bairro":"TRAVESS\u00c3O"}},{"type":"Feature","geometry":{"type":"LineString","coordinates":[[-41.310387,-21.606672],[-41.310637,-21.606975],[-41.311365,-21.60691],[-41.311286,-21.60556],[-41.311503,-21.60555]]},"properties":{"nome":"F5","tipo":"distribuicao","bairro":"TRAVESS\u00c3O"}},{"type":"Feature","geometry":{"type":"LineString","coordinates":[[-41.310387,-21.606672],[-41.310667,-21.606903],[-41.311289,-21.606849],[-41.31112,-21.604245],[-41.311432,-21.604232]]},"properties":{"nome":"F6","tipo":"distribuicao","bairro":"TRAVESS\u00c3O"}},{"type":"Feature","geometry":{"type":"LineString","coordinates":[[-41.30947,-21.606044],[-41.309595,-21.605839],[-41.309564,-21.60533],[-41.309433,-21.605338]]},"properties":{"nome":"F8","tipo":"distribuicao","bairro":"TRAVESS\u00c3O"}},{"type":"Feature","geometry":{"type":"LineString","coordinates":[[-41.30947,-21.606044],[-41.309654,-21.605848],[-41.309571,-21.604585],[-41.309392,-21.604598]]},"properties":{"nome":"F9","tipo":"distribuicao","bairro":"TRAVESS\u00c3O"}},{"type":"Feature","geometry":{"type":"LineString","coordinates":[[-41.30947,-21.606044],[-41.309708,-21.605853],[-41.309629,-21.604585]]},"properties":{"nome":"F10","tipo":"distribuicao","bairro":"TRAVESS\u00c3O"}},{"type":"Feature","geometry":{"type":"LineString","coordinates":[[-41.309629,-21.604585],[-41.309583,-21.603845],[-41.309341,-21.603859]]},"properties":{"nome":"F4","tipo":"distribuicao","bairro":"TRAVESS\u00c3O"}},{"type":"Feature","geometry":{"type":"LineString","coordinates":[[-41.30947,-21.606044],[-41.309775,-21.605836],[-41.309691,-21.604569]]},"properties":{"nome":"F11","tipo":"distribuicao","bairro":"TRAVESS\u00c3O"}},{"type":"Feature","geometry":{"type":"LineString","coordinates":[[-41.309693,-21.604583],[-41.309596,-21.60311],[-41.309333,-21.603126]]},"properties":{"nome":"F5","tipo":"distribuicao","bairro":"TRAVESS\u00c3O"}},{"type":"Feature","geometry":{"type":"LineString","coordinates":[[-41.30947,-21.606044],[-41.309831,-21.605816],[-41.309748,-21.604558]]},"properties":{"nome":"F12","tipo":"distribuicao","bairro":"TRAVESS\u00c3O"}},{"type":"Feature","geometry":{"type":"LineString","coordinates":[[-41.309749,-21.604563],[-41.309631,-21.602388],[-41.309293,-21.602396]]},"properties":{"nome":"F6","tipo":"distribuicao","bairro":"TRAVESS\u00c3O"}},{"type":"Feature","geometry":{"type":"LineString","coordinates":[[-41.309452,-21.606075],[-41.309329,-21.606249],[-41.309375,-21.607181],[-41.309501,-21.607168]]},"properties":{"nome":"F9","tipo":"distribuicao","bairro":"TRAVESS\u00c3O"}},{"type":"Feature","geometry":{"type":"LineString","coordinates":[[-41.309452,-21.606075],[-41.309276,-21.606249],[-41.309347,-21.607494],[-41.309305,-21.607596]]},"properties":{"nome":"F10","tipo":"distribuicao","bairro":"TRAVESS\u00c3O"}},{"type":"Feature","geometry":{"type":"LineString","coordinates":[[-41.309452,-21.606075],[-41.309211,-21.606236],[-41.309267,-21.607492]]},"properties":{"nome":"F11","tipo":"distribuicao","bairro":"TRAVESS\u00c3O"}},{"type":"Feature","geometry":{"type":"LineString","coordinates":[[-41.309267,-21.607492],[-41.308699,-21.607577],[-41.308725,-21.60786]]},"properties":{"nome":"F5","tipo":"distribuicao","bairro":"TRAVESS\u00c3O"}},{"type":"Feature","geometry":{"type":"LineString","coordinates":[[-41.309452,-21.606075],[-41.309138,-21.606204],[-41.309191,-21.60743]]},"properties":{"nome":"F12","tipo":"distribuicao","bairro":"TRAVESS\u00c3O"}},{"type":"Feature","geometry":{"type":"LineString","coordinates":[[-41.309186,-21.607431],[-41.308503,-21.607532],[-41.308568,-21.608112],[-41.309341,-21.608012],[-41.309321,-21.607782]]},"properties":{"nome":"F6","tipo":"distribuicao","bairro":"TRAVESS\u00c3O"}},{"type":"Feature","geometry":{"type":"LineString","coordinates":[[-41.30858,-21.604284],[-41.308715,-21.604159],[-41.308693,-21.603981],[-41.308827,-21.603975],[-41.308813,-21.603815]]},"properties":{"nome":"F6","tipo":"distribuicao","bairro":"TRAVESS\u00c3O"}},{"type":"Feature","geometry":{"type":"LineString","coordinates":[[-41.308568,-21.604302],[-41.308434,-21.604183],[-41.308365,-21.603077],[-41.308532,-21.603082]]},"properties":{"nome":"F7","tipo":"distribuicao","bairro":"TRAVESS\u00c3O"}},{"type":"Feature","geometry":{"type":"LineString","coordinates":[[-41.308568,-21.604302],[-41.308368,-21.604187],[-41.308299,-21.603023],[-41.308532,-21.603082]]},"properties":{"nome":"F8","tipo":"distribuicao","bairro":"TRAVESS\u00c3O"}},{"type":"Feature","geometry":{"type":"LineString","coordinates":[[-41.308568,-21.604302],[-41.308313,-21.604203],[-41.308204,-21.6024],[-41.308477,-21.602393]]},"properties":{"nome":"F9","tipo":"distribuicao","bairro":"TRAVESS\u00c3O"}},{"type":"Feature","geometry":{"type":"LineString","coordinates":[[-41.308568,-21.604302],[-41.308244,-21.604206],[-41.308132,-21.602404]]},"properties":{"nome":"F10","tipo":"distribuicao","bairro":"TRAVESS\u00c3O"}},{"type":"Feature","geometry":{"type":"LineString","coordinates":[[-41.308129,-21.602404],[-41.308076,-21.601502],[-41.308463,-21.601488]]},"properties":{"nome":"F4","tipo":"distribuicao","bairro":"TRAVESS\u00c3O"}},{"type":"Feature","geometry":{"type":"LineString","coordinates":[[-41.308568,-21.604302],[-41.308164,-21.604218],[-41.308049,-21.602418]]},"properties":{"nome":"F11","tipo":"distribuicao","bairro":"TRAVESS\u00c3O"}},{"type":"Feature","geometry":{"type":"LineString","coordinates":[[-41.308052,-21.602412],[-41.307959,-21.600921],[-41.309079,-21.600865],[-41.309094,-21.601031]]},"properties":{"nome":"F5","tipo":"distribuicao","bairro":"TRAVESS\u00c3O"}},{"type":"Feature","geometry":{"type":"LineString","coordinates":[[-41.308568,-21.604302],[-41.308093,-21.604238],[-41.307974,-21.602403]]},"properties":{"nome":"F12","tipo":"distribuicao","bairro":"TRAVESS\u00c3O"}},{"type":"Feature","geometry":{"type":"LineString","coordinates":[[-41.307977,-21.602398],[-41.307879,-21.600848],[-41.309424,-21.600769],[-41.30945,-21.601667],[-41.309233,-21.601683]]},"properties":{"nome":"F6","tipo":"distribuicao","bairro":"TRAVESS\u00c3O"}},{"type":"Feature","geometry":{"type":"LineString","coordinates":[[-41.30854,-21.6043],[-41.308446,-21.604483],[-41.308483,-21.605072],[-41.308662,-21.60507]]},"properties":{"nome":"F10","tipo":"distribuicao","bairro":"TRAVESS\u00c3O"}},{"type":"Feature","geometry":{"type":"LineString","coordinates":[[-41.30854,-21.6043],[-41.308369,-21.60448],[-41.308412,-21.605063]]},"properties":{"nome":"F11","tipo":"distribuicao","bairro":"TRAVESS\u00c3O"}},{"type":"Feature","geometry":{"type":"LineString","coordinates":[[-41.308414,-21.605068],[-41.308478,-21.605853],[-41.308688,-21.605831]]},"properties":{"nome":"F5","tipo":"distribuicao","bairro":"TRAVESS\u00c3O"}},{"type":"Feature","geometry":{"type":"LineString","coordinates":[[-41.30854,-21.6043],[-41.308298,-21.604473],[-41.308346,-21.605074]]},"properties":{"nome":"F12","tipo":"distribuicao","bairro":"TRAVESS\u00c3O"}},{"type":"Feature","geometry":{"type":"LineString","coordinates":[[-41.308345,-21.605063],[-41.30845,-21.606567],[-41.308765,-21.606558]]},"properties":{"nome":"F6","tipo":"distribuicao","bairro":"TRAVESS\u00c3O"}},{"type":"Feature","geometry":{"type":"LineString","coordinates":[[-41.311616,-21.612454],[-41.311468,-21.61261],[-41.311103,-21.612621],[-41.31111,-21.612712]]},"properties":{"nome":"F8","tipo":"distribuicao","bairro":"TRAVESS\u00c3O"}},{"type":"Feature","geometry":{"type":"LineString","coordinates":[[-41.311616,-21.612454],[-41.311446,-21.612579],[-41.3101,-21.612624],[-41.3101,-21.612742]]},"properties":{"nome":"F9","tipo":"distribuicao","bairro":"TRAVESS\u00c3O"}},{"type":"Feature","geometry":{"type":"LineString","coordinates":[[-41.311616,-21.612454],[-41.311448,-21.612548],[-41.310102,-21.612591]]},"properties":{"nome":"F10","tipo":"distribuicao","bairro":"TRAVESS\u00c3O"}},{"type":"Feature","geometry":{"type":"LineString","coordinates":[[-41.310098,-21.612588],[-41.309553,-21.612609],[-41.309562,-21.612754]]},"properties":{"nome":"F4","tipo":"distribuicao","bairro":"TRAVESS\u00c3O"}},{"type":"Feature","geometry":{"type":"LineString","coordinates":[[-41.311616,-21.612454],[-41.311443,-21.612518],[-41.310104,-21.612558]]},"properties":{"nome":"F11","tipo":"distribuicao","bairro":"TRAVESS\u00c3O"}},{"type":"Feature","geometry":{"type":"LineString","coordinates":[[-41.310109,-21.612557],[-41.308844,-21.612606],[-41.308856,-21.612933],[-41.308928,-21.61298]]},"properties":{"nome":"F5","tipo":"distribuicao","bairro":"TRAVESS\u00c3O"}},{"type":"Feature","geometry":{"type":"LineString","coordinates":[[-41.311616,-21.612454],[-41.311448,-21.612487],[-41.310104,-21.612525]]},"properties":{"nome":"F12","tipo":"distribuicao","bairro":"TRAVESS\u00c3O"}},{"type":"Feature","geometry":{"type":"LineString","coordinates":[[-41.310109,-21.612527],[-41.308659,-21.612582],[-41.308661,-21.612661],[-41.30853,-21.612666]]},"properties":{"nome":"F6","tipo":"distribuicao","bairro":"TRAVESS\u00c3O"}},{"type":"Feature","geometry":{"type":"LineString","coordinates":[[-41.311615,-21.612458],[-41.311545,-21.612362],[-41.311572,-21.611718],[-41.311685,-21.611716]]},"properties":{"nome":"F9","tipo":"distribuicao","bairro":"TRAVESS\u00c3O"}},{"type":"Feature","geometry":{"type":"LineString","coordinates":[[-41.311615,-21.612458],[-41.311507,-21.612371],[-41.311515,-21.612173]]},"properties":{"nome":"F10","tipo":"distribuicao","bairro":"TRAVESS\u00c3O"}},{"type":"Feature","geometry":{"type":"LineString","coordinates":[[-41.311515,-21.612176],[-41.311283,-21.61218],[-41.311287,-21.612095]]},"properties":{"nome":"F4","tipo":"distribuicao","bairro":"TRAVESS\u00c3O"}},{"type":"Feature","geometry":{"type":"LineString","coordinates":[[-41.311615,-21.612458],[-41.311477,-21.612376],[-41.311477,-21.612212]]},"properties":{"nome":"F11","tipo":"distribuicao","bairro":"TRAVESS\u00c3O"}},{"type":"Feature","geometry":{"type":"LineString","coordinates":[[-41.311477,-21.612212],[-41.310554,-21.612242],[-41.310547,-21.611985],[-41.310437,-21.61199]]},"properties":{"nome":"F5","tipo":"distribuicao","bairro":"TRAVESS\u00c3O"}},{"type":"Feature","geometry":{"type":"LineString","coordinates":[[-41.311615,-21.612458],[-41.311441,-21.612392],[-41.311439,-21.612254]]},"properties":{"nome":"F12","tipo":"distribuicao","bairro":"TRAVESS\u00c3O"}},{"type":"Feature","geometry":{"type":"LineString","coordinates":[[-41.311442,-21.612254],[-41.309521,-21.61231],[-41.309522,-21.61214]]},"properties":{"nome":"F6","tipo":"distribuicao","bairro":"TRAVESS\u00c3O"}},{"type":"Feature","geometry":{"type":"LineString","coordinates":[[-41.30864,-21.610961],[-41.308429,-21.611141],[-41.308504,-21.611499],[-41.308092,-21.611519],[-41.308102,-21.611636]]},"properties":{"nome":"F9","tipo":"distribuicao","bairro":"TRAVESS\u00c3O"}},{"type":"Feature","geometry":{"type":"LineString","coordinates":[[-41.30864,-21.610961],[-41.308468,-21.611155],[-41.30854,-21.61149]]},"properties":{"nome":"F10","tipo":"distribuicao","bairro":"TRAVESS\u00c3O"}},{"type":"Feature","geometry":{"type":"LineString","coordinates":[[-41.308537,-21.61149],[-41.308976,-21.611479],[-41.308984,-21.611614]]},"properties":{"nome":"F4","tipo":"distribuicao","bairro":"TRAVESS\u00c3O"}},{"type":"Feature","geometry":{"type":"LineString","coordinates":[[-41.30864,-21.610961],[-41.308518,-21.61116],[-41.308572,-21.61145]]},"properties":{"nome":"F11","tipo":"distribuicao","bairro":"TRAVESS\u00c3O"}},{"type":"Feature","geometry":{"type":"LineString","coordinates":[[-41.308572,-21.61145],[-41.309955,-21.611401],[-41.30996,-21.611559]]},"properties":{"nome":"F5","tipo":"distribuicao","bairro":"TRAVESS\u00c3O"}},{"type":"Feature","geometry":{"type":"LineString","coordinates":[[-41.30864,-21.610961],[-41.308568,-21.611165],[-41.308611,-21.611407]]},"properties":{"nome":"F12","tipo":"distribuicao","bairro":"TRAVESS\u00c3O"}},{"type":"Feature","geometry":{"type":"LineString","coordinates":[[-41.308608,-21.6114],[-41.310829,-21.611321],[-41.310829,-21.61154]]},"properties":{"nome":"F6","tipo":"distribuicao","bairro":"TRAVESS\u00c3O"}},{"type":"Feature","geometry":{"type":"LineString","coordinates":[[-41.308625,-21.610961],[-41.30838,-21.611098],[-41.307691,-21.611216],[-41.307676,-21.611143]]},"properties":{"nome":"F6","tipo":"distribuicao","bairro":"TRAVESS\u00c3O"}},{"type":"Feature","geometry":{"type":"LineString","coordinates":[[-41.308646,-21.610964],[-41.308429,-21.610915],[-41.308362,-21.610565],[-41.308581,-21.610531],[-41.308559,-21.610428]]},"properties":{"nome":"F8","tipo":"distribuicao","bairro":"TRAVESS\u00c3O"}},{"type":"Feature","geometry":{"type":"LineString","coordinates":[[-41.308646,-21.610964],[-41.308391,-21.610934],[-41.308318,-21.61058]]},"properties":{"nome":"F9","tipo":"distribuicao","bairro":"TRAVESS\u00c3O"}},{"type":"Feature","geometry":{"type":"LineString","coordinates":[[-41.308318,-21.610586],[-41.307543,-21.610734],[-41.307519,-21.610616]]},"properties":{"nome":"F6","tipo":"distribuicao","bairro":"TRAVESS\u00c3O"}},{"type":"Feature","geometry":{"type":"LineString","coordinates":[[-41.308646,-21.610964],[-41.308473,-21.610897],[-41.308417,-21.610599],[-41.308582,-21.610575]]},"properties":{"nome":"F10","tipo":"distribuicao","bairro":"TRAVESS\u00c3O"}},{"type":"Feature","geometry":{"type":"LineString","coordinates":[[-41.308579,-21.610576],[-41.309086,-21.610489],[-41.31017,-21.61049],[-41.310171,-21.610347]]},"properties":{"nome":"F4","tipo":"distribuicao","bairro":"TRAVESS\u00c3O"}},{"type":"Feature","geometry":{"type":"LineString","coordinates":[[-41.308646,-21.610964],[-41.30851,-21.610889],[-41.308462,-21.610631],[-41.308586,-21.610611]]},"properties":{"nome":"F11","tipo":"distribuicao","bairro":"TRAVESS\u00c3O"}},{"type":"Feature","geometry":{"type":"LineString","coordinates":[[-41.308581,-21.610612],[-41.309093,-21.610531],[-41.311056,-21.610531],[-41.31106,-21.610349]]},"properties":{"nome":"F5","tipo":"distribuicao","bairro":"TRAVESS\u00c3O"}},{"type":"Feature","geometry":{"type":"LineString","coordinates":[[-41.308646,-21.610964],[-41.308555,-21.610885],[-41.308509,-21.610667],[-41.308596,-21.610652]]},"properties":{"nome":"F12","tipo":"distribuicao","bairro":"TRAVESS\u00c3O"}},{"type":"Feature","geometry":{"type":"LineString","coordinates":[[-41.308595,-21.610652],[-41.309087,-21.610574],[-41.311273,-21.610575],[-41.311248,-21.610778],[-41.311166,-21.61083],[-41.31055,-21.610825],[-41.310545,-21.610895]]},"properties":{"nome":"F6","tipo":"distribuicao","bairro":"TRAVESS\u00c3O"}},{"type":"Feature","geometry":{"type":"LineString","coordinates":[[-41.311878,-21.609832],[-41.311523,-21.609412],[-41.30954,-21.609447]]},"properties":{"nome":"F8","tipo":"distribuicao","bairro":"TRAVESS\u00c3O"}},{"type":"Feature","geometry":{"type":"LineString","coordinates":[[-41.309546,-21.609446],[-41.308927,-21.609452],[-41.307977,-21.609639],[-41.308113,-21.609874]]},"properties":{"nome":"F3","tipo":"distribuicao","bairro":"TRAVESS\u00c3O"}},{"type":"Feature","geometry":{"type":"LineString","coordinates":[[-41.311878,-21.609832],[-41.311495,-21.609549],[-41.310968,-21.609555],[-41.310971,-21.609715]]},"properties":{"nome":"F9","tipo":"distribuicao","bairro":"TRAVESS\u00c3O"}},{"type":"Feature","geometry":{"type":"LineString","coordinates":[[-41.311878,-21.609832],[-41.311499,-21.609507],[-41.309548,-21.609542],[-41.309558,-21.609734]]},"properties":{"nome":"F10","tipo":"distribuicao","bairro":"TRAVESS\u00c3O"}},{"type":"Feature","geometry":{"type":"LineString","coordinates":[[-41.311878,-21.609832],[-41.311511,-21.609464],[-41.309543,-21.609497]]},"properties":{"nome":"F11","tipo":"distribuicao","bairro":"TRAVESS\u00c3O"}},{"type":"Feature","geometry":{"type":"LineString","coordinates":[[-41.309538,-21.609498],[-41.308936,-21.609505],[-41.308074,-21.609671],[-41.308112,-21.609872]]},"properties":{"nome":"F5","tipo":"distribuicao","bairro":"TRAVESS\u00c3O"}},{"type":"Feature","geometry":{"type":"LineString","coordinates":[[-41.311878,-21.609832],[-41.311521,-21.609363],[-41.309549,-21.609399]]},"properties":{"nome":"F12","tipo":"distribuicao","bairro":"TRAVESS\u00c3O"}},{"type":"Feature","geometry":{"type":"LineString","coordinates":[[-41.30955,-21.6094],[-41.308919,-21.609404],[-41.307381,-21.609697],[-41.307444,-21.61]]},"properties":{"nome":"F6","tipo":"distribuicao","bairro":"TRAVESS\u00c3O"}},{"type":"Feature","geometry":{"type":"LineString","coordinates":[[-41.311875,-21.609863],[-41.312117,-21.609774],[-41.312236,-21.608967],[-41.312091,-21.608954]]},"properties":{"nome":"F8","tipo":"distribuicao","bairro":"TRAVESS\u00c3O"}},{"type":"Feature","geometry":{"type":"LineString","coordinates":[[-41.311875,-21.609863],[-41.312117,-21.609774],[-41.312236,-21.608967],[-41.312091,-21.608954]]},"properties":{"nome":"F8","tipo":"distribuicao","bairro":"TRAVESS\u00c3O"}},{"type":"Feature","geometry":{"type":"LineString","coordinates":[[-41.311875,-21.609863],[-41.312083,-21.609744],[-41.312164,-21.609123],[-41.310595,-21.609148],[-41.310592,-21.609028]]},"properties":{"nome":"F9","tipo":"distribuicao","bairro":"TRAVESS\u00c3O"}},{"type":"Feature","geometry":{"type":"LineString","coordinates":[[-41.311875,-21.609863],[-41.312042,-21.60973],[-41.312119,-21.609166],[-41.310596,-21.609198]]},"properties":{"nome":"F10","tipo":"distribuicao","bairro":"TRAVESS\u00c3O"}},{"type":"Feature","geometry":{"type":"LineString","coordinates":[[-41.310593,-21.609199],[-41.309522,-21.60923],[-41.309523,-21.609114]]},"properties":{"nome":"F4","tipo":"distribuicao","bairro":"TRAVESS\u00c3O"}},{"type":"Feature","geometry":{"type":"LineString","coordinates":[[-41.311875,-21.609863],[-41.311998,-21.609713],[-41.31206,-21.609216],[-41.3106,-21.609247]]},"properties":{"nome":"F11","tipo":"distribuicao","bairro":"TRAVESS\u00c3O"}},{"type":"Feature","geometry":{"type":"LineString","coordinates":[[-41.310596,-21.609248],[-41.308883,-21.609295],[-41.308307,-21.609398],[-41.308269,-21.609233]]},"properties":{"nome":"F5","tipo":"distribuicao","bairro":"TRAVESS\u00c3O"}},{"type":"Feature","geometry":{"type":"LineString","coordinates":[[-41.311875,-21.609863],[-41.311954,-21.609707],[-41.312006,-21.609261],[-41.310597,-21.609291]]},"properties":{"nome":"F12","tipo":"distribuicao","bairro":"TRAVESS\u00c3O"}},{"type":"Feature","geometry":{"type":"LineString","coordinates":[[-41.310597,-21.609291],[-41.308906,-21.609342],[-41.30727,-21.609626],[-41.30723,-21.609408]]},"properties":{"nome":"F6","tipo":"distribuicao","bairro":"TRAVESS\u00c3O"}},{"type":"Feature","geometry":{"type":"LineString","coordinates":[[-41.305759,-21.608265],[-41.305948,-21.608111],[-41.306577,-21.608014],[-41.306604,-21.608128]]},"properties":{"nome":"F6","tipo":"distribuicao","bairro":"TRAVESS\u00c3O"}},{"type":"Feature","geometry":{"type":"LineString","coordinates":[[-41.305754,-21.608265],[-41.30584,-21.608082],[-41.305701,-21.607728],[-41.305546,-21.607767]]},"properties":{"nome":"F6","tipo":"distribuicao","bairro":"TRAVESS\u00c3O"}},{"type":"Feature","geometry":{"type":"LineString","coordinates":[[-41.305743,-21.608257],[-41.305683,-21.60844],[-41.306063,-21.609418],[-41.306256,-21.60936]]},"properties":{"nome":"F11","tipo":"distribuicao","bairro":"TRAVESS\u00c3O"}},{"type":"Feature","geometry":{"type":"LineString","coordinates":[[-41.305743,-21.608257],[-41.305611,-21.608461],[-41.306026,-21.609527],[-41.306877,-21.609275],[-41.306783,-21.609016]]},"properties":{"nome":"F12","tipo":"distribuicao","bairro":"TRAVESS\u00c3O"}},{"type":"Feature","geometry":{"type":"LineString","coordinates":[[-41.305739,-21.608272],[-41.305373,-21.608105],[-41.303985,-21.608347],[-41.303924,-21.608518]]},"properties":{"nome":"F8","tipo":"distribuicao","bairro":"TRAVESS\u00c3O"}},{"type":"Feature","geometry":{"type":"LineString","coordinates":[[-41.305739,-21.608272],[-41.305367,-21.608031],[-41.303989,-21.608283]]},"properties":{"nome":"F9","tipo":"distribuicao","bairro":"TRAVESS\u00c3O"}},{"type":"Feature","geometry":{"type":"LineString","coordinates":[[-41.303988,-21.608278],[-41.303952,-21.60814],[-41.30337,-21.608237],[-41.303338,-21.608086]]},"properties":{"nome":"F5","tipo":"distribuicao","bairro":"TRAVESS\u00c3O"}},{"type":"Feature","geometry":{"type":"LineString","coordinates":[[-41.305739,-21.608272],[-41.305365,-21.607944],[-41.304052,-21.608184]]},"properties":{"nome":"F10","tipo":"distribuicao","bairro":"TRAVESS\u00c3O"}},{"type":"Feature","geometry":{"type":"LineString","coordinates":[[-41.304052,-21.608184],[-41.303901,-21.607445],[-41.303727,-21.607474]]},"properties":{"nome":"F6","tipo":"distribuicao","bairro":"TRAVESS\u00c3O"}},{"type":"Feature","geometry":{"type":"LineString","coordinates":[[-41.305739,-21.608272],[-41.30528,-21.608599],[-41.30127,-21.609271],[-41.301215,-21.608338],[-41.301432,-21.608325]]},"properties":{"nome":"F6","tipo":"distribuicao","bairro":"TRAVESS\u00c3O"}},{"type":"Feature","geometry":{"type":"LineString","coordinates":[[-41.305739,-21.608272],[-41.305298,-21.608473],[-41.302142,-21.60901],[-41.302098,-21.608791]]},"properties":{"nome":"F11","tipo":"distribuicao","bairro":"TRAVESS\u00c3O"}},{"type":"Feature","geometry":{"type":"LineString","coordinates":[[-41.305739,-21.608272],[-41.30539,-21.608681],[-41.295128,-21.610409],[-41.295095,-21.609926]]},"properties":{"nome":"F12","tipo":"distribuicao","bairro":"TRAVESS\u00c3O"}},{"type":"Feature","geometry":{"type":"LineString","coordinates":[[-41.284241,-21.611153],[-41.284631,-21.611269],[-41.286237,-21.611047],[-41.286228,-21.610832]]},"properties":{"nome":"F11","tipo":"distribuicao","bairro":"TRAVESS\u00c3O"}},{"type":"Feature","geometry":{"type":"LineString","coordinates":[[-41.284241,-21.611153],[-41.284667,-21.611365],[-41.28809,-21.610879],[-41.288034,-21.610537]]},"properties":{"nome":"F12","tipo":"distribuicao","bairro":"TRAVESS\u00c3O"}},{"type":"Feature","geometry":{"type":"LineString","coordinates":[[-41.284205,-21.611173],[-41.284282,-21.613234],[-41.28409,-21.613247]]},"properties":{"nome":"F10","tipo":"distribuicao","bairro":"TRAVESS\u00c3O"}},{"type":"Feature","geometry":{"type":"LineString","coordinates":[[-41.284205,-21.611173],[-41.284327,-21.611538],[-41.284424,-21.614556],[-41.284137,-21.614561]]},"properties":{"nome":"F11","tipo":"distribuicao","bairro":"TRAVESS\u00c3O"}},{"type":"Feature","geometry":{"type":"LineString","coordinates":[[-41.284205,-21.611173],[-41.284431,-21.611536],[-41.28458,-21.615956],[-41.284202,-21.615986]]},"properties":{"nome":"F12","tipo":"distribuicao","bairro":"TRAVESS\u00c3O"}},{"type":"Feature","geometry":{"type":"LineString","coordinates":[[-41.284234,-21.611137],[-41.283948,-21.610909],[-41.282652,-21.611055],[-41.28269,-21.611306]]},"properties":{"nome":"F8","tipo":"distribuicao","bairro":"TRAVESS\u00c3O"}},{"type":"Feature","geometry":{"type":"LineString","coordinates":[[-41.284234,-21.611137],[-41.283923,-21.611007],[-41.283048,-21.611109]]},"properties":{"nome":"F9","tipo":"distribuicao","bairro":"TRAVESS\u00c3O"}},{"type":"Feature","geometry":{"type":"LineString","coordinates":[[-41.283049,-21.611115],[-41.28312,-21.612238],[-41.282884,-21.612243]]},"properties":{"nome":"F6","tipo":"distribuicao","bairro":"TRAVESS\u00c3O"}},{"type":"Feature","geometry":{"type":"LineString","coordinates":[[-41.284234,-21.611137],[-41.283913,-21.610798],[-41.282644,-21.610951]]},"properties":{"nome":"F10","tipo":"distribuicao","bairro":"TRAVESS\u00c3O"}},{"type":"Feature","geometry":{"type":"LineString","coordinates":[[-41.282637,-21.610945],[-41.281974,-21.611043],[-41.28205,-21.61185],[-41.282306,-21.611827]]},"properties":{"nome":"F6","tipo":"distribuicao","bairro":"TRAVESS\u00c3O"}},{"type":"Feature","geometry":{"type":"LineString","coordinates":[[-41.284234,-21.611137],[-41.283899,-21.6107],[-41.280298,-21.611172],[-41.280376,-21.611605]]},"properties":{"nome":"F11","tipo":"distribuicao","bairro":"TRAVESS\u00c3O"}},{"type":"Feature","geometry":{"type":"LineString","coordinates":[[-41.284234,-21.611137],[-41.283878,-21.610596],[-41.280255,-21.611062]]},"properties":{"nome":"F12","tipo":"distribuicao","bairro":"TRAVESS\u00c3O"}},{"type":"Feature","geometry":{"type":"LineString","coordinates":[[-41.280248,-21.611062],[-41.279651,-21.61114],[-41.279808,-21.613014],[-41.280082,-21.612997]]},"properties":{"nome":"F6","tipo":"distribuicao","bairro":"TRAVESS\u00c3O"}},{"type":"Feature","geometry":{"type":"LineString","coordinates":[[-41.272154,-21.612622],[-41.272342,-21.612386],[-41.272185,-21.611162],[-41.272399,-21.611133]]},"properties":{"nome":"F5","tipo":"distribuicao","bairro":"TRAVESS\u00c3O"}},{"type":"Feature","geometry":{"type":"LineString","coordinates":[[-41.272154,-21.612622],[-41.272252,-21.61237],[-41.271964,-21.610261],[-41.271651,-21.610247],[-41.271651,-21.609969]]},"properties":{"nome":"F6","tipo":"distribuicao","bairro":"TRAVESS\u00c3O"}},{"type":"Feature","geometry":{"type":"LineString","coordinates":[[-41.272133,-21.612646],[-41.272221,-21.613088],[-41.271703,-21.613172],[-41.271771,-21.613661],[-41.271632,-21.613683]]},"properties":{"nome":"F6","tipo":"distribuicao","bairro":"TRAVESS\u00c3O"}},{"type":"Feature","geometry":{"type":"LineString","coordinates":[[-41.272123,-21.612636],[-41.27197,-21.612514],[-41.271478,-21.612593],[-41.270364,-21.612523],[-41.270378,-21.612663]]},"properties":{"nome":"F8","tipo":"distribuicao","bairro":"TRAVESS\u00c3O"}},{"type":"Feature","geometry":{"type":"LineString","coordinates":[[-41.272123,-21.612636],[-41.271953,-21.612449],[-41.271487,-21.612528],[-41.270303,-21.612454]]},"properties":{"nome":"F9","tipo":"distribuicao","bairro":"TRAVESS\u00c3O"}},{"type":"Feature","geometry":{"type":"LineString","coordinates":[[-41.270293,-21.612464],[-41.269008,-21.6138],[-41.269067,-21.613982]]},"properties":{"nome":"F6","tipo":"distribuicao","bairro":"TRAVESS\u00c3O"}},{"type":"Feature","geometry":{"type":"LineString","coordinates":[[-41.272123,-21.612636],[-41.271925,-21.61239],[-41.271464,-21.612463],[-41.270296,-21.612389]]},"properties":{"nome":"F10","tipo":"distribuicao","bairro":"TRAVESS\u00c3O"}},{"type":"Feature","geometry":{"type":"LineString","coordinates":[[-41.270291,-21.612384],[-41.269585,-21.613081],[-41.269371,-21.612921]]},"properties":{"nome":"F4","tipo":"distribuicao","bairro":"TRAVESS\u00c3O"}},{"type":"Feature","geometry":{"type":"LineString","coordinates":[[-41.272123,-21.612636],[-41.271903,-21.612325],[-41.271436,-21.612388],[-41.270284,-21.612319]]},"properties":{"nome":"F11","tipo":"distribuicao","bairro":"TRAVESS\u00c3O"}},{"type":"Feature","geometry":{"type":"LineString","coordinates":[[-41.2703,-21.612319],[-41.270102,-21.612142]]},"properties":{"nome":"F5","tipo":"distribuicao","bairro":"TRAVESS\u00c3O"}},{"type":"Feature","geometry":{"type":"LineString","coordinates":[[-41.272123,-21.612636],[-41.271913,-21.612264],[-41.271408,-21.612334],[-41.270353,-21.612268]]},"properties":{"nome":"F12","tipo":"distribuicao","bairro":"TRAVESS\u00c3O"}},{"type":"Feature","geometry":{"type":"LineString","coordinates":[[-41.270342,-21.612263],[-41.270138,-21.611874],[-41.268906,-21.612289]]},"properties":{"nome":"F6","tipo":"distribuicao","bairro":"TRAVESS\u00c3O"}},{"type":"Feature","geometry":{"type":"LineString","coordinates":[[-41.27211,-21.612676],[-41.271693,-21.61288],[-41.270788,-21.613203],[-41.270582,-21.613378],[-41.27045,-21.61322]]},"properties":{"nome":"F10","tipo":"distribuicao","bairro":"TRAVESS\u00c3O"}},{"type":"Feature","geometry":{"type":"LineString","coordinates":[[-41.27211,-21.612676],[-41.271747,-21.61294],[-41.270838,-21.613263],[-41.269516,-21.614567],[-41.269351,-21.614387]]},"properties":{"nome":"F11","tipo":"distribuicao","bairro":"TRAVESS\u00c3O"}},{"type":"Feature","geometry":{"type":"LineString","coordinates":[[-41.27211,-21.612676],[-41.271759,-21.61302],[-41.270882,-21.613332],[-41.268204,-21.615998],[-41.267687,-21.616032]]},"properties":{"nome":"F12","tipo":"distribuicao","bairro":"TRAVESS\u00c3O"}},{"type":"Feature","geometry":{"type":"LineString","coordinates":[[-41.311427,-21.639526],[-41.310548,-21.641081],[-41.309773,-21.639145],[-41.308425,-21.638623],[-41.306021,-21.638524],[-41.29171,-21.64188],[-41.288269,-21.642437],[-41.276725,-21.64268],[-41.274709,-21.639418],[-41.274332,-21.633129],[-41.247208,-21.634489],[-41.243034,-21.634728],[-41.217762,-21.618769],[-41.218783,-21.611613],[-41.220607,-21.611794],[-41.221138,-21.612423]]},"properties":{"nome":"\u00c1REA 1","tipo":"distribuicao","bairro":"TRAVESS\u00c3O"}},{"type":"Feature","geometry":{"type":"LineString","coordinates":[[-41.311427,-21.639526],[-41.310655,-21.640713],[-41.309937,-21.638928],[-41.30843,-21.638366],[-41.305989,-21.638303],[-41.291704,-21.641652],[-41.288233,-21.642193],[-41.276933,-21.642408],[-41.274992,-21.639362],[-41.274571,-21.632886],[-41.247473,-21.634258],[-41.247456,-21.633172]]},"properties":{"nome":"\u00c1REA 2","tipo":"distribuicao","bairro":"TRAVESS\u00c3O"}},{"type":"Feature","geometry":{"type":"LineString","coordinates":[[-41.311427,-21.639526],[-41.310769,-21.640357],[-41.310121,-21.638785],[-41.308476,-21.638137],[-41.305934,-21.638091],[-41.291738,-21.641423],[-41.288194,-21.641963],[-41.277123,-21.642206],[-41.27526,-21.639285],[-41.27481,-21.632643],[-41.252248,-21.633823],[-41.252239,-21.632932]]},"properties":{"nome":"\u00c1REA 3","tipo":"distribuicao","bairro":"TRAVESS\u00c3O"}},{"type":"Feature","geometry":{"type":"LineString","coordinates":[[-41.311427,-21.639526],[-41.310868,-21.640043],[-41.310292,-21.638598],[-41.308512,-21.637895],[-41.305951,-21.637861],[-41.291647,-21.64124],[-41.288207,-21.641765],[-41.285834,-21.64124],[-41.285479,-21.640476]]},"properties":{"nome":"\u00c1REA 4","tipo":"distribuicao","bairro":"TRAVESS\u00c3O"}},{"type":"Feature","geometry":{"type":"LineString","coordinates":[[-41.311427,-21.639526],[-41.310965,-21.639801],[-41.31047,-21.638417],[-41.308569,-21.637725],[-41.305912,-21.637654],[-41.299078,-21.639232],[-41.298806,-21.638155]]},"properties":{"nome":"\u00c1REA 5","tipo":"distribuicao","bairro":"TRAVESS\u00c3O"}},{"type":"Feature","geometry":{"type":"LineString","coordinates":[[-41.311415,-21.639512],[-41.310929,-21.639307],[-41.310933,-21.637751],[-41.309885,-21.637589],[-41.308531,-21.633559],[-41.308718,-21.633163]]},"properties":{"nome":"\u00c1REA 6","tipo":"distribuicao","bairro":"TRAVESS\u00c3O"}},{"type":"Feature","geometry":{"type":"LineString","coordinates":[[-41.311415,-21.639512],[-41.311029,-21.639263],[-41.311031,-21.637665],[-41.309991,-21.637503],[-41.309616,-21.636425],[-41.309844,-21.63638]]},"properties":{"nome":"\u00c1REA 7","tipo":"distribuicao","bairro":"TRAVESS\u00c3O"}},{"type":"Feature","geometry":{"type":"LineString","coordinates":[[-41.311415,-21.639512],[-41.311172,-21.639249],[-41.31119,-21.63424],[-41.312198,-21.634293],[-41.312179,-21.634058]]},"properties":{"nome":"\u00c1REA 8","tipo":"distribuicao","bairro":"TRAVESS\u00c3O"}},{"type":"Feature","geometry":{"type":"LineString","coordinates":[[-41.311614,-21.6274],[-41.311457,-21.627572],[-41.311405,-21.629549],[-41.311577,-21.629541]]},"properties":{"nome":"\u00c1REA 9","tipo":"distribuicao","bairro":"TRAVESS\u00c3O"}},{"type":"Feature","geometry":{"type":"LineString","coordinates":[[-41.311616,-21.627411],[-41.311441,-21.627317],[-41.311436,-21.626893],[-41.311608,-21.62682]]},"properties":{"nome":"\u00c1REA 10","tipo":"distribuicao","bairro":"TRAVESS\u00c3O"}},{"type":"Feature","geometry":{"type":"LineString","coordinates":[[-41.311721,-21.62251],[-41.31096,-21.622267],[-41.310492,-21.62383],[-41.310715,-21.62392]]},"properties":{"nome":"\u00c1REA 11","tipo":"distribuicao","bairro":"TRAVESS\u00c3O"}},{"type":"Feature","geometry":{"type":"LineString","coordinates":[[-41.311737,-21.622496],[-41.311512,-21.622761],[-41.311465,-21.624645],[-41.311684,-21.624614]]},"properties":{"nome":"\u00c1REA 12","tipo":"distribuicao","bairro":"TRAVESS\u00c3O"}},{"type":"Feature","geometry":{"type":"LineString","coordinates":[[-41.311737,-21.622496],[-41.311592,-21.622739],[-41.311587,-21.622925],[-41.312045,-21.62297],[-41.312068,-21.622791]]},"properties":{"nome":"\u00c1REA 13","tipo":"distribuicao","bairro":"TRAVESS\u00c3O"}},{"type":"Feature","geometry":{"type":"LineString","coordinates":[[-41.311765,-21.619178],[-41.311937,-21.619475],[-41.311919,-21.620584],[-41.311738,-21.620567]]},"properties":{"nome":"\u00c1REA 14","tipo":"distribuicao","bairro":"TRAVESS\u00c3O"}},{"type":"Feature","geometry":{"type":"LineString","coordinates":[[-41.311777,-21.6192],[-41.31205,-21.619129],[-41.312059,-21.618971]]},"properties":{"nome":"\u00c1REA 15","tipo":"distribuicao","bairro":"TRAVESS\u00c3O"}},{"type":"Feature","geometry":{"type":"LineString","coordinates":[[-41.311777,-21.6192],[-41.313607,-21.619117],[-41.313413,-21.617156]]},"properties":{"nome":"\u00c1REA 16","tipo":"distribuicao","bairro":"TRAVESS\u00c3O"}},{"type":"Feature","geometry":{"type":"LineString","coordinates":[[-41.311939,-21.613197],[-41.311752,-21.613296],[-41.311752,-21.61388],[-41.311849,-21.613872]]},"properties":{"nome":"\u00c1REA 17","tipo":"distribuicao","bairro":"TRAVESS\u00c3O"}},{"type":"Feature","geometry":{"type":"LineString","coordinates":[[-41.311939,-21.613197],[-41.311585,-21.613356],[-41.311583,-21.614538],[-41.311281,-21.614551],[-41.311276,-21.614643]]},"properties":{"nome":"\u00c1REA 18","tipo":"distribuicao","bairro":"TRAVESS\u00c3O"}},{"type":"Feature","geometry":{"type":"LineString","coordinates":[[-41.311939,-21.613197],[-41.311687,-21.613337],[-41.311723,-21.615894],[-41.310086,-21.61601],[-41.310044,-21.616195]]},"properties":{"nome":"\u00c1REA 19","tipo":"distribuicao","bairro":"TRAVESS\u00c3O"}},{"type":"Feature","geometry":{"type":"LineString","coordinates":[[-41.311939,-21.613197],[-41.311636,-21.613371],[-41.311664,-21.615834],[-41.309291,-21.616015],[-41.30922,-21.614775]]},"properties":{"nome":"\u00c1REA 20","tipo":"distribuicao","bairro":"TRAVESS\u00c3O"}},{"type":"Feature","geometry":{"type":"LineString","coordinates":[[-41.314471,-21.614548],[-41.31436,-21.614221],[-41.312957,-21.613769],[-41.312846,-21.613918]]},"properties":{"nome":"\u00c1REA 21","tipo":"distribuicao","bairro":"TRAVESS\u00c3O"}},{"type":"Feature","geometry":{"type":"LineString","coordinates":[[-41.314487,-21.614519],[-41.31484,-21.614406],[-41.314838,-21.613622],[-41.314995,-21.613619]]},"properties":{"nome":"\u00c1REA 22","tipo":"distribuicao","bairro":"TRAVESS\u00c3O"}},{"type":"Feature","geometry":{"type":"LineString","coordinates":[[-41.315653,-21.616543],[-41.315489,-21.616249],[-41.316024,-21.61252],[-41.316935,-21.612467],[-41.316909,-21.612648]]},"properties":{"nome":"\u00c1REA 23","tipo":"distribuicao","bairro":"TRAVESS\u00c3O"}},{"type":"Feature","geometry":{"type":"LineString","coordinates":[[-41.315646,-21.616503],[-41.315435,-21.616799],[-41.315349,-21.617598],[-41.317271,-21.617641],[-41.317453,-21.61781]]},"properties":{"nome":"\u00c1REA 24","tipo":"distribuicao","bairro":"TRAVESS\u00c3O"}},{"type":"Feature","geometry":{"type":"LineString","coordinates":[[-41.315646,-21.616503],[-41.315301,-21.616809],[-41.315086,-21.618485],[-41.315383,-21.618486]]},"properties":{"nome":"\u00c1REA 25","tipo":"distribuicao","bairro":"TRAVESS\u00c3O"}},{"type":"Feature","geometry":{"type":"LineString","coordinates":[[-41.312846,-21.60699],[-41.312903,-21.607227],[-41.312831,-21.607568],[-41.31308,-21.60809],[-41.312954,-21.608152]]},"properties":{"nome":"\u00c1REA 26","tipo":"distribuicao","bairro":"TRAVESS\u00c3O"}},{"type":"Feature","geometry":{"type":"LineString","coordinates":[[-41.312821,-21.607002],[-41.313146,-21.60681],[-41.314075,-21.606706],[-41.314083,-21.606883]]},"properties":{"nome":"\u00c1REA 27","tipo":"distribuicao","bairro":"TRAVESS\u00c3O"}},{"type":"Feature","geometry":{"type":"LineString","coordinates":[[-41.312821,-21.607002],[-41.313113,-21.606718],[-41.314408,-21.606559],[-41.314163,-21.604906],[-41.314374,-21.604873]]},"properties":{"nome":"\u00c1REA 28","tipo":"distribuicao","bairro":"TRAVESS\u00c3O"}},{"type":"Feature","geometry":{"type":"LineString","coordinates":[[-41.312821,-21.607002],[-41.31313,-21.60677],[-41.314493,-21.606618],[-41.314281,-21.605235],[-41.316436,-21.604985],[-41.316463,-21.605172]]},"properties":{"nome":"\u00c1REA 29","tipo":"distribuicao","bairro":"TRAVESS\u00c3O"}},{"type":"Feature","geometry":{"type":"LineString","coordinates":[[-41.312821,-21.607002],[-41.313112,-21.60665],[-41.314329,-21.60651],[-41.313512,-21.601223],[-41.313707,-21.601199]]},"properties":{"nome":"\u00c1REA 30","tipo":"distribuicao","bairro":"TRAVESS\u00c3O"}},{"type":"Feature","geometry":{"type":"LineString","coordinates":[[-41.312821,-21.607002],[-41.313108,-21.606589],[-41.314255,-21.606465],[-41.313226,-21.599809],[-41.313427,-21.599786]]},"properties":{"nome":"\u00c1REA 31","tipo":"distribuicao","bairro":"TRAVESS\u00c3O"}},{"type":"Feature","geometry":{"type":"LineString","coordinates":[[-41.312821,-21.607002],[-41.313098,-21.606523],[-41.314172,-21.606402],[-41.312959,-21.59848],[-41.313176,-21.598455]]},"properties":{"nome":"\u00c1REA 32","tipo":"distribuicao","bairro":"TRAVESS\u00c3O"}},{"type":"Feature","geometry":{"type":"LineString","coordinates":[[-41.312832,-21.606991],[-41.312545,-21.606842],[-41.312749,-21.605578],[-41.313069,-21.605626]]},"properties":{"nome":"\u00c1REA 33","tipo":"distribuicao","bairro":"TRAVESS\u00c3O"}},{"type":"Feature","geometry":{"type":"LineString","coordinates":[[-41.312827,-21.606981],[-41.311463,-21.607231],[-41.311622,-21.608234],[-41.311358,-21.608275]]},"properties":{"nome":"\u00c1REA 34","tipo":"distribuicao","bairro":"TRAVESS\u00c3O"}},{"type":"Feature","geometry":{"type":"LineString","coordinates":[[-41.312827,-21.606981],[-41.312429,-21.606889],[-41.31059,-21.607179],[-41.310576,-21.606856],[-41.310425,-21.606695]]},"properties":{"nome":"\u00c1REA 35","tipo":"distribuicao","bairro":"TRAVESS\u00c3O"}},{"type":"Feature","geometry":{"type":"LineString","coordinates":[[-41.312827,-21.606981],[-41.312473,-21.606946],[-41.309323,-21.607448],[-41.309258,-21.606051],[-41.309463,-21.606041]]},"properties":{"nome":"\u00c1REA 36","tipo":"distribuicao","bairro":"TRAVESS\u00c3O"}},{"type":"Feature","geometry":{"type":"LineString","coordinates":[[-41.312827,-21.606981],[-41.312574,-21.60698],[-41.308671,-21.607619],[-41.308409,-21.604311],[-41.308586,-21.604296]]},"properties":{"nome":"\u00c1REA 37","tipo":"distribuicao","bairro":"TRAVESS\u00c3O"}},{"type":"Feature","geometry":{"type":"LineString","coordinates":[[-41.311962,-21.613191],[-41.312094,-21.613023],[-41.312118,-21.61247],[-41.311626,-21.612459]]},"properties":{"nome":"\u00c1REA 38","tipo":"distribuicao","bairro":"TRAVESS\u00c3O"}},{"type":"Feature","geometry":{"type":"LineString","coordinates":[[-41.311962,-21.613191],[-41.312159,-21.613026],[-41.312382,-21.610031],[-41.308984,-21.610029],[-41.308227,-21.610176],[-41.30839,-21.610887],[-41.308647,-21.610947]]},"properties":{"nome":"\u00c1REA 39","tipo":"distribuicao","bairro":"TRAVESS\u00c3O"}},{"type":"Feature","geometry":{"type":"LineString","coordinates":[[-41.311962,-21.613191],[-41.312255,-21.613026],[-41.312491,-21.609868],[-41.311875,-21.609874]]},"properties":{"nome":"\u00c1REA 40","tipo":"distribuicao","bairro":"TRAVESS\u00c3O"}},{"type":"Feature","geometry":{"type":"LineString","coordinates":[[-41.311962,-21.613191],[-41.312569,-21.613066],[-41.312912,-21.608275],[-41.308628,-21.60885],[-41.305983,-21.609317],[-41.305659,-21.608495],[-41.305735,-21.60828]]},"properties":{"nome":"\u00c1REA 41","tipo":"distribuicao","bairro":"TRAVESS\u00c3O"}},{"type":"Feature","geometry":{"type":"LineString","coordinates":[[-41.311962,-21.613191],[-41.312366,-21.613015],[-41.312654,-21.608549],[-41.308712,-21.609051],[-41.305852,-21.609503],[-41.305516,-21.60862],[-41.272879,-21.613745],[-41.272235,-21.612778]]},"properties":{"nome":"\u00c1REA 43","tipo":"distribuicao","bairro":"TRAVESS\u00c3O"}},{"type":"Feature","geometry":{"type":"LineString","coordinates":[[-41.311962,-21.613191],[-41.312462,-21.613038],[-41.3128,-21.608407],[-41.308704,-21.60894],[-41.305921,-21.609412],[-41.305573,-21.608524],[-41.28474,-21.61176],[-41.284187,-21.611205]]},"properties":{"nome":"\u00c1REA 42","tipo":"distribuicao","bairro":"TRAVESS\u00c3O"}},{"type":"Feature","geometry":{"type":"Point","coordinates":[-41.309454,-21.61451]},"properties":{"nome":"28410","tipo":"ponto","bairro":"TRAVESS\u00c3O"}},{"type":"Feature","geometry":{"type":"Point","coordinates":[-41.313793,-21.625362]},"properties":{"nome":"00131","tipo":"ponto","bairro":"TRAVESS\u00c3O"}},{"type":"Feature","geometry":{"type":"Point","coordinates":[-41.314909,-21.612998]},"properties":{"nome":"00132","tipo":"ponto","bairro":"TRAVESS\u00c3O"}},{"type":"Feature","geometry":{"type":"Point","coordinates":[-41.314451,-21.60566]},"properties":{"nome":"00133","tipo":"ponto","bairro":"TRAVESS\u00c3O"}},{"type":"Feature","geometry":{"type":"Point","coordinates":[-41.311895,-21.609547]},"properties":{"nome":"00135","tipo":"ponto","bairro":"TRAVESS\u00c3O"}},{"type":"Feature","geometry":{"type":"Point","coordinates":[-41.314808,-21.612626]},"properties":{"nome":"00232","tipo":"ponto","bairro":"TRAVESS\u00c3O"}},{"type":"Feature","geometry":{"type":"Point","coordinates":[-41.306923,-21.60777]},"properties":{"nome":"00234","tipo":"ponto","bairro":"TRAVESS\u00c3O"}},{"type":"Feature","geometry":{"type":"Point","coordinates":[-41.311776,-21.609324]},"properties":{"nome":"00235","tipo":"ponto","bairro":"TRAVESS\u00c3O"}},{"type":"Feature","geometry":{"type":"Point","coordinates":[-41.266753,-21.615807]},"properties":{"nome":"00236","tipo":"ponto","bairro":"TRAVESS\u00c3O"}},{"type":"Feature","geometry":{"type":"Point","coordinates":[-41.313754,-21.624982]},"properties":{"nome":"00331","tipo":"ponto","bairro":"TRAVESS\u00c3O"}},{"type":"Feature","geometry":{"type":"Point","coordinates":[-41.314759,-21.612368]},"properties":{"nome":"00332","tipo":"ponto","bairro":"TRAVESS\u00c3O"}},{"type":"Feature","geometry":{"type":"Point","coordinates":[-41.266472,-21.615813]},"properties":{"nome":"00336","tipo":"ponto","bairro":"TRAVESS\u00c3O"}},{"type":"Feature","geometry":{"type":"Point","coordinates":[-41.311687,-21.649255]},"properties":{"nome":"00429","tipo":"ponto","bairro":"TRAVESS\u00c3O"}},{"type":"Feature","geometry":{"type":"Point","coordinates":[-41.310672,-21.637435]},"properties":{"nome":"00431","tipo":"ponto","bairro":"TRAVESS\u00c3O"}},{"type":"Feature","geometry":{"type":"Point","coordinates":[-41.314721,-21.611921]},"properties":{"nome":"00433","tipo":"ponto","bairro":"TRAVESS\u00c3O"}},{"type":"Feature","geometry":{"type":"Point","coordinates":[-41.314885,-21.60535]},"properties":{"nome":"00434","tipo":"ponto","bairro":"TRAVESS\u00c3O"}},{"type":"Feature","geometry":{"type":"Point","coordinates":[-41.307484,-21.60784]},"properties":{"nome":"00435","tipo":"ponto","bairro":"TRAVESS\u00c3O"}},{"type":"Feature","geometry":{"type":"Point","coordinates":[-41.311915,-21.609208]},"properties":{"nome":"00436","tipo":"ponto","bairro":"TRAVESS\u00c3O"}},{"type":"Feature","geometry":{"type":"Point","coordinates":[-41.266055,-21.615777]},"properties":{"nome":"00437","tipo":"ponto","bairro":"TRAVESS\u00c3O"}},{"type":"Feature","geometry":{"type":"Point","coordinates":[-41.311664,-21.64835]},"properties":{"nome":"00528","tipo":"ponto","bairro":"TRAVESS\u00c3O"}},{"type":"Feature","geometry":{"type":"Point","coordinates":[-41.310941,-21.637456]},"properties":{"nome":"00530","tipo":"ponto","bairro":"TRAVESS\u00c3O"}},{"type":"Feature","geometry":{"type":"Point","coordinates":[-41.313396,-21.624915]},"properties":{"nome":"00531","tipo":"ponto","bairro":"TRAVESS\u00c3O"}},{"type":"Feature","geometry":{"type":"Point","coordinates":[-41.314666,-21.611559]},"properties":{"nome":"00532","tipo":"ponto","bairro":"TRAVESS\u00c3O"}},{"type":"Feature","geometry":{"type":"Point","coordinates":[-41.315231,-21.60531]},"properties":{"nome":"00533","tipo":"ponto","bairro":"TRAVESS\u00c3O"}},{"type":"Feature","geometry":{"type":"Point","coordinates":[-41.311982,-21.609135]},"properties":{"nome":"00535","tipo":"ponto","bairro":"TRAVESS\u00c3O"}},{"type":"Feature","geometry":{"type":"Point","coordinates":[-41.26564,-21.615718]},"properties":{"nome":"00536","tipo":"ponto","bairro":"TRAVESS\u00c3O"}},{"type":"Feature","geometry":{"type":"Point","coordinates":[-41.310108,-21.637186]},"properties":{"nome":"00630","tipo":"ponto","bairro":"TRAVESS\u00c3O"}},{"type":"Feature","geometry":{"type":"Point","coordinates":[-41.314621,-21.611231]},"properties":{"nome":"00632","tipo":"ponto","bairro":"TRAVESS\u00c3O"}},{"type":"Feature","geometry":{"type":"Point","coordinates":[-41.315523,-21.605272]},"properties":{"nome":"00633","tipo":"ponto","bairro":"TRAVESS\u00c3O"}},{"type":"Feature","geometry":{"type":"Point","coordinates":[-41.307895,-21.60785]},"properties":{"nome":"00634","tipo":"ponto","bairro":"TRAVESS\u00c3O"}},{"type":"Feature","geometry":{"type":"Point","coordinates":[-41.312082,-21.608951]},"properties":{"nome":"00635","tipo":"ponto","bairro":"TRAVESS\u00c3O"}},{"type":"Feature","geometry":{"type":"Point","coordinates":[-41.265255,-21.61567]},"properties":{"nome":"00636","tipo":"ponto","bairro":"TRAVESS\u00c3O"}},{"type":"Feature","geometry":{"type":"Point","coordinates":[-41.311703,-21.647481]},"properties":{"nome":"00728","tipo":"ponto","bairro":"TRAVESS\u00c3O"}},{"type":"Feature","geometry":{"type":"Point","coordinates":[-41.310016,-21.636904]},"properties":{"nome":"00730","tipo":"ponto","bairro":"TRAVESS\u00c3O"}},{"type":"Feature","geometry":{"type":"Point","coordinates":[-41.313034,-21.624931]},"properties":{"nome":"00731","tipo":"ponto","bairro":"TRAVESS\u00c3O"}},{"type":"Feature","geometry":{"type":"Point","coordinates":[-41.315878,-21.605231]},"properties":{"nome":"00733","tipo":"ponto","bairro":"TRAVESS\u00c3O"}},{"type":"Feature","geometry":{"type":"Point","coordinates":[-41.308086,-21.607834]},"properties":{"nome":"00734","tipo":"ponto","bairro":"TRAVESS\u00c3O"}},{"type":"Feature","geometry":{"type":"Point","coordinates":[-41.312053,-21.608979]},"properties":{"nome":"00735","tipo":"ponto","bairro":"TRAVESS\u00c3O"}},{"type":"Feature","geometry":{"type":"Point","coordinates":[-41.311713,-21.64655]},"properties":{"nome":"00828","tipo":"ponto","bairro":"TRAVESS\u00c3O"}},{"type":"Feature","geometry":{"type":"Point","coordinates":[-41.309935,-21.636632]},"properties":{"nome":"00830","tipo":"ponto","bairro":"TRAVESS\u00c3O"}},{"type":"Feature","geometry":{"type":"Point","coordinates":[-41.312982,-21.625266]},"properties":{"nome":"00831","tipo":"ponto","bairro":"TRAVESS\u00c3O"}},{"type":"Feature","geometry":{"type":"Point","coordinates":[-41.307401,-21.607864]},"properties":{"nome":"00834","tipo":"ponto","bairro":"TRAVESS\u00c3O"}},{"type":"Feature","geometry":{"type":"Point","coordinates":[-41.311981,-21.608995]},"properties":{"nome":"00835","tipo":"ponto","bairro":"TRAVESS\u00c3O"}},{"type":"Feature","geometry":{"type":"Point","coordinates":[-41.311697,-21.645894]},"properties":{"nome":"00928","tipo":"ponto","bairro":"TRAVESS\u00c3O"}},{"type":"Feature","geometry":{"type":"Point","coordinates":[-41.311123,-21.639112]},"properties":{"nome":"00929","tipo":"ponto","bairro":"TRAVESS\u00c3O"}},{"type":"Feature","geometry":{"type":"Point","coordinates":[-41.314179,-21.610972]},"properties":{"nome":"00932","tipo":"ponto","bairro":"TRAVESS\u00c3O"}},{"type":"Feature","geometry":{"type":"Point","coordinates":[-41.308462,-21.607754]},"properties":{"nome":"00934","tipo":"ponto","bairro":"TRAVESS\u00c3O"}},{"type":"Feature","geometry":{"type":"Point","coordinates":[-41.264072,-21.615794]},"properties":{"nome":"00936","tipo":"ponto","bairro":"TRAVESS\u00c3O"}},{"type":"Feature","geometry":{"type":"Point","coordinates":[-41.311795,-21.644938]},"properties":{"nome":"01028","tipo":"ponto","bairro":"TRAVESS\u00c3O"}},{"type":"Feature","geometry":{"type":"Point","coordinates":[-41.311066,-21.638801]},"properties":{"nome":"01029","tipo":"ponto","bairro":"TRAVESS\u00c3O"}},{"type":"Feature","geometry":{"type":"Point","coordinates":[-41.313899,-21.610949]},"properties":{"nome":"01032","tipo":"ponto","bairro":"TRAVESS\u00c3O"}},{"type":"Feature","geometry":{"type":"Point","coordinates":[-41.316252,-21.605145]},"properties":{"nome":"01033","tipo":"ponto","bairro":"TRAVESS\u00c3O"}},{"type":"Feature","geometry":{"type":"Point","coordinates":[-41.308642,-21.607742]},"properties":{"nome":"01034","tipo":"ponto","bairro":"TRAVESS\u00c3O"}},{"type":"Feature","geometry":{"type":"Point","coordinates":[-41.263711,-21.615936]},"properties":{"nome":"01036","tipo":"ponto","bairro":"TRAVESS\u00c3O"}},{"type":"Feature","geometry":{"type":"Point","coordinates":[-41.311882,-21.644169]},"properties":{"nome":"01128","tipo":"ponto","bairro":"TRAVESS\u00c3O"}},{"type":"Feature","geometry":{"type":"Point","coordinates":[-41.310995,-21.638544]},"properties":{"nome":"01129","tipo":"ponto","bairro":"TRAVESS\u00c3O"}},{"type":"Feature","geometry":{"type":"Point","coordinates":[-41.310091,-21.636193]},"properties":{"nome":"01130","tipo":"ponto","bairro":"TRAVESS\u00c3O"}},{"type":"Feature","geometry":{"type":"Point","coordinates":[-41.314556,-21.610888]},"properties":{"nome":"01132","tipo":"ponto","bairro":"TRAVESS\u00c3O"}},{"type":"Feature","geometry":{"type":"Point","coordinates":[-41.316186,-21.604857]},"properties":{"nome":"01133","tipo":"ponto","bairro":"TRAVESS\u00c3O"}},{"type":"Feature","geometry":{"type":"Point","coordinates":[-41.263361,-21.616085]},"properties":{"nome":"01136","tipo":"ponto","bairro":"TRAVESS\u00c3O"}},{"type":"Feature","geometry":{"type":"Point","coordinates":[-41.311935,-21.643654]},"properties":{"nome":"01227","tipo":"ponto","bairro":"TRAVESS\u00c3O"}},{"type":"Feature","geometry":{"type":"Point","coordinates":[-41.310866,-21.638297]},"properties":{"nome":"01228","tipo":"ponto","bairro":"TRAVESS\u00c3O"}},{"type":"Feature","geometry":{"type":"Point","coordinates":[-41.310448,-21.636187]},"properties":{"nome":"01229","tipo":"ponto","bairro":"TRAVESS\u00c3O"}},{"type":"Feature","geometry":{"type":"Point","coordinates":[-41.312354,-21.624861]},"properties":{"nome":"01230","tipo":"ponto","bairro":"TRAVESS\u00c3O"}},{"type":"Feature","geometry":{"type":"Point","coordinates":[-41.316125,-21.604572]},"properties":{"nome":"01232","tipo":"ponto","bairro":"TRAVESS\u00c3O"}},{"type":"Feature","geometry":{"type":"Point","coordinates":[-41.311407,-21.608958]},"properties":{"nome":"01234","tipo":"ponto","bairro":"TRAVESS\u00c3O"}},{"type":"Feature","geometry":{"type":"Point","coordinates":[-41.262995,-21.616246]},"properties":{"nome":"01235","tipo":"ponto","bairro":"TRAVESS\u00c3O"}},{"type":"Feature","geometry":{"type":"Point","coordinates":[-41.312046,-21.642602]},"properties":{"nome":"01327","tipo":"ponto","bairro":"TRAVESS\u00c3O"}},{"type":"Feature","geometry":{"type":"Point","coordinates":[-41.310693,-21.638142]},"properties":{"nome":"01328","tipo":"ponto","bairro":"TRAVESS\u00c3O"}},{"type":"Feature","geometry":{"type":"Point","coordinates":[-41.310793,-21.636158]},"properties":{"nome":"01329","tipo":"ponto","bairro":"TRAVESS\u00c3O"}},{"type":"Feature","geometry":{"type":"Point","coordinates":[-41.312302,-21.625061]},"properties":{"nome":"01330","tipo":"ponto","bairro":"TRAVESS\u00c3O"}},{"type":"Feature","geometry":{"type":"Point","coordinates":[-41.314576,-21.610534]},"properties":{"nome":"01331","tipo":"ponto","bairro":"TRAVESS\u00c3O"}},{"type":"Feature","geometry":{"type":"Point","coordinates":[-41.31142,-21.608697]},"properties":{"nome":"01333","tipo":"ponto","bairro":"TRAVESS\u00c3O"}},{"type":"Feature","geometry":{"type":"Point","coordinates":[-41.262631,-21.616401]},"properties":{"nome":"01334","tipo":"ponto","bairro":"TRAVESS\u00c3O"}},{"type":"Feature","geometry":{"type":"Point","coordinates":[-41.31208,-21.641905]},"properties":{"nome":"01427","tipo":"ponto","bairro":"TRAVESS\u00c3O"}},{"type":"Feature","geometry":{"type":"Point","coordinates":[-41.310423,-21.637918]},"properties":{"nome":"01428","tipo":"ponto","bairro":"TRAVESS\u00c3O"}},{"type":"Feature","geometry":{"type":"Point","coordinates":[-41.311141,-21.63615]},"properties":{"nome":"01429","tipo":"ponto","bairro":"TRAVESS\u00c3O"}},{"type":"Feature","geometry":{"type":"Point","coordinates":[-41.312287,-21.625277]},"properties":{"nome":"01430","tipo":"ponto","bairro":"TRAVESS\u00c3O"}},{"type":"Feature","geometry":{"type":"Point","coordinates":[-41.314544,-21.610357]},"properties":{"nome":"01431","tipo":"ponto","bairro":"TRAVESS\u00c3O"}},{"type":"Feature","geometry":{"type":"Point","coordinates":[-41.308857,-21.607443]},"properties":{"nome":"01433","tipo":"ponto","bairro":"TRAVESS\u00c3O"}},{"type":"Feature","geometry":{"type":"Point","coordinates":[-41.26227,-21.61655]},"properties":{"nome":"01435","tipo":"ponto","bairro":"TRAVESS\u00c3O"}},{"type":"Feature","geometry":{"type":"Point","coordinates":[-41.311143,-21.636108]},"properties":{"nome":"01529","tipo":"ponto","bairro":"TRAVESS\u00c3O"}},{"type":"Feature","geometry":{"type":"Point","coordinates":[-41.314565,-21.610132]},"properties":{"nome":"01531","tipo":"ponto","bairro":"TRAVESS\u00c3O"}},{"type":"Feature","geometry":{"type":"Point","coordinates":[-41.308854,-21.607264]},"properties":{"nome":"01533","tipo":"ponto","bairro":"TRAVESS\u00c3O"}},{"type":"Feature","geometry":{"type":"Point","coordinates":[-41.261907,-21.616698]},"properties":{"nome":"01535","tipo":"ponto","bairro":"TRAVESS\u00c3O"}},{"type":"Feature","geometry":{"type":"Point","coordinates":[-41.31227,-21.640857]},"properties":{"nome":"01627","tipo":"ponto","bairro":"TRAVESS\u00c3O"}},{"type":"Feature","geometry":{"type":"Point","coordinates":[-41.310181,-21.637756]},"properties":{"nome":"01628","tipo":"ponto","bairro":"TRAVESS\u00c3O"}},{"type":"Feature","geometry":{"type":"Point","coordinates":[-41.311161,-21.635795]},"properties":{"nome":"01629","tipo":"ponto","bairro":"TRAVESS\u00c3O"}},{"type":"Feature","geometry":{"type":"Point","coordinates":[-41.311705,-21.624687]},"properties":{"nome":"01630","tipo":"ponto","bairro":"TRAVESS\u00c3O"}},{"type":"Feature","geometry":{"type":"Point","coordinates":[-41.314507,-21.609804]},"properties":{"nome":"01631","tipo":"ponto","bairro":"TRAVESS\u00c3O"}},{"type":"Feature","geometry":{"type":"Point","coordinates":[-41.316003,-21.604201]},"properties":{"nome":"01632","tipo":"ponto","bairro":"TRAVESS\u00c3O"}},{"type":"Feature","geometry":{"type":"Point","coordinates":[-41.308831,-21.607082]},"properties":{"nome":"01633","tipo":"ponto","bairro":"TRAVESS\u00c3O"}},{"type":"Feature","geometry":{"type":"Point","coordinates":[-41.311331,-21.608104]},"properties":{"nome":"01634","tipo":"ponto","bairro":"TRAVESS\u00c3O"}},{"type":"Feature","geometry":{"type":"Point","coordinates":[-41.26155,-21.616847]},"properties":{"nome":"01635","tipo":"ponto","bairro":"TRAVESS\u00c3O"}},{"type":"Feature","geometry":{"type":"Point","coordinates":[-41.314441,-21.60946]},"properties":{"nome":"01731","tipo":"ponto","bairro":"TRAVESS\u00c3O"}},{"type":"Feature","geometry":{"type":"Point","coordinates":[-41.30882,-21.606891]},"properties":{"nome":"01733","tipo":"ponto","bairro":"TRAVESS\u00c3O"}},{"type":"Feature","geometry":{"type":"Point","coordinates":[-41.311321,-21.607944]},"properties":{"nome":"01734","tipo":"ponto","bairro":"TRAVESS\u00c3O"}},{"type":"Feature","geometry":{"type":"Point","coordinates":[-41.261175,-21.616998]},"properties":{"nome":"01735","tipo":"ponto","bairro":"TRAVESS\u00c3O"}},{"type":"Feature","geometry":{"type":"Point","coordinates":[-41.30983,-21.637546]},"properties":{"nome":"01828","tipo":"ponto","bairro":"TRAVESS\u00c3O"}},{"type":"Feature","geometry":{"type":"Point","coordinates":[-41.311608,-21.625083]},"properties":{"nome":"01830","tipo":"ponto","bairro":"TRAVESS\u00c3O"}},{"type":"Feature","geometry":{"type":"Point","coordinates":[-41.308786,-21.606537]},"properties":{"nome":"01833","tipo":"ponto","bairro":"TRAVESS\u00c3O"}},{"type":"Feature","geometry":{"type":"Point","coordinates":[-41.311319,-21.607736]},"properties":{"nome":"01834","tipo":"ponto","bairro":"TRAVESS\u00c3O"}},{"type":"Feature","geometry":{"type":"Point","coordinates":[-41.260809,-21.617143]},"properties":{"nome":"01835","tipo":"ponto","bairro":"TRAVESS\u00c3O"}},{"type":"Feature","geometry":{"type":"Point","coordinates":[-41.309525,-21.637464]},"properties":{"nome":"01928","tipo":"ponto","bairro":"TRAVESS\u00c3O"}},{"type":"Feature","geometry":{"type":"Point","coordinates":[-41.311153,-21.635393]},"properties":{"nome":"01929","tipo":"ponto","bairro":"TRAVESS\u00c3O"}},{"type":"Feature","geometry":{"type":"Point","coordinates":[-41.311622,-21.62535]},"properties":{"nome":"01930","tipo":"ponto","bairro":"TRAVESS\u00c3O"}},{"type":"Feature","geometry":{"type":"Point","coordinates":[-41.308777,-21.606319]},"properties":{"nome":"01933","tipo":"ponto","bairro":"TRAVESS\u00c3O"}},{"type":"Feature","geometry":{"type":"Point","coordinates":[-41.26045,-21.617296]},"properties":{"nome":"01935","tipo":"ponto","bairro":"TRAVESS\u00c3O"}},{"type":"Feature","geometry":{"type":"Point","coordinates":[-41.312551,-21.638827]},"properties":{"nome":"02027","tipo":"ponto","bairro":"TRAVESS\u00c3O"}},{"type":"Feature","geometry":{"type":"Point","coordinates":[-41.309208,-21.637347]},"properties":{"nome":"02028","tipo":"ponto","bairro":"TRAVESS\u00c3O"}},{"type":"Feature","geometry":{"type":"Point","coordinates":[-41.314825,-21.609201]},"properties":{"nome":"02031","tipo":"ponto","bairro":"TRAVESS\u00c3O"}},{"type":"Feature","geometry":{"type":"Point","coordinates":[-41.260083,-21.617453]},"properties":{"nome":"02035","tipo":"ponto","bairro":"TRAVESS\u00c3O"}},{"type":"Feature","geometry":{"type":"Point","coordinates":[-41.312583,-21.638676]},"properties":{"nome":"02127","tipo":"ponto","bairro":"TRAVESS\u00c3O"}},{"type":"Feature","geometry":{"type":"Point","coordinates":[-41.308858,-21.637249]},"properties":{"nome":"02128","tipo":"ponto","bairro":"TRAVESS\u00c3O"}},{"type":"Feature","geometry":{"type":"Point","coordinates":[-41.315396,-21.604812]},"properties":{"nome":"02132","tipo":"ponto","bairro":"TRAVESS\u00c3O"}},{"type":"Feature","geometry":{"type":"Point","coordinates":[-41.308748,-21.605976]},"properties":{"nome":"02133","tipo":"ponto","bairro":"TRAVESS\u00c3O"}},{"type":"Feature","geometry":{"type":"Point","coordinates":[-41.310842,-21.609006]},"properties":{"nome":"02134","tipo":"ponto","bairro":"TRAVESS\u00c3O"}},{"type":"Feature","geometry":{"type":"Point","coordinates":[-41.259722,-21.617606]},"properties":{"nome":"02135","tipo":"ponto","bairro":"TRAVESS\u00c3O"}},{"type":"Feature","geometry":{"type":"Point","coordinates":[-41.308646,-21.637234]},"properties":{"nome":"02229","tipo":"ponto","bairro":"TRAVESS\u00c3O"}},{"type":"Feature","geometry":{"type":"Point","coordinates":[-41.310544,-21.635438]},"properties":{"nome":"02230","tipo":"ponto","bairro":"TRAVESS\u00c3O"}},{"type":"Feature","geometry":{"type":"Point","coordinates":[-41.315954,-21.610304]},"properties":{"nome":"02232","tipo":"ponto","bairro":"TRAVESS\u00c3O"}},{"type":"Feature","geometry":{"type":"Point","coordinates":[-41.308737,-21.605807]},"properties":{"nome":"02234","tipo":"ponto","bairro":"TRAVESS\u00c3O"}},{"type":"Feature","geometry":{"type":"Point","coordinates":[-41.310589,-21.609007]},"properties":{"nome":"02235","tipo":"ponto","bairro":"TRAVESS\u00c3O"}},{"type":"Feature","geometry":{"type":"Point","coordinates":[-41.259365,-21.617758]},"properties":{"nome":"02236","tipo":"ponto","bairro":"TRAVESS\u00c3O"}},{"type":"Feature","geometry":{"type":"Point","coordinates":[-41.308284,-21.637271]},"properties":{"nome":"02329","tipo":"ponto","bairro":"TRAVESS\u00c3O"}},{"type":"Feature","geometry":{"type":"Point","coordinates":[-41.310481,-21.635154]},"properties":{"nome":"02330","tipo":"ponto","bairro":"TRAVESS\u00c3O"}},{"type":"Feature","geometry":{"type":"Point","coordinates":[-41.311685,-21.624262]},"properties":{"nome":"02331","tipo":"ponto","bairro":"TRAVESS\u00c3O"}},{"type":"Feature","geometry":{"type":"Point","coordinates":[-41.315913,-21.610655]},"properties":{"nome":"02332","tipo":"ponto","bairro":"TRAVESS\u00c3O"}},{"type":"Feature","geometry":{"type":"Point","coordinates":[-41.259035,-21.61793]},"properties":{"nome":"02336","tipo":"ponto","bairro":"TRAVESS\u00c3O"}},{"type":"Feature","geometry":{"type":"Point","coordinates":[-41.312693,-21.637783]},"properties":{"nome":"02428","tipo":"ponto","bairro":"TRAVESS\u00c3O"}},{"type":"Feature","geometry":{"type":"Point","coordinates":[-41.307946,-21.637246]},"properties":{"nome":"02429","tipo":"ponto","bairro":"TRAVESS\u00c3O"}},{"type":"Feature","geometry":{"type":"Point","coordinates":[-41.312059,-21.624296]},"properties":{"nome":"02431","tipo":"ponto","bairro":"TRAVESS\u00c3O"}},{"type":"Feature","geometry":{"type":"Point","coordinates":[-41.315876,-21.61098]},"properties":{"nome":"02432","tipo":"ponto","bairro":"TRAVESS\u00c3O"}},{"type":"Feature","geometry":{"type":"Point","coordinates":[-41.308685,-21.605067]},"properties":{"nome":"02434","tipo":"ponto","bairro":"TRAVESS\u00c3O"}},{"type":"Feature","geometry":{"type":"Point","coordinates":[-41.258674,-21.618116]},"properties":{"nome":"02436","tipo":"ponto","bairro":"TRAVESS\u00c3O"}},{"type":"Feature","geometry":{"type":"Point","coordinates":[-41.312697,-21.637737]},"properties":{"nome":"02528","tipo":"ponto","bairro":"TRAVESS\u00c3O"}},{"type":"Feature","geometry":{"type":"Point","coordinates":[-41.31578,-21.611312]},"properties":{"nome":"02532","tipo":"ponto","bairro":"TRAVESS\u00c3O"}},{"type":"Feature","geometry":{"type":"Point","coordinates":[-41.31451,-21.604367]},"properties":{"nome":"02533","tipo":"ponto","bairro":"TRAVESS\u00c3O"}},{"type":"Feature","geometry":{"type":"Point","coordinates":[-41.258339,-21.618293]},"properties":{"nome":"02536","tipo":"ponto","bairro":"TRAVESS\u00c3O"}},{"type":"Feature","geometry":{"type":"Point","coordinates":[-41.312702,-21.637699]},"properties":{"nome":"02628","tipo":"ponto","bairro":"TRAVESS\u00c3O"}},{"type":"Feature","geometry":{"type":"Point","coordinates":[-41.307597,-21.637234]},"properties":{"nome":"02629","tipo":"ponto","bairro":"TRAVESS\u00c3O"}},{"type":"Feature","geometry":{"type":"Point","coordinates":[-41.312544,-21.624358]},"properties":{"nome":"02631","tipo":"ponto","bairro":"TRAVESS\u00c3O"}},{"type":"Feature","geometry":{"type":"Point","coordinates":[-41.315766,-21.61156]},"properties":{"nome":"02632","tipo":"ponto","bairro":"TRAVESS\u00c3O"}},{"type":"Feature","geometry":{"type":"Point","coordinates":[-41.314314,-21.604403]},"properties":{"nome":"02633","tipo":"ponto","bairro":"TRAVESS\u00c3O"}},{"type":"Feature","geometry":{"type":"Point","coordinates":[-41.308645,-21.604677]},"properties":{"nome":"02634","tipo":"ponto","bairro":"TRAVESS\u00c3O"}},{"type":"Feature","geometry":{"type":"Point","coordinates":[-41.257981,-21.618476]},"properties":{"nome":"02636","tipo":"ponto","bairro":"TRAVESS\u00c3O"}},{"type":"Feature","geometry":{"type":"Point","coordinates":[-41.312785,-21.637021]},"properties":{"nome":"02728","tipo":"ponto","bairro":"TRAVESS\u00c3O"}},{"type":"Feature","geometry":{"type":"Point","coordinates":[-41.307293,-21.637237]},"properties":{"nome":"02729","tipo":"ponto","bairro":"TRAVESS\u00c3O"}},{"type":"Feature","geometry":{"type":"Point","coordinates":[-41.312878,-21.624401]},"properties":{"nome":"02731","tipo":"ponto","bairro":"TRAVESS\u00c3O"}},{"type":"Feature","geometry":{"type":"Point","coordinates":[-41.308633,-21.604452]},"properties":{"nome":"02734","tipo":"ponto","bairro":"TRAVESS\u00c3O"}},{"type":"Feature","geometry":{"type":"Point","coordinates":[-41.310008,-21.608636]},"properties":{"nome":"02735","tipo":"ponto","bairro":"TRAVESS\u00c3O"}},{"type":"Feature","geometry":{"type":"Point","coordinates":[-41.257633,-21.61867]},"properties":{"nome":"02736","tipo":"ponto","bairro":"TRAVESS\u00c3O"}},{"type":"Feature","geometry":{"type":"Point","coordinates":[-41.312902,-21.636132]},"properties":{"nome":"02828","tipo":"ponto","bairro":"TRAVESS\u00c3O"}},{"type":"Feature","geometry":{"type":"Point","coordinates":[-41.307068,-21.637227]},"properties":{"nome":"02829","tipo":"ponto","bairro":"TRAVESS\u00c3O"}},{"type":"Feature","geometry":{"type":"Point","coordinates":[-41.309613,-21.635722]},"properties":{"nome":"02830","tipo":"ponto","bairro":"TRAVESS\u00c3O"}},{"type":"Feature","geometry":{"type":"Point","coordinates":[-41.313149,-21.624441]},"properties":{"nome":"02831","tipo":"ponto","bairro":"TRAVESS\u00c3O"}},{"type":"Feature","geometry":{"type":"Point","coordinates":[-41.308621,-21.604289]},"properties":{"nome":"02834","tipo":"ponto","bairro":"TRAVESS\u00c3O"}},{"type":"Feature","geometry":{"type":"Point","coordinates":[-41.257303,-21.618884]},"properties":{"nome":"02836","tipo":"ponto","bairro":"TRAVESS\u00c3O"}},{"type":"Feature","geometry":{"type":"Point","coordinates":[-41.313019,-21.635218]},"properties":{"nome":"02927","tipo":"ponto","bairro":"TRAVESS\u00c3O"}},{"type":"Feature","geometry":{"type":"Point","coordinates":[-41.306597,-21.637211]},"properties":{"nome":"02928","tipo":"ponto","bairro":"TRAVESS\u00c3O"}},{"type":"Feature","geometry":{"type":"Point","coordinates":[-41.30969,-21.635919]},"properties":{"nome":"02929","tipo":"ponto","bairro":"TRAVESS\u00c3O"}},{"type":"Feature","geometry":{"type":"Point","coordinates":[-41.313447,-21.624476]},"properties":{"nome":"02930","tipo":"ponto","bairro":"TRAVESS\u00c3O"}},{"type":"Feature","geometry":{"type":"Point","coordinates":[-41.315711,-21.612219]},"properties":{"nome":"02931","tipo":"ponto","bairro":"TRAVESS\u00c3O"}},{"type":"Feature","geometry":{"type":"Point","coordinates":[-41.314294,-21.60485]},"properties":{"nome":"02932","tipo":"ponto","bairro":"TRAVESS\u00c3O"}},{"type":"Feature","geometry":{"type":"Point","coordinates":[-41.308584,-21.603883]},"properties":{"nome":"02933","tipo":"ponto","bairro":"TRAVESS\u00c3O"}},{"type":"Feature","geometry":{"type":"Point","coordinates":[-41.309993,-21.608059]},"properties":{"nome":"02934","tipo":"ponto","bairro":"TRAVESS\u00c3O"}},{"type":"Feature","geometry":{"type":"Point","coordinates":[-41.25697,-21.619099]},"properties":{"nome":"02935","tipo":"ponto","bairro":"TRAVESS\u00c3O"}},{"type":"Feature","geometry":{"type":"Point","coordinates":[-41.306277,-21.637195]},"properties":{"nome":"03028","tipo":"ponto","bairro":"TRAVESS\u00c3O"}},{"type":"Feature","geometry":{"type":"Point","coordinates":[-41.313626,-21.624496]},"properties":{"nome":"03030","tipo":"ponto","bairro":"TRAVESS\u00c3O"}},{"type":"Feature","geometry":{"type":"Point","coordinates":[-41.315658,-21.612532]},"properties":{"nome":"03031","tipo":"ponto","bairro":"TRAVESS\u00c3O"}},{"type":"Feature","geometry":{"type":"Point","coordinates":[-41.31432,-21.605084]},"properties":{"nome":"03032","tipo":"ponto","bairro":"TRAVESS\u00c3O"}},{"type":"Feature","geometry":{"type":"Point","coordinates":[-41.309956,-21.607696]},"properties":{"nome":"03034","tipo":"ponto","bairro":"TRAVESS\u00c3O"}},{"type":"Feature","geometry":{"type":"Point","coordinates":[-41.25665,-21.619327]},"properties":{"nome":"03035","tipo":"ponto","bairro":"TRAVESS\u00c3O"}},{"type":"Feature","geometry":{"type":"Point","coordinates":[-41.313228,-21.633742]},"properties":{"nome":"03127","tipo":"ponto","bairro":"TRAVESS\u00c3O"}},{"type":"Feature","geometry":{"type":"Point","coordinates":[-41.305996,-21.637233]},"properties":{"nome":"03128","tipo":"ponto","bairro":"TRAVESS\u00c3O"}},{"type":"Feature","geometry":{"type":"Point","coordinates":[-41.309498,-21.635316]},"properties":{"nome":"03129","tipo":"ponto","bairro":"TRAVESS\u00c3O"}},{"type":"Feature","geometry":{"type":"Point","coordinates":[-41.315604,-21.612804]},"properties":{"nome":"03131","tipo":"ponto","bairro":"TRAVESS\u00c3O"}},{"type":"Feature","geometry":{"type":"Point","coordinates":[-41.308571,-21.603516]},"properties":{"nome":"03133","tipo":"ponto","bairro":"TRAVESS\u00c3O"}},{"type":"Feature","geometry":{"type":"Point","coordinates":[-41.309793,-21.609083]},"properties":{"nome":"03134","tipo":"ponto","bairro":"TRAVESS\u00c3O"}},{"type":"Feature","geometry":{"type":"Point","coordinates":[-41.256327,-21.619533]},"properties":{"nome":"03135","tipo":"ponto","bairro":"TRAVESS\u00c3O"}},{"type":"Feature","geometry":{"type":"Point","coordinates":[-41.31338,-21.632836]},"properties":{"nome":"03227","tipo":"ponto","bairro":"TRAVESS\u00c3O"}},{"type":"Feature","geometry":{"type":"Point","coordinates":[-41.305713,-21.637266]},"properties":{"nome":"03228","tipo":"ponto","bairro":"TRAVESS\u00c3O"}},{"type":"Feature","geometry":{"type":"Point","coordinates":[-41.309428,-21.635174]},"properties":{"nome":"03229","tipo":"ponto","bairro":"TRAVESS\u00c3O"}},{"type":"Feature","geometry":{"type":"Point","coordinates":[-41.313907,-21.624319]},"properties":{"nome":"03230","tipo":"ponto","bairro":"TRAVESS\u00c3O"}},{"type":"Feature","geometry":{"type":"Point","coordinates":[-41.315527,-21.613214]},"properties":{"nome":"03231","tipo":"ponto","bairro":"TRAVESS\u00c3O"}},{"type":"Feature","geometry":{"type":"Point","coordinates":[-41.309496,-21.609088]},"properties":{"nome":"03234","tipo":"ponto","bairro":"TRAVESS\u00c3O"}},{"type":"Feature","geometry":{"type":"Point","coordinates":[-41.255971,-21.619707]},"properties":{"nome":"03235","tipo":"ponto","bairro":"TRAVESS\u00c3O"}},{"type":"Feature","geometry":{"type":"Point","coordinates":[-41.313505,-21.631976]},"properties":{"nome":"03327","tipo":"ponto","bairro":"TRAVESS\u00c3O"}},{"type":"Feature","geometry":{"type":"Point","coordinates":[-41.305365,-21.637352]},"properties":{"nome":"03328","tipo":"ponto","bairro":"TRAVESS\u00c3O"}},{"type":"Feature","geometry":{"type":"Point","coordinates":[-41.30937,-21.635006]},"properties":{"nome":"03329","tipo":"ponto","bairro":"TRAVESS\u00c3O"}},{"type":"Feature","geometry":{"type":"Point","coordinates":[-41.315521,-21.613499]},"properties":{"nome":"03331","tipo":"ponto","bairro":"TRAVESS\u00c3O"}},{"type":"Feature","geometry":{"type":"Point","coordinates":[-41.31514,-21.603917]},"properties":{"nome":"03332","tipo":"ponto","bairro":"TRAVESS\u00c3O"}},{"type":"Feature","geometry":{"type":"Point","coordinates":[-41.308558,-21.603037]},"properties":{"nome":"03333","tipo":"ponto","bairro":"TRAVESS\u00c3O"}},{"type":"Feature","geometry":{"type":"Point","coordinates":[-41.309167,-21.609099]},"properties":{"nome":"03334","tipo":"ponto","bairro":"TRAVESS\u00c3O"}},{"type":"Feature","geometry":{"type":"Point","coordinates":[-41.255634,-21.619818]},"properties":{"nome":"03335","tipo":"ponto","bairro":"TRAVESS\u00c3O"}},{"type":"Feature","geometry":{"type":"Point","coordinates":[-41.313615,-21.63116]},"properties":{"nome":"03427","tipo":"ponto","bairro":"TRAVESS\u00c3O"}},{"type":"Feature","geometry":{"type":"Point","coordinates":[-41.305077,-21.637408]},"properties":{"nome":"03428","tipo":"ponto","bairro":"TRAVESS\u00c3O"}},{"type":"Feature","geometry":{"type":"Point","coordinates":[-41.315487,-21.613706]},"properties":{"nome":"03431","tipo":"ponto","bairro":"TRAVESS\u00c3O"}},{"type":"Feature","geometry":{"type":"Point","coordinates":[-41.308554,-21.602767]},"properties":{"nome":"03433","tipo":"ponto","bairro":"TRAVESS\u00c3O"}},{"type":"Feature","geometry":{"type":"Point","coordinates":[-41.308817,-21.609101]},"properties":{"nome":"03434","tipo":"ponto","bairro":"TRAVESS\u00c3O"}},{"type":"Feature","geometry":{"type":"Point","coordinates":[-41.313725,-21.630438]},"properties":{"nome":"03527","tipo":"ponto","bairro":"TRAVESS\u00c3O"}},{"type":"Feature","geometry":{"type":"Point","coordinates":[-41.304816,-21.637503]},"properties":{"nome":"03528","tipo":"ponto","bairro":"TRAVESS\u00c3O"}},{"type":"Feature","geometry":{"type":"Point","coordinates":[-41.313977,-21.623729]},"properties":{"nome":"03530","tipo":"ponto","bairro":"TRAVESS\u00c3O"}},{"type":"Feature","geometry":{"type":"Point","coordinates":[-41.308521,-21.602367]},"properties":{"nome":"03533","tipo":"ponto","bairro":"TRAVESS\u00c3O"}},{"type":"Feature","geometry":{"type":"Point","coordinates":[-41.308513,-21.609143]},"properties":{"nome":"03534","tipo":"ponto","bairro":"TRAVESS\u00c3O"}},{"type":"Feature","geometry":{"type":"Point","coordinates":[-41.313823,-21.62968]},"properties":{"nome":"03627","tipo":"ponto","bairro":"TRAVESS\u00c3O"}},{"type":"Feature","geometry":{"type":"Point","coordinates":[-41.309563,-21.634833]},"properties":{"nome":"03629","tipo":"ponto","bairro":"TRAVESS\u00c3O"}},{"type":"Feature","geometry":{"type":"Point","coordinates":[-41.316349,-21.603714]},"properties":{"nome":"03632","tipo":"ponto","bairro":"TRAVESS\u00c3O"}},{"type":"Feature","geometry":{"type":"Point","coordinates":[-41.308515,-21.602099]},"properties":{"nome":"03633","tipo":"ponto","bairro":"TRAVESS\u00c3O"}},{"type":"Feature","geometry":{"type":"Point","coordinates":[-41.308221,-21.609198]},"properties":{"nome":"03634","tipo":"ponto","bairro":"TRAVESS\u00c3O"}},{"type":"Feature","geometry":{"type":"Point","coordinates":[-41.254474,-21.61987]},"properties":{"nome":"03635","tipo":"ponto","bairro":"TRAVESS\u00c3O"}},{"type":"Feature","geometry":{"type":"Point","coordinates":[-41.31395,-21.628693]},"properties":{"nome":"03726","tipo":"ponto","bairro":"TRAVESS\u00c3O"}},{"type":"Feature","geometry":{"type":"Point","coordinates":[-41.304393,-21.637634]},"properties":{"nome":"03727","tipo":"ponto","bairro":"TRAVESS\u00c3O"}},{"type":"Feature","geometry":{"type":"Point","coordinates":[-41.313878,-21.624028]},"properties":{"nome":"03729","tipo":"ponto","bairro":"TRAVESS\u00c3O"}},{"type":"Feature","geometry":{"type":"Point","coordinates":[-41.314546,-21.608854]},"properties":{"nome":"03730","tipo":"ponto","bairro":"TRAVESS\u00c3O"}},{"type":"Feature","geometry":{"type":"Point","coordinates":[-41.308507,-21.601767]},"properties":{"nome":"03732","tipo":"ponto","bairro":"TRAVESS\u00c3O"}},{"type":"Feature","geometry":{"type":"Point","coordinates":[-41.254144,-21.619856]},"properties":{"nome":"03734","tipo":"ponto","bairro":"TRAVESS\u00c3O"}},{"type":"Feature","geometry":{"type":"Point","coordinates":[-41.30408,-21.637711]},"properties":{"nome":"03827","tipo":"ponto","bairro":"TRAVESS\u00c3O"}},{"type":"Feature","geometry":{"type":"Point","coordinates":[-41.313767,-21.623988]},"properties":{"nome":"03829","tipo":"ponto","bairro":"TRAVESS\u00c3O"}},{"type":"Feature","geometry":{"type":"Point","coordinates":[-41.314683,-21.608563]},"properties":{"nome":"03830","tipo":"ponto","bairro":"TRAVESS\u00c3O"}},{"type":"Feature","geometry":{"type":"Point","coordinates":[-41.316608,-21.603689]},"properties":{"nome":"03831","tipo":"ponto","bairro":"TRAVESS\u00c3O"}},{"type":"Feature","geometry":{"type":"Point","coordinates":[-41.308508,-21.601455]},"properties":{"nome":"03832","tipo":"ponto","bairro":"TRAVESS\u00c3O"}},{"type":"Feature","geometry":{"type":"Point","coordinates":[-41.25365,-21.619821]},"properties":{"nome":"03834","tipo":"ponto","bairro":"TRAVESS\u00c3O"}},{"type":"Feature","geometry":{"type":"Point","coordinates":[-41.303746,-21.637729]},"properties":{"nome":"03927","tipo":"ponto","bairro":"TRAVESS\u00c3O"}},{"type":"Feature","geometry":{"type":"Point","coordinates":[-41.310046,-21.635131]},"properties":{"nome":"03928","tipo":"ponto","bairro":"TRAVESS\u00c3O"}},{"type":"Feature","geometry":{"type":"Point","coordinates":[-41.313468,-21.623959]},"properties":{"nome":"03929","tipo":"ponto","bairro":"TRAVESS\u00c3O"}},{"type":"Feature","geometry":{"type":"Point","coordinates":[-41.314819,-21.608249]},"properties":{"nome":"03930","tipo":"ponto","bairro":"TRAVESS\u00c3O"}},{"type":"Feature","geometry":{"type":"Point","coordinates":[-41.316794,-21.603675]},"properties":{"nome":"03931","tipo":"ponto","bairro":"TRAVESS\u00c3O"}},{"type":"Feature","geometry":{"type":"Point","coordinates":[-41.307889,-21.609045]},"properties":{"nome":"03933","tipo":"ponto","bairro":"TRAVESS\u00c3O"}},{"type":"Feature","geometry":{"type":"Point","coordinates":[-41.253085,-21.619816]},"properties":{"nome":"03934","tipo":"ponto","bairro":"TRAVESS\u00c3O"}},{"type":"Feature","geometry":{"type":"Point","coordinates":[-41.31435,-21.625847]},"properties":{"nome":"04026","tipo":"ponto","bairro":"TRAVESS\u00c3O"}},{"type":"Feature","geometry":{"type":"Point","coordinates":[-41.303554,-21.637806]},"properties":{"nome":"04027","tipo":"ponto","bairro":"TRAVESS\u00c3O"}},{"type":"Feature","geometry":{"type":"Point","coordinates":[-41.310271,-21.634764]},"properties":{"nome":"04028","tipo":"ponto","bairro":"TRAVESS\u00c3O"}},{"type":"Feature","geometry":{"type":"Point","coordinates":[-41.313128,-21.623917]},"properties":{"nome":"04029","tipo":"ponto","bairro":"TRAVESS\u00c3O"}},{"type":"Feature","geometry":{"type":"Point","coordinates":[-41.314913,-21.608015]},"properties":{"nome":"04030","tipo":"ponto","bairro":"TRAVESS\u00c3O"}},{"type":"Feature","geometry":{"type":"Point","coordinates":[-41.252724,-21.619835]},"properties":{"nome":"04034","tipo":"ponto","bairro":"TRAVESS\u00c3O"}},{"type":"Feature","geometry":{"type":"Point","coordinates":[-41.314473,-21.624991]},"properties":{"nome":"04126","tipo":"ponto","bairro":"TRAVESS\u00c3O"}},{"type":"Feature","geometry":{"type":"Point","coordinates":[-41.303431,-21.63781]},"properties":{"nome":"04127","tipo":"ponto","bairro":"TRAVESS\u00c3O"}},{"type":"Feature","geometry":{"type":"Point","coordinates":[-41.316477,-21.603192]},"properties":{"nome":"04131","tipo":"ponto","bairro":"TRAVESS\u00c3O"}},{"type":"Feature","geometry":{"type":"Point","coordinates":[-41.252366,-21.619815]},"properties":{"nome":"04134","tipo":"ponto","bairro":"TRAVESS\u00c3O"}},{"type":"Feature","geometry":{"type":"Point","coordinates":[-41.31458,-21.624263]},"properties":{"nome":"04226","tipo":"ponto","bairro":"TRAVESS\u00c3O"}},{"type":"Feature","geometry":{"type":"Point","coordinates":[-41.303169,-21.637897]},"properties":{"nome":"04227","tipo":"ponto","bairro":"TRAVESS\u00c3O"}},{"type":"Feature","geometry":{"type":"Point","coordinates":[-41.312541,-21.623847]},"properties":{"nome":"04229","tipo":"ponto","bairro":"TRAVESS\u00c3O"}},{"type":"Feature","geometry":{"type":"Point","coordinates":[-41.315067,-21.607656]},"properties":{"nome":"04230","tipo":"ponto","bairro":"TRAVESS\u00c3O"}},{"type":"Feature","geometry":{"type":"Point","coordinates":[-41.309085,-21.601032]},"properties":{"nome":"04232","tipo":"ponto","bairro":"TRAVESS\u00c3O"}},{"type":"Feature","geometry":{"type":"Point","coordinates":[-41.251991,-21.61977]},"properties":{"nome":"04234","tipo":"ponto","bairro":"TRAVESS\u00c3O"}},{"type":"Feature","geometry":{"type":"Point","coordinates":[-41.314689,-21.623411]},"properties":{"nome":"04326","tipo":"ponto","bairro":"TRAVESS\u00c3O"}},{"type":"Feature","geometry":{"type":"Point","coordinates":[-41.302753,-21.637993]},"properties":{"nome":"04327","tipo":"ponto","bairro":"TRAVESS\u00c3O"}},{"type":"Feature","geometry":{"type":"Point","coordinates":[-41.310638,-21.634709]},"properties":{"nome":"04328","tipo":"ponto","bairro":"TRAVESS\u00c3O"}},{"type":"Feature","geometry":{"type":"Point","coordinates":[-41.31233,-21.623823]},"properties":{"nome":"04329","tipo":"ponto","bairro":"TRAVESS\u00c3O"}},{"type":"Feature","geometry":{"type":"Point","coordinates":[-41.315172,-21.607393]},"properties":{"nome":"04330","tipo":"ponto","bairro":"TRAVESS\u00c3O"}},{"type":"Feature","geometry":{"type":"Point","coordinates":[-41.316447,-21.602686]},"properties":{"nome":"04331","tipo":"ponto","bairro":"TRAVESS\u00c3O"}},{"type":"Feature","geometry":{"type":"Point","coordinates":[-41.251602,-21.619669]},"properties":{"nome":"04334","tipo":"ponto","bairro":"TRAVESS\u00c3O"}},{"type":"Feature","geometry":{"type":"Point","coordinates":[-41.3148,-21.622587]},"properties":{"nome":"04426","tipo":"ponto","bairro":"TRAVESS\u00c3O"}},{"type":"Feature","geometry":{"type":"Point","coordinates":[-41.302232,-21.638172]},"properties":{"nome":"04427","tipo":"ponto","bairro":"TRAVESS\u00c3O"}},{"type":"Feature","geometry":{"type":"Point","coordinates":[-41.311978,-21.623777]},"properties":{"nome":"04429","tipo":"ponto","bairro":"TRAVESS\u00c3O"}},{"type":"Feature","geometry":{"type":"Point","coordinates":[-41.315311,-21.607071]},"properties":{"nome":"04430","tipo":"ponto","bairro":"TRAVESS\u00c3O"}},{"type":"Feature","geometry":{"type":"Point","coordinates":[-41.316418,-21.602416]},"properties":{"nome":"04431","tipo":"ponto","bairro":"TRAVESS\u00c3O"}},{"type":"Feature","geometry":{"type":"Point","coordinates":[-41.309266,-21.600841]},"properties":{"nome":"04432","tipo":"ponto","bairro":"TRAVESS\u00c3O"}},{"type":"Feature","geometry":{"type":"Point","coordinates":[-41.251291,-21.619549]},"properties":{"nome":"04434","tipo":"ponto","bairro":"TRAVESS\u00c3O"}},{"type":"Feature","geometry":{"type":"Point","coordinates":[-41.314879,-21.622004]},"properties":{"nome":"04525","tipo":"ponto","bairro":"TRAVESS\u00c3O"}},{"type":"Feature","geometry":{"type":"Point","coordinates":[-41.301707,-21.638301]},"properties":{"nome":"04526","tipo":"ponto","bairro":"TRAVESS\u00c3O"}},{"type":"Feature","geometry":{"type":"Point","coordinates":[-41.311725,-21.62375]},"properties":{"nome":"04528","tipo":"ponto","bairro":"TRAVESS\u00c3O"}},{"type":"Feature","geometry":{"type":"Point","coordinates":[-41.315388,-21.606923]},"properties":{"nome":"04529","tipo":"ponto","bairro":"TRAVESS\u00c3O"}},{"type":"Feature","geometry":{"type":"Point","coordinates":[-41.316379,-21.602095]},"properties":{"nome":"04530","tipo":"ponto","bairro":"TRAVESS\u00c3O"}},{"type":"Feature","geometry":{"type":"Point","coordinates":[-41.307954,-21.609587]},"properties":{"nome":"04532","tipo":"ponto","bairro":"TRAVESS\u00c3O"}},{"type":"Feature","geometry":{"type":"Point","coordinates":[-41.251012,-21.619376]},"properties":{"nome":"04533","tipo":"ponto","bairro":"TRAVESS\u00c3O"}},{"type":"Feature","geometry":{"type":"Point","coordinates":[-41.314901,-21.621615]},"properties":{"nome":"04625","tipo":"ponto","bairro":"TRAVESS\u00c3O"}},{"type":"Feature","geometry":{"type":"Point","coordinates":[-41.311155,-21.634648]},"properties":{"nome":"04627","tipo":"ponto","bairro":"TRAVESS\u00c3O"}},{"type":"Feature","geometry":{"type":"Point","coordinates":[-41.316219,-21.60182]},"properties":{"nome":"04630","tipo":"ponto","bairro":"TRAVESS\u00c3O"}},{"type":"Feature","geometry":{"type":"Point","coordinates":[-41.309249,-21.601285]},"properties":{"nome":"04631","tipo":"ponto","bairro":"TRAVESS\u00c3O"}},{"type":"Feature","geometry":{"type":"Point","coordinates":[-41.250734,-21.619192]},"properties":{"nome":"04633","tipo":"ponto","bairro":"TRAVESS\u00c3O"}},{"type":"Feature","geometry":{"type":"Point","coordinates":[-41.314958,-21.621369]},"properties":{"nome":"04725","tipo":"ponto","bairro":"TRAVESS\u00c3O"}},{"type":"Feature","geometry":{"type":"Point","coordinates":[-41.311155,-21.634603]},"properties":{"nome":"04727","tipo":"ponto","bairro":"TRAVESS\u00c3O"}},{"type":"Feature","geometry":{"type":"Point","coordinates":[-41.316531,-21.601807]},"properties":{"nome":"04730","tipo":"ponto","bairro":"TRAVESS\u00c3O"}},{"type":"Feature","geometry":{"type":"Point","coordinates":[-41.250466,-21.619009]},"properties":{"nome":"04733","tipo":"ponto","bairro":"TRAVESS\u00c3O"}},{"type":"Feature","geometry":{"type":"Point","coordinates":[-41.300925,-21.638314]},"properties":{"nome":"04826","tipo":"ponto","bairro":"TRAVESS\u00c3O"}},{"type":"Feature","geometry":{"type":"Point","coordinates":[-41.31114,-21.634475]},"properties":{"nome":"04827","tipo":"ponto","bairro":"TRAVESS\u00c3O"}},{"type":"Feature","geometry":{"type":"Point","coordinates":[-41.309272,-21.601649]},"properties":{"nome":"04831","tipo":"ponto","bairro":"TRAVESS\u00c3O"}},{"type":"Feature","geometry":{"type":"Point","coordinates":[-41.307482,-21.60934]},"properties":{"nome":"04832","tipo":"ponto","bairro":"TRAVESS\u00c3O"}},{"type":"Feature","geometry":{"type":"Point","coordinates":[-41.250194,-21.618825]},"properties":{"nome":"04833","tipo":"ponto","bairro":"TRAVESS\u00c3O"}},{"type":"Feature","geometry":{"type":"Point","coordinates":[-41.300521,-21.638206]},"properties":{"nome":"04926","tipo":"ponto","bairro":"TRAVESS\u00c3O"}},{"type":"Feature","geometry":{"type":"Point","coordinates":[-41.309232,-21.634603]},"properties":{"nome":"04927","tipo":"ponto","bairro":"TRAVESS\u00c3O"}},{"type":"Feature","geometry":{"type":"Point","coordinates":[-41.314984,-21.607046]},"properties":{"nome":"04929","tipo":"ponto","bairro":"TRAVESS\u00c3O"}},{"type":"Feature","geometry":{"type":"Point","coordinates":[-41.30929,-21.602003]},"properties":{"nome":"04931","tipo":"ponto","bairro":"TRAVESS\u00c3O"}},{"type":"Feature","geometry":{"type":"Point","coordinates":[-41.307198,-21.609389]},"properties":{"nome":"04932","tipo":"ponto","bairro":"TRAVESS\u00c3O"}},{"type":"Feature","geometry":{"type":"Point","coordinates":[-41.249921,-21.618649]},"properties":{"nome":"04933","tipo":"ponto","bairro":"TRAVESS\u00c3O"}},{"type":"Feature","geometry":{"type":"Point","coordinates":[-41.300166,-21.638163]},"properties":{"nome":"05026","tipo":"ponto","bairro":"TRAVESS\u00c3O"}},{"type":"Feature","geometry":{"type":"Point","coordinates":[-41.309177,-21.634446]},"properties":{"nome":"05027","tipo":"ponto","bairro":"TRAVESS\u00c3O"}},{"type":"Feature","geometry":{"type":"Point","coordinates":[-41.311706,-21.62323]},"properties":{"nome":"05028","tipo":"ponto","bairro":"TRAVESS\u00c3O"}},{"type":"Feature","geometry":{"type":"Point","coordinates":[-41.314759,-21.607297]},"properties":{"nome":"05029","tipo":"ponto","bairro":"TRAVESS\u00c3O"}},{"type":"Feature","geometry":{"type":"Point","coordinates":[-41.316796,-21.603027]},"properties":{"nome":"05030","tipo":"ponto","bairro":"TRAVESS\u00c3O"}},{"type":"Feature","geometry":{"type":"Point","coordinates":[-41.309314,-21.602362]},"properties":{"nome":"05031","tipo":"ponto","bairro":"TRAVESS\u00c3O"}},{"type":"Feature","geometry":{"type":"Point","coordinates":[-41.306907,-21.609437]},"properties":{"nome":"05032","tipo":"ponto","bairro":"TRAVESS\u00c3O"}},{"type":"Feature","geometry":{"type":"Point","coordinates":[-41.249645,-21.618472]},"properties":{"nome":"05033","tipo":"ponto","bairro":"TRAVESS\u00c3O"}},{"type":"Feature","geometry":{"type":"Point","coordinates":[-41.299805,-21.638107]},"properties":{"nome":"05126","tipo":"ponto","bairro":"TRAVESS\u00c3O"}},{"type":"Feature","geometry":{"type":"Point","coordinates":[-41.309052,-21.634045]},"properties":{"nome":"05127","tipo":"ponto","bairro":"TRAVESS\u00c3O"}},{"type":"Feature","geometry":{"type":"Point","coordinates":[-41.311969,-21.623266]},"properties":{"nome":"05128","tipo":"ponto","bairro":"TRAVESS\u00c3O"}},{"type":"Feature","geometry":{"type":"Point","coordinates":[-41.316697,-21.601421]},"properties":{"nome":"05130","tipo":"ponto","bairro":"TRAVESS\u00c3O"}},{"type":"Feature","geometry":{"type":"Point","coordinates":[-41.309325,-21.602734]},"properties":{"nome":"05131","tipo":"ponto","bairro":"TRAVESS\u00c3O"}},{"type":"Feature","geometry":{"type":"Point","coordinates":[-41.306474,-21.609859]},"properties":{"nome":"05132","tipo":"ponto","bairro":"TRAVESS\u00c3O"}},{"type":"Feature","geometry":{"type":"Point","coordinates":[-41.249368,-21.618288]},"properties":{"nome":"05133","tipo":"ponto","bairro":"TRAVESS\u00c3O"}},{"type":"Feature","geometry":{"type":"Point","coordinates":[-41.315186,-21.620382]},"properties":{"nome":"05225","tipo":"ponto","bairro":"TRAVESS\u00c3O"}},{"type":"Feature","geometry":{"type":"Point","coordinates":[-41.299372,-21.638111]},"properties":{"nome":"05226","tipo":"ponto","bairro":"TRAVESS\u00c3O"}},{"type":"Feature","geometry":{"type":"Point","coordinates":[-41.309002,-21.633898]},"properties":{"nome":"05227","tipo":"ponto","bairro":"TRAVESS\u00c3O"}},{"type":"Feature","geometry":{"type":"Point","coordinates":[-41.31226,-21.623285]},"properties":{"nome":"05228","tipo":"ponto","bairro":"TRAVESS\u00c3O"}},{"type":"Feature","geometry":{"type":"Point","coordinates":[-41.309334,-21.602916]},"properties":{"nome":"05231","tipo":"ponto","bairro":"TRAVESS\u00c3O"}},{"type":"Feature","geometry":{"type":"Point","coordinates":[-41.306373,-21.609591]},"properties":{"nome":"05232","tipo":"ponto","bairro":"TRAVESS\u00c3O"}},{"type":"Feature","geometry":{"type":"Point","coordinates":[-41.249097,-21.618102]},"properties":{"nome":"05233","tipo":"ponto","bairro":"TRAVESS\u00c3O"}},{"type":"Feature","geometry":{"type":"Point","coordinates":[-41.315361,-21.620543]},"properties":{"nome":"05325","tipo":"ponto","bairro":"TRAVESS\u00c3O"}},{"type":"Feature","geometry":{"type":"Point","coordinates":[-41.298993,-21.638115]},"properties":{"nome":"05326","tipo":"ponto","bairro":"TRAVESS\u00c3O"}},{"type":"Feature","geometry":{"type":"Point","coordinates":[-41.308914,-21.633669]},"properties":{"nome":"05327","tipo":"ponto","bairro":"TRAVESS\u00c3O"}},{"type":"Feature","geometry":{"type":"Point","coordinates":[-41.312546,-21.623322]},"properties":{"nome":"05328","tipo":"ponto","bairro":"TRAVESS\u00c3O"}},{"type":"Feature","geometry":{"type":"Point","coordinates":[-41.31462,-21.607199]},"properties":{"nome":"05329","tipo":"ponto","bairro":"TRAVESS\u00c3O"}},{"type":"Feature","geometry":{"type":"Point","coordinates":[-41.309349,-21.603101]},"properties":{"nome":"05331","tipo":"ponto","bairro":"TRAVESS\u00c3O"}},{"type":"Feature","geometry":{"type":"Point","coordinates":[-41.30625,-21.60933]},"properties":{"nome":"05332","tipo":"ponto","bairro":"TRAVESS\u00c3O"}},{"type":"Feature","geometry":{"type":"Point","coordinates":[-41.248846,-21.617921]},"properties":{"nome":"05333","tipo":"ponto","bairro":"TRAVESS\u00c3O"}},{"type":"Feature","geometry":{"type":"Point","coordinates":[-41.298798,-21.638139]},"properties":{"nome":"05426","tipo":"ponto","bairro":"TRAVESS\u00c3O"}},{"type":"Feature","geometry":{"type":"Point","coordinates":[-41.309363,-21.603468]},"properties":{"nome":"05431","tipo":"ponto","bairro":"TRAVESS\u00c3O"}},{"type":"Feature","geometry":{"type":"Point","coordinates":[-41.248582,-21.61774]},"properties":{"nome":"05433","tipo":"ponto","bairro":"TRAVESS\u00c3O"}},{"type":"Feature","geometry":{"type":"Point","coordinates":[-41.312992,-21.623385]},"properties":{"nome":"05528","tipo":"ponto","bairro":"TRAVESS\u00c3O"}},{"type":"Feature","geometry":{"type":"Point","coordinates":[-41.316356,-21.601095]},"properties":{"nome":"05530","tipo":"ponto","bairro":"TRAVESS\u00c3O"}},{"type":"Feature","geometry":{"type":"Point","coordinates":[-41.248319,-21.617554]},"properties":{"nome":"05533","tipo":"ponto","bairro":"TRAVESS\u00c3O"}},{"type":"Feature","geometry":{"type":"Point","coordinates":[-41.315537,-21.621034]},"properties":{"nome":"05625","tipo":"ponto","bairro":"TRAVESS\u00c3O"}},{"type":"Feature","geometry":{"type":"Point","coordinates":[-41.298346,-21.638214]},"properties":{"nome":"05626","tipo":"ponto","bairro":"TRAVESS\u00c3O"}},{"type":"Feature","geometry":{"type":"Point","coordinates":[-41.313265,-21.62343]},"properties":{"nome":"05628","tipo":"ponto","bairro":"TRAVESS\u00c3O"}},{"type":"Feature","geometry":{"type":"Point","coordinates":[-41.314538,-21.607783]},"properties":{"nome":"05629","tipo":"ponto","bairro":"TRAVESS\u00c3O"}},{"type":"Feature","geometry":{"type":"Point","coordinates":[-41.316073,-21.601219]},"properties":{"nome":"05630","tipo":"ponto","bairro":"TRAVESS\u00c3O"}},{"type":"Feature","geometry":{"type":"Point","coordinates":[-41.305907,-21.608549]},"properties":{"nome":"05632","tipo":"ponto","bairro":"TRAVESS\u00c3O"}},{"type":"Feature","geometry":{"type":"Point","coordinates":[-41.248034,-21.617355]},"properties":{"nome":"05633","tipo":"ponto","bairro":"TRAVESS\u00c3O"}},{"type":"Feature","geometry":{"type":"Point","coordinates":[-41.315523,-21.621339]},"properties":{"nome":"05725","tipo":"ponto","bairro":"TRAVESS\u00c3O"}},{"type":"Feature","geometry":{"type":"Point","coordinates":[-41.298064,-21.638262]},"properties":{"nome":"05726","tipo":"ponto","bairro":"TRAVESS\u00c3O"}},{"type":"Feature","geometry":{"type":"Point","coordinates":[-41.308325,-21.633275]},"properties":{"nome":"05727","tipo":"ponto","bairro":"TRAVESS\u00c3O"}},{"type":"Feature","geometry":{"type":"Point","coordinates":[-41.313611,-21.62346]},"properties":{"nome":"05728","tipo":"ponto","bairro":"TRAVESS\u00c3O"}},{"type":"Feature","geometry":{"type":"Point","coordinates":[-41.314788,-21.601756]},"properties":{"nome":"05730","tipo":"ponto","bairro":"TRAVESS\u00c3O"}},{"type":"Feature","geometry":{"type":"Point","coordinates":[-41.309241,-21.603785]},"properties":{"nome":"05731","tipo":"ponto","bairro":"TRAVESS\u00c3O"}},{"type":"Feature","geometry":{"type":"Point","coordinates":[-41.305843,-21.608383]},"properties":{"nome":"05732","tipo":"ponto","bairro":"TRAVESS\u00c3O"}},{"type":"Feature","geometry":{"type":"Point","coordinates":[-41.247735,-21.61718]},"properties":{"nome":"05733","tipo":"ponto","bairro":"TRAVESS\u00c3O"}},{"type":"Feature","geometry":{"type":"Point","coordinates":[-41.297904,-21.638336]},"properties":{"nome":"05826","tipo":"ponto","bairro":"TRAVESS\u00c3O"}},{"type":"Feature","geometry":{"type":"Point","coordinates":[-41.313939,-21.623493]},"properties":{"nome":"05828","tipo":"ponto","bairro":"TRAVESS\u00c3O"}},{"type":"Feature","geometry":{"type":"Point","coordinates":[-41.314486,-21.608167]},"properties":{"nome":"05829","tipo":"ponto","bairro":"TRAVESS\u00c3O"}},{"type":"Feature","geometry":{"type":"Point","coordinates":[-41.314485,-21.601876]},"properties":{"nome":"05830","tipo":"ponto","bairro":"TRAVESS\u00c3O"}},{"type":"Feature","geometry":{"type":"Point","coordinates":[-41.309129,-21.60378]},"properties":{"nome":"05831","tipo":"ponto","bairro":"TRAVESS\u00c3O"}},{"type":"Feature","geometry":{"type":"Point","coordinates":[-41.305795,-21.608287]},"properties":{"nome":"05832","tipo":"ponto","bairro":"TRAVESS\u00c3O"}},{"type":"Feature","geometry":{"type":"Point","coordinates":[-41.247406,-21.617044]},"properties":{"nome":"05833","tipo":"ponto","bairro":"TRAVESS\u00c3O"}},{"type":"Feature","geometry":{"type":"Point","coordinates":[-41.31559,-21.621843]},"properties":{"nome":"05925","tipo":"ponto","bairro":"TRAVESS\u00c3O"}},{"type":"Feature","geometry":{"type":"Point","coordinates":[-41.297794,-21.638402]},"properties":{"nome":"05926","tipo":"ponto","bairro":"TRAVESS\u00c3O"}},{"type":"Feature","geometry":{"type":"Point","coordinates":[-41.307924,-21.633273]},"properties":{"nome":"05927","tipo":"ponto","bairro":"TRAVESS\u00c3O"}},{"type":"Feature","geometry":{"type":"Point","coordinates":[-41.24707,-21.616928]},"properties":{"nome":"05933","tipo":"ponto","bairro":"TRAVESS\u00c3O"}},{"type":"Feature","geometry":{"type":"Point","coordinates":[-41.315686,-21.622121]},"properties":{"nome":"06025","tipo":"ponto","bairro":"TRAVESS\u00c3O"}},{"type":"Feature","geometry":{"type":"Point","coordinates":[-41.297656,-21.638528]},"properties":{"nome":"06026","tipo":"ponto","bairro":"TRAVESS\u00c3O"}},{"type":"Feature","geometry":{"type":"Point","coordinates":[-41.307544,-21.63329]},"properties":{"nome":"06027","tipo":"ponto","bairro":"TRAVESS\u00c3O"}},{"type":"Feature","geometry":{"type":"Point","coordinates":[-41.314137,-21.601705]},"properties":{"nome":"06030","tipo":"ponto","bairro":"TRAVESS\u00c3O"}},{"type":"Feature","geometry":{"type":"Point","coordinates":[-41.309384,-21.604021]},"properties":{"nome":"06031","tipo":"ponto","bairro":"TRAVESS\u00c3O"}},{"type":"Feature","geometry":{"type":"Point","coordinates":[-41.306384,-21.609059]},"properties":{"nome":"06032","tipo":"ponto","bairro":"TRAVESS\u00c3O"}},{"type":"Feature","geometry":{"type":"Point","coordinates":[-41.315779,-21.622422]},"properties":{"nome":"06125","tipo":"ponto","bairro":"TRAVESS\u00c3O"}},{"type":"Feature","geometry":{"type":"Point","coordinates":[-41.297536,-21.638721]},"properties":{"nome":"06126","tipo":"ponto","bairro":"TRAVESS\u00c3O"}},{"type":"Feature","geometry":{"type":"Point","coordinates":[-41.307141,-21.633289]},"properties":{"nome":"06127","tipo":"ponto","bairro":"TRAVESS\u00c3O"}},{"type":"Feature","geometry":{"type":"Point","coordinates":[-41.313733,-21.622954]},"properties":{"nome":"06128","tipo":"ponto","bairro":"TRAVESS\u00c3O"}},{"type":"Feature","geometry":{"type":"Point","coordinates":[-41.314486,-21.608553]},"properties":{"nome":"06129","tipo":"ponto","bairro":"TRAVESS\u00c3O"}},{"type":"Feature","geometry":{"type":"Point","coordinates":[-41.309397,-21.604238]},"properties":{"nome":"06131","tipo":"ponto","bairro":"TRAVESS\u00c3O"}},{"type":"Feature","geometry":{"type":"Point","coordinates":[-41.306776,-21.608977]},"properties":{"nome":"06132","tipo":"ponto","bairro":"TRAVESS\u00c3O"}},{"type":"Feature","geometry":{"type":"Point","coordinates":[-41.315898,-21.622769]},"properties":{"nome":"06224","tipo":"ponto","bairro":"TRAVESS\u00c3O"}},{"type":"Feature","geometry":{"type":"Point","coordinates":[-41.29744,-21.638847]},"properties":{"nome":"06225","tipo":"ponto","bairro":"TRAVESS\u00c3O"}},{"type":"Feature","geometry":{"type":"Point","coordinates":[-41.306686,-21.633333]},"properties":{"nome":"06226","tipo":"ponto","bairro":"TRAVESS\u00c3O"}},{"type":"Feature","geometry":{"type":"Point","coordinates":[-41.313385,-21.622893]},"properties":{"nome":"06227","tipo":"ponto","bairro":"TRAVESS\u00c3O"}},{"type":"Feature","geometry":{"type":"Point","coordinates":[-41.317228,-21.601457]},"properties":{"nome":"06229","tipo":"ponto","bairro":"TRAVESS\u00c3O"}},{"type":"Feature","geometry":{"type":"Point","coordinates":[-41.309413,-21.604572]},"properties":{"nome":"06230","tipo":"ponto","bairro":"TRAVESS\u00c3O"}},{"type":"Feature","geometry":{"type":"Point","coordinates":[-41.307175,-21.608916]},"properties":{"nome":"06231","tipo":"ponto","bairro":"TRAVESS\u00c3O"}},{"type":"Feature","geometry":{"type":"Point","coordinates":[-41.246085,-21.616663]},"properties":{"nome":"06232","tipo":"ponto","bairro":"TRAVESS\u00c3O"}},{"type":"Feature","geometry":{"type":"Point","coordinates":[-41.315985,-21.623036]},"properties":{"nome":"06324","tipo":"ponto","bairro":"TRAVESS\u00c3O"}},{"type":"Feature","geometry":{"type":"Point","coordinates":[-41.297319,-21.639012]},"properties":{"nome":"06325","tipo":"ponto","bairro":"TRAVESS\u00c3O"}},{"type":"Feature","geometry":{"type":"Point","coordinates":[-41.306325,-21.633319]},"properties":{"nome":"06326","tipo":"ponto","bairro":"TRAVESS\u00c3O"}},{"type":"Feature","geometry":{"type":"Point","coordinates":[-41.313066,-21.622864]},"properties":{"nome":"06327","tipo":"ponto","bairro":"TRAVESS\u00c3O"}},{"type":"Feature","geometry":{"type":"Point","coordinates":[-41.317243,-21.601779]},"properties":{"nome":"06329","tipo":"ponto","bairro":"TRAVESS\u00c3O"}},{"type":"Feature","geometry":{"type":"Point","coordinates":[-41.309431,-21.60495]},"properties":{"nome":"06330","tipo":"ponto","bairro":"TRAVESS\u00c3O"}},{"type":"Feature","geometry":{"type":"Point","coordinates":[-41.245706,-21.616552]},"properties":{"nome":"06332","tipo":"ponto","bairro":"TRAVESS\u00c3O"}},{"type":"Feature","geometry":{"type":"Point","coordinates":[-41.315997,-21.623387]},"properties":{"nome":"06424","tipo":"ponto","bairro":"TRAVESS\u00c3O"}},{"type":"Feature","geometry":{"type":"Point","coordinates":[-41.306115,-21.633327]},"properties":{"nome":"06426","tipo":"ponto","bairro":"TRAVESS\u00c3O"}},{"type":"Feature","geometry":{"type":"Point","coordinates":[-41.317255,-21.602088]},"properties":{"nome":"06429","tipo":"ponto","bairro":"TRAVESS\u00c3O"}},{"type":"Feature","geometry":{"type":"Point","coordinates":[-41.309433,-21.605103]},"properties":{"nome":"06430","tipo":"ponto","bairro":"TRAVESS\u00c3O"}},{"type":"Feature","geometry":{"type":"Point","coordinates":[-41.245321,-21.616474]},"properties":{"nome":"06432","tipo":"ponto","bairro":"TRAVESS\u00c3O"}},{"type":"Feature","geometry":{"type":"Point","coordinates":[-41.316022,-21.623692]},"properties":{"nome":"06524","tipo":"ponto","bairro":"TRAVESS\u00c3O"}},{"type":"Feature","geometry":{"type":"Point","coordinates":[-41.312693,-21.622822]},"properties":{"nome":"06527","tipo":"ponto","bairro":"TRAVESS\u00c3O"}},{"type":"Feature","geometry":{"type":"Point","coordinates":[-41.313755,-21.60918]},"properties":{"nome":"06528","tipo":"ponto","bairro":"TRAVESS\u00c3O"}},{"type":"Feature","geometry":{"type":"Point","coordinates":[-41.317279,-21.602418]},"properties":{"nome":"06529","tipo":"ponto","bairro":"TRAVESS\u00c3O"}},{"type":"Feature","geometry":{"type":"Point","coordinates":[-41.309437,-21.605301]},"properties":{"nome":"06530","tipo":"ponto","bairro":"TRAVESS\u00c3O"}},{"type":"Feature","geometry":{"type":"Point","coordinates":[-41.307857,-21.608775]},"properties":{"nome":"06531","tipo":"ponto","bairro":"TRAVESS\u00c3O"}},{"type":"Feature","geometry":{"type":"Point","coordinates":[-41.244933,-21.616464]},"properties":{"nome":"06532","tipo":"ponto","bairro":"TRAVESS\u00c3O"}},{"type":"Feature","geometry":{"type":"Point","coordinates":[-41.305727,-21.633342]},"properties":{"nome":"06626","tipo":"ponto","bairro":"TRAVESS\u00c3O"}},{"type":"Feature","geometry":{"type":"Point","coordinates":[-41.312379,-21.622795]},"properties":{"nome":"06627","tipo":"ponto","bairro":"TRAVESS\u00c3O"}},{"type":"Feature","geometry":{"type":"Point","coordinates":[-41.317246,-21.602714]},"properties":{"nome":"06629","tipo":"ponto","bairro":"TRAVESS\u00c3O"}},{"type":"Feature","geometry":{"type":"Point","coordinates":[-41.308004,-21.608747]},"properties":{"nome":"06631","tipo":"ponto","bairro":"TRAVESS\u00c3O"}},{"type":"Feature","geometry":{"type":"Point","coordinates":[-41.244542,-21.616488]},"properties":{"nome":"06632","tipo":"ponto","bairro":"TRAVESS\u00c3O"}},{"type":"Feature","geometry":{"type":"Point","coordinates":[-41.315982,-21.620799]},"properties":{"nome":"06724","tipo":"ponto","bairro":"TRAVESS\u00c3O"}},{"type":"Feature","geometry":{"type":"Point","coordinates":[-41.296883,-21.639999]},"properties":{"nome":"06725","tipo":"ponto","bairro":"TRAVESS\u00c3O"}},{"type":"Feature","geometry":{"type":"Point","coordinates":[-41.305366,-21.633362]},"properties":{"nome":"06726","tipo":"ponto","bairro":"TRAVESS\u00c3O"}},{"type":"Feature","geometry":{"type":"Point","coordinates":[-41.312038,-21.622745]},"properties":{"nome":"06727","tipo":"ponto","bairro":"TRAVESS\u00c3O"}},{"type":"Feature","geometry":{"type":"Point","coordinates":[-41.317206,-21.600801]},"properties":{"nome":"06729","tipo":"ponto","bairro":"TRAVESS\u00c3O"}},{"type":"Feature","geometry":{"type":"Point","coordinates":[-41.309397,-21.60557]},"properties":{"nome":"06730","tipo":"ponto","bairro":"TRAVESS\u00c3O"}},{"type":"Feature","geometry":{"type":"Point","coordinates":[-41.308337,-21.608696]},"properties":{"nome":"06731","tipo":"ponto","bairro":"TRAVESS\u00c3O"}},{"type":"Feature","geometry":{"type":"Point","coordinates":[-41.244173,-21.616609]},"properties":{"nome":"06732","tipo":"ponto","bairro":"TRAVESS\u00c3O"}},{"type":"Feature","geometry":{"type":"Point","coordinates":[-41.296882,-21.640356]},"properties":{"nome":"06825","tipo":"ponto","bairro":"TRAVESS\u00c3O"}},{"type":"Feature","geometry":{"type":"Point","coordinates":[-41.305025,-21.633362]},"properties":{"nome":"06826","tipo":"ponto","bairro":"TRAVESS\u00c3O"}},{"type":"Feature","geometry":{"type":"Point","coordinates":[-41.311718,-21.622717]},"properties":{"nome":"06827","tipo":"ponto","bairro":"TRAVESS\u00c3O"}},{"type":"Feature","geometry":{"type":"Point","coordinates":[-41.317215,-21.600478]},"properties":{"nome":"06829","tipo":"ponto","bairro":"TRAVESS\u00c3O"}},{"type":"Feature","geometry":{"type":"Point","coordinates":[-41.309113,-21.605578]},"properties":{"nome":"06830","tipo":"ponto","bairro":"TRAVESS\u00c3O"}},{"type":"Feature","geometry":{"type":"Point","coordinates":[-41.30862,-21.60863]},"properties":{"nome":"06831","tipo":"ponto","bairro":"TRAVESS\u00c3O"}},{"type":"Feature","geometry":{"type":"Point","coordinates":[-41.243814,-21.616788]},"properties":{"nome":"06832","tipo":"ponto","bairro":"TRAVESS\u00c3O"}},{"type":"Feature","geometry":{"type":"Point","coordinates":[-41.316704,-21.6208]},"properties":{"nome":"06924","tipo":"ponto","bairro":"TRAVESS\u00c3O"}},{"type":"Feature","geometry":{"type":"Point","coordinates":[-41.296926,-21.640658]},"properties":{"nome":"06925","tipo":"ponto","bairro":"TRAVESS\u00c3O"}},{"type":"Feature","geometry":{"type":"Point","coordinates":[-41.304684,-21.633379]},"properties":{"nome":"06926","tipo":"ponto","bairro":"TRAVESS\u00c3O"}},{"type":"Feature","geometry":{"type":"Point","coordinates":[-41.243427,-21.616901]},"properties":{"nome":"06932","tipo":"ponto","bairro":"TRAVESS\u00c3O"}},{"type":"Feature","geometry":{"type":"Point","coordinates":[-41.317018,-21.620816]},"properties":{"nome":"07024","tipo":"ponto","bairro":"TRAVESS\u00c3O"}},{"type":"Feature","geometry":{"type":"Point","coordinates":[-41.305506,-21.63304]},"properties":{"nome":"07026","tipo":"ponto","bairro":"TRAVESS\u00c3O"}},{"type":"Feature","geometry":{"type":"Point","coordinates":[-41.314437,-21.602557]},"properties":{"nome":"07029","tipo":"ponto","bairro":"TRAVESS\u00c3O"}},{"type":"Feature","geometry":{"type":"Point","coordinates":[-41.309209,-21.608521]},"properties":{"nome":"07031","tipo":"ponto","bairro":"TRAVESS\u00c3O"}},{"type":"Feature","geometry":{"type":"Point","coordinates":[-41.243026,-21.616897]},"properties":{"nome":"07032","tipo":"ponto","bairro":"TRAVESS\u00c3O"}},{"type":"Feature","geometry":{"type":"Point","coordinates":[-41.317402,-21.62082]},"properties":{"nome":"07124","tipo":"ponto","bairro":"TRAVESS\u00c3O"}},{"type":"Feature","geometry":{"type":"Point","coordinates":[-41.29695,-21.641343]},"properties":{"nome":"07125","tipo":"ponto","bairro":"TRAVESS\u00c3O"}},{"type":"Feature","geometry":{"type":"Point","coordinates":[-41.305446,-21.632648]},"properties":{"nome":"07126","tipo":"ponto","bairro":"TRAVESS\u00c3O"}},{"type":"Feature","geometry":{"type":"Point","coordinates":[-41.31456,-21.602931]},"properties":{"nome":"07129","tipo":"ponto","bairro":"TRAVESS\u00c3O"}},{"type":"Feature","geometry":{"type":"Point","coordinates":[-41.309482,-21.606041]},"properties":{"nome":"07130","tipo":"ponto","bairro":"TRAVESS\u00c3O"}},{"type":"Feature","geometry":{"type":"Point","coordinates":[-41.309567,-21.608483]},"properties":{"nome":"07131","tipo":"ponto","bairro":"TRAVESS\u00c3O"}},{"type":"Feature","geometry":{"type":"Point","coordinates":[-41.24265,-21.616821]},"properties":{"nome":"07132","tipo":"ponto","bairro":"TRAVESS\u00c3O"}},{"type":"Feature","geometry":{"type":"Point","coordinates":[-41.315495,-21.620583]},"properties":{"nome":"07224","tipo":"ponto","bairro":"TRAVESS\u00c3O"}},{"type":"Feature","geometry":{"type":"Point","coordinates":[-41.296973,-21.641655]},"properties":{"nome":"07225","tipo":"ponto","bairro":"TRAVESS\u00c3O"}},{"type":"Feature","geometry":{"type":"Point","coordinates":[-41.313155,-21.609543]},"properties":{"nome":"07228","tipo":"ponto","bairro":"TRAVESS\u00c3O"}},{"type":"Feature","geometry":{"type":"Point","coordinates":[-41.242292,-21.616659]},"properties":{"nome":"07232","tipo":"ponto","bairro":"TRAVESS\u00c3O"}},{"type":"Feature","geometry":{"type":"Point","coordinates":[-41.30504,-21.632645]},"properties":{"nome":"07326","tipo":"ponto","bairro":"TRAVESS\u00c3O"}},{"type":"Feature","geometry":{"type":"Point","coordinates":[-41.311733,-21.622225]},"properties":{"nome":"07327","tipo":"ponto","bairro":"TRAVESS\u00c3O"}},{"type":"Feature","geometry":{"type":"Point","coordinates":[-41.309511,-21.606399]},"properties":{"nome":"07330","tipo":"ponto","bairro":"TRAVESS\u00c3O"}},{"type":"Feature","geometry":{"type":"Point","coordinates":[-41.242002,-21.616403]},"properties":{"nome":"07332","tipo":"ponto","bairro":"TRAVESS\u00c3O"}},{"type":"Feature","geometry":{"type":"Point","coordinates":[-41.304781,-21.632668]},"properties":{"nome":"07425","tipo":"ponto","bairro":"TRAVESS\u00c3O"}},{"type":"Feature","geometry":{"type":"Point","coordinates":[-41.311914,-21.622251]},"properties":{"nome":"07426","tipo":"ponto","bairro":"TRAVESS\u00c3O"}},{"type":"Feature","geometry":{"type":"Point","coordinates":[-41.313904,-21.602112]},"properties":{"nome":"07428","tipo":"ponto","bairro":"TRAVESS\u00c3O"}},{"type":"Feature","geometry":{"type":"Point","coordinates":[-41.309511,-21.606559]},"properties":{"nome":"07429","tipo":"ponto","bairro":"TRAVESS\u00c3O"}},{"type":"Feature","geometry":{"type":"Point","coordinates":[-41.241705,-21.616163]},"properties":{"nome":"07431","tipo":"ponto","bairro":"TRAVESS\u00c3O"}},{"type":"Feature","geometry":{"type":"Point","coordinates":[-41.296998,-21.642896]},"properties":{"nome":"07523","tipo":"ponto","bairro":"TRAVESS\u00c3O"}},{"type":"Feature","geometry":{"type":"Point","coordinates":[-41.312276,-21.62229]},"properties":{"nome":"07525","tipo":"ponto","bairro":"TRAVESS\u00c3O"}},{"type":"Feature","geometry":{"type":"Point","coordinates":[-41.312949,-21.609947]},"properties":{"nome":"07526","tipo":"ponto","bairro":"TRAVESS\u00c3O"}},{"type":"Feature","geometry":{"type":"Point","coordinates":[-41.309519,-21.606763]},"properties":{"nome":"07528","tipo":"ponto","bairro":"TRAVESS\u00c3O"}},{"type":"Feature","geometry":{"type":"Point","coordinates":[-41.310554,-21.608319]},"properties":{"nome":"07529","tipo":"ponto","bairro":"TRAVESS\u00c3O"}},{"type":"Feature","geometry":{"type":"Point","coordinates":[-41.241367,-21.615971]},"properties":{"nome":"07530","tipo":"ponto","bairro":"TRAVESS\u00c3O"}},{"type":"Feature","geometry":{"type":"Point","coordinates":[-41.316079,-21.620055]},"properties":{"nome":"07623","tipo":"ponto","bairro":"TRAVESS\u00c3O"}},{"type":"Feature","geometry":{"type":"Point","coordinates":[-41.297025,-21.643394]},"properties":{"nome":"07624","tipo":"ponto","bairro":"TRAVESS\u00c3O"}},{"type":"Feature","geometry":{"type":"Point","coordinates":[-41.312634,-21.622328]},"properties":{"nome":"07626","tipo":"ponto","bairro":"TRAVESS\u00c3O"}},{"type":"Feature","geometry":{"type":"Point","coordinates":[-41.312642,-21.609906]},"properties":{"nome":"07627","tipo":"ponto","bairro":"TRAVESS\u00c3O"}},{"type":"Feature","geometry":{"type":"Point","coordinates":[-41.309527,-21.606909]},"properties":{"nome":"07629","tipo":"ponto","bairro":"TRAVESS\u00c3O"}},{"type":"Feature","geometry":{"type":"Point","coordinates":[-41.310881,-21.608284]},"properties":{"nome":"07630","tipo":"ponto","bairro":"TRAVESS\u00c3O"}},{"type":"Feature","geometry":{"type":"Point","coordinates":[-41.240989,-21.61587]},"properties":{"nome":"07631","tipo":"ponto","bairro":"TRAVESS\u00c3O"}},{"type":"Feature","geometry":{"type":"Point","coordinates":[-41.316338,-21.620045]},"properties":{"nome":"07723","tipo":"ponto","bairro":"TRAVESS\u00c3O"}},{"type":"Feature","geometry":{"type":"Point","coordinates":[-41.297051,-21.643882]},"properties":{"nome":"07724","tipo":"ponto","bairro":"TRAVESS\u00c3O"}},{"type":"Feature","geometry":{"type":"Point","coordinates":[-41.306057,-21.632648]},"properties":{"nome":"07725","tipo":"ponto","bairro":"TRAVESS\u00c3O"}},{"type":"Feature","geometry":{"type":"Point","coordinates":[-41.312289,-21.609894]},"properties":{"nome":"07727","tipo":"ponto","bairro":"TRAVESS\u00c3O"}},{"type":"Feature","geometry":{"type":"Point","coordinates":[-41.309536,-21.607134]},"properties":{"nome":"07729","tipo":"ponto","bairro":"TRAVESS\u00c3O"}},{"type":"Feature","geometry":{"type":"Point","coordinates":[-41.240985,-21.615859]},"properties":{"nome":"07731","tipo":"ponto","bairro":"TRAVESS\u00c3O"}},{"type":"Feature","geometry":{"type":"Point","coordinates":[-41.316628,-21.620044]},"properties":{"nome":"07823","tipo":"ponto","bairro":"TRAVESS\u00c3O"}},{"type":"Feature","geometry":{"type":"Point","coordinates":[-41.297061,-21.644392]},"properties":{"nome":"07824","tipo":"ponto","bairro":"TRAVESS\u00c3O"}},{"type":"Feature","geometry":{"type":"Point","coordinates":[-41.306371,-21.632615]},"properties":{"nome":"07825","tipo":"ponto","bairro":"TRAVESS\u00c3O"}},{"type":"Feature","geometry":{"type":"Point","coordinates":[-41.313075,-21.62238]},"properties":{"nome":"07826","tipo":"ponto","bairro":"TRAVESS\u00c3O"}},{"type":"Feature","geometry":{"type":"Point","coordinates":[-41.312172,-21.608785]},"properties":{"nome":"07830","tipo":"ponto","bairro":"TRAVESS\u00c3O"}},{"type":"Feature","geometry":{"type":"Point","coordinates":[-41.240602,-21.615775]},"properties":{"nome":"07831","tipo":"ponto","bairro":"TRAVESS\u00c3O"}},{"type":"Feature","geometry":{"type":"Point","coordinates":[-41.315116,-21.620116]},"properties":{"nome":"07923","tipo":"ponto","bairro":"TRAVESS\u00c3O"}},{"type":"Feature","geometry":{"type":"Point","coordinates":[-41.29709,-21.644899]},"properties":{"nome":"07924","tipo":"ponto","bairro":"TRAVESS\u00c3O"}},{"type":"Feature","geometry":{"type":"Point","coordinates":[-41.306642,-21.632638]},"properties":{"nome":"07925","tipo":"ponto","bairro":"TRAVESS\u00c3O"}},{"type":"Feature","geometry":{"type":"Point","coordinates":[-41.31341,-21.622442]},"properties":{"nome":"07926","tipo":"ponto","bairro":"TRAVESS\u00c3O"}},{"type":"Feature","geometry":{"type":"Point","coordinates":[-41.313992,-21.603049]},"properties":{"nome":"07928","tipo":"ponto","bairro":"TRAVESS\u00c3O"}},{"type":"Feature","geometry":{"type":"Point","coordinates":[-41.240217,-21.615703]},"properties":{"nome":"07931","tipo":"ponto","bairro":"TRAVESS\u00c3O"}},{"type":"Feature","geometry":{"type":"Point","coordinates":[-41.31516,-21.619861]},"properties":{"nome":"08023","tipo":"ponto","bairro":"TRAVESS\u00c3O"}},{"type":"Feature","geometry":{"type":"Point","coordinates":[-41.29714,-21.645387]},"properties":{"nome":"08024","tipo":"ponto","bairro":"TRAVESS\u00c3O"}},{"type":"Feature","geometry":{"type":"Point","coordinates":[-41.306816,-21.632612]},"properties":{"nome":"08025","tipo":"ponto","bairro":"TRAVESS\u00c3O"}},{"type":"Feature","geometry":{"type":"Point","coordinates":[-41.313784,-21.622478]},"properties":{"nome":"08026","tipo":"ponto","bairro":"TRAVESS\u00c3O"}},{"type":"Feature","geometry":{"type":"Point","coordinates":[-41.312119,-21.61044]},"properties":{"nome":"08027","tipo":"ponto","bairro":"TRAVESS\u00c3O"}},{"type":"Feature","geometry":{"type":"Point","coordinates":[-41.23983,-21.615589]},"properties":{"nome":"08031","tipo":"ponto","bairro":"TRAVESS\u00c3O"}},{"type":"Feature","geometry":{"type":"Point","coordinates":[-41.315192,-21.619717]},"properties":{"nome":"08123","tipo":"ponto","bairro":"TRAVESS\u00c3O"}},{"type":"Feature","geometry":{"type":"Point","coordinates":[-41.307151,-21.63262]},"properties":{"nome":"08125","tipo":"ponto","bairro":"TRAVESS\u00c3O"}},{"type":"Feature","geometry":{"type":"Point","coordinates":[-41.311996,-21.610676]},"properties":{"nome":"08127","tipo":"ponto","bairro":"TRAVESS\u00c3O"}},{"type":"Feature","geometry":{"type":"Point","coordinates":[-41.309307,-21.60759]},"properties":{"nome":"08129","tipo":"ponto","bairro":"TRAVESS\u00c3O"}},{"type":"Feature","geometry":{"type":"Point","coordinates":[-41.312186,-21.608403]},"properties":{"nome":"08130","tipo":"ponto","bairro":"TRAVESS\u00c3O"}},{"type":"Feature","geometry":{"type":"Point","coordinates":[-41.2395,-21.615397]},"properties":{"nome":"08131","tipo":"ponto","bairro":"TRAVESS\u00c3O"}},{"type":"Feature","geometry":{"type":"Point","coordinates":[-41.315219,-21.619525]},"properties":{"nome":"08223","tipo":"ponto","bairro":"TRAVESS\u00c3O"}},{"type":"Feature","geometry":{"type":"Point","coordinates":[-41.297238,-21.646359]},"properties":{"nome":"08224","tipo":"ponto","bairro":"TRAVESS\u00c3O"}},{"type":"Feature","geometry":{"type":"Point","coordinates":[-41.307459,-21.632625]},"properties":{"nome":"08225","tipo":"ponto","bairro":"TRAVESS\u00c3O"}},{"type":"Feature","geometry":{"type":"Point","coordinates":[-41.311991,-21.610891]},"properties":{"nome":"08227","tipo":"ponto","bairro":"TRAVESS\u00c3O"}},{"type":"Feature","geometry":{"type":"Point","coordinates":[-41.314089,-21.603582]},"properties":{"nome":"08228","tipo":"ponto","bairro":"TRAVESS\u00c3O"}},{"type":"Feature","geometry":{"type":"Point","coordinates":[-41.31198,-21.608371]},"properties":{"nome":"08230","tipo":"ponto","bairro":"TRAVESS\u00c3O"}},{"type":"Feature","geometry":{"type":"Point","coordinates":[-41.239212,-21.615132]},"properties":{"nome":"08231","tipo":"ponto","bairro":"TRAVESS\u00c3O"}},{"type":"Feature","geometry":{"type":"Point","coordinates":[-41.315239,-21.619311]},"properties":{"nome":"08323","tipo":"ponto","bairro":"TRAVESS\u00c3O"}},{"type":"Feature","geometry":{"type":"Point","coordinates":[-41.29644,-21.63973]},"properties":{"nome":"08324","tipo":"ponto","bairro":"TRAVESS\u00c3O"}},{"type":"Feature","geometry":{"type":"Point","coordinates":[-41.314126,-21.603893]},"properties":{"nome":"08328","tipo":"ponto","bairro":"TRAVESS\u00c3O"}},{"type":"Feature","geometry":{"type":"Point","coordinates":[-41.309727,-21.607527]},"properties":{"nome":"08329","tipo":"ponto","bairro":"TRAVESS\u00c3O"}},{"type":"Feature","geometry":{"type":"Point","coordinates":[-41.31186,-21.60829]},"properties":{"nome":"08330","tipo":"ponto","bairro":"TRAVESS\u00c3O"}},{"type":"Feature","geometry":{"type":"Point","coordinates":[-41.238947,-21.614862]},"properties":{"nome":"08331","tipo":"ponto","bairro":"TRAVESS\u00c3O"}},{"type":"Feature","geometry":{"type":"Point","coordinates":[-41.315292,-21.619067]},"properties":{"nome":"08423","tipo":"ponto","bairro":"TRAVESS\u00c3O"}},{"type":"Feature","geometry":{"type":"Point","coordinates":[-41.296082,-21.639841]},"properties":{"nome":"08424","tipo":"ponto","bairro":"TRAVESS\u00c3O"}},{"type":"Feature","geometry":{"type":"Point","coordinates":[-41.307845,-21.632623]},"properties":{"nome":"08425","tipo":"ponto","bairro":"TRAVESS\u00c3O"}},{"type":"Feature","geometry":{"type":"Point","coordinates":[-41.314307,-21.622169]},"properties":{"nome":"08426","tipo":"ponto","bairro":"TRAVESS\u00c3O"}},{"type":"Feature","geometry":{"type":"Point","coordinates":[-41.311958,-21.611319]},"properties":{"nome":"08427","tipo":"ponto","bairro":"TRAVESS\u00c3O"}},{"type":"Feature","geometry":{"type":"Point","coordinates":[-41.314205,-21.6042]},"properties":{"nome":"08428","tipo":"ponto","bairro":"TRAVESS\u00c3O"}},{"type":"Feature","geometry":{"type":"Point","coordinates":[-41.238671,-21.614588]},"properties":{"nome":"08431","tipo":"ponto","bairro":"TRAVESS\u00c3O"}},{"type":"Feature","geometry":{"type":"Point","coordinates":[-41.295694,-21.639945]},"properties":{"nome":"08524","tipo":"ponto","bairro":"TRAVESS\u00c3O"}},{"type":"Feature","geometry":{"type":"Point","coordinates":[-41.308148,-21.632612]},"properties":{"nome":"08525","tipo":"ponto","bairro":"TRAVESS\u00c3O"}},{"type":"Feature","geometry":{"type":"Point","coordinates":[-41.314351,-21.621816]},"properties":{"nome":"08526","tipo":"ponto","bairro":"TRAVESS\u00c3O"}},{"type":"Feature","geometry":{"type":"Point","coordinates":[-41.311984,-21.611508]},"properties":{"nome":"08527","tipo":"ponto","bairro":"TRAVESS\u00c3O"}},{"type":"Feature","geometry":{"type":"Point","coordinates":[-41.310187,-21.607454]},"properties":{"nome":"08529","tipo":"ponto","bairro":"TRAVESS\u00c3O"}},{"type":"Feature","geometry":{"type":"Point","coordinates":[-41.238336,-21.614379]},"properties":{"nome":"08531","tipo":"ponto","bairro":"TRAVESS\u00c3O"}},{"type":"Feature","geometry":{"type":"Point","coordinates":[-41.3155,-21.618903]},"properties":{"nome":"08623","tipo":"ponto","bairro":"TRAVESS\u00c3O"}},{"type":"Feature","geometry":{"type":"Point","coordinates":[-41.30827,-21.632589]},"properties":{"nome":"08625","tipo":"ponto","bairro":"TRAVESS\u00c3O"}},{"type":"Feature","geometry":{"type":"Point","coordinates":[-41.314391,-21.621492]},"properties":{"nome":"08626","tipo":"ponto","bairro":"TRAVESS\u00c3O"}},{"type":"Feature","geometry":{"type":"Point","coordinates":[-41.311913,-21.611899]},"properties":{"nome":"08627","tipo":"ponto","bairro":"TRAVESS\u00c3O"}},{"type":"Feature","geometry":{"type":"Point","coordinates":[-41.31374,-21.601476]},"properties":{"nome":"08628","tipo":"ponto","bairro":"TRAVESS\u00c3O"}},{"type":"Feature","geometry":{"type":"Point","coordinates":[-41.237942,-21.614296]},"properties":{"nome":"08631","tipo":"ponto","bairro":"TRAVESS\u00c3O"}},{"type":"Feature","geometry":{"type":"Point","coordinates":[-41.314421,-21.621319]},"properties":{"nome":"08726","tipo":"ponto","bairro":"TRAVESS\u00c3O"}},{"type":"Feature","geometry":{"type":"Point","coordinates":[-41.312407,-21.607898]},"properties":{"nome":"08730","tipo":"ponto","bairro":"TRAVESS\u00c3O"}},{"type":"Feature","geometry":{"type":"Point","coordinates":[-41.237555,-21.61424]},"properties":{"nome":"08731","tipo":"ponto","bairro":"TRAVESS\u00c3O"}},{"type":"Feature","geometry":{"type":"Point","coordinates":[-41.316262,-21.618953]},"properties":{"nome":"08823","tipo":"ponto","bairro":"TRAVESS\u00c3O"}},{"type":"Feature","geometry":{"type":"Point","coordinates":[-41.294539,-21.640251]},"properties":{"nome":"08824","tipo":"ponto","bairro":"TRAVESS\u00c3O"}},{"type":"Feature","geometry":{"type":"Point","coordinates":[-41.311927,-21.61241]},"properties":{"nome":"08827","tipo":"ponto","bairro":"TRAVESS\u00c3O"}},{"type":"Feature","geometry":{"type":"Point","coordinates":[-41.313711,-21.601345]},"properties":{"nome":"08828","tipo":"ponto","bairro":"TRAVESS\u00c3O"}},{"type":"Feature","geometry":{"type":"Point","coordinates":[-41.310711,-21.607391]},"properties":{"nome":"08829","tipo":"ponto","bairro":"TRAVESS\u00c3O"}},{"type":"Feature","geometry":{"type":"Point","coordinates":[-41.312445,-21.60774]},"properties":{"nome":"08830","tipo":"ponto","bairro":"TRAVESS\u00c3O"}},{"type":"Feature","geometry":{"type":"Point","coordinates":[-41.237494,-21.61429]},"properties":{"nome":"08831","tipo":"ponto","bairro":"TRAVESS\u00c3O"}},{"type":"Feature","geometry":{"type":"Point","coordinates":[-41.316553,-21.618974]},"properties":{"nome":"08923","tipo":"ponto","bairro":"TRAVESS\u00c3O"}},{"type":"Feature","geometry":{"type":"Point","coordinates":[-41.3119,-21.612634]},"properties":{"nome":"08927","tipo":"ponto","bairro":"TRAVESS\u00c3O"}},{"type":"Feature","geometry":{"type":"Point","coordinates":[-41.312488,-21.607629]},"properties":{"nome":"08930","tipo":"ponto","bairro":"TRAVESS\u00c3O"}},{"type":"Feature","geometry":{"type":"Point","coordinates":[-41.237503,-21.614604]},"properties":{"nome":"08931","tipo":"ponto","bairro":"TRAVESS\u00c3O"}},{"type":"Feature","geometry":{"type":"Point","coordinates":[-41.316873,-21.61896]},"properties":{"nome":"09023","tipo":"ponto","bairro":"TRAVESS\u00c3O"}},{"type":"Feature","geometry":{"type":"Point","coordinates":[-41.293784,-21.640496]},"properties":{"nome":"09024","tipo":"ponto","bairro":"TRAVESS\u00c3O"}},{"type":"Feature","geometry":{"type":"Point","coordinates":[-41.314127,-21.62099]},"properties":{"nome":"09026","tipo":"ponto","bairro":"TRAVESS\u00c3O"}},{"type":"Feature","geometry":{"type":"Point","coordinates":[-41.311923,-21.612756]},"properties":{"nome":"09027","tipo":"ponto","bairro":"TRAVESS\u00c3O"}},{"type":"Feature","geometry":{"type":"Point","coordinates":[-41.312526,-21.607438]},"properties":{"nome":"09030","tipo":"ponto","bairro":"TRAVESS\u00c3O"}},{"type":"Feature","geometry":{"type":"Point","coordinates":[-41.23751,-21.614932]},"properties":{"nome":"09031","tipo":"ponto","bairro":"TRAVESS\u00c3O"}},{"type":"Feature","geometry":{"type":"Point","coordinates":[-41.317252,-21.618986]},"properties":{"nome":"09123","tipo":"ponto","bairro":"TRAVESS\u00c3O"}},{"type":"Feature","geometry":{"type":"Point","coordinates":[-41.293414,-21.64061]},"properties":{"nome":"09124","tipo":"ponto","bairro":"TRAVESS\u00c3O"}},{"type":"Feature","geometry":{"type":"Point","coordinates":[-41.308425,-21.632166]},"properties":{"nome":"09125","tipo":"ponto","bairro":"TRAVESS\u00c3O"}},{"type":"Feature","geometry":{"type":"Point","coordinates":[-41.313759,-21.620993]},"properties":{"nome":"09126","tipo":"ponto","bairro":"TRAVESS\u00c3O"}},{"type":"Feature","geometry":{"type":"Point","coordinates":[-41.313966,-21.601135]},"properties":{"nome":"09128","tipo":"ponto","bairro":"TRAVESS\u00c3O"}},{"type":"Feature","geometry":{"type":"Point","coordinates":[-41.237524,-21.615258]},"properties":{"nome":"09131","tipo":"ponto","bairro":"TRAVESS\u00c3O"}},{"type":"Feature","geometry":{"type":"Point","coordinates":[-41.29303,-21.640691]},"properties":{"nome":"09224","tipo":"ponto","bairro":"TRAVESS\u00c3O"}},{"type":"Feature","geometry":{"type":"Point","coordinates":[-41.308365,-21.631937]},"properties":{"nome":"09225","tipo":"ponto","bairro":"TRAVESS\u00c3O"}},{"type":"Feature","geometry":{"type":"Point","coordinates":[-41.314299,-21.601125]},"properties":{"nome":"09228","tipo":"ponto","bairro":"TRAVESS\u00c3O"}},{"type":"Feature","geometry":{"type":"Point","coordinates":[-41.311167,-21.60736]},"properties":{"nome":"09229","tipo":"ponto","bairro":"TRAVESS\u00c3O"}},{"type":"Feature","geometry":{"type":"Point","coordinates":[-41.237534,-21.615577]},"properties":{"nome":"09231","tipo":"ponto","bairro":"TRAVESS\u00c3O"}},{"type":"Feature","geometry":{"type":"Point","coordinates":[-41.292629,-21.640781]},"properties":{"nome":"09324","tipo":"ponto","bairro":"TRAVESS\u00c3O"}},{"type":"Feature","geometry":{"type":"Point","coordinates":[-41.308291,-21.631756]},"properties":{"nome":"09325","tipo":"ponto","bairro":"TRAVESS\u00c3O"}},{"type":"Feature","geometry":{"type":"Point","coordinates":[-41.311353,-21.607346]},"properties":{"nome":"09329","tipo":"ponto","bairro":"TRAVESS\u00c3O"}},{"type":"Feature","geometry":{"type":"Point","coordinates":[-41.312204,-21.608088]},"properties":{"nome":"09330","tipo":"ponto","bairro":"TRAVESS\u00c3O"}},{"type":"Feature","geometry":{"type":"Point","coordinates":[-41.237551,-21.615973]},"properties":{"nome":"09331","tipo":"ponto","bairro":"TRAVESS\u00c3O"}},{"type":"Feature","geometry":{"type":"Point","coordinates":[-41.292232,-21.640868]},"properties":{"nome":"09424","tipo":"ponto","bairro":"TRAVESS\u00c3O"}},{"type":"Feature","geometry":{"type":"Point","coordinates":[-41.30821,-21.631513]},"properties":{"nome":"09425","tipo":"ponto","bairro":"TRAVESS\u00c3O"}},{"type":"Feature","geometry":{"type":"Point","coordinates":[-41.313539,-21.620636]},"properties":{"nome":"09426","tipo":"ponto","bairro":"TRAVESS\u00c3O"}},{"type":"Feature","geometry":{"type":"Point","coordinates":[-41.312367,-21.609413]},"properties":{"nome":"09427","tipo":"ponto","bairro":"TRAVESS\u00c3O"}},{"type":"Feature","geometry":{"type":"Point","coordinates":[-41.311992,-21.607914]},"properties":{"nome":"09430","tipo":"ponto","bairro":"TRAVESS\u00c3O"}},{"type":"Feature","geometry":{"type":"Point","coordinates":[-41.23757,-21.61636]},"properties":{"nome":"09431","tipo":"ponto","bairro":"TRAVESS\u00c3O"}},{"type":"Feature","geometry":{"type":"Point","coordinates":[-41.315747,-21.618317]},"properties":{"nome":"09523","tipo":"ponto","bairro":"TRAVESS\u00c3O"}},{"type":"Feature","geometry":{"type":"Point","coordinates":[-41.291852,-21.640933]},"properties":{"nome":"09524","tipo":"ponto","bairro":"TRAVESS\u00c3O"}},{"type":"Feature","geometry":{"type":"Point","coordinates":[-41.308167,-21.63135]},"properties":{"nome":"09525","tipo":"ponto","bairro":"TRAVESS\u00c3O"}},{"type":"Feature","geometry":{"type":"Point","coordinates":[-41.312391,-21.609178]},"properties":{"nome":"09527","tipo":"ponto","bairro":"TRAVESS\u00c3O"}},{"type":"Feature","geometry":{"type":"Point","coordinates":[-41.313593,-21.600719]},"properties":{"nome":"09528","tipo":"ponto","bairro":"TRAVESS\u00c3O"}},{"type":"Feature","geometry":{"type":"Point","coordinates":[-41.237588,-21.616743]},"properties":{"nome":"09531","tipo":"ponto","bairro":"TRAVESS\u00c3O"}},{"type":"Feature","geometry":{"type":"Point","coordinates":[-41.316171,-21.618335]},"properties":{"nome":"09623","tipo":"ponto","bairro":"TRAVESS\u00c3O"}},{"type":"Feature","geometry":{"type":"Point","coordinates":[-41.308068,-21.630983]},"properties":{"nome":"09625","tipo":"ponto","bairro":"TRAVESS\u00c3O"}},{"type":"Feature","geometry":{"type":"Point","coordinates":[-41.237586,-21.617122]},"properties":{"nome":"09631","tipo":"ponto","bairro":"TRAVESS\u00c3O"}},{"type":"Feature","geometry":{"type":"Point","coordinates":[-41.316529,-21.618338]},"properties":{"nome":"09723","tipo":"ponto","bairro":"TRAVESS\u00c3O"}},{"type":"Feature","geometry":{"type":"Point","coordinates":[-41.291489,-21.640978]},"properties":{"nome":"09724","tipo":"ponto","bairro":"TRAVESS\u00c3O"}},{"type":"Feature","geometry":{"type":"Point","coordinates":[-41.308007,-21.630807]},"properties":{"nome":"09725","tipo":"ponto","bairro":"TRAVESS\u00c3O"}},{"type":"Feature","geometry":{"type":"Point","coordinates":[-41.237595,-21.617516]},"properties":{"nome":"09731","tipo":"ponto","bairro":"TRAVESS\u00c3O"}},{"type":"Feature","geometry":{"type":"Point","coordinates":[-41.316721,-21.61836]},"properties":{"nome":"09823","tipo":"ponto","bairro":"TRAVESS\u00c3O"}},{"type":"Feature","geometry":{"type":"Point","coordinates":[-41.291146,-21.641023]},"properties":{"nome":"09824","tipo":"ponto","bairro":"TRAVESS\u00c3O"}},{"type":"Feature","geometry":{"type":"Point","coordinates":[-41.307939,-21.630651]},"properties":{"nome":"09825","tipo":"ponto","bairro":"TRAVESS\u00c3O"}},{"type":"Feature","geometry":{"type":"Point","coordinates":[-41.313013,-21.620797]},"properties":{"nome":"09826","tipo":"ponto","bairro":"TRAVESS\u00c3O"}},{"type":"Feature","geometry":{"type":"Point","coordinates":[-41.313765,-21.600564]},"properties":{"nome":"09828","tipo":"ponto","bairro":"TRAVESS\u00c3O"}},{"type":"Feature","geometry":{"type":"Point","coordinates":[-41.311922,-21.607254]},"properties":{"nome":"09829","tipo":"ponto","bairro":"TRAVESS\u00c3O"}},{"type":"Feature","geometry":{"type":"Point","coordinates":[-41.311699,-21.607849]},"properties":{"nome":"09830","tipo":"ponto","bairro":"TRAVESS\u00c3O"}},{"type":"Feature","geometry":{"type":"Point","coordinates":[-41.237619,-21.617909]},"properties":{"nome":"09831","tipo":"ponto","bairro":"TRAVESS\u00c3O"}},{"type":"Feature","geometry":{"type":"Point","coordinates":[-41.307878,-21.630481]},"properties":{"nome":"09925","tipo":"ponto","bairro":"TRAVESS\u00c3O"}},{"type":"Feature","geometry":{"type":"Point","coordinates":[-41.312778,-21.608962]},"properties":{"nome":"09927","tipo":"ponto","bairro":"TRAVESS\u00c3O"}},{"type":"Feature","geometry":{"type":"Point","coordinates":[-41.313987,-21.600546]},"properties":{"nome":"09928","tipo":"ponto","bairro":"TRAVESS\u00c3O"}},{"type":"Feature","geometry":{"type":"Point","coordinates":[-41.311754,-21.607971]},"properties":{"nome":"09930","tipo":"ponto","bairro":"TRAVESS\u00c3O"}},{"type":"Feature","geometry":{"type":"Point","coordinates":[-41.237641,-21.618302]},"properties":{"nome":"09931","tipo":"ponto","bairro":"TRAVESS\u00c3O"}},{"type":"Feature","geometry":{"type":"Point","coordinates":[-41.317111,-21.618401]},"properties":{"nome":"10023","tipo":"ponto","bairro":"TRAVESS\u00c3O"}},{"type":"Feature","geometry":{"type":"Point","coordinates":[-41.307775,-21.63017]},"properties":{"nome":"10025","tipo":"ponto","bairro":"TRAVESS\u00c3O"}},{"type":"Feature","geometry":{"type":"Point","coordinates":[-41.313499,-21.609111]},"properties":{"nome":"10027","tipo":"ponto","bairro":"TRAVESS\u00c3O"}},{"type":"Feature","geometry":{"type":"Point","coordinates":[-41.312268,-21.607186]},"properties":{"nome":"10029","tipo":"ponto","bairro":"TRAVESS\u00c3O"}},{"type":"Feature","geometry":{"type":"Point","coordinates":[-41.237658,-21.618691]},"properties":{"nome":"10031","tipo":"ponto","bairro":"TRAVESS\u00c3O"}},{"type":"Feature","geometry":{"type":"Point","coordinates":[-41.317328,-21.6184]},"properties":{"nome":"10123","tipo":"ponto","bairro":"TRAVESS\u00c3O"}},{"type":"Feature","geometry":{"type":"Point","coordinates":[-41.290295,-21.641123]},"properties":{"nome":"10124","tipo":"ponto","bairro":"TRAVESS\u00c3O"}},{"type":"Feature","geometry":{"type":"Point","coordinates":[-41.307697,-21.629984]},"properties":{"nome":"10125","tipo":"ponto","bairro":"TRAVESS\u00c3O"}},{"type":"Feature","geometry":{"type":"Point","coordinates":[-41.314666,-21.600476]},"properties":{"nome":"10128","tipo":"ponto","bairro":"TRAVESS\u00c3O"}},{"type":"Feature","geometry":{"type":"Point","coordinates":[-41.237674,-21.619075]},"properties":{"nome":"10131","tipo":"ponto","bairro":"TRAVESS\u00c3O"}},{"type":"Feature","geometry":{"type":"Point","coordinates":[-41.307646,-21.629799]},"properties":{"nome":"10225","tipo":"ponto","bairro":"TRAVESS\u00c3O"}},{"type":"Feature","geometry":{"type":"Point","coordinates":[-41.312377,-21.621355]},"properties":{"nome":"10226","tipo":"ponto","bairro":"TRAVESS\u00c3O"}},{"type":"Feature","geometry":{"type":"Point","coordinates":[-41.313239,-21.608887]},"properties":{"nome":"10227","tipo":"ponto","bairro":"TRAVESS\u00c3O"}},{"type":"Feature","geometry":{"type":"Point","coordinates":[-41.315022,-21.600425]},"properties":{"nome":"10228","tipo":"ponto","bairro":"TRAVESS\u00c3O"}},{"type":"Feature","geometry":{"type":"Point","coordinates":[-41.237685,-21.619459]},"properties":{"nome":"10231","tipo":"ponto","bairro":"TRAVESS\u00c3O"}},{"type":"Feature","geometry":{"type":"Point","coordinates":[-41.317698,-21.618411]},"properties":{"nome":"10322","tipo":"ponto","bairro":"TRAVESS\u00c3O"}},{"type":"Feature","geometry":{"type":"Point","coordinates":[-41.307566,-21.62954]},"properties":{"nome":"10324","tipo":"ponto","bairro":"TRAVESS\u00c3O"}},{"type":"Feature","geometry":{"type":"Point","coordinates":[-41.312137,-21.620817]},"properties":{"nome":"10325","tipo":"ponto","bairro":"TRAVESS\u00c3O"}},{"type":"Feature","geometry":{"type":"Point","coordinates":[-41.315345,-21.600385]},"properties":{"nome":"10327","tipo":"ponto","bairro":"TRAVESS\u00c3O"}},{"type":"Feature","geometry":{"type":"Point","coordinates":[-41.311001,-21.607497]},"properties":{"nome":"10329","tipo":"ponto","bairro":"TRAVESS\u00c3O"}},{"type":"Feature","geometry":{"type":"Point","coordinates":[-41.237714,-21.619792]},"properties":{"nome":"10330","tipo":"ponto","bairro":"TRAVESS\u00c3O"}},{"type":"Feature","geometry":{"type":"Point","coordinates":[-41.307539,-21.629389]},"properties":{"nome":"10424","tipo":"ponto","bairro":"TRAVESS\u00c3O"}},{"type":"Feature","geometry":{"type":"Point","coordinates":[-41.313325,-21.608744]},"properties":{"nome":"10426","tipo":"ponto","bairro":"TRAVESS\u00c3O"}},{"type":"Feature","geometry":{"type":"Point","coordinates":[-41.315738,-21.60034]},"properties":{"nome":"10427","tipo":"ponto","bairro":"TRAVESS\u00c3O"}},{"type":"Feature","geometry":{"type":"Point","coordinates":[-41.310914,-21.607597]},"properties":{"nome":"10429","tipo":"ponto","bairro":"TRAVESS\u00c3O"}},{"type":"Feature","geometry":{"type":"Point","coordinates":[-41.237726,-21.620138]},"properties":{"nome":"10430","tipo":"ponto","bairro":"TRAVESS\u00c3O"}},{"type":"Feature","geometry":{"type":"Point","coordinates":[-41.311796,-21.620787]},"properties":{"nome":"10525","tipo":"ponto","bairro":"TRAVESS\u00c3O"}},{"type":"Feature","geometry":{"type":"Point","coordinates":[-41.31364,-21.608769]},"properties":{"nome":"10526","tipo":"ponto","bairro":"TRAVESS\u00c3O"}},{"type":"Feature","geometry":{"type":"Point","coordinates":[-41.316081,-21.600301]},"properties":{"nome":"10527","tipo":"ponto","bairro":"TRAVESS\u00c3O"}},{"type":"Feature","geometry":{"type":"Point","coordinates":[-41.237731,-21.620391]},"properties":{"nome":"10530","tipo":"ponto","bairro":"TRAVESS\u00c3O"}},{"type":"Feature","geometry":{"type":"Point","coordinates":[-41.290055,-21.642411]},"properties":{"nome":"10623","tipo":"ponto","bairro":"TRAVESS\u00c3O"}},{"type":"Feature","geometry":{"type":"Point","coordinates":[-41.307378,-21.629041]},"properties":{"nome":"10624","tipo":"ponto","bairro":"TRAVESS\u00c3O"}},{"type":"Feature","geometry":{"type":"Point","coordinates":[-41.237746,-21.620657]},"properties":{"nome":"10630","tipo":"ponto","bairro":"TRAVESS\u00c3O"}},{"type":"Feature","geometry":{"type":"Point","coordinates":[-41.290085,-21.642794]},"properties":{"nome":"10723","tipo":"ponto","bairro":"TRAVESS\u00c3O"}},{"type":"Feature","geometry":{"type":"Point","coordinates":[-41.307298,-21.628838]},"properties":{"nome":"10724","tipo":"ponto","bairro":"TRAVESS\u00c3O"}},{"type":"Feature","geometry":{"type":"Point","coordinates":[-41.311683,-21.621054]},"properties":{"nome":"10725","tipo":"ponto","bairro":"TRAVESS\u00c3O"}},{"type":"Feature","geometry":{"type":"Point","coordinates":[-41.311546,-21.621801]},"properties":{"nome":"10728","tipo":"ponto","bairro":"TRAVESS\u00c3O"}},{"type":"Feature","geometry":{"type":"Point","coordinates":[-41.310333,-21.6076]},"properties":{"nome":"10729","tipo":"ponto","bairro":"TRAVESS\u00c3O"}},{"type":"Feature","geometry":{"type":"Point","coordinates":[-41.237763,-21.620941]},"properties":{"nome":"10730","tipo":"ponto","bairro":"TRAVESS\u00c3O"}},{"type":"Feature","geometry":{"type":"Point","coordinates":[-41.318671,-21.619038]},"properties":{"nome":"10822","tipo":"ponto","bairro":"TRAVESS\u00c3O"}},{"type":"Feature","geometry":{"type":"Point","coordinates":[-41.290098,-21.643077]},"properties":{"nome":"10823","tipo":"ponto","bairro":"TRAVESS\u00c3O"}},{"type":"Feature","geometry":{"type":"Point","coordinates":[-41.307258,-21.628649]},"properties":{"nome":"10824","tipo":"ponto","bairro":"TRAVESS\u00c3O"}},{"type":"Feature","geometry":{"type":"Point","coordinates":[-41.311676,-21.621424]},"properties":{"nome":"10825","tipo":"ponto","bairro":"TRAVESS\u00c3O"}},{"type":"Feature","geometry":{"type":"Point","coordinates":[-41.314073,-21.608635]},"properties":{"nome":"10826","tipo":"ponto","bairro":"TRAVESS\u00c3O"}},{"type":"Feature","geometry":{"type":"Point","coordinates":[-41.316021,-21.599782]},"properties":{"nome":"10827","tipo":"ponto","bairro":"TRAVESS\u00c3O"}},{"type":"Feature","geometry":{"type":"Point","coordinates":[-41.311551,-21.621475]},"properties":{"nome":"10828","tipo":"ponto","bairro":"TRAVESS\u00c3O"}},{"type":"Feature","geometry":{"type":"Point","coordinates":[-41.237778,-21.621256]},"properties":{"nome":"10830","tipo":"ponto","bairro":"TRAVESS\u00c3O"}},{"type":"Feature","geometry":{"type":"Point","coordinates":[-41.290125,-21.64341]},"properties":{"nome":"10923","tipo":"ponto","bairro":"TRAVESS\u00c3O"}},{"type":"Feature","geometry":{"type":"Point","coordinates":[-41.307196,-21.628486]},"properties":{"nome":"10924","tipo":"ponto","bairro":"TRAVESS\u00c3O"}},{"type":"Feature","geometry":{"type":"Point","coordinates":[-41.315724,-21.599819]},"properties":{"nome":"10927","tipo":"ponto","bairro":"TRAVESS\u00c3O"}},{"type":"Feature","geometry":{"type":"Point","coordinates":[-41.31153,-21.621192]},"properties":{"nome":"10928","tipo":"ponto","bairro":"TRAVESS\u00c3O"}},{"type":"Feature","geometry":{"type":"Point","coordinates":[-41.237795,-21.621545]},"properties":{"nome":"10930","tipo":"ponto","bairro":"TRAVESS\u00c3O"}},{"type":"Feature","geometry":{"type":"Point","coordinates":[-41.318247,-21.619005]},"properties":{"nome":"11022","tipo":"ponto","bairro":"TRAVESS\u00c3O"}},{"type":"Feature","geometry":{"type":"Point","coordinates":[-41.307102,-21.62829]},"properties":{"nome":"11024","tipo":"ponto","bairro":"TRAVESS\u00c3O"}},{"type":"Feature","geometry":{"type":"Point","coordinates":[-41.31415,-21.608294]},"properties":{"nome":"11026","tipo":"ponto","bairro":"TRAVESS\u00c3O"}},{"type":"Feature","geometry":{"type":"Point","coordinates":[-41.31544,-21.599846]},"properties":{"nome":"11027","tipo":"ponto","bairro":"TRAVESS\u00c3O"}},{"type":"Feature","geometry":{"type":"Point","coordinates":[-41.311548,-21.620867]},"properties":{"nome":"11028","tipo":"ponto","bairro":"TRAVESS\u00c3O"}},{"type":"Feature","geometry":{"type":"Point","coordinates":[-41.309601,-21.607665]},"properties":{"nome":"11029","tipo":"ponto","bairro":"TRAVESS\u00c3O"}},{"type":"Feature","geometry":{"type":"Point","coordinates":[-41.237798,-21.621861]},"properties":{"nome":"11030","tipo":"ponto","bairro":"TRAVESS\u00c3O"}},{"type":"Feature","geometry":{"type":"Point","coordinates":[-41.318289,-21.619366]},"properties":{"nome":"11122","tipo":"ponto","bairro":"TRAVESS\u00c3O"}},{"type":"Feature","geometry":{"type":"Point","coordinates":[-41.290153,-21.643717]},"properties":{"nome":"11123","tipo":"ponto","bairro":"TRAVESS\u00c3O"}},{"type":"Feature","geometry":{"type":"Point","coordinates":[-41.307062,-21.628113]},"properties":{"nome":"11124","tipo":"ponto","bairro":"TRAVESS\u00c3O"}},{"type":"Feature","geometry":{"type":"Point","coordinates":[-41.314176,-21.608137]},"properties":{"nome":"11126","tipo":"ponto","bairro":"TRAVESS\u00c3O"}},{"type":"Feature","geometry":{"type":"Point","coordinates":[-41.315204,-21.59987]},"properties":{"nome":"11127","tipo":"ponto","bairro":"TRAVESS\u00c3O"}},{"type":"Feature","geometry":{"type":"Point","coordinates":[-41.311547,-21.620586]},"properties":{"nome":"11128","tipo":"ponto","bairro":"TRAVESS\u00c3O"}},{"type":"Feature","geometry":{"type":"Point","coordinates":[-41.309268,-21.607744]},"properties":{"nome":"11129","tipo":"ponto","bairro":"TRAVESS\u00c3O"}},{"type":"Feature","geometry":{"type":"Point","coordinates":[-41.237812,-21.622229]},"properties":{"nome":"11130","tipo":"ponto","bairro":"TRAVESS\u00c3O"}},{"type":"Feature","geometry":{"type":"Point","coordinates":[-41.318334,-21.61957]},"properties":{"nome":"11222","tipo":"ponto","bairro":"TRAVESS\u00c3O"}},{"type":"Feature","geometry":{"type":"Point","coordinates":[-41.290163,-21.644096]},"properties":{"nome":"11223","tipo":"ponto","bairro":"TRAVESS\u00c3O"}},{"type":"Feature","geometry":{"type":"Point","coordinates":[-41.306986,-21.627876]},"properties":{"nome":"11224","tipo":"ponto","bairro":"TRAVESS\u00c3O"}},{"type":"Feature","geometry":{"type":"Point","coordinates":[-41.314938,-21.599893]},"properties":{"nome":"11227","tipo":"ponto","bairro":"TRAVESS\u00c3O"}},{"type":"Feature","geometry":{"type":"Point","coordinates":[-41.311559,-21.620195]},"properties":{"nome":"11228","tipo":"ponto","bairro":"TRAVESS\u00c3O"}},{"type":"Feature","geometry":{"type":"Point","coordinates":[-41.308975,-21.607805]},"properties":{"nome":"11229","tipo":"ponto","bairro":"TRAVESS\u00c3O"}},{"type":"Feature","geometry":{"type":"Point","coordinates":[-41.237821,-21.622573]},"properties":{"nome":"11230","tipo":"ponto","bairro":"TRAVESS\u00c3O"}},{"type":"Feature","geometry":{"type":"Point","coordinates":[-41.290188,-21.644413]},"properties":{"nome":"11323","tipo":"ponto","bairro":"TRAVESS\u00c3O"}},{"type":"Feature","geometry":{"type":"Point","coordinates":[-41.306927,-21.627651]},"properties":{"nome":"11324","tipo":"ponto","bairro":"TRAVESS\u00c3O"}},{"type":"Feature","geometry":{"type":"Point","coordinates":[-41.31171,-21.620574]},"properties":{"nome":"11325","tipo":"ponto","bairro":"TRAVESS\u00c3O"}},{"type":"Feature","geometry":{"type":"Point","coordinates":[-41.314235,-21.607725]},"properties":{"nome":"11326","tipo":"ponto","bairro":"TRAVESS\u00c3O"}},{"type":"Feature","geometry":{"type":"Point","coordinates":[-41.314629,-21.599936]},"properties":{"nome":"11327","tipo":"ponto","bairro":"TRAVESS\u00c3O"}},{"type":"Feature","geometry":{"type":"Point","coordinates":[-41.237839,-21.622905]},"properties":{"nome":"11330","tipo":"ponto","bairro":"TRAVESS\u00c3O"}},{"type":"Feature","geometry":{"type":"Point","coordinates":[-41.318395,-21.619926]},"properties":{"nome":"11422","tipo":"ponto","bairro":"TRAVESS\u00c3O"}},{"type":"Feature","geometry":{"type":"Point","coordinates":[-41.290215,-21.644702]},"properties":{"nome":"11423","tipo":"ponto","bairro":"TRAVESS\u00c3O"}},{"type":"Feature","geometry":{"type":"Point","coordinates":[-41.306897,-21.627416]},"properties":{"nome":"11424","tipo":"ponto","bairro":"TRAVESS\u00c3O"}},{"type":"Feature","geometry":{"type":"Point","coordinates":[-41.314254,-21.607502]},"properties":{"nome":"11426","tipo":"ponto","bairro":"TRAVESS\u00c3O"}},{"type":"Feature","geometry":{"type":"Point","coordinates":[-41.314451,-21.59996]},"properties":{"nome":"11427","tipo":"ponto","bairro":"TRAVESS\u00c3O"}},{"type":"Feature","geometry":{"type":"Point","coordinates":[-41.311576,-21.619838]},"properties":{"nome":"11428","tipo":"ponto","bairro":"TRAVESS\u00c3O"}},{"type":"Feature","geometry":{"type":"Point","coordinates":[-41.308698,-21.607847]},"properties":{"nome":"11429","tipo":"ponto","bairro":"TRAVESS\u00c3O"}},{"type":"Feature","geometry":{"type":"Point","coordinates":[-41.237857,-21.623249]},"properties":{"nome":"11430","tipo":"ponto","bairro":"TRAVESS\u00c3O"}},{"type":"Feature","geometry":{"type":"Point","coordinates":[-41.318407,-21.620204]},"properties":{"nome":"11521","tipo":"ponto","bairro":"TRAVESS\u00c3O"}},{"type":"Feature","geometry":{"type":"Point","coordinates":[-41.290246,-21.645049]},"properties":{"nome":"11522","tipo":"ponto","bairro":"TRAVESS\u00c3O"}},{"type":"Feature","geometry":{"type":"Point","coordinates":[-41.306864,-21.627071]},"properties":{"nome":"11523","tipo":"ponto","bairro":"TRAVESS\u00c3O"}},{"type":"Feature","geometry":{"type":"Point","coordinates":[-41.314286,-21.607303]},"properties":{"nome":"11525","tipo":"ponto","bairro":"TRAVESS\u00c3O"}},{"type":"Feature","geometry":{"type":"Point","coordinates":[-41.314248,-21.599983]},"properties":{"nome":"11526","tipo":"ponto","bairro":"TRAVESS\u00c3O"}},{"type":"Feature","geometry":{"type":"Point","coordinates":[-41.237875,-21.623597]},"properties":{"nome":"11529","tipo":"ponto","bairro":"TRAVESS\u00c3O"}},{"type":"Feature","geometry":{"type":"Point","coordinates":[-41.31847,-21.62046]},"properties":{"nome":"11621","tipo":"ponto","bairro":"TRAVESS\u00c3O"}},{"type":"Feature","geometry":{"type":"Point","coordinates":[-41.290265,-21.64535]},"properties":{"nome":"11622","tipo":"ponto","bairro":"TRAVESS\u00c3O"}},{"type":"Feature","geometry":{"type":"Point","coordinates":[-41.306887,-21.626671]},"properties":{"nome":"11623","tipo":"ponto","bairro":"TRAVESS\u00c3O"}},{"type":"Feature","geometry":{"type":"Point","coordinates":[-41.311593,-21.61954]},"properties":{"nome":"11627","tipo":"ponto","bairro":"TRAVESS\u00c3O"}},{"type":"Feature","geometry":{"type":"Point","coordinates":[-41.308267,-21.607904]},"properties":{"nome":"11628","tipo":"ponto","bairro":"TRAVESS\u00c3O"}},{"type":"Feature","geometry":{"type":"Point","coordinates":[-41.237895,-21.623942]},"properties":{"nome":"11629","tipo":"ponto","bairro":"TRAVESS\u00c3O"}},{"type":"Feature","geometry":{"type":"Point","coordinates":[-41.318451,-21.620803]},"properties":{"nome":"11721","tipo":"ponto","bairro":"TRAVESS\u00c3O"}},{"type":"Feature","geometry":{"type":"Point","coordinates":[-41.290279,-21.645726]},"properties":{"nome":"11722","tipo":"ponto","bairro":"TRAVESS\u00c3O"}},{"type":"Feature","geometry":{"type":"Point","coordinates":[-41.31175,-21.619915]},"properties":{"nome":"11724","tipo":"ponto","bairro":"TRAVESS\u00c3O"}},{"type":"Feature","geometry":{"type":"Point","coordinates":[-41.312732,-21.607297]},"properties":{"nome":"11725","tipo":"ponto","bairro":"TRAVESS\u00c3O"}},{"type":"Feature","geometry":{"type":"Point","coordinates":[-41.313847,-21.60003]},"properties":{"nome":"11726","tipo":"ponto","bairro":"TRAVESS\u00c3O"}},{"type":"Feature","geometry":{"type":"Point","coordinates":[-41.311575,-21.619304]},"properties":{"nome":"11727","tipo":"ponto","bairro":"TRAVESS\u00c3O"}},{"type":"Feature","geometry":{"type":"Point","coordinates":[-41.30792,-21.607954]},"properties":{"nome":"11728","tipo":"ponto","bairro":"TRAVESS\u00c3O"}},{"type":"Feature","geometry":{"type":"Point","coordinates":[-41.237915,-21.624292]},"properties":{"nome":"11729","tipo":"ponto","bairro":"TRAVESS\u00c3O"}},{"type":"Feature","geometry":{"type":"Point","coordinates":[-41.318536,-21.621135]},"properties":{"nome":"11821","tipo":"ponto","bairro":"TRAVESS\u00c3O"}},{"type":"Feature","geometry":{"type":"Point","coordinates":[-41.2903,-21.646085]},"properties":{"nome":"11822","tipo":"ponto","bairro":"TRAVESS\u00c3O"}},{"type":"Feature","geometry":{"type":"Point","coordinates":[-41.307019,-21.624786]},"properties":{"nome":"11823","tipo":"ponto","bairro":"TRAVESS\u00c3O"}},{"type":"Feature","geometry":{"type":"Point","coordinates":[-41.311886,-21.619917]},"properties":{"nome":"11824","tipo":"ponto","bairro":"TRAVESS\u00c3O"}},{"type":"Feature","geometry":{"type":"Point","coordinates":[-41.312713,-21.607539]},"properties":{"nome":"11825","tipo":"ponto","bairro":"TRAVESS\u00c3O"}},{"type":"Feature","geometry":{"type":"Point","coordinates":[-41.31352,-21.600057]},"properties":{"nome":"11826","tipo":"ponto","bairro":"TRAVESS\u00c3O"}},{"type":"Feature","geometry":{"type":"Point","coordinates":[-41.237927,-21.624649]},"properties":{"nome":"11829","tipo":"ponto","bairro":"TRAVESS\u00c3O"}},{"type":"Feature","geometry":{"type":"Point","coordinates":[-41.318564,-21.62134]},"properties":{"nome":"11921","tipo":"ponto","bairro":"TRAVESS\u00c3O"}},{"type":"Feature","geometry":{"type":"Point","coordinates":[-41.290323,-21.646416]},"properties":{"nome":"11922","tipo":"ponto","bairro":"TRAVESS\u00c3O"}},{"type":"Feature","geometry":{"type":"Point","coordinates":[-41.307099,-21.623815]},"properties":{"nome":"11923","tipo":"ponto","bairro":"TRAVESS\u00c3O"}},{"type":"Feature","geometry":{"type":"Point","coordinates":[-41.312178,-21.619909]},"properties":{"nome":"11924","tipo":"ponto","bairro":"TRAVESS\u00c3O"}},{"type":"Feature","geometry":{"type":"Point","coordinates":[-41.307244,-21.60815]},"properties":{"nome":"11928","tipo":"ponto","bairro":"TRAVESS\u00c3O"}},{"type":"Feature","geometry":{"type":"Point","coordinates":[-41.237953,-21.624998]},"properties":{"nome":"11929","tipo":"ponto","bairro":"TRAVESS\u00c3O"}},{"type":"Feature","geometry":{"type":"Point","coordinates":[-41.29034,-21.646678]},"properties":{"nome":"12022","tipo":"ponto","bairro":"TRAVESS\u00c3O"}},{"type":"Feature","geometry":{"type":"Point","coordinates":[-41.307141,-21.623195]},"properties":{"nome":"12023","tipo":"ponto","bairro":"TRAVESS\u00c3O"}},{"type":"Feature","geometry":{"type":"Point","coordinates":[-41.312577,-21.619903]},"properties":{"nome":"12024","tipo":"ponto","bairro":"TRAVESS\u00c3O"}},{"type":"Feature","geometry":{"type":"Point","coordinates":[-41.3135,-21.60027]},"properties":{"nome":"12026","tipo":"ponto","bairro":"TRAVESS\u00c3O"}},{"type":"Feature","geometry":{"type":"Point","coordinates":[-41.311306,-21.618982]},"properties":{"nome":"12027","tipo":"ponto","bairro":"TRAVESS\u00c3O"}},{"type":"Feature","geometry":{"type":"Point","coordinates":[-41.306904,-21.608249]},"properties":{"nome":"12028","tipo":"ponto","bairro":"TRAVESS\u00c3O"}},{"type":"Feature","geometry":{"type":"Point","coordinates":[-41.237972,-21.625349]},"properties":{"nome":"12029","tipo":"ponto","bairro":"TRAVESS\u00c3O"}},{"type":"Feature","geometry":{"type":"Point","coordinates":[-41.289885,-21.641152]},"properties":{"nome":"12122","tipo":"ponto","bairro":"TRAVESS\u00c3O"}},{"type":"Feature","geometry":{"type":"Point","coordinates":[-41.307174,-21.622837]},"properties":{"nome":"12123","tipo":"ponto","bairro":"TRAVESS\u00c3O"}},{"type":"Feature","geometry":{"type":"Point","coordinates":[-41.31257,-21.608018]},"properties":{"nome":"12125","tipo":"ponto","bairro":"TRAVESS\u00c3O"}},{"type":"Feature","geometry":{"type":"Point","coordinates":[-41.311071,-21.618965]},"properties":{"nome":"12127","tipo":"ponto","bairro":"TRAVESS\u00c3O"}},{"type":"Feature","geometry":{"type":"Point","coordinates":[-41.306564,-21.608295]},"properties":{"nome":"12128","tipo":"ponto","bairro":"TRAVESS\u00c3O"}},{"type":"Feature","geometry":{"type":"Point","coordinates":[-41.237989,-21.625703]},"properties":{"nome":"12129","tipo":"ponto","bairro":"TRAVESS\u00c3O"}},{"type":"Feature","geometry":{"type":"Point","coordinates":[-41.289461,-21.641193]},"properties":{"nome":"12221","tipo":"ponto","bairro":"TRAVESS\u00c3O"}},{"type":"Feature","geometry":{"type":"Point","coordinates":[-41.307241,-21.62187]},"properties":{"nome":"12222","tipo":"ponto","bairro":"TRAVESS\u00c3O"}},{"type":"Feature","geometry":{"type":"Point","coordinates":[-41.313169,-21.619862]},"properties":{"nome":"12223","tipo":"ponto","bairro":"TRAVESS\u00c3O"}},{"type":"Feature","geometry":{"type":"Point","coordinates":[-41.312551,-21.608223]},"properties":{"nome":"12224","tipo":"ponto","bairro":"TRAVESS\u00c3O"}},{"type":"Feature","geometry":{"type":"Point","coordinates":[-41.311575,-21.618774]},"properties":{"nome":"12226","tipo":"ponto","bairro":"TRAVESS\u00c3O"}},{"type":"Feature","geometry":{"type":"Point","coordinates":[-41.237996,-21.62607]},"properties":{"nome":"12228","tipo":"ponto","bairro":"TRAVESS\u00c3O"}},{"type":"Feature","geometry":{"type":"Point","coordinates":[-41.318043,-21.617821]},"properties":{"nome":"12320","tipo":"ponto","bairro":"TRAVESS\u00c3O"}},{"type":"Feature","geometry":{"type":"Point","coordinates":[-41.289101,-21.641222]},"properties":{"nome":"12321","tipo":"ponto","bairro":"TRAVESS\u00c3O"}},{"type":"Feature","geometry":{"type":"Point","coordinates":[-41.307297,-21.621041]},"properties":{"nome":"12322","tipo":"ponto","bairro":"TRAVESS\u00c3O"}},{"type":"Feature","geometry":{"type":"Point","coordinates":[-41.31342,-21.59978]},"properties":{"nome":"12325","tipo":"ponto","bairro":"TRAVESS\u00c3O"}},{"type":"Feature","geometry":{"type":"Point","coordinates":[-41.311592,-21.618398]},"properties":{"nome":"12326","tipo":"ponto","bairro":"TRAVESS\u00c3O"}},{"type":"Feature","geometry":{"type":"Point","coordinates":[-41.237991,-21.626439]},"properties":{"nome":"12328","tipo":"ponto","bairro":"TRAVESS\u00c3O"}},{"type":"Feature","geometry":{"type":"Point","coordinates":[-41.318383,-21.617828]},"properties":{"nome":"12420","tipo":"ponto","bairro":"TRAVESS\u00c3O"}},{"type":"Feature","geometry":{"type":"Point","coordinates":[-41.288691,-21.641251]},"properties":{"nome":"12421","tipo":"ponto","bairro":"TRAVESS\u00c3O"}},{"type":"Feature","geometry":{"type":"Point","coordinates":[-41.313507,-21.620198]},"properties":{"nome":"12423","tipo":"ponto","bairro":"TRAVESS\u00c3O"}},{"type":"Feature","geometry":{"type":"Point","coordinates":[-41.313404,-21.599704]},"properties":{"nome":"12425","tipo":"ponto","bairro":"TRAVESS\u00c3O"}},{"type":"Feature","geometry":{"type":"Point","coordinates":[-41.311617,-21.618207]},"properties":{"nome":"12426","tipo":"ponto","bairro":"TRAVESS\u00c3O"}},{"type":"Feature","geometry":{"type":"Point","coordinates":[-41.306972,-21.60806]},"properties":{"nome":"12427","tipo":"ponto","bairro":"TRAVESS\u00c3O"}},{"type":"Feature","geometry":{"type":"Point","coordinates":[-41.238007,-21.626797]},"properties":{"nome":"12428","tipo":"ponto","bairro":"TRAVESS\u00c3O"}},{"type":"Feature","geometry":{"type":"Point","coordinates":[-41.317109,-21.617762]},"properties":{"nome":"12520","tipo":"ponto","bairro":"TRAVESS\u00c3O"}},{"type":"Feature","geometry":{"type":"Point","coordinates":[-41.313514,-21.619914]},"properties":{"nome":"12523","tipo":"ponto","bairro":"TRAVESS\u00c3O"}},{"type":"Feature","geometry":{"type":"Point","coordinates":[-41.311596,-21.618042]},"properties":{"nome":"12526","tipo":"ponto","bairro":"TRAVESS\u00c3O"}},{"type":"Feature","geometry":{"type":"Point","coordinates":[-41.306868,-21.608064]},"properties":{"nome":"12527","tipo":"ponto","bairro":"TRAVESS\u00c3O"}},{"type":"Feature","geometry":{"type":"Point","coordinates":[-41.238036,-21.627168]},"properties":{"nome":"12528","tipo":"ponto","bairro":"TRAVESS\u00c3O"}},{"type":"Feature","geometry":{"type":"Point","coordinates":[-41.287927,-21.641248]},"properties":{"nome":"12621","tipo":"ponto","bairro":"TRAVESS\u00c3O"}},{"type":"Feature","geometry":{"type":"Point","coordinates":[-41.311416,-21.639193]},"properties":{"nome":"12622","tipo":"ponto","bairro":"TRAVESS\u00c3O"}},{"type":"Feature","geometry":{"type":"Point","coordinates":[-41.313143,-21.608626]},"properties":{"nome":"12624","tipo":"ponto","bairro":"TRAVESS\u00c3O"}},{"type":"Feature","geometry":{"type":"Point","coordinates":[-41.313427,-21.599596]},"properties":{"nome":"12625","tipo":"ponto","bairro":"TRAVESS\u00c3O"}},{"type":"Feature","geometry":{"type":"Point","coordinates":[-41.311608,-21.617695]},"properties":{"nome":"12626","tipo":"ponto","bairro":"TRAVESS\u00c3O"}},{"type":"Feature","geometry":{"type":"Point","coordinates":[-41.238055,-21.62754]},"properties":{"nome":"12628","tipo":"ponto","bairro":"TRAVESS\u00c3O"}},{"type":"Feature","geometry":{"type":"Point","coordinates":[-41.316448,-21.61773]},"properties":{"nome":"12720","tipo":"ponto","bairro":"TRAVESS\u00c3O"}},{"type":"Feature","geometry":{"type":"Point","coordinates":[-41.287559,-21.641101]},"properties":{"nome":"12721","tipo":"ponto","bairro":"TRAVESS\u00c3O"}},{"type":"Feature","geometry":{"type":"Point","coordinates":[-41.313906,-21.619826]},"properties":{"nome":"12723","tipo":"ponto","bairro":"TRAVESS\u00c3O"}},{"type":"Feature","geometry":{"type":"Point","coordinates":[-41.313249,-21.608512]},"properties":{"nome":"12724","tipo":"ponto","bairro":"TRAVESS\u00c3O"}},{"type":"Feature","geometry":{"type":"Point","coordinates":[-41.31369,-21.599559]},"properties":{"nome":"12725","tipo":"ponto","bairro":"TRAVESS\u00c3O"}},{"type":"Feature","geometry":{"type":"Point","coordinates":[-41.3066,-21.608087]},"properties":{"nome":"12727","tipo":"ponto","bairro":"TRAVESS\u00c3O"}},{"type":"Feature","geometry":{"type":"Point","coordinates":[-41.238072,-21.627848]},"properties":{"nome":"12728","tipo":"ponto","bairro":"TRAVESS\u00c3O"}},{"type":"Feature","geometry":{"type":"Point","coordinates":[-41.287127,-21.64098]},"properties":{"nome":"12821","tipo":"ponto","bairro":"TRAVESS\u00c3O"}},{"type":"Feature","geometry":{"type":"Point","coordinates":[-41.311403,-21.639018]},"properties":{"nome":"12822","tipo":"ponto","bairro":"TRAVESS\u00c3O"}},{"type":"Feature","geometry":{"type":"Point","coordinates":[-41.314257,-21.619803]},"properties":{"nome":"12823","tipo":"ponto","bairro":"TRAVESS\u00c3O"}},{"type":"Feature","geometry":{"type":"Point","coordinates":[-41.313957,-21.59953]},"properties":{"nome":"12825","tipo":"ponto","bairro":"TRAVESS\u00c3O"}},{"type":"Feature","geometry":{"type":"Point","coordinates":[-41.306471,-21.60812]},"properties":{"nome":"12827","tipo":"ponto","bairro":"TRAVESS\u00c3O"}},{"type":"Feature","geometry":{"type":"Point","coordinates":[-41.238082,-21.628157]},"properties":{"nome":"12828","tipo":"ponto","bairro":"TRAVESS\u00c3O"}},{"type":"Feature","geometry":{"type":"Point","coordinates":[-41.31599,-21.617698]},"properties":{"nome":"12920","tipo":"ponto","bairro":"TRAVESS\u00c3O"}},{"type":"Feature","geometry":{"type":"Point","coordinates":[-41.286761,-21.640881]},"properties":{"nome":"12921","tipo":"ponto","bairro":"TRAVESS\u00c3O"}},{"type":"Feature","geometry":{"type":"Point","coordinates":[-41.314276,-21.599497]},"properties":{"nome":"12925","tipo":"ponto","bairro":"TRAVESS\u00c3O"}},{"type":"Feature","geometry":{"type":"Point","coordinates":[-41.238101,-21.628458]},"properties":{"nome":"12928","tipo":"ponto","bairro":"TRAVESS\u00c3O"}},{"type":"Feature","geometry":{"type":"Point","coordinates":[-41.315687,-21.617702]},"properties":{"nome":"13020","tipo":"ponto","bairro":"TRAVESS\u00c3O"}},{"type":"Feature","geometry":{"type":"Point","coordinates":[-41.28641,-21.640786]},"properties":{"nome":"13021","tipo":"ponto","bairro":"TRAVESS\u00c3O"}},{"type":"Feature","geometry":{"type":"Point","coordinates":[-41.311371,-21.617259]},"properties":{"nome":"13026","tipo":"ponto","bairro":"TRAVESS\u00c3O"}},{"type":"Feature","geometry":{"type":"Point","coordinates":[-41.285992,-21.640647]},"properties":{"nome":"13121","tipo":"ponto","bairro":"TRAVESS\u00c3O"}},{"type":"Feature","geometry":{"type":"Point","coordinates":[-41.311636,-21.638929]},"properties":{"nome":"13122","tipo":"ponto","bairro":"TRAVESS\u00c3O"}},{"type":"Feature","geometry":{"type":"Point","coordinates":[-41.313573,-21.607883]},"properties":{"nome":"13124","tipo":"ponto","bairro":"TRAVESS\u00c3O"}},{"type":"Feature","geometry":{"type":"Point","coordinates":[-41.314615,-21.599456]},"properties":{"nome":"13125","tipo":"ponto","bairro":"TRAVESS\u00c3O"}},{"type":"Feature","geometry":{"type":"Point","coordinates":[-41.311096,-21.617241]},"properties":{"nome":"13126","tipo":"ponto","bairro":"TRAVESS\u00c3O"}},{"type":"Feature","geometry":{"type":"Point","coordinates":[-41.311952,-21.638958]},"properties":{"nome":"13222","tipo":"ponto","bairro":"TRAVESS\u00c3O"}},{"type":"Feature","geometry":{"type":"Point","coordinates":[-41.313591,-21.60764]},"properties":{"nome":"13224","tipo":"ponto","bairro":"TRAVESS\u00c3O"}},{"type":"Feature","geometry":{"type":"Point","coordinates":[-41.314951,-21.599418]},"properties":{"nome":"13225","tipo":"ponto","bairro":"TRAVESS\u00c3O"}},{"type":"Feature","geometry":{"type":"Point","coordinates":[-41.310803,-21.617221]},"properties":{"nome":"13226","tipo":"ponto","bairro":"TRAVESS\u00c3O"}},{"type":"Feature","geometry":{"type":"Point","coordinates":[-41.315268,-21.599377]},"properties":{"nome":"13325","tipo":"ponto","bairro":"TRAVESS\u00c3O"}},{"type":"Feature","geometry":{"type":"Point","coordinates":[-41.311593,-21.617004]},"properties":{"nome":"13326","tipo":"ponto","bairro":"TRAVESS\u00c3O"}},{"type":"Feature","geometry":{"type":"Point","coordinates":[-41.315492,-21.617387]},"properties":{"nome":"13420","tipo":"ponto","bairro":"TRAVESS\u00c3O"}},{"type":"Feature","geometry":{"type":"Point","coordinates":[-41.285671,-21.638541]},"properties":{"nome":"13421","tipo":"ponto","bairro":"TRAVESS\u00c3O"}},{"type":"Feature","geometry":{"type":"Point","coordinates":[-41.311962,-21.639296]},"properties":{"nome":"13422","tipo":"ponto","bairro":"TRAVESS\u00c3O"}},{"type":"Feature","geometry":{"type":"Point","coordinates":[-41.311302,-21.627955]},"properties":{"nome":"13423","tipo":"ponto","bairro":"TRAVESS\u00c3O"}},{"type":"Feature","geometry":{"type":"Point","coordinates":[-41.312942,-21.608152]},"properties":{"nome":"13424","tipo":"ponto","bairro":"TRAVESS\u00c3O"}},{"type":"Feature","geometry":{"type":"Point","coordinates":[-41.315449,-21.599363]},"properties":{"nome":"13425","tipo":"ponto","bairro":"TRAVESS\u00c3O"}},{"type":"Feature","geometry":{"type":"Point","coordinates":[-41.304982,-21.608378]},"properties":{"nome":"13427","tipo":"ponto","bairro":"TRAVESS\u00c3O"}},{"type":"Feature","geometry":{"type":"Point","coordinates":[-41.238731,-21.629256]},"properties":{"nome":"13428","tipo":"ponto","bairro":"TRAVESS\u00c3O"}},{"type":"Feature","geometry":{"type":"Point","coordinates":[-41.315552,-21.617022]},"properties":{"nome":"13520","tipo":"ponto","bairro":"TRAVESS\u00c3O"}},{"type":"Feature","geometry":{"type":"Point","coordinates":[-41.285632,-21.637558]},"properties":{"nome":"13521","tipo":"ponto","bairro":"TRAVESS\u00c3O"}},{"type":"Feature","geometry":{"type":"Point","coordinates":[-41.312032,-21.638693]},"properties":{"nome":"13522","tipo":"ponto","bairro":"TRAVESS\u00c3O"}},{"type":"Feature","geometry":{"type":"Point","coordinates":[-41.312765,-21.607893]},"properties":{"nome":"13524","tipo":"ponto","bairro":"TRAVESS\u00c3O"}},{"type":"Feature","geometry":{"type":"Point","coordinates":[-41.315803,-21.599319]},"properties":{"nome":"13525","tipo":"ponto","bairro":"TRAVESS\u00c3O"}},{"type":"Feature","geometry":{"type":"Point","coordinates":[-41.311601,-21.616678]},"properties":{"nome":"13526","tipo":"ponto","bairro":"TRAVESS\u00c3O"}},{"type":"Feature","geometry":{"type":"Point","coordinates":[-41.285581,-21.636486]},"properties":{"nome":"13621","tipo":"ponto","bairro":"TRAVESS\u00c3O"}},{"type":"Feature","geometry":{"type":"Point","coordinates":[-41.311307,-21.627287]},"properties":{"nome":"13623","tipo":"ponto","bairro":"TRAVESS\u00c3O"}},{"type":"Feature","geometry":{"type":"Point","coordinates":[-41.314486,-21.606143]},"properties":{"nome":"13624","tipo":"ponto","bairro":"TRAVESS\u00c3O"}},{"type":"Feature","geometry":{"type":"Point","coordinates":[-41.316099,-21.599281]},"properties":{"nome":"13625","tipo":"ponto","bairro":"TRAVESS\u00c3O"}},{"type":"Feature","geometry":{"type":"Point","coordinates":[-41.305538,-21.60773]},"properties":{"nome":"13627","tipo":"ponto","bairro":"TRAVESS\u00c3O"}},{"type":"Feature","geometry":{"type":"Point","coordinates":[-41.316254,-21.616621]},"properties":{"nome":"13720","tipo":"ponto","bairro":"TRAVESS\u00c3O"}},{"type":"Feature","geometry":{"type":"Point","coordinates":[-41.285547,-21.635418]},"properties":{"nome":"13721","tipo":"ponto","bairro":"TRAVESS\u00c3O"}},{"type":"Feature","geometry":{"type":"Point","coordinates":[-41.311317,-21.626983]},"properties":{"nome":"13723","tipo":"ponto","bairro":"TRAVESS\u00c3O"}},{"type":"Feature","geometry":{"type":"Point","coordinates":[-41.316456,-21.599246]},"properties":{"nome":"13725","tipo":"ponto","bairro":"TRAVESS\u00c3O"}},{"type":"Feature","geometry":{"type":"Point","coordinates":[-41.311609,-21.616271]},"properties":{"nome":"13726","tipo":"ponto","bairro":"TRAVESS\u00c3O"}},{"type":"Feature","geometry":{"type":"Point","coordinates":[-41.305407,-21.607427]},"properties":{"nome":"13727","tipo":"ponto","bairro":"TRAVESS\u00c3O"}},{"type":"Feature","geometry":{"type":"Point","coordinates":[-41.316214,-21.616891]},"properties":{"nome":"13819","tipo":"ponto","bairro":"TRAVESS\u00c3O"}},{"type":"Feature","geometry":{"type":"Point","coordinates":[-41.311967,-21.638267]},"properties":{"nome":"13821","tipo":"ponto","bairro":"TRAVESS\u00c3O"}},{"type":"Feature","geometry":{"type":"Point","coordinates":[-41.313013,-21.606964]},"properties":{"nome":"13823","tipo":"ponto","bairro":"TRAVESS\u00c3O"}},{"type":"Feature","geometry":{"type":"Point","coordinates":[-41.316563,-21.599235]},"properties":{"nome":"13824","tipo":"ponto","bairro":"TRAVESS\u00c3O"}},{"type":"Feature","geometry":{"type":"Point","coordinates":[-41.304572,-21.608472]},"properties":{"nome":"13826","tipo":"ponto","bairro":"TRAVESS\u00c3O"}},{"type":"Feature","geometry":{"type":"Point","coordinates":[-41.311692,-21.638282]},"properties":{"nome":"13921","tipo":"ponto","bairro":"TRAVESS\u00c3O"}},{"type":"Feature","geometry":{"type":"Point","coordinates":[-41.304201,-21.608527]},"properties":{"nome":"13926","tipo":"ponto","bairro":"TRAVESS\u00c3O"}},{"type":"Feature","geometry":{"type":"Point","coordinates":[-41.313428,-21.606953]},"properties":{"nome":"14023","tipo":"ponto","bairro":"TRAVESS\u00c3O"}},{"type":"Feature","geometry":{"type":"Point","coordinates":[-41.316468,-21.605177]},"properties":{"nome":"14024","tipo":"ponto","bairro":"TRAVESS\u00c3O"}},{"type":"Feature","geometry":{"type":"Point","coordinates":[-41.236524,-21.627462]},"properties":{"nome":"14027","tipo":"ponto","bairro":"TRAVESS\u00c3O"}},{"type":"Feature","geometry":{"type":"Point","coordinates":[-41.316112,-21.617421]},"properties":{"nome":"14119","tipo":"ponto","bairro":"TRAVESS\u00c3O"}},{"type":"Feature","geometry":{"type":"Point","coordinates":[-41.311391,-21.638489]},"properties":{"nome":"14121","tipo":"ponto","bairro":"TRAVESS\u00c3O"}},{"type":"Feature","geometry":{"type":"Point","coordinates":[-41.311348,-21.625703]},"properties":{"nome":"14122","tipo":"ponto","bairro":"TRAVESS\u00c3O"}},{"type":"Feature","geometry":{"type":"Point","coordinates":[-41.313626,-21.60693]},"properties":{"nome":"14123","tipo":"ponto","bairro":"TRAVESS\u00c3O"}},{"type":"Feature","geometry":{"type":"Point","coordinates":[-41.311199,-21.616101]},"properties":{"nome":"14125","tipo":"ponto","bairro":"TRAVESS\u00c3O"}},{"type":"Feature","geometry":{"type":"Point","coordinates":[-41.236041,-21.627001]},"properties":{"nome":"14127","tipo":"ponto","bairro":"TRAVESS\u00c3O"}},{"type":"Feature","geometry":{"type":"Point","coordinates":[-41.311354,-21.625347]},"properties":{"nome":"14222","tipo":"ponto","bairro":"TRAVESS\u00c3O"}},{"type":"Feature","geometry":{"type":"Point","coordinates":[-41.313886,-21.606912]},"properties":{"nome":"14223","tipo":"ponto","bairro":"TRAVESS\u00c3O"}},{"type":"Feature","geometry":{"type":"Point","coordinates":[-41.31089,-21.616117]},"properties":{"nome":"14225","tipo":"ponto","bairro":"TRAVESS\u00c3O"}},{"type":"Feature","geometry":{"type":"Point","coordinates":[-41.303905,-21.60832]},"properties":{"nome":"14226","tipo":"ponto","bairro":"TRAVESS\u00c3O"}},{"type":"Feature","geometry":{"type":"Point","coordinates":[-41.316607,-21.617057]},"properties":{"nome":"14319","tipo":"ponto","bairro":"TRAVESS\u00c3O"}},{"type":"Feature","geometry":{"type":"Point","coordinates":[-41.311373,-21.624939]},"properties":{"nome":"14322","tipo":"ponto","bairro":"TRAVESS\u00c3O"}},{"type":"Feature","geometry":{"type":"Point","coordinates":[-41.314072,-21.6069]},"properties":{"nome":"14323","tipo":"ponto","bairro":"TRAVESS\u00c3O"}},{"type":"Feature","geometry":{"type":"Point","coordinates":[-41.235114,-21.626111]},"properties":{"nome":"14327","tipo":"ponto","bairro":"TRAVESS\u00c3O"}},{"type":"Feature","geometry":{"type":"Point","coordinates":[-41.316616,-21.617022]},"properties":{"nome":"14419","tipo":"ponto","bairro":"TRAVESS\u00c3O"}},{"type":"Feature","geometry":{"type":"Point","coordinates":[-41.314467,-21.606852]},"properties":{"nome":"14423","tipo":"ponto","bairro":"TRAVESS\u00c3O"}},{"type":"Feature","geometry":{"type":"Point","coordinates":[-41.234398,-21.6255]},"properties":{"nome":"14427","tipo":"ponto","bairro":"TRAVESS\u00c3O"}},{"type":"Feature","geometry":{"type":"Point","coordinates":[-41.31666,-21.6167]},"properties":{"nome":"14518","tipo":"ponto","bairro":"TRAVESS\u00c3O"}},{"type":"Feature","geometry":{"type":"Point","coordinates":[-41.285271,-21.641168]},"properties":{"nome":"14519","tipo":"ponto","bairro":"TRAVESS\u00c3O"}},{"type":"Feature","geometry":{"type":"Point","coordinates":[-41.311388,-21.637887]},"properties":{"nome":"14520","tipo":"ponto","bairro":"TRAVESS\u00c3O"}},{"type":"Feature","geometry":{"type":"Point","coordinates":[-41.311386,-21.624247]},"properties":{"nome":"14521","tipo":"ponto","bairro":"TRAVESS\u00c3O"}},{"type":"Feature","geometry":{"type":"Point","coordinates":[-41.316701,-21.604654]},"properties":{"nome":"14523","tipo":"ponto","bairro":"TRAVESS\u00c3O"}},{"type":"Feature","geometry":{"type":"Point","coordinates":[-41.303478,-21.608059]},"properties":{"nome":"14525","tipo":"ponto","bairro":"TRAVESS\u00c3O"}},{"type":"Feature","geometry":{"type":"Point","coordinates":[-41.233945,-21.625103]},"properties":{"nome":"14526","tipo":"ponto","bairro":"TRAVESS\u00c3O"}},{"type":"Feature","geometry":{"type":"Point","coordinates":[-41.2853,-21.641516]},"properties":{"nome":"14619","tipo":"ponto","bairro":"TRAVESS\u00c3O"}},{"type":"Feature","geometry":{"type":"Point","coordinates":[-41.311387,-21.637773]},"properties":{"nome":"14620","tipo":"ponto","bairro":"TRAVESS\u00c3O"}},{"type":"Feature","geometry":{"type":"Point","coordinates":[-41.311382,-21.623983]},"properties":{"nome":"14621","tipo":"ponto","bairro":"TRAVESS\u00c3O"}},{"type":"Feature","geometry":{"type":"Point","coordinates":[-41.316737,-21.604311]},"properties":{"nome":"14623","tipo":"ponto","bairro":"TRAVESS\u00c3O"}},{"type":"Feature","geometry":{"type":"Point","coordinates":[-41.233325,-21.6246]},"properties":{"nome":"14626","tipo":"ponto","bairro":"TRAVESS\u00c3O"}},{"type":"Feature","geometry":{"type":"Point","coordinates":[-41.317133,-21.617187]},"properties":{"nome":"14718","tipo":"ponto","bairro":"TRAVESS\u00c3O"}},{"type":"Feature","geometry":{"type":"Point","coordinates":[-41.285323,-21.641823]},"properties":{"nome":"14719","tipo":"ponto","bairro":"TRAVESS\u00c3O"}},{"type":"Feature","geometry":{"type":"Point","coordinates":[-41.311398,-21.623754]},"properties":{"nome":"14721","tipo":"ponto","bairro":"TRAVESS\u00c3O"}},{"type":"Feature","geometry":{"type":"Point","coordinates":[-41.316764,-21.604136]},"properties":{"nome":"14723","tipo":"ponto","bairro":"TRAVESS\u00c3O"}},{"type":"Feature","geometry":{"type":"Point","coordinates":[-41.303213,-21.608106]},"properties":{"nome":"14725","tipo":"ponto","bairro":"TRAVESS\u00c3O"}},{"type":"Feature","geometry":{"type":"Point","coordinates":[-41.23275,-21.62412]},"properties":{"nome":"14726","tipo":"ponto","bairro":"TRAVESS\u00c3O"}},{"type":"Feature","geometry":{"type":"Point","coordinates":[-41.285373,-21.642126]},"properties":{"nome":"14819","tipo":"ponto","bairro":"TRAVESS\u00c3O"}},{"type":"Feature","geometry":{"type":"Point","coordinates":[-41.311465,-21.637623]},"properties":{"nome":"14820","tipo":"ponto","bairro":"TRAVESS\u00c3O"}},{"type":"Feature","geometry":{"type":"Point","coordinates":[-41.311404,-21.623426]},"properties":{"nome":"14821","tipo":"ponto","bairro":"TRAVESS\u00c3O"}},{"type":"Feature","geometry":{"type":"Point","coordinates":[-41.232221,-21.623702]},"properties":{"nome":"14826","tipo":"ponto","bairro":"TRAVESS\u00c3O"}},{"type":"Feature","geometry":{"type":"Point","coordinates":[-41.311877,-21.637661]},"properties":{"nome":"14920","tipo":"ponto","bairro":"TRAVESS\u00c3O"}},{"type":"Feature","geometry":{"type":"Point","coordinates":[-41.311385,-21.623117]},"properties":{"nome":"14921","tipo":"ponto","bairro":"TRAVESS\u00c3O"}},{"type":"Feature","geometry":{"type":"Point","coordinates":[-41.314858,-21.606751]},"properties":{"nome":"14922","tipo":"ponto","bairro":"TRAVESS\u00c3O"}},{"type":"Feature","geometry":{"type":"Point","coordinates":[-41.310212,-21.616572]},"properties":{"nome":"14924","tipo":"ponto","bairro":"TRAVESS\u00c3O"}},{"type":"Feature","geometry":{"type":"Point","coordinates":[-41.231705,-21.623245]},"properties":{"nome":"14926","tipo":"ponto","bairro":"TRAVESS\u00c3O"}},{"type":"Feature","geometry":{"type":"Point","coordinates":[-41.317514,-21.617581]},"properties":{"nome":"15018","tipo":"ponto","bairro":"TRAVESS\u00c3O"}},{"type":"Feature","geometry":{"type":"Point","coordinates":[-41.285431,-21.642778]},"properties":{"nome":"15019","tipo":"ponto","bairro":"TRAVESS\u00c3O"}},{"type":"Feature","geometry":{"type":"Point","coordinates":[-41.31024,-21.616774]},"properties":{"nome":"15024","tipo":"ponto","bairro":"TRAVESS\u00c3O"}},{"type":"Feature","geometry":{"type":"Point","coordinates":[-41.285462,-21.643107]},"properties":{"nome":"15119","tipo":"ponto","bairro":"TRAVESS\u00c3O"}},{"type":"Feature","geometry":{"type":"Point","coordinates":[-41.230434,-21.62237]},"properties":{"nome":"15126","tipo":"ponto","bairro":"TRAVESS\u00c3O"}},{"type":"Feature","geometry":{"type":"Point","coordinates":[-41.285495,-21.643415]},"properties":{"nome":"15219","tipo":"ponto","bairro":"TRAVESS\u00c3O"}},{"type":"Feature","geometry":{"type":"Point","coordinates":[-41.311429,-21.637045]},"properties":{"nome":"15220","tipo":"ponto","bairro":"TRAVESS\u00c3O"}},{"type":"Feature","geometry":{"type":"Point","coordinates":[-41.315395,-21.606703]},"properties":{"nome":"15222","tipo":"ponto","bairro":"TRAVESS\u00c3O"}},{"type":"Feature","geometry":{"type":"Point","coordinates":[-41.316595,-21.598187]},"properties":{"nome":"15223","tipo":"ponto","bairro":"TRAVESS\u00c3O"}},{"type":"Feature","geometry":{"type":"Point","coordinates":[-41.310278,-21.61714]},"properties":{"nome":"15224","tipo":"ponto","bairro":"TRAVESS\u00c3O"}},{"type":"Feature","geometry":{"type":"Point","coordinates":[-41.2299,-21.622103]},"properties":{"nome":"15226","tipo":"ponto","bairro":"TRAVESS\u00c3O"}},{"type":"Feature","geometry":{"type":"Point","coordinates":[-41.285529,-21.643747]},"properties":{"nome":"15319","tipo":"ponto","bairro":"TRAVESS\u00c3O"}},{"type":"Feature","geometry":{"type":"Point","coordinates":[-41.311774,-21.637059]},"properties":{"nome":"15320","tipo":"ponto","bairro":"TRAVESS\u00c3O"}},{"type":"Feature","geometry":{"type":"Point","coordinates":[-41.31102,-21.622541]},"properties":{"nome":"15321","tipo":"ponto","bairro":"TRAVESS\u00c3O"}},{"type":"Feature","geometry":{"type":"Point","coordinates":[-41.316589,-21.597653]},"properties":{"nome":"15323","tipo":"ponto","bairro":"TRAVESS\u00c3O"}},{"type":"Feature","geometry":{"type":"Point","coordinates":[-41.310284,-21.617446]},"properties":{"nome":"15324","tipo":"ponto","bairro":"TRAVESS\u00c3O"}},{"type":"Feature","geometry":{"type":"Point","coordinates":[-41.229035,-21.62162]},"properties":{"nome":"15326","tipo":"ponto","bairro":"TRAVESS\u00c3O"}},{"type":"Feature","geometry":{"type":"Point","coordinates":[-41.317581,-21.61714]},"properties":{"nome":"15418","tipo":"ponto","bairro":"TRAVESS\u00c3O"}},{"type":"Feature","geometry":{"type":"Point","coordinates":[-41.285576,-21.644036]},"properties":{"nome":"15419","tipo":"ponto","bairro":"TRAVESS\u00c3O"}},{"type":"Feature","geometry":{"type":"Point","coordinates":[-41.311948,-21.637038]},"properties":{"nome":"15420","tipo":"ponto","bairro":"TRAVESS\u00c3O"}},{"type":"Feature","geometry":{"type":"Point","coordinates":[-41.310981,-21.622815]},"properties":{"nome":"15421","tipo":"ponto","bairro":"TRAVESS\u00c3O"}},{"type":"Feature","geometry":{"type":"Point","coordinates":[-41.316545,-21.597112]},"properties":{"nome":"15423","tipo":"ponto","bairro":"TRAVESS\u00c3O"}},{"type":"Feature","geometry":{"type":"Point","coordinates":[-41.303822,-21.608587]},"properties":{"nome":"15425","tipo":"ponto","bairro":"TRAVESS\u00c3O"}},{"type":"Feature","geometry":{"type":"Point","coordinates":[-41.228672,-21.621401]},"properties":{"nome":"15426","tipo":"ponto","bairro":"TRAVESS\u00c3O"}},{"type":"Feature","geometry":{"type":"Point","coordinates":[-41.317935,-21.617254]},"properties":{"nome":"15518","tipo":"ponto","bairro":"TRAVESS\u00c3O"}},{"type":"Feature","geometry":{"type":"Point","coordinates":[-41.284788,-21.640475]},"properties":{"nome":"15519","tipo":"ponto","bairro":"TRAVESS\u00c3O"}},{"type":"Feature","geometry":{"type":"Point","coordinates":[-41.312244,-21.63705]},"properties":{"nome":"15520","tipo":"ponto","bairro":"TRAVESS\u00c3O"}},{"type":"Feature","geometry":{"type":"Point","coordinates":[-41.310925,-21.623156]},"properties":{"nome":"15521","tipo":"ponto","bairro":"TRAVESS\u00c3O"}},{"type":"Feature","geometry":{"type":"Point","coordinates":[-41.315794,-21.606616]},"properties":{"nome":"15522","tipo":"ponto","bairro":"TRAVESS\u00c3O"}},{"type":"Feature","geometry":{"type":"Point","coordinates":[-41.303437,-21.60867]},"properties":{"nome":"15525","tipo":"ponto","bairro":"TRAVESS\u00c3O"}},{"type":"Feature","geometry":{"type":"Point","coordinates":[-41.227963,-21.621087]},"properties":{"nome":"15526","tipo":"ponto","bairro":"TRAVESS\u00c3O"}},{"type":"Feature","geometry":{"type":"Point","coordinates":[-41.318172,-21.617313]},"properties":{"nome":"15617","tipo":"ponto","bairro":"TRAVESS\u00c3O"}},{"type":"Feature","geometry":{"type":"Point","coordinates":[-41.284419,-21.640477]},"properties":{"nome":"15618","tipo":"ponto","bairro":"TRAVESS\u00c3O"}},{"type":"Feature","geometry":{"type":"Point","coordinates":[-41.310901,-21.623387]},"properties":{"nome":"15620","tipo":"ponto","bairro":"TRAVESS\u00c3O"}},{"type":"Feature","geometry":{"type":"Point","coordinates":[-41.316007,-21.606586]},"properties":{"nome":"15621","tipo":"ponto","bairro":"TRAVESS\u00c3O"}},{"type":"Feature","geometry":{"type":"Point","coordinates":[-41.310288,-21.617813]},"properties":{"nome":"15623","tipo":"ponto","bairro":"TRAVESS\u00c3O"}},{"type":"Feature","geometry":{"type":"Point","coordinates":[-41.303028,-21.608729]},"properties":{"nome":"15624","tipo":"ponto","bairro":"TRAVESS\u00c3O"}},{"type":"Feature","geometry":{"type":"Point","coordinates":[-41.227359,-21.620826]},"properties":{"nome":"15625","tipo":"ponto","bairro":"TRAVESS\u00c3O"}},{"type":"Feature","geometry":{"type":"Point","coordinates":[-41.312224,-21.637251]},"properties":{"nome":"15719","tipo":"ponto","bairro":"TRAVESS\u00c3O"}},{"type":"Feature","geometry":{"type":"Point","coordinates":[-41.310856,-21.623576]},"properties":{"nome":"15720","tipo":"ponto","bairro":"TRAVESS\u00c3O"}},{"type":"Feature","geometry":{"type":"Point","coordinates":[-41.316193,-21.60657]},"properties":{"nome":"15721","tipo":"ponto","bairro":"TRAVESS\u00c3O"}},{"type":"Feature","geometry":{"type":"Point","coordinates":[-41.30264,-21.608794]},"properties":{"nome":"15724","tipo":"ponto","bairro":"TRAVESS\u00c3O"}},{"type":"Feature","geometry":{"type":"Point","coordinates":[-41.226772,-21.620587]},"properties":{"nome":"15725","tipo":"ponto","bairro":"TRAVESS\u00c3O"}},{"type":"Feature","geometry":{"type":"Point","coordinates":[-41.315653,-21.616155]},"properties":{"nome":"15817","tipo":"ponto","bairro":"TRAVESS\u00c3O"}},{"type":"Feature","geometry":{"type":"Point","coordinates":[-41.283609,-21.640484]},"properties":{"nome":"15818","tipo":"ponto","bairro":"TRAVESS\u00c3O"}},{"type":"Feature","geometry":{"type":"Point","coordinates":[-41.310705,-21.623913]},"properties":{"nome":"15820","tipo":"ponto","bairro":"TRAVESS\u00c3O"}},{"type":"Feature","geometry":{"type":"Point","coordinates":[-41.316048,-21.597077]},"properties":{"nome":"15822","tipo":"ponto","bairro":"TRAVESS\u00c3O"}},{"type":"Feature","geometry":{"type":"Point","coordinates":[-41.310297,-21.618113]},"properties":{"nome":"15823","tipo":"ponto","bairro":"TRAVESS\u00c3O"}},{"type":"Feature","geometry":{"type":"Point","coordinates":[-41.315708,-21.615907]},"properties":{"nome":"15917","tipo":"ponto","bairro":"TRAVESS\u00c3O"}},{"type":"Feature","geometry":{"type":"Point","coordinates":[-41.312128,-21.636343]},"properties":{"nome":"15919","tipo":"ponto","bairro":"TRAVESS\u00c3O"}},{"type":"Feature","geometry":{"type":"Point","coordinates":[-41.315889,-21.596577]},"properties":{"nome":"15922","tipo":"ponto","bairro":"TRAVESS\u00c3O"}},{"type":"Feature","geometry":{"type":"Point","coordinates":[-41.301919,-21.608926]},"properties":{"nome":"15924","tipo":"ponto","bairro":"TRAVESS\u00c3O"}},{"type":"Feature","geometry":{"type":"Point","coordinates":[-41.226401,-21.61984]},"properties":{"nome":"15925","tipo":"ponto","bairro":"TRAVESS\u00c3O"}},{"type":"Feature","geometry":{"type":"Point","coordinates":[-41.283246,-21.640493]},"properties":{"nome":"16018","tipo":"ponto","bairro":"TRAVESS\u00c3O"}},{"type":"Feature","geometry":{"type":"Point","coordinates":[-41.311836,-21.636332]},"properties":{"nome":"16019","tipo":"ponto","bairro":"TRAVESS\u00c3O"}},{"type":"Feature","geometry":{"type":"Point","coordinates":[-41.310483,-21.624348]},"properties":{"nome":"16020","tipo":"ponto","bairro":"TRAVESS\u00c3O"}},{"type":"Feature","geometry":{"type":"Point","coordinates":[-41.316434,-21.606467]},"properties":{"nome":"16021","tipo":"ponto","bairro":"TRAVESS\u00c3O"}},{"type":"Feature","geometry":{"type":"Point","coordinates":[-41.315766,-21.596223]},"properties":{"nome":"16022","tipo":"ponto","bairro":"TRAVESS\u00c3O"}},{"type":"Feature","geometry":{"type":"Point","coordinates":[-41.309784,-21.617958]},"properties":{"nome":"16023","tipo":"ponto","bairro":"TRAVESS\u00c3O"}},{"type":"Feature","geometry":{"type":"Point","coordinates":[-41.301552,-21.608986]},"properties":{"nome":"16024","tipo":"ponto","bairro":"TRAVESS\u00c3O"}},{"type":"Feature","geometry":{"type":"Point","coordinates":[-41.282806,-21.640547]},"properties":{"nome":"16118","tipo":"ponto","bairro":"TRAVESS\u00c3O"}},{"type":"Feature","geometry":{"type":"Point","coordinates":[-41.311447,-21.636331]},"properties":{"nome":"16119","tipo":"ponto","bairro":"TRAVESS\u00c3O"}},{"type":"Feature","geometry":{"type":"Point","coordinates":[-41.315632,-21.595854]},"properties":{"nome":"16122","tipo":"ponto","bairro":"TRAVESS\u00c3O"}},{"type":"Feature","geometry":{"type":"Point","coordinates":[-41.226957,-21.619107]},"properties":{"nome":"16125","tipo":"ponto","bairro":"TRAVESS\u00c3O"}},{"type":"Feature","geometry":{"type":"Point","coordinates":[-41.315824,-21.614999]},"properties":{"nome":"16217","tipo":"ponto","bairro":"TRAVESS\u00c3O"}},{"type":"Feature","geometry":{"type":"Point","coordinates":[-41.282453,-21.640608]},"properties":{"nome":"16218","tipo":"ponto","bairro":"TRAVESS\u00c3O"}},{"type":"Feature","geometry":{"type":"Point","coordinates":[-41.316151,-21.598726]},"properties":{"nome":"16222","tipo":"ponto","bairro":"TRAVESS\u00c3O"}},{"type":"Feature","geometry":{"type":"Point","coordinates":[-41.301155,-21.609051]},"properties":{"nome":"16224","tipo":"ponto","bairro":"TRAVESS\u00c3O"}},{"type":"Feature","geometry":{"type":"Point","coordinates":[-41.227321,-21.618557]},"properties":{"nome":"16225","tipo":"ponto","bairro":"TRAVESS\u00c3O"}},{"type":"Feature","geometry":{"type":"Point","coordinates":[-41.315879,-21.598753]},"properties":{"nome":"16322","tipo":"ponto","bairro":"TRAVESS\u00c3O"}},{"type":"Feature","geometry":{"type":"Point","coordinates":[-41.308745,-21.617612]},"properties":{"nome":"16323","tipo":"ponto","bairro":"TRAVESS\u00c3O"}},{"type":"Feature","geometry":{"type":"Point","coordinates":[-41.300778,-21.609107]},"properties":{"nome":"16324","tipo":"ponto","bairro":"TRAVESS\u00c3O"}},{"type":"Feature","geometry":{"type":"Point","coordinates":[-41.227731,-21.617959]},"properties":{"nome":"16325","tipo":"ponto","bairro":"TRAVESS\u00c3O"}},{"type":"Feature","geometry":{"type":"Point","coordinates":[-41.315877,-21.614471]},"properties":{"nome":"16417","tipo":"ponto","bairro":"TRAVESS\u00c3O"}},{"type":"Feature","geometry":{"type":"Point","coordinates":[-41.281652,-21.640735]},"properties":{"nome":"16418","tipo":"ponto","bairro":"TRAVESS\u00c3O"}},{"type":"Feature","geometry":{"type":"Point","coordinates":[-41.310655,-21.625194]},"properties":{"nome":"16420","tipo":"ponto","bairro":"TRAVESS\u00c3O"}},{"type":"Feature","geometry":{"type":"Point","coordinates":[-41.316162,-21.605854]},"properties":{"nome":"16421","tipo":"ponto","bairro":"TRAVESS\u00c3O"}},{"type":"Feature","geometry":{"type":"Point","coordinates":[-41.315575,-21.598795]},"properties":{"nome":"16422","tipo":"ponto","bairro":"TRAVESS\u00c3O"}},{"type":"Feature","geometry":{"type":"Point","coordinates":[-41.308367,-21.617646]},"properties":{"nome":"16423","tipo":"ponto","bairro":"TRAVESS\u00c3O"}},{"type":"Feature","geometry":{"type":"Point","coordinates":[-41.228503,-21.616806]},"properties":{"nome":"16425","tipo":"ponto","bairro":"TRAVESS\u00c3O"}},{"type":"Feature","geometry":{"type":"Point","coordinates":[-41.315899,-21.614328]},"properties":{"nome":"16517","tipo":"ponto","bairro":"TRAVESS\u00c3O"}},{"type":"Feature","geometry":{"type":"Point","coordinates":[-41.280894,-21.640857]},"properties":{"nome":"16518","tipo":"ponto","bairro":"TRAVESS\u00c3O"}},{"type":"Feature","geometry":{"type":"Point","coordinates":[-41.310661,-21.625463]},"properties":{"nome":"16520","tipo":"ponto","bairro":"TRAVESS\u00c3O"}},{"type":"Feature","geometry":{"type":"Point","coordinates":[-41.31584,-21.605901]},"properties":{"nome":"16521","tipo":"ponto","bairro":"TRAVESS\u00c3O"}},{"type":"Feature","geometry":{"type":"Point","coordinates":[-41.315321,-21.598825]},"properties":{"nome":"16522","tipo":"ponto","bairro":"TRAVESS\u00c3O"}},{"type":"Feature","geometry":{"type":"Point","coordinates":[-41.307998,-21.617678]},"properties":{"nome":"16523","tipo":"ponto","bairro":"TRAVESS\u00c3O"}},{"type":"Feature","geometry":{"type":"Point","coordinates":[-41.30082,-21.608392]},"properties":{"nome":"16524","tipo":"ponto","bairro":"TRAVESS\u00c3O"}},{"type":"Feature","geometry":{"type":"Point","coordinates":[-41.228604,-21.61665]},"properties":{"nome":"16525","tipo":"ponto","bairro":"TRAVESS\u00c3O"}},{"type":"Feature","geometry":{"type":"Point","coordinates":[-41.315923,-21.614056]},"properties":{"nome":"16616","tipo":"ponto","bairro":"TRAVESS\u00c3O"}},{"type":"Feature","geometry":{"type":"Point","coordinates":[-41.280087,-21.640972]},"properties":{"nome":"16617","tipo":"ponto","bairro":"TRAVESS\u00c3O"}},{"type":"Feature","geometry":{"type":"Point","coordinates":[-41.311226,-21.637836]},"properties":{"nome":"16618","tipo":"ponto","bairro":"TRAVESS\u00c3O"}},{"type":"Feature","geometry":{"type":"Point","coordinates":[-41.310641,-21.625736]},"properties":{"nome":"16619","tipo":"ponto","bairro":"TRAVESS\u00c3O"}},{"type":"Feature","geometry":{"type":"Point","coordinates":[-41.315501,-21.605943]},"properties":{"nome":"16620","tipo":"ponto","bairro":"TRAVESS\u00c3O"}},{"type":"Feature","geometry":{"type":"Point","coordinates":[-41.315044,-21.598862]},"properties":{"nome":"16621","tipo":"ponto","bairro":"TRAVESS\u00c3O"}},{"type":"Feature","geometry":{"type":"Point","coordinates":[-41.307891,-21.617314]},"properties":{"nome":"16622","tipo":"ponto","bairro":"TRAVESS\u00c3O"}},{"type":"Feature","geometry":{"type":"Point","coordinates":[-41.300803,-21.608076]},"properties":{"nome":"16623","tipo":"ponto","bairro":"TRAVESS\u00c3O"}},{"type":"Feature","geometry":{"type":"Point","coordinates":[-41.229288,-21.615674]},"properties":{"nome":"16624","tipo":"ponto","bairro":"TRAVESS\u00c3O"}},{"type":"Feature","geometry":{"type":"Point","coordinates":[-41.315933,-21.613843]},"properties":{"nome":"16716","tipo":"ponto","bairro":"TRAVESS\u00c3O"}},{"type":"Feature","geometry":{"type":"Point","coordinates":[-41.27931,-21.641076]},"properties":{"nome":"16717","tipo":"ponto","bairro":"TRAVESS\u00c3O"}},{"type":"Feature","geometry":{"type":"Point","coordinates":[-41.311427,-21.635915]},"properties":{"nome":"16718","tipo":"ponto","bairro":"TRAVESS\u00c3O"}},{"type":"Feature","geometry":{"type":"Point","coordinates":[-41.310637,-21.626039]},"properties":{"nome":"16719","tipo":"ponto","bairro":"TRAVESS\u00c3O"}},{"type":"Feature","geometry":{"type":"Point","coordinates":[-41.315192,-21.60595]},"properties":{"nome":"16720","tipo":"ponto","bairro":"TRAVESS\u00c3O"}},{"type":"Feature","geometry":{"type":"Point","coordinates":[-41.308275,-21.617277]},"properties":{"nome":"16722","tipo":"ponto","bairro":"TRAVESS\u00c3O"}},{"type":"Feature","geometry":{"type":"Point","coordinates":[-41.300783,-21.607751]},"properties":{"nome":"16723","tipo":"ponto","bairro":"TRAVESS\u00c3O"}},{"type":"Feature","geometry":{"type":"Point","coordinates":[-41.230027,-21.614496]},"properties":{"nome":"16724","tipo":"ponto","bairro":"TRAVESS\u00c3O"}},{"type":"Feature","geometry":{"type":"Point","coordinates":[-41.278738,-21.641158]},"properties":{"nome":"16817","tipo":"ponto","bairro":"TRAVESS\u00c3O"}},{"type":"Feature","geometry":{"type":"Point","coordinates":[-41.314903,-21.605996]},"properties":{"nome":"16820","tipo":"ponto","bairro":"TRAVESS\u00c3O"}},{"type":"Feature","geometry":{"type":"Point","coordinates":[-41.31462,-21.598925]},"properties":{"nome":"16821","tipo":"ponto","bairro":"TRAVESS\u00c3O"}},{"type":"Feature","geometry":{"type":"Point","coordinates":[-41.308652,-21.617254]},"properties":{"nome":"16822","tipo":"ponto","bairro":"TRAVESS\u00c3O"}},{"type":"Feature","geometry":{"type":"Point","coordinates":[-41.300764,-21.607427]},"properties":{"nome":"16823","tipo":"ponto","bairro":"TRAVESS\u00c3O"}},{"type":"Feature","geometry":{"type":"Point","coordinates":[-41.278239,-21.641136]},"properties":{"nome":"16917","tipo":"ponto","bairro":"TRAVESS\u00c3O"}},{"type":"Feature","geometry":{"type":"Point","coordinates":[-41.311467,-21.635725]},"properties":{"nome":"16918","tipo":"ponto","bairro":"TRAVESS\u00c3O"}},{"type":"Feature","geometry":{"type":"Point","coordinates":[-41.31459,-21.606006]},"properties":{"nome":"16920","tipo":"ponto","bairro":"TRAVESS\u00c3O"}},{"type":"Feature","geometry":{"type":"Point","coordinates":[-41.314456,-21.598944]},"properties":{"nome":"16921","tipo":"ponto","bairro":"TRAVESS\u00c3O"}},{"type":"Feature","geometry":{"type":"Point","coordinates":[-41.311659,-21.635746]},"properties":{"nome":"17018","tipo":"ponto","bairro":"TRAVESS\u00c3O"}},{"type":"Feature","geometry":{"type":"Point","coordinates":[-41.311292,-21.626095]},"properties":{"nome":"17019","tipo":"ponto","bairro":"TRAVESS\u00c3O"}},{"type":"Feature","geometry":{"type":"Point","coordinates":[-41.31425,-21.598966]},"properties":{"nome":"17021","tipo":"ponto","bairro":"TRAVESS\u00c3O"}},{"type":"Feature","geometry":{"type":"Point","coordinates":[-41.316245,-21.613297]},"properties":{"nome":"17116","tipo":"ponto","bairro":"TRAVESS\u00c3O"}},{"type":"Feature","geometry":{"type":"Point","coordinates":[-41.311854,-21.635744]},"properties":{"nome":"17118","tipo":"ponto","bairro":"TRAVESS\u00c3O"}},{"type":"Feature","geometry":{"type":"Point","coordinates":[-41.31064,-21.626727]},"properties":{"nome":"17119","tipo":"ponto","bairro":"TRAVESS\u00c3O"}},{"type":"Feature","geometry":{"type":"Point","coordinates":[-41.313949,-21.598994]},"properties":{"nome":"17121","tipo":"ponto","bairro":"TRAVESS\u00c3O"}},{"type":"Feature","geometry":{"type":"Point","coordinates":[-41.30928,-21.617372]},"properties":{"nome":"17122","tipo":"ponto","bairro":"TRAVESS\u00c3O"}},{"type":"Feature","geometry":{"type":"Point","coordinates":[-41.316481,-21.613296]},"properties":{"nome":"17216","tipo":"ponto","bairro":"TRAVESS\u00c3O"}},{"type":"Feature","geometry":{"type":"Point","coordinates":[-41.312037,-21.635733]},"properties":{"nome":"17218","tipo":"ponto","bairro":"TRAVESS\u00c3O"}},{"type":"Feature","geometry":{"type":"Point","coordinates":[-41.310609,-21.627079]},"properties":{"nome":"17219","tipo":"ponto","bairro":"TRAVESS\u00c3O"}},{"type":"Feature","geometry":{"type":"Point","coordinates":[-41.313666,-21.599032]},"properties":{"nome":"17220","tipo":"ponto","bairro":"TRAVESS\u00c3O"}},{"type":"Feature","geometry":{"type":"Point","coordinates":[-41.301357,-21.607103]},"properties":{"nome":"17222","tipo":"ponto","bairro":"TRAVESS\u00c3O"}},{"type":"Feature","geometry":{"type":"Point","coordinates":[-41.316779,-21.613294]},"properties":{"nome":"17316","tipo":"ponto","bairro":"TRAVESS\u00c3O"}},{"type":"Feature","geometry":{"type":"Point","coordinates":[-41.277218,-21.639722]},"properties":{"nome":"17317","tipo":"ponto","bairro":"TRAVESS\u00c3O"}},{"type":"Feature","geometry":{"type":"Point","coordinates":[-41.312365,-21.635749]},"properties":{"nome":"17318","tipo":"ponto","bairro":"TRAVESS\u00c3O"}},{"type":"Feature","geometry":{"type":"Point","coordinates":[-41.310616,-21.627406]},"properties":{"nome":"17319","tipo":"ponto","bairro":"TRAVESS\u00c3O"}},{"type":"Feature","geometry":{"type":"Point","coordinates":[-41.301372,-21.607427]},"properties":{"nome":"17322","tipo":"ponto","bairro":"TRAVESS\u00c3O"}},{"type":"Feature","geometry":{"type":"Point","coordinates":[-41.224817,-21.620604]},"properties":{"nome":"17323","tipo":"ponto","bairro":"TRAVESS\u00c3O"}},{"type":"Feature","geometry":{"type":"Point","coordinates":[-41.317008,-21.613308]},"properties":{"nome":"17416","tipo":"ponto","bairro":"TRAVESS\u00c3O"}},{"type":"Feature","geometry":{"type":"Point","coordinates":[-41.277062,-21.639296]},"properties":{"nome":"17417","tipo":"ponto","bairro":"TRAVESS\u00c3O"}},{"type":"Feature","geometry":{"type":"Point","coordinates":[-41.312403,-21.635783]},"properties":{"nome":"17418","tipo":"ponto","bairro":"TRAVESS\u00c3O"}},{"type":"Feature","geometry":{"type":"Point","coordinates":[-41.310613,-21.627715]},"properties":{"nome":"17419","tipo":"ponto","bairro":"TRAVESS\u00c3O"}},{"type":"Feature","geometry":{"type":"Point","coordinates":[-41.301397,-21.607746]},"properties":{"nome":"17422","tipo":"ponto","bairro":"TRAVESS\u00c3O"}},{"type":"Feature","geometry":{"type":"Point","coordinates":[-41.224674,-21.620853]},"properties":{"nome":"17423","tipo":"ponto","bairro":"TRAVESS\u00c3O"}},{"type":"Feature","geometry":{"type":"Point","coordinates":[-41.317318,-21.613306]},"properties":{"nome":"17516","tipo":"ponto","bairro":"TRAVESS\u00c3O"}},{"type":"Feature","geometry":{"type":"Point","coordinates":[-41.276696,-21.639017]},"properties":{"nome":"17517","tipo":"ponto","bairro":"TRAVESS\u00c3O"}},{"type":"Feature","geometry":{"type":"Point","coordinates":[-41.312366,-21.636007]},"properties":{"nome":"17518","tipo":"ponto","bairro":"TRAVESS\u00c3O"}},{"type":"Feature","geometry":{"type":"Point","coordinates":[-41.308615,-21.616793]},"properties":{"nome":"17521","tipo":"ponto","bairro":"TRAVESS\u00c3O"}},{"type":"Feature","geometry":{"type":"Point","coordinates":[-41.301415,-21.607999]},"properties":{"nome":"17522","tipo":"ponto","bairro":"TRAVESS\u00c3O"}},{"type":"Feature","geometry":{"type":"Point","coordinates":[-41.224355,-21.621877]},"properties":{"nome":"17523","tipo":"ponto","bairro":"TRAVESS\u00c3O"}},{"type":"Feature","geometry":{"type":"Point","coordinates":[-41.276306,-21.638752]},"properties":{"nome":"17617","tipo":"ponto","bairro":"TRAVESS\u00c3O"}},{"type":"Feature","geometry":{"type":"Point","coordinates":[-41.308311,-21.616809]},"properties":{"nome":"17621","tipo":"ponto","bairro":"TRAVESS\u00c3O"}},{"type":"Feature","geometry":{"type":"Point","coordinates":[-41.301426,-21.608316]},"properties":{"nome":"17622","tipo":"ponto","bairro":"TRAVESS\u00c3O"}},{"type":"Feature","geometry":{"type":"Point","coordinates":[-41.224048,-21.623233]},"properties":{"nome":"17623","tipo":"ponto","bairro":"TRAVESS\u00c3O"}},{"type":"Feature","geometry":{"type":"Point","coordinates":[-41.276153,-21.63846]},"properties":{"nome":"17717","tipo":"ponto","bairro":"TRAVESS\u00c3O"}},{"type":"Feature","geometry":{"type":"Point","coordinates":[-41.308021,-21.616814]},"properties":{"nome":"17721","tipo":"ponto","bairro":"TRAVESS\u00c3O"}},{"type":"Feature","geometry":{"type":"Point","coordinates":[-41.276072,-21.637721]},"properties":{"nome":"17817","tipo":"ponto","bairro":"TRAVESS\u00c3O"}},{"type":"Feature","geometry":{"type":"Point","coordinates":[-41.311463,-21.635039]},"properties":{"nome":"17818","tipo":"ponto","bairro":"TRAVESS\u00c3O"}},{"type":"Feature","geometry":{"type":"Point","coordinates":[-41.307826,-21.615563]},"properties":{"nome":"17821","tipo":"ponto","bairro":"TRAVESS\u00c3O"}},{"type":"Feature","geometry":{"type":"Point","coordinates":[-41.316159,-21.612693]},"properties":{"nome":"17916","tipo":"ponto","bairro":"TRAVESS\u00c3O"}},{"type":"Feature","geometry":{"type":"Point","coordinates":[-41.275924,-21.636997]},"properties":{"nome":"17917","tipo":"ponto","bairro":"TRAVESS\u00c3O"}},{"type":"Feature","geometry":{"type":"Point","coordinates":[-41.310863,-21.62862]},"properties":{"nome":"17919","tipo":"ponto","bairro":"TRAVESS\u00c3O"}},{"type":"Feature","geometry":{"type":"Point","coordinates":[-41.313255,-21.598883]},"properties":{"nome":"17920","tipo":"ponto","bairro":"TRAVESS\u00c3O"}},{"type":"Feature","geometry":{"type":"Point","coordinates":[-41.307789,-21.615871]},"properties":{"nome":"17921","tipo":"ponto","bairro":"TRAVESS\u00c3O"}},{"type":"Feature","geometry":{"type":"Point","coordinates":[-41.316456,-21.612663]},"properties":{"nome":"18016","tipo":"ponto","bairro":"TRAVESS\u00c3O"}},{"type":"Feature","geometry":{"type":"Point","coordinates":[-41.275756,-21.636554]},"properties":{"nome":"18017","tipo":"ponto","bairro":"TRAVESS\u00c3O"}},{"type":"Feature","geometry":{"type":"Point","coordinates":[-41.311494,-21.634743]},"properties":{"nome":"18018","tipo":"ponto","bairro":"TRAVESS\u00c3O"}},{"type":"Feature","geometry":{"type":"Point","coordinates":[-41.313233,-21.598796]},"properties":{"nome":"18020","tipo":"ponto","bairro":"TRAVESS\u00c3O"}},{"type":"Feature","geometry":{"type":"Point","coordinates":[-41.307776,-21.616102]},"properties":{"nome":"18021","tipo":"ponto","bairro":"TRAVESS\u00c3O"}},{"type":"Feature","geometry":{"type":"Point","coordinates":[-41.316873,-21.612661]},"properties":{"nome":"18116","tipo":"ponto","bairro":"TRAVESS\u00c3O"}},{"type":"Feature","geometry":{"type":"Point","coordinates":[-41.275649,-21.63581]},"properties":{"nome":"18117","tipo":"ponto","bairro":"TRAVESS\u00c3O"}},{"type":"Feature","geometry":{"type":"Point","coordinates":[-41.311743,-21.634732]},"properties":{"nome":"18118","tipo":"ponto","bairro":"TRAVESS\u00c3O"}},{"type":"Feature","geometry":{"type":"Point","coordinates":[-41.310305,-21.628137]},"properties":{"nome":"18119","tipo":"ponto","bairro":"TRAVESS\u00c3O"}},{"type":"Feature","geometry":{"type":"Point","coordinates":[-41.313226,-21.598719]},"properties":{"nome":"18120","tipo":"ponto","bairro":"TRAVESS\u00c3O"}},{"type":"Feature","geometry":{"type":"Point","coordinates":[-41.307761,-21.616273]},"properties":{"nome":"18121","tipo":"ponto","bairro":"TRAVESS\u00c3O"}},{"type":"Feature","geometry":{"type":"Point","coordinates":[-41.317206,-21.61263]},"properties":{"nome":"18216","tipo":"ponto","bairro":"TRAVESS\u00c3O"}},{"type":"Feature","geometry":{"type":"Point","coordinates":[-41.275669,-21.63507]},"properties":{"nome":"18217","tipo":"ponto","bairro":"TRAVESS\u00c3O"}},{"type":"Feature","geometry":{"type":"Point","coordinates":[-41.312163,-21.634784]},"properties":{"nome":"18218","tipo":"ponto","bairro":"TRAVESS\u00c3O"}},{"type":"Feature","geometry":{"type":"Point","coordinates":[-41.31014,-21.627851]},"properties":{"nome":"18219","tipo":"ponto","bairro":"TRAVESS\u00c3O"}},{"type":"Feature","geometry":{"type":"Point","coordinates":[-41.307796,-21.616321]},"properties":{"nome":"18221","tipo":"ponto","bairro":"TRAVESS\u00c3O"}},{"type":"Feature","geometry":{"type":"Point","coordinates":[-41.223044,-21.618621]},"properties":{"nome":"18223","tipo":"ponto","bairro":"TRAVESS\u00c3O"}},{"type":"Feature","geometry":{"type":"Point","coordinates":[-41.275642,-21.634344]},"properties":{"nome":"18317","tipo":"ponto","bairro":"TRAVESS\u00c3O"}},{"type":"Feature","geometry":{"type":"Point","coordinates":[-41.312369,-21.634764]},"properties":{"nome":"18318","tipo":"ponto","bairro":"TRAVESS\u00c3O"}},{"type":"Feature","geometry":{"type":"Point","coordinates":[-41.308152,-21.616311]},"properties":{"nome":"18321","tipo":"ponto","bairro":"TRAVESS\u00c3O"}},{"type":"Feature","geometry":{"type":"Point","coordinates":[-41.222372,-21.618446]},"properties":{"nome":"18323","tipo":"ponto","bairro":"TRAVESS\u00c3O"}},{"type":"Feature","geometry":{"type":"Point","coordinates":[-41.275566,-21.633597]},"properties":{"nome":"18417","tipo":"ponto","bairro":"TRAVESS\u00c3O"}},{"type":"Feature","geometry":{"type":"Point","coordinates":[-41.31261,-21.63441]},"properties":{"nome":"18418","tipo":"ponto","bairro":"TRAVESS\u00c3O"}},{"type":"Feature","geometry":{"type":"Point","coordinates":[-41.302139,-21.608565]},"properties":{"nome":"18422","tipo":"ponto","bairro":"TRAVESS\u00c3O"}},{"type":"Feature","geometry":{"type":"Point","coordinates":[-41.221847,-21.618342]},"properties":{"nome":"18423","tipo":"ponto","bairro":"TRAVESS\u00c3O"}},{"type":"Feature","geometry":{"type":"Point","coordinates":[-41.309726,-21.627203]},"properties":{"nome":"18519","tipo":"ponto","bairro":"TRAVESS\u00c3O"}},{"type":"Feature","geometry":{"type":"Point","coordinates":[-41.302121,-21.608221]},"properties":{"nome":"18522","tipo":"ponto","bairro":"TRAVESS\u00c3O"}},{"type":"Feature","geometry":{"type":"Point","coordinates":[-41.221475,-21.618271]},"properties":{"nome":"18523","tipo":"ponto","bairro":"TRAVESS\u00c3O"}},{"type":"Feature","geometry":{"type":"Point","coordinates":[-41.275477,-21.6328]},"properties":{"nome":"18617","tipo":"ponto","bairro":"TRAVESS\u00c3O"}},{"type":"Feature","geometry":{"type":"Point","coordinates":[-41.312625,-21.634131]},"properties":{"nome":"18618","tipo":"ponto","bairro":"TRAVESS\u00c3O"}},{"type":"Feature","geometry":{"type":"Point","coordinates":[-41.309558,-21.626891]},"properties":{"nome":"18619","tipo":"ponto","bairro":"TRAVESS\u00c3O"}},{"type":"Feature","geometry":{"type":"Point","coordinates":[-41.302109,-21.607905]},"properties":{"nome":"18622","tipo":"ponto","bairro":"TRAVESS\u00c3O"}},{"type":"Feature","geometry":{"type":"Point","coordinates":[-41.220434,-21.618034]},"properties":{"nome":"18623","tipo":"ponto","bairro":"TRAVESS\u00c3O"}},{"type":"Feature","geometry":{"type":"Point","coordinates":[-41.309493,-21.626787]},"properties":{"nome":"18719","tipo":"ponto","bairro":"TRAVESS\u00c3O"}},{"type":"Feature","geometry":{"type":"Point","coordinates":[-41.313044,-21.597751]},"properties":{"nome":"18720","tipo":"ponto","bairro":"TRAVESS\u00c3O"}},{"type":"Feature","geometry":{"type":"Point","coordinates":[-41.302095,-21.6076]},"properties":{"nome":"18722","tipo":"ponto","bairro":"TRAVESS\u00c3O"}},{"type":"Feature","geometry":{"type":"Point","coordinates":[-41.219635,-21.617864]},"properties":{"nome":"18723","tipo":"ponto","bairro":"TRAVESS\u00c3O"}},{"type":"Feature","geometry":{"type":"Point","coordinates":[-41.318623,-21.612466]},"properties":{"nome":"18816","tipo":"ponto","bairro":"TRAVESS\u00c3O"}},{"type":"Feature","geometry":{"type":"Point","coordinates":[-41.312386,-21.63411]},"properties":{"nome":"18818","tipo":"ponto","bairro":"TRAVESS\u00c3O"}},{"type":"Feature","geometry":{"type":"Point","coordinates":[-41.309226,-21.626352]},"properties":{"nome":"18819","tipo":"ponto","bairro":"TRAVESS\u00c3O"}},{"type":"Feature","geometry":{"type":"Point","coordinates":[-41.302076,-21.60728]},"properties":{"nome":"18822","tipo":"ponto","bairro":"TRAVESS\u00c3O"}},{"type":"Feature","geometry":{"type":"Point","coordinates":[-41.318964,-21.612461]},"properties":{"nome":"18916","tipo":"ponto","bairro":"TRAVESS\u00c3O"}},{"type":"Feature","geometry":{"type":"Point","coordinates":[-41.3122,-21.634091]},"properties":{"nome":"18918","tipo":"ponto","bairro":"TRAVESS\u00c3O"}},{"type":"Feature","geometry":{"type":"Point","coordinates":[-41.309258,-21.626289]},"properties":{"nome":"18919","tipo":"ponto","bairro":"TRAVESS\u00c3O"}},{"type":"Feature","geometry":{"type":"Point","coordinates":[-41.312448,-21.597966]},"properties":{"nome":"18920","tipo":"ponto","bairro":"TRAVESS\u00c3O"}},{"type":"Feature","geometry":{"type":"Point","coordinates":[-41.218921,-21.616771]},"properties":{"nome":"18923","tipo":"ponto","bairro":"TRAVESS\u00c3O"}},{"type":"Feature","geometry":{"type":"Point","coordinates":[-41.319337,-21.612303]},"properties":{"nome":"19016","tipo":"ponto","bairro":"TRAVESS\u00c3O"}},{"type":"Feature","geometry":{"type":"Point","coordinates":[-41.274965,-21.631916]},"properties":{"nome":"19017","tipo":"ponto","bairro":"TRAVESS\u00c3O"}},{"type":"Feature","geometry":{"type":"Point","coordinates":[-41.311918,-21.634075]},"properties":{"nome":"19018","tipo":"ponto","bairro":"TRAVESS\u00c3O"}},{"type":"Feature","geometry":{"type":"Point","coordinates":[-41.30938,-21.626091]},"properties":{"nome":"19019","tipo":"ponto","bairro":"TRAVESS\u00c3O"}},{"type":"Feature","geometry":{"type":"Point","coordinates":[-41.219044,-21.615359]},"properties":{"nome":"19023","tipo":"ponto","bairro":"TRAVESS\u00c3O"}},{"type":"Feature","geometry":{"type":"Point","coordinates":[-41.274745,-21.631905]},"properties":{"nome":"19115","tipo":"ponto","bairro":"TRAVESS\u00c3O"}},{"type":"Feature","geometry":{"type":"Point","coordinates":[-41.311533,-21.634054]},"properties":{"nome":"19116","tipo":"ponto","bairro":"TRAVESS\u00c3O"}},{"type":"Feature","geometry":{"type":"Point","coordinates":[-41.309483,-21.625935]},"properties":{"nome":"19117","tipo":"ponto","bairro":"TRAVESS\u00c3O"}},{"type":"Feature","geometry":{"type":"Point","coordinates":[-41.312479,-21.598299]},"properties":{"nome":"19118","tipo":"ponto","bairro":"TRAVESS\u00c3O"}},{"type":"Feature","geometry":{"type":"Point","coordinates":[-41.309423,-21.61665]},"properties":{"nome":"19119","tipo":"ponto","bairro":"TRAVESS\u00c3O"}},{"type":"Feature","geometry":{"type":"Point","coordinates":[-41.219304,-21.61399]},"properties":{"nome":"19121","tipo":"ponto","bairro":"TRAVESS\u00c3O"}},{"type":"Feature","geometry":{"type":"Point","coordinates":[-41.319309,-21.611812]},"properties":{"nome":"19214","tipo":"ponto","bairro":"TRAVESS\u00c3O"}},{"type":"Feature","geometry":{"type":"Point","coordinates":[-41.274366,-21.63196]},"properties":{"nome":"19215","tipo":"ponto","bairro":"TRAVESS\u00c3O"}},{"type":"Feature","geometry":{"type":"Point","coordinates":[-41.309446,-21.616831]},"properties":{"nome":"19219","tipo":"ponto","bairro":"TRAVESS\u00c3O"}},{"type":"Feature","geometry":{"type":"Point","coordinates":[-41.319281,-21.611469]},"properties":{"nome":"19313","tipo":"ponto","bairro":"TRAVESS\u00c3O"}},{"type":"Feature","geometry":{"type":"Point","coordinates":[-41.273943,-21.632021]},"properties":{"nome":"19314","tipo":"ponto","bairro":"TRAVESS\u00c3O"}},{"type":"Feature","geometry":{"type":"Point","coordinates":[-41.311438,-21.634315]},"properties":{"nome":"19315","tipo":"ponto","bairro":"TRAVESS\u00c3O"}},{"type":"Feature","geometry":{"type":"Point","coordinates":[-41.309634,-21.625695]},"properties":{"nome":"19316","tipo":"ponto","bairro":"TRAVESS\u00c3O"}},{"type":"Feature","geometry":{"type":"Point","coordinates":[-41.312678,-21.598624]},"properties":{"nome":"19317","tipo":"ponto","bairro":"TRAVESS\u00c3O"}},{"type":"Feature","geometry":{"type":"Point","coordinates":[-41.301698,-21.607036]},"properties":{"nome":"19319","tipo":"ponto","bairro":"TRAVESS\u00c3O"}},{"type":"Feature","geometry":{"type":"Point","coordinates":[-41.319263,-21.611104]},"properties":{"nome":"19413","tipo":"ponto","bairro":"TRAVESS\u00c3O"}},{"type":"Feature","geometry":{"type":"Point","coordinates":[-41.309748,-21.625527]},"properties":{"nome":"19416","tipo":"ponto","bairro":"TRAVESS\u00c3O"}},{"type":"Feature","geometry":{"type":"Point","coordinates":[-41.312405,-21.59864]},"properties":{"nome":"19417","tipo":"ponto","bairro":"TRAVESS\u00c3O"}},{"type":"Feature","geometry":{"type":"Point","coordinates":[-41.309457,-21.617084]},"properties":{"nome":"19418","tipo":"ponto","bairro":"TRAVESS\u00c3O"}},{"type":"Feature","geometry":{"type":"Point","coordinates":[-41.219444,-21.613113]},"properties":{"nome":"19420","tipo":"ponto","bairro":"TRAVESS\u00c3O"}},{"type":"Feature","geometry":{"type":"Point","coordinates":[-41.273523,-21.632076]},"properties":{"nome":"19514","tipo":"ponto","bairro":"TRAVESS\u00c3O"}},{"type":"Feature","geometry":{"type":"Point","coordinates":[-41.313212,-21.598483]},"properties":{"nome":"19517","tipo":"ponto","bairro":"TRAVESS\u00c3O"}},{"type":"Feature","geometry":{"type":"Point","coordinates":[-41.309464,-21.61724]},"properties":{"nome":"19518","tipo":"ponto","bairro":"TRAVESS\u00c3O"}},{"type":"Feature","geometry":{"type":"Point","coordinates":[-41.319214,-21.610413]},"properties":{"nome":"19612","tipo":"ponto","bairro":"TRAVESS\u00c3O"}},{"type":"Feature","geometry":{"type":"Point","coordinates":[-41.311415,-21.633846]},"properties":{"nome":"19614","tipo":"ponto","bairro":"TRAVESS\u00c3O"}},{"type":"Feature","geometry":{"type":"Point","coordinates":[-41.313484,-21.598454]},"properties":{"nome":"19616","tipo":"ponto","bairro":"TRAVESS\u00c3O"}},{"type":"Feature","geometry":{"type":"Point","coordinates":[-41.319183,-21.61009]},"properties":{"nome":"19712","tipo":"ponto","bairro":"TRAVESS\u00c3O"}},{"type":"Feature","geometry":{"type":"Point","coordinates":[-41.27274,-21.632029]},"properties":{"nome":"19713","tipo":"ponto","bairro":"TRAVESS\u00c3O"}},{"type":"Feature","geometry":{"type":"Point","coordinates":[-41.313755,-21.598428]},"properties":{"nome":"19716","tipo":"ponto","bairro":"TRAVESS\u00c3O"}},{"type":"Feature","geometry":{"type":"Point","coordinates":[-41.302687,-21.607367]},"properties":{"nome":"19718","tipo":"ponto","bairro":"TRAVESS\u00c3O"}},{"type":"Feature","geometry":{"type":"Point","coordinates":[-41.272357,-21.632017]},"properties":{"nome":"19813","tipo":"ponto","bairro":"TRAVESS\u00c3O"}},{"type":"Feature","geometry":{"type":"Point","coordinates":[-41.309891,-21.625855]},"properties":{"nome":"19815","tipo":"ponto","bairro":"TRAVESS\u00c3O"}},{"type":"Feature","geometry":{"type":"Point","coordinates":[-41.302708,-21.607701]},"properties":{"nome":"19818","tipo":"ponto","bairro":"TRAVESS\u00c3O"}},{"type":"Feature","geometry":{"type":"Point","coordinates":[-41.31877,-21.611985]},"properties":{"nome":"19912","tipo":"ponto","bairro":"TRAVESS\u00c3O"}},{"type":"Feature","geometry":{"type":"Point","coordinates":[-41.271953,-21.63202]},"properties":{"nome":"19913","tipo":"ponto","bairro":"TRAVESS\u00c3O"}},{"type":"Feature","geometry":{"type":"Point","coordinates":[-41.311698,-21.633444]},"properties":{"nome":"19914","tipo":"ponto","bairro":"TRAVESS\u00c3O"}},{"type":"Feature","geometry":{"type":"Point","coordinates":[-41.311616,-21.615873]},"properties":{"nome":"19917","tipo":"ponto","bairro":"TRAVESS\u00c3O"}},{"type":"Feature","geometry":{"type":"Point","coordinates":[-41.302738,-21.608021]},"properties":{"nome":"19918","tipo":"ponto","bairro":"TRAVESS\u00c3O"}},{"type":"Feature","geometry":{"type":"Point","coordinates":[-41.318542,-21.611964]},"properties":{"nome":"20012","tipo":"ponto","bairro":"TRAVESS\u00c3O"}},{"type":"Feature","geometry":{"type":"Point","coordinates":[-41.271579,-21.632044]},"properties":{"nome":"20013","tipo":"ponto","bairro":"TRAVESS\u00c3O"}},{"type":"Feature","geometry":{"type":"Point","coordinates":[-41.312122,-21.633454]},"properties":{"nome":"20014","tipo":"ponto","bairro":"TRAVESS\u00c3O"}},{"type":"Feature","geometry":{"type":"Point","coordinates":[-41.309893,-21.626324]},"properties":{"nome":"20015","tipo":"ponto","bairro":"TRAVESS\u00c3O"}},{"type":"Feature","geometry":{"type":"Point","coordinates":[-41.311602,-21.615676]},"properties":{"nome":"20017","tipo":"ponto","bairro":"TRAVESS\u00c3O"}},{"type":"Feature","geometry":{"type":"Point","coordinates":[-41.302749,-21.608342]},"properties":{"nome":"20018","tipo":"ponto","bairro":"TRAVESS\u00c3O"}},{"type":"Feature","geometry":{"type":"Point","coordinates":[-41.271368,-21.632059]},"properties":{"nome":"20113","tipo":"ponto","bairro":"TRAVESS\u00c3O"}},{"type":"Feature","geometry":{"type":"Point","coordinates":[-41.312466,-21.633444]},"properties":{"nome":"20114","tipo":"ponto","bairro":"TRAVESS\u00c3O"}},{"type":"Feature","geometry":{"type":"Point","coordinates":[-41.31415,-21.598119]},"properties":{"nome":"20116","tipo":"ponto","bairro":"TRAVESS\u00c3O"}},{"type":"Feature","geometry":{"type":"Point","coordinates":[-41.311659,-21.615499]},"properties":{"nome":"20117","tipo":"ponto","bairro":"TRAVESS\u00c3O"}},{"type":"Feature","geometry":{"type":"Point","coordinates":[-41.219756,-21.610871]},"properties":{"nome":"20119","tipo":"ponto","bairro":"TRAVESS\u00c3O"}},{"type":"Feature","geometry":{"type":"Point","coordinates":[-41.271176,-21.632076]},"properties":{"nome":"20212","tipo":"ponto","bairro":"TRAVESS\u00c3O"}},{"type":"Feature","geometry":{"type":"Point","coordinates":[-41.312366,-21.633473]},"properties":{"nome":"20213","tipo":"ponto","bairro":"TRAVESS\u00c3O"}},{"type":"Feature","geometry":{"type":"Point","coordinates":[-41.309873,-21.626819]},"properties":{"nome":"20214","tipo":"ponto","bairro":"TRAVESS\u00c3O"}},{"type":"Feature","geometry":{"type":"Point","coordinates":[-41.314099,-21.597812]},"properties":{"nome":"20215","tipo":"ponto","bairro":"TRAVESS\u00c3O"}},{"type":"Feature","geometry":{"type":"Point","coordinates":[-41.3117,-21.615283]},"properties":{"nome":"20216","tipo":"ponto","bairro":"TRAVESS\u00c3O"}},{"type":"Feature","geometry":{"type":"Point","coordinates":[-41.219835,-21.610346]},"properties":{"nome":"20218","tipo":"ponto","bairro":"TRAVESS\u00c3O"}},{"type":"Feature","geometry":{"type":"Point","coordinates":[-41.317978,-21.612234]},"properties":{"nome":"20311","tipo":"ponto","bairro":"TRAVESS\u00c3O"}},{"type":"Feature","geometry":{"type":"Point","coordinates":[-41.270963,-21.632098]},"properties":{"nome":"20312","tipo":"ponto","bairro":"TRAVESS\u00c3O"}},{"type":"Feature","geometry":{"type":"Point","coordinates":[-41.312611,-21.633489]},"properties":{"nome":"20313","tipo":"ponto","bairro":"TRAVESS\u00c3O"}},{"type":"Feature","geometry":{"type":"Point","coordinates":[-41.314352,-21.598344]},"properties":{"nome":"20315","tipo":"ponto","bairro":"TRAVESS\u00c3O"}},{"type":"Feature","geometry":{"type":"Point","coordinates":[-41.311682,-21.615165]},"properties":{"nome":"20316","tipo":"ponto","bairro":"TRAVESS\u00c3O"}},{"type":"Feature","geometry":{"type":"Point","coordinates":[-41.220063,-21.611464]},"properties":{"nome":"20318","tipo":"ponto","bairro":"TRAVESS\u00c3O"}},{"type":"Feature","geometry":{"type":"Point","coordinates":[-41.317735,-21.612431]},"properties":{"nome":"20411","tipo":"ponto","bairro":"TRAVESS\u00c3O"}},{"type":"Feature","geometry":{"type":"Point","coordinates":[-41.270773,-21.632118]},"properties":{"nome":"20412","tipo":"ponto","bairro":"TRAVESS\u00c3O"}},{"type":"Feature","geometry":{"type":"Point","coordinates":[-41.312775,-21.632945]},"properties":{"nome":"20413","tipo":"ponto","bairro":"TRAVESS\u00c3O"}},{"type":"Feature","geometry":{"type":"Point","coordinates":[-41.314715,-21.598317]},"properties":{"nome":"20415","tipo":"ponto","bairro":"TRAVESS\u00c3O"}},{"type":"Feature","geometry":{"type":"Point","coordinates":[-41.220737,-21.611556]},"properties":{"nome":"20418","tipo":"ponto","bairro":"TRAVESS\u00c3O"}},{"type":"Feature","geometry":{"type":"Point","coordinates":[-41.270403,-21.632136]},"properties":{"nome":"20512","tipo":"ponto","bairro":"TRAVESS\u00c3O"}},{"type":"Feature","geometry":{"type":"Point","coordinates":[-41.312836,-21.632838]},"properties":{"nome":"20513","tipo":"ponto","bairro":"TRAVESS\u00c3O"}},{"type":"Feature","geometry":{"type":"Point","coordinates":[-41.31502,-21.598271]},"properties":{"nome":"20515","tipo":"ponto","bairro":"TRAVESS\u00c3O"}},{"type":"Feature","geometry":{"type":"Point","coordinates":[-41.300294,-21.61033]},"properties":{"nome":"20517","tipo":"ponto","bairro":"TRAVESS\u00c3O"}},{"type":"Feature","geometry":{"type":"Point","coordinates":[-41.22113,-21.611605]},"properties":{"nome":"20518","tipo":"ponto","bairro":"TRAVESS\u00c3O"}},{"type":"Feature","geometry":{"type":"Point","coordinates":[-41.317763,-21.611959]},"properties":{"nome":"20611","tipo":"ponto","bairro":"TRAVESS\u00c3O"}},{"type":"Feature","geometry":{"type":"Point","coordinates":[-41.312484,-21.632792]},"properties":{"nome":"20613","tipo":"ponto","bairro":"TRAVESS\u00c3O"}},{"type":"Feature","geometry":{"type":"Point","coordinates":[-41.300324,-21.610635]},"properties":{"nome":"20617","tipo":"ponto","bairro":"TRAVESS\u00c3O"}},{"type":"Feature","geometry":{"type":"Point","coordinates":[-41.312206,-21.632785]},"properties":{"nome":"20713","tipo":"ponto","bairro":"TRAVESS\u00c3O"}},{"type":"Feature","geometry":{"type":"Point","coordinates":[-41.312772,-21.598974]},"properties":{"nome":"20715","tipo":"ponto","bairro":"TRAVESS\u00c3O"}},{"type":"Feature","geometry":{"type":"Point","coordinates":[-41.317346,-21.612179]},"properties":{"nome":"20811","tipo":"ponto","bairro":"TRAVESS\u00c3O"}},{"type":"Feature","geometry":{"type":"Point","coordinates":[-41.270258,-21.631741]},"properties":{"nome":"20812","tipo":"ponto","bairro":"TRAVESS\u00c3O"}},{"type":"Feature","geometry":{"type":"Point","coordinates":[-41.311888,-21.632752]},"properties":{"nome":"20813","tipo":"ponto","bairro":"TRAVESS\u00c3O"}},{"type":"Feature","geometry":{"type":"Point","coordinates":[-41.310135,-21.624943]},"properties":{"nome":"20814","tipo":"ponto","bairro":"TRAVESS\u00c3O"}},{"type":"Feature","geometry":{"type":"Point","coordinates":[-41.312439,-21.599014]},"properties":{"nome":"20815","tipo":"ponto","bairro":"TRAVESS\u00c3O"}},{"type":"Feature","geometry":{"type":"Point","coordinates":[-41.311273,-21.614629]},"properties":{"nome":"20816","tipo":"ponto","bairro":"TRAVESS\u00c3O"}},{"type":"Feature","geometry":{"type":"Point","coordinates":[-41.300368,-21.611227]},"properties":{"nome":"20817","tipo":"ponto","bairro":"TRAVESS\u00c3O"}},{"type":"Feature","geometry":{"type":"Point","coordinates":[-41.317015,-21.612217]},"properties":{"nome":"20911","tipo":"ponto","bairro":"TRAVESS\u00c3O"}},{"type":"Feature","geometry":{"type":"Point","coordinates":[-41.270148,-21.631364]},"properties":{"nome":"20912","tipo":"ponto","bairro":"TRAVESS\u00c3O"}},{"type":"Feature","geometry":{"type":"Point","coordinates":[-41.311515,-21.632736]},"properties":{"nome":"20913","tipo":"ponto","bairro":"TRAVESS\u00c3O"}},{"type":"Feature","geometry":{"type":"Point","coordinates":[-41.310972,-21.614647]},"properties":{"nome":"20916","tipo":"ponto","bairro":"TRAVESS\u00c3O"}},{"type":"Feature","geometry":{"type":"Point","coordinates":[-41.300409,-21.611566]},"properties":{"nome":"20917","tipo":"ponto","bairro":"TRAVESS\u00c3O"}},{"type":"Feature","geometry":{"type":"Point","coordinates":[-41.221558,-21.610731]},"properties":{"nome":"20918","tipo":"ponto","bairro":"TRAVESS\u00c3O"}},{"type":"Feature","geometry":{"type":"Point","coordinates":[-41.316692,-21.612251]},"properties":{"nome":"21011","tipo":"ponto","bairro":"TRAVESS\u00c3O"}},{"type":"Feature","geometry":{"type":"Point","coordinates":[-41.270107,-21.631042]},"properties":{"nome":"21012","tipo":"ponto","bairro":"TRAVESS\u00c3O"}},{"type":"Feature","geometry":{"type":"Point","coordinates":[-41.310397,-21.624548]},"properties":{"nome":"21014","tipo":"ponto","bairro":"TRAVESS\u00c3O"}},{"type":"Feature","geometry":{"type":"Point","coordinates":[-41.312764,-21.599402]},"properties":{"nome":"21015","tipo":"ponto","bairro":"TRAVESS\u00c3O"}},{"type":"Feature","geometry":{"type":"Point","coordinates":[-41.300438,-21.611884]},"properties":{"nome":"21017","tipo":"ponto","bairro":"TRAVESS\u00c3O"}},{"type":"Feature","geometry":{"type":"Point","coordinates":[-41.316389,-21.612251]},"properties":{"nome":"21111","tipo":"ponto","bairro":"TRAVESS\u00c3O"}},{"type":"Feature","geometry":{"type":"Point","coordinates":[-41.270043,-21.630695]},"properties":{"nome":"21112","tipo":"ponto","bairro":"TRAVESS\u00c3O"}},{"type":"Feature","geometry":{"type":"Point","coordinates":[-41.311434,-21.632934]},"properties":{"nome":"21113","tipo":"ponto","bairro":"TRAVESS\u00c3O"}},{"type":"Feature","geometry":{"type":"Point","coordinates":[-41.314756,-21.619322]},"properties":{"nome":"21114","tipo":"ponto","bairro":"TRAVESS\u00c3O"}},{"type":"Feature","geometry":{"type":"Point","coordinates":[-41.312367,-21.599451]},"properties":{"nome":"21115","tipo":"ponto","bairro":"TRAVESS\u00c3O"}},{"type":"Feature","geometry":{"type":"Point","coordinates":[-41.222457,-21.611435]},"properties":{"nome":"21118","tipo":"ponto","bairro":"TRAVESS\u00c3O"}},{"type":"Feature","geometry":{"type":"Point","coordinates":[-41.269993,-21.630357]},"properties":{"nome":"21212","tipo":"ponto","bairro":"TRAVESS\u00c3O"}},{"type":"Feature","geometry":{"type":"Point","coordinates":[-41.314723,-21.619051]},"properties":{"nome":"21214","tipo":"ponto","bairro":"TRAVESS\u00c3O"}},{"type":"Feature","geometry":{"type":"Point","coordinates":[-41.310611,-21.61526]},"properties":{"nome":"21216","tipo":"ponto","bairro":"TRAVESS\u00c3O"}},{"type":"Feature","geometry":{"type":"Point","coordinates":[-41.222252,-21.612226]},"properties":{"nome":"21218","tipo":"ponto","bairro":"TRAVESS\u00c3O"}},{"type":"Feature","geometry":{"type":"Point","coordinates":[-41.270027,-21.632149]},"properties":{"nome":"21312","tipo":"ponto","bairro":"TRAVESS\u00c3O"}},{"type":"Feature","geometry":{"type":"Point","coordinates":[-41.314655,-21.619007]},"properties":{"nome":"21314","tipo":"ponto","bairro":"TRAVESS\u00c3O"}},{"type":"Feature","geometry":{"type":"Point","coordinates":[-41.313089,-21.599947]},"properties":{"nome":"21315","tipo":"ponto","bairro":"TRAVESS\u00c3O"}},{"type":"Feature","geometry":{"type":"Point","coordinates":[-41.310634,-21.615588]},"properties":{"nome":"21316","tipo":"ponto","bairro":"TRAVESS\u00c3O"}},{"type":"Feature","geometry":{"type":"Point","coordinates":[-41.222229,-21.61252]},"properties":{"nome":"21318","tipo":"ponto","bairro":"TRAVESS\u00c3O"}},{"type":"Feature","geometry":{"type":"Point","coordinates":[-41.269633,-21.632169]},"properties":{"nome":"21412","tipo":"ponto","bairro":"TRAVESS\u00c3O"}},{"type":"Feature","geometry":{"type":"Point","coordinates":[-41.311431,-21.632547]},"properties":{"nome":"21413","tipo":"ponto","bairro":"TRAVESS\u00c3O"}},{"type":"Feature","geometry":{"type":"Point","coordinates":[-41.314496,-21.619005]},"properties":{"nome":"21414","tipo":"ponto","bairro":"TRAVESS\u00c3O"}},{"type":"Feature","geometry":{"type":"Point","coordinates":[-41.312802,-21.599968]},"properties":{"nome":"21415","tipo":"ponto","bairro":"TRAVESS\u00c3O"}},{"type":"Feature","geometry":{"type":"Point","coordinates":[-41.219905,-21.612288]},"properties":{"nome":"21418","tipo":"ponto","bairro":"TRAVESS\u00c3O"}},{"type":"Feature","geometry":{"type":"Point","coordinates":[-41.314251,-21.619015]},"properties":{"nome":"21514","tipo":"ponto","bairro":"TRAVESS\u00c3O"}},{"type":"Feature","geometry":{"type":"Point","coordinates":[-41.312449,-21.599999]},"properties":{"nome":"21515","tipo":"ponto","bairro":"TRAVESS\u00c3O"}},{"type":"Feature","geometry":{"type":"Point","coordinates":[-41.300579,-21.614762]},"properties":{"nome":"21517","tipo":"ponto","bairro":"TRAVESS\u00c3O"}},{"type":"Feature","geometry":{"type":"Point","coordinates":[-41.220235,-21.612364]},"properties":{"nome":"21518","tipo":"ponto","bairro":"TRAVESS\u00c3O"}},{"type":"Feature","geometry":{"type":"Point","coordinates":[-41.26883,-21.632206]},"properties":{"nome":"21612","tipo":"ponto","bairro":"TRAVESS\u00c3O"}},{"type":"Feature","geometry":{"type":"Point","coordinates":[-41.313968,-21.619022]},"properties":{"nome":"21614","tipo":"ponto","bairro":"TRAVESS\u00c3O"}},{"type":"Feature","geometry":{"type":"Point","coordinates":[-41.310427,-21.615778]},"properties":{"nome":"21616","tipo":"ponto","bairro":"TRAVESS\u00c3O"}},{"type":"Feature","geometry":{"type":"Point","coordinates":[-41.300598,-21.615408]},"properties":{"nome":"21617","tipo":"ponto","bairro":"TRAVESS\u00c3O"}},{"type":"Feature","geometry":{"type":"Point","coordinates":[-41.268433,-21.632238]},"properties":{"nome":"21712","tipo":"ponto","bairro":"TRAVESS\u00c3O"}},{"type":"Feature","geometry":{"type":"Point","coordinates":[-41.313742,-21.619014]},"properties":{"nome":"21714","tipo":"ponto","bairro":"TRAVESS\u00c3O"}},{"type":"Feature","geometry":{"type":"Point","coordinates":[-41.313136,-21.600464]},"properties":{"nome":"21715","tipo":"ponto","bairro":"TRAVESS\u00c3O"}},{"type":"Feature","geometry":{"type":"Point","coordinates":[-41.310416,-21.61546]},"properties":{"nome":"21716","tipo":"ponto","bairro":"TRAVESS\u00c3O"}},{"type":"Feature","geometry":{"type":"Point","coordinates":[-41.300618,-21.61605]},"properties":{"nome":"21717","tipo":"ponto","bairro":"TRAVESS\u00c3O"}},{"type":"Feature","geometry":{"type":"Point","coordinates":[-41.221255,-21.612389]},"properties":{"nome":"21718","tipo":"ponto","bairro":"TRAVESS\u00c3O"}},{"type":"Feature","geometry":{"type":"Point","coordinates":[-41.316257,-21.611895]},"properties":{"nome":"21811","tipo":"ponto","bairro":"TRAVESS\u00c3O"}},{"type":"Feature","geometry":{"type":"Point","coordinates":[-41.268063,-21.632265]},"properties":{"nome":"21812","tipo":"ponto","bairro":"TRAVESS\u00c3O"}},{"type":"Feature","geometry":{"type":"Point","coordinates":[-41.311727,-21.63205]},"properties":{"nome":"21813","tipo":"ponto","bairro":"TRAVESS\u00c3O"}},{"type":"Feature","geometry":{"type":"Point","coordinates":[-41.312903,-21.600473]},"properties":{"nome":"21815","tipo":"ponto","bairro":"TRAVESS\u00c3O"}},{"type":"Feature","geometry":{"type":"Point","coordinates":[-41.310415,-21.615166]},"properties":{"nome":"21816","tipo":"ponto","bairro":"TRAVESS\u00c3O"}},{"type":"Feature","geometry":{"type":"Point","coordinates":[-41.300639,-21.616737]},"properties":{"nome":"21817","tipo":"ponto","bairro":"TRAVESS\u00c3O"}},{"type":"Feature","geometry":{"type":"Point","coordinates":[-41.316605,-21.611841]},"properties":{"nome":"21911","tipo":"ponto","bairro":"TRAVESS\u00c3O"}},{"type":"Feature","geometry":{"type":"Point","coordinates":[-41.267691,-21.632315]},"properties":{"nome":"21912","tipo":"ponto","bairro":"TRAVESS\u00c3O"}},{"type":"Feature","geometry":{"type":"Point","coordinates":[-41.312135,-21.632093]},"properties":{"nome":"21913","tipo":"ponto","bairro":"TRAVESS\u00c3O"}},{"type":"Feature","geometry":{"type":"Point","coordinates":[-41.312725,-21.600489]},"properties":{"nome":"21915","tipo":"ponto","bairro":"TRAVESS\u00c3O"}},{"type":"Feature","geometry":{"type":"Point","coordinates":[-41.310422,-21.614916]},"properties":{"nome":"21916","tipo":"ponto","bairro":"TRAVESS\u00c3O"}},{"type":"Feature","geometry":{"type":"Point","coordinates":[-41.316951,-21.61183]},"properties":{"nome":"22011","tipo":"ponto","bairro":"TRAVESS\u00c3O"}},{"type":"Feature","geometry":{"type":"Point","coordinates":[-41.267297,-21.632334]},"properties":{"nome":"22012","tipo":"ponto","bairro":"TRAVESS\u00c3O"}},{"type":"Feature","geometry":{"type":"Point","coordinates":[-41.313418,-21.619147]},"properties":{"nome":"22014","tipo":"ponto","bairro":"TRAVESS\u00c3O"}},{"type":"Feature","geometry":{"type":"Point","coordinates":[-41.312507,-21.600505]},"properties":{"nome":"22015","tipo":"ponto","bairro":"TRAVESS\u00c3O"}},{"type":"Feature","geometry":{"type":"Point","coordinates":[-41.310445,-21.614668]},"properties":{"nome":"22016","tipo":"ponto","bairro":"TRAVESS\u00c3O"}},{"type":"Feature","geometry":{"type":"Point","coordinates":[-41.29963,-21.60922]},"properties":{"nome":"22017","tipo":"ponto","bairro":"TRAVESS\u00c3O"}},{"type":"Feature","geometry":{"type":"Point","coordinates":[-41.317273,-21.611797]},"properties":{"nome":"22111","tipo":"ponto","bairro":"TRAVESS\u00c3O"}},{"type":"Feature","geometry":{"type":"Point","coordinates":[-41.266911,-21.632364]},"properties":{"nome":"22112","tipo":"ponto","bairro":"TRAVESS\u00c3O"}},{"type":"Feature","geometry":{"type":"Point","coordinates":[-41.312439,-21.632082]},"properties":{"nome":"22113","tipo":"ponto","bairro":"TRAVESS\u00c3O"}},{"type":"Feature","geometry":{"type":"Point","coordinates":[-41.313441,-21.619353]},"properties":{"nome":"22114","tipo":"ponto","bairro":"TRAVESS\u00c3O"}},{"type":"Feature","geometry":{"type":"Point","coordinates":[-41.310203,-21.616063]},"properties":{"nome":"22116","tipo":"ponto","bairro":"TRAVESS\u00c3O"}},{"type":"Feature","geometry":{"type":"Point","coordinates":[-41.298876,-21.609345]},"properties":{"nome":"22117","tipo":"ponto","bairro":"TRAVESS\u00c3O"}},{"type":"Feature","geometry":{"type":"Point","coordinates":[-41.317594,-21.611781]},"properties":{"nome":"22211","tipo":"ponto","bairro":"TRAVESS\u00c3O"}},{"type":"Feature","geometry":{"type":"Point","coordinates":[-41.266505,-21.63238]},"properties":{"nome":"22212","tipo":"ponto","bairro":"TRAVESS\u00c3O"}},{"type":"Feature","geometry":{"type":"Point","coordinates":[-41.312663,-21.632093]},"properties":{"nome":"22213","tipo":"ponto","bairro":"TRAVESS\u00c3O"}},{"type":"Feature","geometry":{"type":"Point","coordinates":[-41.312925,-21.600608]},"properties":{"nome":"22215","tipo":"ponto","bairro":"TRAVESS\u00c3O"}},{"type":"Feature","geometry":{"type":"Point","coordinates":[-41.310215,-21.615813]},"properties":{"nome":"22216","tipo":"ponto","bairro":"TRAVESS\u00c3O"}},{"type":"Feature","geometry":{"type":"Point","coordinates":[-41.298107,-21.609475]},"properties":{"nome":"22217","tipo":"ponto","bairro":"TRAVESS\u00c3O"}},{"type":"Feature","geometry":{"type":"Point","coordinates":[-41.316248,-21.611806]},"properties":{"nome":"22310","tipo":"ponto","bairro":"TRAVESS\u00c3O"}},{"type":"Feature","geometry":{"type":"Point","coordinates":[-41.266115,-21.63241]},"properties":{"nome":"22311","tipo":"ponto","bairro":"TRAVESS\u00c3O"}},{"type":"Feature","geometry":{"type":"Point","coordinates":[-41.312974,-21.63209]},"properties":{"nome":"22312","tipo":"ponto","bairro":"TRAVESS\u00c3O"}},{"type":"Feature","geometry":{"type":"Point","coordinates":[-41.312721,-21.600625]},"properties":{"nome":"22314","tipo":"ponto","bairro":"TRAVESS\u00c3O"}},{"type":"Feature","geometry":{"type":"Point","coordinates":[-41.310217,-21.615481]},"properties":{"nome":"22315","tipo":"ponto","bairro":"TRAVESS\u00c3O"}},{"type":"Feature","geometry":{"type":"Point","coordinates":[-41.297353,-21.609605]},"properties":{"nome":"22316","tipo":"ponto","bairro":"TRAVESS\u00c3O"}},{"type":"Feature","geometry":{"type":"Point","coordinates":[-41.222915,-21.612634]},"properties":{"nome":"22317","tipo":"ponto","bairro":"TRAVESS\u00c3O"}},{"type":"Feature","geometry":{"type":"Point","coordinates":[-41.316248,-21.611502]},"properties":{"nome":"22410","tipo":"ponto","bairro":"TRAVESS\u00c3O"}},{"type":"Feature","geometry":{"type":"Point","coordinates":[-41.265927,-21.632417]},"properties":{"nome":"22411","tipo":"ponto","bairro":"TRAVESS\u00c3O"}},{"type":"Feature","geometry":{"type":"Point","coordinates":[-41.312983,-21.631872]},"properties":{"nome":"22412","tipo":"ponto","bairro":"TRAVESS\u00c3O"}},{"type":"Feature","geometry":{"type":"Point","coordinates":[-41.310211,-21.615154]},"properties":{"nome":"22415","tipo":"ponto","bairro":"TRAVESS\u00c3O"}},{"type":"Feature","geometry":{"type":"Point","coordinates":[-41.296625,-21.60977]},"properties":{"nome":"22416","tipo":"ponto","bairro":"TRAVESS\u00c3O"}},{"type":"Feature","geometry":{"type":"Point","coordinates":[-41.222989,-21.612074]},"properties":{"nome":"22417","tipo":"ponto","bairro":"TRAVESS\u00c3O"}},{"type":"Feature","geometry":{"type":"Point","coordinates":[-41.316307,-21.611183]},"properties":{"nome":"22510","tipo":"ponto","bairro":"TRAVESS\u00c3O"}},{"type":"Feature","geometry":{"type":"Point","coordinates":[-41.265719,-21.632433]},"properties":{"nome":"22511","tipo":"ponto","bairro":"TRAVESS\u00c3O"}},{"type":"Feature","geometry":{"type":"Point","coordinates":[-41.312644,-21.631453]},"properties":{"nome":"22512","tipo":"ponto","bairro":"TRAVESS\u00c3O"}},{"type":"Feature","geometry":{"type":"Point","coordinates":[-41.313052,-21.600827]},"properties":{"nome":"22514","tipo":"ponto","bairro":"TRAVESS\u00c3O"}},{"type":"Feature","geometry":{"type":"Point","coordinates":[-41.310207,-21.614774]},"properties":{"nome":"22515","tipo":"ponto","bairro":"TRAVESS\u00c3O"}},{"type":"Feature","geometry":{"type":"Point","coordinates":[-41.223168,-21.611162]},"properties":{"nome":"22517","tipo":"ponto","bairro":"TRAVESS\u00c3O"}},{"type":"Feature","geometry":{"type":"Point","coordinates":[-41.312264,-21.631421]},"properties":{"nome":"22612","tipo":"ponto","bairro":"TRAVESS\u00c3O"}},{"type":"Feature","geometry":{"type":"Point","coordinates":[-41.313033,-21.619013]},"properties":{"nome":"22613","tipo":"ponto","bairro":"TRAVESS\u00c3O"}},{"type":"Feature","geometry":{"type":"Point","coordinates":[-41.31274,-21.600844]},"properties":{"nome":"22614","tipo":"ponto","bairro":"TRAVESS\u00c3O"}},{"type":"Feature","geometry":{"type":"Point","coordinates":[-41.310226,-21.614608]},"properties":{"nome":"22615","tipo":"ponto","bairro":"TRAVESS\u00c3O"}},{"type":"Feature","geometry":{"type":"Point","coordinates":[-41.29585,-21.609952]},"properties":{"nome":"22616","tipo":"ponto","bairro":"TRAVESS\u00c3O"}},{"type":"Feature","geometry":{"type":"Point","coordinates":[-41.223208,-21.610929]},"properties":{"nome":"22617","tipo":"ponto","bairro":"TRAVESS\u00c3O"}},{"type":"Feature","geometry":{"type":"Point","coordinates":[-41.316699,-21.610829]},"properties":{"nome":"22710","tipo":"ponto","bairro":"TRAVESS\u00c3O"}},{"type":"Feature","geometry":{"type":"Point","coordinates":[-41.264577,-21.632515]},"properties":{"nome":"22711","tipo":"ponto","bairro":"TRAVESS\u00c3O"}},{"type":"Feature","geometry":{"type":"Point","coordinates":[-41.31189,-21.631413]},"properties":{"nome":"22712","tipo":"ponto","bairro":"TRAVESS\u00c3O"}},{"type":"Feature","geometry":{"type":"Point","coordinates":[-41.312421,-21.600877]},"properties":{"nome":"22714","tipo":"ponto","bairro":"TRAVESS\u00c3O"}},{"type":"Feature","geometry":{"type":"Point","coordinates":[-41.310242,-21.614458]},"properties":{"nome":"22715","tipo":"ponto","bairro":"TRAVESS\u00c3O"}},{"type":"Feature","geometry":{"type":"Point","coordinates":[-41.295873,-21.61072]},"properties":{"nome":"22716","tipo":"ponto","bairro":"TRAVESS\u00c3O"}},{"type":"Feature","geometry":{"type":"Point","coordinates":[-41.317008,-21.610791]},"properties":{"nome":"22810","tipo":"ponto","bairro":"TRAVESS\u00c3O"}},{"type":"Feature","geometry":{"type":"Point","coordinates":[-41.263827,-21.632538]},"properties":{"nome":"22811","tipo":"ponto","bairro":"TRAVESS\u00c3O"}},{"type":"Feature","geometry":{"type":"Point","coordinates":[-41.311539,-21.631387]},"properties":{"nome":"22812","tipo":"ponto","bairro":"TRAVESS\u00c3O"}},{"type":"Feature","geometry":{"type":"Point","coordinates":[-41.312404,-21.619004]},"properties":{"nome":"22813","tipo":"ponto","bairro":"TRAVESS\u00c3O"}},{"type":"Feature","geometry":{"type":"Point","coordinates":[-41.310409,-21.614449]},"properties":{"nome":"22815","tipo":"ponto","bairro":"TRAVESS\u00c3O"}},{"type":"Feature","geometry":{"type":"Point","coordinates":[-41.29589,-21.611511]},"properties":{"nome":"22816","tipo":"ponto","bairro":"TRAVESS\u00c3O"}},{"type":"Feature","geometry":{"type":"Point","coordinates":[-41.263037,-21.63254]},"properties":{"nome":"22911","tipo":"ponto","bairro":"TRAVESS\u00c3O"}},{"type":"Feature","geometry":{"type":"Point","coordinates":[-41.312051,-21.618982]},"properties":{"nome":"22913","tipo":"ponto","bairro":"TRAVESS\u00c3O"}},{"type":"Feature","geometry":{"type":"Point","coordinates":[-41.313244,-21.601804]},"properties":{"nome":"22914","tipo":"ponto","bairro":"TRAVESS\u00c3O"}},{"type":"Feature","geometry":{"type":"Point","coordinates":[-41.310592,-21.614434]},"properties":{"nome":"22915","tipo":"ponto","bairro":"TRAVESS\u00c3O"}},{"type":"Feature","geometry":{"type":"Point","coordinates":[-41.295921,-21.612301]},"properties":{"nome":"22916","tipo":"ponto","bairro":"TRAVESS\u00c3O"}},{"type":"Feature","geometry":{"type":"Point","coordinates":[-41.223604,-21.610794]},"properties":{"nome":"22917","tipo":"ponto","bairro":"TRAVESS\u00c3O"}},{"type":"Feature","geometry":{"type":"Point","coordinates":[-41.316496,-21.609783]},"properties":{"nome":"23010","tipo":"ponto","bairro":"TRAVESS\u00c3O"}},{"type":"Feature","geometry":{"type":"Point","coordinates":[-41.311807,-21.618961]},"properties":{"nome":"23013","tipo":"ponto","bairro":"TRAVESS\u00c3O"}},{"type":"Feature","geometry":{"type":"Point","coordinates":[-41.312916,-21.60186]},"properties":{"nome":"23014","tipo":"ponto","bairro":"TRAVESS\u00c3O"}},{"type":"Feature","geometry":{"type":"Point","coordinates":[-41.310924,-21.614437]},"properties":{"nome":"23015","tipo":"ponto","bairro":"TRAVESS\u00c3O"}},{"type":"Feature","geometry":{"type":"Point","coordinates":[-41.295934,-21.612795]},"properties":{"nome":"23016","tipo":"ponto","bairro":"TRAVESS\u00c3O"}},{"type":"Feature","geometry":{"type":"Point","coordinates":[-41.316654,-21.608648]},"properties":{"nome":"23110","tipo":"ponto","bairro":"TRAVESS\u00c3O"}},{"type":"Feature","geometry":{"type":"Point","coordinates":[-41.311442,-21.631965]},"properties":{"nome":"23112","tipo":"ponto","bairro":"TRAVESS\u00c3O"}},{"type":"Feature","geometry":{"type":"Point","coordinates":[-41.312537,-21.601944]},"properties":{"nome":"23114","tipo":"ponto","bairro":"TRAVESS\u00c3O"}},{"type":"Feature","geometry":{"type":"Point","coordinates":[-41.311232,-21.614437]},"properties":{"nome":"23115","tipo":"ponto","bairro":"TRAVESS\u00c3O"}},{"type":"Feature","geometry":{"type":"Point","coordinates":[-41.295961,-21.613288]},"properties":{"nome":"23116","tipo":"ponto","bairro":"TRAVESS\u00c3O"}},{"type":"Feature","geometry":{"type":"Point","coordinates":[-41.316808,-21.607743]},"properties":{"nome":"23210","tipo":"ponto","bairro":"TRAVESS\u00c3O"}},{"type":"Feature","geometry":{"type":"Point","coordinates":[-41.311728,-21.619481]},"properties":{"nome":"23213","tipo":"ponto","bairro":"TRAVESS\u00c3O"}},{"type":"Feature","geometry":{"type":"Point","coordinates":[-41.29599,-21.613915]},"properties":{"nome":"23216","tipo":"ponto","bairro":"TRAVESS\u00c3O"}},{"type":"Feature","geometry":{"type":"Point","coordinates":[-41.316883,-21.606941]},"properties":{"nome":"23310","tipo":"ponto","bairro":"TRAVESS\u00c3O"}},{"type":"Feature","geometry":{"type":"Point","coordinates":[-41.311524,-21.630995]},"properties":{"nome":"23312","tipo":"ponto","bairro":"TRAVESS\u00c3O"}},{"type":"Feature","geometry":{"type":"Point","coordinates":[-41.313351,-21.603025]},"properties":{"nome":"23314","tipo":"ponto","bairro":"TRAVESS\u00c3O"}},{"type":"Feature","geometry":{"type":"Point","coordinates":[-41.296005,-21.614538]},"properties":{"nome":"23316","tipo":"ponto","bairro":"TRAVESS\u00c3O"}},{"type":"Feature","geometry":{"type":"Point","coordinates":[-41.223647,-21.612258]},"properties":{"nome":"23317","tipo":"ponto","bairro":"TRAVESS\u00c3O"}},{"type":"Feature","geometry":{"type":"Point","coordinates":[-41.259945,-21.632651]},"properties":{"nome":"23411","tipo":"ponto","bairro":"TRAVESS\u00c3O"}},{"type":"Feature","geometry":{"type":"Point","coordinates":[-41.311503,-21.630951]},"properties":{"nome":"23412","tipo":"ponto","bairro":"TRAVESS\u00c3O"}},{"type":"Feature","geometry":{"type":"Point","coordinates":[-41.313098,-21.603088]},"properties":{"nome":"23414","tipo":"ponto","bairro":"TRAVESS\u00c3O"}},{"type":"Feature","geometry":{"type":"Point","coordinates":[-41.296062,-21.615138]},"properties":{"nome":"23416","tipo":"ponto","bairro":"TRAVESS\u00c3O"}},{"type":"Feature","geometry":{"type":"Point","coordinates":[-41.223578,-21.612708]},"properties":{"nome":"23417","tipo":"ponto","bairro":"TRAVESS\u00c3O"}},{"type":"Feature","geometry":{"type":"Point","coordinates":[-41.259178,-21.632682]},"properties":{"nome":"23510","tipo":"ponto","bairro":"TRAVESS\u00c3O"}},{"type":"Feature","geometry":{"type":"Point","coordinates":[-41.311811,-21.61869]},"properties":{"nome":"23512","tipo":"ponto","bairro":"TRAVESS\u00c3O"}},{"type":"Feature","geometry":{"type":"Point","coordinates":[-41.3128,-21.603206]},"properties":{"nome":"23513","tipo":"ponto","bairro":"TRAVESS\u00c3O"}},{"type":"Feature","geometry":{"type":"Point","coordinates":[-41.258414,-21.632753]},"properties":{"nome":"23610","tipo":"ponto","bairro":"TRAVESS\u00c3O"}},{"type":"Feature","geometry":{"type":"Point","coordinates":[-41.311923,-21.63065]},"properties":{"nome":"23611","tipo":"ponto","bairro":"TRAVESS\u00c3O"}},{"type":"Feature","geometry":{"type":"Point","coordinates":[-41.311772,-21.618481]},"properties":{"nome":"23612","tipo":"ponto","bairro":"TRAVESS\u00c3O"}},{"type":"Feature","geometry":{"type":"Point","coordinates":[-41.312538,-21.603299]},"properties":{"nome":"23613","tipo":"ponto","bairro":"TRAVESS\u00c3O"}},{"type":"Feature","geometry":{"type":"Point","coordinates":[-41.317068,-21.606432]},"properties":{"nome":"2369","tipo":"ponto","bairro":"TRAVESS\u00c3O"}},{"type":"Feature","geometry":{"type":"Point","coordinates":[-41.258081,-21.632778]},"properties":{"nome":"23710","tipo":"ponto","bairro":"TRAVESS\u00c3O"}},{"type":"Feature","geometry":{"type":"Point","coordinates":[-41.312208,-21.630699]},"properties":{"nome":"23711","tipo":"ponto","bairro":"TRAVESS\u00c3O"}},{"type":"Feature","geometry":{"type":"Point","coordinates":[-41.312493,-21.603275]},"properties":{"nome":"23713","tipo":"ponto","bairro":"TRAVESS\u00c3O"}},{"type":"Feature","geometry":{"type":"Point","coordinates":[-41.311572,-21.614002]},"properties":{"nome":"23714","tipo":"ponto","bairro":"TRAVESS\u00c3O"}},{"type":"Feature","geometry":{"type":"Point","coordinates":[-41.317398,-21.606402]},"properties":{"nome":"2379","tipo":"ponto","bairro":"TRAVESS\u00c3O"}},{"type":"Feature","geometry":{"type":"Point","coordinates":[-41.257674,-21.632855]},"properties":{"nome":"23810","tipo":"ponto","bairro":"TRAVESS\u00c3O"}},{"type":"Feature","geometry":{"type":"Point","coordinates":[-41.311856,-21.618233]},"properties":{"nome":"23812","tipo":"ponto","bairro":"TRAVESS\u00c3O"}},{"type":"Feature","geometry":{"type":"Point","coordinates":[-41.312406,-21.603058]},"properties":{"nome":"23813","tipo":"ponto","bairro":"TRAVESS\u00c3O"}},{"type":"Feature","geometry":{"type":"Point","coordinates":[-41.311209,-21.613992]},"properties":{"nome":"23814","tipo":"ponto","bairro":"TRAVESS\u00c3O"}},{"type":"Feature","geometry":{"type":"Point","coordinates":[-41.222798,-21.613449]},"properties":{"nome":"23815","tipo":"ponto","bairro":"TRAVESS\u00c3O"}},{"type":"Feature","geometry":{"type":"Point","coordinates":[-41.312575,-21.630681]},"properties":{"nome":"23911","tipo":"ponto","bairro":"TRAVESS\u00c3O"}},{"type":"Feature","geometry":{"type":"Point","coordinates":[-41.312343,-21.602861]},"properties":{"nome":"23913","tipo":"ponto","bairro":"TRAVESS\u00c3O"}},{"type":"Feature","geometry":{"type":"Point","coordinates":[-41.310825,-21.614016]},"properties":{"nome":"23914","tipo":"ponto","bairro":"TRAVESS\u00c3O"}},{"type":"Feature","geometry":{"type":"Point","coordinates":[-41.31796,-21.606283]},"properties":{"nome":"2399","tipo":"ponto","bairro":"TRAVESS\u00c3O"}},{"type":"Feature","geometry":{"type":"Point","coordinates":[-41.256864,-21.632917]},"properties":{"nome":"24010","tipo":"ponto","bairro":"TRAVESS\u00c3O"}},{"type":"Feature","geometry":{"type":"Point","coordinates":[-41.312893,-21.630691]},"properties":{"nome":"24011","tipo":"ponto","bairro":"TRAVESS\u00c3O"}},{"type":"Feature","geometry":{"type":"Point","coordinates":[-41.312841,-21.606888]},"properties":{"nome":"24013","tipo":"ponto","bairro":"TRAVESS\u00c3O"}},{"type":"Feature","geometry":{"type":"Point","coordinates":[-41.310547,-21.614038]},"properties":{"nome":"24014","tipo":"ponto","bairro":"TRAVESS\u00c3O"}},{"type":"Feature","geometry":{"type":"Point","coordinates":[-41.2565,-21.632875]},"properties":{"nome":"24110","tipo":"ponto","bairro":"TRAVESS\u00c3O"}},{"type":"Feature","geometry":{"type":"Point","coordinates":[-41.313104,-21.630726]},"properties":{"nome":"24111","tipo":"ponto","bairro":"TRAVESS\u00c3O"}},{"type":"Feature","geometry":{"type":"Point","coordinates":[-41.312494,-21.61817]},"properties":{"nome":"24112","tipo":"ponto","bairro":"TRAVESS\u00c3O"}},{"type":"Feature","geometry":{"type":"Point","coordinates":[-41.312828,-21.606637]},"properties":{"nome":"24113","tipo":"ponto","bairro":"TRAVESS\u00c3O"}},{"type":"Feature","geometry":{"type":"Point","coordinates":[-41.310253,-21.614058]},"properties":{"nome":"24114","tipo":"ponto","bairro":"TRAVESS\u00c3O"}},{"type":"Feature","geometry":{"type":"Point","coordinates":[-41.294314,-21.610037]},"properties":{"nome":"24115","tipo":"ponto","bairro":"TRAVESS\u00c3O"}},{"type":"Feature","geometry":{"type":"Point","coordinates":[-41.313097,-21.63085]},"properties":{"nome":"24210","tipo":"ponto","bairro":"TRAVESS\u00c3O"}},{"type":"Feature","geometry":{"type":"Point","coordinates":[-41.312664,-21.618183]},"properties":{"nome":"24211","tipo":"ponto","bairro":"TRAVESS\u00c3O"}},{"type":"Feature","geometry":{"type":"Point","coordinates":[-41.312912,-21.606291]},"properties":{"nome":"24212","tipo":"ponto","bairro":"TRAVESS\u00c3O"}},{"type":"Feature","geometry":{"type":"Point","coordinates":[-41.293542,-21.610112]},"properties":{"nome":"24214","tipo":"ponto","bairro":"TRAVESS\u00c3O"}},{"type":"Feature","geometry":{"type":"Point","coordinates":[-41.318113,-21.605915]},"properties":{"nome":"2428","tipo":"ponto","bairro":"TRAVESS\u00c3O"}},{"type":"Feature","geometry":{"type":"Point","coordinates":[-41.312875,-21.63001]},"properties":{"nome":"24310","tipo":"ponto","bairro":"TRAVESS\u00c3O"}},{"type":"Feature","geometry":{"type":"Point","coordinates":[-41.31288,-21.618182]},"properties":{"nome":"24311","tipo":"ponto","bairro":"TRAVESS\u00c3O"}},{"type":"Feature","geometry":{"type":"Point","coordinates":[-41.311598,-21.613351]},"properties":{"nome":"24313","tipo":"ponto","bairro":"TRAVESS\u00c3O"}},{"type":"Feature","geometry":{"type":"Point","coordinates":[-41.2254,-21.613461]},"properties":{"nome":"24315","tipo":"ponto","bairro":"TRAVESS\u00c3O"}},{"type":"Feature","geometry":{"type":"Point","coordinates":[-41.318092,-21.605583]},"properties":{"nome":"2438","tipo":"ponto","bairro":"TRAVESS\u00c3O"}},{"type":"Feature","geometry":{"type":"Point","coordinates":[-41.26354,-21.637412]},"properties":{"nome":"2439","tipo":"ponto","bairro":"TRAVESS\u00c3O"}},{"type":"Feature","geometry":{"type":"Point","coordinates":[-41.312527,-21.629986]},"properties":{"nome":"24410","tipo":"ponto","bairro":"TRAVESS\u00c3O"}},{"type":"Feature","geometry":{"type":"Point","coordinates":[-41.292013,-21.610245]},"properties":{"nome":"24414","tipo":"ponto","bairro":"TRAVESS\u00c3O"}},{"type":"Feature","geometry":{"type":"Point","coordinates":[-41.225381,-21.61352]},"properties":{"nome":"24415","tipo":"ponto","bairro":"TRAVESS\u00c3O"}},{"type":"Feature","geometry":{"type":"Point","coordinates":[-41.31804,-21.605441]},"properties":{"nome":"2448","tipo":"ponto","bairro":"TRAVESS\u00c3O"}},{"type":"Feature","geometry":{"type":"Point","coordinates":[-41.312189,-21.629956]},"properties":{"nome":"24510","tipo":"ponto","bairro":"TRAVESS\u00c3O"}},{"type":"Feature","geometry":{"type":"Point","coordinates":[-41.313289,-21.60587]},"properties":{"nome":"24512","tipo":"ponto","bairro":"TRAVESS\u00c3O"}},{"type":"Feature","geometry":{"type":"Point","coordinates":[-41.291255,-21.610282]},"properties":{"nome":"24514","tipo":"ponto","bairro":"TRAVESS\u00c3O"}},{"type":"Feature","geometry":{"type":"Point","coordinates":[-41.318015,-21.605245]},"properties":{"nome":"2458","tipo":"ponto","bairro":"TRAVESS\u00c3O"}},{"type":"Feature","geometry":{"type":"Point","coordinates":[-41.263469,-21.636815]},"properties":{"nome":"2459","tipo":"ponto","bairro":"TRAVESS\u00c3O"}},{"type":"Feature","geometry":{"type":"Point","coordinates":[-41.311927,-21.629948]},"properties":{"nome":"24610","tipo":"ponto","bairro":"TRAVESS\u00c3O"}},{"type":"Feature","geometry":{"type":"Point","coordinates":[-41.313654,-21.605826]},"properties":{"nome":"24612","tipo":"ponto","bairro":"TRAVESS\u00c3O"}},{"type":"Feature","geometry":{"type":"Point","coordinates":[-41.29088,-21.610187]},"properties":{"nome":"24614","tipo":"ponto","bairro":"TRAVESS\u00c3O"}},{"type":"Feature","geometry":{"type":"Point","coordinates":[-41.2253,-21.614613]},"properties":{"nome":"24615","tipo":"ponto","bairro":"TRAVESS\u00c3O"}},{"type":"Feature","geometry":{"type":"Point","coordinates":[-41.31795,-21.60495]},"properties":{"nome":"2468","tipo":"ponto","bairro":"TRAVESS\u00c3O"}},{"type":"Feature","geometry":{"type":"Point","coordinates":[-41.263388,-21.636256]},"properties":{"nome":"2469","tipo":"ponto","bairro":"TRAVESS\u00c3O"}},{"type":"Feature","geometry":{"type":"Point","coordinates":[-41.311576,-21.629925]},"properties":{"nome":"24710","tipo":"ponto","bairro":"TRAVESS\u00c3O"}},{"type":"Feature","geometry":{"type":"Point","coordinates":[-41.313332,-21.61849]},"properties":{"nome":"24711","tipo":"ponto","bairro":"TRAVESS\u00c3O"}},{"type":"Feature","geometry":{"type":"Point","coordinates":[-41.290185,-21.609876]},"properties":{"nome":"24714","tipo":"ponto","bairro":"TRAVESS\u00c3O"}},{"type":"Feature","geometry":{"type":"Point","coordinates":[-41.225221,-21.614607]},"properties":{"nome":"24715","tipo":"ponto","bairro":"TRAVESS\u00c3O"}},{"type":"Feature","geometry":{"type":"Point","coordinates":[-41.263315,-21.635708]},"properties":{"nome":"2479","tipo":"ponto","bairro":"TRAVESS\u00c3O"}},{"type":"Feature","geometry":{"type":"Point","coordinates":[-41.313343,-21.618623]},"properties":{"nome":"24811","tipo":"ponto","bairro":"TRAVESS\u00c3O"}},{"type":"Feature","geometry":{"type":"Point","coordinates":[-41.224671,-21.614521]},"properties":{"nome":"24815","tipo":"ponto","bairro":"TRAVESS\u00c3O"}},{"type":"Feature","geometry":{"type":"Point","coordinates":[-41.317856,-21.604362]},"properties":{"nome":"2488","tipo":"ponto","bairro":"TRAVESS\u00c3O"}},{"type":"Feature","geometry":{"type":"Point","coordinates":[-41.263207,-21.635094]},"properties":{"nome":"2489","tipo":"ponto","bairro":"TRAVESS\u00c3O"}},{"type":"Feature","geometry":{"type":"Point","coordinates":[-41.313377,-21.618842]},"properties":{"nome":"24911","tipo":"ponto","bairro":"TRAVESS\u00c3O"}},{"type":"Feature","geometry":{"type":"Point","coordinates":[-41.289274,-21.609796]},"properties":{"nome":"24914","tipo":"ponto","bairro":"TRAVESS\u00c3O"}},{"type":"Feature","geometry":{"type":"Point","coordinates":[-41.317812,-21.604052]},"properties":{"nome":"2498","tipo":"ponto","bairro":"TRAVESS\u00c3O"}},{"type":"Feature","geometry":{"type":"Point","coordinates":[-41.263098,-21.634479]},"properties":{"nome":"2499","tipo":"ponto","bairro":"TRAVESS\u00c3O"}},{"type":"Feature","geometry":{"type":"Point","coordinates":[-41.311512,-21.630321]},"properties":{"nome":"25010","tipo":"ponto","bairro":"TRAVESS\u00c3O"}},{"type":"Feature","geometry":{"type":"Point","coordinates":[-41.313363,-21.618213]},"properties":{"nome":"25011","tipo":"ponto","bairro":"TRAVESS\u00c3O"}},{"type":"Feature","geometry":{"type":"Point","coordinates":[-41.313433,-21.605354]},"properties":{"nome":"25012","tipo":"ponto","bairro":"TRAVESS\u00c3O"}},{"type":"Feature","geometry":{"type":"Point","coordinates":[-41.288972,-21.609899]},"properties":{"nome":"25014","tipo":"ponto","bairro":"TRAVESS\u00c3O"}},{"type":"Feature","geometry":{"type":"Point","coordinates":[-41.317781,-21.603652]},"properties":{"nome":"2508","tipo":"ponto","bairro":"TRAVESS\u00c3O"}},{"type":"Feature","geometry":{"type":"Point","coordinates":[-41.262969,-21.633863]},"properties":{"nome":"2509","tipo":"ponto","bairro":"TRAVESS\u00c3O"}},{"type":"Feature","geometry":{"type":"Point","coordinates":[-41.313787,-21.60533]},"properties":{"nome":"25112","tipo":"ponto","bairro":"TRAVESS\u00c3O"}},{"type":"Feature","geometry":{"type":"Point","coordinates":[-41.311037,-21.61265]},"properties":{"nome":"25113","tipo":"ponto","bairro":"TRAVESS\u00c3O"}},{"type":"Feature","geometry":{"type":"Point","coordinates":[-41.288556,-21.610135]},"properties":{"nome":"25114","tipo":"ponto","bairro":"TRAVESS\u00c3O"}},{"type":"Feature","geometry":{"type":"Point","coordinates":[-41.317667,-21.60337]},"properties":{"nome":"2518","tipo":"ponto","bairro":"TRAVESS\u00c3O"}},{"type":"Feature","geometry":{"type":"Point","coordinates":[-41.262873,-21.633239]},"properties":{"nome":"2519","tipo":"ponto","bairro":"TRAVESS\u00c3O"}},{"type":"Feature","geometry":{"type":"Point","coordinates":[-41.31372,-21.618231]},"properties":{"nome":"25211","tipo":"ponto","bairro":"TRAVESS\u00c3O"}},{"type":"Feature","geometry":{"type":"Point","coordinates":[-41.310844,-21.612663]},"properties":{"nome":"25213","tipo":"ponto","bairro":"TRAVESS\u00c3O"}},{"type":"Feature","geometry":{"type":"Point","coordinates":[-41.288189,-21.610407]},"properties":{"nome":"25214","tipo":"ponto","bairro":"TRAVESS\u00c3O"}},{"type":"Feature","geometry":{"type":"Point","coordinates":[-41.31761,-21.603028]},"properties":{"nome":"2528","tipo":"ponto","bairro":"TRAVESS\u00c3O"}},{"type":"Feature","geometry":{"type":"Point","coordinates":[-41.26277,-21.632625]},"properties":{"nome":"2529","tipo":"ponto","bairro":"TRAVESS\u00c3O"}},{"type":"Feature","geometry":{"type":"Point","coordinates":[-41.311559,-21.629534]},"properties":{"nome":"25310","tipo":"ponto","bairro":"TRAVESS\u00c3O"}},{"type":"Feature","geometry":{"type":"Point","coordinates":[-41.31392,-21.618243]},"properties":{"nome":"25311","tipo":"ponto","bairro":"TRAVESS\u00c3O"}},{"type":"Feature","geometry":{"type":"Point","coordinates":[-41.313423,-21.605176]},"properties":{"nome":"25312","tipo":"ponto","bairro":"TRAVESS\u00c3O"}},{"type":"Feature","geometry":{"type":"Point","coordinates":[-41.310619,-21.61269]},"properties":{"nome":"25313","tipo":"ponto","bairro":"TRAVESS\u00c3O"}},{"type":"Feature","geometry":{"type":"Point","coordinates":[-41.285499,-21.633667]},"properties":{"nome":"2539","tipo":"ponto","bairro":"TRAVESS\u00c3O"}},{"type":"Feature","geometry":{"type":"Point","coordinates":[-41.314236,-21.618244]},"properties":{"nome":"25411","tipo":"ponto","bairro":"TRAVESS\u00c3O"}},{"type":"Feature","geometry":{"type":"Point","coordinates":[-41.313795,-21.605126]},"properties":{"nome":"25412","tipo":"ponto","bairro":"TRAVESS\u00c3O"}},{"type":"Feature","geometry":{"type":"Point","coordinates":[-41.223774,-21.614509]},"properties":{"nome":"25415","tipo":"ponto","bairro":"TRAVESS\u00c3O"}},{"type":"Feature","geometry":{"type":"Point","coordinates":[-41.318691,-21.606187]},"properties":{"nome":"2548","tipo":"ponto","bairro":"TRAVESS\u00c3O"}},{"type":"Feature","geometry":{"type":"Point","coordinates":[-41.285476,-21.633331]},"properties":{"nome":"2549","tipo":"ponto","bairro":"TRAVESS\u00c3O"}},{"type":"Feature","geometry":{"type":"Point","coordinates":[-41.311599,-21.629245]},"properties":{"nome":"25510","tipo":"ponto","bairro":"TRAVESS\u00c3O"}},{"type":"Feature","geometry":{"type":"Point","coordinates":[-41.314626,-21.618216]},"properties":{"nome":"25511","tipo":"ponto","bairro":"TRAVESS\u00c3O"}},{"type":"Feature","geometry":{"type":"Point","coordinates":[-41.22349,-21.614471]},"properties":{"nome":"25515","tipo":"ponto","bairro":"TRAVESS\u00c3O"}},{"type":"Feature","geometry":{"type":"Point","coordinates":[-41.318957,-21.606141]},"properties":{"nome":"2558","tipo":"ponto","bairro":"TRAVESS\u00c3O"}},{"type":"Feature","geometry":{"type":"Point","coordinates":[-41.285461,-21.63299]},"properties":{"nome":"2559","tipo":"ponto","bairro":"TRAVESS\u00c3O"}},{"type":"Feature","geometry":{"type":"Point","coordinates":[-41.311952,-21.629244]},"properties":{"nome":"25610","tipo":"ponto","bairro":"TRAVESS\u00c3O"}},{"type":"Feature","geometry":{"type":"Point","coordinates":[-41.314509,-21.618221]},"properties":{"nome":"25611","tipo":"ponto","bairro":"TRAVESS\u00c3O"}},{"type":"Feature","geometry":{"type":"Point","coordinates":[-41.313363,-21.605047]},"properties":{"nome":"25612","tipo":"ponto","bairro":"TRAVESS\u00c3O"}},{"type":"Feature","geometry":{"type":"Point","coordinates":[-41.309857,-21.612728]},"properties":{"nome":"25613","tipo":"ponto","bairro":"TRAVESS\u00c3O"}},{"type":"Feature","geometry":{"type":"Point","coordinates":[-41.287969,-21.611072]},"properties":{"nome":"25614","tipo":"ponto","bairro":"TRAVESS\u00c3O"}},{"type":"Feature","geometry":{"type":"Point","coordinates":[-41.31933,-21.606096]},"properties":{"nome":"2568","tipo":"ponto","bairro":"TRAVESS\u00c3O"}},{"type":"Feature","geometry":{"type":"Point","coordinates":[-41.285447,-21.632641]},"properties":{"nome":"2569","tipo":"ponto","bairro":"TRAVESS\u00c3O"}},{"type":"Feature","geometry":{"type":"Point","coordinates":[-41.312273,-21.629271]},"properties":{"nome":"25710","tipo":"ponto","bairro":"TRAVESS\u00c3O"}},{"type":"Feature","geometry":{"type":"Point","coordinates":[-41.314932,-21.617944]},"properties":{"nome":"25711","tipo":"ponto","bairro":"TRAVESS\u00c3O"}},{"type":"Feature","geometry":{"type":"Point","coordinates":[-41.309537,-21.61275]},"properties":{"nome":"25713","tipo":"ponto","bairro":"TRAVESS\u00c3O"}},{"type":"Feature","geometry":{"type":"Point","coordinates":[-41.287975,-21.611548]},"properties":{"nome":"25714","tipo":"ponto","bairro":"TRAVESS\u00c3O"}},{"type":"Feature","geometry":{"type":"Point","coordinates":[-41.222901,-21.614397]},"properties":{"nome":"25715","tipo":"ponto","bairro":"TRAVESS\u00c3O"}},{"type":"Feature","geometry":{"type":"Point","coordinates":[-41.319562,-21.606044]},"properties":{"nome":"2578","tipo":"ponto","bairro":"TRAVESS\u00c3O"}},{"type":"Feature","geometry":{"type":"Point","coordinates":[-41.285432,-21.632301]},"properties":{"nome":"2579","tipo":"ponto","bairro":"TRAVESS\u00c3O"}},{"type":"Feature","geometry":{"type":"Point","coordinates":[-41.312641,-21.629301]},"properties":{"nome":"25810","tipo":"ponto","bairro":"TRAVESS\u00c3O"}},{"type":"Feature","geometry":{"type":"Point","coordinates":[-41.313012,-21.604637]},"properties":{"nome":"25812","tipo":"ponto","bairro":"TRAVESS\u00c3O"}},{"type":"Feature","geometry":{"type":"Point","coordinates":[-41.222618,-21.614368]},"properties":{"nome":"25815","tipo":"ponto","bairro":"TRAVESS\u00c3O"}},{"type":"Feature","geometry":{"type":"Point","coordinates":[-41.320009,-21.605943]},"properties":{"nome":"2588","tipo":"ponto","bairro":"TRAVESS\u00c3O"}},{"type":"Feature","geometry":{"type":"Point","coordinates":[-41.285404,-21.631959]},"properties":{"nome":"2589","tipo":"ponto","bairro":"TRAVESS\u00c3O"}},{"type":"Feature","geometry":{"type":"Point","coordinates":[-41.312943,-21.604394]},"properties":{"nome":"25911","tipo":"ponto","bairro":"TRAVESS\u00c3O"}},{"type":"Feature","geometry":{"type":"Point","coordinates":[-41.222349,-21.614315]},"properties":{"nome":"25914","tipo":"ponto","bairro":"TRAVESS\u00c3O"}},{"type":"Feature","geometry":{"type":"Point","coordinates":[-41.313012,-21.629338]},"properties":{"nome":"2599","tipo":"ponto","bairro":"TRAVESS\u00c3O"}},{"type":"Feature","geometry":{"type":"Point","coordinates":[-41.312819,-21.604594]},"properties":{"nome":"26011","tipo":"ponto","bairro":"TRAVESS\u00c3O"}},{"type":"Feature","geometry":{"type":"Point","coordinates":[-41.287982,-21.612682]},"properties":{"nome":"26013","tipo":"ponto","bairro":"TRAVESS\u00c3O"}},{"type":"Feature","geometry":{"type":"Point","coordinates":[-41.282119,-21.631834]},"properties":{"nome":"2608","tipo":"ponto","bairro":"TRAVESS\u00c3O"}},{"type":"Feature","geometry":{"type":"Point","coordinates":[-41.313297,-21.62935]},"properties":{"nome":"2609","tipo":"ponto","bairro":"TRAVESS\u00c3O"}},{"type":"Feature","geometry":{"type":"Point","coordinates":[-41.315038,-21.617246]},"properties":{"nome":"26110","tipo":"ponto","bairro":"TRAVESS\u00c3O"}},{"type":"Feature","geometry":{"type":"Point","coordinates":[-41.312829,-21.604901]},"properties":{"nome":"26111","tipo":"ponto","bairro":"TRAVESS\u00c3O"}},{"type":"Feature","geometry":{"type":"Point","coordinates":[-41.287995,-21.613265]},"properties":{"nome":"26113","tipo":"ponto","bairro":"TRAVESS\u00c3O"}},{"type":"Feature","geometry":{"type":"Point","coordinates":[-41.313307,-21.62939]},"properties":{"nome":"2619","tipo":"ponto","bairro":"TRAVESS\u00c3O"}},{"type":"Feature","geometry":{"type":"Point","coordinates":[-41.312864,-21.605204]},"properties":{"nome":"26211","tipo":"ponto","bairro":"TRAVESS\u00c3O"}},{"type":"Feature","geometry":{"type":"Point","coordinates":[-41.282964,-21.631779]},"properties":{"nome":"2628","tipo":"ponto","bairro":"TRAVESS\u00c3O"}},{"type":"Feature","geometry":{"type":"Point","coordinates":[-41.313227,-21.628628]},"properties":{"nome":"2629","tipo":"ponto","bairro":"TRAVESS\u00c3O"}},{"type":"Feature","geometry":{"type":"Point","coordinates":[-41.308136,-21.613069]},"properties":{"nome":"26311","tipo":"ponto","bairro":"TRAVESS\u00c3O"}},{"type":"Feature","geometry":{"type":"Point","coordinates":[-41.283445,-21.631722]},"properties":{"nome":"2637","tipo":"ponto","bairro":"TRAVESS\u00c3O"}},{"type":"Feature","geometry":{"type":"Point","coordinates":[-41.312843,-21.628631]},"properties":{"nome":"2638","tipo":"ponto","bairro":"TRAVESS\u00c3O"}},{"type":"Feature","geometry":{"type":"Point","coordinates":[-41.314904,-21.617683]},"properties":{"nome":"2639","tipo":"ponto","bairro":"TRAVESS\u00c3O"}},{"type":"Feature","geometry":{"type":"Point","coordinates":[-41.220317,-21.614094]},"properties":{"nome":"26413","tipo":"ponto","bairro":"TRAVESS\u00c3O"}},{"type":"Feature","geometry":{"type":"Point","coordinates":[-41.283941,-21.631686]},"properties":{"nome":"2647","tipo":"ponto","bairro":"TRAVESS\u00c3O"}},{"type":"Feature","geometry":{"type":"Point","coordinates":[-41.312567,-21.628592]},"properties":{"nome":"2648","tipo":"ponto","bairro":"TRAVESS\u00c3O"}},{"type":"Feature","geometry":{"type":"Point","coordinates":[-41.314619,-21.617702]},"properties":{"nome":"2649","tipo":"ponto","bairro":"TRAVESS\u00c3O"}},{"type":"Feature","geometry":{"type":"Point","coordinates":[-41.284425,-21.631646]},"properties":{"nome":"2657","tipo":"ponto","bairro":"TRAVESS\u00c3O"}},{"type":"Feature","geometry":{"type":"Point","coordinates":[-41.312271,-21.628587]},"properties":{"nome":"2658","tipo":"ponto","bairro":"TRAVESS\u00c3O"}},{"type":"Feature","geometry":{"type":"Point","coordinates":[-41.314228,-21.617748]},"properties":{"nome":"2659","tipo":"ponto","bairro":"TRAVESS\u00c3O"}},{"type":"Feature","geometry":{"type":"Point","coordinates":[-41.287523,-21.613656]},"properties":{"nome":"26612","tipo":"ponto","bairro":"TRAVESS\u00c3O"}},{"type":"Feature","geometry":{"type":"Point","coordinates":[-41.284911,-21.631608]},"properties":{"nome":"2667","tipo":"ponto","bairro":"TRAVESS\u00c3O"}},{"type":"Feature","geometry":{"type":"Point","coordinates":[-41.313866,-21.617793]},"properties":{"nome":"2669","tipo":"ponto","bairro":"TRAVESS\u00c3O"}},{"type":"Feature","geometry":{"type":"Point","coordinates":[-41.31256,-21.605449]},"properties":{"nome":"26710","tipo":"ponto","bairro":"TRAVESS\u00c3O"}},{"type":"Feature","geometry":{"type":"Point","coordinates":[-41.307781,-21.612214]},"properties":{"nome":"26711","tipo":"ponto","bairro":"TRAVESS\u00c3O"}},{"type":"Feature","geometry":{"type":"Point","coordinates":[-41.287513,-21.613339]},"properties":{"nome":"26712","tipo":"ponto","bairro":"TRAVESS\u00c3O"}},{"type":"Feature","geometry":{"type":"Point","coordinates":[-41.311827,-21.628532]},"properties":{"nome":"2678","tipo":"ponto","bairro":"TRAVESS\u00c3O"}},{"type":"Feature","geometry":{"type":"Point","coordinates":[-41.312855,-21.605646]},"properties":{"nome":"26810","tipo":"ponto","bairro":"TRAVESS\u00c3O"}},{"type":"Feature","geometry":{"type":"Point","coordinates":[-41.307998,-21.612202]},"properties":{"nome":"26811","tipo":"ponto","bairro":"TRAVESS\u00c3O"}},{"type":"Feature","geometry":{"type":"Point","coordinates":[-41.287508,-21.613044]},"properties":{"nome":"26812","tipo":"ponto","bairro":"TRAVESS\u00c3O"}},{"type":"Feature","geometry":{"type":"Point","coordinates":[-41.285348,-21.630912]},"properties":{"nome":"2687","tipo":"ponto","bairro":"TRAVESS\u00c3O"}},{"type":"Feature","geometry":{"type":"Point","coordinates":[-41.31165,-21.628556]},"properties":{"nome":"2688","tipo":"ponto","bairro":"TRAVESS\u00c3O"}},{"type":"Feature","geometry":{"type":"Point","coordinates":[-41.312818,-21.605977]},"properties":{"nome":"26910","tipo":"ponto","bairro":"TRAVESS\u00c3O"}},{"type":"Feature","geometry":{"type":"Point","coordinates":[-41.308367,-21.61221]},"properties":{"nome":"26911","tipo":"ponto","bairro":"TRAVESS\u00c3O"}},{"type":"Feature","geometry":{"type":"Point","coordinates":[-41.287493,-21.612722]},"properties":{"nome":"26912","tipo":"ponto","bairro":"TRAVESS\u00c3O"}},{"type":"Feature","geometry":{"type":"Point","coordinates":[-41.285343,-21.630233]},"properties":{"nome":"2697","tipo":"ponto","bairro":"TRAVESS\u00c3O"}},{"type":"Feature","geometry":{"type":"Point","coordinates":[-41.314669,-21.617012]},"properties":{"nome":"2699","tipo":"ponto","bairro":"TRAVESS\u00c3O"}},{"type":"Feature","geometry":{"type":"Point","coordinates":[-41.308442,-21.612294]},"properties":{"nome":"27010","tipo":"ponto","bairro":"TRAVESS\u00c3O"}},{"type":"Feature","geometry":{"type":"Point","coordinates":[-41.287483,-21.612399]},"properties":{"nome":"27011","tipo":"ponto","bairro":"TRAVESS\u00c3O"}},{"type":"Feature","geometry":{"type":"Point","coordinates":[-41.285312,-21.629539]},"properties":{"nome":"2706","tipo":"ponto","bairro":"TRAVESS\u00c3O"}},{"type":"Feature","geometry":{"type":"Point","coordinates":[-41.314278,-21.617052]},"properties":{"nome":"2708","tipo":"ponto","bairro":"TRAVESS\u00c3O"}},{"type":"Feature","geometry":{"type":"Point","coordinates":[-41.312744,-21.606265]},"properties":{"nome":"2709","tipo":"ponto","bairro":"TRAVESS\u00c3O"}},{"type":"Feature","geometry":{"type":"Point","coordinates":[-41.287548,-21.614687]},"properties":{"nome":"27111","tipo":"ponto","bairro":"TRAVESS\u00c3O"}},{"type":"Feature","geometry":{"type":"Point","coordinates":[-41.285281,-21.628854]},"properties":{"nome":"2716","tipo":"ponto","bairro":"TRAVESS\u00c3O"}},{"type":"Feature","geometry":{"type":"Point","coordinates":[-41.313932,-21.617099]},"properties":{"nome":"2718","tipo":"ponto","bairro":"TRAVESS\u00c3O"}},{"type":"Feature","geometry":{"type":"Point","coordinates":[-41.312666,-21.606584]},"properties":{"nome":"2719","tipo":"ponto","bairro":"TRAVESS\u00c3O"}},{"type":"Feature","geometry":{"type":"Point","coordinates":[-41.287583,-21.615593]},"properties":{"nome":"27211","tipo":"ponto","bairro":"TRAVESS\u00c3O"}},{"type":"Feature","geometry":{"type":"Point","coordinates":[-41.285259,-21.62821]},"properties":{"nome":"2726","tipo":"ponto","bairro":"TRAVESS\u00c3O"}},{"type":"Feature","geometry":{"type":"Point","coordinates":[-41.313789,-21.617111]},"properties":{"nome":"2728","tipo":"ponto","bairro":"TRAVESS\u00c3O"}},{"type":"Feature","geometry":{"type":"Point","coordinates":[-41.285213,-21.627817]},"properties":{"nome":"2736","tipo":"ponto","bairro":"TRAVESS\u00c3O"}},{"type":"Feature","geometry":{"type":"Point","coordinates":[-41.312146,-21.606734]},"properties":{"nome":"2739","tipo":"ponto","bairro":"TRAVESS\u00c3O"}},{"type":"Feature","geometry":{"type":"Point","coordinates":[-41.288559,-21.613807]},"properties":{"nome":"27411","tipo":"ponto","bairro":"TRAVESS\u00c3O"}},{"type":"Feature","geometry":{"type":"Point","coordinates":[-41.285176,-21.626643]},"properties":{"nome":"2746","tipo":"ponto","bairro":"TRAVESS\u00c3O"}},{"type":"Feature","geometry":{"type":"Point","coordinates":[-41.311654,-21.627878]},"properties":{"nome":"2747","tipo":"ponto","bairro":"TRAVESS\u00c3O"}},{"type":"Feature","geometry":{"type":"Point","coordinates":[-41.313357,-21.617151]},"properties":{"nome":"2748","tipo":"ponto","bairro":"TRAVESS\u00c3O"}},{"type":"Feature","geometry":{"type":"Point","coordinates":[-41.312228,-21.606375]},"properties":{"nome":"2749","tipo":"ponto","bairro":"TRAVESS\u00c3O"}},{"type":"Feature","geometry":{"type":"Point","coordinates":[-41.289048,-21.614077]},"properties":{"nome":"27511","tipo":"ponto","bairro":"TRAVESS\u00c3O"}},{"type":"Feature","geometry":{"type":"Point","coordinates":[-41.285126,-21.625414]},"properties":{"nome":"2756","tipo":"ponto","bairro":"TRAVESS\u00c3O"}},{"type":"Feature","geometry":{"type":"Point","coordinates":[-41.311995,-21.627866]},"properties":{"nome":"2757","tipo":"ponto","bairro":"TRAVESS\u00c3O"}},{"type":"Feature","geometry":{"type":"Point","coordinates":[-41.312262,-21.606017]},"properties":{"nome":"2759","tipo":"ponto","bairro":"TRAVESS\u00c3O"}},{"type":"Feature","geometry":{"type":"Point","coordinates":[-41.309424,-21.613372]},"properties":{"nome":"27610","tipo":"ponto","bairro":"TRAVESS\u00c3O"}},{"type":"Feature","geometry":{"type":"Point","coordinates":[-41.289814,-21.614488]},"properties":{"nome":"27611","tipo":"ponto","bairro":"TRAVESS\u00c3O"}},{"type":"Feature","geometry":{"type":"Point","coordinates":[-41.284605,-21.62439]},"properties":{"nome":"2766","tipo":"ponto","bairro":"TRAVESS\u00c3O"}},{"type":"Feature","geometry":{"type":"Point","coordinates":[-41.312255,-21.605797]},"properties":{"nome":"2769","tipo":"ponto","bairro":"TRAVESS\u00c3O"}},{"type":"Feature","geometry":{"type":"Point","coordinates":[-41.309429,-21.613766]},"properties":{"nome":"27710","tipo":"ponto","bairro":"TRAVESS\u00c3O"}},{"type":"Feature","geometry":{"type":"Point","coordinates":[-41.289857,-21.61547]},"properties":{"nome":"27711","tipo":"ponto","bairro":"TRAVESS\u00c3O"}},{"type":"Feature","geometry":{"type":"Point","coordinates":[-41.284561,-21.623996]},"properties":{"nome":"2776","tipo":"ponto","bairro":"TRAVESS\u00c3O"}},{"type":"Feature","geometry":{"type":"Point","coordinates":[-41.312607,-21.627922]},"properties":{"nome":"2777","tipo":"ponto","bairro":"TRAVESS\u00c3O"}},{"type":"Feature","geometry":{"type":"Point","coordinates":[-41.313229,-21.61754]},"properties":{"nome":"2778","tipo":"ponto","bairro":"TRAVESS\u00c3O"}},{"type":"Feature","geometry":{"type":"Point","coordinates":[-41.284535,-21.623265]},"properties":{"nome":"2786","tipo":"ponto","bairro":"TRAVESS\u00c3O"}},{"type":"Feature","geometry":{"type":"Point","coordinates":[-41.312957,-21.627939]},"properties":{"nome":"2787","tipo":"ponto","bairro":"TRAVESS\u00c3O"}},{"type":"Feature","geometry":{"type":"Point","coordinates":[-41.313232,-21.617589]},"properties":{"nome":"2788","tipo":"ponto","bairro":"TRAVESS\u00c3O"}},{"type":"Feature","geometry":{"type":"Point","coordinates":[-41.30944,-21.614058]},"properties":{"nome":"27910","tipo":"ponto","bairro":"TRAVESS\u00c3O"}},{"type":"Feature","geometry":{"type":"Point","coordinates":[-41.287354,-21.610667]},"properties":{"nome":"27911","tipo":"ponto","bairro":"TRAVESS\u00c3O"}},{"type":"Feature","geometry":{"type":"Point","coordinates":[-41.284527,-21.62268]},"properties":{"nome":"2796","tipo":"ponto","bairro":"TRAVESS\u00c3O"}},{"type":"Feature","geometry":{"type":"Point","coordinates":[-41.313323,-21.62796]},"properties":{"nome":"2797","tipo":"ponto","bairro":"TRAVESS\u00c3O"}},{"type":"Feature","geometry":{"type":"Point","coordinates":[-41.312232,-21.605489]},"properties":{"nome":"2799","tipo":"ponto","bairro":"TRAVESS\u00c3O"}},{"type":"Feature","geometry":{"type":"Point","coordinates":[-41.286993,-21.610732]},"properties":{"nome":"28011","tipo":"ponto","bairro":"TRAVESS\u00c3O"}},{"type":"Feature","geometry":{"type":"Point","coordinates":[-41.284492,-21.621276]},"properties":{"nome":"2806","tipo":"ponto","bairro":"TRAVESS\u00c3O"}},{"type":"Feature","geometry":{"type":"Point","coordinates":[-41.313453,-21.627989]},"properties":{"nome":"2807","tipo":"ponto","bairro":"TRAVESS\u00c3O"}},{"type":"Feature","geometry":{"type":"Point","coordinates":[-41.31325,-21.617929]},"properties":{"nome":"2808","tipo":"ponto","bairro":"TRAVESS\u00c3O"}},{"type":"Feature","geometry":{"type":"Point","coordinates":[-41.309424,-21.614273]},"properties":{"nome":"28110","tipo":"ponto","bairro":"TRAVESS\u00c3O"}},{"type":"Feature","geometry":{"type":"Point","coordinates":[-41.286597,-21.610775]},"properties":{"nome":"28111","tipo":"ponto","bairro":"TRAVESS\u00c3O"}},{"type":"Feature","geometry":{"type":"Point","coordinates":[-41.284465,-21.620632]},"properties":{"nome":"2816","tipo":"ponto","bairro":"TRAVESS\u00c3O"}},{"type":"Feature","geometry":{"type":"Point","coordinates":[-41.313271,-21.618073]},"properties":{"nome":"2818","tipo":"ponto","bairro":"TRAVESS\u00c3O"}},{"type":"Feature","geometry":{"type":"Point","coordinates":[-41.312136,-21.60492]},"properties":{"nome":"2819","tipo":"ponto","bairro":"TRAVESS\u00c3O"}},{"type":"Feature","geometry":{"type":"Point","coordinates":[-41.286207,-21.610835]},"properties":{"nome":"28211","tipo":"ponto","bairro":"TRAVESS\u00c3O"}},{"type":"Feature","geometry":{"type":"Point","coordinates":[-41.313113,-21.617183]},"properties":{"nome":"2828","tipo":"ponto","bairro":"TRAVESS\u00c3O"}},{"type":"Feature","geometry":{"type":"Point","coordinates":[-41.312091,-21.604601]},"properties":{"nome":"2829","tipo":"ponto","bairro":"TRAVESS\u00c3O"}},{"type":"Feature","geometry":{"type":"Point","coordinates":[-41.285825,-21.610891]},"properties":{"nome":"28311","tipo":"ponto","bairro":"TRAVESS\u00c3O"}},{"type":"Feature","geometry":{"type":"Point","coordinates":[-41.284443,-21.620144]},"properties":{"nome":"2836","tipo":"ponto","bairro":"TRAVESS\u00c3O"}},{"type":"Feature","geometry":{"type":"Point","coordinates":[-41.31205,-21.604324]},"properties":{"nome":"2839","tipo":"ponto","bairro":"TRAVESS\u00c3O"}},{"type":"Feature","geometry":{"type":"Point","coordinates":[-41.285438,-21.610942]},"properties":{"nome":"28411","tipo":"ponto","bairro":"TRAVESS\u00c3O"}},{"type":"Feature","geometry":{"type":"Point","coordinates":[-41.284431,-21.619784]},"properties":{"nome":"2846","tipo":"ponto","bairro":"TRAVESS\u00c3O"}},{"type":"Feature","geometry":{"type":"Point","coordinates":[-41.312041,-21.604243]},"properties":{"nome":"2849","tipo":"ponto","bairro":"TRAVESS\u00c3O"}},{"type":"Feature","geometry":{"type":"Point","coordinates":[-41.285022,-21.611011]},"properties":{"nome":"28511","tipo":"ponto","bairro":"TRAVESS\u00c3O"}},{"type":"Feature","geometry":{"type":"Point","coordinates":[-41.284402,-21.619435]},"properties":{"nome":"2856","tipo":"ponto","bairro":"TRAVESS\u00c3O"}},{"type":"Feature","geometry":{"type":"Point","coordinates":[-41.312958,-21.62725]},"properties":{"nome":"2857","tipo":"ponto","bairro":"TRAVESS\u00c3O"}},{"type":"Feature","geometry":{"type":"Point","coordinates":[-41.31255,-21.617225]},"properties":{"nome":"2858","tipo":"ponto","bairro":"TRAVESS\u00c3O"}},{"type":"Feature","geometry":{"type":"Point","coordinates":[-41.284611,-21.611064]},"properties":{"nome":"28611","tipo":"ponto","bairro":"TRAVESS\u00c3O"}},{"type":"Feature","geometry":{"type":"Point","coordinates":[-41.284358,-21.619067]},"properties":{"nome":"2866","tipo":"ponto","bairro":"TRAVESS\u00c3O"}},{"type":"Feature","geometry":{"type":"Point","coordinates":[-41.312681,-21.627236]},"properties":{"nome":"2867","tipo":"ponto","bairro":"TRAVESS\u00c3O"}},{"type":"Feature","geometry":{"type":"Point","coordinates":[-41.311997,-21.603878]},"properties":{"nome":"2869","tipo":"ponto","bairro":"TRAVESS\u00c3O"}},{"type":"Feature","geometry":{"type":"Point","coordinates":[-41.312813,-21.616809]},"properties":{"nome":"2878","tipo":"ponto","bairro":"TRAVESS\u00c3O"}},{"type":"Feature","geometry":{"type":"Point","coordinates":[-41.309509,-21.615277]},"properties":{"nome":"28810","tipo":"ponto","bairro":"TRAVESS\u00c3O"}},{"type":"Feature","geometry":{"type":"Point","coordinates":[-41.284297,-21.617756]},"properties":{"nome":"2886","tipo":"ponto","bairro":"TRAVESS\u00c3O"}},{"type":"Feature","geometry":{"type":"Point","coordinates":[-41.311961,-21.627179]},"properties":{"nome":"2887","tipo":"ponto","bairro":"TRAVESS\u00c3O"}},{"type":"Feature","geometry":{"type":"Point","coordinates":[-41.312769,-21.616488]},"properties":{"nome":"2888","tipo":"ponto","bairro":"TRAVESS\u00c3O"}},{"type":"Feature","geometry":{"type":"Point","coordinates":[-41.309524,-21.615556]},"properties":{"nome":"28910","tipo":"ponto","bairro":"TRAVESS\u00c3O"}},{"type":"Feature","geometry":{"type":"Point","coordinates":[-41.283423,-21.611182]},"properties":{"nome":"28911","tipo":"ponto","bairro":"TRAVESS\u00c3O"}},{"type":"Feature","geometry":{"type":"Point","coordinates":[-41.284247,-21.616732]},"properties":{"nome":"2896","tipo":"ponto","bairro":"TRAVESS\u00c3O"}},{"type":"Feature","geometry":{"type":"Point","coordinates":[-41.311654,-21.62715]},"properties":{"nome":"2897","tipo":"ponto","bairro":"TRAVESS\u00c3O"}},{"type":"Feature","geometry":{"type":"Point","coordinates":[-41.312151,-21.603383]},"properties":{"nome":"2899","tipo":"ponto","bairro":"TRAVESS\u00c3O"}},{"type":"Feature","geometry":{"type":"Point","coordinates":[-41.309554,-21.61588]},"properties":{"nome":"29010","tipo":"ponto","bairro":"TRAVESS\u00c3O"}},{"type":"Feature","geometry":{"type":"Point","coordinates":[-41.283057,-21.611224]},"properties":{"nome":"29011","tipo":"ponto","bairro":"TRAVESS\u00c3O"}},{"type":"Feature","geometry":{"type":"Point","coordinates":[-41.284211,-21.616372]},"properties":{"nome":"2906","tipo":"ponto","bairro":"TRAVESS\u00c3O"}},{"type":"Feature","geometry":{"type":"Point","coordinates":[-41.31001,-21.615848]},"properties":{"nome":"29110","tipo":"ponto","bairro":"TRAVESS\u00c3O"}},{"type":"Feature","geometry":{"type":"Point","coordinates":[-41.284194,-21.615953]},"properties":{"nome":"2916","tipo":"ponto","bairro":"TRAVESS\u00c3O"}},{"type":"Feature","geometry":{"type":"Point","coordinates":[-41.311571,-21.627389]},"properties":{"nome":"2917","tipo":"ponto","bairro":"TRAVESS\u00c3O"}},{"type":"Feature","geometry":{"type":"Point","coordinates":[-41.311412,-21.603843]},"properties":{"nome":"2919","tipo":"ponto","bairro":"TRAVESS\u00c3O"}},{"type":"Feature","geometry":{"type":"Point","coordinates":[-41.310017,-21.615534]},"properties":{"nome":"29210","tipo":"ponto","bairro":"TRAVESS\u00c3O"}},{"type":"Feature","geometry":{"type":"Point","coordinates":[-41.311437,-21.604204]},"properties":{"nome":"2929","tipo":"ponto","bairro":"TRAVESS\u00c3O"}},{"type":"Feature","geometry":{"type":"Point","coordinates":[-41.282848,-21.61155]},"properties":{"nome":"29310","tipo":"ponto","bairro":"TRAVESS\u00c3O"}},{"type":"Feature","geometry":{"type":"Point","coordinates":[-41.284156,-21.615268]},"properties":{"nome":"2935","tipo":"ponto","bairro":"TRAVESS\u00c3O"}},{"type":"Feature","geometry":{"type":"Point","coordinates":[-41.310034,-21.615229]},"properties":{"nome":"2939","tipo":"ponto","bairro":"TRAVESS\u00c3O"}},{"type":"Feature","geometry":{"type":"Point","coordinates":[-41.282887,-21.611807]},"properties":{"nome":"29410","tipo":"ponto","bairro":"TRAVESS\u00c3O"}},{"type":"Feature","geometry":{"type":"Point","coordinates":[-41.311584,-21.62681]},"properties":{"nome":"2946","tipo":"ponto","bairro":"TRAVESS\u00c3O"}},{"type":"Feature","geometry":{"type":"Point","coordinates":[-41.311449,-21.604844]},"properties":{"nome":"2948","tipo":"ponto","bairro":"TRAVESS\u00c3O"}},{"type":"Feature","geometry":{"type":"Point","coordinates":[-41.282877,-21.612007]},"properties":{"nome":"29510","tipo":"ponto","bairro":"TRAVESS\u00c3O"}},{"type":"Feature","geometry":{"type":"Point","coordinates":[-41.311483,-21.605171]},"properties":{"nome":"2958","tipo":"ponto","bairro":"TRAVESS\u00c3O"}},{"type":"Feature","geometry":{"type":"Point","coordinates":[-41.284613,-21.614945]},"properties":{"nome":"2964","tipo":"ponto","bairro":"TRAVESS\u00c3O"}},{"type":"Feature","geometry":{"type":"Point","coordinates":[-41.311637,-21.626488]},"properties":{"nome":"2965","tipo":"ponto","bairro":"TRAVESS\u00c3O"}},{"type":"Feature","geometry":{"type":"Point","coordinates":[-41.313371,-21.616518]},"properties":{"nome":"2966","tipo":"ponto","bairro":"TRAVESS\u00c3O"}},{"type":"Feature","geometry":{"type":"Point","coordinates":[-41.311501,-21.605503]},"properties":{"nome":"2967","tipo":"ponto","bairro":"TRAVESS\u00c3O"}},{"type":"Feature","geometry":{"type":"Point","coordinates":[-41.31008,-21.614543]},"properties":{"nome":"2968","tipo":"ponto","bairro":"TRAVESS\u00c3O"}},{"type":"Feature","geometry":{"type":"Point","coordinates":[-41.282886,-21.612245]},"properties":{"nome":"2969","tipo":"ponto","bairro":"TRAVESS\u00c3O"}},{"type":"Feature","geometry":{"type":"Point","coordinates":[-41.28497,-21.614948]},"properties":{"nome":"2974","tipo":"ponto","bairro":"TRAVESS\u00c3O"}},{"type":"Feature","geometry":{"type":"Point","coordinates":[-41.312034,-21.6265]},"properties":{"nome":"2975","tipo":"ponto","bairro":"TRAVESS\u00c3O"}},{"type":"Feature","geometry":{"type":"Point","coordinates":[-41.313379,-21.61669]},"properties":{"nome":"2976","tipo":"ponto","bairro":"TRAVESS\u00c3O"}},{"type":"Feature","geometry":{"type":"Point","coordinates":[-41.31153,-21.605812]},"properties":{"nome":"2977","tipo":"ponto","bairro":"TRAVESS\u00c3O"}},{"type":"Feature","geometry":{"type":"Point","coordinates":[-41.310079,-21.614312]},"properties":{"nome":"2978","tipo":"ponto","bairro":"TRAVESS\u00c3O"}},{"type":"Feature","geometry":{"type":"Point","coordinates":[-41.282865,-21.612582]},"properties":{"nome":"2979","tipo":"ponto","bairro":"TRAVESS\u00c3O"}},{"type":"Feature","geometry":{"type":"Point","coordinates":[-41.311526,-21.606076]},"properties":{"nome":"2987","tipo":"ponto","bairro":"TRAVESS\u00c3O"}},{"type":"Feature","geometry":{"type":"Point","coordinates":[-41.31013,-21.614008]},"properties":{"nome":"2988","tipo":"ponto","bairro":"TRAVESS\u00c3O"}},{"type":"Feature","geometry":{"type":"Point","coordinates":[-41.282903,-21.612835]},"properties":{"nome":"2989","tipo":"ponto","bairro":"TRAVESS\u00c3O"}},{"type":"Feature","geometry":{"type":"Point","coordinates":[-41.312649,-21.626529]},"properties":{"nome":"2995","tipo":"ponto","bairro":"TRAVESS\u00c3O"}},{"type":"Feature","geometry":{"type":"Point","coordinates":[-41.311546,-21.606375]},"properties":{"nome":"2997","tipo":"ponto","bairro":"TRAVESS\u00c3O"}},{"type":"Feature","geometry":{"type":"Point","coordinates":[-41.284893,-21.614632]},"properties":{"nome":"3004","tipo":"ponto","bairro":"TRAVESS\u00c3O"}},{"type":"Feature","geometry":{"type":"Point","coordinates":[-41.312909,-21.626569]},"properties":{"nome":"3005","tipo":"ponto","bairro":"TRAVESS\u00c3O"}},{"type":"Feature","geometry":{"type":"Point","coordinates":[-41.311561,-21.606575]},"properties":{"nome":"3007","tipo":"ponto","bairro":"TRAVESS\u00c3O"}},{"type":"Feature","geometry":{"type":"Point","coordinates":[-41.284107,-21.61433]},"properties":{"nome":"3014","tipo":"ponto","bairro":"TRAVESS\u00c3O"}},{"type":"Feature","geometry":{"type":"Point","coordinates":[-41.313267,-21.626572]},"properties":{"nome":"3015","tipo":"ponto","bairro":"TRAVESS\u00c3O"}},{"type":"Feature","geometry":{"type":"Point","coordinates":[-41.311519,-21.606635]},"properties":{"nome":"3017","tipo":"ponto","bairro":"TRAVESS\u00c3O"}},{"type":"Feature","geometry":{"type":"Point","coordinates":[-41.284105,-21.613949]},"properties":{"nome":"3024","tipo":"ponto","bairro":"TRAVESS\u00c3O"}},{"type":"Feature","geometry":{"type":"Point","coordinates":[-41.313625,-21.626552]},"properties":{"nome":"3025","tipo":"ponto","bairro":"TRAVESS\u00c3O"}},{"type":"Feature","geometry":{"type":"Point","coordinates":[-41.313846,-21.615625]},"properties":{"nome":"3026","tipo":"ponto","bairro":"TRAVESS\u00c3O"}},{"type":"Feature","geometry":{"type":"Point","coordinates":[-41.282286,-21.611824]},"properties":{"nome":"3029","tipo":"ponto","bairro":"TRAVESS\u00c3O"}},{"type":"Feature","geometry":{"type":"Point","coordinates":[-41.284093,-21.613579]},"properties":{"nome":"3034","tipo":"ponto","bairro":"TRAVESS\u00c3O"}},{"type":"Feature","geometry":{"type":"Point","coordinates":[-41.308951,-21.615277]},"properties":{"nome":"3038","tipo":"ponto","bairro":"TRAVESS\u00c3O"}},{"type":"Feature","geometry":{"type":"Point","coordinates":[-41.282307,-21.612183]},"properties":{"nome":"3039","tipo":"ponto","bairro":"TRAVESS\u00c3O"}},{"type":"Feature","geometry":{"type":"Point","coordinates":[-41.284093,-21.613236]},"properties":{"nome":"3044","tipo":"ponto","bairro":"TRAVESS\u00c3O"}},{"type":"Feature","geometry":{"type":"Point","coordinates":[-41.313785,-21.615153]},"properties":{"nome":"3046","tipo":"ponto","bairro":"TRAVESS\u00c3O"}},{"type":"Feature","geometry":{"type":"Point","coordinates":[-41.308984,-21.6156]},"properties":{"nome":"3048","tipo":"ponto","bairro":"TRAVESS\u00c3O"}},{"type":"Feature","geometry":{"type":"Point","coordinates":[-41.284087,-21.612861]},"properties":{"nome":"3054","tipo":"ponto","bairro":"TRAVESS\u00c3O"}},{"type":"Feature","geometry":{"type":"Point","coordinates":[-41.313548,-21.625888]},"properties":{"nome":"3055","tipo":"ponto","bairro":"TRAVESS\u00c3O"}},{"type":"Feature","geometry":{"type":"Point","coordinates":[-41.312683,-21.615786]},"properties":{"nome":"3056","tipo":"ponto","bairro":"TRAVESS\u00c3O"}},{"type":"Feature","geometry":{"type":"Point","coordinates":[-41.308994,-21.615905]},"properties":{"nome":"3058","tipo":"ponto","bairro":"TRAVESS\u00c3O"}},{"type":"Feature","geometry":{"type":"Point","coordinates":[-41.281535,-21.611456]},"properties":{"nome":"3059","tipo":"ponto","bairro":"TRAVESS\u00c3O"}},{"type":"Feature","geometry":{"type":"Point","coordinates":[-41.313243,-21.625845]},"properties":{"nome":"3065","tipo":"ponto","bairro":"TRAVESS\u00c3O"}},{"type":"Feature","geometry":{"type":"Point","coordinates":[-41.312698,-21.615519]},"properties":{"nome":"3066","tipo":"ponto","bairro":"TRAVESS\u00c3O"}},{"type":"Feature","geometry":{"type":"Point","coordinates":[-41.311036,-21.606401]},"properties":{"nome":"3067","tipo":"ponto","bairro":"TRAVESS\u00c3O"}},{"type":"Feature","geometry":{"type":"Point","coordinates":[-41.308481,-21.61596]},"properties":{"nome":"3068","tipo":"ponto","bairro":"TRAVESS\u00c3O"}},{"type":"Feature","geometry":{"type":"Point","coordinates":[-41.281137,-21.611512]},"properties":{"nome":"3069","tipo":"ponto","bairro":"TRAVESS\u00c3O"}},{"type":"Feature","geometry":{"type":"Point","coordinates":[-41.284056,-21.612112]},"properties":{"nome":"3074","tipo":"ponto","bairro":"TRAVESS\u00c3O"}},{"type":"Feature","geometry":{"type":"Point","coordinates":[-41.312995,-21.625829]},"properties":{"nome":"3075","tipo":"ponto","bairro":"TRAVESS\u00c3O"}},{"type":"Feature","geometry":{"type":"Point","coordinates":[-41.312688,-21.615332]},"properties":{"nome":"3076","tipo":"ponto","bairro":"TRAVESS\u00c3O"}},{"type":"Feature","geometry":{"type":"Point","coordinates":[-41.30845,-21.61568]},"properties":{"nome":"3078","tipo":"ponto","bairro":"TRAVESS\u00c3O"}},{"type":"Feature","geometry":{"type":"Point","coordinates":[-41.312598,-21.625804]},"properties":{"nome":"3085","tipo":"ponto","bairro":"TRAVESS\u00c3O"}},{"type":"Feature","geometry":{"type":"Point","coordinates":[-41.312699,-21.615079]},"properties":{"nome":"3086","tipo":"ponto","bairro":"TRAVESS\u00c3O"}},{"type":"Feature","geometry":{"type":"Point","coordinates":[-41.310999,-21.605752]},"properties":{"nome":"3087","tipo":"ponto","bairro":"TRAVESS\u00c3O"}},{"type":"Feature","geometry":{"type":"Point","coordinates":[-41.308431,-21.615359]},"properties":{"nome":"3088","tipo":"ponto","bairro":"TRAVESS\u00c3O"}},{"type":"Feature","geometry":{"type":"Point","coordinates":[-41.312298,-21.625793]},"properties":{"nome":"3095","tipo":"ponto","bairro":"TRAVESS\u00c3O"}},{"type":"Feature","geometry":{"type":"Point","coordinates":[-41.310977,-21.605494]},"properties":{"nome":"3097","tipo":"ponto","bairro":"TRAVESS\u00c3O"}},{"type":"Feature","geometry":{"type":"Point","coordinates":[-41.281009,-21.61192]},"properties":{"nome":"3099","tipo":"ponto","bairro":"TRAVESS\u00c3O"}},{"type":"Feature","geometry":{"type":"Point","coordinates":[-41.284455,-21.611726]},"properties":{"nome":"3104","tipo":"ponto","bairro":"TRAVESS\u00c3O"}},{"type":"Feature","geometry":{"type":"Point","coordinates":[-41.311977,-21.625768]},"properties":{"nome":"3105","tipo":"ponto","bairro":"TRAVESS\u00c3O"}},{"type":"Feature","geometry":{"type":"Point","coordinates":[-41.312664,-21.614723]},"properties":{"nome":"3106","tipo":"ponto","bairro":"TRAVESS\u00c3O"}},{"type":"Feature","geometry":{"type":"Point","coordinates":[-41.310972,-21.605207]},"properties":{"nome":"3107","tipo":"ponto","bairro":"TRAVESS\u00c3O"}},{"type":"Feature","geometry":{"type":"Point","coordinates":[-41.284782,-21.611885]},"properties":{"nome":"3114","tipo":"ponto","bairro":"TRAVESS\u00c3O"}},{"type":"Feature","geometry":{"type":"Point","coordinates":[-41.311701,-21.625753]},"properties":{"nome":"3115","tipo":"ponto","bairro":"TRAVESS\u00c3O"}},{"type":"Feature","geometry":{"type":"Point","coordinates":[-41.312661,-21.614576]},"properties":{"nome":"3116","tipo":"ponto","bairro":"TRAVESS\u00c3O"}},{"type":"Feature","geometry":{"type":"Point","coordinates":[-41.310948,-21.604887]},"properties":{"nome":"3117","tipo":"ponto","bairro":"TRAVESS\u00c3O"}},{"type":"Feature","geometry":{"type":"Point","coordinates":[-41.308985,-21.614396]},"properties":{"nome":"3118","tipo":"ponto","bairro":"TRAVESS\u00c3O"}},{"type":"Feature","geometry":{"type":"Point","coordinates":[-41.284057,-21.611454]},"properties":{"nome":"3124","tipo":"ponto","bairro":"TRAVESS\u00c3O"}},{"type":"Feature","geometry":{"type":"Point","coordinates":[-41.312638,-21.61426]},"properties":{"nome":"3126","tipo":"ponto","bairro":"TRAVESS\u00c3O"}},{"type":"Feature","geometry":{"type":"Point","coordinates":[-41.280606,-21.611568]},"properties":{"nome":"3129","tipo":"ponto","bairro":"TRAVESS\u00c3O"}},{"type":"Feature","geometry":{"type":"Point","coordinates":[-41.28037,-21.611606]},"properties":{"nome":"3139","tipo":"ponto","bairro":"TRAVESS\u00c3O"}},{"type":"Feature","geometry":{"type":"Point","coordinates":[-41.311612,-21.626124]},"properties":{"nome":"3144","tipo":"ponto","bairro":"TRAVESS\u00c3O"}},{"type":"Feature","geometry":{"type":"Point","coordinates":[-41.313073,-21.615495]},"properties":{"nome":"3145","tipo":"ponto","bairro":"TRAVESS\u00c3O"}},{"type":"Feature","geometry":{"type":"Point","coordinates":[-41.313107,-21.615285]},"properties":{"nome":"3155","tipo":"ponto","bairro":"TRAVESS\u00c3O"}},{"type":"Feature","geometry":{"type":"Point","coordinates":[-41.308593,-21.614215]},"properties":{"nome":"3157","tipo":"ponto","bairro":"TRAVESS\u00c3O"}},{"type":"Feature","geometry":{"type":"Point","coordinates":[-41.313076,-21.614919]},"properties":{"nome":"3164","tipo":"ponto","bairro":"TRAVESS\u00c3O"}},{"type":"Feature","geometry":{"type":"Point","coordinates":[-41.308583,-21.613962]},"properties":{"nome":"3166","tipo":"ponto","bairro":"TRAVESS\u00c3O"}},{"type":"Feature","geometry":{"type":"Point","coordinates":[-41.280001,-21.611829]},"properties":{"nome":"3167","tipo":"ponto","bairro":"TRAVESS\u00c3O"}},{"type":"Feature","geometry":{"type":"Point","coordinates":[-41.313036,-21.614634]},"properties":{"nome":"3173","tipo":"ponto","bairro":"TRAVESS\u00c3O"}},{"type":"Feature","geometry":{"type":"Point","coordinates":[-41.313001,-21.614359]},"properties":{"nome":"3183","tipo":"ponto","bairro":"TRAVESS\u00c3O"}},{"type":"Feature","geometry":{"type":"Point","coordinates":[-41.308344,-21.613927]},"properties":{"nome":"3185","tipo":"ponto","bairro":"TRAVESS\u00c3O"}},{"type":"Feature","geometry":{"type":"Point","coordinates":[-41.280039,-21.612323]},"properties":{"nome":"3186","tipo":"ponto","bairro":"TRAVESS\u00c3O"}},{"type":"Feature","geometry":{"type":"Point","coordinates":[-41.311217,-21.603129]},"properties":{"nome":"3194","tipo":"ponto","bairro":"TRAVESS\u00c3O"}},{"type":"Feature","geometry":{"type":"Point","coordinates":[-41.280054,-21.612669]},"properties":{"nome":"3196","tipo":"ponto","bairro":"TRAVESS\u00c3O"}},{"type":"Feature","geometry":{"type":"Point","coordinates":[-41.308248,-21.614313]},"properties":{"nome":"3204","tipo":"ponto","bairro":"TRAVESS\u00c3O"}},{"type":"Feature","geometry":{"type":"Point","coordinates":[-41.280084,-21.612992]},"properties":{"nome":"3205","tipo":"ponto","bairro":"TRAVESS\u00c3O"}},{"type":"Feature","geometry":{"type":"Point","coordinates":[-41.311824,-21.613475]},"properties":{"nome":"3212","tipo":"ponto","bairro":"TRAVESS\u00c3O"}},{"type":"Feature","geometry":{"type":"Point","coordinates":[-41.308232,-21.614595]},"properties":{"nome":"3214","tipo":"ponto","bairro":"TRAVESS\u00c3O"}},{"type":"Feature","geometry":{"type":"Point","coordinates":[-41.280096,-21.613372]},"properties":{"nome":"3215","tipo":"ponto","bairro":"TRAVESS\u00c3O"}},{"type":"Feature","geometry":{"type":"Point","coordinates":[-41.311804,-21.613834]},"properties":{"nome":"3222","tipo":"ponto","bairro":"TRAVESS\u00c3O"}},{"type":"Feature","geometry":{"type":"Point","coordinates":[-41.310271,-21.603964]},"properties":{"nome":"3223","tipo":"ponto","bairro":"TRAVESS\u00c3O"}},{"type":"Feature","geometry":{"type":"Point","coordinates":[-41.280113,-21.613679]},"properties":{"nome":"3225","tipo":"ponto","bairro":"TRAVESS\u00c3O"}},{"type":"Feature","geometry":{"type":"Point","coordinates":[-41.311783,-21.614117]},"properties":{"nome":"3232","tipo":"ponto","bairro":"TRAVESS\u00c3O"}},{"type":"Feature","geometry":{"type":"Point","coordinates":[-41.310276,-21.604276]},"properties":{"nome":"3233","tipo":"ponto","bairro":"TRAVESS\u00c3O"}},{"type":"Feature","geometry":{"type":"Point","coordinates":[-41.308221,-21.613589]},"properties":{"nome":"3234","tipo":"ponto","bairro":"TRAVESS\u00c3O"}},{"type":"Feature","geometry":{"type":"Point","coordinates":[-41.27961,-21.611706]},"properties":{"nome":"3235","tipo":"ponto","bairro":"TRAVESS\u00c3O"}},{"type":"Feature","geometry":{"type":"Point","coordinates":[-41.311807,-21.61445]},"properties":{"nome":"3242","tipo":"ponto","bairro":"TRAVESS\u00c3O"}},{"type":"Feature","geometry":{"type":"Point","coordinates":[-41.308263,-21.613553]},"properties":{"nome":"3244","tipo":"ponto","bairro":"TRAVESS\u00c3O"}},{"type":"Feature","geometry":{"type":"Point","coordinates":[-41.279224,-21.611754]},"properties":{"nome":"3245","tipo":"ponto","bairro":"TRAVESS\u00c3O"}},{"type":"Feature","geometry":{"type":"Point","coordinates":[-41.311826,-21.614672]},"properties":{"nome":"3252","tipo":"ponto","bairro":"TRAVESS\u00c3O"}},{"type":"Feature","geometry":{"type":"Point","coordinates":[-41.310317,-21.604649]},"properties":{"nome":"3253","tipo":"ponto","bairro":"TRAVESS\u00c3O"}},{"type":"Feature","geometry":{"type":"Point","coordinates":[-41.308488,-21.613541]},"properties":{"nome":"3254","tipo":"ponto","bairro":"TRAVESS\u00c3O"}},{"type":"Feature","geometry":{"type":"Point","coordinates":[-41.278847,-21.611777]},"properties":{"nome":"3255","tipo":"ponto","bairro":"TRAVESS\u00c3O"}},{"type":"Feature","geometry":{"type":"Point","coordinates":[-41.310325,-21.604963]},"properties":{"nome":"3263","tipo":"ponto","bairro":"TRAVESS\u00c3O"}},{"type":"Feature","geometry":{"type":"Point","coordinates":[-41.278453,-21.611831]},"properties":{"nome":"3265","tipo":"ponto","bairro":"TRAVESS\u00c3O"}},{"type":"Feature","geometry":{"type":"Point","coordinates":[-41.311846,-21.615233]},"properties":{"nome":"3272","tipo":"ponto","bairro":"TRAVESS\u00c3O"}},{"type":"Feature","geometry":{"type":"Point","coordinates":[-41.310327,-21.605273]},"properties":{"nome":"3273","tipo":"ponto","bairro":"TRAVESS\u00c3O"}},{"type":"Feature","geometry":{"type":"Point","coordinates":[-41.308921,-21.61263]},"properties":{"nome":"3274","tipo":"ponto","bairro":"TRAVESS\u00c3O"}},{"type":"Feature","geometry":{"type":"Point","coordinates":[-41.277701,-21.611935]},"properties":{"nome":"3275","tipo":"ponto","bairro":"TRAVESS\u00c3O"}},{"type":"Feature","geometry":{"type":"Point","coordinates":[-41.311801,-21.615501]},"properties":{"nome":"3281","tipo":"ponto","bairro":"TRAVESS\u00c3O"}},{"type":"Feature","geometry":{"type":"Point","coordinates":[-41.310354,-21.605579]},"properties":{"nome":"3282","tipo":"ponto","bairro":"TRAVESS\u00c3O"}},{"type":"Feature","geometry":{"type":"Point","coordinates":[-41.311795,-21.615881]},"properties":{"nome":"3291","tipo":"ponto","bairro":"TRAVESS\u00c3O"}},{"type":"Feature","geometry":{"type":"Point","coordinates":[-41.310373,-21.605911]},"properties":{"nome":"3292","tipo":"ponto","bairro":"TRAVESS\u00c3O"}},{"type":"Feature","geometry":{"type":"Point","coordinates":[-41.275563,-21.61221]},"properties":{"nome":"3294","tipo":"ponto","bairro":"TRAVESS\u00c3O"}},{"type":"Feature","geometry":{"type":"Point","coordinates":[-41.311792,-21.616049]},"properties":{"nome":"3301","tipo":"ponto","bairro":"TRAVESS\u00c3O"}},{"type":"Feature","geometry":{"type":"Point","coordinates":[-41.310385,-21.606285]},"properties":{"nome":"3302","tipo":"ponto","bairro":"TRAVESS\u00c3O"}},{"type":"Feature","geometry":{"type":"Point","coordinates":[-41.311786,-21.616203]},"properties":{"nome":"3311","tipo":"ponto","bairro":"TRAVESS\u00c3O"}},{"type":"Feature","geometry":{"type":"Point","coordinates":[-41.309509,-21.612158]},"properties":{"nome":"3313","tipo":"ponto","bairro":"TRAVESS\u00c3O"}},{"type":"Feature","geometry":{"type":"Point","coordinates":[-41.311803,-21.6165]},"properties":{"nome":"3321","tipo":"ponto","bairro":"TRAVESS\u00c3O"}},{"type":"Feature","geometry":{"type":"Point","coordinates":[-41.310405,-21.606705]},"properties":{"nome":"3322","tipo":"ponto","bairro":"TRAVESS\u00c3O"}},{"type":"Feature","geometry":{"type":"Point","coordinates":[-41.309894,-21.612138]},"properties":{"nome":"3323","tipo":"ponto","bairro":"TRAVESS\u00c3O"}},{"type":"Feature","geometry":{"type":"Point","coordinates":[-41.311782,-21.616763]},"properties":{"nome":"3331","tipo":"ponto","bairro":"TRAVESS\u00c3O"}},{"type":"Feature","geometry":{"type":"Point","coordinates":[-41.31179,-21.616861]},"properties":{"nome":"3341","tipo":"ponto","bairro":"TRAVESS\u00c3O"}},{"type":"Feature","geometry":{"type":"Point","coordinates":[-41.311782,-21.617161]},"properties":{"nome":"3351","tipo":"ponto","bairro":"TRAVESS\u00c3O"}},{"type":"Feature","geometry":{"type":"Point","coordinates":[-41.310408,-21.606999]},"properties":{"nome":"3352","tipo":"ponto","bairro":"TRAVESS\u00c3O"}},{"type":"Feature","geometry":{"type":"Point","coordinates":[-41.310053,-21.612395]},"properties":{"nome":"3353","tipo":"ponto","bairro":"TRAVESS\u00c3O"}},{"type":"Feature","geometry":{"type":"Point","coordinates":[-41.272363,-21.611129]},"properties":{"nome":"3354","tipo":"ponto","bairro":"TRAVESS\u00c3O"}},{"type":"Feature","geometry":{"type":"Point","coordinates":[-41.311794,-21.617357]},"properties":{"nome":"3361","tipo":"ponto","bairro":"TRAVESS\u00c3O"}},{"type":"Feature","geometry":{"type":"Point","coordinates":[-41.310451,-21.607229]},"properties":{"nome":"3362","tipo":"ponto","bairro":"TRAVESS\u00c3O"}},{"type":"Feature","geometry":{"type":"Point","coordinates":[-41.272327,-21.610881]},"properties":{"nome":"3364","tipo":"ponto","bairro":"TRAVESS\u00c3O"}},{"type":"Feature","geometry":{"type":"Point","coordinates":[-41.310191,-21.61214]},"properties":{"nome":"3373","tipo":"ponto","bairro":"TRAVESS\u00c3O"}},{"type":"Feature","geometry":{"type":"Point","coordinates":[-41.272293,-21.610609]},"properties":{"nome":"3374","tipo":"ponto","bairro":"TRAVESS\u00c3O"}},{"type":"Feature","geometry":{"type":"Point","coordinates":[-41.311784,-21.617843]},"properties":{"nome":"3381","tipo":"ponto","bairro":"TRAVESS\u00c3O"}},{"type":"Feature","geometry":{"type":"Point","coordinates":[-41.310453,-21.612513]},"properties":{"nome":"3392","tipo":"ponto","bairro":"TRAVESS\u00c3O"}},{"type":"Feature","geometry":{"type":"Point","coordinates":[-41.272244,-21.610032]},"properties":{"nome":"3393","tipo":"ponto","bairro":"TRAVESS\u00c3O"}},{"type":"Feature","geometry":{"type":"Point","coordinates":[-41.271939,-21.610013]},"properties":{"nome":"3403","tipo":"ponto","bairro":"TRAVESS\u00c3O"}},{"type":"Feature","geometry":{"type":"Point","coordinates":[-41.315165,-21.616092]},"properties":{"nome":"3421","tipo":"ponto","bairro":"TRAVESS\u00c3O"}},{"type":"Feature","geometry":{"type":"Point","coordinates":[-41.315196,-21.615854]},"properties":{"nome":"3431","tipo":"ponto","bairro":"TRAVESS\u00c3O"}},{"type":"Feature","geometry":{"type":"Point","coordinates":[-41.315223,-21.61563]},"properties":{"nome":"3441","tipo":"ponto","bairro":"TRAVESS\u00c3O"}},{"type":"Feature","geometry":{"type":"Point","coordinates":[-41.315266,-21.615315]},"properties":{"nome":"3451","tipo":"ponto","bairro":"TRAVESS\u00c3O"}},{"type":"Feature","geometry":{"type":"Point","coordinates":[-41.310946,-21.612103]},"properties":{"nome":"3452","tipo":"ponto","bairro":"TRAVESS\u00c3O"}},{"type":"Feature","geometry":{"type":"Point","coordinates":[-41.315308,-21.614997]},"properties":{"nome":"3461","tipo":"ponto","bairro":"TRAVESS\u00c3O"}},{"type":"Feature","geometry":{"type":"Point","coordinates":[-41.311252,-21.612095]},"properties":{"nome":"3462","tipo":"ponto","bairro":"TRAVESS\u00c3O"}},{"type":"Feature","geometry":{"type":"Point","coordinates":[-41.271428,-21.608568]},"properties":{"nome":"3463","tipo":"ponto","bairro":"TRAVESS\u00c3O"}},{"type":"Feature","geometry":{"type":"Point","coordinates":[-41.315298,-21.614909]},"properties":{"nome":"3471","tipo":"ponto","bairro":"TRAVESS\u00c3O"}},{"type":"Feature","geometry":{"type":"Point","coordinates":[-41.311406,-21.61209]},"properties":{"nome":"3472","tipo":"ponto","bairro":"TRAVESS\u00c3O"}},{"type":"Feature","geometry":{"type":"Point","coordinates":[-41.315129,-21.614818]},"properties":{"nome":"3481","tipo":"ponto","bairro":"TRAVESS\u00c3O"}},{"type":"Feature","geometry":{"type":"Point","coordinates":[-41.271132,-21.609959]},"properties":{"nome":"3483","tipo":"ponto","bairro":"TRAVESS\u00c3O"}},{"type":"Feature","geometry":{"type":"Point","coordinates":[-41.270719,-21.609922]},"properties":{"nome":"3493","tipo":"ponto","bairro":"TRAVESS\u00c3O"}},{"type":"Feature","geometry":{"type":"Point","coordinates":[-41.311589,-21.612452]},"properties":{"nome":"3502","tipo":"ponto","bairro":"TRAVESS\u00c3O"}},{"type":"Feature","geometry":{"type":"Point","coordinates":[-41.270382,-21.609902]},"properties":{"nome":"3503","tipo":"ponto","bairro":"TRAVESS\u00c3O"}},{"type":"Feature","geometry":{"type":"Point","coordinates":[-41.270171,-21.609885]},"properties":{"nome":"3513","tipo":"ponto","bairro":"TRAVESS\u00c3O"}},{"type":"Feature","geometry":{"type":"Point","coordinates":[-41.311422,-21.611527]},"properties":{"nome":"3542","tipo":"ponto","bairro":"TRAVESS\u00c3O"}},{"type":"Feature","geometry":{"type":"Point","coordinates":[-41.27007,-21.611826]},"properties":{"nome":"3543","tipo":"ponto","bairro":"TRAVESS\u00c3O"}},{"type":"Feature","geometry":{"type":"Point","coordinates":[-41.313787,-21.614036]},"properties":{"nome":"3551","tipo":"ponto","bairro":"TRAVESS\u00c3O"}},{"type":"Feature","geometry":{"type":"Point","coordinates":[-41.313721,-21.61368]},"properties":{"nome":"3561","tipo":"ponto","bairro":"TRAVESS\u00c3O"}},{"type":"Feature","geometry":{"type":"Point","coordinates":[-41.310818,-21.611554]},"properties":{"nome":"3562","tipo":"ponto","bairro":"TRAVESS\u00c3O"}},{"type":"Feature","geometry":{"type":"Point","coordinates":[-41.269742,-21.612494]},"properties":{"nome":"3573","tipo":"ponto","bairro":"TRAVESS\u00c3O"}},{"type":"Feature","geometry":{"type":"Point","coordinates":[-41.309953,-21.611556]},"properties":{"nome":"3592","tipo":"ponto","bairro":"TRAVESS\u00c3O"}},{"type":"Feature","geometry":{"type":"Point","coordinates":[-41.312851,-21.613912]},"properties":{"nome":"3601","tipo":"ponto","bairro":"TRAVESS\u00c3O"}},{"type":"Feature","geometry":{"type":"Point","coordinates":[-41.309565,-21.611578]},"properties":{"nome":"3602","tipo":"ponto","bairro":"TRAVESS\u00c3O"}},{"type":"Feature","geometry":{"type":"Point","coordinates":[-41.309275,-21.611592]},"properties":{"nome":"3612","tipo":"ponto","bairro":"TRAVESS\u00c3O"}},{"type":"Feature","geometry":{"type":"Point","coordinates":[-41.308967,-21.611607]},"properties":{"nome":"3622","tipo":"ponto","bairro":"TRAVESS\u00c3O"}},{"type":"Feature","geometry":{"type":"Point","coordinates":[-41.312534,-21.613809]},"properties":{"nome":"3631","tipo":"ponto","bairro":"TRAVESS\u00c3O"}},{"type":"Feature","geometry":{"type":"Point","coordinates":[-41.312552,-21.613523]},"properties":{"nome":"3641","tipo":"ponto","bairro":"TRAVESS\u00c3O"}},{"type":"Feature","geometry":{"type":"Point","coordinates":[-41.268982,-21.612988]},"properties":{"nome":"3643","tipo":"ponto","bairro":"TRAVESS\u00c3O"}},{"type":"Feature","geometry":{"type":"Point","coordinates":[-41.312481,-21.6132]},"properties":{"nome":"3651","tipo":"ponto","bairro":"TRAVESS\u00c3O"}},{"type":"Feature","geometry":{"type":"Point","coordinates":[-41.307633,-21.611647]},"properties":{"nome":"3662","tipo":"ponto","bairro":"TRAVESS\u00c3O"}},{"type":"Feature","geometry":{"type":"Point","coordinates":[-41.268926,-21.61227]},"properties":{"nome":"3663","tipo":"ponto","bairro":"TRAVESS\u00c3O"}},{"type":"Feature","geometry":{"type":"Point","coordinates":[-41.312416,-21.613782]},"properties":{"nome":"3671","tipo":"ponto","bairro":"TRAVESS\u00c3O"}},{"type":"Feature","geometry":{"type":"Point","coordinates":[-41.307408,-21.611662]},"properties":{"nome":"3672","tipo":"ponto","bairro":"TRAVESS\u00c3O"}},{"type":"Feature","geometry":{"type":"Point","coordinates":[-41.268893,-21.611929]},"properties":{"nome":"3673","tipo":"ponto","bairro":"TRAVESS\u00c3O"}},{"type":"Feature","geometry":{"type":"Point","coordinates":[-41.312305,-21.613738]},"properties":{"nome":"3681","tipo":"ponto","bairro":"TRAVESS\u00c3O"}},{"type":"Feature","geometry":{"type":"Point","coordinates":[-41.307373,-21.611644]},"properties":{"nome":"3682","tipo":"ponto","bairro":"TRAVESS\u00c3O"}},{"type":"Feature","geometry":{"type":"Point","coordinates":[-41.312196,-21.61363]},"properties":{"nome":"3691","tipo":"ponto","bairro":"TRAVESS\u00c3O"}},{"type":"Feature","geometry":{"type":"Point","coordinates":[-41.307275,-21.611449]},"properties":{"nome":"3692","tipo":"ponto","bairro":"TRAVESS\u00c3O"}},{"type":"Feature","geometry":{"type":"Point","coordinates":[-41.312065,-21.613453]},"properties":{"nome":"3701","tipo":"ponto","bairro":"TRAVESS\u00c3O"}},{"type":"Feature","geometry":{"type":"Point","coordinates":[-41.307665,-21.611141]},"properties":{"nome":"3702","tipo":"ponto","bairro":"TRAVESS\u00c3O"}},{"type":"Feature","geometry":{"type":"Point","coordinates":[-41.311923,-21.613201]},"properties":{"nome":"3711","tipo":"ponto","bairro":"TRAVESS\u00c3O"}},{"type":"Feature","geometry":{"type":"Point","coordinates":[-41.269968,-21.612957]},"properties":{"nome":"3723","tipo":"ponto","bairro":"TRAVESS\u00c3O"}},{"type":"Feature","geometry":{"type":"Point","coordinates":[-41.313186,-21.613516]},"properties":{"nome":"3731","tipo":"ponto","bairro":"TRAVESS\u00c3O"}},{"type":"Feature","geometry":{"type":"Point","coordinates":[-41.308303,-21.611334]},"properties":{"nome":"3732","tipo":"ponto","bairro":"TRAVESS\u00c3O"}},{"type":"Feature","geometry":{"type":"Point","coordinates":[-41.270162,-21.612804]},"properties":{"nome":"3733","tipo":"ponto","bairro":"TRAVESS\u00c3O"}},{"type":"Feature","geometry":{"type":"Point","coordinates":[-41.308409,-21.611557]},"properties":{"nome":"3742","tipo":"ponto","bairro":"TRAVESS\u00c3O"}},{"type":"Feature","geometry":{"type":"Point","coordinates":[-41.270358,-21.612654]},"properties":{"nome":"3743","tipo":"ponto","bairro":"TRAVESS\u00c3O"}},{"type":"Feature","geometry":{"type":"Point","coordinates":[-41.270618,-21.61265]},"properties":{"nome":"3753","tipo":"ponto","bairro":"TRAVESS\u00c3O"}},{"type":"Feature","geometry":{"type":"Point","coordinates":[-41.313148,-21.612757]},"properties":{"nome":"3761","tipo":"ponto","bairro":"TRAVESS\u00c3O"}},{"type":"Feature","geometry":{"type":"Point","coordinates":[-41.308634,-21.610959]},"properties":{"nome":"3762","tipo":"ponto","bairro":"TRAVESS\u00c3O"}},{"type":"Feature","geometry":{"type":"Point","coordinates":[-41.27092,-21.612669]},"properties":{"nome":"3763","tipo":"ponto","bairro":"TRAVESS\u00c3O"}},{"type":"Feature","geometry":{"type":"Point","coordinates":[-41.313168,-21.612425]},"properties":{"nome":"3771","tipo":"ponto","bairro":"TRAVESS\u00c3O"}},{"type":"Feature","geometry":{"type":"Point","coordinates":[-41.309005,-21.610896]},"properties":{"nome":"3772","tipo":"ponto","bairro":"TRAVESS\u00c3O"}},{"type":"Feature","geometry":{"type":"Point","coordinates":[-41.313143,-21.612093]},"properties":{"nome":"3781","tipo":"ponto","bairro":"TRAVESS\u00c3O"}},{"type":"Feature","geometry":{"type":"Point","coordinates":[-41.313371,-21.613195]},"properties":{"nome":"3792","tipo":"ponto","bairro":"TRAVESS\u00c3O"}},{"type":"Feature","geometry":{"type":"Point","coordinates":[-41.269429,-21.61355]},"properties":{"nome":"3794","tipo":"ponto","bairro":"TRAVESS\u00c3O"}},{"type":"Feature","geometry":{"type":"Point","coordinates":[-41.309528,-21.610894]},"properties":{"nome":"3803","tipo":"ponto","bairro":"TRAVESS\u00c3O"}},{"type":"Feature","geometry":{"type":"Point","coordinates":[-41.269218,-21.613794]},"properties":{"nome":"3804","tipo":"ponto","bairro":"TRAVESS\u00c3O"}},{"type":"Feature","geometry":{"type":"Point","coordinates":[-41.269032,-21.614002]},"properties":{"nome":"3814","tipo":"ponto","bairro":"TRAVESS\u00c3O"}},{"type":"Feature","geometry":{"type":"Point","coordinates":[-41.313745,-21.613114]},"properties":{"nome":"3822","tipo":"ponto","bairro":"TRAVESS\u00c3O"}},{"type":"Feature","geometry":{"type":"Point","coordinates":[-41.268831,-21.614106]},"properties":{"nome":"3824","tipo":"ponto","bairro":"TRAVESS\u00c3O"}},{"type":"Feature","geometry":{"type":"Point","coordinates":[-41.314158,-21.612702]},"properties":{"nome":"3832","tipo":"ponto","bairro":"TRAVESS\u00c3O"}},{"type":"Feature","geometry":{"type":"Point","coordinates":[-41.309841,-21.610889]},"properties":{"nome":"3833","tipo":"ponto","bairro":"TRAVESS\u00c3O"}},{"type":"Feature","geometry":{"type":"Point","coordinates":[-41.268584,-21.614202]},"properties":{"nome":"3834","tipo":"ponto","bairro":"TRAVESS\u00c3O"}},{"type":"Feature","geometry":{"type":"Point","coordinates":[-41.310203,-21.610893]},"properties":{"nome":"3843","tipo":"ponto","bairro":"TRAVESS\u00c3O"}},{"type":"Feature","geometry":{"type":"Point","coordinates":[-41.26834,-21.614318]},"properties":{"nome":"3844","tipo":"ponto","bairro":"TRAVESS\u00c3O"}},{"type":"Feature","geometry":{"type":"Point","coordinates":[-41.310534,-21.610894]},"properties":{"nome":"3853","tipo":"ponto","bairro":"TRAVESS\u00c3O"}},{"type":"Feature","geometry":{"type":"Point","coordinates":[-41.268401,-21.614623]},"properties":{"nome":"3854","tipo":"ponto","bairro":"TRAVESS\u00c3O"}},{"type":"Feature","geometry":{"type":"Point","coordinates":[-41.310866,-21.610902]},"properties":{"nome":"3863","tipo":"ponto","bairro":"TRAVESS\u00c3O"}},{"type":"Feature","geometry":{"type":"Point","coordinates":[-41.272126,-21.612617]},"properties":{"nome":"3884","tipo":"ponto","bairro":"TRAVESS\u00c3O"}},{"type":"Feature","geometry":{"type":"Point","coordinates":[-41.271812,-21.612663]},"properties":{"nome":"3894","tipo":"ponto","bairro":"TRAVESS\u00c3O"}},{"type":"Feature","geometry":{"type":"Point","coordinates":[-41.314279,-21.613612]},"properties":{"nome":"3902","tipo":"ponto","bairro":"TRAVESS\u00c3O"}},{"type":"Feature","geometry":{"type":"Point","coordinates":[-41.314284,-21.613907]},"properties":{"nome":"3912","tipo":"ponto","bairro":"TRAVESS\u00c3O"}},{"type":"Feature","geometry":{"type":"Point","coordinates":[-41.311417,-21.610223]},"properties":{"nome":"3913","tipo":"ponto","bairro":"TRAVESS\u00c3O"}},{"type":"Feature","geometry":{"type":"Point","coordinates":[-41.271463,-21.613086]},"properties":{"nome":"3924","tipo":"ponto","bairro":"TRAVESS\u00c3O"}},{"type":"Feature","geometry":{"type":"Point","coordinates":[-41.271506,-21.613407]},"properties":{"nome":"3934","tipo":"ponto","bairro":"TRAVESS\u00c3O"}},{"type":"Feature","geometry":{"type":"Point","coordinates":[-41.314989,-21.614294]},"properties":{"nome":"3942","tipo":"ponto","bairro":"TRAVESS\u00c3O"}},{"type":"Feature","geometry":{"type":"Point","coordinates":[-41.314977,-21.613919]},"properties":{"nome":"3952","tipo":"ponto","bairro":"TRAVESS\u00c3O"}},{"type":"Feature","geometry":{"type":"Point","coordinates":[-41.310433,-21.610328]},"properties":{"nome":"3953","tipo":"ponto","bairro":"TRAVESS\u00c3O"}},{"type":"Feature","geometry":{"type":"Point","coordinates":[-41.314996,-21.613614]},"properties":{"nome":"3962","tipo":"ponto","bairro":"TRAVESS\u00c3O"}},{"type":"Feature","geometry":{"type":"Point","coordinates":[-41.310158,-21.61033]},"properties":{"nome":"3963","tipo":"ponto","bairro":"TRAVESS\u00c3O"}},{"type":"Feature","geometry":{"type":"Point","coordinates":[-41.271135,-21.613849]},"properties":{"nome":"3964","tipo":"ponto","bairro":"TRAVESS\u00c3O"}},{"type":"Feature","geometry":{"type":"Point","coordinates":[-41.314974,-21.613439]},"properties":{"nome":"3972","tipo":"ponto","bairro":"TRAVESS\u00c3O"}},{"type":"Feature","geometry":{"type":"Point","coordinates":[-41.309765,-21.610333]},"properties":{"nome":"3973","tipo":"ponto","bairro":"TRAVESS\u00c3O"}},{"type":"Feature","geometry":{"type":"Point","coordinates":[-41.271638,-21.614305]},"properties":{"nome":"3974","tipo":"ponto","bairro":"TRAVESS\u00c3O"}},{"type":"Feature","geometry":{"type":"Point","coordinates":[-41.271729,-21.614888]},"properties":{"nome":"3984","tipo":"ponto","bairro":"TRAVESS\u00c3O"}},{"type":"Feature","geometry":{"type":"Point","coordinates":[-41.314946,-21.613233]},"properties":{"nome":"3992","tipo":"ponto","bairro":"TRAVESS\u00c3O"}},{"type":"Feature","geometry":{"type":"Point","coordinates":[-41.309496,-21.609999]},"properties":{"nome":"4003","tipo":"ponto","bairro":"TRAVESS\u00c3O"}},{"type":"Feature","geometry":{"type":"Point","coordinates":[-41.271786,-21.615342]},"properties":{"nome":"4004","tipo":"ponto","bairro":"TRAVESS\u00c3O"}},{"type":"Feature","geometry":{"type":"Point","coordinates":[-41.271856,-21.615564]},"properties":{"nome":"4013","tipo":"ponto","bairro":"TRAVESS\u00c3O"}},{"type":"Feature","geometry":{"type":"Point","coordinates":[-41.308998,-21.610001]},"properties":{"nome":"4022","tipo":"ponto","bairro":"TRAVESS\u00c3O"}},{"type":"Feature","geometry":{"type":"Point","coordinates":[-41.308531,-21.610405]},"properties":{"nome":"4042","tipo":"ponto","bairro":"TRAVESS\u00c3O"}},{"type":"Feature","geometry":{"type":"Point","coordinates":[-41.270953,-21.612898]},"properties":{"nome":"4043","tipo":"ponto","bairro":"TRAVESS\u00c3O"}},{"type":"Feature","geometry":{"type":"Point","coordinates":[-41.270665,-21.613056]},"properties":{"nome":"4053","tipo":"ponto","bairro":"TRAVESS\u00c3O"}},{"type":"Feature","geometry":{"type":"Point","coordinates":[-41.270438,-21.613224]},"properties":{"nome":"4063","tipo":"ponto","bairro":"TRAVESS\u00c3O"}},{"type":"Feature","geometry":{"type":"Point","coordinates":[-41.270234,-21.613447]},"properties":{"nome":"4073","tipo":"ponto","bairro":"TRAVESS\u00c3O"}},{"type":"Feature","geometry":{"type":"Point","coordinates":[-41.269995,-21.613722]},"properties":{"nome":"4083","tipo":"ponto","bairro":"TRAVESS\u00c3O"}},{"type":"Feature","geometry":{"type":"Point","coordinates":[-41.30751,-21.610599]},"properties":{"nome":"4092","tipo":"ponto","bairro":"TRAVESS\u00c3O"}},{"type":"Feature","geometry":{"type":"Point","coordinates":[-41.269799,-21.613943]},"properties":{"nome":"4093","tipo":"ponto","bairro":"TRAVESS\u00c3O"}},{"type":"Feature","geometry":{"type":"Point","coordinates":[-41.307197,-21.610673]},"properties":{"nome":"4102","tipo":"ponto","bairro":"TRAVESS\u00c3O"}},{"type":"Feature","geometry":{"type":"Point","coordinates":[-41.269579,-21.614169]},"properties":{"nome":"4103","tipo":"ponto","bairro":"TRAVESS\u00c3O"}},{"type":"Feature","geometry":{"type":"Point","coordinates":[-41.307064,-21.610059]},"properties":{"nome":"4112","tipo":"ponto","bairro":"TRAVESS\u00c3O"}},{"type":"Feature","geometry":{"type":"Point","coordinates":[-41.269351,-21.614384]},"properties":{"nome":"4113","tipo":"ponto","bairro":"TRAVESS\u00c3O"}},{"type":"Feature","geometry":{"type":"Point","coordinates":[-41.307436,-21.609983]},"properties":{"nome":"4122","tipo":"ponto","bairro":"TRAVESS\u00c3O"}},{"type":"Feature","geometry":{"type":"Point","coordinates":[-41.269153,-21.61453]},"properties":{"nome":"4123","tipo":"ponto","bairro":"TRAVESS\u00c3O"}},{"type":"Feature","geometry":{"type":"Point","coordinates":[-41.268939,-21.614679]},"properties":{"nome":"4133","tipo":"ponto","bairro":"TRAVESS\u00c3O"}},{"type":"Feature","geometry":{"type":"Point","coordinates":[-41.308457,-21.609796]},"properties":{"nome":"4162","tipo":"ponto","bairro":"TRAVESS\u00c3O"}},{"type":"Feature","geometry":{"type":"Point","coordinates":[-41.26814,-21.615384]},"properties":{"nome":"4173","tipo":"ponto","bairro":"TRAVESS\u00c3O"}},{"type":"Feature","geometry":{"type":"Point","coordinates":[-41.308973,-21.609769]},"properties":{"nome":"4182","tipo":"ponto","bairro":"TRAVESS\u00c3O"}},{"type":"Feature","geometry":{"type":"Point","coordinates":[-41.309489,-21.609747]},"properties":{"nome":"4222","tipo":"ponto","bairro":"TRAVESS\u00c3O"}},{"type":"Feature","geometry":{"type":"Point","coordinates":[-41.309826,-21.609726]},"properties":{"nome":"4232","tipo":"ponto","bairro":"TRAVESS\u00c3O"}},{"type":"Feature","geometry":{"type":"Point","coordinates":[-41.268246,-21.616179]},"properties":{"nome":"4233","tipo":"ponto","bairro":"TRAVESS\u00c3O"}},{"type":"Feature","geometry":{"type":"Point","coordinates":[-41.310213,-21.609721]},"properties":{"nome":"4242","tipo":"ponto","bairro":"TRAVESS\u00c3O"}},{"type":"Feature","geometry":{"type":"Point","coordinates":[-41.290739,-21.610049]},"properties":{"nome":"4253","tipo":"ponto","bairro":"TRAVESS\u00c3O"}},{"type":"Feature","geometry":{"type":"Point","coordinates":[-41.310575,-21.609718]},"properties":{"nome":"4262","tipo":"ponto","bairro":"TRAVESS\u00c3O"}},{"type":"Feature","geometry":{"type":"Point","coordinates":[-41.291229,-21.6102]},"properties":{"nome":"4263","tipo":"ponto","bairro":"TRAVESS\u00c3O"}},{"type":"Feature","geometry":{"type":"Point","coordinates":[-41.310963,-21.609719]},"properties":{"nome":"4271","tipo":"ponto","bairro":"TRAVESS\u00c3O"}},{"type":"Feature","geometry":{"type":"Point","coordinates":[-41.291798,-21.610204]},"properties":{"nome":"4272","tipo":"ponto","bairro":"TRAVESS\u00c3O"}},{"type":"Feature","geometry":{"type":"Point","coordinates":[-41.29228,-21.610163]},"properties":{"nome":"4282","tipo":"ponto","bairro":"TRAVESS\u00c3O"}},{"type":"Feature","geometry":{"type":"Point","coordinates":[-41.292783,-21.610101]},"properties":{"nome":"4292","tipo":"ponto","bairro":"TRAVESS\u00c3O"}},{"type":"Feature","geometry":{"type":"Point","coordinates":[-41.293325,-21.610061]},"properties":{"nome":"4302","tipo":"ponto","bairro":"TRAVESS\u00c3O"}},{"type":"Feature","geometry":{"type":"Point","coordinates":[-41.293895,-21.61]},"properties":{"nome":"4312","tipo":"ponto","bairro":"TRAVESS\u00c3O"}},{"type":"Feature","geometry":{"type":"Point","coordinates":[-41.294475,-21.609931]},"properties":{"nome":"4322","tipo":"ponto","bairro":"TRAVESS\u00c3O"}},{"type":"Feature","geometry":{"type":"Point","coordinates":[-41.295059,-21.609874]},"properties":{"nome":"4332","tipo":"ponto","bairro":"TRAVESS\u00c3O"}},{"type":"Feature","geometry":{"type":"Point","coordinates":[-41.311841,-21.610252]},"properties":{"nome":"4341","tipo":"ponto","bairro":"TRAVESS\u00c3O"}},{"type":"Feature","geometry":{"type":"Point","coordinates":[-41.29563,-21.609828]},"properties":{"nome":"4342","tipo":"ponto","bairro":"TRAVESS\u00c3O"}},{"type":"Feature","geometry":{"type":"Point","coordinates":[-41.31182,-21.610396]},"properties":{"nome":"4351","tipo":"ponto","bairro":"TRAVESS\u00c3O"}},{"type":"Feature","geometry":{"type":"Point","coordinates":[-41.296188,-21.609742]},"properties":{"nome":"4352","tipo":"ponto","bairro":"TRAVESS\u00c3O"}},{"type":"Feature","geometry":{"type":"Point","coordinates":[-41.311772,-21.610598]},"properties":{"nome":"4361","tipo":"ponto","bairro":"TRAVESS\u00c3O"}},{"type":"Feature","geometry":{"type":"Point","coordinates":[-41.296756,-21.609617]},"properties":{"nome":"4362","tipo":"ponto","bairro":"TRAVESS\u00c3O"}},{"type":"Feature","geometry":{"type":"Point","coordinates":[-41.311744,-21.610965]},"properties":{"nome":"4371","tipo":"ponto","bairro":"TRAVESS\u00c3O"}},{"type":"Feature","geometry":{"type":"Point","coordinates":[-41.297333,-21.609514]},"properties":{"nome":"4372","tipo":"ponto","bairro":"TRAVESS\u00c3O"}},{"type":"Feature","geometry":{"type":"Point","coordinates":[-41.311747,-21.611131]},"properties":{"nome":"4381","tipo":"ponto","bairro":"TRAVESS\u00c3O"}},{"type":"Feature","geometry":{"type":"Point","coordinates":[-41.297881,-21.609415]},"properties":{"nome":"4382","tipo":"ponto","bairro":"TRAVESS\u00c3O"}},{"type":"Feature","geometry":{"type":"Point","coordinates":[-41.298461,-21.609336]},"properties":{"nome":"4392","tipo":"ponto","bairro":"TRAVESS\u00c3O"}},{"type":"Feature","geometry":{"type":"Point","coordinates":[-41.299022,-21.609259]},"properties":{"nome":"4401","tipo":"ponto","bairro":"TRAVESS\u00c3O"}},{"type":"Feature","geometry":{"type":"Point","coordinates":[-41.299615,-21.609165]},"properties":{"nome":"4411","tipo":"ponto","bairro":"TRAVESS\u00c3O"}},{"type":"Feature","geometry":{"type":"Point","coordinates":[-41.300193,-21.609073]},"properties":{"nome":"4421","tipo":"ponto","bairro":"TRAVESS\u00c3O"}},{"type":"Feature","geometry":{"type":"Point","coordinates":[-41.301624,-21.608888]},"properties":{"nome":"4471","tipo":"ponto","bairro":"TRAVESS\u00c3O"}},{"type":"Feature","geometry":{"type":"Point","coordinates":[-41.302096,-21.608813]},"properties":{"nome":"4481","tipo":"ponto","bairro":"TRAVESS\u00c3O"}},{"type":"Feature","geometry":{"type":"Point","coordinates":[-41.303416,-21.608619]},"properties":{"nome":"4521","tipo":"ponto","bairro":"TRAVESS\u00c3O"}},{"type":"Feature","geometry":{"type":"Point","coordinates":[-41.304712,-21.608388]},"properties":{"nome":"4551","tipo":"ponto","bairro":"TRAVESS\u00c3O"}},{"type":"Feature","geometry":{"type":"Point","coordinates":[-41.305175,-21.608314]},"properties":{"nome":"4561","tipo":"ponto","bairro":"TRAVESS\u00c3O"}},{"type":"Feature","geometry":{"type":"Point","coordinates":[-41.306251,-21.608133]},"properties":{"nome":"4591","tipo":"ponto","bairro":"TRAVESS\u00c3O"}},{"type":"Feature","geometry":{"type":"Point","coordinates":[-41.3067,-21.608077]},"properties":{"nome":"4601","tipo":"ponto","bairro":"TRAVESS\u00c3O"}},{"type":"Feature","geometry":{"type":"Point","coordinates":[-41.317171,-21.605059]},"properties":{"nome":"4621","tipo":"ponto","bairro":"TRAVESS\u00c3O"}},{"type":"Feature","geometry":{"type":"Point","coordinates":[-41.317228,-21.604701]},"properties":{"nome":"4631","tipo":"ponto","bairro":"TRAVESS\u00c3O"}},{"type":"Feature","geometry":{"type":"Point","coordinates":[-41.317254,-21.604442]},"properties":{"nome":"4641","tipo":"ponto","bairro":"TRAVESS\u00c3O"}},{"type":"Feature","geometry":{"type":"Point","coordinates":[-41.317234,-21.604118]},"properties":{"nome":"4651","tipo":"ponto","bairro":"TRAVESS\u00c3O"}},{"type":"Feature","geometry":{"type":"Point","coordinates":[-41.302933,-21.7245]},"properties":{"nome":"0014","tipo":"ponto","bairro":"TRAVESS\u00c3O"}},{"type":"Feature","geometry":{"type":"Point","coordinates":[-41.296666,-21.689369]},"properties":{"nome":"0024","tipo":"ponto","bairro":"TRAVESS\u00c3O"}},{"type":"Feature","geometry":{"type":"Point","coordinates":[-41.296282,-21.689296]},"properties":{"nome":"0034","tipo":"ponto","bairro":"TRAVESS\u00c3O"}},{"type":"Feature","geometry":{"type":"Point","coordinates":[-41.295979,-21.689157]},"properties":{"nome":"0045","tipo":"ponto","bairro":"TRAVESS\u00c3O"}},{"type":"Feature","geometry":{"type":"Point","coordinates":[-41.295645,-21.689084]},"properties":{"nome":"0054","tipo":"ponto","bairro":"TRAVESS\u00c3O"}},{"type":"Feature","geometry":{"type":"Point","coordinates":[-41.295282,-21.689136]},"properties":{"nome":"0064","tipo":"ponto","bairro":"TRAVESS\u00c3O"}},{"type":"Feature","geometry":{"type":"Point","coordinates":[-41.294893,-21.689171]},"properties":{"nome":"0074","tipo":"ponto","bairro":"TRAVESS\u00c3O"}},{"type":"Feature","geometry":{"type":"Point","coordinates":[-41.293984,-21.689157]},"properties":{"nome":"0104","tipo":"ponto","bairro":"TRAVESS\u00c3O"}},{"type":"Feature","geometry":{"type":"Point","coordinates":[-41.293525,-21.689143]},"properties":{"nome":"0114","tipo":"ponto","bairro":"TRAVESS\u00c3O"}},{"type":"Feature","geometry":{"type":"Point","coordinates":[-41.293088,-21.689158]},"properties":{"nome":"0124","tipo":"ponto","bairro":"TRAVESS\u00c3O"}},{"type":"Feature","geometry":{"type":"Point","coordinates":[-41.29267,-21.689182]},"properties":{"nome":"0134","tipo":"ponto","bairro":"TRAVESS\u00c3O"}},{"type":"Feature","geometry":{"type":"Point","coordinates":[-41.292212,-21.689203]},"properties":{"nome":"0154","tipo":"ponto","bairro":"TRAVESS\u00c3O"}},{"type":"Feature","geometry":{"type":"Point","coordinates":[-41.291382,-21.689246]},"properties":{"nome":"0164","tipo":"ponto","bairro":"TRAVESS\u00c3O"}},{"type":"Feature","geometry":{"type":"Point","coordinates":[-41.287818,-21.687801]},"properties":{"nome":"0174","tipo":"ponto","bairro":"TRAVESS\u00c3O"}},{"type":"Feature","geometry":{"type":"Point","coordinates":[-41.287538,-21.687556]},"properties":{"nome":"0184","tipo":"ponto","bairro":"TRAVESS\u00c3O"}},{"type":"Feature","geometry":{"type":"Point","coordinates":[-41.287112,-21.685892]},"properties":{"nome":"0214","tipo":"ponto","bairro":"TRAVESS\u00c3O"}},{"type":"Feature","geometry":{"type":"Point","coordinates":[-41.287074,-21.68553]},"properties":{"nome":"0224","tipo":"ponto","bairro":"TRAVESS\u00c3O"}},{"type":"Feature","geometry":{"type":"Point","coordinates":[-41.287014,-21.685188]},"properties":{"nome":"0234","tipo":"ponto","bairro":"TRAVESS\u00c3O"}},{"type":"Feature","geometry":{"type":"Point","coordinates":[-41.286796,-21.68375]},"properties":{"nome":"0244","tipo":"ponto","bairro":"TRAVESS\u00c3O"}},{"type":"Feature","geometry":{"type":"Point","coordinates":[-41.286719,-21.683059]},"properties":{"nome":"0254","tipo":"ponto","bairro":"TRAVESS\u00c3O"}},{"type":"Feature","geometry":{"type":"Point","coordinates":[-41.286588,-21.681976]},"properties":{"nome":"0274","tipo":"ponto","bairro":"TRAVESS\u00c3O"}},{"type":"Feature","geometry":{"type":"Point","coordinates":[-41.286463,-21.680619]},"properties":{"nome":"0284","tipo":"ponto","bairro":"TRAVESS\u00c3O"}},{"type":"Feature","geometry":{"type":"Point","coordinates":[-41.286431,-21.680357]},"properties":{"nome":"0303","tipo":"ponto","bairro":"TRAVESS\u00c3O"}},{"type":"Feature","geometry":{"type":"Point","coordinates":[-41.277499,-21.671066]},"properties":{"nome":"0333","tipo":"ponto","bairro":"TRAVESS\u00c3O"}},{"type":"Feature","geometry":{"type":"Point","coordinates":[-41.277506,-21.670717]},"properties":{"nome":"0343","tipo":"ponto","bairro":"TRAVESS\u00c3O"}},{"type":"Feature","geometry":{"type":"Point","coordinates":[-41.277442,-21.670345]},"properties":{"nome":"0353","tipo":"ponto","bairro":"TRAVESS\u00c3O"}},{"type":"Feature","geometry":{"type":"Point","coordinates":[-41.277416,-21.670015]},"properties":{"nome":"0363","tipo":"ponto","bairro":"TRAVESS\u00c3O"}},{"type":"Feature","geometry":{"type":"Point","coordinates":[-41.27737,-21.669722]},"properties":{"nome":"0373","tipo":"ponto","bairro":"TRAVESS\u00c3O"}},{"type":"Feature","geometry":{"type":"Point","coordinates":[-41.277108,-21.671121]},"properties":{"nome":"0423","tipo":"ponto","bairro":"TRAVESS\u00c3O"}},{"type":"Feature","geometry":{"type":"Point","coordinates":[-41.277042,-21.670768]},"properties":{"nome":"0433","tipo":"ponto","bairro":"TRAVESS\u00c3O"}},{"type":"Feature","geometry":{"type":"Point","coordinates":[-41.277024,-21.670398]},"properties":{"nome":"0443","tipo":"ponto","bairro":"TRAVESS\u00c3O"}},{"type":"Feature","geometry":{"type":"Point","coordinates":[-41.276989,-21.67007]},"properties":{"nome":"0453","tipo":"ponto","bairro":"TRAVESS\u00c3O"}},{"type":"Feature","geometry":{"type":"Point","coordinates":[-41.268012,-21.670602]},"properties":{"nome":"0473","tipo":"ponto","bairro":"TRAVESS\u00c3O"}},{"type":"Feature","geometry":{"type":"Point","coordinates":[-41.267639,-21.670497]},"properties":{"nome":"0483","tipo":"ponto","bairro":"TRAVESS\u00c3O"}},{"type":"Feature","geometry":{"type":"Point","coordinates":[-41.267251,-21.670403]},"properties":{"nome":"0493","tipo":"ponto","bairro":"TRAVESS\u00c3O"}},{"type":"Feature","geometry":{"type":"Point","coordinates":[-41.266553,-21.670446]},"properties":{"nome":"0523","tipo":"ponto","bairro":"TRAVESS\u00c3O"}},{"type":"Feature","geometry":{"type":"Point","coordinates":[-41.266586,-21.670727]},"properties":{"nome":"0533","tipo":"ponto","bairro":"TRAVESS\u00c3O"}},{"type":"Feature","geometry":{"type":"Point","coordinates":[-41.266599,-21.670948]},"properties":{"nome":"0543","tipo":"ponto","bairro":"TRAVESS\u00c3O"}},{"type":"Feature","geometry":{"type":"Point","coordinates":[-41.266635,-21.671513]},"properties":{"nome":"0563","tipo":"ponto","bairro":"TRAVESS\u00c3O"}},{"type":"Feature","geometry":{"type":"Point","coordinates":[-41.266676,-21.672341]},"properties":{"nome":"0573","tipo":"ponto","bairro":"TRAVESS\u00c3O"}},{"type":"Feature","geometry":{"type":"Point","coordinates":[-41.266702,-21.672726]},"properties":{"nome":"0583","tipo":"ponto","bairro":"TRAVESS\u00c3O"}},{"type":"Feature","geometry":{"type":"Point","coordinates":[-41.266468,-21.669508]},"properties":{"nome":"0623","tipo":"ponto","bairro":"TRAVESS\u00c3O"}},{"type":"Feature","geometry":{"type":"Point","coordinates":[-41.266425,-21.669149]},"properties":{"nome":"0633","tipo":"ponto","bairro":"TRAVESS\u00c3O"}},{"type":"Feature","geometry":{"type":"Point","coordinates":[-41.26637,-21.668436]},"properties":{"nome":"0653","tipo":"ponto","bairro":"TRAVESS\u00c3O"}},{"type":"Feature","geometry":{"type":"Point","coordinates":[-41.266338,-21.668087]},"properties":{"nome":"0663","tipo":"ponto","bairro":"TRAVESS\u00c3O"}},{"type":"Feature","geometry":{"type":"Point","coordinates":[-41.266288,-21.667701]},"properties":{"nome":"0673","tipo":"ponto","bairro":"TRAVESS\u00c3O"}},{"type":"Feature","geometry":{"type":"Point","coordinates":[-41.266262,-21.667339]},"properties":{"nome":"0683","tipo":"ponto","bairro":"TRAVESS\u00c3O"}},{"type":"Feature","geometry":{"type":"Point","coordinates":[-41.266218,-21.666974]},"properties":{"nome":"0693","tipo":"ponto","bairro":"TRAVESS\u00c3O"}},{"type":"Feature","geometry":{"type":"Point","coordinates":[-41.266177,-21.666627]},"properties":{"nome":"0703","tipo":"ponto","bairro":"TRAVESS\u00c3O"}},{"type":"Feature","geometry":{"type":"Point","coordinates":[-41.266144,-21.666302]},"properties":{"nome":"0713","tipo":"ponto","bairro":"TRAVESS\u00c3O"}},{"type":"Feature","geometry":{"type":"Point","coordinates":[-41.266119,-21.665978]},"properties":{"nome":"0723","tipo":"ponto","bairro":"TRAVESS\u00c3O"}},{"type":"Feature","geometry":{"type":"Point","coordinates":[-41.266083,-21.665633]},"properties":{"nome":"0733","tipo":"ponto","bairro":"TRAVESS\u00c3O"}},{"type":"Feature","geometry":{"type":"Point","coordinates":[-41.266051,-21.665266]},"properties":{"nome":"0743","tipo":"ponto","bairro":"TRAVESS\u00c3O"}},{"type":"Feature","geometry":{"type":"Point","coordinates":[-41.266009,-21.664947]},"properties":{"nome":"0752","tipo":"ponto","bairro":"TRAVESS\u00c3O"}},{"type":"Feature","geometry":{"type":"Point","coordinates":[-41.265989,-21.664648]},"properties":{"nome":"0763","tipo":"ponto","bairro":"TRAVESS\u00c3O"}},{"type":"Feature","geometry":{"type":"Point","coordinates":[-41.263014,-21.671244]},"properties":{"nome":"0783","tipo":"ponto","bairro":"TRAVESS\u00c3O"}},{"type":"Feature","geometry":{"type":"Point","coordinates":[-41.262699,-21.671278]},"properties":{"nome":"0793","tipo":"ponto","bairro":"TRAVESS\u00c3O"}},{"type":"Feature","geometry":{"type":"Point","coordinates":[-41.2618,-21.670229]},"properties":{"nome":"0843","tipo":"ponto","bairro":"TRAVESS\u00c3O"}},{"type":"Feature","geometry":{"type":"Point","coordinates":[-41.261736,-21.669712]},"properties":{"nome":"0853","tipo":"ponto","bairro":"TRAVESS\u00c3O"}},{"type":"Feature","geometry":{"type":"Point","coordinates":[-41.261142,-21.669538]},"properties":{"nome":"0863","tipo":"ponto","bairro":"TRAVESS\u00c3O"}},{"type":"Feature","geometry":{"type":"Point","coordinates":[-41.261182,-21.669859]},"properties":{"nome":"0873","tipo":"ponto","bairro":"TRAVESS\u00c3O"}},{"type":"Feature","geometry":{"type":"Point","coordinates":[-41.261225,-21.670215]},"properties":{"nome":"0883","tipo":"ponto","bairro":"TRAVESS\u00c3O"}},{"type":"Feature","geometry":{"type":"Point","coordinates":[-41.261261,-21.670596]},"properties":{"nome":"0893","tipo":"ponto","bairro":"TRAVESS\u00c3O"}},{"type":"Feature","geometry":{"type":"Point","coordinates":[-41.261236,-21.671491]},"properties":{"nome":"0933","tipo":"ponto","bairro":"TRAVESS\u00c3O"}},{"type":"Feature","geometry":{"type":"Point","coordinates":[-41.26162,-21.671437]},"properties":{"nome":"0943","tipo":"ponto","bairro":"TRAVESS\u00c3O"}},{"type":"Feature","geometry":{"type":"Point","coordinates":[-41.260715,-21.671573]},"properties":{"nome":"0953","tipo":"ponto","bairro":"TRAVESS\u00c3O"}},{"type":"Feature","geometry":{"type":"Point","coordinates":[-41.260186,-21.671641]},"properties":{"nome":"0963","tipo":"ponto","bairro":"TRAVESS\u00c3O"}},{"type":"Feature","geometry":{"type":"Point","coordinates":[-41.259686,-21.671734]},"properties":{"nome":"0973","tipo":"ponto","bairro":"TRAVESS\u00c3O"}},{"type":"Feature","geometry":{"type":"Point","coordinates":[-41.259392,-21.671849]},"properties":{"nome":"0993","tipo":"ponto","bairro":"TRAVESS\u00c3O"}},{"type":"Feature","geometry":{"type":"Point","coordinates":[-41.259107,-21.671955]},"properties":{"nome":"1003","tipo":"ponto","bairro":"TRAVESS\u00c3O"}},{"type":"Feature","geometry":{"type":"Point","coordinates":[-41.25875,-21.672072]},"properties":{"nome":"1013","tipo":"ponto","bairro":"TRAVESS\u00c3O"}},{"type":"Feature","geometry":{"type":"Point","coordinates":[-41.258393,-21.67222]},"properties":{"nome":"1023","tipo":"ponto","bairro":"TRAVESS\u00c3O"}},{"type":"Feature","geometry":{"type":"Point","coordinates":[-41.258011,-21.672354]},"properties":{"nome":"1033","tipo":"ponto","bairro":"TRAVESS\u00c3O"}},{"type":"Feature","geometry":{"type":"Point","coordinates":[-41.257662,-21.672489]},"properties":{"nome":"1043","tipo":"ponto","bairro":"TRAVESS\u00c3O"}},{"type":"Feature","geometry":{"type":"Point","coordinates":[-41.257282,-21.672639]},"properties":{"nome":"1063","tipo":"ponto","bairro":"TRAVESS\u00c3O"}},{"type":"Feature","geometry":{"type":"Point","coordinates":[-41.256595,-21.672875]},"properties":{"nome":"1083","tipo":"ponto","bairro":"TRAVESS\u00c3O"}},{"type":"Feature","geometry":{"type":"Point","coordinates":[-41.2562,-21.673016]},"properties":{"nome":"1093","tipo":"ponto","bairro":"TRAVESS\u00c3O"}},{"type":"Feature","geometry":{"type":"Point","coordinates":[-41.255821,-21.67316]},"properties":{"nome":"1103","tipo":"ponto","bairro":"TRAVESS\u00c3O"}},{"type":"Feature","geometry":{"type":"Point","coordinates":[-41.255457,-21.673259]},"properties":{"nome":"1113","tipo":"ponto","bairro":"TRAVESS\u00c3O"}},{"type":"Feature","geometry":{"type":"Point","coordinates":[-41.255063,-21.673307]},"properties":{"nome":"1123","tipo":"ponto","bairro":"TRAVESS\u00c3O"}},{"type":"Feature","geometry":{"type":"Point","coordinates":[-41.254666,-21.673377]},"properties":{"nome":"1133","tipo":"ponto","bairro":"TRAVESS\u00c3O"}},{"type":"Feature","geometry":{"type":"Point","coordinates":[-41.2542,-21.673592]},"properties":{"nome":"1163","tipo":"ponto","bairro":"TRAVESS\u00c3O"}},{"type":"Feature","geometry":{"type":"Point","coordinates":[-41.254078,-21.673884]},"properties":{"nome":"1183","tipo":"ponto","bairro":"TRAVESS\u00c3O"}},{"type":"Feature","geometry":{"type":"Point","coordinates":[-41.253984,-21.674226]},"properties":{"nome":"1193","tipo":"ponto","bairro":"TRAVESS\u00c3O"}},{"type":"Feature","geometry":{"type":"Point","coordinates":[-41.253849,-21.67458]},"properties":{"nome":"1203","tipo":"ponto","bairro":"TRAVESS\u00c3O"}},{"type":"Feature","geometry":{"type":"Point","coordinates":[-41.252958,-21.674826]},"properties":{"nome":"1243","tipo":"ponto","bairro":"TRAVESS\u00c3O"}},{"type":"Feature","geometry":{"type":"Point","coordinates":[-41.252552,-21.674745]},"properties":{"nome":"1263","tipo":"ponto","bairro":"TRAVESS\u00c3O"}},{"type":"Feature","geometry":{"type":"Point","coordinates":[-41.252147,-21.674685]},"properties":{"nome":"1273","tipo":"ponto","bairro":"TRAVESS\u00c3O"}},{"type":"Feature","geometry":{"type":"Point","coordinates":[-41.251921,-21.674762]},"properties":{"nome":"1293","tipo":"ponto","bairro":"TRAVESS\u00c3O"}},{"type":"Feature","geometry":{"type":"Point","coordinates":[-41.25194,-21.674984]},"properties":{"nome":"1303","tipo":"ponto","bairro":"TRAVESS\u00c3O"}},{"type":"Feature","geometry":{"type":"Point","coordinates":[-41.251961,-21.675208]},"properties":{"nome":"1313","tipo":"ponto","bairro":"TRAVESS\u00c3O"}},{"type":"Feature","geometry":{"type":"Point","coordinates":[-41.251765,-21.674646]},"properties":{"nome":"1323","tipo":"ponto","bairro":"TRAVESS\u00c3O"}},{"type":"Feature","geometry":{"type":"Point","coordinates":[-41.251369,-21.674583]},"properties":{"nome":"1343","tipo":"ponto","bairro":"TRAVESS\u00c3O"}},{"type":"Feature","geometry":{"type":"Point","coordinates":[-41.251471,-21.675167]},"properties":{"nome":"1363","tipo":"ponto","bairro":"TRAVESS\u00c3O"}},{"type":"Feature","geometry":{"type":"Point","coordinates":[-41.250992,-21.674531]},"properties":{"nome":"1373","tipo":"ponto","bairro":"TRAVESS\u00c3O"}},{"type":"Feature","geometry":{"type":"Point","coordinates":[-41.250599,-21.674471]},"properties":{"nome":"1383","tipo":"ponto","bairro":"TRAVESS\u00c3O"}},{"type":"Feature","geometry":{"type":"Point","coordinates":[-41.25022,-21.674418]},"properties":{"nome":"1393","tipo":"ponto","bairro":"TRAVESS\u00c3O"}},{"type":"Feature","geometry":{"type":"Point","coordinates":[-41.249828,-21.674374]},"properties":{"nome":"1403","tipo":"ponto","bairro":"TRAVESS\u00c3O"}},{"type":"Feature","geometry":{"type":"Point","coordinates":[-41.249449,-21.674351]},"properties":{"nome":"1413","tipo":"ponto","bairro":"TRAVESS\u00c3O"}},{"type":"Feature","geometry":{"type":"Point","coordinates":[-41.249085,-21.67426]},"properties":{"nome":"1423","tipo":"ponto","bairro":"TRAVESS\u00c3O"}},{"type":"Feature","geometry":{"type":"Point","coordinates":[-41.248974,-21.67396]},"properties":{"nome":"1452","tipo":"ponto","bairro":"TRAVESS\u00c3O"}},{"type":"Feature","geometry":{"type":"Point","coordinates":[-41.248901,-21.673637]},"properties":{"nome":"1462","tipo":"ponto","bairro":"TRAVESS\u00c3O"}},{"type":"Feature","geometry":{"type":"Point","coordinates":[-41.248734,-21.674181]},"properties":{"nome":"1472","tipo":"ponto","bairro":"TRAVESS\u00c3O"}},{"type":"Feature","geometry":{"type":"Point","coordinates":[-41.248365,-21.674106]},"properties":{"nome":"1482","tipo":"ponto","bairro":"TRAVESS\u00c3O"}},{"type":"Feature","geometry":{"type":"Point","coordinates":[-41.248003,-21.674023]},"properties":{"nome":"1492","tipo":"ponto","bairro":"TRAVESS\u00c3O"}},{"type":"Feature","geometry":{"type":"Point","coordinates":[-41.247826,-21.674]},"properties":{"nome":"1502","tipo":"ponto","bairro":"TRAVESS\u00c3O"}},{"type":"Feature","geometry":{"type":"Point","coordinates":[-41.247363,-21.673862]},"properties":{"nome":"1522","tipo":"ponto","bairro":"TRAVESS\u00c3O"}},{"type":"Feature","geometry":{"type":"Point","coordinates":[-41.246402,-21.673441]},"properties":{"nome":"1571","tipo":"ponto","bairro":"TRAVESS\u00c3O"}},{"type":"Feature","geometry":{"type":"Point","coordinates":[-41.246132,-21.673334]},"properties":{"nome":"1581","tipo":"ponto","bairro":"TRAVESS\u00c3O"}},{"type":"Feature","geometry":{"type":"Point","coordinates":[-41.247011,-21.674276]},"properties":{"nome":"1591","tipo":"ponto","bairro":"TRAVESS\u00c3O"}},{"type":"Feature","geometry":{"type":"Point","coordinates":[-41.247058,-21.674632]},"properties":{"nome":"1601","tipo":"ponto","bairro":"TRAVESS\u00c3O"}},{"type":"Feature","geometry":{"type":"Point","coordinates":[-41.242857,-21.631345]},"properties":{"nome":"1651","tipo":"ponto","bairro":"TRAVESS\u00c3O"}},{"type":"Feature","geometry":{"type":"Point","coordinates":[-41.242797,-21.630757]},"properties":{"nome":"1671","tipo":"ponto","bairro":"TRAVESS\u00c3O"}},{"type":"Feature","geometry":{"type":"Point","coordinates":[-41.242734,-21.632118]},"properties":{"nome":"1701","tipo":"ponto","bairro":"TRAVESS\u00c3O"}},{"type":"Feature","geometry":{"type":"Point","coordinates":[-41.242455,-21.631795]},"properties":{"nome":"1711","tipo":"ponto","bairro":"TRAVESS\u00c3O"}},{"type":"Feature","geometry":{"type":"Point","coordinates":[-41.241951,-21.631125]},"properties":{"nome":"1741","tipo":"ponto","bairro":"TRAVESS\u00c3O"}},{"type":"Feature","geometry":{"type":"Point","coordinates":[-41.241746,-21.630997]},"properties":{"nome":"1751","tipo":"ponto","bairro":"TRAVESS\u00c3O"}},{"type":"Feature","geometry":{"type":"Point","coordinates":[-41.241397,-21.630804]},"properties":{"nome":"1761","tipo":"ponto","bairro":"TRAVESS\u00c3O"}},{"type":"Feature","geometry":{"type":"Point","coordinates":[-41.241018,-21.630629]},"properties":{"nome":"1771","tipo":"ponto","bairro":"TRAVESS\u00c3O"}},{"type":"Feature","geometry":{"type":"Point","coordinates":[-41.24076,-21.630459]},"properties":{"nome":"1781","tipo":"ponto","bairro":"TRAVESS\u00c3O"}},{"type":"Feature","geometry":{"type":"Point","coordinates":[-41.240465,-21.630307]},"properties":{"nome":"1791","tipo":"ponto","bairro":"TRAVESS\u00c3O"}},{"type":"Feature","geometry":{"type":"Point","coordinates":[-41.239875,-21.629959]},"properties":{"nome":"1801","tipo":"ponto","bairro":"TRAVESS\u00c3O"}},{"type":"Feature","geometry":{"type":"Point","coordinates":[-41.244287,-21.632921]},"properties":{"nome":"1831","tipo":"ponto","bairro":"TRAVESS\u00c3O"}},{"type":"Feature","geometry":{"type":"Point","coordinates":[-41.245173,-21.633218]},"properties":{"nome":"1841","tipo":"ponto","bairro":"TRAVESS\u00c3O"}},{"type":"Feature","geometry":{"type":"Point","coordinates":[-41.245626,-21.63328]},"properties":{"nome":"1851","tipo":"ponto","bairro":"TRAVESS\u00c3O"}},{"type":"Feature","geometry":{"type":"Point","coordinates":[-41.246371,-21.633278]},"properties":{"nome":"1861","tipo":"ponto","bairro":"TRAVESS\u00c3O"}},{"type":"Feature","geometry":{"type":"Point","coordinates":[-41.246529,-21.632819]},"properties":{"nome":"1891","tipo":"ponto","bairro":"TRAVESS\u00c3O"}},{"type":"Feature","geometry":{"type":"Point","coordinates":[-41.246521,-21.632488]},"properties":{"nome":"1901","tipo":"ponto","bairro":"TRAVESS\u00c3O"}},{"type":"Feature","geometry":{"type":"Point","coordinates":[-41.246516,-21.631194]},"properties":{"nome":"194","tipo":"ponto","bairro":"TRAVESS\u00c3O"}},{"type":"Feature","geometry":{"type":"Point","coordinates":[-41.246501,-21.630884]},"properties":{"nome":"195","tipo":"ponto","bairro":"TRAVESS\u00c3O"}},{"type":"Feature","geometry":{"type":"Point","coordinates":[-41.247045,-21.633252]},"properties":{"nome":"196","tipo":"ponto","bairro":"TRAVESS\u00c3O"}},{"type":"Feature","geometry":{"type":"Point","coordinates":[-41.247516,-21.63322]},"properties":{"nome":"197","tipo":"ponto","bairro":"TRAVESS\u00c3O"}},{"type":"Feature","geometry":{"type":"Point","coordinates":[-41.248282,-21.633235]},"properties":{"nome":"199","tipo":"ponto","bairro":"TRAVESS\u00c3O"}},{"type":"Feature","geometry":{"type":"Point","coordinates":[-41.248691,-21.633219]},"properties":{"nome":"200","tipo":"ponto","bairro":"TRAVESS\u00c3O"}},{"type":"Feature","geometry":{"type":"Point","coordinates":[-41.249079,-21.633235]},"properties":{"nome":"201","tipo":"ponto","bairro":"TRAVESS\u00c3O"}},{"type":"Feature","geometry":{"type":"Point","coordinates":[-41.249451,-21.633187]},"properties":{"nome":"202","tipo":"ponto","bairro":"TRAVESS\u00c3O"}},{"type":"Feature","geometry":{"type":"Point","coordinates":[-41.249842,-21.633163]},"properties":{"nome":"203","tipo":"ponto","bairro":"TRAVESS\u00c3O"}},{"type":"Feature","geometry":{"type":"Point","coordinates":[-41.25025,-21.633093]},"properties":{"nome":"204","tipo":"ponto","bairro":"TRAVESS\u00c3O"}},{"type":"Feature","geometry":{"type":"Point","coordinates":[-41.250703,-21.633066]},"properties":{"nome":"205","tipo":"ponto","bairro":"TRAVESS\u00c3O"}},{"type":"Feature","geometry":{"type":"Point","coordinates":[-41.251048,-21.633031]},"properties":{"nome":"206","tipo":"ponto","bairro":"TRAVESS\u00c3O"}},{"type":"Feature","geometry":{"type":"Point","coordinates":[-41.251186,-21.633022]},"properties":{"nome":"207","tipo":"ponto","bairro":"TRAVESS\u00c3O"}},{"type":"Feature","geometry":{"type":"Point","coordinates":[-41.251375,-21.632362]},"properties":{"nome":"210","tipo":"ponto","bairro":"TRAVESS\u00c3O"}},{"type":"Feature","geometry":{"type":"Point","coordinates":[-41.25135,-21.632066]},"properties":{"nome":"211","tipo":"ponto","bairro":"TRAVESS\u00c3O"}},{"type":"Feature","geometry":{"type":"Point","coordinates":[-41.251331,-21.631716]},"properties":{"nome":"212","tipo":"ponto","bairro":"TRAVESS\u00c3O"}},{"type":"Feature","geometry":{"type":"Point","coordinates":[-41.251316,-21.631395]},"properties":{"nome":"213","tipo":"ponto","bairro":"TRAVESS\u00c3O"}},{"type":"Feature","geometry":{"type":"Point","coordinates":[-41.251303,-21.631105]},"properties":{"nome":"214","tipo":"ponto","bairro":"TRAVESS\u00c3O"}},{"type":"Feature","geometry":{"type":"Point","coordinates":[-41.251313,-21.630773]},"properties":{"nome":"215","tipo":"ponto","bairro":"TRAVESS\u00c3O"}},{"type":"Feature","geometry":{"type":"Point","coordinates":[-41.251791,-21.632938]},"properties":{"nome":"216","tipo":"ponto","bairro":"TRAVESS\u00c3O"}},{"type":"Feature","geometry":{"type":"Point","coordinates":[-41.252334,-21.632957]},"properties":{"nome":"218","tipo":"ponto","bairro":"TRAVESS\u00c3O"}},{"type":"Feature","geometry":{"type":"Point","coordinates":[-41.252629,-21.630729]},"properties":{"nome":"228","tipo":"ponto","bairro":"TRAVESS\u00c3O"}},{"type":"Feature","geometry":{"type":"Point","coordinates":[-41.252998,-21.630722]},"properties":{"nome":"229","tipo":"ponto","bairro":"TRAVESS\u00c3O"}},{"type":"Feature","geometry":{"type":"Point","coordinates":[-41.253504,-21.631319]},"properties":{"nome":"233","tipo":"ponto","bairro":"TRAVESS\u00c3O"}},{"type":"Feature","geometry":{"type":"Point","coordinates":[-41.252587,-21.631057]},"properties":{"nome":"236","tipo":"ponto","bairro":"TRAVESS\u00c3O"}},{"type":"Feature","geometry":{"type":"Point","coordinates":[-41.252623,-21.631649]},"properties":{"nome":"239","tipo":"ponto","bairro":"TRAVESS\u00c3O"}},{"type":"Feature","geometry":{"type":"Point","coordinates":[-41.253017,-21.631651]},"properties":{"nome":"240","tipo":"ponto","bairro":"TRAVESS\u00c3O"}},{"type":"Feature","geometry":{"type":"Point","coordinates":[-41.253563,-21.63191]},"properties":{"nome":"243","tipo":"ponto","bairro":"TRAVESS\u00c3O"}},{"type":"Feature","geometry":{"type":"Point","coordinates":[-41.252937,-21.632263]},"properties":{"nome":"246","tipo":"ponto","bairro":"TRAVESS\u00c3O"}},{"type":"Feature","geometry":{"type":"Point","coordinates":[-41.252599,-21.632284]},"properties":{"nome":"247","tipo":"ponto","bairro":"TRAVESS\u00c3O"}},{"type":"Feature","geometry":{"type":"Point","coordinates":[-41.252612,-21.632936]},"properties":{"nome":"249","tipo":"ponto","bairro":"TRAVESS\u00c3O"}},{"type":"Feature","geometry":{"type":"Point","coordinates":[-41.253025,-21.632922]},"properties":{"nome":"250","tipo":"ponto","bairro":"TRAVESS\u00c3O"}},{"type":"Feature","geometry":{"type":"Point","coordinates":[-41.253389,-21.632917]},"properties":{"nome":"252","tipo":"ponto","bairro":"TRAVESS\u00c3O"}},{"type":"Feature","geometry":{"type":"Point","coordinates":[-41.25359,-21.632531]},"properties":{"nome":"255","tipo":"ponto","bairro":"TRAVESS\u00c3O"}},{"type":"Feature","geometry":{"type":"Point","coordinates":[-41.254154,-21.632864]},"properties":{"nome":"256","tipo":"ponto","bairro":"TRAVESS\u00c3O"}},{"type":"Feature","geometry":{"type":"Point","coordinates":[-41.254562,-21.632836]},"properties":{"nome":"257","tipo":"ponto","bairro":"TRAVESS\u00c3O"}},{"type":"Feature","geometry":{"type":"Point","coordinates":[-41.254709,-21.633175]},"properties":{"nome":"259","tipo":"ponto","bairro":"TRAVESS\u00c3O"}},{"type":"Feature","geometry":{"type":"Point","coordinates":[-41.253726,-21.634083]},"properties":{"nome":"265","tipo":"ponto","bairro":"TRAVESS\u00c3O"}},{"type":"Feature","geometry":{"type":"Point","coordinates":[-41.254959,-21.632829]},"properties":{"nome":"266","tipo":"ponto","bairro":"TRAVESS\u00c3O"}},{"type":"Feature","geometry":{"type":"Point","coordinates":[-41.255335,-21.632815]},"properties":{"nome":"267","tipo":"ponto","bairro":"TRAVESS\u00c3O"}},{"type":"Feature","geometry":{"type":"Point","coordinates":[-41.255735,-21.632774]},"properties":{"nome":"268","tipo":"ponto","bairro":"TRAVESS\u00c3O"}},{"type":"Feature","geometry":{"type":"Point","coordinates":[-41.256104,-21.632806]},"properties":{"nome":"269","tipo":"ponto","bairro":"TRAVESS\u00c3O"}},{"type":"Feature","geometry":{"type":"Point","coordinates":[-41.308482,-21.61307]},"properties":{"nome":"26212","tipo":"abertura","bairro":"TRAVESS\u00c3O"}},{"type":"Feature","geometry":{"type":"Point","coordinates":[-41.31337,-21.59937]},"properties":{"nome":"17620","tipo":"abertura","bairro":"TRAVESS\u00c3O"}},{"type":"Feature","geometry":{"type":"Point","coordinates":[-41.312687,-21.616072]},"properties":{"nome":"2908","tipo":"abertura","bairro":"TRAVESS\u00c3O"}},{"type":"Feature","geometry":{"type":"Point","coordinates":[-41.313554,-21.621011]},"properties":{"nome":"09226","tipo":"abertura","bairro":"TRAVESS\u00c3O"}},{"type":"Feature","geometry":{"type":"Point","coordinates":[-41.3106,-21.624132]},"properties":{"nome":"15920","tipo":"abertura","bairro":"TRAVESS\u00c3O"}},{"type":"Feature","geometry":{"type":"Point","coordinates":[-41.310636,-21.624462]},"properties":{"nome":"16120","tipo":"abertura","bairro":"TRAVESS\u00c3O"}},{"type":"Feature","geometry":{"type":"Point","coordinates":[-41.311583,-21.607737]},"properties":{"nome":"09730","tipo":"abertura","bairro":"TRAVESS\u00c3O"}},{"type":"Feature","geometry":{"type":"Point","coordinates":[-41.311592,-21.651738]},"properties":{"nome":"00128","tipo":"abertura","bairro":"TRAVESS\u00c3O"}},{"type":"Feature","geometry":{"type":"Point","coordinates":[-41.311961,-21.640011]},"properties":{"nome":"00129","tipo":"abertura","bairro":"TRAVESS\u00c3O"}},{"type":"Feature","geometry":{"type":"Point","coordinates":[-41.310187,-21.637487]},"properties":{"nome":"00130","tipo":"abertura","bairro":"TRAVESS\u00c3O"}},{"type":"Feature","geometry":{"type":"Point","coordinates":[-41.267039,-21.615781]},"properties":{"nome":"00136","tipo":"abertura","bairro":"TRAVESS\u00c3O"}},{"type":"Feature","geometry":{"type":"Point","coordinates":[-41.311592,-21.640029]},"properties":{"nome":"00229","tipo":"abertura","bairro":"TRAVESS\u00c3O"}},{"type":"Feature","geometry":{"type":"Point","coordinates":[-41.310172,-21.637344]},"properties":{"nome":"00230","tipo":"abertura","bairro":"TRAVESS\u00c3O"}},{"type":"Feature","geometry":{"type":"Point","coordinates":[-41.313811,-21.625028]},"properties":{"nome":"00231","tipo":"abertura","bairro":"TRAVESS\u00c3O"}},{"type":"Feature","geometry":{"type":"Point","coordinates":[-41.311662,-21.650391]},"properties":{"nome":"00328","tipo":"abertura","bairro":"TRAVESS\u00c3O"}},{"type":"Feature","geometry":{"type":"Point","coordinates":[-41.311366,-21.639863]},"properties":{"nome":"00329","tipo":"abertura","bairro":"TRAVESS\u00c3O"}},{"type":"Feature","geometry":{"type":"Point","coordinates":[-41.31035,-21.637381]},"properties":{"nome":"00330","tipo":"abertura","bairro":"TRAVESS\u00c3O"}},{"type":"Feature","geometry":{"type":"Point","coordinates":[-41.314459,-21.605386]},"properties":{"nome":"00333","tipo":"abertura","bairro":"TRAVESS\u00c3O"}},{"type":"Feature","geometry":{"type":"Point","coordinates":[-41.307272,-21.607828]},"properties":{"nome":"00334","tipo":"abertura","bairro":"TRAVESS\u00c3O"}},{"type":"Feature","geometry":{"type":"Point","coordinates":[-41.311747,-21.609156]},"properties":{"nome":"00335","tipo":"abertura","bairro":"TRAVESS\u00c3O"}},{"type":"Feature","geometry":{"type":"Point","coordinates":[-41.311416,-21.639644]},"properties":{"nome":"00430","tipo":"abertura","bairro":"TRAVESS\u00c3O"}},{"type":"Feature","geometry":{"type":"Point","coordinates":[-41.313822,-21.624749]},"properties":{"nome":"00432","tipo":"abertura","bairro":"TRAVESS\u00c3O"}},{"type":"Feature","geometry":{"type":"Point","coordinates":[-41.311415,-21.639498]},"properties":{"nome":"00529","tipo":"abertura","bairro":"TRAVESS\u00c3O"}},{"type":"Feature","geometry":{"type":"Point","coordinates":[-41.307674,-21.607868]},"properties":{"nome":"00534","tipo":"abertura","bairro":"TRAVESS\u00c3O"}},{"type":"Feature","geometry":{"type":"Point","coordinates":[-41.313075,-21.624885]},"properties":{"nome":"00631","tipo":"abertura","bairro":"TRAVESS\u00c3O"}},{"type":"Feature","geometry":{"type":"Point","coordinates":[-41.311162,-21.639506]},"properties":{"nome":"00729","tipo":"abertura","bairro":"TRAVESS\u00c3O"}},{"type":"Feature","geometry":{"type":"Point","coordinates":[-41.314584,-21.610996]},"properties":{"nome":"00732","tipo":"abertura","bairro":"TRAVESS\u00c3O"}},{"type":"Feature","geometry":{"type":"Point","coordinates":[-41.264852,-21.615609]},"properties":{"nome":"00736","tipo":"abertura","bairro":"TRAVESS\u00c3O"}},{"type":"Feature","geometry":{"type":"Point","coordinates":[-41.311116,-21.639184]},"properties":{"nome":"00829","tipo":"abertura","bairro":"TRAVESS\u00c3O"}},{"type":"Feature","geometry":{"type":"Point","coordinates":[-41.314479,-21.610967]},"properties":{"nome":"00832","tipo":"abertura","bairro":"TRAVESS\u00c3O"}},{"type":"Feature","geometry":{"type":"Point","coordinates":[-41.264444,-21.615681]},"properties":{"nome":"00836","tipo":"abertura","bairro":"TRAVESS\u00c3O"}},{"type":"Feature","geometry":{"type":"Point","coordinates":[-41.309848,-21.636355]},"properties":{"nome":"00930","tipo":"abertura","bairro":"TRAVESS\u00c3O"}},{"type":"Feature","geometry":{"type":"Point","coordinates":[-41.312805,-21.624856]},"properties":{"nome":"00931","tipo":"abertura","bairro":"TRAVESS\u00c3O"}},{"type":"Feature","geometry":{"type":"Point","coordinates":[-41.316286,-21.605168]},"properties":{"nome":"00933","tipo":"abertura","bairro":"TRAVESS\u00c3O"}},{"type":"Feature","geometry":{"type":"Point","coordinates":[-41.311817,-21.609003]},"properties":{"nome":"00935","tipo":"abertura","bairro":"TRAVESS\u00c3O"}},{"type":"Feature","geometry":{"type":"Point","coordinates":[-41.310004,-21.636222]},"properties":{"nome":"01030","tipo":"abertura","bairro":"TRAVESS\u00c3O"}},{"type":"Feature","geometry":{"type":"Point","coordinates":[-41.311725,-21.608997]},"properties":{"nome":"01035","tipo":"abertura","bairro":"TRAVESS\u00c3O"}},{"type":"Feature","geometry":{"type":"Point","coordinates":[-41.312409,-21.624798]},"properties":{"nome":"01131","tipo":"abertura","bairro":"TRAVESS\u00c3O"}},{"type":"Feature","geometry":{"type":"Point","coordinates":[-41.308826,-21.607737]},"properties":{"nome":"01134","tipo":"abertura","bairro":"TRAVESS\u00c3O"}},{"type":"Feature","geometry":{"type":"Point","coordinates":[-41.311498,-21.608997]},"properties":{"nome":"01135","tipo":"abertura","bairro":"TRAVESS\u00c3O"}},{"type":"Feature","geometry":{"type":"Point","coordinates":[-41.308963,-21.607675]},"properties":{"nome":"01233","tipo":"abertura","bairro":"TRAVESS\u00c3O"}},{"type":"Feature","geometry":{"type":"Point","coordinates":[-41.308883,-21.607622]},"properties":{"nome":"01332","tipo":"abertura","bairro":"TRAVESS\u00c3O"}},{"type":"Feature","geometry":{"type":"Point","coordinates":[-41.316087,-21.604351]},"properties":{"nome":"01432","tipo":"abertura","bairro":"TRAVESS\u00c3O"}},{"type":"Feature","geometry":{"type":"Point","coordinates":[-41.312069,-21.624754]},"properties":{"nome":"01530","tipo":"abertura","bairro":"TRAVESS\u00c3O"}},{"type":"Feature","geometry":{"type":"Point","coordinates":[-41.316079,-21.604202]},"properties":{"nome":"01532","tipo":"abertura","bairro":"TRAVESS\u00c3O"}},{"type":"Feature","geometry":{"type":"Point","coordinates":[-41.311346,-21.608278]},"properties":{"nome":"01534","tipo":"abertura","bairro":"TRAVESS\u00c3O"}},{"type":"Feature","geometry":{"type":"Point","coordinates":[-41.310079,-21.637662]},"properties":{"nome":"01728","tipo":"abertura","bairro":"TRAVESS\u00c3O"}},{"type":"Feature","geometry":{"type":"Point","coordinates":[-41.311151,-21.63547]},"properties":{"nome":"01729","tipo":"abertura","bairro":"TRAVESS\u00c3O"}},{"type":"Feature","geometry":{"type":"Point","coordinates":[-41.311617,-21.624764]},"properties":{"nome":"01730","tipo":"abertura","bairro":"TRAVESS\u00c3O"}},{"type":"Feature","geometry":{"type":"Point","coordinates":[-41.315765,-21.604235]},"properties":{"nome":"01732","tipo":"abertura","bairro":"TRAVESS\u00c3O"}},{"type":"Feature","geometry":{"type":"Point","coordinates":[-41.311106,-21.635403]},"properties":{"nome":"01829","tipo":"abertura","bairro":"TRAVESS\u00c3O"}},{"type":"Feature","geometry":{"type":"Point","coordinates":[-41.314469,-21.609286]},"properties":{"nome":"01831","tipo":"abertura","bairro":"TRAVESS\u00c3O"}},{"type":"Feature","geometry":{"type":"Point","coordinates":[-41.315495,-21.604266]},"properties":{"nome":"01832","tipo":"abertura","bairro":"TRAVESS\u00c3O"}},{"type":"Feature","geometry":{"type":"Point","coordinates":[-41.314546,-21.609246]},"properties":{"nome":"01931","tipo":"abertura","bairro":"TRAVESS\u00c3O"}},{"type":"Feature","geometry":{"type":"Point","coordinates":[-41.315337,-21.604284]},"properties":{"nome":"01932","tipo":"abertura","bairro":"TRAVESS\u00c3O"}},{"type":"Feature","geometry":{"type":"Point","coordinates":[-41.311645,-21.625702]},"properties":{"nome":"02030","tipo":"abertura","bairro":"TRAVESS\u00c3O"}},{"type":"Feature","geometry":{"type":"Point","coordinates":[-41.315332,-21.604522]},"properties":{"nome":"02032","tipo":"abertura","bairro":"TRAVESS\u00c3O"}},{"type":"Feature","geometry":{"type":"Point","coordinates":[-41.310585,-21.635469]},"properties":{"nome":"02129","tipo":"abertura","bairro":"TRAVESS\u00c3O"}},{"type":"Feature","geometry":{"type":"Point","coordinates":[-41.311628,-21.624604]},"properties":{"nome":"02130","tipo":"abertura","bairro":"TRAVESS\u00c3O"}},{"type":"Feature","geometry":{"type":"Point","coordinates":[-41.311652,-21.6243]},"properties":{"nome":"02231","tipo":"abertura","bairro":"TRAVESS\u00c3O"}},{"type":"Feature","geometry":{"type":"Point","coordinates":[-41.312677,-21.637916]},"properties":{"nome":"02328","tipo":"abertura","bairro":"TRAVESS\u00c3O"}},{"type":"Feature","geometry":{"type":"Point","coordinates":[-41.314917,-21.604334]},"properties":{"nome":"02333","tipo":"abertura","bairro":"TRAVESS\u00c3O"}},{"type":"Feature","geometry":{"type":"Point","coordinates":[-41.308708,-21.605456]},"properties":{"nome":"02334","tipo":"abertura","bairro":"TRAVESS\u00c3O"}},{"type":"Feature","geometry":{"type":"Point","coordinates":[-41.310258,-21.609033]},"properties":{"nome":"02335","tipo":"abertura","bairro":"TRAVESS\u00c3O"}},{"type":"Feature","geometry":{"type":"Point","coordinates":[-41.310333,-21.635488]},"properties":{"nome":"02430","tipo":"abertura","bairro":"TRAVESS\u00c3O"}},{"type":"Feature","geometry":{"type":"Point","coordinates":[-41.31478,-21.604332]},"properties":{"nome":"02433","tipo":"abertura","bairro":"TRAVESS\u00c3O"}},{"type":"Feature","geometry":{"type":"Point","coordinates":[-41.310066,-21.609078]},"properties":{"nome":"02435","tipo":"abertura","bairro":"TRAVESS\u00c3O"}},{"type":"Feature","geometry":{"type":"Point","coordinates":[-41.310047,-21.635543]},"properties":{"nome":"02530","tipo":"abertura","bairro":"TRAVESS\u00c3O"}},{"type":"Feature","geometry":{"type":"Point","coordinates":[-41.309632,-21.635581]},"properties":{"nome":"02630","tipo":"abertura","bairro":"TRAVESS\u00c3O"}},{"type":"Feature","geometry":{"type":"Point","coordinates":[-41.310029,-21.608931]},"properties":{"nome":"02635","tipo":"abertura","bairro":"TRAVESS\u00c3O"}},{"type":"Feature","geometry":{"type":"Point","coordinates":[-41.309588,-21.635559]},"properties":{"nome":"02730","tipo":"abertura","bairro":"TRAVESS\u00c3O"}},{"type":"Feature","geometry":{"type":"Point","coordinates":[-41.315756,-21.611795]},"properties":{"nome":"02732","tipo":"abertura","bairro":"TRAVESS\u00c3O"}},{"type":"Feature","geometry":{"type":"Point","coordinates":[-41.314251,-21.604386]},"properties":{"nome":"02733","tipo":"abertura","bairro":"TRAVESS\u00c3O"}},{"type":"Feature","geometry":{"type":"Point","coordinates":[-41.314236,-21.604492]},"properties":{"nome":"02833","tipo":"abertura","bairro":"TRAVESS\u00c3O"}},{"type":"Feature","geometry":{"type":"Point","coordinates":[-41.309996,-21.608284]},"properties":{"nome":"02835","tipo":"abertura","bairro":"TRAVESS\u00c3O"}},{"type":"Feature","geometry":{"type":"Point","coordinates":[-41.308586,-21.60383]},"properties":{"nome":"03033","tipo":"abertura","bairro":"TRAVESS\u00c3O"}},{"type":"Feature","geometry":{"type":"Point","coordinates":[-41.313849,-21.624442]},"properties":{"nome":"03130","tipo":"abertura","bairro":"TRAVESS\u00c3O"}},{"type":"Feature","geometry":{"type":"Point","coordinates":[-41.314393,-21.60531]},"properties":{"nome":"03132","tipo":"abertura","bairro":"TRAVESS\u00c3O"}},{"type":"Feature","geometry":{"type":"Point","coordinates":[-41.315444,-21.603875]},"properties":{"nome":"03232","tipo":"abertura","bairro":"TRAVESS\u00c3O"}},{"type":"Feature","geometry":{"type":"Point","coordinates":[-41.313959,-21.624055]},"properties":{"nome":"03330","tipo":"abertura","bairro":"TRAVESS\u00c3O"}},{"type":"Feature","geometry":{"type":"Point","coordinates":[-41.309315,-21.634808]},"properties":{"nome":"03429","tipo":"abertura","bairro":"TRAVESS\u00c3O"}},{"type":"Feature","geometry":{"type":"Point","coordinates":[-41.313962,-21.623934]},"properties":{"nome":"03430","tipo":"abertura","bairro":"TRAVESS\u00c3O"}},{"type":"Feature","geometry":{"type":"Point","coordinates":[-41.31569,-21.603851]},"properties":{"nome":"03432","tipo":"abertura","bairro":"TRAVESS\u00c3O"}},{"type":"Feature","geometry":{"type":"Point","coordinates":[-41.255196,-21.619884]},"properties":{"nome":"03435","tipo":"abertura","bairro":"TRAVESS\u00c3O"}},{"type":"Feature","geometry":{"type":"Point","coordinates":[-41.309439,-21.634846]},"properties":{"nome":"03529","tipo":"abertura","bairro":"TRAVESS\u00c3O"}},{"type":"Feature","geometry":{"type":"Point","coordinates":[-41.314475,-21.609146]},"properties":{"nome":"03531","tipo":"abertura","bairro":"TRAVESS\u00c3O"}},{"type":"Feature","geometry":{"type":"Point","coordinates":[-41.254799,-21.619887]},"properties":{"nome":"03535","tipo":"abertura","bairro":"TRAVESS\u00c3O"}},{"type":"Feature","geometry":{"type":"Point","coordinates":[-41.313986,-21.623551]},"properties":{"nome":"03630","tipo":"abertura","bairro":"TRAVESS\u00c3O"}},{"type":"Feature","geometry":{"type":"Point","coordinates":[-41.314483,-21.608887]},"properties":{"nome":"03631","tipo":"abertura","bairro":"TRAVESS\u00c3O"}},{"type":"Feature","geometry":{"type":"Point","coordinates":[-41.30993,-21.634812]},"properties":{"nome":"03728","tipo":"abertura","bairro":"TRAVESS\u00c3O"}},{"type":"Feature","geometry":{"type":"Point","coordinates":[-41.316487,-21.603705]},"properties":{"nome":"03731","tipo":"abertura","bairro":"TRAVESS\u00c3O"}},{"type":"Feature","geometry":{"type":"Point","coordinates":[-41.308111,-21.609219]},"properties":{"nome":"03733","tipo":"abertura","bairro":"TRAVESS\u00c3O"}},{"type":"Feature","geometry":{"type":"Point","coordinates":[-41.31002,-21.63486]},"properties":{"nome":"03828","tipo":"abertura","bairro":"TRAVESS\u00c3O"}},{"type":"Feature","geometry":{"type":"Point","coordinates":[-41.307929,-21.609177]},"properties":{"nome":"03833","tipo":"abertura","bairro":"TRAVESS\u00c3O"}},{"type":"Feature","geometry":{"type":"Point","coordinates":[-41.314206,-21.626902]},"properties":{"nome":"03926","tipo":"abertura","bairro":"TRAVESS\u00c3O"}},{"type":"Feature","geometry":{"type":"Point","coordinates":[-41.308497,-21.601156]},"properties":{"nome":"03932","tipo":"abertura","bairro":"TRAVESS\u00c3O"}},{"type":"Feature","geometry":{"type":"Point","coordinates":[-41.316505,-21.603501]},"properties":{"nome":"04031","tipo":"abertura","bairro":"TRAVESS\u00c3O"}},{"type":"Feature","geometry":{"type":"Point","coordinates":[-41.308587,-21.601033]},"properties":{"nome":"04032","tipo":"abertura","bairro":"TRAVESS\u00c3O"}},{"type":"Feature","geometry":{"type":"Point","coordinates":[-41.307833,-21.608708]},"properties":{"nome":"04033","tipo":"abertura","bairro":"TRAVESS\u00c3O"}},{"type":"Feature","geometry":{"type":"Point","coordinates":[-41.310517,-21.634762]},"properties":{"nome":"04128","tipo":"abertura","bairro":"TRAVESS\u00c3O"}},{"type":"Feature","geometry":{"type":"Point","coordinates":[-41.31047,-21.634833]},"properties":{"nome":"04228","tipo":"abertura","bairro":"TRAVESS\u00c3O"}},{"type":"Feature","geometry":{"type":"Point","coordinates":[-41.307745,-21.608237]},"properties":{"nome":"04233","tipo":"abertura","bairro":"TRAVESS\u00c3O"}},{"type":"Feature","geometry":{"type":"Point","coordinates":[-41.309256,-21.601055]},"properties":{"nome":"04332","tipo":"abertura","bairro":"TRAVESS\u00c3O"}},{"type":"Feature","geometry":{"type":"Point","coordinates":[-41.307687,-21.60807]},"properties":{"nome":"04333","tipo":"abertura","bairro":"TRAVESS\u00c3O"}},{"type":"Feature","geometry":{"type":"Point","coordinates":[-41.310894,-21.634708]},"properties":{"nome":"04428","tipo":"abertura","bairro":"TRAVESS\u00c3O"}},{"type":"Feature","geometry":{"type":"Point","coordinates":[-41.307912,-21.609349]},"properties":{"nome":"04433","tipo":"abertura","bairro":"TRAVESS\u00c3O"}},{"type":"Feature","geometry":{"type":"Point","coordinates":[-41.311115,-21.634734]},"properties":{"nome":"04527","tipo":"abertura","bairro":"TRAVESS\u00c3O"}},{"type":"Feature","geometry":{"type":"Point","coordinates":[-41.309265,-21.60108]},"properties":{"nome":"04531","tipo":"abertura","bairro":"TRAVESS\u00c3O"}},{"type":"Feature","geometry":{"type":"Point","coordinates":[-41.31166,-21.623798]},"properties":{"nome":"04628","tipo":"abertura","bairro":"TRAVESS\u00c3O"}},{"type":"Feature","geometry":{"type":"Point","coordinates":[-41.31543,-21.606789]},"properties":{"nome":"04629","tipo":"abertura","bairro":"TRAVESS\u00c3O"}},{"type":"Feature","geometry":{"type":"Point","coordinates":[-41.308011,-21.609758]},"properties":{"nome":"04632","tipo":"abertura","bairro":"TRAVESS\u00c3O"}},{"type":"Feature","geometry":{"type":"Point","coordinates":[-41.301364,-21.63836]},"properties":{"nome":"04726","tipo":"abertura","bairro":"TRAVESS\u00c3O"}},{"type":"Feature","geometry":{"type":"Point","coordinates":[-41.315784,-21.606907]},"properties":{"nome":"04729","tipo":"abertura","bairro":"TRAVESS\u00c3O"}},{"type":"Feature","geometry":{"type":"Point","coordinates":[-41.307808,-21.609293]},"properties":{"nome":"04732","tipo":"abertura","bairro":"TRAVESS\u00c3O"}},{"type":"Feature","geometry":{"type":"Point","coordinates":[-41.311667,-21.623518]},"properties":{"nome":"04828","tipo":"abertura","bairro":"TRAVESS\u00c3O"}},{"type":"Feature","geometry":{"type":"Point","coordinates":[-41.315184,-21.606863]},"properties":{"nome":"04829","tipo":"abertura","bairro":"TRAVESS\u00c3O"}},{"type":"Feature","geometry":{"type":"Point","coordinates":[-41.316741,-21.601754]},"properties":{"nome":"04830","tipo":"abertura","bairro":"TRAVESS\u00c3O"}},{"type":"Feature","geometry":{"type":"Point","coordinates":[-41.315021,-21.620777]},"properties":{"nome":"04925","tipo":"abertura","bairro":"TRAVESS\u00c3O"}},{"type":"Feature","geometry":{"type":"Point","coordinates":[-41.311672,-21.623276]},"properties":{"nome":"04928","tipo":"abertura","bairro":"TRAVESS\u00c3O"}},{"type":"Feature","geometry":{"type":"Point","coordinates":[-41.316775,-21.602523]},"properties":{"nome":"04930","tipo":"abertura","bairro":"TRAVESS\u00c3O"}},{"type":"Feature","geometry":{"type":"Point","coordinates":[-41.315043,-21.620504]},"properties":{"nome":"05025","tipo":"abertura","bairro":"TRAVESS\u00c3O"}},{"type":"Feature","geometry":{"type":"Point","coordinates":[-41.3151,-21.620318]},"properties":{"nome":"05125","tipo":"abertura","bairro":"TRAVESS\u00c3O"}},{"type":"Feature","geometry":{"type":"Point","coordinates":[-41.31477,-21.607339]},"properties":{"nome":"05129","tipo":"abertura","bairro":"TRAVESS\u00c3O"}},{"type":"Feature","geometry":{"type":"Point","coordinates":[-41.314616,-21.606958]},"properties":{"nome":"05229","tipo":"abertura","bairro":"TRAVESS\u00c3O"}},{"type":"Feature","geometry":{"type":"Point","coordinates":[-41.316685,-21.60109]},"properties":{"nome":"05330","tipo":"abertura","bairro":"TRAVESS\u00c3O"}},{"type":"Feature","geometry":{"type":"Point","coordinates":[-41.315468,-21.620649]},"properties":{"nome":"05425","tipo":"abertura","bairro":"TRAVESS\u00c3O"}},{"type":"Feature","geometry":{"type":"Point","coordinates":[-41.308832,-21.633403]},"properties":{"nome":"05427","tipo":"abertura","bairro":"TRAVESS\u00c3O"}},{"type":"Feature","geometry":{"type":"Point","coordinates":[-41.314598,-21.607462]},"properties":{"nome":"05429","tipo":"abertura","bairro":"TRAVESS\u00c3O"}},{"type":"Feature","geometry":{"type":"Point","coordinates":[-41.316625,-21.600988]},"properties":{"nome":"05430","tipo":"abertura","bairro":"TRAVESS\u00c3O"}},{"type":"Feature","geometry":{"type":"Point","coordinates":[-41.306139,-21.609069]},"properties":{"nome":"05432","tipo":"abertura","bairro":"TRAVESS\u00c3O"}},{"type":"Feature","geometry":{"type":"Point","coordinates":[-41.315521,-21.620752]},"properties":{"nome":"05525","tipo":"abertura","bairro":"TRAVESS\u00c3O"}},{"type":"Feature","geometry":{"type":"Point","coordinates":[-41.308743,-21.633136]},"properties":{"nome":"05527","tipo":"abertura","bairro":"TRAVESS\u00c3O"}},{"type":"Feature","geometry":{"type":"Point","coordinates":[-41.314578,-21.60763]},"properties":{"nome":"05529","tipo":"abertura","bairro":"TRAVESS\u00c3O"}},{"type":"Feature","geometry":{"type":"Point","coordinates":[-41.308708,-21.633268]},"properties":{"nome":"05627","tipo":"abertura","bairro":"TRAVESS\u00c3O"}},{"type":"Feature","geometry":{"type":"Point","coordinates":[-41.309386,-21.603835]},"properties":{"nome":"05631","tipo":"abertura","bairro":"TRAVESS\u00c3O"}},{"type":"Feature","geometry":{"type":"Point","coordinates":[-41.314038,-21.623275]},"properties":{"nome":"05928","tipo":"abertura","bairro":"TRAVESS\u00c3O"}},{"type":"Feature","geometry":{"type":"Point","coordinates":[-41.314413,-21.608457]},"properties":{"nome":"05929","tipo":"abertura","bairro":"TRAVESS\u00c3O"}},{"type":"Feature","geometry":{"type":"Point","coordinates":[-41.314272,-21.601972]},"properties":{"nome":"05930","tipo":"abertura","bairro":"TRAVESS\u00c3O"}},{"type":"Feature","geometry":{"type":"Point","coordinates":[-41.3088,-21.603788]},"properties":{"nome":"05931","tipo":"abertura","bairro":"TRAVESS\u00c3O"}},{"type":"Feature","geometry":{"type":"Point","coordinates":[-41.306266,-21.609064]},"properties":{"nome":"05932","tipo":"abertura","bairro":"TRAVESS\u00c3O"}},{"type":"Feature","geometry":{"type":"Point","coordinates":[-41.314098,-21.622902]},"properties":{"nome":"06028","tipo":"abertura","bairro":"TRAVESS\u00c3O"}},{"type":"Feature","geometry":{"type":"Point","coordinates":[-41.314382,-21.608408]},"properties":{"nome":"06029","tipo":"abertura","bairro":"TRAVESS\u00c3O"}},{"type":"Feature","geometry":{"type":"Point","coordinates":[-41.314425,-21.608808]},"properties":{"nome":"06228","tipo":"abertura","bairro":"TRAVESS\u00c3O"}},{"type":"Feature","geometry":{"type":"Point","coordinates":[-41.314358,-21.609109]},"properties":{"nome":"06328","tipo":"abertura","bairro":"TRAVESS\u00c3O"}},{"type":"Feature","geometry":{"type":"Point","coordinates":[-41.307509,-21.608839]},"properties":{"nome":"06331","tipo":"abertura","bairro":"TRAVESS\u00c3O"}},{"type":"Feature","geometry":{"type":"Point","coordinates":[-41.297097,-21.639323]},"properties":{"nome":"06425","tipo":"abertura","bairro":"TRAVESS\u00c3O"}},{"type":"Feature","geometry":{"type":"Point","coordinates":[-41.313938,-21.609177]},"properties":{"nome":"06428","tipo":"abertura","bairro":"TRAVESS\u00c3O"}},{"type":"Feature","geometry":{"type":"Point","coordinates":[-41.307829,-21.6088]},"properties":{"nome":"06431","tipo":"abertura","bairro":"TRAVESS\u00c3O"}},{"type":"Feature","geometry":{"type":"Point","coordinates":[-41.296821,-21.639632]},"properties":{"nome":"06525","tipo":"abertura","bairro":"TRAVESS\u00c3O"}},{"type":"Feature","geometry":{"type":"Point","coordinates":[-41.315744,-21.620803]},"properties":{"nome":"06624","tipo":"abertura","bairro":"TRAVESS\u00c3O"}},{"type":"Feature","geometry":{"type":"Point","coordinates":[-41.296888,-21.639717]},"properties":{"nome":"06625","tipo":"abertura","bairro":"TRAVESS\u00c3O"}},{"type":"Feature","geometry":{"type":"Point","coordinates":[-41.313584,-21.609142]},"properties":{"nome":"06628","tipo":"abertura","bairro":"TRAVESS\u00c3O"}},{"type":"Feature","geometry":{"type":"Point","coordinates":[-41.309451,-21.605538]},"properties":{"nome":"06630","tipo":"abertura","bairro":"TRAVESS\u00c3O"}},{"type":"Feature","geometry":{"type":"Point","coordinates":[-41.313529,-21.609231]},"properties":{"nome":"06728","tipo":"abertura","bairro":"TRAVESS\u00c3O"}},{"type":"Feature","geometry":{"type":"Point","coordinates":[-41.313493,-21.609361]},"properties":{"nome":"06828","tipo":"abertura","bairro":"TRAVESS\u00c3O"}},{"type":"Feature","geometry":{"type":"Point","coordinates":[-41.311664,-21.622728]},"properties":{"nome":"06927","tipo":"abertura","bairro":"TRAVESS\u00c3O"}},{"type":"Feature","geometry":{"type":"Point","coordinates":[-41.313295,-21.60933]},"properties":{"nome":"06928","tipo":"abertura","bairro":"TRAVESS\u00c3O"}},{"type":"Feature","geometry":{"type":"Point","coordinates":[-41.314332,-21.602247]},"properties":{"nome":"06929","tipo":"abertura","bairro":"TRAVESS\u00c3O"}},{"type":"Feature","geometry":{"type":"Point","coordinates":[-41.308799,-21.605578]},"properties":{"nome":"06930","tipo":"abertura","bairro":"TRAVESS\u00c3O"}},{"type":"Feature","geometry":{"type":"Point","coordinates":[-41.311645,-21.623006]},"properties":{"nome":"07027","tipo":"abertura","bairro":"TRAVESS\u00c3O"}},{"type":"Feature","geometry":{"type":"Point","coordinates":[-41.31347,-21.609508]},"properties":{"nome":"07028","tipo":"abertura","bairro":"TRAVESS\u00c3O"}},{"type":"Feature","geometry":{"type":"Point","coordinates":[-41.309465,-21.605684]},"properties":{"nome":"07030","tipo":"abertura","bairro":"TRAVESS\u00c3O"}},{"type":"Feature","geometry":{"type":"Point","coordinates":[-41.311679,-21.622512]},"properties":{"nome":"07127","tipo":"abertura","bairro":"TRAVESS\u00c3O"}},{"type":"Feature","geometry":{"type":"Point","coordinates":[-41.313439,-21.609573]},"properties":{"nome":"07128","tipo":"abertura","bairro":"TRAVESS\u00c3O"}},{"type":"Feature","geometry":{"type":"Point","coordinates":[-41.305412,-21.632634]},"properties":{"nome":"07226","tipo":"abertura","bairro":"TRAVESS\u00c3O"}},{"type":"Feature","geometry":{"type":"Point","coordinates":[-41.311696,-21.622261]},"properties":{"nome":"07227","tipo":"abertura","bairro":"TRAVESS\u00c3O"}},{"type":"Feature","geometry":{"type":"Point","coordinates":[-41.313799,-21.601786]},"properties":{"nome":"07229","tipo":"abertura","bairro":"TRAVESS\u00c3O"}},{"type":"Feature","geometry":{"type":"Point","coordinates":[-41.309899,-21.608433]},"properties":{"nome":"07231","tipo":"abertura","bairro":"TRAVESS\u00c3O"}},{"type":"Feature","geometry":{"type":"Point","coordinates":[-41.296967,-21.641913]},"properties":{"nome":"07325","tipo":"abertura","bairro":"TRAVESS\u00c3O"}},{"type":"Feature","geometry":{"type":"Point","coordinates":[-41.313375,-21.609807]},"properties":{"nome":"07328","tipo":"abertura","bairro":"TRAVESS\u00c3O"}},{"type":"Feature","geometry":{"type":"Point","coordinates":[-41.313845,-21.60208]},"properties":{"nome":"07329","tipo":"abertura","bairro":"TRAVESS\u00c3O"}},{"type":"Feature","geometry":{"type":"Point","coordinates":[-41.310013,-21.608423]},"properties":{"nome":"07331","tipo":"abertura","bairro":"TRAVESS\u00c3O"}},{"type":"Feature","geometry":{"type":"Point","coordinates":[-41.315486,-21.620035]},"properties":{"nome":"07423","tipo":"abertura","bairro":"TRAVESS\u00c3O"}},{"type":"Feature","geometry":{"type":"Point","coordinates":[-41.296977,-21.64239]},"properties":{"nome":"07424","tipo":"abertura","bairro":"TRAVESS\u00c3O"}},{"type":"Feature","geometry":{"type":"Point","coordinates":[-41.313327,-21.609945]},"properties":{"nome":"07427","tipo":"abertura","bairro":"TRAVESS\u00c3O"}},{"type":"Feature","geometry":{"type":"Point","coordinates":[-41.310192,-21.60838]},"properties":{"nome":"07430","tipo":"abertura","bairro":"TRAVESS\u00c3O"}},{"type":"Feature","geometry":{"type":"Point","coordinates":[-41.315808,-21.620041]},"properties":{"nome":"07522","tipo":"abertura","bairro":"TRAVESS\u00c3O"}},{"type":"Feature","geometry":{"type":"Point","coordinates":[-41.3057,-21.632642]},"properties":{"nome":"07524","tipo":"abertura","bairro":"TRAVESS\u00c3O"}},{"type":"Feature","geometry":{"type":"Point","coordinates":[-41.313856,-21.6023]},"properties":{"nome":"07527","tipo":"abertura","bairro":"TRAVESS\u00c3O"}},{"type":"Feature","geometry":{"type":"Point","coordinates":[-41.31395,-21.602853]},"properties":{"nome":"07728","tipo":"abertura","bairro":"TRAVESS\u00c3O"}},{"type":"Feature","geometry":{"type":"Point","coordinates":[-41.311218,-21.608207]},"properties":{"nome":"07730","tipo":"abertura","bairro":"TRAVESS\u00c3O"}},{"type":"Feature","geometry":{"type":"Point","coordinates":[-41.312183,-21.60995]},"properties":{"nome":"07827","tipo":"abertura","bairro":"TRAVESS\u00c3O"}},{"type":"Feature","geometry":{"type":"Point","coordinates":[-41.313962,-21.602919]},"properties":{"nome":"07828","tipo":"abertura","bairro":"TRAVESS\u00c3O"}},{"type":"Feature","geometry":{"type":"Point","coordinates":[-41.309559,-21.607477]},"properties":{"nome":"07829","tipo":"abertura","bairro":"TRAVESS\u00c3O"}},{"type":"Feature","geometry":{"type":"Point","coordinates":[-41.309619,-21.607553]},"properties":{"nome":"07929","tipo":"abertura","bairro":"TRAVESS\u00c3O"}},{"type":"Feature","geometry":{"type":"Point","coordinates":[-41.309499,-21.60757]},"properties":{"nome":"08029","tipo":"abertura","bairro":"TRAVESS\u00c3O"}},{"type":"Feature","geometry":{"type":"Point","coordinates":[-41.312242,-21.608505]},"properties":{"nome":"08030","tipo":"abertura","bairro":"TRAVESS\u00c3O"}},{"type":"Feature","geometry":{"type":"Point","coordinates":[-41.297195,-21.645844]},"properties":{"nome":"08124","tipo":"abertura","bairro":"TRAVESS\u00c3O"}},{"type":"Feature","geometry":{"type":"Point","coordinates":[-41.314064,-21.622499]},"properties":{"nome":"08126","tipo":"abertura","bairro":"TRAVESS\u00c3O"}},{"type":"Feature","geometry":{"type":"Point","coordinates":[-41.314106,-21.622567]},"properties":{"nome":"08226","tipo":"abertura","bairro":"TRAVESS\u00c3O"}},{"type":"Feature","geometry":{"type":"Point","coordinates":[-41.314197,-21.622428]},"properties":{"nome":"08326","tipo":"abertura","bairro":"TRAVESS\u00c3O"}},{"type":"Feature","geometry":{"type":"Point","coordinates":[-41.309875,-21.607508]},"properties":{"nome":"08429","tipo":"abertura","bairro":"TRAVESS\u00c3O"}},{"type":"Feature","geometry":{"type":"Point","coordinates":[-41.311803,-21.60806]},"properties":{"nome":"08430","tipo":"abertura","bairro":"TRAVESS\u00c3O"}},{"type":"Feature","geometry":{"type":"Point","coordinates":[-41.315285,-21.618901]},"properties":{"nome":"08523","tipo":"abertura","bairro":"TRAVESS\u00c3O"}},{"type":"Feature","geometry":{"type":"Point","coordinates":[-41.313765,-21.60165]},"properties":{"nome":"08528","tipo":"abertura","bairro":"TRAVESS\u00c3O"}},{"type":"Feature","geometry":{"type":"Point","coordinates":[-41.312306,-21.608229]},"properties":{"nome":"08530","tipo":"abertura","bairro":"TRAVESS\u00c3O"}},{"type":"Feature","geometry":{"type":"Point","coordinates":[-41.295317,-21.640055]},"properties":{"nome":"08624","tipo":"abertura","bairro":"TRAVESS\u00c3O"}},{"type":"Feature","geometry":{"type":"Point","coordinates":[-41.310384,-21.607424]},"properties":{"nome":"08629","tipo":"abertura","bairro":"TRAVESS\u00c3O"}},{"type":"Feature","geometry":{"type":"Point","coordinates":[-41.312367,-21.608014]},"properties":{"nome":"08630","tipo":"abertura","bairro":"TRAVESS\u00c3O"}},{"type":"Feature","geometry":{"type":"Point","coordinates":[-41.2949,-21.640154]},"properties":{"nome":"08724","tipo":"abertura","bairro":"TRAVESS\u00c3O"}},{"type":"Feature","geometry":{"type":"Point","coordinates":[-41.308478,-21.632597]},"properties":{"nome":"08725","tipo":"abertura","bairro":"TRAVESS\u00c3O"}},{"type":"Feature","geometry":{"type":"Point","coordinates":[-41.310536,-21.607424]},"properties":{"nome":"08729","tipo":"abertura","bairro":"TRAVESS\u00c3O"}},{"type":"Feature","geometry":{"type":"Point","coordinates":[-41.308526,-21.632496]},"properties":{"nome":"08825","tipo":"abertura","bairro":"TRAVESS\u00c3O"}},{"type":"Feature","geometry":{"type":"Point","coordinates":[-41.308615,-21.632697]},"properties":{"nome":"08925","tipo":"abertura","bairro":"TRAVESS\u00c3O"}},{"type":"Feature","geometry":{"type":"Point","coordinates":[-41.314482,-21.620986]},"properties":{"nome":"08926","tipo":"abertura","bairro":"TRAVESS\u00c3O"}},{"type":"Feature","geometry":{"type":"Point","coordinates":[-41.313677,-21.601172]},"properties":{"nome":"08928","tipo":"abertura","bairro":"TRAVESS\u00c3O"}},{"type":"Feature","geometry":{"type":"Point","coordinates":[-41.310928,-21.60733]},"properties":{"nome":"08929","tipo":"abertura","bairro":"TRAVESS\u00c3O"}},{"type":"Feature","geometry":{"type":"Point","coordinates":[-41.313632,-21.601151]},"properties":{"nome":"09028","tipo":"abertura","bairro":"TRAVESS\u00c3O"}},{"type":"Feature","geometry":{"type":"Point","coordinates":[-41.310933,-21.607424]},"properties":{"nome":"09029","tipo":"abertura","bairro":"TRAVESS\u00c3O"}},{"type":"Feature","geometry":{"type":"Point","coordinates":[-41.311877,-21.612957]},"properties":{"nome":"09127","tipo":"abertura","bairro":"TRAVESS\u00c3O"}},{"type":"Feature","geometry":{"type":"Point","coordinates":[-41.310862,-21.607432]},"properties":{"nome":"09129","tipo":"abertura","bairro":"TRAVESS\u00c3O"}},{"type":"Feature","geometry":{"type":"Point","coordinates":[-41.315326,-21.618503]},"properties":{"nome":"09223","tipo":"abertura","bairro":"TRAVESS\u00c3O"}},{"type":"Feature","geometry":{"type":"Point","coordinates":[-41.312315,-21.609682]},"properties":{"nome":"09227","tipo":"abertura","bairro":"TRAVESS\u00c3O"}},{"type":"Feature","geometry":{"type":"Point","coordinates":[-41.312561,-21.607224]},"properties":{"nome":"09230","tipo":"abertura","bairro":"TRAVESS\u00c3O"}},{"type":"Feature","geometry":{"type":"Point","coordinates":[-41.315402,-21.618243]},"properties":{"nome":"09323","tipo":"abertura","bairro":"TRAVESS\u00c3O"}},{"type":"Feature","geometry":{"type":"Point","coordinates":[-41.31354,-21.620774]},"properties":{"nome":"09326","tipo":"abertura","bairro":"TRAVESS\u00c3O"}},{"type":"Feature","geometry":{"type":"Point","coordinates":[-41.312362,-21.609633]},"properties":{"nome":"09327","tipo":"abertura","bairro":"TRAVESS\u00c3O"}},{"type":"Feature","geometry":{"type":"Point","coordinates":[-41.315438,-21.618302]},"properties":{"nome":"09423","tipo":"abertura","bairro":"TRAVESS\u00c3O"}},{"type":"Feature","geometry":{"type":"Point","coordinates":[-41.313626,-21.600788]},"properties":{"nome":"09428","tipo":"abertura","bairro":"TRAVESS\u00c3O"}},{"type":"Feature","geometry":{"type":"Point","coordinates":[-41.311444,-21.607342]},"properties":{"nome":"09429","tipo":"abertura","bairro":"TRAVESS\u00c3O"}},{"type":"Feature","geometry":{"type":"Point","coordinates":[-41.313515,-21.620512]},"properties":{"nome":"09526","tipo":"abertura","bairro":"TRAVESS\u00c3O"}},{"type":"Feature","geometry":{"type":"Point","coordinates":[-41.311862,-21.607777]},"properties":{"nome":"09530","tipo":"abertura","bairro":"TRAVESS\u00c3O"}},{"type":"Feature","geometry":{"type":"Point","coordinates":[-41.313345,-21.620553]},"properties":{"nome":"09626","tipo":"abertura","bairro":"TRAVESS\u00c3O"}},{"type":"Feature","geometry":{"type":"Point","coordinates":[-41.312401,-21.609007]},"properties":{"nome":"09627","tipo":"abertura","bairro":"TRAVESS\u00c3O"}},{"type":"Feature","geometry":{"type":"Point","coordinates":[-41.313612,-21.600626]},"properties":{"nome":"09628","tipo":"abertura","bairro":"TRAVESS\u00c3O"}},{"type":"Feature","geometry":{"type":"Point","coordinates":[-41.31149,-21.607436]},"properties":{"nome":"09629","tipo":"abertura","bairro":"TRAVESS\u00c3O"}},{"type":"Feature","geometry":{"type":"Point","coordinates":[-41.311736,-21.607618]},"properties":{"nome":"09630","tipo":"abertura","bairro":"TRAVESS\u00c3O"}},{"type":"Feature","geometry":{"type":"Point","coordinates":[-41.313358,-21.620762]},"properties":{"nome":"09726","tipo":"abertura","bairro":"TRAVESS\u00c3O"}},{"type":"Feature","geometry":{"type":"Point","coordinates":[-41.31236,-21.608922]},"properties":{"nome":"09727","tipo":"abertura","bairro":"TRAVESS\u00c3O"}},{"type":"Feature","geometry":{"type":"Point","coordinates":[-41.313603,-21.600568]},"properties":{"nome":"09728","tipo":"abertura","bairro":"TRAVESS\u00c3O"}},{"type":"Feature","geometry":{"type":"Point","coordinates":[-41.312444,-21.608948]},"properties":{"nome":"09827","tipo":"abertura","bairro":"TRAVESS\u00c3O"}},{"type":"Feature","geometry":{"type":"Point","coordinates":[-41.290975,-21.641044]},"properties":{"nome":"09924","tipo":"abertura","bairro":"TRAVESS\u00c3O"}},{"type":"Feature","geometry":{"type":"Point","coordinates":[-41.312096,-21.607237]},"properties":{"nome":"09929","tipo":"abertura","bairro":"TRAVESS\u00c3O"}},{"type":"Feature","geometry":{"type":"Point","coordinates":[-41.290754,-21.641064]},"properties":{"nome":"10024","tipo":"abertura","bairro":"TRAVESS\u00c3O"}},{"type":"Feature","geometry":{"type":"Point","coordinates":[-41.312381,-21.620809]},"properties":{"nome":"10026","tipo":"abertura","bairro":"TRAVESS\u00c3O"}},{"type":"Feature","geometry":{"type":"Point","coordinates":[-41.311533,-21.607657]},"properties":{"nome":"10030","tipo":"abertura","bairro":"TRAVESS\u00c3O"}},{"type":"Feature","geometry":{"type":"Point","coordinates":[-41.312364,-21.621068]},"properties":{"nome":"10126","tipo":"abertura","bairro":"TRAVESS\u00c3O"}},{"type":"Feature","geometry":{"type":"Point","coordinates":[-41.311335,-21.607694]},"properties":{"nome":"10130","tipo":"abertura","bairro":"TRAVESS\u00c3O"}},{"type":"Feature","geometry":{"type":"Point","coordinates":[-41.31757,-21.618412]},"properties":{"nome":"10223","tipo":"abertura","bairro":"TRAVESS\u00c3O"}},{"type":"Feature","geometry":{"type":"Point","coordinates":[-41.290016,-21.641165]},"properties":{"nome":"10224","tipo":"abertura","bairro":"TRAVESS\u00c3O"}},{"type":"Feature","geometry":{"type":"Point","coordinates":[-41.312481,-21.607142]},"properties":{"nome":"10229","tipo":"abertura","bairro":"TRAVESS\u00c3O"}},{"type":"Feature","geometry":{"type":"Point","coordinates":[-41.311278,-21.607524]},"properties":{"nome":"10230","tipo":"abertura","bairro":"TRAVESS\u00c3O"}},{"type":"Feature","geometry":{"type":"Point","coordinates":[-41.289934,-21.641163]},"properties":{"nome":"10323","tipo":"abertura","bairro":"TRAVESS\u00c3O"}},{"type":"Feature","geometry":{"type":"Point","coordinates":[-41.313179,-21.608748]},"properties":{"nome":"10326","tipo":"abertura","bairro":"TRAVESS\u00c3O"}},{"type":"Feature","geometry":{"type":"Point","coordinates":[-41.312577,-21.607063]},"properties":{"nome":"10328","tipo":"abertura","bairro":"TRAVESS\u00c3O"}},{"type":"Feature","geometry":{"type":"Point","coordinates":[-41.318082,-21.618441]},"properties":{"nome":"10422","tipo":"abertura","bairro":"TRAVESS\u00c3O"}},{"type":"Feature","geometry":{"type":"Point","coordinates":[-41.289996,-21.641786]},"properties":{"nome":"10423","tipo":"abertura","bairro":"TRAVESS\u00c3O"}},{"type":"Feature","geometry":{"type":"Point","coordinates":[-41.312698,-21.606887]},"properties":{"nome":"10428","tipo":"abertura","bairro":"TRAVESS\u00c3O"}},{"type":"Feature","geometry":{"type":"Point","coordinates":[-41.318263,-21.618432]},"properties":{"nome":"10522","tipo":"abertura","bairro":"TRAVESS\u00c3O"}},{"type":"Feature","geometry":{"type":"Point","coordinates":[-41.290021,-21.642115]},"properties":{"nome":"10523","tipo":"abertura","bairro":"TRAVESS\u00c3O"}},{"type":"Feature","geometry":{"type":"Point","coordinates":[-41.311553,-21.62225]},"properties":{"nome":"10528","tipo":"abertura","bairro":"TRAVESS\u00c3O"}},{"type":"Feature","geometry":{"type":"Point","coordinates":[-41.318465,-21.618449]},"properties":{"nome":"10622","tipo":"abertura","bairro":"TRAVESS\u00c3O"}},{"type":"Feature","geometry":{"type":"Point","coordinates":[-41.311701,-21.620882]},"properties":{"nome":"10625","tipo":"abertura","bairro":"TRAVESS\u00c3O"}},{"type":"Feature","geometry":{"type":"Point","coordinates":[-41.313979,-21.608797]},"properties":{"nome":"10626","tipo":"abertura","bairro":"TRAVESS\u00c3O"}},{"type":"Feature","geometry":{"type":"Point","coordinates":[-41.31665,-21.600374]},"properties":{"nome":"10627","tipo":"abertura","bairro":"TRAVESS\u00c3O"}},{"type":"Feature","geometry":{"type":"Point","coordinates":[-41.310494,-21.607538]},"properties":{"nome":"10629","tipo":"abertura","bairro":"TRAVESS\u00c3O"}},{"type":"Feature","geometry":{"type":"Point","coordinates":[-41.318633,-21.618467]},"properties":{"nome":"10722","tipo":"abertura","bairro":"TRAVESS\u00c3O"}},{"type":"Feature","geometry":{"type":"Point","coordinates":[-41.314046,-21.608711]},"properties":{"nome":"10726","tipo":"abertura","bairro":"TRAVESS\u00c3O"}},{"type":"Feature","geometry":{"type":"Point","coordinates":[-41.316641,-21.599772]},"properties":{"nome":"10727","tipo":"abertura","bairro":"TRAVESS\u00c3O"}},{"type":"Feature","geometry":{"type":"Point","coordinates":[-41.309968,-21.607626]},"properties":{"nome":"10829","tipo":"abertura","bairro":"TRAVESS\u00c3O"}},{"type":"Feature","geometry":{"type":"Point","coordinates":[-41.318229,-21.618649]},"properties":{"nome":"10922","tipo":"abertura","bairro":"TRAVESS\u00c3O"}},{"type":"Feature","geometry":{"type":"Point","coordinates":[-41.311678,-21.621726]},"properties":{"nome":"10925","tipo":"abertura","bairro":"TRAVESS\u00c3O"}},{"type":"Feature","geometry":{"type":"Point","coordinates":[-41.314116,-21.608478]},"properties":{"nome":"10926","tipo":"abertura","bairro":"TRAVESS\u00c3O"}},{"type":"Feature","geometry":{"type":"Point","coordinates":[-41.30977,-21.607652]},"properties":{"nome":"10929","tipo":"abertura","bairro":"TRAVESS\u00c3O"}},{"type":"Feature","geometry":{"type":"Point","coordinates":[-41.311689,-21.621926]},"properties":{"nome":"11025","tipo":"abertura","bairro":"TRAVESS\u00c3O"}},{"type":"Feature","geometry":{"type":"Point","coordinates":[-41.311677,-21.622141]},"properties":{"nome":"11125","tipo":"abertura","bairro":"TRAVESS\u00c3O"}},{"type":"Feature","geometry":{"type":"Point","coordinates":[-41.311727,-21.620782]},"properties":{"nome":"11225","tipo":"abertura","bairro":"TRAVESS\u00c3O"}},{"type":"Feature","geometry":{"type":"Point","coordinates":[-41.311577,-21.619911]},"properties":{"nome":"11328","tipo":"abertura","bairro":"TRAVESS\u00c3O"}},{"type":"Feature","geometry":{"type":"Point","coordinates":[-41.308827,-21.607819]},"properties":{"nome":"11329","tipo":"abertura","bairro":"TRAVESS\u00c3O"}},{"type":"Feature","geometry":{"type":"Point","coordinates":[-41.311721,-21.619995]},"properties":{"nome":"11624","tipo":"abertura","bairro":"TRAVESS\u00c3O"}},{"type":"Feature","geometry":{"type":"Point","coordinates":[-41.312754,-21.607156]},"properties":{"nome":"11625","tipo":"abertura","bairro":"TRAVESS\u00c3O"}},{"type":"Feature","geometry":{"type":"Point","coordinates":[-41.311578,-21.61911]},"properties":{"nome":"11827","tipo":"abertura","bairro":"TRAVESS\u00c3O"}},{"type":"Feature","geometry":{"type":"Point","coordinates":[-41.307541,-21.608136]},"properties":{"nome":"11828","tipo":"abertura","bairro":"TRAVESS\u00c3O"}},{"type":"Feature","geometry":{"type":"Point","coordinates":[-41.312699,-21.60761]},"properties":{"nome":"11925","tipo":"abertura","bairro":"TRAVESS\u00c3O"}},{"type":"Feature","geometry":{"type":"Point","coordinates":[-41.313482,-21.600081]},"properties":{"nome":"11926","tipo":"abertura","bairro":"TRAVESS\u00c3O"}},{"type":"Feature","geometry":{"type":"Point","coordinates":[-41.311577,-21.618987]},"properties":{"nome":"11927","tipo":"abertura","bairro":"TRAVESS\u00c3O"}},{"type":"Feature","geometry":{"type":"Point","coordinates":[-41.317513,-21.618056]},"properties":{"nome":"12021","tipo":"abertura","bairro":"TRAVESS\u00c3O"}},{"type":"Feature","geometry":{"type":"Point","coordinates":[-41.312642,-21.607732]},"properties":{"nome":"12025","tipo":"abertura","bairro":"TRAVESS\u00c3O"}},{"type":"Feature","geometry":{"type":"Point","coordinates":[-41.317444,-21.61779]},"properties":{"nome":"12121","tipo":"abertura","bairro":"TRAVESS\u00c3O"}},{"type":"Feature","geometry":{"type":"Point","coordinates":[-41.313576,-21.600459]},"properties":{"nome":"12126","tipo":"abertura","bairro":"TRAVESS\u00c3O"}},{"type":"Feature","geometry":{"type":"Point","coordinates":[-41.317675,-21.617811]},"properties":{"nome":"12220","tipo":"abertura","bairro":"TRAVESS\u00c3O"}},{"type":"Feature","geometry":{"type":"Point","coordinates":[-41.313453,-21.599937]},"properties":{"nome":"12225","tipo":"abertura","bairro":"TRAVESS\u00c3O"}},{"type":"Feature","geometry":{"type":"Point","coordinates":[-41.307187,-21.608036]},"properties":{"nome":"12227","tipo":"abertura","bairro":"TRAVESS\u00c3O"}},{"type":"Feature","geometry":{"type":"Point","coordinates":[-41.313416,-21.619849]},"properties":{"nome":"12323","tipo":"abertura","bairro":"TRAVESS\u00c3O"}},{"type":"Feature","geometry":{"type":"Point","coordinates":[-41.307125,-21.607984]},"properties":{"nome":"12327","tipo":"abertura","bairro":"TRAVESS\u00c3O"}},{"type":"Feature","geometry":{"type":"Point","coordinates":[-41.31315,-21.608594]},"properties":{"nome":"12524","tipo":"abertura","bairro":"TRAVESS\u00c3O"}},{"type":"Feature","geometry":{"type":"Point","coordinates":[-41.313399,-21.599637]},"properties":{"nome":"12525","tipo":"abertura","bairro":"TRAVESS\u00c3O"}},{"type":"Feature","geometry":{"type":"Point","coordinates":[-41.313551,-21.619842]},"properties":{"nome":"12623","tipo":"abertura","bairro":"TRAVESS\u00c3O"}},{"type":"Feature","geometry":{"type":"Point","coordinates":[-41.316116,-21.617702]},"properties":{"nome":"12820","tipo":"abertura","bairro":"TRAVESS\u00c3O"}},{"type":"Feature","geometry":{"type":"Point","coordinates":[-41.313411,-21.608465]},"properties":{"nome":"12824","tipo":"abertura","bairro":"TRAVESS\u00c3O"}},{"type":"Feature","geometry":{"type":"Point","coordinates":[-41.311628,-21.617328]},"properties":{"nome":"12826","tipo":"abertura","bairro":"TRAVESS\u00c3O"}},{"type":"Feature","geometry":{"type":"Point","coordinates":[-41.311405,-21.638961]},"properties":{"nome":"12922","tipo":"abertura","bairro":"TRAVESS\u00c3O"}},{"type":"Feature","geometry":{"type":"Point","coordinates":[-41.31436,-21.620559]},"properties":{"nome":"12923","tipo":"abertura","bairro":"TRAVESS\u00c3O"}},{"type":"Feature","geometry":{"type":"Point","coordinates":[-41.313467,-21.608398]},"properties":{"nome":"12924","tipo":"abertura","bairro":"TRAVESS\u00c3O"}},{"type":"Feature","geometry":{"type":"Point","coordinates":[-41.311605,-21.61725]},"properties":{"nome":"12926","tipo":"abertura","bairro":"TRAVESS\u00c3O"}},{"type":"Feature","geometry":{"type":"Point","coordinates":[-41.31145,-21.638938]},"properties":{"nome":"13022","tipo":"abertura","bairro":"TRAVESS\u00c3O"}},{"type":"Feature","geometry":{"type":"Point","coordinates":[-41.314464,-21.620839]},"properties":{"nome":"13023","tipo":"abertura","bairro":"TRAVESS\u00c3O"}},{"type":"Feature","geometry":{"type":"Point","coordinates":[-41.306075,-21.608213]},"properties":{"nome":"13027","tipo":"abertura","bairro":"TRAVESS\u00c3O"}},{"type":"Feature","geometry":{"type":"Point","coordinates":[-41.238119,-21.628769]},"properties":{"nome":"13028","tipo":"abertura","bairro":"TRAVESS\u00c3O"}},{"type":"Feature","geometry":{"type":"Point","coordinates":[-41.315446,-21.617712]},"properties":{"nome":"13120","tipo":"abertura","bairro":"TRAVESS\u00c3O"}},{"type":"Feature","geometry":{"type":"Point","coordinates":[-41.314645,-21.620725]},"properties":{"nome":"13123","tipo":"abertura","bairro":"TRAVESS\u00c3O"}},{"type":"Feature","geometry":{"type":"Point","coordinates":[-41.305741,-21.608267]},"properties":{"nome":"13127","tipo":"abertura","bairro":"TRAVESS\u00c3O"}},{"type":"Feature","geometry":{"type":"Point","coordinates":[-41.285714,-21.640582]},"properties":{"nome":"13221","tipo":"abertura","bairro":"TRAVESS\u00c3O"}},{"type":"Feature","geometry":{"type":"Point","coordinates":[-41.311254,-21.628631]},"properties":{"nome":"13223","tipo":"abertura","bairro":"TRAVESS\u00c3O"}},{"type":"Feature","geometry":{"type":"Point","coordinates":[-41.305564,-21.608281]},"properties":{"nome":"13227","tipo":"abertura","bairro":"TRAVESS\u00c3O"}},{"type":"Feature","geometry":{"type":"Point","coordinates":[-41.315481,-21.6176]},"properties":{"nome":"13320","tipo":"abertura","bairro":"TRAVESS\u00c3O"}},{"type":"Feature","geometry":{"type":"Point","coordinates":[-41.285688,-21.63973]},"properties":{"nome":"13321","tipo":"abertura","bairro":"TRAVESS\u00c3O"}},{"type":"Feature","geometry":{"type":"Point","coordinates":[-41.312007,-21.638985]},"properties":{"nome":"13322","tipo":"abertura","bairro":"TRAVESS\u00c3O"}},{"type":"Feature","geometry":{"type":"Point","coordinates":[-41.311271,-21.628343]},"properties":{"nome":"13323","tipo":"abertura","bairro":"TRAVESS\u00c3O"}},{"type":"Feature","geometry":{"type":"Point","coordinates":[-41.31308,-21.608495]},"properties":{"nome":"13324","tipo":"abertura","bairro":"TRAVESS\u00c3O"}},{"type":"Feature","geometry":{"type":"Point","coordinates":[-41.30536,-21.608339]},"properties":{"nome":"13327","tipo":"abertura","bairro":"TRAVESS\u00c3O"}},{"type":"Feature","geometry":{"type":"Point","coordinates":[-41.311589,-21.616876]},"properties":{"nome":"13426","tipo":"abertura","bairro":"TRAVESS\u00c3O"}},{"type":"Feature","geometry":{"type":"Point","coordinates":[-41.305641,-21.607978]},"properties":{"nome":"13527","tipo":"abertura","bairro":"TRAVESS\u00c3O"}},{"type":"Feature","geometry":{"type":"Point","coordinates":[-41.238492,-21.629104]},"properties":{"nome":"13528","tipo":"abertura","bairro":"TRAVESS\u00c3O"}},{"type":"Feature","geometry":{"type":"Point","coordinates":[-41.3156,-21.6168]},"properties":{"nome":"13620","tipo":"abertura","bairro":"TRAVESS\u00c3O"}},{"type":"Feature","geometry":{"type":"Point","coordinates":[-41.312129,-21.63801]},"properties":{"nome":"13622","tipo":"abertura","bairro":"TRAVESS\u00c3O"}},{"type":"Feature","geometry":{"type":"Point","coordinates":[-41.238078,-21.62889]},"properties":{"nome":"13628","tipo":"abertura","bairro":"TRAVESS\u00c3O"}},{"type":"Feature","geometry":{"type":"Point","coordinates":[-41.31205,-21.638283]},"properties":{"nome":"13722","tipo":"abertura","bairro":"TRAVESS\u00c3O"}},{"type":"Feature","geometry":{"type":"Point","coordinates":[-41.31281,-21.60697]},"properties":{"nome":"13724","tipo":"abertura","bairro":"TRAVESS\u00c3O"}},{"type":"Feature","geometry":{"type":"Point","coordinates":[-41.237963,-21.628707]},"properties":{"nome":"13728","tipo":"abertura","bairro":"TRAVESS\u00c3O"}},{"type":"Feature","geometry":{"type":"Point","coordinates":[-41.285524,-21.634578]},"properties":{"nome":"13820","tipo":"abertura","bairro":"TRAVESS\u00c3O"}},{"type":"Feature","geometry":{"type":"Point","coordinates":[-41.311332,-21.626749]},"properties":{"nome":"13822","tipo":"abertura","bairro":"TRAVESS\u00c3O"}},{"type":"Feature","geometry":{"type":"Point","coordinates":[-41.311615,-21.616156]},"properties":{"nome":"13825","tipo":"abertura","bairro":"TRAVESS\u00c3O"}},{"type":"Feature","geometry":{"type":"Point","coordinates":[-41.237594,-21.628381]},"properties":{"nome":"13827","tipo":"abertura","bairro":"TRAVESS\u00c3O"}},{"type":"Feature","geometry":{"type":"Point","coordinates":[-41.316234,-21.61692]},"properties":{"nome":"13919","tipo":"abertura","bairro":"TRAVESS\u00c3O"}},{"type":"Feature","geometry":{"type":"Point","coordinates":[-41.311323,-21.626419]},"properties":{"nome":"13922","tipo":"abertura","bairro":"TRAVESS\u00c3O"}},{"type":"Feature","geometry":{"type":"Point","coordinates":[-41.316627,-21.599279]},"properties":{"nome":"13924","tipo":"abertura","bairro":"TRAVESS\u00c3O"}},{"type":"Feature","geometry":{"type":"Point","coordinates":[-41.311609,-21.616031]},"properties":{"nome":"13925","tipo":"abertura","bairro":"TRAVESS\u00c3O"}},{"type":"Feature","geometry":{"type":"Point","coordinates":[-41.316169,-21.617178]},"properties":{"nome":"14019","tipo":"abertura","bairro":"TRAVESS\u00c3O"}},{"type":"Feature","geometry":{"type":"Point","coordinates":[-41.285522,-21.634]},"properties":{"nome":"14020","tipo":"abertura","bairro":"TRAVESS\u00c3O"}},{"type":"Feature","geometry":{"type":"Point","coordinates":[-41.311426,-21.638279]},"properties":{"nome":"14021","tipo":"abertura","bairro":"TRAVESS\u00c3O"}},{"type":"Feature","geometry":{"type":"Point","coordinates":[-41.311325,-21.626054]},"properties":{"nome":"14022","tipo":"abertura","bairro":"TRAVESS\u00c3O"}},{"type":"Feature","geometry":{"type":"Point","coordinates":[-41.311469,-21.616093]},"properties":{"nome":"14025","tipo":"abertura","bairro":"TRAVESS\u00c3O"}},{"type":"Feature","geometry":{"type":"Point","coordinates":[-41.303927,-21.608573]},"properties":{"nome":"14026","tipo":"abertura","bairro":"TRAVESS\u00c3O"}},{"type":"Feature","geometry":{"type":"Point","coordinates":[-41.285412,-21.640549]},"properties":{"nome":"14120","tipo":"abertura","bairro":"TRAVESS\u00c3O"}},{"type":"Feature","geometry":{"type":"Point","coordinates":[-41.316612,-21.605145]},"properties":{"nome":"14124","tipo":"abertura","bairro":"TRAVESS\u00c3O"}},{"type":"Feature","geometry":{"type":"Point","coordinates":[-41.303919,-21.608471]},"properties":{"nome":"14126","tipo":"abertura","bairro":"TRAVESS\u00c3O"}},{"type":"Feature","geometry":{"type":"Point","coordinates":[-41.31612,-21.617604]},"properties":{"nome":"14219","tipo":"abertura","bairro":"TRAVESS\u00c3O"}},{"type":"Feature","geometry":{"type":"Point","coordinates":[-41.28519,-21.640482]},"properties":{"nome":"14220","tipo":"abertura","bairro":"TRAVESS\u00c3O"}},{"type":"Feature","geometry":{"type":"Point","coordinates":[-41.316625,-21.605287]},"properties":{"nome":"14224","tipo":"abertura","bairro":"TRAVESS\u00c3O"}},{"type":"Feature","geometry":{"type":"Point","coordinates":[-41.235491,-21.626474]},"properties":{"nome":"14227","tipo":"abertura","bairro":"TRAVESS\u00c3O"}},{"type":"Feature","geometry":{"type":"Point","coordinates":[-41.285291,-21.640537]},"properties":{"nome":"14320","tipo":"abertura","bairro":"TRAVESS\u00c3O"}},{"type":"Feature","geometry":{"type":"Point","coordinates":[-41.3114,-21.638832]},"properties":{"nome":"14321","tipo":"abertura","bairro":"TRAVESS\u00c3O"}},{"type":"Feature","geometry":{"type":"Point","coordinates":[-41.310688,-21.616138]},"properties":{"nome":"14325","tipo":"abertura","bairro":"TRAVESS\u00c3O"}},{"type":"Feature","geometry":{"type":"Point","coordinates":[-41.303827,-21.60801]},"properties":{"nome":"14326","tipo":"abertura","bairro":"TRAVESS\u00c3O"}},{"type":"Feature","geometry":{"type":"Point","coordinates":[-41.285282,-21.64084]},"properties":{"nome":"14420","tipo":"abertura","bairro":"TRAVESS\u00c3O"}},{"type":"Feature","geometry":{"type":"Point","coordinates":[-41.311395,-21.638254]},"properties":{"nome":"14421","tipo":"abertura","bairro":"TRAVESS\u00c3O"}},{"type":"Feature","geometry":{"type":"Point","coordinates":[-41.31667,-21.605002]},"properties":{"nome":"14424","tipo":"abertura","bairro":"TRAVESS\u00c3O"}},{"type":"Feature","geometry":{"type":"Point","coordinates":[-41.304102,-21.607948]},"properties":{"nome":"14426","tipo":"abertura","bairro":"TRAVESS\u00c3O"}},{"type":"Feature","geometry":{"type":"Point","coordinates":[-41.314515,-21.606831]},"properties":{"nome":"14522","tipo":"abertura","bairro":"TRAVESS\u00c3O"}},{"type":"Feature","geometry":{"type":"Point","coordinates":[-41.310383,-21.616152]},"properties":{"nome":"14524","tipo":"abertura","bairro":"TRAVESS\u00c3O"}},{"type":"Feature","geometry":{"type":"Point","coordinates":[-41.314635,-21.606762]},"properties":{"nome":"14622","tipo":"abertura","bairro":"TRAVESS\u00c3O"}},{"type":"Feature","geometry":{"type":"Point","coordinates":[-41.310176,-21.616159]},"properties":{"nome":"14624","tipo":"abertura","bairro":"TRAVESS\u00c3O"}},{"type":"Feature","geometry":{"type":"Point","coordinates":[-41.303332,-21.608074]},"properties":{"nome":"14625","tipo":"abertura","bairro":"TRAVESS\u00c3O"}},{"type":"Feature","geometry":{"type":"Point","coordinates":[-41.311414,-21.637619]},"properties":{"nome":"14720","tipo":"abertura","bairro":"TRAVESS\u00c3O"}},{"type":"Feature","geometry":{"type":"Point","coordinates":[-41.310194,-21.616173]},"properties":{"nome":"14724","tipo":"abertura","bairro":"TRAVESS\u00c3O"}},{"type":"Feature","geometry":{"type":"Point","coordinates":[-41.317365,-21.617259]},"properties":{"nome":"14818","tipo":"abertura","bairro":"TRAVESS\u00c3O"}},{"type":"Feature","geometry":{"type":"Point","coordinates":[-41.314704,-21.6068]},"properties":{"nome":"14822","tipo":"abertura","bairro":"TRAVESS\u00c3O"}},{"type":"Feature","geometry":{"type":"Point","coordinates":[-41.316808,-21.603859]},"properties":{"nome":"14823","tipo":"abertura","bairro":"TRAVESS\u00c3O"}},{"type":"Feature","geometry":{"type":"Point","coordinates":[-41.310189,-21.61634]},"properties":{"nome":"14824","tipo":"abertura","bairro":"TRAVESS\u00c3O"}},{"type":"Feature","geometry":{"type":"Point","coordinates":[-41.303261,-21.607836]},"properties":{"nome":"14825","tipo":"abertura","bairro":"TRAVESS\u00c3O"}},{"type":"Feature","geometry":{"type":"Point","coordinates":[-41.317567,-21.617303]},"properties":{"nome":"14918","tipo":"abertura","bairro":"TRAVESS\u00c3O"}},{"type":"Feature","geometry":{"type":"Point","coordinates":[-41.316612,-21.598726]},"properties":{"nome":"14923","tipo":"abertura","bairro":"TRAVESS\u00c3O"}},{"type":"Feature","geometry":{"type":"Point","coordinates":[-41.30326,-21.607565]},"properties":{"nome":"14925","tipo":"abertura","bairro":"TRAVESS\u00c3O"}},{"type":"Feature","geometry":{"type":"Point","coordinates":[-41.311406,-21.637322]},"properties":{"nome":"15020","tipo":"abertura","bairro":"TRAVESS\u00c3O"}},{"type":"Feature","geometry":{"type":"Point","coordinates":[-41.31141,-21.622772]},"properties":{"nome":"15021","tipo":"abertura","bairro":"TRAVESS\u00c3O"}},{"type":"Feature","geometry":{"type":"Point","coordinates":[-41.315129,-21.606707]},"properties":{"nome":"15022","tipo":"abertura","bairro":"TRAVESS\u00c3O"}},{"type":"Feature","geometry":{"type":"Point","coordinates":[-41.316606,-21.598667]},"properties":{"nome":"15023","tipo":"abertura","bairro":"TRAVESS\u00c3O"}},{"type":"Feature","geometry":{"type":"Point","coordinates":[-41.303284,-21.607228]},"properties":{"nome":"15025","tipo":"abertura","bairro":"TRAVESS\u00c3O"}},{"type":"Feature","geometry":{"type":"Point","coordinates":[-41.231142,-21.622816]},"properties":{"nome":"15026","tipo":"abertura","bairro":"TRAVESS\u00c3O"}},{"type":"Feature","geometry":{"type":"Point","coordinates":[-41.31752,-21.61763]},"properties":{"nome":"15118","tipo":"abertura","bairro":"TRAVESS\u00c3O"}},{"type":"Feature","geometry":{"type":"Point","coordinates":[-41.311374,-21.637068]},"properties":{"nome":"15120","tipo":"abertura","bairro":"TRAVESS\u00c3O"}},{"type":"Feature","geometry":{"type":"Point","coordinates":[-41.311483,-21.622532]},"properties":{"nome":"15121","tipo":"abertura","bairro":"TRAVESS\u00c3O"}},{"type":"Feature","geometry":{"type":"Point","coordinates":[-41.303652,-21.607266]},"properties":{"nome":"15125","tipo":"abertura","bairro":"TRAVESS\u00c3O"}},{"type":"Feature","geometry":{"type":"Point","coordinates":[-41.317534,-21.617213]},"properties":{"nome":"15218","tipo":"abertura","bairro":"TRAVESS\u00c3O"}},{"type":"Feature","geometry":{"type":"Point","coordinates":[-41.311131,-21.62246]},"properties":{"nome":"15221","tipo":"abertura","bairro":"TRAVESS\u00c3O"}},{"type":"Feature","geometry":{"type":"Point","coordinates":[-41.303719,-21.607441]},"properties":{"nome":"15225","tipo":"abertura","bairro":"TRAVESS\u00c3O"}},{"type":"Feature","geometry":{"type":"Point","coordinates":[-41.317566,-21.616944]},"properties":{"nome":"15318","tipo":"abertura","bairro":"TRAVESS\u00c3O"}},{"type":"Feature","geometry":{"type":"Point","coordinates":[-41.315552,-21.606682]},"properties":{"nome":"15322","tipo":"abertura","bairro":"TRAVESS\u00c3O"}},{"type":"Feature","geometry":{"type":"Point","coordinates":[-41.310281,-21.617611]},"properties":{"nome":"15424","tipo":"abertura","bairro":"TRAVESS\u00c3O"}},{"type":"Feature","geometry":{"type":"Point","coordinates":[-41.316427,-21.598693]},"properties":{"nome":"15523","tipo":"abertura","bairro":"TRAVESS\u00c3O"}},{"type":"Feature","geometry":{"type":"Point","coordinates":[-41.310005,-21.617645]},"properties":{"nome":"15524","tipo":"abertura","bairro":"TRAVESS\u00c3O"}},{"type":"Feature","geometry":{"type":"Point","coordinates":[-41.312241,-21.637072]},"properties":{"nome":"15619","tipo":"abertura","bairro":"TRAVESS\u00c3O"}},{"type":"Feature","geometry":{"type":"Point","coordinates":[-41.316336,-21.598139]},"properties":{"nome":"15622","tipo":"abertura","bairro":"TRAVESS\u00c3O"}},{"type":"Feature","geometry":{"type":"Point","coordinates":[-41.31623,-21.597606]},"properties":{"nome":"15722","tipo":"abertura","bairro":"TRAVESS\u00c3O"}},{"type":"Feature","geometry":{"type":"Point","coordinates":[-41.310289,-21.617918]},"properties":{"nome":"15723","tipo":"abertura","bairro":"TRAVESS\u00c3O"}},{"type":"Feature","geometry":{"type":"Point","coordinates":[-41.312299,-21.636854]},"properties":{"nome":"15819","tipo":"abertura","bairro":"TRAVESS\u00c3O"}},{"type":"Feature","geometry":{"type":"Point","coordinates":[-41.316406,-21.606531]},"properties":{"nome":"15821","tipo":"abertura","bairro":"TRAVESS\u00c3O"}},{"type":"Feature","geometry":{"type":"Point","coordinates":[-41.226105,-21.620211]},"properties":{"nome":"15825","tipo":"abertura","bairro":"TRAVESS\u00c3O"}},{"type":"Feature","geometry":{"type":"Point","coordinates":[-41.316575,-21.606506]},"properties":{"nome":"15921","tipo":"abertura","bairro":"TRAVESS\u00c3O"}},{"type":"Feature","geometry":{"type":"Point","coordinates":[-41.310076,-21.617942]},"properties":{"nome":"15923","tipo":"abertura","bairro":"TRAVESS\u00c3O"}},{"type":"Feature","geometry":{"type":"Point","coordinates":[-41.315716,-21.615606]},"properties":{"nome":"16017","tipo":"abertura","bairro":"TRAVESS\u00c3O"}},{"type":"Feature","geometry":{"type":"Point","coordinates":[-41.309291,-21.617561]},"properties":{"nome":"16123","tipo":"abertura","bairro":"TRAVESS\u00c3O"}},{"type":"Feature","geometry":{"type":"Point","coordinates":[-41.311397,-21.636325]},"properties":{"nome":"16219","tipo":"abertura","bairro":"TRAVESS\u00c3O"}},{"type":"Feature","geometry":{"type":"Point","coordinates":[-41.310614,-21.624657]},"properties":{"nome":"16220","tipo":"abertura","bairro":"TRAVESS\u00c3O"}},{"type":"Feature","geometry":{"type":"Point","coordinates":[-41.316521,-21.606115]},"properties":{"nome":"16221","tipo":"abertura","bairro":"TRAVESS\u00c3O"}},{"type":"Feature","geometry":{"type":"Point","coordinates":[-41.309057,-21.617576]},"properties":{"nome":"16223","tipo":"abertura","bairro":"TRAVESS\u00c3O"}},{"type":"Feature","geometry":{"type":"Point","coordinates":[-41.310649,-21.624918]},"properties":{"nome":"16320","tipo":"abertura","bairro":"TRAVESS\u00c3O"}},{"type":"Feature","geometry":{"type":"Point","coordinates":[-41.316558,-21.605753]},"properties":{"nome":"16321","tipo":"abertura","bairro":"TRAVESS\u00c3O"}},{"type":"Feature","geometry":{"type":"Point","coordinates":[-41.311421,-21.636742]},"properties":{"nome":"16419","tipo":"abertura","bairro":"TRAVESS\u00c3O"}},{"type":"Feature","geometry":{"type":"Point","coordinates":[-41.300834,-21.608734]},"properties":{"nome":"16424","tipo":"abertura","bairro":"TRAVESS\u00c3O"}},{"type":"Feature","geometry":{"type":"Point","coordinates":[-41.311265,-21.637576]},"properties":{"nome":"16519","tipo":"abertura","bairro":"TRAVESS\u00c3O"}},{"type":"Feature","geometry":{"type":"Point","coordinates":[-41.311393,-21.635735]},"properties":{"nome":"16818","tipo":"abertura","bairro":"TRAVESS\u00c3O"}},{"type":"Feature","geometry":{"type":"Point","coordinates":[-41.310697,-21.626073]},"properties":{"nome":"16819","tipo":"abertura","bairro":"TRAVESS\u00c3O"}},{"type":"Feature","geometry":{"type":"Point","coordinates":[-41.231022,-21.61294]},"properties":{"nome":"16824","tipo":"abertura","bairro":"TRAVESS\u00c3O"}},{"type":"Feature","geometry":{"type":"Point","coordinates":[-41.309025,-21.617218]},"properties":{"nome":"16922","tipo":"abertura","bairro":"TRAVESS\u00c3O"}},{"type":"Feature","geometry":{"type":"Point","coordinates":[-41.300751,-21.607093]},"properties":{"nome":"16923","tipo":"abertura","bairro":"TRAVESS\u00c3O"}},{"type":"Feature","geometry":{"type":"Point","coordinates":[-41.231314,-21.612456]},"properties":{"nome":"16924","tipo":"abertura","bairro":"TRAVESS\u00c3O"}},{"type":"Feature","geometry":{"type":"Point","coordinates":[-41.316014,-21.613315]},"properties":{"nome":"17016","tipo":"abertura","bairro":"TRAVESS\u00c3O"}},{"type":"Feature","geometry":{"type":"Point","coordinates":[-41.277789,-21.640962]},"properties":{"nome":"17017","tipo":"abertura","bairro":"TRAVESS\u00c3O"}},{"type":"Feature","geometry":{"type":"Point","coordinates":[-41.314537,-21.606001]},"properties":{"nome":"17020","tipo":"abertura","bairro":"TRAVESS\u00c3O"}},{"type":"Feature","geometry":{"type":"Point","coordinates":[-41.309271,-21.617142]},"properties":{"nome":"17022","tipo":"abertura","bairro":"TRAVESS\u00c3O"}},{"type":"Feature","geometry":{"type":"Point","coordinates":[-41.300927,-21.607087]},"properties":{"nome":"17023","tipo":"abertura","bairro":"TRAVESS\u00c3O"}},{"type":"Feature","geometry":{"type":"Point","coordinates":[-41.277456,-21.640624]},"properties":{"nome":"17117","tipo":"abertura","bairro":"TRAVESS\u00c3O"}},{"type":"Feature","geometry":{"type":"Point","coordinates":[-41.31457,-21.606339]},"properties":{"nome":"17120","tipo":"abertura","bairro":"TRAVESS\u00c3O"}},{"type":"Feature","geometry":{"type":"Point","coordinates":[-41.301313,-21.607065]},"properties":{"nome":"17123","tipo":"abertura","bairro":"TRAVESS\u00c3O"}},{"type":"Feature","geometry":{"type":"Point","coordinates":[-41.225112,-21.619603]},"properties":{"nome":"17124","tipo":"abertura","bairro":"TRAVESS\u00c3O"}},{"type":"Feature","geometry":{"type":"Point","coordinates":[-41.277294,-21.640187]},"properties":{"nome":"17217","tipo":"abertura","bairro":"TRAVESS\u00c3O"}},{"type":"Feature","geometry":{"type":"Point","coordinates":[-41.313334,-21.599066]},"properties":{"nome":"17320","tipo":"abertura","bairro":"TRAVESS\u00c3O"}},{"type":"Feature","geometry":{"type":"Point","coordinates":[-41.309247,-21.61672]},"properties":{"nome":"17321","tipo":"abertura","bairro":"TRAVESS\u00c3O"}},{"type":"Feature","geometry":{"type":"Point","coordinates":[-41.313311,-21.599148]},"properties":{"nome":"17420","tipo":"abertura","bairro":"TRAVESS\u00c3O"}},{"type":"Feature","geometry":{"type":"Point","coordinates":[-41.308991,-21.616764]},"properties":{"nome":"17421","tipo":"abertura","bairro":"TRAVESS\u00c3O"}},{"type":"Feature","geometry":{"type":"Point","coordinates":[-41.316039,-21.613078]},"properties":{"nome":"17616","tipo":"abertura","bairro":"TRAVESS\u00c3O"}},{"type":"Feature","geometry":{"type":"Point","coordinates":[-41.311435,-21.635629]},"properties":{"nome":"17618","tipo":"abertura","bairro":"TRAVESS\u00c3O"}},{"type":"Feature","geometry":{"type":"Point","coordinates":[-41.31059,-21.628329]},"properties":{"nome":"17619","tipo":"abertura","bairro":"TRAVESS\u00c3O"}},{"type":"Feature","geometry":{"type":"Point","coordinates":[-41.31612,-21.612756]},"properties":{"nome":"17716","tipo":"abertura","bairro":"TRAVESS\u00c3O"}},{"type":"Feature","geometry":{"type":"Point","coordinates":[-41.310595,-21.628485]},"properties":{"nome":"17719","tipo":"abertura","bairro":"TRAVESS\u00c3O"}},{"type":"Feature","geometry":{"type":"Point","coordinates":[-41.313392,-21.599482]},"properties":{"nome":"17720","tipo":"abertura","bairro":"TRAVESS\u00c3O"}},{"type":"Feature","geometry":{"type":"Point","coordinates":[-41.301441,-21.608672]},"properties":{"nome":"17722","tipo":"abertura","bairro":"TRAVESS\u00c3O"}},{"type":"Feature","geometry":{"type":"Point","coordinates":[-41.224142,-21.624272]},"properties":{"nome":"17723","tipo":"abertura","bairro":"TRAVESS\u00c3O"}},{"type":"Feature","geometry":{"type":"Point","coordinates":[-41.316111,-21.612681]},"properties":{"nome":"17816","tipo":"abertura","bairro":"TRAVESS\u00c3O"}},{"type":"Feature","geometry":{"type":"Point","coordinates":[-41.310601,-21.628609]},"properties":{"nome":"17819","tipo":"abertura","bairro":"TRAVESS\u00c3O"}},{"type":"Feature","geometry":{"type":"Point","coordinates":[-41.313272,-21.598974]},"properties":{"nome":"17820","tipo":"abertura","bairro":"TRAVESS\u00c3O"}},{"type":"Feature","geometry":{"type":"Point","coordinates":[-41.30099,-21.608802]},"properties":{"nome":"17822","tipo":"abertura","bairro":"TRAVESS\u00c3O"}},{"type":"Feature","geometry":{"type":"Point","coordinates":[-41.311477,-21.634778]},"properties":{"nome":"17918","tipo":"abertura","bairro":"TRAVESS\u00c3O"}},{"type":"Feature","geometry":{"type":"Point","coordinates":[-41.301282,-21.608755]},"properties":{"nome":"17922","tipo":"abertura","bairro":"TRAVESS\u00c3O"}},{"type":"Feature","geometry":{"type":"Point","coordinates":[-41.224167,-21.624868]},"properties":{"nome":"17923","tipo":"abertura","bairro":"TRAVESS\u00c3O"}},{"type":"Feature","geometry":{"type":"Point","coordinates":[-41.310479,-21.628386]},"properties":{"nome":"18019","tipo":"abertura","bairro":"TRAVESS\u00c3O"}},{"type":"Feature","geometry":{"type":"Point","coordinates":[-41.301613,-21.608713]},"properties":{"nome":"18022","tipo":"abertura","bairro":"TRAVESS\u00c3O"}},{"type":"Feature","geometry":{"type":"Point","coordinates":[-41.224234,-21.619072]},"properties":{"nome":"18023","tipo":"abertura","bairro":"TRAVESS\u00c3O"}},{"type":"Feature","geometry":{"type":"Point","coordinates":[-41.301877,-21.608686]},"properties":{"nome":"18122","tipo":"abertura","bairro":"TRAVESS\u00c3O"}},{"type":"Feature","geometry":{"type":"Point","coordinates":[-41.223814,-21.618869]},"properties":{"nome":"18123","tipo":"abertura","bairro":"TRAVESS\u00c3O"}},{"type":"Feature","geometry":{"type":"Point","coordinates":[-41.313202,-21.59861]},"properties":{"nome":"18220","tipo":"abertura","bairro":"TRAVESS\u00c3O"}},{"type":"Feature","geometry":{"type":"Point","coordinates":[-41.302198,-21.6086]},"properties":{"nome":"18222","tipo":"abertura","bairro":"TRAVESS\u00c3O"}},{"type":"Feature","geometry":{"type":"Point","coordinates":[-41.317556,-21.612649]},"properties":{"nome":"18316","tipo":"abertura","bairro":"TRAVESS\u00c3O"}},{"type":"Feature","geometry":{"type":"Point","coordinates":[-41.313182,-21.598459]},"properties":{"nome":"18320","tipo":"abertura","bairro":"TRAVESS\u00c3O"}},{"type":"Feature","geometry":{"type":"Point","coordinates":[-41.30252,-21.608589]},"properties":{"nome":"18322","tipo":"abertura","bairro":"TRAVESS\u00c3O"}},{"type":"Feature","geometry":{"type":"Point","coordinates":[-41.317857,-21.612609]},"properties":{"nome":"18416","tipo":"abertura","bairro":"TRAVESS\u00c3O"}},{"type":"Feature","geometry":{"type":"Point","coordinates":[-41.309872,-21.627438]},"properties":{"nome":"18419","tipo":"abertura","bairro":"TRAVESS\u00c3O"}},{"type":"Feature","geometry":{"type":"Point","coordinates":[-41.313151,-21.59826]},"properties":{"nome":"18420","tipo":"abertura","bairro":"TRAVESS\u00c3O"}},{"type":"Feature","geometry":{"type":"Point","coordinates":[-41.308504,-21.616286]},"properties":{"nome":"18421","tipo":"abertura","bairro":"TRAVESS\u00c3O"}},{"type":"Feature","geometry":{"type":"Point","coordinates":[-41.318057,-21.612584]},"properties":{"nome":"18516","tipo":"abertura","bairro":"TRAVESS\u00c3O"}},{"type":"Feature","geometry":{"type":"Point","coordinates":[-41.312658,-21.634158]},"properties":{"nome":"18518","tipo":"abertura","bairro":"TRAVESS\u00c3O"}},{"type":"Feature","geometry":{"type":"Point","coordinates":[-41.317993,-21.612435]},"properties":{"nome":"18616","tipo":"abertura","bairro":"TRAVESS\u00c3O"}},{"type":"Feature","geometry":{"type":"Point","coordinates":[-41.313074,-21.597919]},"properties":{"nome":"18620","tipo":"abertura","bairro":"TRAVESS\u00c3O"}},{"type":"Feature","geometry":{"type":"Point","coordinates":[-41.309015,-21.616241]},"properties":{"nome":"18621","tipo":"abertura","bairro":"TRAVESS\u00c3O"}},{"type":"Feature","geometry":{"type":"Point","coordinates":[-41.318253,-21.612441]},"properties":{"nome":"18716","tipo":"abertura","bairro":"TRAVESS\u00c3O"}},{"type":"Feature","geometry":{"type":"Point","coordinates":[-41.275448,-21.632265]},"properties":{"nome":"18717","tipo":"abertura","bairro":"TRAVESS\u00c3O"}},{"type":"Feature","geometry":{"type":"Point","coordinates":[-41.312722,-21.633856]},"properties":{"nome":"18718","tipo":"abertura","bairro":"TRAVESS\u00c3O"}},{"type":"Feature","geometry":{"type":"Point","coordinates":[-41.309198,-21.616222]},"properties":{"nome":"18721","tipo":"abertura","bairro":"TRAVESS\u00c3O"}},{"type":"Feature","geometry":{"type":"Point","coordinates":[-41.275388,-21.631998]},"properties":{"nome":"18817","tipo":"abertura","bairro":"TRAVESS\u00c3O"}},{"type":"Feature","geometry":{"type":"Point","coordinates":[-41.312783,-21.597944]},"properties":{"nome":"18820","tipo":"abertura","bairro":"TRAVESS\u00c3O"}},{"type":"Feature","geometry":{"type":"Point","coordinates":[-41.309205,-21.616476]},"properties":{"nome":"18821","tipo":"abertura","bairro":"TRAVESS\u00c3O"}},{"type":"Feature","geometry":{"type":"Point","coordinates":[-41.218856,-21.617697]},"properties":{"nome":"18823","tipo":"abertura","bairro":"TRAVESS\u00c3O"}},{"type":"Feature","geometry":{"type":"Point","coordinates":[-41.218486,-21.61764]},"properties":{"nome":"18823","tipo":"abertura","bairro":"TRAVESS\u00c3O"}},{"type":"Feature","geometry":{"type":"Point","coordinates":[-41.275242,-21.63196]},"properties":{"nome":"18917","tipo":"abertura","bairro":"TRAVESS\u00c3O"}},{"type":"Feature","geometry":{"type":"Point","coordinates":[-41.30933,-21.616196]},"properties":{"nome":"18921","tipo":"abertura","bairro":"TRAVESS\u00c3O"}},{"type":"Feature","geometry":{"type":"Point","coordinates":[-41.302073,-21.607104]},"properties":{"nome":"18922","tipo":"abertura","bairro":"TRAVESS\u00c3O"}},{"type":"Feature","geometry":{"type":"Point","coordinates":[-41.312861,-21.598279]},"properties":{"nome":"19020","tipo":"abertura","bairro":"TRAVESS\u00c3O"}},{"type":"Feature","geometry":{"type":"Point","coordinates":[-41.309444,-21.61637]},"properties":{"nome":"19021","tipo":"abertura","bairro":"TRAVESS\u00c3O"}},{"type":"Feature","geometry":{"type":"Point","coordinates":[-41.302116,-21.607025]},"properties":{"nome":"19022","tipo":"abertura","bairro":"TRAVESS\u00c3O"}},{"type":"Feature","geometry":{"type":"Point","coordinates":[-41.319308,-21.611987]},"properties":{"nome":"19114","tipo":"abertura","bairro":"TRAVESS\u00c3O"}},{"type":"Feature","geometry":{"type":"Point","coordinates":[-41.302054,-21.606887]},"properties":{"nome":"19120","tipo":"abertura","bairro":"TRAVESS\u00c3O"}},{"type":"Feature","geometry":{"type":"Point","coordinates":[-41.311474,-21.634074]},"properties":{"nome":"19216","tipo":"abertura","bairro":"TRAVESS\u00c3O"}},{"type":"Feature","geometry":{"type":"Point","coordinates":[-41.312986,-21.59858]},"properties":{"nome":"19218","tipo":"abertura","bairro":"TRAVESS\u00c3O"}},{"type":"Feature","geometry":{"type":"Point","coordinates":[-41.301891,-21.607032]},"properties":{"nome":"19220","tipo":"abertura","bairro":"TRAVESS\u00c3O"}},{"type":"Feature","geometry":{"type":"Point","coordinates":[-41.219336,-21.613832]},"properties":{"nome":"19221","tipo":"abertura","bairro":"TRAVESS\u00c3O"}},{"type":"Feature","geometry":{"type":"Point","coordinates":[-41.219373,-21.613478]},"properties":{"nome":"19320","tipo":"abertura","bairro":"TRAVESS\u00c3O"}},{"type":"Feature","geometry":{"type":"Point","coordinates":[-41.273796,-21.632035]},"properties":{"nome":"19414","tipo":"abertura","bairro":"TRAVESS\u00c3O"}},{"type":"Feature","geometry":{"type":"Point","coordinates":[-41.311423,-21.634558]},"properties":{"nome":"19415","tipo":"abertura","bairro":"TRAVESS\u00c3O"}},{"type":"Feature","geometry":{"type":"Point","coordinates":[-41.301531,-21.60706]},"properties":{"nome":"19419","tipo":"abertura","bairro":"TRAVESS\u00c3O"}},{"type":"Feature","geometry":{"type":"Point","coordinates":[-41.311445,-21.633956]},"properties":{"nome":"19515","tipo":"abertura","bairro":"TRAVESS\u00c3O"}},{"type":"Feature","geometry":{"type":"Point","coordinates":[-41.309826,-21.625393]},"properties":{"nome":"19516","tipo":"abertura","bairro":"TRAVESS\u00c3O"}},{"type":"Feature","geometry":{"type":"Point","coordinates":[-41.302512,-21.607005]},"properties":{"nome":"19519","tipo":"abertura","bairro":"TRAVESS\u00c3O"}},{"type":"Feature","geometry":{"type":"Point","coordinates":[-41.219482,-21.612811]},"properties":{"nome":"19520","tipo":"abertura","bairro":"TRAVESS\u00c3O"}},{"type":"Feature","geometry":{"type":"Point","coordinates":[-41.309911,-21.625548]},"properties":{"nome":"19615","tipo":"abertura","bairro":"TRAVESS\u00c3O"}},{"type":"Feature","geometry":{"type":"Point","coordinates":[-41.309566,-21.616197]},"properties":{"nome":"19617","tipo":"abertura","bairro":"TRAVESS\u00c3O"}},{"type":"Feature","geometry":{"type":"Point","coordinates":[-41.302681,-21.60706]},"properties":{"nome":"19618","tipo":"abertura","bairro":"TRAVESS\u00c3O"}},{"type":"Feature","geometry":{"type":"Point","coordinates":[-41.219568,-21.612255]},"properties":{"nome":"19619","tipo":"abertura","bairro":"TRAVESS\u00c3O"}},{"type":"Feature","geometry":{"type":"Point","coordinates":[-41.309916,-21.625505]},"properties":{"nome":"19715","tipo":"abertura","bairro":"TRAVESS\u00c3O"}},{"type":"Feature","geometry":{"type":"Point","coordinates":[-41.309784,-21.616191]},"properties":{"nome":"19717","tipo":"abertura","bairro":"TRAVESS\u00c3O"}},{"type":"Feature","geometry":{"type":"Point","coordinates":[-41.218996,-21.612169]},"properties":{"nome":"19719","tipo":"abertura","bairro":"TRAVESS\u00c3O"}},{"type":"Feature","geometry":{"type":"Point","coordinates":[-41.31909,-21.611971]},"properties":{"nome":"19812","tipo":"abertura","bairro":"TRAVESS\u00c3O"}},{"type":"Feature","geometry":{"type":"Point","coordinates":[-41.311476,-21.633445]},"properties":{"nome":"19814","tipo":"abertura","bairro":"TRAVESS\u00c3O"}},{"type":"Feature","geometry":{"type":"Point","coordinates":[-41.310006,-21.616173]},"properties":{"nome":"19817","tipo":"abertura","bairro":"TRAVESS\u00c3O"}},{"type":"Feature","geometry":{"type":"Point","coordinates":[-41.309896,-21.62609]},"properties":{"nome":"19915","tipo":"abertura","bairro":"TRAVESS\u00c3O"}},{"type":"Feature","geometry":{"type":"Point","coordinates":[-41.314056,-21.598386]},"properties":{"nome":"19916","tipo":"abertura","bairro":"TRAVESS\u00c3O"}},{"type":"Feature","geometry":{"type":"Point","coordinates":[-41.314214,-21.598369]},"properties":{"nome":"20016","tipo":"abertura","bairro":"TRAVESS\u00c3O"}},{"type":"Feature","geometry":{"type":"Point","coordinates":[-41.21968,-21.611414]},"properties":{"nome":"20019","tipo":"abertura","bairro":"TRAVESS\u00c3O"}},{"type":"Feature","geometry":{"type":"Point","coordinates":[-41.318276,-21.612003]},"properties":{"nome":"20112","tipo":"abertura","bairro":"TRAVESS\u00c3O"}},{"type":"Feature","geometry":{"type":"Point","coordinates":[-41.309899,-21.626489]},"properties":{"nome":"20115","tipo":"abertura","bairro":"TRAVESS\u00c3O"}},{"type":"Feature","geometry":{"type":"Point","coordinates":[-41.300401,-21.609142]},"properties":{"nome":"20118","tipo":"abertura","bairro":"TRAVESS\u00c3O"}},{"type":"Feature","geometry":{"type":"Point","coordinates":[-41.318021,-21.611988]},"properties":{"nome":"20211","tipo":"abertura","bairro":"TRAVESS\u00c3O"}},{"type":"Feature","geometry":{"type":"Point","coordinates":[-41.30017,-21.609163]},"properties":{"nome":"20217","tipo":"abertura","bairro":"TRAVESS\u00c3O"}},{"type":"Feature","geometry":{"type":"Point","coordinates":[-41.309886,-21.627106]},"properties":{"nome":"20314","tipo":"abertura","bairro":"TRAVESS\u00c3O"}},{"type":"Feature","geometry":{"type":"Point","coordinates":[-41.300211,-21.609198]},"properties":{"nome":"20317","tipo":"abertura","bairro":"TRAVESS\u00c3O"}},{"type":"Feature","geometry":{"type":"Point","coordinates":[-41.310133,-21.626529]},"properties":{"nome":"20414","tipo":"abertura","bairro":"TRAVESS\u00c3O"}},{"type":"Feature","geometry":{"type":"Point","coordinates":[-41.300236,-21.609772]},"properties":{"nome":"20417","tipo":"abertura","bairro":"TRAVESS\u00c3O"}},{"type":"Feature","geometry":{"type":"Point","coordinates":[-41.31778,-21.612166]},"properties":{"nome":"20511","tipo":"abertura","bairro":"TRAVESS\u00c3O"}},{"type":"Feature","geometry":{"type":"Point","coordinates":[-41.310455,-21.626082]},"properties":{"nome":"20514","tipo":"abertura","bairro":"TRAVESS\u00c3O"}},{"type":"Feature","geometry":{"type":"Point","coordinates":[-41.31162,-21.614698]},"properties":{"nome":"20516","tipo":"abertura","bairro":"TRAVESS\u00c3O"}},{"type":"Feature","geometry":{"type":"Point","coordinates":[-41.270292,-21.632146]},"properties":{"nome":"20612","tipo":"abertura","bairro":"TRAVESS\u00c3O"}},{"type":"Feature","geometry":{"type":"Point","coordinates":[-41.310236,-21.626061]},"properties":{"nome":"20614","tipo":"abertura","bairro":"TRAVESS\u00c3O"}},{"type":"Feature","geometry":{"type":"Point","coordinates":[-41.313018,-21.598962]},"properties":{"nome":"20615","tipo":"abertura","bairro":"TRAVESS\u00c3O"}},{"type":"Feature","geometry":{"type":"Point","coordinates":[-41.31162,-21.6146]},"properties":{"nome":"20616","tipo":"abertura","bairro":"TRAVESS\u00c3O"}},{"type":"Feature","geometry":{"type":"Point","coordinates":[-41.221487,-21.611648]},"properties":{"nome":"20618","tipo":"abertura","bairro":"TRAVESS\u00c3O"}},{"type":"Feature","geometry":{"type":"Point","coordinates":[-41.317603,-21.612153]},"properties":{"nome":"20711","tipo":"abertura","bairro":"TRAVESS\u00c3O"}},{"type":"Feature","geometry":{"type":"Point","coordinates":[-41.270284,-21.632046]},"properties":{"nome":"20712","tipo":"abertura","bairro":"TRAVESS\u00c3O"}},{"type":"Feature","geometry":{"type":"Point","coordinates":[-41.309953,-21.625217]},"properties":{"nome":"20714","tipo":"abertura","bairro":"TRAVESS\u00c3O"}},{"type":"Feature","geometry":{"type":"Point","coordinates":[-41.311581,-21.614621]},"properties":{"nome":"20716","tipo":"abertura","bairro":"TRAVESS\u00c3O"}},{"type":"Feature","geometry":{"type":"Point","coordinates":[-41.221442,-21.611589]},"properties":{"nome":"20718","tipo":"abertura","bairro":"TRAVESS\u00c3O"}},{"type":"Feature","geometry":{"type":"Point","coordinates":[-41.313097,-21.599369]},"properties":{"nome":"20915","tipo":"abertura","bairro":"TRAVESS\u00c3O"}},{"type":"Feature","geometry":{"type":"Point","coordinates":[-41.311458,-21.632783]},"properties":{"nome":"21013","tipo":"abertura","bairro":"TRAVESS\u00c3O"}},{"type":"Feature","geometry":{"type":"Point","coordinates":[-41.310644,-21.61466]},"properties":{"nome":"21016","tipo":"abertura","bairro":"TRAVESS\u00c3O"}},{"type":"Feature","geometry":{"type":"Point","coordinates":[-41.310612,-21.614942]},"properties":{"nome":"21116","tipo":"abertura","bairro":"TRAVESS\u00c3O"}},{"type":"Feature","geometry":{"type":"Point","coordinates":[-41.300462,-21.612195]},"properties":{"nome":"21117","tipo":"abertura","bairro":"TRAVESS\u00c3O"}},{"type":"Feature","geometry":{"type":"Point","coordinates":[-41.31616,-21.612274]},"properties":{"nome":"21211","tipo":"abertura","bairro":"TRAVESS\u00c3O"}},{"type":"Feature","geometry":{"type":"Point","coordinates":[-41.311447,-21.633245]},"properties":{"nome":"21213","tipo":"abertura","bairro":"TRAVESS\u00c3O"}},{"type":"Feature","geometry":{"type":"Point","coordinates":[-41.313325,-21.599935]},"properties":{"nome":"21215","tipo":"abertura","bairro":"TRAVESS\u00c3O"}},{"type":"Feature","geometry":{"type":"Point","coordinates":[-41.300515,-21.612798]},"properties":{"nome":"21217","tipo":"abertura","bairro":"TRAVESS\u00c3O"}},{"type":"Feature","geometry":{"type":"Point","coordinates":[-41.316139,-21.61239]},"properties":{"nome":"21311","tipo":"abertura","bairro":"TRAVESS\u00c3O"}},{"type":"Feature","geometry":{"type":"Point","coordinates":[-41.311474,-21.632693]},"properties":{"nome":"21313","tipo":"abertura","bairro":"TRAVESS\u00c3O"}},{"type":"Feature","geometry":{"type":"Point","coordinates":[-41.300518,-21.613429]},"properties":{"nome":"21317","tipo":"abertura","bairro":"TRAVESS\u00c3O"}},{"type":"Feature","geometry":{"type":"Point","coordinates":[-41.310641,-21.615901]},"properties":{"nome":"21416","tipo":"abertura","bairro":"TRAVESS\u00c3O"}},{"type":"Feature","geometry":{"type":"Point","coordinates":[-41.310434,-21.61609]},"properties":{"nome":"21516","tipo":"abertura","bairro":"TRAVESS\u00c3O"}},{"type":"Feature","geometry":{"type":"Point","coordinates":[-41.316199,-21.611949]},"properties":{"nome":"21611","tipo":"abertura","bairro":"TRAVESS\u00c3O"}},{"type":"Feature","geometry":{"type":"Point","coordinates":[-41.311468,-21.632191]},"properties":{"nome":"21613","tipo":"abertura","bairro":"TRAVESS\u00c3O"}},{"type":"Feature","geometry":{"type":"Point","coordinates":[-41.313486,-21.600428]},"properties":{"nome":"21615","tipo":"abertura","bairro":"TRAVESS\u00c3O"}},{"type":"Feature","geometry":{"type":"Point","coordinates":[-41.221159,-21.612488]},"properties":{"nome":"21618","tipo":"abertura","bairro":"TRAVESS\u00c3O"}},{"type":"Feature","geometry":{"type":"Point","coordinates":[-41.31623,-21.611884]},"properties":{"nome":"21711","tipo":"abertura","bairro":"TRAVESS\u00c3O"}},{"type":"Feature","geometry":{"type":"Point","coordinates":[-41.311484,-21.632054]},"properties":{"nome":"21713","tipo":"abertura","bairro":"TRAVESS\u00c3O"}},{"type":"Feature","geometry":{"type":"Point","coordinates":[-41.313444,-21.619024]},"properties":{"nome":"21814","tipo":"abertura","bairro":"TRAVESS\u00c3O"}},{"type":"Feature","geometry":{"type":"Point","coordinates":[-41.22132,-21.612066]},"properties":{"nome":"21818","tipo":"abertura","bairro":"TRAVESS\u00c3O"}},{"type":"Feature","geometry":{"type":"Point","coordinates":[-41.313423,-21.619057]},"properties":{"nome":"21914","tipo":"abertura","bairro":"TRAVESS\u00c3O"}},{"type":"Feature","geometry":{"type":"Point","coordinates":[-41.222118,-21.612624]},"properties":{"nome":"22018","tipo":"abertura","bairro":"TRAVESS\u00c3O"}},{"type":"Feature","geometry":{"type":"Point","coordinates":[-41.313286,-21.600587]},"properties":{"nome":"22115","tipo":"abertura","bairro":"TRAVESS\u00c3O"}},{"type":"Feature","geometry":{"type":"Point","coordinates":[-41.222318,-21.612866]},"properties":{"nome":"22118","tipo":"abertura","bairro":"TRAVESS\u00c3O"}},{"type":"Feature","geometry":{"type":"Point","coordinates":[-41.222835,-21.61268]},"properties":{"nome":"22218","tipo":"abertura","bairro":"TRAVESS\u00c3O"}},{"type":"Feature","geometry":{"type":"Point","coordinates":[-41.313479,-21.619767]},"properties":{"nome":"22313","tipo":"abertura","bairro":"TRAVESS\u00c3O"}},{"type":"Feature","geometry":{"type":"Point","coordinates":[-41.313404,-21.619]},"properties":{"nome":"22413","tipo":"abertura","bairro":"TRAVESS\u00c3O"}},{"type":"Feature","geometry":{"type":"Point","coordinates":[-41.313376,-21.600815]},"properties":{"nome":"22414","tipo":"abertura","bairro":"TRAVESS\u00c3O"}},{"type":"Feature","geometry":{"type":"Point","coordinates":[-41.313325,-21.619008]},"properties":{"nome":"22513","tipo":"abertura","bairro":"TRAVESS\u00c3O"}},{"type":"Feature","geometry":{"type":"Point","coordinates":[-41.295871,-21.609887]},"properties":{"nome":"22516","tipo":"abertura","bairro":"TRAVESS\u00c3O"}},{"type":"Feature","geometry":{"type":"Point","coordinates":[-41.316377,-21.610882]},"properties":{"nome":"22610","tipo":"abertura","bairro":"TRAVESS\u00c3O"}},{"type":"Feature","geometry":{"type":"Point","coordinates":[-41.223578,-21.610976]},"properties":{"nome":"22717","tipo":"abertura","bairro":"TRAVESS\u00c3O"}},{"type":"Feature","geometry":{"type":"Point","coordinates":[-41.313636,-21.601736]},"properties":{"nome":"22814","tipo":"abertura","bairro":"TRAVESS\u00c3O"}},{"type":"Feature","geometry":{"type":"Point","coordinates":[-41.223682,-21.611]},"properties":{"nome":"22817","tipo":"abertura","bairro":"TRAVESS\u00c3O"}},{"type":"Feature","geometry":{"type":"Point","coordinates":[-41.316372,-21.61067]},"properties":{"nome":"22910","tipo":"abertura","bairro":"TRAVESS\u00c3O"}},{"type":"Feature","geometry":{"type":"Point","coordinates":[-41.311511,-21.631359]},"properties":{"nome":"22912","tipo":"abertura","bairro":"TRAVESS\u00c3O"}},{"type":"Feature","geometry":{"type":"Point","coordinates":[-41.26278,-21.632569]},"properties":{"nome":"23011","tipo":"abertura","bairro":"TRAVESS\u00c3O"}},{"type":"Feature","geometry":{"type":"Point","coordinates":[-41.311491,-21.631704]},"properties":{"nome":"23012","tipo":"abertura","bairro":"TRAVESS\u00c3O"}},{"type":"Feature","geometry":{"type":"Point","coordinates":[-41.262254,-21.632569]},"properties":{"nome":"23111","tipo":"abertura","bairro":"TRAVESS\u00c3O"}},{"type":"Feature","geometry":{"type":"Point","coordinates":[-41.311746,-21.619201]},"properties":{"nome":"23113","tipo":"abertura","bairro":"TRAVESS\u00c3O"}},{"type":"Feature","geometry":{"type":"Point","coordinates":[-41.223754,-21.611231]},"properties":{"nome":"23117","tipo":"abertura","bairro":"TRAVESS\u00c3O"}},{"type":"Feature","geometry":{"type":"Point","coordinates":[-41.313648,-21.602949]},"properties":{"nome":"23214","tipo":"abertura","bairro":"TRAVESS\u00c3O"}},{"type":"Feature","geometry":{"type":"Point","coordinates":[-41.311535,-21.614411]},"properties":{"nome":"23215","tipo":"abertura","bairro":"TRAVESS\u00c3O"}},{"type":"Feature","geometry":{"type":"Point","coordinates":[-41.223699,-21.611831]},"properties":{"nome":"23217","tipo":"abertura","bairro":"TRAVESS\u00c3O"}},{"type":"Feature","geometry":{"type":"Point","coordinates":[-41.311737,-21.61983]},"properties":{"nome":"23313","tipo":"abertura","bairro":"TRAVESS\u00c3O"}},{"type":"Feature","geometry":{"type":"Point","coordinates":[-41.31163,-21.614467]},"properties":{"nome":"23315","tipo":"abertura","bairro":"TRAVESS\u00c3O"}},{"type":"Feature","geometry":{"type":"Point","coordinates":[-41.316914,-21.606612]},"properties":{"nome":"23410","tipo":"abertura","bairro":"TRAVESS\u00c3O"}},{"type":"Feature","geometry":{"type":"Point","coordinates":[-41.311753,-21.61892]},"properties":{"nome":"23413","tipo":"abertura","bairro":"TRAVESS\u00c3O"}},{"type":"Feature","geometry":{"type":"Point","coordinates":[-41.31161,-21.614363]},"properties":{"nome":"23415","tipo":"abertura","bairro":"TRAVESS\u00c3O"}},{"type":"Feature","geometry":{"type":"Point","coordinates":[-41.311538,-21.630671]},"properties":{"nome":"23511","tipo":"abertura","bairro":"TRAVESS\u00c3O"}},{"type":"Feature","geometry":{"type":"Point","coordinates":[-41.296073,-21.615595]},"properties":{"nome":"23515","tipo":"abertura","bairro":"TRAVESS\u00c3O"}},{"type":"Feature","geometry":{"type":"Point","coordinates":[-41.223538,-21.612752]},"properties":{"nome":"23516","tipo":"abertura","bairro":"TRAVESS\u00c3O"}},{"type":"Feature","geometry":{"type":"Point","coordinates":[-41.316944,-21.606455]},"properties":{"nome":"2359","tipo":"abertura","bairro":"TRAVESS\u00c3O"}},{"type":"Feature","geometry":{"type":"Point","coordinates":[-41.311609,-21.614031]},"properties":{"nome":"23614","tipo":"abertura","bairro":"TRAVESS\u00c3O"}},{"type":"Feature","geometry":{"type":"Point","coordinates":[-41.296043,-21.616027]},"properties":{"nome":"23615","tipo":"abertura","bairro":"TRAVESS\u00c3O"}},{"type":"Feature","geometry":{"type":"Point","coordinates":[-41.311799,-21.618258]},"properties":{"nome":"23712","tipo":"abertura","bairro":"TRAVESS\u00c3O"}},{"type":"Feature","geometry":{"type":"Point","coordinates":[-41.222852,-21.612899]},"properties":{"nome":"23716","tipo":"abertura","bairro":"TRAVESS\u00c3O"}},{"type":"Feature","geometry":{"type":"Point","coordinates":[-41.311946,-21.618223]},"properties":{"nome":"23912","tipo":"abertura","bairro":"TRAVESS\u00c3O"}},{"type":"Feature","geometry":{"type":"Point","coordinates":[-41.295417,-21.609934]},"properties":{"nome":"23915","tipo":"abertura","bairro":"TRAVESS\u00c3O"}},{"type":"Feature","geometry":{"type":"Point","coordinates":[-41.31227,-21.618147]},"properties":{"nome":"24012","tipo":"abertura","bairro":"TRAVESS\u00c3O"}},{"type":"Feature","geometry":{"type":"Point","coordinates":[-41.22442,-21.612921]},"properties":{"nome":"24016","tipo":"abertura","bairro":"TRAVESS\u00c3O"}},{"type":"Feature","geometry":{"type":"Point","coordinates":[-41.318132,-21.606274]},"properties":{"nome":"2409","tipo":"abertura","bairro":"TRAVESS\u00c3O"}},{"type":"Feature","geometry":{"type":"Point","coordinates":[-41.224583,-21.613057]},"properties":{"nome":"24116","tipo":"abertura","bairro":"TRAVESS\u00c3O"}},{"type":"Feature","geometry":{"type":"Point","coordinates":[-41.318175,-21.606234]},"properties":{"nome":"2419","tipo":"abertura","bairro":"TRAVESS\u00c3O"}},{"type":"Feature","geometry":{"type":"Point","coordinates":[-41.311585,-21.613721]},"properties":{"nome":"24213","tipo":"abertura","bairro":"TRAVESS\u00c3O"}},{"type":"Feature","geometry":{"type":"Point","coordinates":[-41.224695,-21.613323]},"properties":{"nome":"24215","tipo":"abertura","bairro":"TRAVESS\u00c3O"}},{"type":"Feature","geometry":{"type":"Point","coordinates":[-41.312972,-21.605997]},"properties":{"nome":"24312","tipo":"abertura","bairro":"TRAVESS\u00c3O"}},{"type":"Feature","geometry":{"type":"Point","coordinates":[-41.313063,-21.618202]},"properties":{"nome":"24411","tipo":"abertura","bairro":"TRAVESS\u00c3O"}},{"type":"Feature","geometry":{"type":"Point","coordinates":[-41.313008,-21.605878]},"properties":{"nome":"24412","tipo":"abertura","bairro":"TRAVESS\u00c3O"}},{"type":"Feature","geometry":{"type":"Point","coordinates":[-41.313327,-21.618192]},"properties":{"nome":"24511","tipo":"abertura","bairro":"TRAVESS\u00c3O"}},{"type":"Feature","geometry":{"type":"Point","coordinates":[-41.311592,-21.613207]},"properties":{"nome":"24513","tipo":"abertura","bairro":"TRAVESS\u00c3O"}},{"type":"Feature","geometry":{"type":"Point","coordinates":[-41.313324,-21.618274]},"properties":{"nome":"24611","tipo":"abertura","bairro":"TRAVESS\u00c3O"}},{"type":"Feature","geometry":{"type":"Point","coordinates":[-41.311608,-21.612963]},"properties":{"nome":"24613","tipo":"abertura","bairro":"TRAVESS\u00c3O"}},{"type":"Feature","geometry":{"type":"Point","coordinates":[-41.311624,-21.6128]},"properties":{"nome":"24713","tipo":"abertura","bairro":"TRAVESS\u00c3O"}},{"type":"Feature","geometry":{"type":"Point","coordinates":[-41.311512,-21.629966]},"properties":{"nome":"24810","tipo":"abertura","bairro":"TRAVESS\u00c3O"}},{"type":"Feature","geometry":{"type":"Point","coordinates":[-41.31304,-21.605619]},"properties":{"nome":"24812","tipo":"abertura","bairro":"TRAVESS\u00c3O"}},{"type":"Feature","geometry":{"type":"Point","coordinates":[-41.311616,-21.612582]},"properties":{"nome":"24813","tipo":"abertura","bairro":"TRAVESS\u00c3O"}},{"type":"Feature","geometry":{"type":"Point","coordinates":[-41.289688,-21.609762]},"properties":{"nome":"24814","tipo":"abertura","bairro":"TRAVESS\u00c3O"}},{"type":"Feature","geometry":{"type":"Point","coordinates":[-41.313067,-21.605403]},"properties":{"nome":"24912","tipo":"abertura","bairro":"TRAVESS\u00c3O"}},{"type":"Feature","geometry":{"type":"Point","coordinates":[-41.311484,-21.612648]},"properties":{"nome":"24913","tipo":"abertura","bairro":"TRAVESS\u00c3O"}},{"type":"Feature","geometry":{"type":"Point","coordinates":[-41.224461,-21.61339]},"properties":{"nome":"24915","tipo":"abertura","bairro":"TRAVESS\u00c3O"}},{"type":"Feature","geometry":{"type":"Point","coordinates":[-41.311506,-21.630421]},"properties":{"nome":"25110","tipo":"abertura","bairro":"TRAVESS\u00c3O"}},{"type":"Feature","geometry":{"type":"Point","coordinates":[-41.224483,-21.613925]},"properties":{"nome":"25115","tipo":"abertura","bairro":"TRAVESS\u00c3O"}},{"type":"Feature","geometry":{"type":"Point","coordinates":[-41.311555,-21.629845]},"properties":{"nome":"25210","tipo":"abertura","bairro":"TRAVESS\u00c3O"}},{"type":"Feature","geometry":{"type":"Point","coordinates":[-41.313113,-21.605206]},"properties":{"nome":"25212","tipo":"abertura","bairro":"TRAVESS\u00c3O"}},{"type":"Feature","geometry":{"type":"Point","coordinates":[-41.224429,-21.61447]},"properties":{"nome":"25215","tipo":"abertura","bairro":"TRAVESS\u00c3O"}},{"type":"Feature","geometry":{"type":"Point","coordinates":[-41.287994,-21.610518]},"properties":{"nome":"25314","tipo":"abertura","bairro":"TRAVESS\u00c3O"}},{"type":"Feature","geometry":{"type":"Point","coordinates":[-41.224337,-21.614582]},"properties":{"nome":"25315","tipo":"abertura","bairro":"TRAVESS\u00c3O"}},{"type":"Feature","geometry":{"type":"Point","coordinates":[-41.318476,-21.606221]},"properties":{"nome":"2538","tipo":"abertura","bairro":"TRAVESS\u00c3O"}},{"type":"Feature","geometry":{"type":"Point","coordinates":[-41.311535,-21.62928]},"properties":{"nome":"25410","tipo":"abertura","bairro":"TRAVESS\u00c3O"}},{"type":"Feature","geometry":{"type":"Point","coordinates":[-41.310335,-21.6127]},"properties":{"nome":"25413","tipo":"abertura","bairro":"TRAVESS\u00c3O"}},{"type":"Feature","geometry":{"type":"Point","coordinates":[-41.287927,-21.610546]},"properties":{"nome":"25414","tipo":"abertura","bairro":"TRAVESS\u00c3O"}},{"type":"Feature","geometry":{"type":"Point","coordinates":[-41.313067,-21.605097]},"properties":{"nome":"25512","tipo":"abertura","bairro":"TRAVESS\u00c3O"}},{"type":"Feature","geometry":{"type":"Point","coordinates":[-41.310086,-21.612741]},"properties":{"nome":"25513","tipo":"abertura","bairro":"TRAVESS\u00c3O"}},{"type":"Feature","geometry":{"type":"Point","coordinates":[-41.287969,-21.61064]},"properties":{"nome":"25514","tipo":"abertura","bairro":"TRAVESS\u00c3O"}},{"type":"Feature","geometry":{"type":"Point","coordinates":[-41.313081,-21.604853]},"properties":{"nome":"25712","tipo":"abertura","bairro":"TRAVESS\u00c3O"}},{"type":"Feature","geometry":{"type":"Point","coordinates":[-41.314971,-21.617754]},"properties":{"nome":"25811","tipo":"abertura","bairro":"TRAVESS\u00c3O"}},{"type":"Feature","geometry":{"type":"Point","coordinates":[-41.309158,-21.612785]},"properties":{"nome":"25813","tipo":"abertura","bairro":"TRAVESS\u00c3O"}},{"type":"Feature","geometry":{"type":"Point","coordinates":[-41.288001,-21.612042]},"properties":{"nome":"25814","tipo":"abertura","bairro":"TRAVESS\u00c3O"}},{"type":"Feature","geometry":{"type":"Point","coordinates":[-41.315011,-21.617479]},"properties":{"nome":"25910","tipo":"abertura","bairro":"TRAVESS\u00c3O"}},{"type":"Feature","geometry":{"type":"Point","coordinates":[-41.308902,-21.612796]},"properties":{"nome":"25912","tipo":"abertura","bairro":"TRAVESS\u00c3O"}},{"type":"Feature","geometry":{"type":"Point","coordinates":[-41.287974,-21.61238]},"properties":{"nome":"25913","tipo":"abertura","bairro":"TRAVESS\u00c3O"}},{"type":"Feature","geometry":{"type":"Point","coordinates":[-41.285388,-21.631578]},"properties":{"nome":"2598","tipo":"abertura","bairro":"TRAVESS\u00c3O"}},{"type":"Feature","geometry":{"type":"Point","coordinates":[-41.308907,-21.612967]},"properties":{"nome":"26012","tipo":"abertura","bairro":"TRAVESS\u00c3O"}},{"type":"Feature","geometry":{"type":"Point","coordinates":[-41.222073,-21.614304]},"properties":{"nome":"26014","tipo":"abertura","bairro":"TRAVESS\u00c3O"}},{"type":"Feature","geometry":{"type":"Point","coordinates":[-41.222123,-21.614023]},"properties":{"nome":"26114","tipo":"abertura","bairro":"TRAVESS\u00c3O"}},{"type":"Feature","geometry":{"type":"Point","coordinates":[-41.315045,-21.617046]},"properties":{"nome":"26210","tipo":"abertura","bairro":"TRAVESS\u00c3O"}},{"type":"Feature","geometry":{"type":"Point","coordinates":[-41.287992,-21.613611]},"properties":{"nome":"26213","tipo":"abertura","bairro":"TRAVESS\u00c3O"}},{"type":"Feature","geometry":{"type":"Point","coordinates":[-41.220797,-21.613687]},"properties":{"nome":"26214","tipo":"abertura","bairro":"TRAVESS\u00c3O"}},{"type":"Feature","geometry":{"type":"Point","coordinates":[-41.312864,-21.605341]},"properties":{"nome":"26310","tipo":"abertura","bairro":"TRAVESS\u00c3O"}},{"type":"Feature","geometry":{"type":"Point","coordinates":[-41.287984,-21.613793]},"properties":{"nome":"26312","tipo":"abertura","bairro":"TRAVESS\u00c3O"}},{"type":"Feature","geometry":{"type":"Point","coordinates":[-41.220716,-21.614147]},"properties":{"nome":"26313","tipo":"abertura","bairro":"TRAVESS\u00c3O"}},{"type":"Feature","geometry":{"type":"Point","coordinates":[-41.312862,-21.605475]},"properties":{"nome":"26410","tipo":"abertura","bairro":"TRAVESS\u00c3O"}},{"type":"Feature","geometry":{"type":"Point","coordinates":[-41.308516,-21.612774]},"properties":{"nome":"26411","tipo":"abertura","bairro":"TRAVESS\u00c3O"}},{"type":"Feature","geometry":{"type":"Point","coordinates":[-41.312892,-21.605669]},"properties":{"nome":"26510","tipo":"abertura","bairro":"TRAVESS\u00c3O"}},{"type":"Feature","geometry":{"type":"Point","coordinates":[-41.308528,-21.612614]},"properties":{"nome":"26511","tipo":"abertura","bairro":"TRAVESS\u00c3O"}},{"type":"Feature","geometry":{"type":"Point","coordinates":[-41.287531,-21.613767]},"properties":{"nome":"26512","tipo":"abertura","bairro":"TRAVESS\u00c3O"}},{"type":"Feature","geometry":{"type":"Point","coordinates":[-41.219898,-21.614033]},"properties":{"nome":"26513","tipo":"abertura","bairro":"TRAVESS\u00c3O"}},{"type":"Feature","geometry":{"type":"Point","coordinates":[-41.312835,-21.605456]},"properties":{"nome":"26610","tipo":"abertura","bairro":"TRAVESS\u00c3O"}},{"type":"Feature","geometry":{"type":"Point","coordinates":[-41.308084,-21.612648]},"properties":{"nome":"26611","tipo":"abertura","bairro":"TRAVESS\u00c3O"}},{"type":"Feature","geometry":{"type":"Point","coordinates":[-41.219932,-21.613676]},"properties":{"nome":"26713","tipo":"abertura","bairro":"TRAVESS\u00c3O"}},{"type":"Feature","geometry":{"type":"Point","coordinates":[-41.285293,-21.631581]},"properties":{"nome":"2677","tipo":"abertura","bairro":"TRAVESS\u00c3O"}},{"type":"Feature","geometry":{"type":"Point","coordinates":[-41.315048,-21.616968]},"properties":{"nome":"2679","tipo":"abertura","bairro":"TRAVESS\u00c3O"}},{"type":"Feature","geometry":{"type":"Point","coordinates":[-41.219612,-21.613624]},"properties":{"nome":"26813","tipo":"abertura","bairro":"TRAVESS\u00c3O"}},{"type":"Feature","geometry":{"type":"Point","coordinates":[-41.315014,-21.616987]},"properties":{"nome":"2689","tipo":"abertura","bairro":"TRAVESS\u00c3O"}},{"type":"Feature","geometry":{"type":"Point","coordinates":[-41.311566,-21.628574]},"properties":{"nome":"2698","tipo":"abertura","bairro":"TRAVESS\u00c3O"}},{"type":"Feature","geometry":{"type":"Point","coordinates":[-41.308922,-21.61316]},"properties":{"nome":"27110","tipo":"abertura","bairro":"TRAVESS\u00c3O"}},{"type":"Feature","geometry":{"type":"Point","coordinates":[-41.311525,-21.629117]},"properties":{"nome":"2717","tipo":"abertura","bairro":"TRAVESS\u00c3O"}},{"type":"Feature","geometry":{"type":"Point","coordinates":[-41.308928,-21.61335]},"properties":{"nome":"27210","tipo":"abertura","bairro":"TRAVESS\u00c3O"}},{"type":"Feature","geometry":{"type":"Point","coordinates":[-41.311557,-21.628212]},"properties":{"nome":"2727","tipo":"abertura","bairro":"TRAVESS\u00c3O"}},{"type":"Feature","geometry":{"type":"Point","coordinates":[-41.31207,-21.60707]},"properties":{"nome":"2729","tipo":"abertura","bairro":"TRAVESS\u00c3O"}},{"type":"Feature","geometry":{"type":"Point","coordinates":[-41.308926,-21.613536]},"properties":{"nome":"27310","tipo":"abertura","bairro":"TRAVESS\u00c3O"}},{"type":"Feature","geometry":{"type":"Point","coordinates":[-41.311594,-21.62788]},"properties":{"nome":"2737","tipo":"abertura","bairro":"TRAVESS\u00c3O"}},{"type":"Feature","geometry":{"type":"Point","coordinates":[-41.309281,-21.613525]},"properties":{"nome":"27410","tipo":"abertura","bairro":"TRAVESS\u00c3O"}},{"type":"Feature","geometry":{"type":"Point","coordinates":[-41.309428,-21.613571]},"properties":{"nome":"27510","tipo":"abertura","bairro":"TRAVESS\u00c3O"}},{"type":"Feature","geometry":{"type":"Point","coordinates":[-41.31325,-21.617147]},"properties":{"nome":"2758","tipo":"abertura","bairro":"TRAVESS\u00c3O"}},{"type":"Feature","geometry":{"type":"Point","coordinates":[-41.313232,-21.617366]},"properties":{"nome":"2768","tipo":"abertura","bairro":"TRAVESS\u00c3O"}},{"type":"Feature","geometry":{"type":"Point","coordinates":[-41.309436,-21.613953]},"properties":{"nome":"27810","tipo":"abertura","bairro":"TRAVESS\u00c3O"}},{"type":"Feature","geometry":{"type":"Point","coordinates":[-41.312201,-21.605508]},"properties":{"nome":"2789","tipo":"abertura","bairro":"TRAVESS\u00c3O"}},{"type":"Feature","geometry":{"type":"Point","coordinates":[-41.312183,-21.605282]},"properties":{"nome":"2809","tipo":"abertura","bairro":"TRAVESS\u00c3O"}},{"type":"Feature","geometry":{"type":"Point","coordinates":[-41.313802,-21.627157]},"properties":{"nome":"2817","tipo":"abertura","bairro":"TRAVESS\u00c3O"}},{"type":"Feature","geometry":{"type":"Point","coordinates":[-41.309458,-21.614369]},"properties":{"nome":"28210","tipo":"abertura","bairro":"TRAVESS\u00c3O"}},{"type":"Feature","geometry":{"type":"Point","coordinates":[-41.284462,-21.620503]},"properties":{"nome":"2826","tipo":"abertura","bairro":"TRAVESS\u00c3O"}},{"type":"Feature","geometry":{"type":"Point","coordinates":[-41.313594,-21.627202]},"properties":{"nome":"2827","tipo":"abertura","bairro":"TRAVESS\u00c3O"}},{"type":"Feature","geometry":{"type":"Point","coordinates":[-41.313322,-21.627181]},"properties":{"nome":"2837","tipo":"abertura","bairro":"TRAVESS\u00c3O"}},{"type":"Feature","geometry":{"type":"Point","coordinates":[-41.312946,-21.61719]},"properties":{"nome":"2838","tipo":"abertura","bairro":"TRAVESS\u00c3O"}},{"type":"Feature","geometry":{"type":"Point","coordinates":[-41.313119,-21.627248]},"properties":{"nome":"2847","tipo":"abertura","bairro":"TRAVESS\u00c3O"}},{"type":"Feature","geometry":{"type":"Point","coordinates":[-41.312781,-21.617198]},"properties":{"nome":"2848","tipo":"abertura","bairro":"TRAVESS\u00c3O"}},{"type":"Feature","geometry":{"type":"Point","coordinates":[-41.309466,-21.614666]},"properties":{"nome":"28510","tipo":"abertura","bairro":"TRAVESS\u00c3O"}},{"type":"Feature","geometry":{"type":"Point","coordinates":[-41.309491,-21.614763]},"properties":{"nome":"28610","tipo":"abertura","bairro":"TRAVESS\u00c3O"}},{"type":"Feature","geometry":{"type":"Point","coordinates":[-41.312829,-21.61715]},"properties":{"nome":"2868","tipo":"abertura","bairro":"TRAVESS\u00c3O"}},{"type":"Feature","geometry":{"type":"Point","coordinates":[-41.309484,-21.614955]},"properties":{"nome":"28710","tipo":"abertura","bairro":"TRAVESS\u00c3O"}},{"type":"Feature","geometry":{"type":"Point","coordinates":[-41.284201,-21.611132]},"properties":{"nome":"28711","tipo":"abertura","bairro":"TRAVESS\u00c3O"}},{"type":"Feature","geometry":{"type":"Point","coordinates":[-41.311967,-21.603632]},"properties":{"nome":"2879","tipo":"abertura","bairro":"TRAVESS\u00c3O"}},{"type":"Feature","geometry":{"type":"Point","coordinates":[-41.311957,-21.603444]},"properties":{"nome":"2889","tipo":"abertura","bairro":"TRAVESS\u00c3O"}},{"type":"Feature","geometry":{"type":"Point","coordinates":[-41.311593,-21.627172]},"properties":{"nome":"2907","tipo":"abertura","bairro":"TRAVESS\u00c3O"}},{"type":"Feature","geometry":{"type":"Point","coordinates":[-41.312341,-21.603353]},"properties":{"nome":"2909","tipo":"abertura","bairro":"TRAVESS\u00c3O"}},{"type":"Feature","geometry":{"type":"Point","coordinates":[-41.282902,-21.611264]},"properties":{"nome":"29111","tipo":"abertura","bairro":"TRAVESS\u00c3O"}},{"type":"Feature","geometry":{"type":"Point","coordinates":[-41.312808,-21.615982]},"properties":{"nome":"2918","tipo":"abertura","bairro":"TRAVESS\u00c3O"}},{"type":"Feature","geometry":{"type":"Point","coordinates":[-41.282857,-21.611344]},"properties":{"nome":"29211","tipo":"abertura","bairro":"TRAVESS\u00c3O"}},{"type":"Feature","geometry":{"type":"Point","coordinates":[-41.311568,-21.62769]},"properties":{"nome":"2927","tipo":"abertura","bairro":"TRAVESS\u00c3O"}},{"type":"Feature","geometry":{"type":"Point","coordinates":[-41.311608,-21.62708]},"properties":{"nome":"2936","tipo":"abertura","bairro":"TRAVESS\u00c3O"}},{"type":"Feature","geometry":{"type":"Point","coordinates":[-41.313324,-21.61594]},"properties":{"nome":"2937","tipo":"abertura","bairro":"TRAVESS\u00c3O"}},{"type":"Feature","geometry":{"type":"Point","coordinates":[-41.284143,-21.614879]},"properties":{"nome":"2945","tipo":"abertura","bairro":"TRAVESS\u00c3O"}},{"type":"Feature","geometry":{"type":"Point","coordinates":[-41.284279,-21.614925]},"properties":{"nome":"2955","tipo":"abertura","bairro":"TRAVESS\u00c3O"}},{"type":"Feature","geometry":{"type":"Point","coordinates":[-41.311617,-21.626505]},"properties":{"nome":"2956","tipo":"abertura","bairro":"TRAVESS\u00c3O"}},{"type":"Feature","geometry":{"type":"Point","coordinates":[-41.313335,-21.616238]},"properties":{"nome":"2957","tipo":"abertura","bairro":"TRAVESS\u00c3O"}},{"type":"Feature","geometry":{"type":"Point","coordinates":[-41.310042,-21.614805]},"properties":{"nome":"2959","tipo":"abertura","bairro":"TRAVESS\u00c3O"}},{"type":"Feature","geometry":{"type":"Point","coordinates":[-41.284121,-21.614537]},"properties":{"nome":"2984","tipo":"abertura","bairro":"TRAVESS\u00c3O"}},{"type":"Feature","geometry":{"type":"Point","coordinates":[-41.313599,-21.615951]},"properties":{"nome":"2986","tipo":"abertura","bairro":"TRAVESS\u00c3O"}},{"type":"Feature","geometry":{"type":"Point","coordinates":[-41.284497,-21.61461]},"properties":{"nome":"2994","tipo":"abertura","bairro":"TRAVESS\u00c3O"}},{"type":"Feature","geometry":{"type":"Point","coordinates":[-41.313648,-21.615644]},"properties":{"nome":"2996","tipo":"abertura","bairro":"TRAVESS\u00c3O"}},{"type":"Feature","geometry":{"type":"Point","coordinates":[-41.309751,-21.614715]},"properties":{"nome":"2998","tipo":"abertura","bairro":"TRAVESS\u00c3O"}},{"type":"Feature","geometry":{"type":"Point","coordinates":[-41.28268,-21.611301]},"properties":{"nome":"2999","tipo":"abertura","bairro":"TRAVESS\u00c3O"}},{"type":"Feature","geometry":{"type":"Point","coordinates":[-41.313394,-21.615576]},"properties":{"nome":"3006","tipo":"abertura","bairro":"TRAVESS\u00c3O"}},{"type":"Feature","geometry":{"type":"Point","coordinates":[-41.309218,-21.614777]},"properties":{"nome":"3008","tipo":"abertura","bairro":"TRAVESS\u00c3O"}},{"type":"Feature","geometry":{"type":"Point","coordinates":[-41.282281,-21.611385]},"properties":{"nome":"3009","tipo":"abertura","bairro":"TRAVESS\u00c3O"}},{"type":"Feature","geometry":{"type":"Point","coordinates":[-41.313708,-21.615599]},"properties":{"nome":"3016","tipo":"abertura","bairro":"TRAVESS\u00c3O"}},{"type":"Feature","geometry":{"type":"Point","coordinates":[-41.308977,-21.614759]},"properties":{"nome":"3018","tipo":"abertura","bairro":"TRAVESS\u00c3O"}},{"type":"Feature","geometry":{"type":"Point","coordinates":[-41.282263,-21.611472]},"properties":{"nome":"3019","tipo":"abertura","bairro":"TRAVESS\u00c3O"}},{"type":"Feature","geometry":{"type":"Point","coordinates":[-41.308943,-21.614952]},"properties":{"nome":"3028","tipo":"abertura","bairro":"TRAVESS\u00c3O"}},{"type":"Feature","geometry":{"type":"Point","coordinates":[-41.31368,-21.626624]},"properties":{"nome":"3035","tipo":"abertura","bairro":"TRAVESS\u00c3O"}},{"type":"Feature","geometry":{"type":"Point","coordinates":[-41.313705,-21.615441]},"properties":{"nome":"3036","tipo":"abertura","bairro":"TRAVESS\u00c3O"}},{"type":"Feature","geometry":{"type":"Point","coordinates":[-41.31135,-21.606984]},"properties":{"nome":"3037","tipo":"abertura","bairro":"TRAVESS\u00c3O"}},{"type":"Feature","geometry":{"type":"Point","coordinates":[-41.313732,-21.626443]},"properties":{"nome":"3045","tipo":"abertura","bairro":"TRAVESS\u00c3O"}},{"type":"Feature","geometry":{"type":"Point","coordinates":[-41.311064,-21.60666]},"properties":{"nome":"3047","tipo":"abertura","bairro":"TRAVESS\u00c3O"}},{"type":"Feature","geometry":{"type":"Point","coordinates":[-41.28191,-21.611419]},"properties":{"nome":"3049","tipo":"abertura","bairro":"TRAVESS\u00c3O"}},{"type":"Feature","geometry":{"type":"Point","coordinates":[-41.310826,-21.606678]},"properties":{"nome":"3057","tipo":"abertura","bairro":"TRAVESS\u00c3O"}},{"type":"Feature","geometry":{"type":"Point","coordinates":[-41.281022,-21.611523]},"properties":{"nome":"3079","tipo":"abertura","bairro":"TRAVESS\u00c3O"}},{"type":"Feature","geometry":{"type":"Point","coordinates":[-41.284043,-21.611697]},"properties":{"nome":"3084","tipo":"abertura","bairro":"TRAVESS\u00c3O"}},{"type":"Feature","geometry":{"type":"Point","coordinates":[-41.280977,-21.611591]},"properties":{"nome":"3089","tipo":"abertura","bairro":"TRAVESS\u00c3O"}},{"type":"Feature","geometry":{"type":"Point","coordinates":[-41.284147,-21.611547]},"properties":{"nome":"3094","tipo":"abertura","bairro":"TRAVESS\u00c3O"}},{"type":"Feature","geometry":{"type":"Point","coordinates":[-41.308681,-21.61479]},"properties":{"nome":"3098","tipo":"abertura","bairro":"TRAVESS\u00c3O"}},{"type":"Feature","geometry":{"type":"Point","coordinates":[-41.308581,-21.614607]},"properties":{"nome":"3108","tipo":"abertura","bairro":"TRAVESS\u00c3O"}},{"type":"Feature","geometry":{"type":"Point","coordinates":[-41.2808,-21.611539]},"properties":{"nome":"3109","tipo":"abertura","bairro":"TRAVESS\u00c3O"}},{"type":"Feature","geometry":{"type":"Point","coordinates":[-41.280788,-21.611461]},"properties":{"nome":"3119","tipo":"abertura","bairro":"TRAVESS\u00c3O"}},{"type":"Feature","geometry":{"type":"Point","coordinates":[-41.311628,-21.625792]},"properties":{"nome":"3125","tipo":"abertura","bairro":"TRAVESS\u00c3O"}},{"type":"Feature","geometry":{"type":"Point","coordinates":[-41.310937,-21.604563]},"properties":{"nome":"3127","tipo":"abertura","bairro":"TRAVESS\u00c3O"}},{"type":"Feature","geometry":{"type":"Point","coordinates":[-41.309222,-21.614373]},"properties":{"nome":"3128","tipo":"abertura","bairro":"TRAVESS\u00c3O"}},{"type":"Feature","geometry":{"type":"Point","coordinates":[-41.284063,-21.611225]},"properties":{"nome":"3134","tipo":"abertura","bairro":"TRAVESS\u00c3O"}},{"type":"Feature","geometry":{"type":"Point","coordinates":[-41.312625,-21.613942]},"properties":{"nome":"3136","tipo":"abertura","bairro":"TRAVESS\u00c3O"}},{"type":"Feature","geometry":{"type":"Point","coordinates":[-41.310883,-21.604155]},"properties":{"nome":"3137","tipo":"abertura","bairro":"TRAVESS\u00c3O"}},{"type":"Feature","geometry":{"type":"Point","coordinates":[-41.309303,-21.613921]},"properties":{"nome":"3138","tipo":"abertura","bairro":"TRAVESS\u00c3O"}},{"type":"Feature","geometry":{"type":"Point","coordinates":[-41.310874,-21.603853]},"properties":{"nome":"3146","tipo":"abertura","bairro":"TRAVESS\u00c3O"}},{"type":"Feature","geometry":{"type":"Point","coordinates":[-41.311622,-21.626299]},"properties":{"nome":"3154","tipo":"abertura","bairro":"TRAVESS\u00c3O"}},{"type":"Feature","geometry":{"type":"Point","coordinates":[-41.310846,-21.603568]},"properties":{"nome":"3156","tipo":"abertura","bairro":"TRAVESS\u00c3O"}},{"type":"Feature","geometry":{"type":"Point","coordinates":[-41.279984,-21.611624]},"properties":{"nome":"3158","tipo":"abertura","bairro":"TRAVESS\u00c3O"}},{"type":"Feature","geometry":{"type":"Point","coordinates":[-41.31104,-21.603538]},"properties":{"nome":"3165","tipo":"abertura","bairro":"TRAVESS\u00c3O"}},{"type":"Feature","geometry":{"type":"Point","coordinates":[-41.31123,-21.603545]},"properties":{"nome":"3174","tipo":"abertura","bairro":"TRAVESS\u00c3O"}},{"type":"Feature","geometry":{"type":"Point","coordinates":[-41.30854,-21.6139]},"properties":{"nome":"3175","tipo":"abertura","bairro":"TRAVESS\u00c3O"}},{"type":"Feature","geometry":{"type":"Point","coordinates":[-41.311225,-21.603482]},"properties":{"nome":"3184","tipo":"abertura","bairro":"TRAVESS\u00c3O"}},{"type":"Feature","geometry":{"type":"Point","coordinates":[-41.312993,-21.614065]},"properties":{"nome":"3193","tipo":"abertura","bairro":"TRAVESS\u00c3O"}},{"type":"Feature","geometry":{"type":"Point","coordinates":[-41.311842,-21.613397]},"properties":{"nome":"3202","tipo":"abertura","bairro":"TRAVESS\u00c3O"}},{"type":"Feature","geometry":{"type":"Point","coordinates":[-41.310552,-21.603609]},"properties":{"nome":"3203","tipo":"abertura","bairro":"TRAVESS\u00c3O"}},{"type":"Feature","geometry":{"type":"Point","coordinates":[-41.310254,-21.603673]},"properties":{"nome":"3213","tipo":"abertura","bairro":"TRAVESS\u00c3O"}},{"type":"Feature","geometry":{"type":"Point","coordinates":[-41.308222,-21.613762]},"properties":{"nome":"3224","tipo":"abertura","bairro":"TRAVESS\u00c3O"}},{"type":"Feature","geometry":{"type":"Point","coordinates":[-41.276624,-21.612075]},"properties":{"nome":"3284","tipo":"abertura","bairro":"TRAVESS\u00c3O"}},{"type":"Feature","geometry":{"type":"Point","coordinates":[-41.308906,-21.612156]},"properties":{"nome":"3293","tipo":"abertura","bairro":"TRAVESS\u00c3O"}},{"type":"Feature","geometry":{"type":"Point","coordinates":[-41.309207,-21.61216]},"properties":{"nome":"3303","tipo":"abertura","bairro":"TRAVESS\u00c3O"}},{"type":"Feature","geometry":{"type":"Point","coordinates":[-41.27455,-21.612339]},"properties":{"nome":"3304","tipo":"abertura","bairro":"TRAVESS\u00c3O"}},{"type":"Feature","geometry":{"type":"Point","coordinates":[-41.310398,-21.606642]},"properties":{"nome":"3312","tipo":"abertura","bairro":"TRAVESS\u00c3O"}},{"type":"Feature","geometry":{"type":"Point","coordinates":[-41.272529,-21.612516]},"properties":{"nome":"3324","tipo":"abertura","bairro":"TRAVESS\u00c3O"}},{"type":"Feature","geometry":{"type":"Point","coordinates":[-41.310489,-21.606694]},"properties":{"nome":"3332","tipo":"abertura","bairro":"TRAVESS\u00c3O"}},{"type":"Feature","geometry":{"type":"Point","coordinates":[-41.310058,-21.612152]},"properties":{"nome":"3333","tipo":"abertura","bairro":"TRAVESS\u00c3O"}},{"type":"Feature","geometry":{"type":"Point","coordinates":[-41.310401,-21.606873]},"properties":{"nome":"3342","tipo":"abertura","bairro":"TRAVESS\u00c3O"}},{"type":"Feature","geometry":{"type":"Point","coordinates":[-41.310061,-21.612219]},"properties":{"nome":"3343","tipo":"abertura","bairro":"TRAVESS\u00c3O"}},{"type":"Feature","geometry":{"type":"Point","coordinates":[-41.272235,-21.611736]},"properties":{"nome":"3344","tipo":"abertura","bairro":"TRAVESS\u00c3O"}},{"type":"Feature","geometry":{"type":"Point","coordinates":[-41.310077,-21.612574]},"properties":{"nome":"3363","tipo":"abertura","bairro":"TRAVESS\u00c3O"}},{"type":"Feature","geometry":{"type":"Point","coordinates":[-41.310431,-21.607353]},"properties":{"nome":"3372","tipo":"abertura","bairro":"TRAVESS\u00c3O"}},{"type":"Feature","geometry":{"type":"Point","coordinates":[-41.310451,-21.612656]},"properties":{"nome":"3382","tipo":"abertura","bairro":"TRAVESS\u00c3O"}},{"type":"Feature","geometry":{"type":"Point","coordinates":[-41.311807,-21.618101]},"properties":{"nome":"3391","tipo":"abertura","bairro":"TRAVESS\u00c3O"}},{"type":"Feature","geometry":{"type":"Point","coordinates":[-41.315112,-21.616443]},"properties":{"nome":"3401","tipo":"abertura","bairro":"TRAVESS\u00c3O"}},{"type":"Feature","geometry":{"type":"Point","coordinates":[-41.315236,-21.616487]},"properties":{"nome":"3411","tipo":"abertura","bairro":"TRAVESS\u00c3O"}},{"type":"Feature","geometry":{"type":"Point","coordinates":[-41.310446,-21.612133]},"properties":{"nome":"3412","tipo":"abertura","bairro":"TRAVESS\u00c3O"}},{"type":"Feature","geometry":{"type":"Point","coordinates":[-41.271631,-21.60998]},"properties":{"nome":"3413","tipo":"abertura","bairro":"TRAVESS\u00c3O"}},{"type":"Feature","geometry":{"type":"Point","coordinates":[-41.310432,-21.611984]},"properties":{"nome":"3422","tipo":"abertura","bairro":"TRAVESS\u00c3O"}},{"type":"Feature","geometry":{"type":"Point","coordinates":[-41.271703,-21.610031]},"properties":{"nome":"3423","tipo":"abertura","bairro":"TRAVESS\u00c3O"}},{"type":"Feature","geometry":{"type":"Point","coordinates":[-41.31043,-21.611722]},"properties":{"nome":"3432","tipo":"abertura","bairro":"TRAVESS\u00c3O"}},{"type":"Feature","geometry":{"type":"Point","coordinates":[-41.271535,-21.609993]},"properties":{"nome":"3433","tipo":"abertura","bairro":"TRAVESS\u00c3O"}},{"type":"Feature","geometry":{"type":"Point","coordinates":[-41.310713,-21.612115]},"properties":{"nome":"3442","tipo":"abertura","bairro":"TRAVESS\u00c3O"}},{"type":"Feature","geometry":{"type":"Point","coordinates":[-41.271576,-21.609937]},"properties":{"nome":"3443","tipo":"abertura","bairro":"TRAVESS\u00c3O"}},{"type":"Feature","geometry":{"type":"Point","coordinates":[-41.27149,-21.609246]},"properties":{"nome":"3453","tipo":"abertura","bairro":"TRAVESS\u00c3O"}},{"type":"Feature","geometry":{"type":"Point","coordinates":[-41.311574,-21.612083]},"properties":{"nome":"3482","tipo":"abertura","bairro":"TRAVESS\u00c3O"}},{"type":"Feature","geometry":{"type":"Point","coordinates":[-41.314948,-21.614743]},"properties":{"nome":"3491","tipo":"abertura","bairro":"TRAVESS\u00c3O"}},{"type":"Feature","geometry":{"type":"Point","coordinates":[-41.314815,-21.614662]},"properties":{"nome":"3501","tipo":"abertura","bairro":"TRAVESS\u00c3O"}},{"type":"Feature","geometry":{"type":"Point","coordinates":[-41.311636,-21.611913]},"properties":{"nome":"3512","tipo":"abertura","bairro":"TRAVESS\u00c3O"}},{"type":"Feature","geometry":{"type":"Point","coordinates":[-41.314467,-21.614554]},"properties":{"nome":"3521","tipo":"abertura","bairro":"TRAVESS\u00c3O"}},{"type":"Feature","geometry":{"type":"Point","coordinates":[-41.311693,-21.611722]},"properties":{"nome":"3522","tipo":"abertura","bairro":"TRAVESS\u00c3O"}},{"type":"Feature","geometry":{"type":"Point","coordinates":[-41.31413,-21.614409]},"properties":{"nome":"3531","tipo":"abertura","bairro":"TRAVESS\u00c3O"}},{"type":"Feature","geometry":{"type":"Point","coordinates":[-41.311665,-21.611501]},"properties":{"nome":"3532","tipo":"abertura","bairro":"TRAVESS\u00c3O"}},{"type":"Feature","geometry":{"type":"Point","coordinates":[-41.269923,-21.610175]},"properties":{"nome":"3533","tipo":"abertura","bairro":"TRAVESS\u00c3O"}},{"type":"Feature","geometry":{"type":"Point","coordinates":[-41.313795,-21.614266]},"properties":{"nome":"3541","tipo":"abertura","bairro":"TRAVESS\u00c3O"}},{"type":"Feature","geometry":{"type":"Point","coordinates":[-41.270082,-21.612143]},"properties":{"nome":"3553","tipo":"abertura","bairro":"TRAVESS\u00c3O"}},{"type":"Feature","geometry":{"type":"Point","coordinates":[-41.270051,-21.612299]},"properties":{"nome":"3563","tipo":"abertura","bairro":"TRAVESS\u00c3O"}},{"type":"Feature","geometry":{"type":"Point","coordinates":[-41.313513,-21.614181]},"properties":{"nome":"3571","tipo":"abertura","bairro":"TRAVESS\u00c3O"}},{"type":"Feature","geometry":{"type":"Point","coordinates":[-41.310442,-21.611543]},"properties":{"nome":"3572","tipo":"abertura","bairro":"TRAVESS\u00c3O"}},{"type":"Feature","geometry":{"type":"Point","coordinates":[-41.313201,-21.614069]},"properties":{"nome":"3581","tipo":"abertura","bairro":"TRAVESS\u00c3O"}},{"type":"Feature","geometry":{"type":"Point","coordinates":[-41.26953,-21.612722]},"properties":{"nome":"3583","tipo":"abertura","bairro":"TRAVESS\u00c3O"}},{"type":"Feature","geometry":{"type":"Point","coordinates":[-41.312996,-21.613982]},"properties":{"nome":"3591","tipo":"abertura","bairro":"TRAVESS\u00c3O"}},{"type":"Feature","geometry":{"type":"Point","coordinates":[-41.269467,-21.612415]},"properties":{"nome":"3593","tipo":"abertura","bairro":"TRAVESS\u00c3O"}},{"type":"Feature","geometry":{"type":"Point","coordinates":[-41.269363,-21.612909]},"properties":{"nome":"3603","tipo":"abertura","bairro":"TRAVESS\u00c3O"}},{"type":"Feature","geometry":{"type":"Point","coordinates":[-41.312619,-21.613861]},"properties":{"nome":"3611","tipo":"abertura","bairro":"TRAVESS\u00c3O"}},{"type":"Feature","geometry":{"type":"Point","coordinates":[-41.269248,-21.613031]},"properties":{"nome":"3613","tipo":"abertura","bairro":"TRAVESS\u00c3O"}},{"type":"Feature","geometry":{"type":"Point","coordinates":[-41.312538,-21.613818]},"properties":{"nome":"3621","tipo":"abertura","bairro":"TRAVESS\u00c3O"}},{"type":"Feature","geometry":{"type":"Point","coordinates":[-41.269083,-21.613231]},"properties":{"nome":"3623","tipo":"abertura","bairro":"TRAVESS\u00c3O"}},{"type":"Feature","geometry":{"type":"Point","coordinates":[-41.268996,-21.613147]},"properties":{"nome":"3633","tipo":"abertura","bairro":"TRAVESS\u00c3O"}},{"type":"Feature","geometry":{"type":"Point","coordinates":[-41.308479,-21.611621]},"properties":{"nome":"3642","tipo":"abertura","bairro":"TRAVESS\u00c3O"}},{"type":"Feature","geometry":{"type":"Point","coordinates":[-41.308094,-21.611641]},"properties":{"nome":"3652","tipo":"abertura","bairro":"TRAVESS\u00c3O"}},{"type":"Feature","geometry":{"type":"Point","coordinates":[-41.269307,-21.613013]},"properties":{"nome":"3683","tipo":"abertura","bairro":"TRAVESS\u00c3O"}},{"type":"Feature","geometry":{"type":"Point","coordinates":[-41.269605,-21.61326]},"properties":{"nome":"3693","tipo":"abertura","bairro":"TRAVESS\u00c3O"}},{"type":"Feature","geometry":{"type":"Point","coordinates":[-41.269695,-21.61325]},"properties":{"nome":"3703","tipo":"abertura","bairro":"TRAVESS\u00c3O"}},{"type":"Feature","geometry":{"type":"Point","coordinates":[-41.308004,-21.611069]},"properties":{"nome":"3712","tipo":"abertura","bairro":"TRAVESS\u00c3O"}},{"type":"Feature","geometry":{"type":"Point","coordinates":[-41.308267,-21.610997]},"properties":{"nome":"3722","tipo":"abertura","bairro":"TRAVESS\u00c3O"}},{"type":"Feature","geometry":{"type":"Point","coordinates":[-41.313171,-21.613254]},"properties":{"nome":"3741","tipo":"abertura","bairro":"TRAVESS\u00c3O"}},{"type":"Feature","geometry":{"type":"Point","coordinates":[-41.313163,-21.613009]},"properties":{"nome":"3751","tipo":"abertura","bairro":"TRAVESS\u00c3O"}},{"type":"Feature","geometry":{"type":"Point","coordinates":[-41.308266,-21.610819]},"properties":{"nome":"3752","tipo":"abertura","bairro":"TRAVESS\u00c3O"}},{"type":"Feature","geometry":{"type":"Point","coordinates":[-41.271193,-21.612683]},"properties":{"nome":"3773","tipo":"abertura","bairro":"TRAVESS\u00c3O"}},{"type":"Feature","geometry":{"type":"Point","coordinates":[-41.309069,-21.610892]},"properties":{"nome":"3782","tipo":"abertura","bairro":"TRAVESS\u00c3O"}},{"type":"Feature","geometry":{"type":"Point","coordinates":[-41.269605,-21.613335]},"properties":{"nome":"3783","tipo":"abertura","bairro":"TRAVESS\u00c3O"}},{"type":"Feature","geometry":{"type":"Point","coordinates":[-41.309057,-21.610566]},"properties":{"nome":"3793","tipo":"abertura","bairro":"TRAVESS\u00c3O"}},{"type":"Feature","geometry":{"type":"Point","coordinates":[-41.313555,-21.613159]},"properties":{"nome":"3802","tipo":"abertura","bairro":"TRAVESS\u00c3O"}},{"type":"Feature","geometry":{"type":"Point","coordinates":[-41.313561,-21.612909]},"properties":{"nome":"3812","tipo":"abertura","bairro":"TRAVESS\u00c3O"}},{"type":"Feature","geometry":{"type":"Point","coordinates":[-41.3095,-21.610804]},"properties":{"nome":"3813","tipo":"abertura","bairro":"TRAVESS\u00c3O"}},{"type":"Feature","geometry":{"type":"Point","coordinates":[-41.309506,-21.610544]},"properties":{"nome":"3823","tipo":"abertura","bairro":"TRAVESS\u00c3O"}},{"type":"Feature","geometry":{"type":"Point","coordinates":[-41.314207,-21.612934]},"properties":{"nome":"3842","tipo":"abertura","bairro":"TRAVESS\u00c3O"}},{"type":"Feature","geometry":{"type":"Point","coordinates":[-41.31422,-21.613182]},"properties":{"nome":"3852","tipo":"abertura","bairro":"TRAVESS\u00c3O"}},{"type":"Feature","geometry":{"type":"Point","coordinates":[-41.31425,-21.613423]},"properties":{"nome":"3862","tipo":"abertura","bairro":"TRAVESS\u00c3O"}},{"type":"Feature","geometry":{"type":"Point","coordinates":[-41.314346,-21.613396]},"properties":{"nome":"3872","tipo":"abertura","bairro":"TRAVESS\u00c3O"}},{"type":"Feature","geometry":{"type":"Point","coordinates":[-41.311202,-21.610895]},"properties":{"nome":"3873","tipo":"abertura","bairro":"TRAVESS\u00c3O"}},{"type":"Feature","geometry":{"type":"Point","coordinates":[-41.268524,-21.614903]},"properties":{"nome":"3874","tipo":"abertura","bairro":"TRAVESS\u00c3O"}},{"type":"Feature","geometry":{"type":"Point","coordinates":[-41.311329,-21.610809]},"properties":{"nome":"3883","tipo":"abertura","bairro":"TRAVESS\u00c3O"}},{"type":"Feature","geometry":{"type":"Point","coordinates":[-41.314756,-21.613357]},"properties":{"nome":"3892","tipo":"abertura","bairro":"TRAVESS\u00c3O"}},{"type":"Feature","geometry":{"type":"Point","coordinates":[-41.311393,-21.610356]},"properties":{"nome":"3903","tipo":"abertura","bairro":"TRAVESS\u00c3O"}},{"type":"Feature","geometry":{"type":"Point","coordinates":[-41.271492,-21.612744]},"properties":{"nome":"3904","tipo":"abertura","bairro":"TRAVESS\u00c3O"}},{"type":"Feature","geometry":{"type":"Point","coordinates":[-41.271447,-21.612762]},"properties":{"nome":"3914","tipo":"abertura","bairro":"TRAVESS\u00c3O"}},{"type":"Feature","geometry":{"type":"Point","coordinates":[-41.314974,-21.614672]},"properties":{"nome":"3922","tipo":"abertura","bairro":"TRAVESS\u00c3O"}},{"type":"Feature","geometry":{"type":"Point","coordinates":[-41.311432,-21.609947]},"properties":{"nome":"3923","tipo":"abertura","bairro":"TRAVESS\u00c3O"}},{"type":"Feature","geometry":{"type":"Point","coordinates":[-41.311047,-21.610328]},"properties":{"nome":"3933","tipo":"abertura","bairro":"TRAVESS\u00c3O"}},{"type":"Feature","geometry":{"type":"Point","coordinates":[-41.271553,-21.613696]},"properties":{"nome":"3944","tipo":"abertura","bairro":"TRAVESS\u00c3O"}},{"type":"Feature","geometry":{"type":"Point","coordinates":[-41.27149,-21.613722]},"properties":{"nome":"3954","tipo":"abertura","bairro":"TRAVESS\u00c3O"}},{"type":"Feature","geometry":{"type":"Point","coordinates":[-41.31496,-21.613291]},"properties":{"nome":"3982","tipo":"abertura","bairro":"TRAVESS\u00c3O"}},{"type":"Feature","geometry":{"type":"Point","coordinates":[-41.309537,-21.610347]},"properties":{"nome":"3983","tipo":"abertura","bairro":"TRAVESS\u00c3O"}},{"type":"Feature","geometry":{"type":"Point","coordinates":[-41.309506,-21.610259]},"properties":{"nome":"3993","tipo":"abertura","bairro":"TRAVESS\u00c3O"}},{"type":"Feature","geometry":{"type":"Point","coordinates":[-41.271743,-21.615114]},"properties":{"nome":"3994","tipo":"abertura","bairro":"TRAVESS\u00c3O"}},{"type":"Feature","geometry":{"type":"Point","coordinates":[-41.309018,-21.610248]},"properties":{"nome":"4012","tipo":"abertura","bairro":"TRAVESS\u00c3O"}},{"type":"Feature","geometry":{"type":"Point","coordinates":[-41.271295,-21.612789]},"properties":{"nome":"4023","tipo":"abertura","bairro":"TRAVESS\u00c3O"}},{"type":"Feature","geometry":{"type":"Point","coordinates":[-41.308849,-21.610366]},"properties":{"nome":"4032","tipo":"abertura","bairro":"TRAVESS\u00c3O"}},{"type":"Feature","geometry":{"type":"Point","coordinates":[-41.308181,-21.610503]},"properties":{"nome":"4052","tipo":"abertura","bairro":"TRAVESS\u00c3O"}},{"type":"Feature","geometry":{"type":"Point","coordinates":[-41.308151,-21.610268]},"properties":{"nome":"4062","tipo":"abertura","bairro":"TRAVESS\u00c3O"}},{"type":"Feature","geometry":{"type":"Point","coordinates":[-41.307895,-21.610546]},"properties":{"nome":"4082","tipo":"abertura","bairro":"TRAVESS\u00c3O"}},{"type":"Feature","geometry":{"type":"Point","coordinates":[-41.308063,-21.609888]},"properties":{"nome":"4142","tipo":"abertura","bairro":"TRAVESS\u00c3O"}},{"type":"Feature","geometry":{"type":"Point","coordinates":[-41.268726,-21.614808]},"properties":{"nome":"4143","tipo":"abertura","bairro":"TRAVESS\u00c3O"}},{"type":"Feature","geometry":{"type":"Point","coordinates":[-41.308083,-21.609869]},"properties":{"nome":"4152","tipo":"abertura","bairro":"TRAVESS\u00c3O"}},{"type":"Feature","geometry":{"type":"Point","coordinates":[-41.268549,-21.614974]},"properties":{"nome":"4153","tipo":"abertura","bairro":"TRAVESS\u00c3O"}},{"type":"Feature","geometry":{"type":"Point","coordinates":[-41.268414,-21.615147]},"properties":{"nome":"4163","tipo":"abertura","bairro":"TRAVESS\u00c3O"}},{"type":"Feature","geometry":{"type":"Point","coordinates":[-41.308794,-21.609736]},"properties":{"nome":"4172","tipo":"abertura","bairro":"TRAVESS\u00c3O"}},{"type":"Feature","geometry":{"type":"Point","coordinates":[-41.267868,-21.615606]},"properties":{"nome":"4183","tipo":"abertura","bairro":"TRAVESS\u00c3O"}},{"type":"Feature","geometry":{"type":"Point","coordinates":[-41.30904,-21.609716]},"properties":{"nome":"4192","tipo":"abertura","bairro":"TRAVESS\u00c3O"}},{"type":"Feature","geometry":{"type":"Point","coordinates":[-41.267537,-21.615756]},"properties":{"nome":"4193","tipo":"abertura","bairro":"TRAVESS\u00c3O"}},{"type":"Feature","geometry":{"type":"Point","coordinates":[-41.309425,-21.609727]},"properties":{"nome":"4202","tipo":"abertura","bairro":"TRAVESS\u00c3O"}},{"type":"Feature","geometry":{"type":"Point","coordinates":[-41.267612,-21.616006]},"properties":{"nome":"4203","tipo":"abertura","bairro":"TRAVESS\u00c3O"}},{"type":"Feature","geometry":{"type":"Point","coordinates":[-41.309532,-21.609723]},"properties":{"nome":"4212","tipo":"abertura","bairro":"TRAVESS\u00c3O"}},{"type":"Feature","geometry":{"type":"Point","coordinates":[-41.267672,-21.616329]},"properties":{"nome":"4213","tipo":"abertura","bairro":"TRAVESS\u00c3O"}},{"type":"Feature","geometry":{"type":"Point","coordinates":[-41.290224,-21.609794]},"properties":{"nome":"4243","tipo":"abertura","bairro":"TRAVESS\u00c3O"}},{"type":"Feature","geometry":{"type":"Point","coordinates":[-41.311364,-21.609723]},"properties":{"nome":"4281","tipo":"abertura","bairro":"TRAVESS\u00c3O"}},{"type":"Feature","geometry":{"type":"Point","coordinates":[-41.311467,-21.609735]},"properties":{"nome":"4291","tipo":"abertura","bairro":"TRAVESS\u00c3O"}},{"type":"Feature","geometry":{"type":"Point","coordinates":[-41.311495,-21.609848]},"properties":{"nome":"4301","tipo":"abertura","bairro":"TRAVESS\u00c3O"}},{"type":"Feature","geometry":{"type":"Point","coordinates":[-41.311765,-21.609867]},"properties":{"nome":"4311","tipo":"abertura","bairro":"TRAVESS\u00c3O"}},{"type":"Feature","geometry":{"type":"Point","coordinates":[-41.311883,-21.609886]},"properties":{"nome":"4321","tipo":"abertura","bairro":"TRAVESS\u00c3O"}},{"type":"Feature","geometry":{"type":"Point","coordinates":[-41.31189,-21.610002]},"properties":{"nome":"4331","tipo":"abertura","bairro":"TRAVESS\u00c3O"}},{"type":"Feature","geometry":{"type":"Point","coordinates":[-41.300683,-21.609006]},"properties":{"nome":"4431","tipo":"abertura","bairro":"TRAVESS\u00c3O"}},{"type":"Feature","geometry":{"type":"Point","coordinates":[-41.300848,-21.608981]},"properties":{"nome":"4441","tipo":"abertura","bairro":"TRAVESS\u00c3O"}},{"type":"Feature","geometry":{"type":"Point","coordinates":[-41.300954,-21.60892]},"properties":{"nome":"4451","tipo":"abertura","bairro":"TRAVESS\u00c3O"}},{"type":"Feature","geometry":{"type":"Point","coordinates":[-41.301152,-21.608957]},"properties":{"nome":"4461","tipo":"abertura","bairro":"TRAVESS\u00c3O"}},{"type":"Feature","geometry":{"type":"Point","coordinates":[-41.302579,-21.608747]},"properties":{"nome":"4491","tipo":"abertura","bairro":"TRAVESS\u00c3O"}},{"type":"Feature","geometry":{"type":"Point","coordinates":[-41.302904,-21.608651]},"properties":{"nome":"4501","tipo":"abertura","bairro":"TRAVESS\u00c3O"}},{"type":"Feature","geometry":{"type":"Point","coordinates":[-41.303055,-21.608678]},"properties":{"nome":"4511","tipo":"abertura","bairro":"TRAVESS\u00c3O"}},{"type":"Feature","geometry":{"type":"Point","coordinates":[-41.303914,-21.608521]},"properties":{"nome":"4531","tipo":"abertura","bairro":"TRAVESS\u00c3O"}},{"type":"Feature","geometry":{"type":"Point","coordinates":[-41.304242,-21.608465]},"properties":{"nome":"4541","tipo":"abertura","bairro":"TRAVESS\u00c3O"}},{"type":"Feature","geometry":{"type":"Point","coordinates":[-41.305623,-21.608247]},"properties":{"nome":"4571","tipo":"abertura","bairro":"TRAVESS\u00c3O"}},{"type":"Feature","geometry":{"type":"Point","coordinates":[-41.305944,-21.608193]},"properties":{"nome":"4581","tipo":"abertura","bairro":"TRAVESS\u00c3O"}},{"type":"Feature","geometry":{"type":"Point","coordinates":[-41.307138,-21.608006]},"properties":{"nome":"4611","tipo":"abertura","bairro":"TRAVESS\u00c3O"}},{"type":"Feature","geometry":{"type":"Point","coordinates":[-41.317147,-21.603827]},"properties":{"nome":"4671","tipo":"abertura","bairro":"TRAVESS\u00c3O"}},{"type":"Feature","geometry":{"type":"Point","coordinates":[-41.287253,-21.687261]},"properties":{"nome":"0194","tipo":"abertura","bairro":"TRAVESS\u00c3O"}},{"type":"Feature","geometry":{"type":"Point","coordinates":[-41.287246,-21.68696]},"properties":{"nome":"0204","tipo":"abertura","bairro":"TRAVESS\u00c3O"}},{"type":"Feature","geometry":{"type":"Point","coordinates":[-41.277668,-21.671491]},"properties":{"nome":"0313","tipo":"abertura","bairro":"TRAVESS\u00c3O"}},{"type":"Feature","geometry":{"type":"Point","coordinates":[-41.277553,-21.67146]},"properties":{"nome":"0323","tipo":"abertura","bairro":"TRAVESS\u00c3O"}},{"type":"Feature","geometry":{"type":"Point","coordinates":[-41.277295,-21.671506]},"properties":{"nome":"0393","tipo":"abertura","bairro":"TRAVESS\u00c3O"}},{"type":"Feature","geometry":{"type":"Point","coordinates":[-41.277095,-21.671499]},"properties":{"nome":"0403","tipo":"abertura","bairro":"TRAVESS\u00c3O"}},{"type":"Feature","geometry":{"type":"Point","coordinates":[-41.277154,-21.671496]},"properties":{"nome":"0413","tipo":"abertura","bairro":"TRAVESS\u00c3O"}},{"type":"Feature","geometry":{"type":"Point","coordinates":[-41.266862,-21.670304]},"properties":{"nome":"0503","tipo":"abertura","bairro":"TRAVESS\u00c3O"}},{"type":"Feature","geometry":{"type":"Point","coordinates":[-41.266548,-21.670184]},"properties":{"nome":"0513","tipo":"abertura","bairro":"TRAVESS\u00c3O"}},{"type":"Feature","geometry":{"type":"Point","coordinates":[-41.266451,-21.6699]},"properties":{"nome":"0603","tipo":"abertura","bairro":"TRAVESS\u00c3O"}},{"type":"Feature","geometry":{"type":"Point","coordinates":[-41.266363,-21.670032]},"properties":{"nome":"0613","tipo":"abertura","bairro":"TRAVESS\u00c3O"}},{"type":"Feature","geometry":{"type":"Point","coordinates":[-41.26332,-21.671008]},"properties":{"nome":"0773","tipo":"abertura","bairro":"TRAVESS\u00c3O"}},{"type":"Feature","geometry":{"type":"Point","coordinates":[-41.262007,-21.671382]},"properties":{"nome":"0813","tipo":"abertura","bairro":"TRAVESS\u00c3O"}},{"type":"Feature","geometry":{"type":"Point","coordinates":[-41.261881,-21.67128]},"properties":{"nome":"0823","tipo":"abertura","bairro":"TRAVESS\u00c3O"}},{"type":"Feature","geometry":{"type":"Point","coordinates":[-41.261326,-21.671287]},"properties":{"nome":"0913","tipo":"abertura","bairro":"TRAVESS\u00c3O"}},{"type":"Feature","geometry":{"type":"Point","coordinates":[-41.26135,-21.671483]},"properties":{"nome":"0923","tipo":"abertura","bairro":"TRAVESS\u00c3O"}},{"type":"Feature","geometry":{"type":"Point","coordinates":[-41.259456,-21.67182]},"properties":{"nome":"0983","tipo":"abertura","bairro":"TRAVESS\u00c3O"}},{"type":"Feature","geometry":{"type":"Point","coordinates":[-41.257584,-21.672517]},"properties":{"nome":"1053","tipo":"abertura","bairro":"TRAVESS\u00c3O"}},{"type":"Feature","geometry":{"type":"Point","coordinates":[-41.254363,-21.673467]},"properties":{"nome":"1143","tipo":"abertura","bairro":"TRAVESS\u00c3O"}},{"type":"Feature","geometry":{"type":"Point","coordinates":[-41.253979,-21.673361]},"properties":{"nome":"1153","tipo":"abertura","bairro":"TRAVESS\u00c3O"}},{"type":"Feature","geometry":{"type":"Point","coordinates":[-41.253717,-21.674882]},"properties":{"nome":"1213","tipo":"abertura","bairro":"TRAVESS\u00c3O"}},{"type":"Feature","geometry":{"type":"Point","coordinates":[-41.253635,-21.675173]},"properties":{"nome":"1223","tipo":"abertura","bairro":"TRAVESS\u00c3O"}},{"type":"Feature","geometry":{"type":"Point","coordinates":[-41.25333,-21.674873]},"properties":{"nome":"1233","tipo":"abertura","bairro":"TRAVESS\u00c3O"}},{"type":"Feature","geometry":{"type":"Point","coordinates":[-41.251437,-21.674597]},"properties":{"nome":"1333","tipo":"abertura","bairro":"TRAVESS\u00c3O"}},{"type":"Feature","geometry":{"type":"Point","coordinates":[-41.251445,-21.674897]},"properties":{"nome":"1353","tipo":"abertura","bairro":"TRAVESS\u00c3O"}},{"type":"Feature","geometry":{"type":"Point","coordinates":[-41.248983,-21.674254]},"properties":{"nome":"1433","tipo":"abertura","bairro":"TRAVESS\u00c3O"}},{"type":"Feature","geometry":{"type":"Point","coordinates":[-41.24896,-21.674191]},"properties":{"nome":"1443","tipo":"abertura","bairro":"TRAVESS\u00c3O"}},{"type":"Feature","geometry":{"type":"Point","coordinates":[-41.247046,-21.673824]},"properties":{"nome":"1532","tipo":"abertura","bairro":"TRAVESS\u00c3O"}},{"type":"Feature","geometry":{"type":"Point","coordinates":[-41.246965,-21.673938]},"properties":{"nome":"1542","tipo":"abertura","bairro":"TRAVESS\u00c3O"}},{"type":"Feature","geometry":{"type":"Point","coordinates":[-41.246443,-21.673923]},"properties":{"nome":"1552","tipo":"abertura","bairro":"TRAVESS\u00c3O"}},{"type":"Feature","geometry":{"type":"Point","coordinates":[-41.24661,-21.673544]},"properties":{"nome":"1561","tipo":"abertura","bairro":"TRAVESS\u00c3O"}},{"type":"Feature","geometry":{"type":"Point","coordinates":[-41.243034,-21.632429]},"properties":{"nome":"1611","tipo":"abertura","bairro":"TRAVESS\u00c3O"}},{"type":"Feature","geometry":{"type":"Point","coordinates":[-41.24287,-21.6323]},"properties":{"nome":"1621","tipo":"abertura","bairro":"TRAVESS\u00c3O"}},{"type":"Feature","geometry":{"type":"Point","coordinates":[-41.24294,-21.632104]},"properties":{"nome":"1631","tipo":"abertura","bairro":"TRAVESS\u00c3O"}},{"type":"Feature","geometry":{"type":"Point","coordinates":[-41.242882,-21.631705]},"properties":{"nome":"1641","tipo":"abertura","bairro":"TRAVESS\u00c3O"}},{"type":"Feature","geometry":{"type":"Point","coordinates":[-41.242798,-21.630605]},"properties":{"nome":"1681","tipo":"abertura","bairro":"TRAVESS\u00c3O"}},{"type":"Feature","geometry":{"type":"Point","coordinates":[-41.243075,-21.630592]},"properties":{"nome":"1691","tipo":"abertura","bairro":"TRAVESS\u00c3O"}},{"type":"Feature","geometry":{"type":"Point","coordinates":[-41.242182,-21.631512]},"properties":{"nome":"1721","tipo":"abertura","bairro":"TRAVESS\u00c3O"}},{"type":"Feature","geometry":{"type":"Point","coordinates":[-41.242181,-21.631263]},"properties":{"nome":"1731","tipo":"abertura","bairro":"TRAVESS\u00c3O"}},{"type":"Feature","geometry":{"type":"Point","coordinates":[-41.243393,-21.632594]},"properties":{"nome":"1821","tipo":"abertura","bairro":"TRAVESS\u00c3O"}},{"type":"Feature","geometry":{"type":"Point","coordinates":[-41.246689,-21.633269]},"properties":{"nome":"1871","tipo":"abertura","bairro":"TRAVESS\u00c3O"}},{"type":"Feature","geometry":{"type":"Point","coordinates":[-41.246538,-21.633114]},"properties":{"nome":"1881","tipo":"abertura","bairro":"TRAVESS\u00c3O"}},{"type":"Feature","geometry":{"type":"Point","coordinates":[-41.246506,-21.632145]},"properties":{"nome":"1911","tipo":"abertura","bairro":"TRAVESS\u00c3O"}},{"type":"Feature","geometry":{"type":"Point","coordinates":[-41.246526,-21.631773]},"properties":{"nome":"1921","tipo":"abertura","bairro":"TRAVESS\u00c3O"}},{"type":"Feature","geometry":{"type":"Point","coordinates":[-41.251367,-21.632976]},"properties":{"nome":"208","tipo":"abertura","bairro":"TRAVESS\u00c3O"}},{"type":"Feature","geometry":{"type":"Point","coordinates":[-41.251381,-21.632676]},"properties":{"nome":"209","tipo":"abertura","bairro":"TRAVESS\u00c3O"}},{"type":"Feature","geometry":{"type":"Point","coordinates":[-41.252236,-21.63296]},"properties":{"nome":"217","tipo":"abertura","bairro":"TRAVESS\u00c3O"}},{"type":"Feature","geometry":{"type":"Point","coordinates":[-41.252262,-21.632775]},"properties":{"nome":"219","tipo":"abertura","bairro":"TRAVESS\u00c3O"}},{"type":"Feature","geometry":{"type":"Point","coordinates":[-41.252259,-21.6325]},"properties":{"nome":"220","tipo":"abertura","bairro":"TRAVESS\u00c3O"}},{"type":"Feature","geometry":{"type":"Point","coordinates":[-41.252245,-21.632241]},"properties":{"nome":"221","tipo":"abertura","bairro":"TRAVESS\u00c3O"}},{"type":"Feature","geometry":{"type":"Point","coordinates":[-41.252259,-21.631924]},"properties":{"nome":"222","tipo":"abertura","bairro":"TRAVESS\u00c3O"}},{"type":"Feature","geometry":{"type":"Point","coordinates":[-41.252255,-21.631585]},"properties":{"nome":"223","tipo":"abertura","bairro":"TRAVESS\u00c3O"}},{"type":"Feature","geometry":{"type":"Point","coordinates":[-41.252246,-21.631285]},"properties":{"nome":"224","tipo":"abertura","bairro":"TRAVESS\u00c3O"}},{"type":"Feature","geometry":{"type":"Point","coordinates":[-41.252238,-21.630994]},"properties":{"nome":"225","tipo":"abertura","bairro":"TRAVESS\u00c3O"}},{"type":"Feature","geometry":{"type":"Point","coordinates":[-41.252256,-21.630694]},"properties":{"nome":"226","tipo":"abertura","bairro":"TRAVESS\u00c3O"}},{"type":"Feature","geometry":{"type":"Point","coordinates":[-41.252293,-21.630736]},"properties":{"nome":"227","tipo":"abertura","bairro":"TRAVESS\u00c3O"}},{"type":"Feature","geometry":{"type":"Point","coordinates":[-41.253395,-21.630707]},"properties":{"nome":"230","tipo":"abertura","bairro":"TRAVESS\u00c3O"}},{"type":"Feature","geometry":{"type":"Point","coordinates":[-41.253465,-21.630672]},"properties":{"nome":"231","tipo":"abertura","bairro":"TRAVESS\u00c3O"}},{"type":"Feature","geometry":{"type":"Point","coordinates":[-41.253493,-21.631023]},"properties":{"nome":"232","tipo":"abertura","bairro":"TRAVESS\u00c3O"}},{"type":"Feature","geometry":{"type":"Point","coordinates":[-41.253207,-21.631046]},"properties":{"nome":"234","tipo":"abertura","bairro":"TRAVESS\u00c3O"}},{"type":"Feature","geometry":{"type":"Point","coordinates":[-41.252273,-21.631032]},"properties":{"nome":"237","tipo":"abertura","bairro":"TRAVESS\u00c3O"}},{"type":"Feature","geometry":{"type":"Point","coordinates":[-41.252242,-21.631669]},"properties":{"nome":"238","tipo":"abertura","bairro":"TRAVESS\u00c3O"}},{"type":"Feature","geometry":{"type":"Point","coordinates":[-41.253408,-21.631668]},"properties":{"nome":"241","tipo":"abertura","bairro":"TRAVESS\u00c3O"}},{"type":"Feature","geometry":{"type":"Point","coordinates":[-41.253539,-21.631612]},"properties":{"nome":"242","tipo":"abertura","bairro":"TRAVESS\u00c3O"}},{"type":"Feature","geometry":{"type":"Point","coordinates":[-41.253563,-21.632272]},"properties":{"nome":"244","tipo":"abertura","bairro":"TRAVESS\u00c3O"}},{"type":"Feature","geometry":{"type":"Point","coordinates":[-41.253253,-21.632255]},"properties":{"nome":"245","tipo":"abertura","bairro":"TRAVESS\u00c3O"}},{"type":"Feature","geometry":{"type":"Point","coordinates":[-41.252287,-21.63229]},"properties":{"nome":"248","tipo":"abertura","bairro":"TRAVESS\u00c3O"}},{"type":"Feature","geometry":{"type":"Point","coordinates":[-41.253774,-21.632892]},"properties":{"nome":"253","tipo":"abertura","bairro":"TRAVESS\u00c3O"}},{"type":"Feature","geometry":{"type":"Point","coordinates":[-41.253625,-21.632815]},"properties":{"nome":"254","tipo":"abertura","bairro":"TRAVESS\u00c3O"}},{"type":"Feature","geometry":{"type":"Point","coordinates":[-41.254678,-21.632845]},"properties":{"nome":"258","tipo":"abertura","bairro":"TRAVESS\u00c3O"}},{"type":"Feature","geometry":{"type":"Point","coordinates":[-41.254739,-21.63362]},"properties":{"nome":"261","tipo":"abertura","bairro":"TRAVESS\u00c3O"}},{"type":"Feature","geometry":{"type":"Point","coordinates":[-41.254381,-21.633659]},"properties":{"nome":"262","tipo":"abertura","bairro":"TRAVESS\u00c3O"}},{"type":"Feature","geometry":{"type":"Point","coordinates":[-41.253997,-21.633703]},"properties":{"nome":"263","tipo":"abertura","bairro":"TRAVESS\u00c3O"}},{"type":"Feature","geometry":{"type":"Point","coordinates":[-41.253713,-21.633792]},"properties":{"nome":"264","tipo":"abertura","bairro":"TRAVESS\u00c3O"}},{"type":"Feature","geometry":{"type":"Point","coordinates":[-41.306798,-21.607772]},"properties":{"nome":"00134","tipo":"ponto","bairro":"TRAVESS\u00c3O"}},{"type":"Feature","geometry":{"type":"Point","coordinates":[-41.311618,-21.651072]},"properties":{"nome":"00228","tipo":"ponto","bairro":"TRAVESS\u00c3O"}},{"type":"Feature","geometry":{"type":"Point","coordinates":[-41.314419,-21.6055]},"properties":{"nome":"00233","tipo":"ponto","bairro":"TRAVESS\u00c3O"}},{"type":"Feature","geometry":{"type":"Point","coordinates":[-41.311676,-21.648051]},"properties":{"nome":"00628","tipo":"ponto","bairro":"TRAVESS\u00c3O"}},{"type":"Feature","geometry":{"type":"Point","coordinates":[-41.311296,-21.63948]},"properties":{"nome":"00629","tipo":"ponto","bairro":"TRAVESS\u00c3O"}},{"type":"Feature","geometry":{"type":"Point","coordinates":[-41.315988,-21.605202]},"properties":{"nome":"00833","tipo":"ponto","bairro":"TRAVESS\u00c3O"}},{"type":"Feature","geometry":{"type":"Point","coordinates":[-41.312599,-21.624829]},"properties":{"nome":"01031","tipo":"ponto","bairro":"TRAVESS\u00c3O"}},{"type":"Feature","geometry":{"type":"Point","coordinates":[-41.314563,-21.610689]},"properties":{"nome":"01231","tipo":"ponto","bairro":"TRAVESS\u00c3O"}},{"type":"Feature","geometry":{"type":"Point","coordinates":[-41.311355,-21.608448]},"properties":{"nome":"01434","tipo":"ponto","bairro":"TRAVESS\u00c3O"}},{"type":"Feature","geometry":{"type":"Point","coordinates":[-41.312219,-21.641175]},"properties":{"nome":"01527","tipo":"ponto","bairro":"TRAVESS\u00c3O"}},{"type":"Feature","geometry":{"type":"Point","coordinates":[-41.310316,-21.637832]},"properties":{"nome":"01528","tipo":"ponto","bairro":"TRAVESS\u00c3O"}},{"type":"Feature","geometry":{"type":"Point","coordinates":[-41.312323,-21.640309]},"properties":{"nome":"01727","tipo":"ponto","bairro":"TRAVESS\u00c3O"}},{"type":"Feature","geometry":{"type":"Point","coordinates":[-41.312383,-21.639977]},"properties":{"nome":"01827","tipo":"ponto","bairro":"TRAVESS\u00c3O"}},{"type":"Feature","geometry":{"type":"Point","coordinates":[-41.312433,-21.639415]},"properties":{"nome":"01927","tipo":"ponto","bairro":"TRAVESS\u00c3O"}},{"type":"Feature","geometry":{"type":"Point","coordinates":[-41.311273,-21.609016]},"properties":{"nome":"01934","tipo":"ponto","bairro":"TRAVESS\u00c3O"}},{"type":"Feature","geometry":{"type":"Point","coordinates":[-41.310862,-21.635482]},"properties":{"nome":"02029","tipo":"ponto","bairro":"TRAVESS\u00c3O"}},{"type":"Feature","geometry":{"type":"Point","coordinates":[-41.308766,-21.606171]},"properties":{"nome":"02033","tipo":"ponto","bairro":"TRAVESS\u00c3O"}},{"type":"Feature","geometry":{"type":"Point","coordinates":[-41.311028,-21.609014]},"properties":{"nome":"02034","tipo":"ponto","bairro":"TRAVESS\u00c3O"}},{"type":"Feature","geometry":{"type":"Point","coordinates":[-41.315144,-21.609145]},"properties":{"nome":"02131","tipo":"ponto","bairro":"TRAVESS\u00c3O"}},{"type":"Feature","geometry":{"type":"Point","coordinates":[-41.312598,-21.63846]},"properties":{"nome":"02228","tipo":"ponto","bairro":"TRAVESS\u00c3O"}},{"type":"Feature","geometry":{"type":"Point","coordinates":[-41.315126,-21.604307]},"properties":{"nome":"02233","tipo":"ponto","bairro":"TRAVESS\u00c3O"}},{"type":"Feature","geometry":{"type":"Point","coordinates":[-41.30777,-21.637247]},"properties":{"nome":"02529","tipo":"ponto","bairro":"TRAVESS\u00c3O"}},{"type":"Feature","geometry":{"type":"Point","coordinates":[-41.312369,-21.624339]},"properties":{"nome":"02531","tipo":"ponto","bairro":"TRAVESS\u00c3O"}},{"type":"Feature","geometry":{"type":"Point","coordinates":[-41.308657,-21.604833]},"properties":{"nome":"02534","tipo":"ponto","bairro":"TRAVESS\u00c3O"}},{"type":"Feature","geometry":{"type":"Point","coordinates":[-41.310042,-21.608859]},"properties":{"nome":"02535","tipo":"ponto","bairro":"TRAVESS\u00c3O"}},{"type":"Feature","geometry":{"type":"Point","coordinates":[-41.315722,-21.611968]},"properties":{"nome":"02832","tipo":"ponto","bairro":"TRAVESS\u00c3O"}},{"type":"Feature","geometry":{"type":"Point","coordinates":[-41.313117,-21.634565]},"properties":{"nome":"03027","tipo":"ponto","bairro":"TRAVESS\u00c3O"}},{"type":"Feature","geometry":{"type":"Point","coordinates":[-41.309719,-21.636133]},"properties":{"nome":"03029","tipo":"ponto","bairro":"TRAVESS\u00c3O"}},{"type":"Feature","geometry":{"type":"Point","coordinates":[-41.308562,-21.603344]},"properties":{"nome":"03233","tipo":"ponto","bairro":"TRAVESS\u00c3O"}},{"type":"Feature","geometry":{"type":"Point","coordinates":[-41.316002,-21.603792]},"properties":{"nome":"03532","tipo":"ponto","bairro":"TRAVESS\u00c3O"}},{"type":"Feature","geometry":{"type":"Point","coordinates":[-41.304597,-21.637551]},"properties":{"nome":"03628","tipo":"ponto","bairro":"TRAVESS\u00c3O"}},{"type":"Feature","geometry":{"type":"Point","coordinates":[-41.314041,-21.627845]},"properties":{"nome":"03826","tipo":"ponto","bairro":"TRAVESS\u00c3O"}},{"type":"Feature","geometry":{"type":"Point","coordinates":[-41.312783,-21.623882]},"properties":{"nome":"04129","tipo":"ponto","bairro":"TRAVESS\u00c3O"}},{"type":"Feature","geometry":{"type":"Point","coordinates":[-41.315007,-21.60784]},"properties":{"nome":"04130","tipo":"ponto","bairro":"TRAVESS\u00c3O"}},{"type":"Feature","geometry":{"type":"Point","coordinates":[-41.308895,-21.601046]},"properties":{"nome":"04132","tipo":"ponto","bairro":"TRAVESS\u00c3O"}},{"type":"Feature","geometry":{"type":"Point","coordinates":[-41.307738,-21.608385]},"properties":{"nome":"04133","tipo":"ponto","bairro":"TRAVESS\u00c3O"}},{"type":"Feature","geometry":{"type":"Point","coordinates":[-41.316443,-21.602876]},"properties":{"nome":"04231","tipo":"ponto","bairro":"TRAVESS\u00c3O"}},{"type":"Feature","geometry":{"type":"Point","coordinates":[-41.301452,-21.63833]},"properties":{"nome":"04626","tipo":"ponto","bairro":"TRAVESS\u00c3O"}},{"type":"Feature","geometry":{"type":"Point","coordinates":[-41.311641,-21.624052]},"properties":{"nome":"04728","tipo":"ponto","bairro":"TRAVESS\u00c3O"}},{"type":"Feature","geometry":{"type":"Point","coordinates":[-41.309255,-21.601492]},"properties":{"nome":"04731","tipo":"ponto","bairro":"TRAVESS\u00c3O"}},{"type":"Feature","geometry":{"type":"Point","coordinates":[-41.315011,-21.621097]},"properties":{"nome":"04825","tipo":"ponto","bairro":"TRAVESS\u00c3O"}},{"type":"Feature","geometry":{"type":"Point","coordinates":[-41.316695,-21.601262]},"properties":{"nome":"05230","tipo":"ponto","bairro":"TRAVESS\u00c3O"}},{"type":"Feature","geometry":{"type":"Point","coordinates":[-41.312751,-21.623352]},"properties":{"nome":"05428","tipo":"ponto","bairro":"TRAVESS\u00c3O"}},{"type":"Feature","geometry":{"type":"Point","coordinates":[-41.298599,-21.63815]},"properties":{"nome":"05526","tipo":"ponto","bairro":"TRAVESS\u00c3O"}},{"type":"Feature","geometry":{"type":"Point","coordinates":[-41.309373,-21.603612]},"properties":{"nome":"05531","tipo":"ponto","bairro":"TRAVESS\u00c3O"}},{"type":"Feature","geometry":{"type":"Point","coordinates":[-41.306032,-21.608832]},"properties":{"nome":"05532","tipo":"ponto","bairro":"TRAVESS\u00c3O"}},{"type":"Feature","geometry":{"type":"Point","coordinates":[-41.314529,-21.607988]},"properties":{"nome":"05729","tipo":"ponto","bairro":"TRAVESS\u00c3O"}},{"type":"Feature","geometry":{"type":"Point","coordinates":[-41.315538,-21.621692]},"properties":{"nome":"05825","tipo":"ponto","bairro":"TRAVESS\u00c3O"}},{"type":"Feature","geometry":{"type":"Point","coordinates":[-41.308149,-21.633274]},"properties":{"nome":"05827","tipo":"ponto","bairro":"TRAVESS\u00c3O"}},{"type":"Feature","geometry":{"type":"Point","coordinates":[-41.246824,-21.616861]},"properties":{"nome":"06033","tipo":"ponto","bairro":"TRAVESS\u00c3O"}},{"type":"Feature","geometry":{"type":"Point","coordinates":[-41.317231,-21.601125]},"properties":{"nome":"06130","tipo":"ponto","bairro":"TRAVESS\u00c3O"}},{"type":"Feature","geometry":{"type":"Point","coordinates":[-41.246465,-21.616764]},"properties":{"nome":"06133","tipo":"ponto","bairro":"TRAVESS\u00c3O"}},{"type":"Feature","geometry":{"type":"Point","coordinates":[-41.312892,-21.622835]},"properties":{"nome":"06427","tipo":"ponto","bairro":"TRAVESS\u00c3O"}},{"type":"Feature","geometry":{"type":"Point","coordinates":[-41.30592,-21.633355]},"properties":{"nome":"06526","tipo":"ponto","bairro":"TRAVESS\u00c3O"}},{"type":"Feature","geometry":{"type":"Point","coordinates":[-41.316326,-21.620823]},"properties":{"nome":"06824","tipo":"ponto","bairro":"TRAVESS\u00c3O"}},{"type":"Feature","geometry":{"type":"Point","coordinates":[-41.308934,-21.608568]},"properties":{"nome":"06931","tipo":"ponto","bairro":"TRAVESS\u00c3O"}},{"type":"Feature","geometry":{"type":"Point","coordinates":[-41.296921,-21.641026]},"properties":{"nome":"07025","tipo":"ponto","bairro":"TRAVESS\u00c3O"}},{"type":"Feature","geometry":{"type":"Point","coordinates":[-41.309482,-21.606248]},"properties":{"nome":"07230","tipo":"ponto","bairro":"TRAVESS\u00c3O"}},{"type":"Feature","geometry":{"type":"Point","coordinates":[-41.31551,-21.620317]},"properties":{"nome":"07324","tipo":"ponto","bairro":"TRAVESS\u00c3O"}},{"type":"Feature","geometry":{"type":"Point","coordinates":[-41.305949,-21.632637]},"properties":{"nome":"07625","tipo":"ponto","bairro":"TRAVESS\u00c3O"}},{"type":"Feature","geometry":{"type":"Point","coordinates":[-41.313897,-21.602515]},"properties":{"nome":"07628","tipo":"ponto","bairro":"TRAVESS\u00c3O"}},{"type":"Feature","geometry":{"type":"Point","coordinates":[-41.31287,-21.622365]},"properties":{"nome":"07726","tipo":"ponto","bairro":"TRAVESS\u00c3O"}},{"type":"Feature","geometry":{"type":"Point","coordinates":[-41.312182,-21.610142]},"properties":{"nome":"07927","tipo":"ponto","bairro":"TRAVESS\u00c3O"}},{"type":"Feature","geometry":{"type":"Point","coordinates":[-41.312193,-21.608671]},"properties":{"nome":"07930","tipo":"ponto","bairro":"TRAVESS\u00c3O"}},{"type":"Feature","geometry":{"type":"Point","coordinates":[-41.314009,-21.603197]},"properties":{"nome":"08028","tipo":"ponto","bairro":"TRAVESS\u00c3O"}},{"type":"Feature","geometry":{"type":"Point","coordinates":[-41.314064,-21.603456]},"properties":{"nome":"08128","tipo":"ponto","bairro":"TRAVESS\u00c3O"}},{"type":"Feature","geometry":{"type":"Point","coordinates":[-41.30913,-21.60761]},"properties":{"nome":"08229","tipo":"ponto","bairro":"TRAVESS\u00c3O"}},{"type":"Feature","geometry":{"type":"Point","coordinates":[-41.307657,-21.632598]},"properties":{"nome":"08325","tipo":"ponto","bairro":"TRAVESS\u00c3O"}},{"type":"Feature","geometry":{"type":"Point","coordinates":[-41.311958,-21.611151]},"properties":{"nome":"08327","tipo":"ponto","bairro":"TRAVESS\u00c3O"}},{"type":"Feature","geometry":{"type":"Point","coordinates":[-41.315887,-21.618964]},"properties":{"nome":"08723","tipo":"ponto","bairro":"TRAVESS\u00c3O"}},{"type":"Feature","geometry":{"type":"Point","coordinates":[-41.311885,-21.612136]},"properties":{"nome":"08727","tipo":"ponto","bairro":"TRAVESS\u00c3O"}},{"type":"Feature","geometry":{"type":"Point","coordinates":[-41.313722,-21.601411]},"properties":{"nome":"08728","tipo":"ponto","bairro":"TRAVESS\u00c3O"}},{"type":"Feature","geometry":{"type":"Point","coordinates":[-41.31446,-21.621187]},"properties":{"nome":"08826","tipo":"ponto","bairro":"TRAVESS\u00c3O"}},{"type":"Feature","geometry":{"type":"Point","coordinates":[-41.294149,-21.640372]},"properties":{"nome":"08924","tipo":"ponto","bairro":"TRAVESS\u00c3O"}},{"type":"Feature","geometry":{"type":"Point","coordinates":[-41.308647,-21.632915]},"properties":{"nome":"09025","tipo":"ponto","bairro":"TRAVESS\u00c3O"}},{"type":"Feature","geometry":{"type":"Point","coordinates":[-41.312548,-21.607307]},"properties":{"nome":"09130","tipo":"ponto","bairro":"TRAVESS\u00c3O"}},{"type":"Feature","geometry":{"type":"Point","coordinates":[-41.313664,-21.600951]},"properties":{"nome":"09328","tipo":"ponto","bairro":"TRAVESS\u00c3O"}},{"type":"Feature","geometry":{"type":"Point","coordinates":[-41.311573,-21.607319]},"properties":{"nome":"09529","tipo":"ponto","bairro":"TRAVESS\u00c3O"}},{"type":"Feature","geometry":{"type":"Point","coordinates":[-41.291656,-21.640976]},"properties":{"nome":"09624","tipo":"ponto","bairro":"TRAVESS\u00c3O"}},{"type":"Feature","geometry":{"type":"Point","coordinates":[-41.311713,-21.6073]},"properties":{"nome":"09729","tipo":"ponto","bairro":"TRAVESS\u00c3O"}},{"type":"Feature","geometry":{"type":"Point","coordinates":[-41.316931,-21.61837]},"properties":{"nome":"09923","tipo":"ponto","bairro":"TRAVESS\u00c3O"}},{"type":"Feature","geometry":{"type":"Point","coordinates":[-41.312713,-21.620814]},"properties":{"nome":"09926","tipo":"ponto","bairro":"TRAVESS\u00c3O"}},{"type":"Feature","geometry":{"type":"Point","coordinates":[-41.314317,-21.600504]},"properties":{"nome":"10028","tipo":"ponto","bairro":"TRAVESS\u00c3O"}},{"type":"Feature","geometry":{"type":"Point","coordinates":[-41.313335,-21.608948]},"properties":{"nome":"10127","tipo":"ponto","bairro":"TRAVESS\u00c3O"}},{"type":"Feature","geometry":{"type":"Point","coordinates":[-41.312378,-21.607156]},"properties":{"nome":"10129","tipo":"ponto","bairro":"TRAVESS\u00c3O"}},{"type":"Feature","geometry":{"type":"Point","coordinates":[-41.307465,-21.629201]},"properties":{"nome":"10524","tipo":"ponto","bairro":"TRAVESS\u00c3O"}},{"type":"Feature","geometry":{"type":"Point","coordinates":[-41.310742,-21.607567]},"properties":{"nome":"10529","tipo":"ponto","bairro":"TRAVESS\u00c3O"}},{"type":"Feature","geometry":{"type":"Point","coordinates":[-41.311564,-21.622017]},"properties":{"nome":"10628","tipo":"ponto","bairro":"TRAVESS\u00c3O"}},{"type":"Feature","geometry":{"type":"Point","coordinates":[-41.290139,-21.64358]},"properties":{"nome":"11023","tipo":"ponto","bairro":"TRAVESS\u00c3O"}},{"type":"Feature","geometry":{"type":"Point","coordinates":[-41.314198,-21.607891]},"properties":{"nome":"11226","tipo":"ponto","bairro":"TRAVESS\u00c3O"}},{"type":"Feature","geometry":{"type":"Point","coordinates":[-41.318358,-21.61976]},"properties":{"nome":"11322","tipo":"ponto","bairro":"TRAVESS\u00c3O"}},{"type":"Feature","geometry":{"type":"Point","coordinates":[-41.311709,-21.620411]},"properties":{"nome":"11425","tipo":"ponto","bairro":"TRAVESS\u00c3O"}},{"type":"Feature","geometry":{"type":"Point","coordinates":[-41.311694,-21.620265]},"properties":{"nome":"11524","tipo":"ponto","bairro":"TRAVESS\u00c3O"}},{"type":"Feature","geometry":{"type":"Point","coordinates":[-41.311565,-21.619668]},"properties":{"nome":"11527","tipo":"ponto","bairro":"TRAVESS\u00c3O"}},{"type":"Feature","geometry":{"type":"Point","coordinates":[-41.30853,-21.607854]},"properties":{"nome":"11528","tipo":"ponto","bairro":"TRAVESS\u00c3O"}},{"type":"Feature","geometry":{"type":"Point","coordinates":[-41.314063,-21.599986]},"properties":{"nome":"11626","tipo":"ponto","bairro":"TRAVESS\u00c3O"}},{"type":"Feature","geometry":{"type":"Point","coordinates":[-41.306934,-21.625825]},"properties":{"nome":"11723","tipo":"ponto","bairro":"TRAVESS\u00c3O"}},{"type":"Feature","geometry":{"type":"Point","coordinates":[-41.31291,-21.619875]},"properties":{"nome":"12124","tipo":"ponto","bairro":"TRAVESS\u00c3O"}},{"type":"Feature","geometry":{"type":"Point","coordinates":[-41.31251,-21.608443]},"properties":{"nome":"12324","tipo":"ponto","bairro":"TRAVESS\u00c3O"}},{"type":"Feature","geometry":{"type":"Point","coordinates":[-41.30738,-21.620321]},"properties":{"nome":"12422","tipo":"ponto","bairro":"TRAVESS\u00c3O"}},{"type":"Feature","geometry":{"type":"Point","coordinates":[-41.312415,-21.608652]},"properties":{"nome":"12424","tipo":"ponto","bairro":"TRAVESS\u00c3O"}},{"type":"Feature","geometry":{"type":"Point","coordinates":[-41.288261,-21.64125]},"properties":{"nome":"12521","tipo":"ponto","bairro":"TRAVESS\u00c3O"}},{"type":"Feature","geometry":{"type":"Point","coordinates":[-41.311411,-21.639362]},"properties":{"nome":"12522","tipo":"ponto","bairro":"TRAVESS\u00c3O"}},{"type":"Feature","geometry":{"type":"Point","coordinates":[-41.316778,-21.617768]},"properties":{"nome":"12620","tipo":"ponto","bairro":"TRAVESS\u00c3O"}},{"type":"Feature","geometry":{"type":"Point","coordinates":[-41.306699,-21.608053]},"properties":{"nome":"12627","tipo":"ponto","bairro":"TRAVESS\u00c3O"}},{"type":"Feature","geometry":{"type":"Point","coordinates":[-41.311404,-21.639106]},"properties":{"nome":"12722","tipo":"ponto","bairro":"TRAVESS\u00c3O"}},{"type":"Feature","geometry":{"type":"Point","coordinates":[-41.311638,-21.617505]},"properties":{"nome":"12726","tipo":"ponto","bairro":"TRAVESS\u00c3O"}},{"type":"Feature","geometry":{"type":"Point","coordinates":[-41.306275,-21.608153]},"properties":{"nome":"12927","tipo":"ponto","bairro":"TRAVESS\u00c3O"}},{"type":"Feature","geometry":{"type":"Point","coordinates":[-41.313564,-21.608095]},"properties":{"nome":"13024","tipo":"ponto","bairro":"TRAVESS\u00c3O"}},{"type":"Feature","geometry":{"type":"Point","coordinates":[-41.314446,-21.599483]},"properties":{"nome":"13025","tipo":"ponto","bairro":"TRAVESS\u00c3O"}},{"type":"Feature","geometry":{"type":"Point","coordinates":[-41.315401,-21.617912]},"properties":{"nome":"13220","tipo":"ponto","bairro":"TRAVESS\u00c3O"}},{"type":"Feature","geometry":{"type":"Point","coordinates":[-41.311302,-21.627608]},"properties":{"nome":"13523","tipo":"ponto","bairro":"TRAVESS\u00c3O"}},{"type":"Feature","geometry":{"type":"Point","coordinates":[-41.311608,-21.616468]},"properties":{"nome":"13626","tipo":"ponto","bairro":"TRAVESS\u00c3O"}},{"type":"Feature","geometry":{"type":"Point","coordinates":[-41.285465,-21.634241]},"properties":{"nome":"13920","tipo":"ponto","bairro":"TRAVESS\u00c3O"}},{"type":"Feature","geometry":{"type":"Point","coordinates":[-41.313225,-21.606949]},"properties":{"nome":"13923","tipo":"ponto","bairro":"TRAVESS\u00c3O"}},{"type":"Feature","geometry":{"type":"Point","coordinates":[-41.237177,-21.628]},"properties":{"nome":"13927","tipo":"ponto","bairro":"TRAVESS\u00c3O"}},{"type":"Feature","geometry":{"type":"Point","coordinates":[-41.31138,-21.638712]},"properties":{"nome":"14221","tipo":"ponto","bairro":"TRAVESS\u00c3O"}},{"type":"Feature","geometry":{"type":"Point","coordinates":[-41.316608,-21.60552]},"properties":{"nome":"14324","tipo":"ponto","bairro":"TRAVESS\u00c3O"}},{"type":"Feature","geometry":{"type":"Point","coordinates":[-41.311363,-21.624608]},"properties":{"nome":"14422","tipo":"ponto","bairro":"TRAVESS\u00c3O"}},{"type":"Feature","geometry":{"type":"Point","coordinates":[-41.310507,-21.61615]},"properties":{"nome":"14425","tipo":"ponto","bairro":"TRAVESS\u00c3O"}},{"type":"Feature","geometry":{"type":"Point","coordinates":[-41.316838,-21.617121]},"properties":{"nome":"14618","tipo":"ponto","bairro":"TRAVESS\u00c3O"}},{"type":"Feature","geometry":{"type":"Point","coordinates":[-41.314631,-21.606667]},"properties":{"nome":"14722","tipo":"ponto","bairro":"TRAVESS\u00c3O"}},{"type":"Feature","geometry":{"type":"Point","coordinates":[-41.285397,-21.64246]},"properties":{"nome":"14919","tipo":"ponto","bairro":"TRAVESS\u00c3O"}},{"type":"Feature","geometry":{"type":"Point","coordinates":[-41.315289,-21.606703]},"properties":{"nome":"15122","tipo":"ponto","bairro":"TRAVESS\u00c3O"}},{"type":"Feature","geometry":{"type":"Point","coordinates":[-41.316597,-21.598337]},"properties":{"nome":"15123","tipo":"ponto","bairro":"TRAVESS\u00c3O"}},{"type":"Feature","geometry":{"type":"Point","coordinates":[-41.31024,-21.6169]},"properties":{"nome":"15124","tipo":"ponto","bairro":"TRAVESS\u00c3O"}},{"type":"Feature","geometry":{"type":"Point","coordinates":[-41.303777,-21.607701]},"properties":{"nome":"15325","tipo":"ponto","bairro":"TRAVESS\u00c3O"}},{"type":"Feature","geometry":{"type":"Point","coordinates":[-41.315658,-21.606646]},"properties":{"nome":"15422","tipo":"ponto","bairro":"TRAVESS\u00c3O"}},{"type":"Feature","geometry":{"type":"Point","coordinates":[-41.315598,-21.616501]},"properties":{"nome":"15717","tipo":"ponto","bairro":"TRAVESS\u00c3O"}},{"type":"Feature","geometry":{"type":"Point","coordinates":[-41.284018,-21.640486]},"properties":{"nome":"15718","tipo":"ponto","bairro":"TRAVESS\u00c3O"}},{"type":"Feature","geometry":{"type":"Point","coordinates":[-41.302283,-21.608861]},"properties":{"nome":"15824","tipo":"ponto","bairro":"TRAVESS\u00c3O"}},{"type":"Feature","geometry":{"type":"Point","coordinates":[-41.283443,-21.640489]},"properties":{"nome":"15918","tipo":"ponto","bairro":"TRAVESS\u00c3O"}},{"type":"Feature","geometry":{"type":"Point","coordinates":[-41.226676,-21.619483]},"properties":{"nome":"16025","tipo":"ponto","bairro":"TRAVESS\u00c3O"}},{"type":"Feature","geometry":{"type":"Point","coordinates":[-41.315739,-21.615402]},"properties":{"nome":"16117","tipo":"ponto","bairro":"TRAVESS\u00c3O"}},{"type":"Feature","geometry":{"type":"Point","coordinates":[-41.31648,-21.606295]},"properties":{"nome":"16121","tipo":"ponto","bairro":"TRAVESS\u00c3O"}},{"type":"Feature","geometry":{"type":"Point","coordinates":[-41.301346,-21.609022]},"properties":{"nome":"16124","tipo":"ponto","bairro":"TRAVESS\u00c3O"}},{"type":"Feature","geometry":{"type":"Point","coordinates":[-41.282101,-21.640661]},"properties":{"nome":"16318","tipo":"ponto","bairro":"TRAVESS\u00c3O"}},{"type":"Feature","geometry":{"type":"Point","coordinates":[-41.311401,-21.636534]},"properties":{"nome":"16319","tipo":"ponto","bairro":"TRAVESS\u00c3O"}},{"type":"Feature","geometry":{"type":"Point","coordinates":[-41.314872,-21.598886]},"properties":{"nome":"16721","tipo":"ponto","bairro":"TRAVESS\u00c3O"}},{"type":"Feature","geometry":{"type":"Point","coordinates":[-41.315974,-21.613605]},"properties":{"nome":"16916","tipo":"ponto","bairro":"TRAVESS\u00c3O"}},{"type":"Feature","geometry":{"type":"Point","coordinates":[-41.310962,-21.626081]},"properties":{"nome":"16919","tipo":"ponto","bairro":"TRAVESS\u00c3O"}},{"type":"Feature","geometry":{"type":"Point","coordinates":[-41.23183,-21.612689]},"properties":{"nome":"17024","tipo":"ponto","bairro":"TRAVESS\u00c3O"}},{"type":"Feature","geometry":{"type":"Point","coordinates":[-41.309262,-21.61693]},"properties":{"nome":"17221","tipo":"ponto","bairro":"TRAVESS\u00c3O"}},{"type":"Feature","geometry":{"type":"Point","coordinates":[-41.224946,-21.62015]},"properties":{"nome":"17223","tipo":"ponto","bairro":"TRAVESS\u00c3O"}},{"type":"Feature","geometry":{"type":"Point","coordinates":[-41.310596,-21.628028]},"properties":{"nome":"17519","tipo":"ponto","bairro":"TRAVESS\u00c3O"}},{"type":"Feature","geometry":{"type":"Point","coordinates":[-41.313316,-21.599246]},"properties":{"nome":"17520","tipo":"ponto","bairro":"TRAVESS\u00c3O"}},{"type":"Feature","geometry":{"type":"Point","coordinates":[-41.311453,-21.635309]},"properties":{"nome":"17718","tipo":"ponto","bairro":"TRAVESS\u00c3O"}},{"type":"Feature","geometry":{"type":"Point","coordinates":[-41.224845,-21.624629]},"properties":{"nome":"17823","tipo":"ponto","bairro":"TRAVESS\u00c3O"}},{"type":"Feature","geometry":{"type":"Point","coordinates":[-41.31,-21.627636]},"properties":{"nome":"18319","tipo":"ponto","bairro":"TRAVESS\u00c3O"}},{"type":"Feature","geometry":{"type":"Point","coordinates":[-41.275519,-21.633246]},"properties":{"nome":"18517","tipo":"ponto","bairro":"TRAVESS\u00c3O"}},{"type":"Feature","geometry":{"type":"Point","coordinates":[-41.313115,-21.598124]},"properties":{"nome":"18520","tipo":"ponto","bairro":"TRAVESS\u00c3O"}},{"type":"Feature","geometry":{"type":"Point","coordinates":[-41.308782,-21.616251]},"properties":{"nome":"18521","tipo":"ponto","bairro":"TRAVESS\u00c3O"}},{"type":"Feature","geometry":{"type":"Point","coordinates":[-41.309556,-21.625838]},"properties":{"nome":"19217","tipo":"ponto","bairro":"TRAVESS\u00c3O"}},{"type":"Feature","geometry":{"type":"Point","coordinates":[-41.309449,-21.616961]},"properties":{"nome":"19318","tipo":"ponto","bairro":"TRAVESS\u00c3O"}},{"type":"Feature","geometry":{"type":"Point","coordinates":[-41.319216,-21.61078]},"properties":{"nome":"19513","tipo":"ponto","bairro":"TRAVESS\u00c3O"}},{"type":"Feature","geometry":{"type":"Point","coordinates":[-41.27313,-21.632048]},"properties":{"nome":"19613","tipo":"ponto","bairro":"TRAVESS\u00c3O"}},{"type":"Feature","geometry":{"type":"Point","coordinates":[-41.311487,-21.633709]},"properties":{"nome":"19714","tipo":"ponto","bairro":"TRAVESS\u00c3O"}},{"type":"Feature","geometry":{"type":"Point","coordinates":[-41.313914,-21.598414]},"properties":{"nome":"19816","tipo":"ponto","bairro":"TRAVESS\u00c3O"}},{"type":"Feature","geometry":{"type":"Point","coordinates":[-41.217861,-21.612039]},"properties":{"nome":"19819","tipo":"ponto","bairro":"TRAVESS\u00c3O"}},{"type":"Feature","geometry":{"type":"Point","coordinates":[-41.219617,-21.611826]},"properties":{"nome":"19919","tipo":"ponto","bairro":"TRAVESS\u00c3O"}},{"type":"Feature","geometry":{"type":"Point","coordinates":[-41.311656,-21.61488]},"properties":{"nome":"20416","tipo":"ponto","bairro":"TRAVESS\u00c3O"}},{"type":"Feature","geometry":{"type":"Point","coordinates":[-41.300343,-21.610911]},"properties":{"nome":"20717","tipo":"ponto","bairro":"TRAVESS\u00c3O"}},{"type":"Feature","geometry":{"type":"Point","coordinates":[-41.221486,-21.611174]},"properties":{"nome":"20818","tipo":"ponto","bairro":"TRAVESS\u00c3O"}},{"type":"Feature","geometry":{"type":"Point","coordinates":[-41.310277,-21.624716]},"properties":{"nome":"20914","tipo":"ponto","bairro":"TRAVESS\u00c3O"}},{"type":"Feature","geometry":{"type":"Point","coordinates":[-41.2224,-21.611751]},"properties":{"nome":"21018","tipo":"ponto","bairro":"TRAVESS\u00c3O"}},{"type":"Feature","geometry":{"type":"Point","coordinates":[-41.316117,-21.61252]},"properties":{"nome":"21411","tipo":"ponto","bairro":"TRAVESS\u00c3O"}},{"type":"Feature","geometry":{"type":"Point","coordinates":[-41.300563,-21.614069]},"properties":{"nome":"21417","tipo":"ponto","bairro":"TRAVESS\u00c3O"}},{"type":"Feature","geometry":{"type":"Point","coordinates":[-41.316157,-21.612148]},"properties":{"nome":"21511","tipo":"ponto","bairro":"TRAVESS\u00c3O"}},{"type":"Feature","geometry":{"type":"Point","coordinates":[-41.269217,-21.632193]},"properties":{"nome":"21512","tipo":"ponto","bairro":"TRAVESS\u00c3O"}},{"type":"Feature","geometry":{"type":"Point","coordinates":[-41.311489,-21.632408]},"properties":{"nome":"21513","tipo":"ponto","bairro":"TRAVESS\u00c3O"}},{"type":"Feature","geometry":{"type":"Point","coordinates":[-41.30065,-21.617588]},"properties":{"nome":"21917","tipo":"ponto","bairro":"TRAVESS\u00c3O"}},{"type":"Feature","geometry":{"type":"Point","coordinates":[-41.221693,-21.612519]},"properties":{"nome":"21918","tipo":"ponto","bairro":"TRAVESS\u00c3O"}},{"type":"Feature","geometry":{"type":"Point","coordinates":[-41.312244,-21.632086]},"properties":{"nome":"22013","tipo":"ponto","bairro":"TRAVESS\u00c3O"}},{"type":"Feature","geometry":{"type":"Point","coordinates":[-41.313472,-21.619581]},"properties":{"nome":"22214","tipo":"ponto","bairro":"TRAVESS\u00c3O"}},{"type":"Feature","geometry":{"type":"Point","coordinates":[-41.265364,-21.63247]},"properties":{"nome":"22611","tipo":"ponto","bairro":"TRAVESS\u00c3O"}},{"type":"Feature","geometry":{"type":"Point","coordinates":[-41.312748,-21.61901]},"properties":{"nome":"22713","tipo":"ponto","bairro":"TRAVESS\u00c3O"}},{"type":"Feature","geometry":{"type":"Point","coordinates":[-41.223441,-21.610383]},"properties":{"nome":"23017","tipo":"ponto","bairro":"TRAVESS\u00c3O"}},{"type":"Feature","geometry":{"type":"Point","coordinates":[-41.261497,-21.632598]},"properties":{"nome":"23211","tipo":"ponto","bairro":"TRAVESS\u00c3O"}},{"type":"Feature","geometry":{"type":"Point","coordinates":[-41.311489,-21.6312]},"properties":{"nome":"23212","tipo":"ponto","bairro":"TRAVESS\u00c3O"}},{"type":"Feature","geometry":{"type":"Point","coordinates":[-41.260683,-21.632583]},"properties":{"nome":"23311","tipo":"ponto","bairro":"TRAVESS\u00c3O"}},{"type":"Feature","geometry":{"type":"Point","coordinates":[-41.311638,-21.614273]},"properties":{"nome":"23514","tipo":"ponto","bairro":"TRAVESS\u00c3O"}},{"type":"Feature","geometry":{"type":"Point","coordinates":[-41.223129,-21.612718]},"properties":{"nome":"23616","tipo":"ponto","bairro":"TRAVESS\u00c3O"}},{"type":"Feature","geometry":{"type":"Point","coordinates":[-41.296066,-21.616561]},"properties":{"nome":"23715","tipo":"ponto","bairro":"TRAVESS\u00c3O"}},{"type":"Feature","geometry":{"type":"Point","coordinates":[-41.31244,-21.630678]},"properties":{"nome":"23811","tipo":"ponto","bairro":"TRAVESS\u00c3O"}},{"type":"Feature","geometry":{"type":"Point","coordinates":[-41.317694,-21.606342]},"properties":{"nome":"2389","tipo":"ponto","bairro":"TRAVESS\u00c3O"}},{"type":"Feature","geometry":{"type":"Point","coordinates":[-41.257234,-21.632888]},"properties":{"nome":"23910","tipo":"ponto","bairro":"TRAVESS\u00c3O"}},{"type":"Feature","geometry":{"type":"Point","coordinates":[-41.224071,-21.612836]},"properties":{"nome":"23916","tipo":"ponto","bairro":"TRAVESS\u00c3O"}},{"type":"Feature","geometry":{"type":"Point","coordinates":[-41.295082,-21.609964]},"properties":{"nome":"24015","tipo":"ponto","bairro":"TRAVESS\u00c3O"}},{"type":"Feature","geometry":{"type":"Point","coordinates":[-41.292776,-21.610187]},"properties":{"nome":"24314","tipo":"ponto","bairro":"TRAVESS\u00c3O"}},{"type":"Feature","geometry":{"type":"Point","coordinates":[-41.311589,-21.613308]},"properties":{"nome":"24413","tipo":"ponto","bairro":"TRAVESS\u00c3O"}},{"type":"Feature","geometry":{"type":"Point","coordinates":[-41.263504,-21.637117]},"properties":{"nome":"2449","tipo":"ponto","bairro":"TRAVESS\u00c3O"}},{"type":"Feature","geometry":{"type":"Point","coordinates":[-41.225345,-21.614011]},"properties":{"nome":"24515","tipo":"ponto","bairro":"TRAVESS\u00c3O"}},{"type":"Feature","geometry":{"type":"Point","coordinates":[-41.313022,-21.605748]},"properties":{"nome":"24712","tipo":"ponto","bairro":"TRAVESS\u00c3O"}},{"type":"Feature","geometry":{"type":"Point","coordinates":[-41.31793,-21.604698]},"properties":{"nome":"2478","tipo":"ponto","bairro":"TRAVESS\u00c3O"}},{"type":"Feature","geometry":{"type":"Point","coordinates":[-41.311532,-21.63018]},"properties":{"nome":"24910","tipo":"ponto","bairro":"TRAVESS\u00c3O"}},{"type":"Feature","geometry":{"type":"Point","coordinates":[-41.311367,-21.612654]},"properties":{"nome":"25013","tipo":"ponto","bairro":"TRAVESS\u00c3O"}},{"type":"Feature","geometry":{"type":"Point","coordinates":[-41.224453,-21.613555]},"properties":{"nome":"25015","tipo":"ponto","bairro":"TRAVESS\u00c3O"}},{"type":"Feature","geometry":{"type":"Point","coordinates":[-41.313521,-21.618215]},"properties":{"nome":"25111","tipo":"ponto","bairro":"TRAVESS\u00c3O"}},{"type":"Feature","geometry":{"type":"Point","coordinates":[-41.223192,-21.614431]},"properties":{"nome":"25615","tipo":"ponto","bairro":"TRAVESS\u00c3O"}},{"type":"Feature","geometry":{"type":"Point","coordinates":[-41.314991,-21.617338]},"properties":{"nome":"26010","tipo":"ponto","bairro":"TRAVESS\u00c3O"}},{"type":"Feature","geometry":{"type":"Point","coordinates":[-41.308739,-21.61306]},"properties":{"nome":"26112","tipo":"ponto","bairro":"TRAVESS\u00c3O"}},{"type":"Feature","geometry":{"type":"Point","coordinates":[-41.282462,-21.631813]},"properties":{"nome":"2618","tipo":"ponto","bairro":"TRAVESS\u00c3O"}},{"type":"Feature","geometry":{"type":"Point","coordinates":[-41.287682,-21.613762]},"properties":{"nome":"26412","tipo":"ponto","bairro":"TRAVESS\u00c3O"}},{"type":"Feature","geometry":{"type":"Point","coordinates":[-41.219906,-21.613847]},"properties":{"nome":"26613","tipo":"ponto","bairro":"TRAVESS\u00c3O"}},{"type":"Feature","geometry":{"type":"Point","coordinates":[-41.312138,-21.628573]},"properties":{"nome":"2668","tipo":"ponto","bairro":"TRAVESS\u00c3O"}},{"type":"Feature","geometry":{"type":"Point","coordinates":[-41.311515,-21.628895]},"properties":{"nome":"2707","tipo":"ponto","bairro":"TRAVESS\u00c3O"}},{"type":"Feature","geometry":{"type":"Point","coordinates":[-41.287627,-21.616668]},"properties":{"nome":"27311","tipo":"ponto","bairro":"TRAVESS\u00c3O"}},{"type":"Feature","geometry":{"type":"Point","coordinates":[-41.313584,-21.617112]},"properties":{"nome":"2738","tipo":"ponto","bairro":"TRAVESS\u00c3O"}},{"type":"Feature","geometry":{"type":"Point","coordinates":[-41.312324,-21.627925]},"properties":{"nome":"2767","tipo":"ponto","bairro":"TRAVESS\u00c3O"}},{"type":"Feature","geometry":{"type":"Point","coordinates":[-41.312223,-21.605624]},"properties":{"nome":"2779","tipo":"ponto","bairro":"TRAVESS\u00c3O"}},{"type":"Feature","geometry":{"type":"Point","coordinates":[-41.287721,-21.610633]},"properties":{"nome":"27811","tipo":"ponto","bairro":"TRAVESS\u00c3O"}},{"type":"Feature","geometry":{"type":"Point","coordinates":[-41.313239,-21.617766]},"properties":{"nome":"2798","tipo":"ponto","bairro":"TRAVESS\u00c3O"}},{"type":"Feature","geometry":{"type":"Point","coordinates":[-41.309421,-21.614224]},"properties":{"nome":"28010","tipo":"ponto","bairro":"TRAVESS\u00c3O"}},{"type":"Feature","geometry":{"type":"Point","coordinates":[-41.312032,-21.604083]},"properties":{"nome":"2859","tipo":"ponto","bairro":"TRAVESS\u00c3O"}},{"type":"Feature","geometry":{"type":"Point","coordinates":[-41.283426,-21.619093]},"properties":{"nome":"2876","tipo":"ponto","bairro":"TRAVESS\u00c3O"}},{"type":"Feature","geometry":{"type":"Point","coordinates":[-41.312317,-21.627207]},"properties":{"nome":"2877","tipo":"ponto","bairro":"TRAVESS\u00c3O"}},{"type":"Feature","geometry":{"type":"Point","coordinates":[-41.283814,-21.611156]},"properties":{"nome":"28811","tipo":"ponto","bairro":"TRAVESS\u00c3O"}},{"type":"Feature","geometry":{"type":"Point","coordinates":[-41.312758,-21.616309]},"properties":{"nome":"2898","tipo":"ponto","bairro":"TRAVESS\u00c3O"}},{"type":"Feature","geometry":{"type":"Point","coordinates":[-41.284163,-21.615646]},"properties":{"nome":"2926","tipo":"ponto","bairro":"TRAVESS\u00c3O"}},{"type":"Feature","geometry":{"type":"Point","coordinates":[-41.31307,-21.615965]},"properties":{"nome":"2928","tipo":"ponto","bairro":"TRAVESS\u00c3O"}},{"type":"Feature","geometry":{"type":"Point","coordinates":[-41.311443,-21.604532]},"properties":{"nome":"2938","tipo":"ponto","bairro":"TRAVESS\u00c3O"}},{"type":"Feature","geometry":{"type":"Point","coordinates":[-41.31003,-21.615099]},"properties":{"nome":"2949","tipo":"ponto","bairro":"TRAVESS\u00c3O"}},{"type":"Feature","geometry":{"type":"Point","coordinates":[-41.312368,-21.6265]},"properties":{"nome":"2985","tipo":"ponto","bairro":"TRAVESS\u00c3O"}},{"type":"Feature","geometry":{"type":"Point","coordinates":[-41.311315,-21.606656]},"properties":{"nome":"3027","tipo":"ponto","bairro":"TRAVESS\u00c3O"}},{"type":"Feature","geometry":{"type":"Point","coordinates":[-41.284083,-21.612496]},"properties":{"nome":"3064","tipo":"ponto","bairro":"TRAVESS\u00c3O"}},{"type":"Feature","geometry":{"type":"Point","coordinates":[-41.311021,-21.60607]},"properties":{"nome":"3077","tipo":"ponto","bairro":"TRAVESS\u00c3O"}},{"type":"Feature","geometry":{"type":"Point","coordinates":[-41.312688,-21.614826]},"properties":{"nome":"3096","tipo":"ponto","bairro":"TRAVESS\u00c3O"}},{"type":"Feature","geometry":{"type":"Point","coordinates":[-41.311628,-21.625951]},"properties":{"nome":"3135","tipo":"ponto","bairro":"TRAVESS\u00c3O"}},{"type":"Feature","geometry":{"type":"Point","coordinates":[-41.308893,-21.61391]},"properties":{"nome":"3147","tipo":"ponto","bairro":"TRAVESS\u00c3O"}},{"type":"Feature","geometry":{"type":"Point","coordinates":[-41.280102,-21.61161]},"properties":{"nome":"3148","tipo":"ponto","bairro":"TRAVESS\u00c3O"}},{"type":"Feature","geometry":{"type":"Point","coordinates":[-41.280014,-21.612007]},"properties":{"nome":"3176","tipo":"ponto","bairro":"TRAVESS\u00c3O"}},{"type":"Feature","geometry":{"type":"Point","coordinates":[-41.308234,-21.613999]},"properties":{"nome":"3195","tipo":"ponto","bairro":"TRAVESS\u00c3O"}},{"type":"Feature","geometry":{"type":"Point","coordinates":[-41.310286,-21.604467]},"properties":{"nome":"3243","tipo":"ponto","bairro":"TRAVESS\u00c3O"}},{"type":"Feature","geometry":{"type":"Point","coordinates":[-41.311785,-21.614964]},"properties":{"nome":"3262","tipo":"ponto","bairro":"TRAVESS\u00c3O"}},{"type":"Feature","geometry":{"type":"Point","coordinates":[-41.308747,-21.613528]},"properties":{"nome":"3264","tipo":"ponto","bairro":"TRAVESS\u00c3O"}},{"type":"Feature","geometry":{"type":"Point","coordinates":[-41.308919,-21.612487]},"properties":{"nome":"3283","tipo":"ponto","bairro":"TRAVESS\u00c3O"}},{"type":"Feature","geometry":{"type":"Point","coordinates":[-41.273525,-21.612424]},"properties":{"nome":"3314","tipo":"ponto","bairro":"TRAVESS\u00c3O"}},{"type":"Feature","geometry":{"type":"Point","coordinates":[-41.272424,-21.611728]},"properties":{"nome":"3334","tipo":"ponto","bairro":"TRAVESS\u00c3O"}},{"type":"Feature","geometry":{"type":"Point","coordinates":[-41.311778,-21.617548]},"properties":{"nome":"3371","tipo":"ponto","bairro":"TRAVESS\u00c3O"}},{"type":"Feature","geometry":{"type":"Point","coordinates":[-41.272263,-21.61032]},"properties":{"nome":"3383","tipo":"ponto","bairro":"TRAVESS\u00c3O"}},{"type":"Feature","geometry":{"type":"Point","coordinates":[-41.310435,-21.612265]},"properties":{"nome":"3402","tipo":"ponto","bairro":"TRAVESS\u00c3O"}},{"type":"Feature","geometry":{"type":"Point","coordinates":[-41.271413,-21.60835]},"properties":{"nome":"3473","tipo":"ponto","bairro":"TRAVESS\u00c3O"}},{"type":"Feature","geometry":{"type":"Point","coordinates":[-41.311625,-21.612346]},"properties":{"nome":"3492","tipo":"ponto","bairro":"TRAVESS\u00c3O"}},{"type":"Feature","geometry":{"type":"Point","coordinates":[-41.314629,-21.614609]},"properties":{"nome":"3511","tipo":"ponto","bairro":"TRAVESS\u00c3O"}},{"type":"Feature","geometry":{"type":"Point","coordinates":[-41.269888,-21.609873]},"properties":{"nome":"3523","tipo":"ponto","bairro":"TRAVESS\u00c3O"}},{"type":"Feature","geometry":{"type":"Point","coordinates":[-41.311147,-21.611549]},"properties":{"nome":"3552","tipo":"ponto","bairro":"TRAVESS\u00c3O"}},{"type":"Feature","geometry":{"type":"Point","coordinates":[-41.310223,-21.611564]},"properties":{"nome":"3582","tipo":"ponto","bairro":"TRAVESS\u00c3O"}},{"type":"Feature","geometry":{"type":"Point","coordinates":[-41.308693,-21.611624]},"properties":{"nome":"3632","tipo":"ponto","bairro":"TRAVESS\u00c3O"}},{"type":"Feature","geometry":{"type":"Point","coordinates":[-41.268975,-21.612627]},"properties":{"nome":"3653","tipo":"ponto","bairro":"TRAVESS\u00c3O"}},{"type":"Feature","geometry":{"type":"Point","coordinates":[-41.312482,-21.613809]},"properties":{"nome":"3661","tipo":"ponto","bairro":"TRAVESS\u00c3O"}},{"type":"Feature","geometry":{"type":"Point","coordinates":[-41.269778,-21.613173]},"properties":{"nome":"3713","tipo":"ponto","bairro":"TRAVESS\u00c3O"}},{"type":"Feature","geometry":{"type":"Point","coordinates":[-41.313171,-21.613786]},"properties":{"nome":"3721","tipo":"ponto","bairro":"TRAVESS\u00c3O"}},{"type":"Feature","geometry":{"type":"Point","coordinates":[-41.268463,-21.614748]},"properties":{"nome":"3864","tipo":"ponto","bairro":"TRAVESS\u00c3O"}},{"type":"Feature","geometry":{"type":"Point","coordinates":[-41.314559,-21.613388]},"properties":{"nome":"3882","tipo":"ponto","bairro":"TRAVESS\u00c3O"}},{"type":"Feature","geometry":{"type":"Point","coordinates":[-41.311369,-21.610584]},"properties":{"nome":"3893","tipo":"ponto","bairro":"TRAVESS\u00c3O"}},{"type":"Feature","geometry":{"type":"Point","coordinates":[-41.314981,-21.614501]},"properties":{"nome":"3932","tipo":"ponto","bairro":"TRAVESS\u00c3O"}},{"type":"Feature","geometry":{"type":"Point","coordinates":[-41.310742,-21.610326]},"properties":{"nome":"3943","tipo":"ponto","bairro":"TRAVESS\u00c3O"}},{"type":"Feature","geometry":{"type":"Point","coordinates":[-41.314911,-21.613139]},"properties":{"nome":"4002","tipo":"ponto","bairro":"TRAVESS\u00c3O"}},{"type":"Feature","geometry":{"type":"Point","coordinates":[-41.271125,-21.612834]},"properties":{"nome":"4033","tipo":"ponto","bairro":"TRAVESS\u00c3O"}},{"type":"Feature","geometry":{"type":"Point","coordinates":[-41.308111,-21.610099]},"properties":{"nome":"4072","tipo":"ponto","bairro":"TRAVESS\u00c3O"}},{"type":"Feature","geometry":{"type":"Point","coordinates":[-41.307757,-21.609911]},"properties":{"nome":"4132","tipo":"ponto","bairro":"TRAVESS\u00c3O"}},{"type":"Feature","geometry":{"type":"Point","coordinates":[-41.267924,-21.616238]},"properties":{"nome":"4223","tipo":"ponto","bairro":"TRAVESS\u00c3O"}},{"type":"Feature","geometry":{"type":"Point","coordinates":[-41.310352,-21.609719]},"properties":{"nome":"4252","tipo":"ponto","bairro":"TRAVESS\u00c3O"}},{"type":"Feature","geometry":{"type":"Point","coordinates":[-41.311684,-21.61131]},"properties":{"nome":"4391","tipo":"ponto","bairro":"TRAVESS\u00c3O"}},{"type":"Feature","geometry":{"type":"Point","coordinates":[-41.317347,-21.603857]},"properties":{"nome":"4661","tipo":"ponto","bairro":"TRAVESS\u00c3O"}},{"type":"Feature","geometry":{"type":"Point","coordinates":[-41.294434,-21.689189]},"properties":{"nome":"0084","tipo":"ponto","bairro":"TRAVESS\u00c3O"}},{"type":"Feature","geometry":{"type":"Point","coordinates":[-41.294227,-21.689159]},"properties":{"nome":"0094","tipo":"ponto","bairro":"TRAVESS\u00c3O"}},{"type":"Feature","geometry":{"type":"Point","coordinates":[-41.29242,-21.689218]},"properties":{"nome":"0144","tipo":"ponto","bairro":"TRAVESS\u00c3O"}},{"type":"Feature","geometry":{"type":"Point","coordinates":[-41.286621,-21.682325]},"properties":{"nome":"0264","tipo":"ponto","bairro":"TRAVESS\u00c3O"}},{"type":"Feature","geometry":{"type":"Point","coordinates":[-41.277322,-21.669124]},"properties":{"nome":"0383","tipo":"ponto","bairro":"TRAVESS\u00c3O"}},{"type":"Feature","geometry":{"type":"Point","coordinates":[-41.268072,-21.670625]},"properties":{"nome":"0463","tipo":"ponto","bairro":"TRAVESS\u00c3O"}},{"type":"Feature","geometry":{"type":"Point","coordinates":[-41.266611,-21.671204]},"properties":{"nome":"0553","tipo":"ponto","bairro":"TRAVESS\u00c3O"}},{"type":"Feature","geometry":{"type":"Point","coordinates":[-41.26674,-21.673174]},"properties":{"nome":"0593","tipo":"ponto","bairro":"TRAVESS\u00c3O"}},{"type":"Feature","geometry":{"type":"Point","coordinates":[-41.266387,-21.668787]},"properties":{"nome":"0643","tipo":"ponto","bairro":"TRAVESS\u00c3O"}},{"type":"Feature","geometry":{"type":"Point","coordinates":[-41.26242,-21.671311]},"properties":{"nome":"0803","tipo":"ponto","bairro":"TRAVESS\u00c3O"}},{"type":"Feature","geometry":{"type":"Point","coordinates":[-41.261837,-21.670702]},"properties":{"nome":"0833","tipo":"ponto","bairro":"TRAVESS\u00c3O"}},{"type":"Feature","geometry":{"type":"Point","coordinates":[-41.261298,-21.670946]},"properties":{"nome":"0903","tipo":"ponto","bairro":"TRAVESS\u00c3O"}},{"type":"Feature","geometry":{"type":"Point","coordinates":[-41.256944,-21.672753]},"properties":{"nome":"1073","tipo":"ponto","bairro":"TRAVESS\u00c3O"}},{"type":"Feature","geometry":{"type":"Point","coordinates":[-41.25413,-21.673763]},"properties":{"nome":"1173","tipo":"ponto","bairro":"TRAVESS\u00c3O"}},{"type":"Feature","geometry":{"type":"Point","coordinates":[-41.252753,-21.674798]},"properties":{"nome":"1253","tipo":"ponto","bairro":"TRAVESS\u00c3O"}},{"type":"Feature","geometry":{"type":"Point","coordinates":[-41.252012,-21.674688]},"properties":{"nome":"1283","tipo":"ponto","bairro":"TRAVESS\u00c3O"}},{"type":"Feature","geometry":{"type":"Point","coordinates":[-41.24766,-21.673947]},"properties":{"nome":"1512","tipo":"ponto","bairro":"TRAVESS\u00c3O"}},{"type":"Feature","geometry":{"type":"Point","coordinates":[-41.242817,-21.630993]},"properties":{"nome":"1661","tipo":"ponto","bairro":"TRAVESS\u00c3O"}},{"type":"Feature","geometry":{"type":"Point","coordinates":[-41.23929,-21.629591]},"properties":{"nome":"1811","tipo":"ponto","bairro":"TRAVESS\u00c3O"}},{"type":"Feature","geometry":{"type":"Point","coordinates":[-41.246517,-21.631467]},"properties":{"nome":"193","tipo":"ponto","bairro":"TRAVESS\u00c3O"}},{"type":"Feature","geometry":{"type":"Point","coordinates":[-41.247907,-21.633237]},"properties":{"nome":"198","tipo":"ponto","bairro":"TRAVESS\u00c3O"}},{"type":"Feature","geometry":{"type":"Point","coordinates":[-41.252903,-21.631054]},"properties":{"nome":"235","tipo":"ponto","bairro":"TRAVESS\u00c3O"}},{"type":"Feature","geometry":{"type":"Point","coordinates":[-41.253195,-21.632938]},"properties":{"nome":"251","tipo":"ponto","bairro":"TRAVESS\u00c3O"}},{"type":"Feature","geometry":{"type":"Point","coordinates":[-41.254733,-21.633457]},"properties":{"nome":"260","tipo":"ponto","bairro":"TRAVESS\u00c3O"}}]}