{"type":"FeatureCollection","features":[{"type":"Feature","geometry":{"type":"Polygon","coordinates":[[[-41.32937,-21.76526],[-41.327884,-21.761772],[-41.327363,-21.761897],[-41.326846,-21.760723],[-41.327818,-21.760402],[-41.328353,-21.761598],[-41.327883,-21.761768],[-41.329377,-21.76528],[-41.330269,-21.768003],[-41.326606,-21.76911],[-41.325566,-21.766419],[-41.32937,-21.76526],[-41.32937,-21.76526]]]},"properties":{"nome":"\u00c1REA 1473","tipo":"area","bairro":"PARQUE AURORA"}},{"type":"Feature","geometry":{"type":"Polygon","coordinates":[[[-41.331565,-21.772277],[-41.331076,-21.772417],[-41.330954,-21.772128],[-41.328861,-21.772714],[-41.329013,-21.773157],[-41.328384,-21.773392],[-41.327646,-21.771478],[-41.327222,-21.771621],[-41.327145,-21.771413],[-41.327422,-21.771342],[-41.326608,-21.769113],[-41.330272,-21.76801],[-41.331565,-21.772277],[-41.331565,-21.772277]]]},"properties":{"nome":"\u00c1REA 1474","tipo":"area","bairro":"PARQUE AURORA"}},{"type":"Feature","geometry":{"type":"Polygon","coordinates":[[[-41.332506,-21.774965],[-41.330343,-21.775713],[-41.330228,-21.775427],[-41.329322,-21.775761],[-41.328385,-21.773396],[-41.329008,-21.773161],[-41.328863,-21.772715],[-41.330954,-21.77213],[-41.33108,-21.772417],[-41.33157,-21.772277],[-41.332506,-21.774965],[-41.332506,-21.774965]]]},"properties":{"nome":"\u00c1REA 1475","tipo":"area","bairro":"PARQUE AURORA"}},{"type":"Feature","geometry":{"type":"Polygon","coordinates":[[[-41.327077,-21.77038],[-41.323997,-21.771334],[-41.32387,-21.770939],[-41.322876,-21.771191],[-41.321678,-21.767596],[-41.325573,-21.766431],[-41.327077,-21.77038],[-41.327077,-21.77038]]]},"properties":{"nome":"\u00c1REA 1476","tipo":"area","bairro":"PARQUE AURORA"}},{"type":"Feature","geometry":{"type":"Polygon","coordinates":[[[-41.327421,-21.771339],[-41.32715,-21.771418],[-41.327218,-21.771625],[-41.32765,-21.771482],[-41.327941,-21.772256],[-41.323708,-21.77359],[-41.322888,-21.771208],[-41.323871,-21.77094],[-41.323997,-21.771355],[-41.327096,-21.770371],[-41.327421,-21.771339],[-41.327421,-21.771339]]]},"properties":{"nome":"\u00c1REA 1477","tipo":"area","bairro":"PARQUE AURORA"}},{"type":"Feature","geometry":{"type":"Polygon","coordinates":[[[-41.326915,-21.775875],[-41.326552,-21.776091],[-41.326686,-21.776695],[-41.324965,-21.777251],[-41.323715,-21.773596],[-41.327949,-21.772262],[-41.32865,-21.774083],[-41.326656,-21.774746],[-41.326915,-21.775875],[-41.326915,-21.775875]]]},"properties":{"nome":"\u00c1REA 1478","tipo":"area","bairro":"PARQUE AURORA"}},{"type":"Feature","geometry":{"type":"Polygon","coordinates":[[[-41.325393,-21.778533],[-41.324626,-21.778781],[-41.320934,-21.767824],[-41.321669,-21.767602],[-41.325393,-21.778533],[-41.325393,-21.778533]]]},"properties":{"nome":"\u00c1REA 1479","tipo":"area","bairro":"PARQUE AURORA"}},{"type":"Feature","geometry":{"type":"Polygon","coordinates":[[[-41.327919,-21.764358],[-41.32808,-21.764714],[-41.327314,-21.76502],[-41.327153,-21.764668],[-41.327919,-21.764358],[-41.327919,-21.764358]]]},"properties":{"nome":"\u00c1REA 1520","tipo":"area","bairro":"PARQUE AURORA"}},{"type":"Feature","geometry":{"type":"Polygon","coordinates":[[[-41.323676,-21.775977],[-41.322603,-21.776177],[-41.318797,-21.776217],[-41.318811,-21.775391],[-41.319614,-21.775323],[-41.319439,-21.774111],[-41.322696,-21.773113],[-41.322917,-21.773679],[-41.323676,-21.775977],[-41.323676,-21.775977]]]},"properties":{"nome":"\u00c1REA 1480","tipo":"area","bairro":"PARQUE AURORA"}},{"type":"Feature","geometry":{"type":"Polygon","coordinates":[[[-41.322704,-21.773096],[-41.319439,-21.774111],[-41.31858,-21.774268],[-41.318365,-21.77436],[-41.318151,-21.771671],[-41.321877,-21.770799],[-41.322704,-21.773096],[-41.322704,-21.773096]]]},"properties":{"nome":"\u00c1REA 1481","tipo":"area","bairro":"PARQUE AURORA"}},{"type":"Feature","geometry":{"type":"Polygon","coordinates":[[[-41.321879,-21.770801],[-41.318364,-21.771622],[-41.318087,-21.770187],[-41.318228,-21.768771],[-41.320728,-21.767897],[-41.321261,-21.768507],[-41.321879,-21.770801],[-41.321879,-21.770801]]]},"properties":{"nome":"\u00c1REA 1482","tipo":"area","bairro":"PARQUE AURORA"}},{"type":"Feature","geometry":{"type":"Polygon","coordinates":[[[-41.318078,-21.770227],[-41.318361,-21.771619],[-41.318149,-21.771671],[-41.318372,-21.774372],[-41.317023,-21.775047],[-41.314143,-21.770665],[-41.314897,-21.770374],[-41.315376,-21.771018],[-41.318078,-21.770227],[-41.318078,-21.770227]]]},"properties":{"nome":"\u00c1REA 1483","tipo":"area","bairro":"PARQUE AURORA"}},{"type":"Feature","geometry":{"type":"Polygon","coordinates":[[[-41.317863,-21.779281],[-41.317097,-21.779312],[-41.315775,-21.775831],[-41.315096,-21.77611],[-41.315033,-21.775646],[-41.315946,-21.775076],[-41.313345,-21.771061],[-41.314126,-21.770644],[-41.316996,-21.775007],[-41.316345,-21.775386],[-41.317863,-21.779281],[-41.317863,-21.779281]]]},"properties":{"nome":"\u00c1REA 1484","tipo":"area","bairro":"PARQUE AURORA"}},{"type":"Feature","geometry":{"type":"Polygon","coordinates":[[[-41.312486,-21.771633],[-41.31503,-21.77565],[-41.315092,-21.776116],[-41.315781,-21.775835],[-41.317562,-21.780583],[-41.316141,-21.780679],[-41.314393,-21.776096],[-41.311754,-21.772116],[-41.312486,-21.771633],[-41.312486,-21.771633]]]},"properties":{"nome":"\u00c1REA 1485","tipo":"area","bairro":"PARQUE AURORA"}},{"type":"Feature","geometry":{"type":"Polygon","coordinates":[[[-41.311761,-21.772127],[-41.314393,-21.776105],[-41.316144,-21.780681],[-41.314385,-21.78076],[-41.312872,-21.776492],[-41.312588,-21.776657],[-41.311531,-21.774985],[-41.312225,-21.774577],[-41.311112,-21.772772],[-41.311761,-21.772127],[-41.311761,-21.772127]]]},"properties":{"nome":"\u00c1REA 1486","tipo":"area","bairro":"PARQUE AURORA"}},{"type":"Feature","geometry":{"type":"Polygon","coordinates":[[[-41.3126,-21.77667],[-41.310284,-21.777962],[-41.309791,-21.777165],[-41.308842,-21.777295],[-41.308172,-21.776317],[-41.308871,-21.775603],[-41.309939,-21.773808],[-41.31015,-21.773539],[-41.311112,-21.772772],[-41.312221,-21.774579],[-41.311522,-21.77498],[-41.3126,-21.77667],[-41.3126,-21.77667]]]},"properties":{"nome":"\u00c1REA 1487","tipo":"area","bairro":"PARQUE AURORA"}},{"type":"Feature","geometry":{"type":"Polygon","coordinates":[[[-41.312885,-21.776507],[-41.314381,-21.78076],[-41.311617,-21.780922],[-41.310369,-21.778851],[-41.309677,-21.778616],[-41.308856,-21.777303],[-41.309786,-21.777183],[-41.31027,-21.777974],[-41.312885,-21.776507],[-41.312885,-21.776507]]]},"properties":{"nome":"\u00c1REA 1488","tipo":"area","bairro":"PARQUE AURORA"}},{"type":"Feature","geometry":{"type":"Polygon","coordinates":[[[-41.319949,-21.773547],[-41.319682,-21.773629],[-41.318684,-21.773601],[-41.318683,-21.772994],[-41.319926,-21.773107],[-41.319949,-21.773547],[-41.319949,-21.773547]]]},"properties":{"nome":"\u00c1REA 1516","tipo":"area","bairro":"PARQUE AURORA"}},{"type":"Feature","geometry":{"type":"Polygon","coordinates":[[[-41.31503,-21.775649],[-41.312495,-21.771621],[-41.313358,-21.771098],[-41.315943,-21.775072],[-41.31503,-21.775649],[-41.31503,-21.775649]]]},"properties":{"nome":"\u00c1REA 1519","tipo":"area","bairro":"PARQUE AURORA"}},{"type":"Feature","geometry":{"type":"Polygon","coordinates":[[[-41.324401,-21.778118],[-41.323203,-21.778455],[-41.321661,-21.778504],[-41.319068,-21.778499],[-41.319031,-21.77697],[-41.31914,-21.776975],[-41.319144,-21.776829],[-41.319049,-21.776827],[-41.319047,-21.776215],[-41.322595,-21.776177],[-41.32368,-21.775981],[-41.324401,-21.778118],[-41.324401,-21.778118]]]},"properties":{"nome":"\u00c1REA 1489","tipo":"area","bairro":"PARQUE AURORA"}},{"type":"Feature","geometry":{"type":"Polygon","coordinates":[[[-41.324644,-21.778767],[-41.323284,-21.779134],[-41.317864,-21.779274],[-41.316343,-21.775388],[-41.318585,-21.774265],[-41.319436,-21.774111],[-41.319613,-21.775324],[-41.318808,-21.77539],[-41.318795,-21.77622],[-41.319047,-21.776215],[-41.319049,-21.77683],[-41.319141,-21.776826],[-41.319138,-21.776975],[-41.319031,-21.77697],[-41.319068,-21.778495],[-41.323185,-21.778475],[-41.324401,-21.778128],[-41.324644,-21.778767],[-41.324644,-21.778767]]]},"properties":{"nome":"\u00c1REA 1490","tipo":"area","bairro":"PARQUE AURORA"}},{"type":"Feature","geometry":{"type":"Polygon","coordinates":[[[-41.325405,-21.778524],[-41.32585,-21.779845],[-41.323666,-21.780524],[-41.319674,-21.780535],[-41.317639,-21.780624],[-41.31708,-21.779316],[-41.318407,-21.77926],[-41.323293,-21.779155],[-41.324655,-21.778779],[-41.324706,-21.778742],[-41.325405,-21.778524],[-41.325405,-21.778524]]]},"properties":{"nome":"\u00c1REA 1491","tipo":"area","bairro":"PARQUE AURORA"}},{"type":"Feature","geometry":{"type":"Polygon","coordinates":[[[-41.329321,-21.775763],[-41.329039,-21.775862],[-41.329203,-21.776299],[-41.329486,-21.776185],[-41.329855,-21.777133],[-41.329507,-21.777248],[-41.329686,-21.777739],[-41.329505,-21.7778],[-41.329603,-21.778057],[-41.327914,-21.778556],[-41.327767,-21.778167],[-41.325541,-21.778941],[-41.324964,-21.777261],[-41.326691,-21.776692],[-41.326559,-21.776089],[-41.326909,-21.775869],[-41.326659,-21.774745],[-41.328658,-21.774084],[-41.329321,-21.775763],[-41.329321,-21.775763]]]},"properties":{"nome":"\u00c1REA 1492","tipo":"area","bairro":"PARQUE AURORA"}},{"type":"Feature","geometry":{"type":"Polygon","coordinates":[[[-41.327775,-21.77817],[-41.327912,-21.77855],[-41.329606,-21.778057],[-41.329843,-21.778664],[-41.330651,-21.778371],[-41.330216,-21.777231],[-41.331689,-21.776763],[-41.332136,-21.777953],[-41.33341,-21.77753],[-41.333623,-21.778098],[-41.327703,-21.780029],[-41.327471,-21.779314],[-41.325856,-21.779851],[-41.325541,-21.778941],[-41.327775,-21.77817],[-41.327775,-21.77817]]]},"properties":{"nome":"\u00c1REA 1493","tipo":"area","bairro":"PARQUE AURORA"}},{"type":"Feature","geometry":{"type":"Polygon","coordinates":[[[-41.331777,-21.778691],[-41.332032,-21.779451],[-41.333291,-21.779086],[-41.333991,-21.780997],[-41.328913,-21.782663],[-41.32888,-21.782574],[-41.328546,-21.782662],[-41.328073,-21.781202],[-41.328722,-21.78101],[-41.328332,-21.779827],[-41.331777,-21.778691],[-41.331777,-21.778691]]]},"properties":{"nome":"\u00c1REA 1494","tipo":"area","bairro":"PARQUE AURORA"}},{"type":"Feature","geometry":{"type":"Polygon","coordinates":[[[-41.327475,-21.779317],[-41.327699,-21.780022],[-41.328323,-21.779833],[-41.328718,-21.781006],[-41.328073,-21.781207],[-41.328539,-21.782666],[-41.327025,-21.783081],[-41.326995,-21.783381],[-41.326535,-21.78351],[-41.32621,-21.783367],[-41.324668,-21.783692],[-41.324125,-21.781473],[-41.323713,-21.780543],[-41.327475,-21.779317],[-41.327475,-21.779317]]]},"properties":{"nome":"\u00c1REA 1495","tipo":"area","bairro":"PARQUE AURORA"}},{"type":"Feature","geometry":{"type":"Polygon","coordinates":[[[-41.32177,-21.784175],[-41.321652,-21.782373],[-41.321404,-21.782216],[-41.31916,-21.782231],[-41.319096,-21.780562],[-41.32202,-21.780541],[-41.323682,-21.78054],[-41.324226,-21.781744],[-41.324636,-21.783649],[-41.32177,-21.784175],[-41.32177,-21.784175]]]},"properties":{"nome":"\u00c1REA 1496","tipo":"area","bairro":"PARQUE AURORA"}},{"type":"Feature","geometry":{"type":"Polygon","coordinates":[[[-41.321641,-21.782392],[-41.321756,-21.784183],[-41.319046,-21.784705],[-41.318963,-21.784576],[-41.316812,-21.785244],[-41.315924,-21.783169],[-41.318356,-21.782395],[-41.319009,-21.782255],[-41.32138,-21.782233],[-41.321641,-21.782392],[-41.321641,-21.782392]]]},"properties":{"nome":"\u00c1REA 1497","tipo":"area","bairro":"PARQUE AURORA"}},{"type":"Feature","geometry":{"type":"Polygon","coordinates":[[[-41.315792,-21.782872],[-41.312722,-21.782906],[-41.31175,-21.781134],[-41.31727,-21.781051],[-41.318762,-21.781061],[-41.318783,-21.782287],[-41.315924,-21.783169],[-41.315792,-21.782872],[-41.315792,-21.782872]]]},"properties":{"nome":"\u00c1REA 1498","tipo":"area","bairro":"PARQUE AURORA"}},{"type":"Feature","geometry":{"type":"Polygon","coordinates":[[[-41.316218,-21.789772],[-41.31508,-21.787581],[-41.313341,-21.784086],[-41.316301,-21.784071],[-41.316794,-21.785269],[-41.318945,-21.784599],[-41.319626,-21.785988],[-41.319666,-21.787203],[-41.317688,-21.787195],[-41.31878,-21.789816],[-41.316218,-21.789772],[-41.316218,-21.789772]]]},"properties":{"nome":"\u00c1REA 1499","tipo":"area","bairro":"PARQUE AURORA"}},{"type":"Feature","geometry":{"type":"Polygon","coordinates":[[[-41.3158,-21.78288],[-41.316303,-21.784062],[-41.313337,-21.784091],[-41.312716,-21.782906],[-41.3158,-21.78288],[-41.3158,-21.78288]]]},"properties":{"nome":"\u00c1REA 1521","tipo":"area","bairro":"PARQUE AURORA"}},{"type":"Feature","geometry":{"type":"Polygon","coordinates":[[[-41.334916,-21.783483],[-41.332189,-21.784291],[-41.332243,-21.784411],[-41.330088,-21.785118],[-41.329895,-21.784593],[-41.329578,-21.78469],[-41.328917,-21.782673],[-41.333996,-21.780995],[-41.334916,-21.783483],[-41.334916,-21.783483]]]},"properties":{"nome":"\u00c1REA 1500","tipo":"area","bairro":"PARQUE AURORA"}},{"type":"Feature","geometry":{"type":"Polygon","coordinates":[[[-41.333003,-21.786167],[-41.332191,-21.784291],[-41.334912,-21.783485],[-41.33329,-21.779081],[-41.332034,-21.779451],[-41.331791,-21.7787],[-41.333623,-21.7781],[-41.336004,-21.784891],[-41.335298,-21.784947],[-41.333003,-21.786167],[-41.333003,-21.786167]]]},"properties":{"nome":"\u00c1REA 1501","tipo":"area","bairro":"PARQUE AURORA"}},{"type":"Feature","geometry":{"type":"Polygon","coordinates":[[[-41.342539,-21.788339],[-41.342509,-21.788572],[-41.336731,-21.787363],[-41.337382,-21.789241],[-41.336835,-21.789363],[-41.335603,-21.785751],[-41.333596,-21.787041],[-41.332986,-21.786177],[-41.335275,-21.784973],[-41.336129,-21.784879],[-41.336267,-21.784765],[-41.340189,-21.785687],[-41.342539,-21.788339],[-41.342539,-21.788339]]]},"properties":{"nome":"\u00c1REA 1502","tipo":"area","bairro":"PARQUE AURORA"}},{"type":"Feature","geometry":{"type":"Polygon","coordinates":[[[-41.332238,-21.784412],[-41.333137,-21.78647],[-41.33116,-21.78781],[-41.330664,-21.787183],[-41.329886,-21.785872],[-41.329687,-21.785095],[-41.330043,-21.784998],[-41.330092,-21.785123],[-41.332238,-21.784412],[-41.332238,-21.784412]]]},"properties":{"nome":"\u00c1REA 1503","tipo":"area","bairro":"PARQUE AURORA"}},{"type":"Feature","geometry":{"type":"Polygon","coordinates":[[[-41.333147,-21.786459],[-41.333589,-21.787065],[-41.331518,-21.788349],[-41.33108,-21.788672],[-41.329629,-21.789851],[-41.329132,-21.7902],[-41.328343,-21.789253],[-41.328481,-21.789142],[-41.328704,-21.78904],[-41.329016,-21.788671],[-41.329148,-21.788942],[-41.330024,-21.78845],[-41.330257,-21.787909],[-41.329688,-21.786762],[-41.330189,-21.786476],[-41.331139,-21.787826],[-41.333147,-21.786459],[-41.333147,-21.786459]]]},"properties":{"nome":"\u00c1REA 1504","tipo":"area","bairro":"PARQUE AURORA"}},{"type":"Feature","geometry":{"type":"Polygon","coordinates":[[[-41.329862,-21.785942],[-41.328431,-21.786537],[-41.33024,-21.787918],[-41.330013,-21.788419],[-41.329211,-21.78892],[-41.328308,-21.787519],[-41.327777,-21.787687],[-41.327328,-21.78646],[-41.327106,-21.785463],[-41.329896,-21.784597],[-41.330035,-21.784996],[-41.329689,-21.785096],[-41.329862,-21.785942],[-41.329862,-21.785942]]]},"properties":{"nome":"\u00c1REA 1505","tipo":"area","bairro":"PARQUE AURORA"}},{"type":"Feature","geometry":{"type":"Polygon","coordinates":[[[-41.328784,-21.788415],[-41.32895,-21.7887],[-41.3287,-21.789008],[-41.328481,-21.789098],[-41.328321,-21.789255],[-41.328656,-21.789638],[-41.328968,-21.79003],[-41.329114,-21.790199],[-41.328506,-21.790722],[-41.327899,-21.790888],[-41.326734,-21.789647],[-41.326665,-21.789061],[-41.327184,-21.788893],[-41.326899,-21.787487],[-41.327606,-21.787248],[-41.327745,-21.787703],[-41.328301,-21.787548],[-41.328784,-21.788415],[-41.328784,-21.788415]]]},"properties":{"nome":"\u00c1REA 1506","tipo":"area","bairro":"PARQUE AURORA"}},{"type":"Feature","geometry":{"type":"Polygon","coordinates":[[[-41.325969,-21.78996],[-41.325271,-21.786517],[-41.324939,-21.786326],[-41.324845,-21.785947],[-41.327081,-21.785432],[-41.327305,-21.786447],[-41.327597,-21.787237],[-41.326871,-21.787481],[-41.327157,-21.788865],[-41.326645,-21.789063],[-41.326729,-21.789722],[-41.325969,-21.78996],[-41.325969,-21.78996]]]},"properties":{"nome":"\u00c1REA 1507","tipo":"area","bairro":"PARQUE AURORA"}},{"type":"Feature","geometry":{"type":"Polygon","coordinates":[[[-41.350133,-21.801897],[-41.350273,-21.802097],[-41.352789,-21.800408],[-41.354941,-21.801224],[-41.353705,-21.802056],[-41.353396,-21.801649],[-41.350366,-21.803711],[-41.349853,-21.803448],[-41.349578,-21.803194],[-41.349881,-21.802997],[-41.349409,-21.802384],[-41.350133,-21.801897],[-41.350133,-21.801897]]]},"properties":{"nome":"\u00c1REA 1514","tipo":"area","bairro":"PARQUE AURORA"}},{"type":"Feature","geometry":{"type":"Polygon","coordinates":[[[-41.350365,-21.80371],[-41.353395,-21.801649],[-41.353703,-21.802055],[-41.35494,-21.801221],[-41.356097,-21.801675],[-41.351557,-21.804674],[-41.350993,-21.804037],[-41.350365,-21.80371],[-41.350365,-21.80371]]]},"properties":{"nome":"\u00c1REA 1515","tipo":"area","bairro":"PARQUE AURORA"}},{"type":"Feature","geometry":{"type":"Polygon","coordinates":[[[-41.356097,-21.801676],[-41.357171,-21.802132],[-41.351851,-21.805678],[-41.351748,-21.805085],[-41.351555,-21.804674],[-41.356097,-21.801676],[-41.356097,-21.801676]]]},"properties":{"nome":"\u00c1REA 1522","tipo":"area","bairro":"PARQUE AURORA"}},{"type":"Feature","geometry":{"type":"Polygon","coordinates":[[[-41.357172,-21.802131],[-41.358029,-21.80245],[-41.351599,-21.806813],[-41.351852,-21.805675],[-41.357172,-21.802131],[-41.357172,-21.802131]]]},"properties":{"nome":"\u00c1REA 1523","tipo":"area","bairro":"PARQUE AURORA"}},{"type":"Feature","geometry":{"type":"Polygon","coordinates":[[[-41.322338,-21.786436],[-41.32211,-21.785338],[-41.323572,-21.784945],[-41.323357,-21.783919],[-41.326191,-21.783387],[-41.326549,-21.783533],[-41.327013,-21.783385],[-41.327037,-21.783086],[-41.328881,-21.78258],[-41.329567,-21.784684],[-41.327117,-21.785445],[-41.327086,-21.785416],[-41.324844,-21.785936],[-41.322338,-21.786436],[-41.322338,-21.786436]]]},"properties":{"nome":"\u00c1REA 1508","tipo":"area","bairro":"PARQUE AURORA"}},{"type":"Feature","geometry":{"type":"Polygon","coordinates":[[[-41.323561,-21.784941],[-41.322104,-21.785322],[-41.322149,-21.785599],[-41.32143,-21.785752],[-41.31948,-21.785662],[-41.319262,-21.7852],[-41.319668,-21.784676],[-41.323327,-21.783908],[-41.323561,-21.784941],[-41.323561,-21.784941]]]},"properties":{"nome":"\u00c1REA 1509","tipo":"area","bairro":"PARQUE AURORA"}},{"type":"Feature","geometry":{"type":"Polygon","coordinates":[[[-41.325637,-21.78834],[-41.322762,-21.788897],[-41.32237,-21.787149],[-41.321879,-21.787133],[-41.321735,-21.78657],[-41.324828,-21.78595],[-41.324933,-21.786359],[-41.325265,-21.786531],[-41.325637,-21.78834],[-41.325637,-21.78834]]]},"properties":{"nome":"\u00c1REA 1510","tipo":"area","bairro":"PARQUE AURORA"}},{"type":"Feature","geometry":{"type":"Polygon","coordinates":[[[-41.325967,-21.790082],[-41.323893,-21.790389],[-41.323639,-21.789926],[-41.322673,-21.790053],[-41.321865,-21.79],[-41.322034,-21.789332],[-41.322096,-21.789135],[-41.319487,-21.788398],[-41.319673,-21.787206],[-41.322418,-21.787675],[-41.322752,-21.788922],[-41.325603,-21.788374],[-41.325967,-21.790082],[-41.325967,-21.790082]]]},"properties":{"nome":"\u00c1REA 1511","tipo":"area","bairro":"PARQUE AURORA"}},{"type":"Feature","geometry":{"type":"Polygon","coordinates":[[[-41.321839,-21.791946],[-41.320943,-21.790377],[-41.321017,-21.789955],[-41.322681,-21.790049],[-41.323631,-21.789927],[-41.323871,-21.790376],[-41.323925,-21.790372],[-41.324776,-21.791964],[-41.322759,-21.792829],[-41.321839,-21.791946],[-41.321839,-21.791946]]]},"properties":{"nome":"\u00c1REA 1512","tipo":"area","bairro":"PARQUE AURORA"}},{"type":"Feature","geometry":{"type":"Polygon","coordinates":[[[-41.32601,-21.791798],[-41.327109,-21.794074],[-41.327406,-21.795808],[-41.326856,-21.796548],[-41.325749,-21.797002],[-41.325259,-21.796396],[-41.324308,-21.795841],[-41.322761,-21.792857],[-41.323309,-21.792601],[-41.324094,-21.792249],[-41.324934,-21.791971],[-41.32601,-21.791798],[-41.32601,-21.791798]]]},"properties":{"nome":"\u00c1REA 1513","tipo":"area","bairro":"PARQUE AURORA"}},{"type":"Feature","geometry":{"type":"Polygon","coordinates":[[[-41.350626,-21.766247],[-41.350451,-21.766542],[-41.35142,-21.767059],[-41.350881,-21.767924],[-41.349929,-21.76742],[-41.350626,-21.766246],[-41.349131,-21.765461],[-41.351041,-21.76368],[-41.354576,-21.766133],[-41.354875,-21.766292],[-41.353871,-21.76798],[-41.350626,-21.766247],[-41.350626,-21.766247]]]},"properties":{"nome":"\u00c1REA 1517","tipo":"area","bairro":"PARQUE AURORA"}},{"type":"Feature","geometry":{"type":"Polygon","coordinates":[[[-41.35612,-21.765484],[-41.365859,-21.771066],[-41.363452,-21.775014],[-41.36216,-21.774349],[-41.36459,-21.770337],[-41.356126,-21.765492],[-41.355392,-21.766652],[-41.351048,-21.763682],[-41.352073,-21.762792],[-41.35612,-21.765484],[-41.35612,-21.765484]]]},"properties":{"nome":"\u00c1REA 1524","tipo":"area","bairro":"PARQUE AURORA"}},{"type":"Feature","geometry":{"type":"Polygon","coordinates":[[[-41.333404,-21.777527],[-41.332138,-21.777948],[-41.33169,-21.776757],[-41.330214,-21.777232],[-41.330652,-21.778368],[-41.329843,-21.778666],[-41.329506,-21.777803],[-41.329684,-21.777739],[-41.329508,-21.777249],[-41.329859,-21.777129],[-41.329486,-21.776181],[-41.329204,-21.776296],[-41.329041,-21.775863],[-41.330236,-21.775429],[-41.330347,-21.775711],[-41.332514,-21.77496],[-41.333404,-21.777527],[-41.333404,-21.777527]]]},"properties":{"nome":"\u00c1REA 1518","tipo":"area","bairro":"PARQUE AURORA"}},{"type":"Feature","geometry":{"type":"Point","coordinates":[-41.328346,-21.767799]},"properties":{"nome":"\u00c1REA 1473","tipo":"ponto","bairro":"PARQUE AURORA"}},{"type":"Feature","geometry":{"type":"Point","coordinates":[-41.330143,-21.771258]},"properties":{"nome":"\u00c1REA 1474","tipo":"ponto","bairro":"PARQUE AURORA"}},{"type":"Feature","geometry":{"type":"Point","coordinates":[-41.331991,-21.774251]},"properties":{"nome":"\u00c1REA 1475","tipo":"ponto","bairro":"PARQUE AURORA"}},{"type":"Feature","geometry":{"type":"Point","coordinates":[-41.325055,-21.76864]},"properties":{"nome":"\u00c1REA 1476","tipo":"ponto","bairro":"PARQUE AURORA"}},{"type":"Feature","geometry":{"type":"Point","coordinates":[-41.32553,-21.772137]},"properties":{"nome":"\u00c1REA 1477","tipo":"ponto","bairro":"PARQUE AURORA"}},{"type":"Feature","geometry":{"type":"Point","coordinates":[-41.325963,-21.773963]},"properties":{"nome":"\u00c1REA 1478","tipo":"ponto","bairro":"PARQUE AURORA"}},{"type":"Feature","geometry":{"type":"Point","coordinates":[-41.323232,-21.773153]},"properties":{"nome":"\u00c1REA 1479","tipo":"ponto","bairro":"PARQUE AURORA"}},{"type":"Feature","geometry":{"type":"Point","coordinates":[-41.321186,-21.774006]},"properties":{"nome":"\u00c1REA 1480","tipo":"ponto","bairro":"PARQUE AURORA"}},{"type":"Feature","geometry":{"type":"Point","coordinates":[-41.321004,-21.77278]},"properties":{"nome":"\u00c1REA 1481","tipo":"ponto","bairro":"PARQUE AURORA"}},{"type":"Feature","geometry":{"type":"Point","coordinates":[-41.320038,-21.769999]},"properties":{"nome":"\u00c1REA 1482","tipo":"ponto","bairro":"PARQUE AURORA"}},{"type":"Feature","geometry":{"type":"Point","coordinates":[-41.316425,-21.772272]},"properties":{"nome":"\u00c1REA 1483","tipo":"ponto","bairro":"PARQUE AURORA"}},{"type":"Feature","geometry":{"type":"Point","coordinates":[-41.315743,-21.775342]},"properties":{"nome":"\u00c1REA 1484","tipo":"ponto","bairro":"PARQUE AURORA"}},{"type":"Feature","geometry":{"type":"Point","coordinates":[-41.315524,-21.776943]},"properties":{"nome":"\u00c1REA 1485","tipo":"ponto","bairro":"PARQUE AURORA"}},{"type":"Feature","geometry":{"type":"Point","coordinates":[-41.313726,-21.77646]},"properties":{"nome":"\u00c1REA 1486","tipo":"ponto","bairro":"PARQUE AURORA"}},{"type":"Feature","geometry":{"type":"Point","coordinates":[-41.309892,-21.774834]},"properties":{"nome":"\u00c1REA 1487","tipo":"ponto","bairro":"PARQUE AURORA"}},{"type":"Feature","geometry":{"type":"Point","coordinates":[-41.3122,-21.778473]},"properties":{"nome":"\u00c1REA 1488","tipo":"ponto","bairro":"PARQUE AURORA"}},{"type":"Feature","geometry":{"type":"Point","coordinates":[-41.322006,-21.777319]},"properties":{"nome":"\u00c1REA 1489","tipo":"ponto","bairro":"PARQUE AURORA"}},{"type":"Feature","geometry":{"type":"Point","coordinates":[-41.318613,-21.777189]},"properties":{"nome":"\u00c1REA 1490","tipo":"ponto","bairro":"PARQUE AURORA"}},{"type":"Feature","geometry":{"type":"Point","coordinates":[-41.323623,-21.779323]},"properties":{"nome":"\u00c1REA 1491","tipo":"ponto","bairro":"PARQUE AURORA"}},{"type":"Feature","geometry":{"type":"Point","coordinates":[-41.326929,-21.776766]},"properties":{"nome":"\u00c1REA 1492","tipo":"ponto","bairro":"PARQUE AURORA"}},{"type":"Feature","geometry":{"type":"Point","coordinates":[-41.329637,-21.778877]},"properties":{"nome":"\u00c1REA 1493","tipo":"ponto","bairro":"PARQUE AURORA"}},{"type":"Feature","geometry":{"type":"Point","coordinates":[-41.331251,-21.780448]},"properties":{"nome":"\u00c1REA 1494","tipo":"ponto","bairro":"PARQUE AURORA"}},{"type":"Feature","geometry":{"type":"Point","coordinates":[-41.325957,-21.78108]},"properties":{"nome":"\u00c1REA 1495","tipo":"ponto","bairro":"PARQUE AURORA"}},{"type":"Feature","geometry":{"type":"Point","coordinates":[-41.323162,-21.781719]},"properties":{"nome":"\u00c1REA 1496","tipo":"ponto","bairro":"PARQUE AURORA"}},{"type":"Feature","geometry":{"type":"Point","coordinates":[-41.319565,-21.78326]},"properties":{"nome":"\u00c1REA 1497","tipo":"ponto","bairro":"PARQUE AURORA"}},{"type":"Feature","geometry":{"type":"Point","coordinates":[-41.316446,-21.782145]},"properties":{"nome":"\u00c1REA 1498","tipo":"ponto","bairro":"PARQUE AURORA"}},{"type":"Feature","geometry":{"type":"Point","coordinates":[-41.317856,-21.785821]},"properties":{"nome":"\u00c1REA 1499","tipo":"ponto","bairro":"PARQUE AURORA"}},{"type":"Feature","geometry":{"type":"Point","coordinates":[-41.332367,-21.782812]},"properties":{"nome":"\u00c1REA 1500","tipo":"ponto","bairro":"PARQUE AURORA"}},{"type":"Feature","geometry":{"type":"Point","coordinates":[-41.334386,-21.784687]},"properties":{"nome":"\u00c1REA 1501","tipo":"ponto","bairro":"PARQUE AURORA"}},{"type":"Feature","geometry":{"type":"Point","coordinates":[-41.337335,-21.786211]},"properties":{"nome":"\u00c1REA 1502","tipo":"ponto","bairro":"PARQUE AURORA"}},{"type":"Feature","geometry":{"type":"Point","coordinates":[-41.33133,-21.785103]},"properties":{"nome":"\u00c1REA 1503","tipo":"ponto","bairro":"PARQUE AURORA"}},{"type":"Feature","geometry":{"type":"Point","coordinates":[-41.33006,-21.788981]},"properties":{"nome":"\u00c1REA 1504","tipo":"ponto","bairro":"PARQUE AURORA"}},{"type":"Feature","geometry":{"type":"Point","coordinates":[-41.327419,-21.785807]},"properties":{"nome":"\u00c1REA 1505","tipo":"ponto","bairro":"PARQUE AURORA"}},{"type":"Feature","geometry":{"type":"Point","coordinates":[-41.327695,-21.788906]},"properties":{"nome":"\u00c1REA 1506","tipo":"ponto","bairro":"PARQUE AURORA"}},{"type":"Feature","geometry":{"type":"Point","coordinates":[-41.326727,-21.787927]},"properties":{"nome":"\u00c1REA 1507","tipo":"ponto","bairro":"PARQUE AURORA"}},{"type":"Feature","geometry":{"type":"Point","coordinates":[-41.325298,-21.785139]},"properties":{"nome":"\u00c1REA 1508","tipo":"ponto","bairro":"PARQUE AURORA"}},{"type":"Feature","geometry":{"type":"Point","coordinates":[-41.321232,-21.784987]},"properties":{"nome":"\u00c1REA 1509","tipo":"ponto","bairro":"PARQUE AURORA"}},{"type":"Feature","geometry":{"type":"Point","coordinates":[-41.323456,-21.786756]},"properties":{"nome":"\u00c1REA 1510","tipo":"ponto","bairro":"PARQUE AURORA"}},{"type":"Feature","geometry":{"type":"Point","coordinates":[-41.323968,-21.788942]},"properties":{"nome":"\u00c1REA 1511","tipo":"ponto","bairro":"PARQUE AURORA"}},{"type":"Feature","geometry":{"type":"Point","coordinates":[-41.322325,-21.790026]},"properties":{"nome":"\u00c1REA 1512","tipo":"ponto","bairro":"PARQUE AURORA"}},{"type":"Feature","geometry":{"type":"Point","coordinates":[-41.325231,-21.794632]},"properties":{"nome":"\u00c1REA 1513","tipo":"ponto","bairro":"PARQUE AURORA"}},{"type":"Feature","geometry":{"type":"Point","coordinates":[-41.350673,-21.802559]},"properties":{"nome":"\u00c1REA 1514","tipo":"ponto","bairro":"PARQUE AURORA"}},{"type":"Feature","geometry":{"type":"Point","coordinates":[-41.352241,-21.803324]},"properties":{"nome":"\u00c1REA 1515","tipo":"ponto","bairro":"PARQUE AURORA"}},{"type":"Feature","geometry":{"type":"Point","coordinates":[-41.319811,-21.773371]},"properties":{"nome":"\u00c1REA 1516","tipo":"ponto","bairro":"PARQUE AURORA"}},{"type":"Feature","geometry":{"type":"Point","coordinates":[-41.35165,-21.765889]},"properties":{"nome":"\u00c1REA 1517","tipo":"ponto","bairro":"PARQUE AURORA"}},{"type":"Feature","geometry":{"type":"Point","coordinates":[-41.330907,-21.776721]},"properties":{"nome":"\u00c1REA 1518","tipo":"ponto","bairro":"PARQUE AURORA"}},{"type":"Feature","geometry":{"type":"Point","coordinates":[-41.314448,-21.773704]},"properties":{"nome":"\u00c1REA 1519","tipo":"ponto","bairro":"PARQUE AURORA"}},{"type":"Feature","geometry":{"type":"Point","coordinates":[-41.327317,-21.764823]},"properties":{"nome":"\u00c1REA 1520","tipo":"ponto","bairro":"PARQUE AURORA"}},{"type":"Feature","geometry":{"type":"Point","coordinates":[-41.313772,-21.783173]},"properties":{"nome":"\u00c1REA 1521","tipo":"ponto","bairro":"PARQUE AURORA"}},{"type":"Feature","geometry":{"type":"Point","coordinates":[-41.353015,-21.804568]},"properties":{"nome":"\u00c1REA 1522","tipo":"ponto","bairro":"PARQUE AURORA"}},{"type":"Feature","geometry":{"type":"Point","coordinates":[-41.353334,-21.804966]},"properties":{"nome":"\u00c1REA 1523","tipo":"ponto","bairro":"PARQUE AURORA"}},{"type":"Feature","geometry":{"type":"Point","coordinates":[-41.353463,-21.763829]},"properties":{"nome":"\u00c1REA 1524","tipo":"ponto","bairro":"PARQUE AURORA"}},{"type":"Feature","geometry":{"type":"LineString","coordinates":[[-41.329361,-21.765728],[-41.32915,-21.765794],[-41.329744,-21.767471],[-41.329118,-21.767679]]},"properties":{"nome":"1","tipo":"distribuicao","bairro":"PARQUE AURORA"}},{"type":"Feature","geometry":{"type":"LineString","coordinates":[[-41.329122,-21.767678],[-41.32866,-21.767837],[-41.328364,-21.767848]]},"properties":{"nome":"1","tipo":"distribuicao","bairro":"PARQUE AURORA"}},{"type":"Feature","geometry":{"type":"LineString","coordinates":[[-41.329574,-21.766343],[-41.32945,-21.766386],[-41.329843,-21.767515],[-41.329146,-21.767739]]},"properties":{"nome":"2","tipo":"distribuicao","bairro":"PARQUE AURORA"}},{"type":"Feature","geometry":{"type":"LineString","coordinates":[[-41.328364,-21.767848],[-41.32867,-21.767897],[-41.329149,-21.767739]]},"properties":{"nome":"2","tipo":"distribuicao","bairro":"PARQUE AURORA"}},{"type":"Feature","geometry":{"type":"LineString","coordinates":[[-41.329022,-21.767345],[-41.329051,-21.767437],[-41.329482,-21.767281],[-41.329531,-21.7674],[-41.329074,-21.767557]]},"properties":{"nome":"3","tipo":"distribuicao","bairro":"PARQUE AURORA"}},{"type":"Feature","geometry":{"type":"LineString","coordinates":[[-41.329076,-21.767553],[-41.328643,-21.767711],[-41.328366,-21.767844]]},"properties":{"nome":"3","tipo":"distribuicao","bairro":"PARQUE AURORA"}},{"type":"Feature","geometry":{"type":"LineString","coordinates":[[-41.33001,-21.767674],[-41.329837,-21.767591],[-41.329174,-21.767796]]},"properties":{"nome":"4","tipo":"distribuicao","bairro":"PARQUE AURORA"}},{"type":"Feature","geometry":{"type":"LineString","coordinates":[[-41.328366,-21.767846],[-41.328677,-21.76796],[-41.329175,-21.767796]]},"properties":{"nome":"4","tipo":"distribuicao","bairro":"PARQUE AURORA"}},{"type":"Feature","geometry":{"type":"LineString","coordinates":[[-41.329233,-21.767956],[-41.329196,-21.767852],[-41.328673,-21.768018],[-41.328365,-21.767847]]},"properties":{"nome":"5","tipo":"distribuicao","bairro":"PARQUE AURORA"}},{"type":"Feature","geometry":{"type":"LineString","coordinates":[[-41.328367,-21.767846],[-41.328616,-21.768035],[-41.328578,-21.768191]]},"properties":{"nome":"6","tipo":"distribuicao","bairro":"PARQUE AURORA"}},{"type":"Feature","geometry":{"type":"LineString","coordinates":[[-41.328363,-21.767846],[-41.328322,-21.768156],[-41.327574,-21.768402],[-41.327607,-21.768501]]},"properties":{"nome":"7","tipo":"distribuicao","bairro":"PARQUE AURORA"}},{"type":"Feature","geometry":{"type":"LineString","coordinates":[[-41.327882,-21.766182],[-41.328078,-21.766133],[-41.328483,-21.767433],[-41.328366,-21.767847]]},"properties":{"nome":"8","tipo":"distribuicao","bairro":"PARQUE AURORA"}},{"type":"Feature","geometry":{"type":"LineString","coordinates":[[-41.328118,-21.767128],[-41.328246,-21.767095],[-41.328352,-21.76747],[-41.328364,-21.767847]]},"properties":{"nome":"9","tipo":"distribuicao","bairro":"PARQUE AURORA"}},{"type":"Feature","geometry":{"type":"LineString","coordinates":[[-41.327595,-21.76726],[-41.327539,-21.767121],[-41.328245,-21.766895],[-41.328418,-21.767442],[-41.328365,-21.767845]]},"properties":{"nome":"10","tipo":"distribuicao","bairro":"PARQUE AURORA"}},{"type":"Feature","geometry":{"type":"LineString","coordinates":[[-41.327438,-21.767873],[-41.3274,-21.767774],[-41.326485,-21.768078],[-41.326661,-21.76853],[-41.327525,-21.768247]]},"properties":{"nome":"12","tipo":"distribuicao","bairro":"PARQUE AURORA"}},{"type":"Feature","geometry":{"type":"LineString","coordinates":[[-41.328364,-21.767846],[-41.328161,-21.768027],[-41.327522,-21.76825]]},"properties":{"nome":"12","tipo":"distribuicao","bairro":"PARQUE AURORA"}},{"type":"Feature","geometry":{"type":"LineString","coordinates":[[-41.327107,-21.768279],[-41.327258,-21.768279],[-41.327514,-21.768194]]},"properties":{"nome":"13","tipo":"distribuicao","bairro":"PARQUE AURORA"}},{"type":"Feature","geometry":{"type":"LineString","coordinates":[[-41.328364,-21.767847],[-41.32811,-21.767986],[-41.327512,-21.768195]]},"properties":{"nome":"13","tipo":"distribuicao","bairro":"PARQUE AURORA"}},{"type":"Feature","geometry":{"type":"LineString","coordinates":[[-41.326523,-21.767805],[-41.326341,-21.767865],[-41.326622,-21.768599],[-41.327546,-21.768305]]},"properties":{"nome":"14","tipo":"distribuicao","bairro":"PARQUE AURORA"}},{"type":"Feature","geometry":{"type":"LineString","coordinates":[[-41.328363,-21.767846],[-41.328207,-21.768064],[-41.327547,-21.768303]]},"properties":{"nome":"14","tipo":"distribuicao","bairro":"PARQUE AURORA"}},{"type":"Feature","geometry":{"type":"LineString","coordinates":[[-41.326141,-21.766845],[-41.32592,-21.766928],[-41.326586,-21.768672],[-41.327574,-21.768353]]},"properties":{"nome":"15","tipo":"distribuicao","bairro":"PARQUE AURORA"}},{"type":"Feature","geometry":{"type":"LineString","coordinates":[[-41.328363,-21.767848],[-41.328258,-21.76811],[-41.327566,-21.768352]]},"properties":{"nome":"15","tipo":"distribuicao","bairro":"PARQUE AURORA"}},{"type":"Feature","geometry":{"type":"LineString","coordinates":[[-41.328364,-21.767846],[-41.328651,-21.767772],[-41.329649,-21.767433],[-41.327129,-21.760747],[-41.327767,-21.760519]]},"properties":{"nome":"16","tipo":"distribuicao","bairro":"PARQUE AURORA"}},{"type":"Feature","geometry":{"type":"LineString","coordinates":[[-41.331233,-21.771721],[-41.330976,-21.771788],[-41.33077,-21.771224]]},"properties":{"nome":"1","tipo":"distribuicao","bairro":"PARQUE AURORA"}},{"type":"Feature","geometry":{"type":"LineString","coordinates":[[-41.330172,-21.771333],[-41.330774,-21.771217]]},"properties":{"nome":"1","tipo":"distribuicao","bairro":"PARQUE AURORA"}},{"type":"Feature","geometry":{"type":"LineString","coordinates":[[-41.330186,-21.771312],[-41.3307,-21.770854],[-41.330965,-21.771008]]},"properties":{"nome":"2","tipo":"distribuicao","bairro":"PARQUE AURORA"}},{"type":"Feature","geometry":{"type":"LineString","coordinates":[[-41.330165,-21.771311],[-41.330684,-21.770747],[-41.330275,-21.769427],[-41.33045,-21.769206]]},"properties":{"nome":"3","tipo":"distribuicao","bairro":"PARQUE AURORA"}},{"type":"Feature","geometry":{"type":"LineString","coordinates":[[-41.329873,-21.769226],[-41.329968,-21.769519],[-41.330164,-21.769463]]},"properties":{"nome":"4","tipo":"distribuicao","bairro":"PARQUE AURORA"}},{"type":"Feature","geometry":{"type":"LineString","coordinates":[[-41.330165,-21.771311],[-41.330578,-21.770731],[-41.330165,-21.769463]]},"properties":{"nome":"4","tipo":"distribuicao","bairro":"PARQUE AURORA"}},{"type":"Feature","geometry":{"type":"LineString","coordinates":[[-41.3288,-21.769573],[-41.328947,-21.769946],[-41.330103,-21.769596]]},"properties":{"nome":"5","tipo":"distribuicao","bairro":"PARQUE AURORA"}},{"type":"Feature","geometry":{"type":"LineString","coordinates":[[-41.330165,-21.771311],[-41.330474,-21.770715],[-41.330097,-21.769597]]},"properties":{"nome":"5","tipo":"distribuicao","bairro":"PARQUE AURORA"}},{"type":"Feature","geometry":{"type":"LineString","coordinates":[[-41.327105,-21.769238],[-41.327499,-21.769109],[-41.328296,-21.77098]]},"properties":{"nome":"6","tipo":"distribuicao","bairro":"PARQUE AURORA"}},{"type":"Feature","geometry":{"type":"LineString","coordinates":[[-41.328293,-21.770979],[-41.329385,-21.770636],[-41.330187,-21.771324]]},"properties":{"nome":"6","tipo":"distribuicao","bairro":"PARQUE AURORA"}},{"type":"Feature","geometry":{"type":"LineString","coordinates":[[-41.327464,-21.769989],[-41.327722,-21.769908],[-41.328234,-21.771101]]},"properties":{"nome":"7","tipo":"distribuicao","bairro":"PARQUE AURORA"}},{"type":"Feature","geometry":{"type":"LineString","coordinates":[[-41.328232,-21.771091],[-41.329415,-21.770725],[-41.330179,-21.77132]]},"properties":{"nome":"7","tipo":"distribuicao","bairro":"PARQUE AURORA"}},{"type":"Feature","geometry":{"type":"LineString","coordinates":[[-41.327707,-21.770753],[-41.327942,-21.770683],[-41.328165,-21.771202]]},"properties":{"nome":"8","tipo":"distribuicao","bairro":"PARQUE AURORA"}},{"type":"Feature","geometry":{"type":"LineString","coordinates":[[-41.328166,-21.771203],[-41.32944,-21.770795],[-41.330179,-21.77132]]},"properties":{"nome":"8","tipo":"distribuicao","bairro":"PARQUE AURORA"}},{"type":"Feature","geometry":{"type":"LineString","coordinates":[[-41.330172,-21.77132],[-41.329501,-21.770956],[-41.328247,-21.771348],[-41.328465,-21.771945],[-41.328224,-21.772023]]},"properties":{"nome":"9","tipo":"distribuicao","bairro":"PARQUE AURORA"}},{"type":"Feature","geometry":{"type":"LineString","coordinates":[[-41.328611,-21.772999],[-41.328885,-21.772921],[-41.328651,-21.772211]]},"properties":{"nome":"10","tipo":"distribuicao","bairro":"PARQUE AURORA"}},{"type":"Feature","geometry":{"type":"LineString","coordinates":[[-41.330171,-21.771308],[-41.329538,-21.771025],[-41.328346,-21.771396],[-41.328648,-21.772204]]},"properties":{"nome":"10","tipo":"distribuicao","bairro":"PARQUE AURORA"}},{"type":"Feature","geometry":{"type":"LineString","coordinates":[[-41.328832,-21.771676],[-41.328723,-21.771367],[-41.32957,-21.771098],[-41.330181,-21.771318]]},"properties":{"nome":"11","tipo":"distribuicao","bairro":"PARQUE AURORA"}},{"type":"Feature","geometry":{"type":"LineString","coordinates":[[-41.329479,-21.771484],[-41.329406,-21.77132],[-41.329651,-21.771244],[-41.330169,-21.771315]]},"properties":{"nome":"12","tipo":"distribuicao","bairro":"PARQUE AURORA"}},{"type":"Feature","geometry":{"type":"LineString","coordinates":[[-41.328731,-21.769892],[-41.32892,-21.770067],[-41.330039,-21.769735]]},"properties":{"nome":"14","tipo":"distribuicao","bairro":"PARQUE AURORA"}},{"type":"Feature","geometry":{"type":"LineString","coordinates":[[-41.330039,-21.769735],[-41.330381,-21.770714],[-41.33018,-21.771324]]},"properties":{"nome":"14","tipo":"distribuicao","bairro":"PARQUE AURORA"}},{"type":"Feature","geometry":{"type":"LineString","coordinates":[[-41.330201,-21.771296],[-41.329469,-21.770879],[-41.3281,-21.771316]]},"properties":{"nome":"15","tipo":"distribuicao","bairro":"PARQUE AURORA"}},{"type":"Feature","geometry":{"type":"LineString","coordinates":[[-41.328102,-21.771314],[-41.327912,-21.770829],[-41.327832,-21.77085],[-41.327969,-21.771181],[-41.327381,-21.771383],[-41.327427,-21.771491]]},"properties":{"nome":"15","tipo":"distribuicao","bairro":"PARQUE AURORA"}},{"type":"Feature","geometry":{"type":"LineString","coordinates":[[-41.330178,-21.771311],[-41.329622,-21.77117],[-41.328904,-21.771404],[-41.329245,-21.77234],[-41.329287,-21.772329],[-41.329329,-21.772455]]},"properties":{"nome":"16","tipo":"distribuicao","bairro":"PARQUE AURORA"}},{"type":"Feature","geometry":{"type":"LineString","coordinates":[[-41.331982,-21.774212],[-41.331985,-21.773566],[-41.331856,-21.773181],[-41.33166,-21.773252]]},"properties":{"nome":"1","tipo":"distribuicao","bairro":"PARQUE AURORA"}},{"type":"Feature","geometry":{"type":"LineString","coordinates":[[-41.3313,-21.774326],[-41.331367,-21.774308],[-41.331501,-21.774678],[-41.331887,-21.774548],[-41.331994,-21.774234]]},"properties":{"nome":"3","tipo":"distribuicao","bairro":"PARQUE AURORA"}},{"type":"Feature","geometry":{"type":"LineString","coordinates":[[-41.331219,-21.774022],[-41.331327,-21.773988],[-41.331536,-21.774609],[-41.331851,-21.774503],[-41.331994,-21.774234]]},"properties":{"nome":"4","tipo":"distribuicao","bairro":"PARQUE AURORA"}},{"type":"Feature","geometry":{"type":"LineString","coordinates":[[-41.331983,-21.774235],[-41.332058,-21.773532],[-41.33164,-21.772302],[-41.330681,-21.772652],[-41.330732,-21.772783]]},"properties":{"nome":"5","tipo":"distribuicao","bairro":"PARQUE AURORA"}},{"type":"Feature","geometry":{"type":"LineString","coordinates":[[-41.329194,-21.77334],[-41.329115,-21.773145],[-41.330672,-21.772577]]},"properties":{"nome":"6","tipo":"distribuicao","bairro":"PARQUE AURORA"}},{"type":"Feature","geometry":{"type":"LineString","coordinates":[[-41.331983,-21.774215],[-41.332127,-21.773487],[-41.331684,-21.772212],[-41.330661,-21.772581]]},"properties":{"nome":"6","tipo":"distribuicao","bairro":"PARQUE AURORA"}},{"type":"Feature","geometry":{"type":"LineString","coordinates":[[-41.329005,-21.773991],[-41.32879,-21.774064],[-41.328475,-21.773291],[-41.330634,-21.772518]]},"properties":{"nome":"7","tipo":"distribuicao","bairro":"PARQUE AURORA"}},{"type":"Feature","geometry":{"type":"LineString","coordinates":[[-41.331983,-21.774215],[-41.332198,-21.773462],[-41.331726,-21.772133],[-41.330628,-21.772521]]},"properties":{"nome":"7","tipo":"distribuicao","bairro":"PARQUE AURORA"}},{"type":"Feature","geometry":{"type":"LineString","coordinates":[[-41.329409,-21.775002],[-41.329149,-21.775096],[-41.329337,-21.775589],[-41.332001,-21.774635],[-41.331976,-21.774232]]},"properties":{"nome":"8","tipo":"distribuicao","bairro":"PARQUE AURORA"}},{"type":"Feature","geometry":{"type":"LineString","coordinates":[[-41.33022,-21.774952],[-41.330308,-21.775174],[-41.331945,-21.774593],[-41.331976,-21.774232]]},"properties":{"nome":"9","tipo":"distribuicao","bairro":"PARQUE AURORA"}},{"type":"Feature","geometry":{"type":"LineString","coordinates":[[-41.331628,-21.774449],[-41.331655,-21.77452],[-41.331823,-21.774463],[-41.331994,-21.774234]]},"properties":{"nome":"10","tipo":"distribuicao","bairro":"PARQUE AURORA"}},{"type":"Feature","geometry":{"type":"LineString","coordinates":[[-41.331263,-21.772995],[-41.331196,-21.773022],[-41.331352,-21.773397],[-41.331571,-21.773324],[-41.33145,-21.772976],[-41.331384,-21.772998]]},"properties":{"nome":"11","tipo":"distribuicao","bairro":"PARQUE AURORA"}},{"type":"Feature","geometry":{"type":"LineString","coordinates":[[-41.331985,-21.774232],[-41.331884,-21.774201],[-41.331586,-21.773351],[-41.331329,-21.773441],[-41.331164,-21.773013],[-41.331254,-21.77298],[-41.331254,-21.772984]]},"properties":{"nome":"12","tipo":"distribuicao","bairro":"PARQUE AURORA"}},{"type":"Feature","geometry":{"type":"LineString","coordinates":[[-41.331985,-21.774232],[-41.331788,-21.774228],[-41.331515,-21.773508],[-41.331254,-21.773596],[-41.331077,-21.773128],[-41.330932,-21.773175],[-41.330998,-21.773348],[-41.330964,-21.773363],[-41.330894,-21.773185],[-41.33043,-21.77334],[-41.330488,-21.773509]]},"properties":{"nome":"13","tipo":"distribuicao","bairro":"PARQUE AURORA"}},{"type":"Feature","geometry":{"type":"LineString","coordinates":[[-41.331985,-21.774232],[-41.331841,-21.774223],[-41.331548,-21.773437],[-41.331303,-21.773516],[-41.331126,-21.773055],[-41.329866,-21.773469],[-41.329943,-21.773674],[-41.329912,-21.773683],[-41.329836,-21.773479],[-41.329443,-21.773608],[-41.329518,-21.77381]]},"properties":{"nome":"15","tipo":"distribuicao","bairro":"PARQUE AURORA"}},{"type":"Feature","geometry":{"type":"LineString","coordinates":[[-41.331271,-21.773641],[-41.331041,-21.773718],[-41.330934,-21.773443],[-41.330903,-21.773451],[-41.331007,-21.773727],[-41.330699,-21.773832],[-41.330596,-21.773554]]},"properties":{"nome":"17","tipo":"distribuicao","bairro":"PARQUE AURORA"}},{"type":"Feature","geometry":{"type":"LineString","coordinates":[[-41.331475,-21.773576],[-41.33127,-21.773642]]},"properties":{"nome":"17","tipo":"distribuicao","bairro":"PARQUE AURORA"}},{"type":"Feature","geometry":{"type":"LineString","coordinates":[[-41.331985,-21.774232],[-41.331735,-21.774233],[-41.331475,-21.773577]]},"properties":{"nome":"17","tipo":"distribuicao","bairro":"PARQUE AURORA"}},{"type":"Feature","geometry":{"type":"LineString","coordinates":[[-41.331299,-21.773698],[-41.330258,-21.774038],[-41.330135,-21.773703],[-41.330102,-21.773719],[-41.33022,-21.774056],[-41.329748,-21.774211],[-41.329628,-21.773859]]},"properties":{"nome":"19","tipo":"distribuicao","bairro":"PARQUE AURORA"}},{"type":"Feature","geometry":{"type":"LineString","coordinates":[[-41.331445,-21.773647],[-41.331299,-21.773697]]},"properties":{"nome":"19","tipo":"distribuicao","bairro":"PARQUE AURORA"}},{"type":"Feature","geometry":{"type":"LineString","coordinates":[[-41.331983,-21.774215],[-41.331675,-21.774244],[-41.331448,-21.773647]]},"properties":{"nome":"19","tipo":"distribuicao","bairro":"PARQUE AURORA"}},{"type":"Feature","geometry":{"type":"LineString","coordinates":[[-41.325044,-21.768616],[-41.325187,-21.768446],[-41.325526,-21.768316],[-41.325495,-21.768249],[-41.325558,-21.768221],[-41.32497,-21.767186],[-41.325034,-21.767156]]},"properties":{"nome":"1","tipo":"distribuicao","bairro":"PARQUE AURORA"}},{"type":"Feature","geometry":{"type":"LineString","coordinates":[[-41.325052,-21.768621],[-41.325193,-21.768486],[-41.325596,-21.768352],[-41.325555,-21.768276],[-41.325641,-21.768241]]},"properties":{"nome":"2","tipo":"distribuicao","bairro":"PARQUE AURORA"}},{"type":"Feature","geometry":{"type":"LineString","coordinates":[[-41.325059,-21.76863],[-41.32518,-21.768658],[-41.325738,-21.76851],[-41.325876,-21.769139],[-41.325994,-21.769114]]},"properties":{"nome":"3","tipo":"distribuicao","bairro":"PARQUE AURORA"}},{"type":"Feature","geometry":{"type":"LineString","coordinates":[[-41.325048,-21.768626],[-41.325193,-21.768708],[-41.325682,-21.768579],[-41.325958,-21.769817],[-41.326137,-21.769781]]},"properties":{"nome":"4","tipo":"distribuicao","bairro":"PARQUE AURORA"}},{"type":"Feature","geometry":{"type":"LineString","coordinates":[[-41.323704,-21.767729],[-41.323981,-21.767642],[-41.324151,-21.768279]]},"properties":{"nome":"5","tipo":"distribuicao","bairro":"PARQUE AURORA"}},{"type":"Feature","geometry":{"type":"LineString","coordinates":[[-41.324152,-21.768274],[-41.324254,-21.768627],[-41.324821,-21.768479],[-41.325048,-21.768617]]},"properties":{"nome":"5","tipo":"distribuicao","bairro":"PARQUE AURORA"}},{"type":"Feature","geometry":{"type":"LineString","coordinates":[[-41.323832,-21.768353],[-41.324091,-21.768291],[-41.324204,-21.768689],[-41.324843,-21.768528],[-41.325042,-21.768617]]},"properties":{"nome":"6","tipo":"distribuicao","bairro":"PARQUE AURORA"}},{"type":"Feature","geometry":{"type":"LineString","coordinates":[[-41.324071,-21.769498],[-41.324277,-21.769442],[-41.323992,-21.76845]]},"properties":{"nome":"7","tipo":"distribuicao","bairro":"PARQUE AURORA"}},{"type":"Feature","geometry":{"type":"LineString","coordinates":[[-41.325041,-21.768614],[-41.32486,-21.768573],[-41.324159,-21.768755],[-41.324073,-21.768428],[-41.323987,-21.768451]]},"properties":{"nome":"7","tipo":"distribuicao","bairro":"PARQUE AURORA"}},{"type":"Feature","geometry":{"type":"LineString","coordinates":[[-41.324366,-21.770835],[-41.324363,-21.770751],[-41.325904,-21.770297],[-41.325808,-21.769835]]},"properties":{"nome":"8","tipo":"distribuicao","bairro":"PARQUE AURORA"}},{"type":"Feature","geometry":{"type":"LineString","coordinates":[[-41.325046,-21.76862],[-41.325208,-21.768835],[-41.325564,-21.768744],[-41.325808,-21.769838]]},"properties":{"nome":"8","tipo":"distribuicao","bairro":"PARQUE AURORA"}},{"type":"Feature","geometry":{"type":"LineString","coordinates":[[-41.325032,-21.769439],[-41.325132,-21.769414],[-41.324947,-21.768732],[-41.325044,-21.76862]]},"properties":{"nome":"9","tipo":"distribuicao","bairro":"PARQUE AURORA"}},{"type":"Feature","geometry":{"type":"LineString","coordinates":[[-41.322596,-21.768433],[-41.322453,-21.768471],[-41.322093,-21.767382],[-41.323853,-21.76685],[-41.324209,-21.768265]]},"properties":{"nome":"10","tipo":"distribuicao","bairro":"PARQUE AURORA"}},{"type":"Feature","geometry":{"type":"LineString","coordinates":[[-41.324206,-21.768262],[-41.324295,-21.768565],[-41.324817,-21.76843],[-41.325043,-21.768608]]},"properties":{"nome":"10","tipo":"distribuicao","bairro":"PARQUE AURORA"}},{"type":"Feature","geometry":{"type":"LineString","coordinates":[[-41.325054,-21.768616],[-41.325038,-21.768743],[-41.325434,-21.770098],[-41.323472,-21.77065],[-41.323402,-21.770391],[-41.323528,-21.770355]]},"properties":{"nome":"11","tipo":"distribuicao","bairro":"PARQUE AURORA"}},{"type":"Feature","geometry":{"type":"LineString","coordinates":[[-41.32552,-21.770594],[-41.325489,-21.7705],[-41.32601,-21.770344],[-41.325892,-21.76983]]},"properties":{"nome":"12","tipo":"distribuicao","bairro":"PARQUE AURORA"}},{"type":"Feature","geometry":{"type":"LineString","coordinates":[[-41.32505,-21.768625],[-41.325189,-21.768773],[-41.325632,-21.768655],[-41.325889,-21.769834]]},"properties":{"nome":"12","tipo":"distribuicao","bairro":"PARQUE AURORA"}},{"type":"Feature","geometry":{"type":"LineString","coordinates":[[-41.325054,-21.768616],[-41.324987,-21.768742],[-41.325352,-21.77004],[-41.325081,-21.770108]]},"properties":{"nome":"13","tipo":"distribuicao","bairro":"PARQUE AURORA"}},{"type":"Feature","geometry":{"type":"LineString","coordinates":[[-41.325046,-21.768615],[-41.325171,-21.768409],[-41.325453,-21.768293],[-41.325421,-21.768229],[-41.325366,-21.768007]]},"properties":{"nome":"15","tipo":"distribuicao","bairro":"PARQUE AURORA"}},{"type":"Feature","geometry":{"type":"LineString","coordinates":[[-41.325046,-21.768626],[-41.32515,-21.768375],[-41.325398,-21.768272],[-41.325349,-21.768099],[-41.325102,-21.76822],[-41.325074,-21.768153]]},"properties":{"nome":"16","tipo":"distribuicao","bairro":"PARQUE AURORA"}},{"type":"Feature","geometry":{"type":"LineString","coordinates":[[-41.325342,-21.771371],[-41.325198,-21.771412],[-41.325342,-21.77197],[-41.325502,-21.772102]]},"properties":{"nome":"F6","tipo":"distribuicao","bairro":"PARQUE AURORA"}},{"type":"Feature","geometry":{"type":"LineString","coordinates":[[-41.327507,-21.772026],[-41.32745,-21.771839],[-41.326139,-21.77225]]},"properties":{"nome":"F12","tipo":"distribuicao","bairro":"PARQUE AURORA"}},{"type":"Feature","geometry":{"type":"LineString","coordinates":[[-41.326344,-21.770866],[-41.326099,-21.770928],[-41.326351,-21.772062],[-41.326102,-21.772155]]},"properties":{"nome":"F6","tipo":"distribuicao","bairro":"PARQUE AURORA"}},{"type":"Feature","geometry":{"type":"LineString","coordinates":[[-41.323801,-21.772363],[-41.323647,-21.772416],[-41.323341,-21.771444],[-41.324739,-21.771044],[-41.324953,-21.772195]]},"properties":{"nome":"F6","tipo":"distribuicao","bairro":"PARQUE AURORA"}},{"type":"Feature","geometry":{"type":"LineString","coordinates":[[-41.324266,-21.773007],[-41.324214,-21.772862],[-41.325113,-21.772583]]},"properties":{"nome":"F12","tipo":"distribuicao","bairro":"PARQUE AURORA"}},{"type":"Feature","geometry":{"type":"LineString","coordinates":[[-41.326525,-21.771795],[-41.326376,-21.771829],[-41.326436,-21.772102],[-41.326109,-21.772212]]},"properties":{"nome":"F5","tipo":"distribuicao","bairro":"PARQUE AURORA"}},{"type":"Feature","geometry":{"type":"LineString","coordinates":[[-41.323527,-21.771601],[-41.323485,-21.77147],[-41.324677,-21.771119],[-41.324883,-21.772272]]},"properties":{"nome":"F5","tipo":"distribuicao","bairro":"PARQUE AURORA"}},{"type":"Feature","geometry":{"type":"LineString","coordinates":[[-41.324541,-21.771664],[-41.324678,-21.771629],[-41.32482,-21.772362]]},"properties":{"nome":"F4","tipo":"distribuicao","bairro":"PARQUE AURORA"}},{"type":"Feature","geometry":{"type":"LineString","coordinates":[[-41.325499,-21.772078],[-41.324957,-21.772197]]},"properties":{"nome":"F12","tipo":"distribuicao","bairro":"PARQUE AURORA"}},{"type":"Feature","geometry":{"type":"LineString","coordinates":[[-41.325511,-21.772091],[-41.325277,-21.772172],[-41.324885,-21.772278]]},"properties":{"nome":"F11","tipo":"distribuicao","bairro":"PARQUE AURORA"}},{"type":"Feature","geometry":{"type":"LineString","coordinates":[[-41.325507,-21.772081],[-41.325304,-21.772227],[-41.324814,-21.772364]]},"properties":{"nome":"F10","tipo":"distribuicao","bairro":"PARQUE AURORA"}},{"type":"Feature","geometry":{"type":"LineString","coordinates":[[-41.325489,-21.772084],[-41.325337,-21.772259],[-41.325349,-21.772339],[-41.324723,-21.77252]]},"properties":{"nome":"F9","tipo":"distribuicao","bairro":"PARQUE AURORA"}},{"type":"Feature","geometry":{"type":"LineString","coordinates":[[-41.325114,-21.772585],[-41.325439,-21.772481],[-41.325393,-21.772242],[-41.325475,-21.772086]]},"properties":{"nome":"F8","tipo":"distribuicao","bairro":"PARQUE AURORA"}},{"type":"Feature","geometry":{"type":"LineString","coordinates":[[-41.325172,-21.772759],[-41.325124,-21.77265],[-41.3255,-21.772529],[-41.32544,-21.772258],[-41.325497,-21.772072]]},"properties":{"nome":"F7","tipo":"distribuicao","bairro":"PARQUE AURORA"}},{"type":"Feature","geometry":{"type":"LineString","coordinates":[[-41.325503,-21.77211],[-41.32576,-21.772448],[-41.326161,-21.772323],[-41.326222,-21.772451]]},"properties":{"nome":"F9","tipo":"distribuicao","bairro":"PARQUE AURORA"}},{"type":"Feature","geometry":{"type":"LineString","coordinates":[[-41.325511,-21.772107],[-41.325782,-21.772373],[-41.326146,-21.772252]]},"properties":{"nome":"F10","tipo":"distribuicao","bairro":"PARQUE AURORA"}},{"type":"Feature","geometry":{"type":"LineString","coordinates":[[-41.325509,-21.772102],[-41.325787,-21.772318],[-41.326117,-21.77221]]},"properties":{"nome":"F11","tipo":"distribuicao","bairro":"PARQUE AURORA"}},{"type":"Feature","geometry":{"type":"LineString","coordinates":[[-41.325509,-21.772108],[-41.3258,-21.772254],[-41.326109,-21.77215]]},"properties":{"nome":"F12","tipo":"distribuicao","bairro":"PARQUE AURORA"}},{"type":"Feature","geometry":{"type":"LineString","coordinates":[[-41.326366,-21.77585],[-41.326578,-21.775799],[-41.326162,-21.774192],[-41.32592,-21.773899]]},"properties":{"nome":"F6","tipo":"distribuicao","bairro":"PARQUE AURORA"}},{"type":"Feature","geometry":{"type":"LineString","coordinates":[[-41.325284,-21.776669],[-41.324939,-21.775341],[-41.324407,-21.775512],[-41.324184,-21.774992]]},"properties":{"nome":"F6","tipo":"distribuicao","bairro":"PARQUE AURORA"}},{"type":"Feature","geometry":{"type":"LineString","coordinates":[[-41.324881,-21.773762],[-41.325075,-21.773709],[-41.325236,-21.774425]]},"properties":{"nome":"F6","tipo":"distribuicao","bairro":"PARQUE AURORA"}},{"type":"Feature","geometry":{"type":"LineString","coordinates":[[-41.324262,-21.774111],[-41.324429,-21.774069],[-41.324572,-21.774781]]},"properties":{"nome":"F6","tipo":"distribuicao","bairro":"PARQUE AURORA"}},{"type":"Feature","geometry":{"type":"LineString","coordinates":[[-41.327745,-21.772896],[-41.327705,-21.772732],[-41.326587,-21.773139],[-41.326786,-21.774003],[-41.326423,-21.774131]]},"properties":{"nome":"F6","tipo":"distribuicao","bairro":"PARQUE AURORA"}},{"type":"Feature","geometry":{"type":"LineString","coordinates":[[-41.326218,-21.775135],[-41.326333,-21.775106],[-41.326098,-21.774191],[-41.32593,-21.773912]]},"properties":{"nome":"F5","tipo":"distribuicao","bairro":"PARQUE AURORA"}},{"type":"Feature","geometry":{"type":"LineString","coordinates":[[-41.325232,-21.775692],[-41.325104,-21.775713],[-41.325003,-21.775233],[-41.324448,-21.775434],[-41.324312,-21.775003]]},"properties":{"nome":"F5","tipo":"distribuicao","bairro":"PARQUE AURORA"}},{"type":"Feature","geometry":{"type":"LineString","coordinates":[[-41.325052,-21.774464],[-41.325173,-21.774419],[-41.325194,-21.774501]]},"properties":{"nome":"F5","tipo":"distribuicao","bairro":"PARQUE AURORA"}},{"type":"Feature","geometry":{"type":"LineString","coordinates":[[-41.326826,-21.773308],[-41.32671,-21.773339],[-41.326869,-21.774037],[-41.326396,-21.774207]]},"properties":{"nome":"F5","tipo":"distribuicao","bairro":"PARQUE AURORA"}},{"type":"Feature","geometry":{"type":"LineString","coordinates":[[-41.325778,-21.77326],[-41.325667,-21.77329],[-41.325808,-21.773815],[-41.325922,-21.7739]]},"properties":{"nome":"F6","tipo":"distribuicao","bairro":"PARQUE AURORA"}},{"type":"Feature","geometry":{"type":"LineString","coordinates":[[-41.325193,-21.774499],[-41.32563,-21.774333],[-41.325575,-21.774046],[-41.325923,-21.773902]]},"properties":{"nome":"F10","tipo":"distribuicao","bairro":"PARQUE AURORA"}},{"type":"Feature","geometry":{"type":"LineString","coordinates":[[-41.325915,-21.773907],[-41.325513,-21.774064],[-41.325567,-21.774303],[-41.325239,-21.774426]]},"properties":{"nome":"F11","tipo":"distribuicao","bairro":"PARQUE AURORA"}},{"type":"Feature","geometry":{"type":"LineString","coordinates":[[-41.32457,-21.774784],[-41.325698,-21.774368],[-41.325632,-21.77404],[-41.325917,-21.773894]]},"properties":{"nome":"F12","tipo":"distribuicao","bairro":"PARQUE AURORA"}},{"type":"Feature","geometry":{"type":"LineString","coordinates":[[-41.326506,-21.774454],[-41.326457,-21.774294],[-41.326316,-21.774346],[-41.326196,-21.774005],[-41.325919,-21.773886]]},"properties":{"nome":"F9","tipo":"distribuicao","bairro":"PARQUE AURORA"}},{"type":"Feature","geometry":{"type":"LineString","coordinates":[[-41.324314,-21.774999],[-41.325817,-21.774429],[-41.325739,-21.774016],[-41.325912,-21.773869]]},"properties":{"nome":"F8","tipo":"distribuicao","bairro":"PARQUE AURORA"}},{"type":"Feature","geometry":{"type":"LineString","coordinates":[[-41.324527,-21.775213],[-41.324591,-21.77494],[-41.325871,-21.77446],[-41.325791,-21.774005],[-41.325933,-21.773869]]},"properties":{"nome":"F7","tipo":"distribuicao","bairro":"PARQUE AURORA"}},{"type":"Feature","geometry":{"type":"LineString","coordinates":[[-41.325921,-21.773895],[-41.325837,-21.77399],[-41.325942,-21.774487],[-41.325721,-21.774566],[-41.325756,-21.774701]]},"properties":{"nome":"F6","tipo":"distribuicao","bairro":"PARQUE AURORA"}},{"type":"Feature","geometry":{"type":"LineString","coordinates":[[-41.325916,-21.773893],[-41.326259,-21.773993],[-41.32636,-21.774273],[-41.327847,-21.773742],[-41.327903,-21.773878]]},"properties":{"nome":"F10","tipo":"distribuicao","bairro":"PARQUE AURORA"}},{"type":"Feature","geometry":{"type":"LineString","coordinates":[[-41.325916,-21.773888],[-41.326302,-21.773962],[-41.326394,-21.77421]]},"properties":{"nome":"F11","tipo":"distribuicao","bairro":"PARQUE AURORA"}},{"type":"Feature","geometry":{"type":"LineString","coordinates":[[-41.325913,-21.773894],[-41.32635,-21.773928],[-41.326423,-21.774138]]},"properties":{"nome":"F12","tipo":"distribuicao","bairro":"PARQUE AURORA"}},{"type":"Feature","geometry":{"type":"LineString","coordinates":[[-41.325924,-21.773891],[-41.325689,-21.774051],[-41.325747,-21.774398],[-41.324191,-21.774987]]},"properties":{"nome":"F9","tipo":"distribuicao","bairro":"PARQUE AURORA"}},{"type":"Feature","geometry":{"type":"LineString","coordinates":[[-41.321502,-21.76851],[-41.321887,-21.768395],[-41.323148,-21.772088]]},"properties":{"nome":"F6","tipo":"distribuicao","bairro":"PARQUE AURORA"}},{"type":"Feature","geometry":{"type":"LineString","coordinates":[[-41.325042,-21.778461],[-41.325415,-21.778344],[-41.324374,-21.775368]]},"properties":{"nome":"F6","tipo":"distribuicao","bairro":"PARQUE AURORA"}},{"type":"Feature","geometry":{"type":"LineString","coordinates":[[-41.324654,-21.777427],[-41.324972,-21.77734],[-41.324298,-21.775371]]},"properties":{"nome":"F5","tipo":"distribuicao","bairro":"PARQUE AURORA"}},{"type":"Feature","geometry":{"type":"LineString","coordinates":[[-41.321933,-21.769685],[-41.322203,-21.769609],[-41.323068,-21.772118]]},"properties":{"nome":"F5","tipo":"distribuicao","bairro":"PARQUE AURORA"}},{"type":"Feature","geometry":{"type":"LineString","coordinates":[[-41.322467,-21.7711],[-41.322634,-21.771061],[-41.322997,-21.772134]]},"properties":{"nome":"F4","tipo":"distribuicao","bairro":"PARQUE AURORA"}},{"type":"Feature","geometry":{"type":"LineString","coordinates":[[-41.324175,-21.776127],[-41.324451,-21.776049],[-41.32423,-21.775399]]},"properties":{"nome":"F4","tipo":"distribuicao","bairro":"PARQUE AURORA"}},{"type":"Feature","geometry":{"type":"LineString","coordinates":[[-41.323066,-21.773215],[-41.323419,-21.772877],[-41.323142,-21.772081]]},"properties":{"nome":"F12","tipo":"distribuicao","bairro":"PARQUE AURORA"}},{"type":"Feature","geometry":{"type":"LineString","coordinates":[[-41.323068,-21.772113],[-41.323339,-21.772905],[-41.323051,-21.77323]]},"properties":{"nome":"F11","tipo":"distribuicao","bairro":"PARQUE AURORA"}},{"type":"Feature","geometry":{"type":"LineString","coordinates":[[-41.32303,-21.773225],[-41.323525,-21.773382],[-41.324226,-21.775397]]},"properties":{"nome":"F10","tipo":"distribuicao","bairro":"PARQUE AURORA"}},{"type":"Feature","geometry":{"type":"LineString","coordinates":[[-41.323973,-21.77547],[-41.324163,-21.775417],[-41.323471,-21.773419],[-41.323039,-21.773209]]},"properties":{"nome":"F9","tipo":"distribuicao","bairro":"PARQUE AURORA"}},{"type":"Feature","geometry":{"type":"LineString","coordinates":[[-41.323055,-21.77322],[-41.323442,-21.772983],[-41.323605,-21.773456],[-41.323495,-21.773489]]},"properties":{"nome":"F6","tipo":"distribuicao","bairro":"PARQUE AURORA"}},{"type":"Feature","geometry":{"type":"LineString","coordinates":[[-41.323569,-21.774405],[-41.323732,-21.774361],[-41.323405,-21.773444],[-41.323039,-21.77325]]},"properties":{"nome":"F8","tipo":"distribuicao","bairro":"PARQUE AURORA"}},{"type":"Feature","geometry":{"type":"LineString","coordinates":[[-41.323057,-21.773236],[-41.323182,-21.772904],[-41.322953,-21.772226],[-41.322665,-21.772192]]},"properties":{"nome":"F9","tipo":"distribuicao","bairro":"PARQUE AURORA"}},{"type":"Feature","geometry":{"type":"LineString","coordinates":[[-41.32306,-21.773225],[-41.323257,-21.772905],[-41.322996,-21.772132]]},"properties":{"nome":"F10","tipo":"distribuicao","bairro":"PARQUE AURORA"}},{"type":"Feature","geometry":{"type":"LineString","coordinates":[[-41.32303,-21.773225],[-41.323589,-21.773349],[-41.324297,-21.775369]]},"properties":{"nome":"F11","tipo":"distribuicao","bairro":"PARQUE AURORA"}},{"type":"Feature","geometry":{"type":"LineString","coordinates":[[-41.32303,-21.773225],[-41.323654,-21.773337],[-41.324367,-21.775365]]},"properties":{"nome":"F12","tipo":"distribuicao","bairro":"PARQUE AURORA"}},{"type":"Feature","geometry":{"type":"LineString","coordinates":[[-41.322305,-21.773588],[-41.322216,-21.773345],[-41.321251,-21.773653],[-41.321187,-21.773954]]},"properties":{"nome":"F6","tipo":"distribuicao","bairro":"PARQUE AURORA"}},{"type":"Feature","geometry":{"type":"LineString","coordinates":[[-41.320974,-21.775116],[-41.320812,-21.775144],[-41.320564,-21.77438],[-41.320221,-21.774493],[-41.320066,-21.774091],[-41.320364,-21.773998]]},"properties":{"nome":"F6","tipo":"distribuicao","bairro":"PARQUE AURORA"}},{"type":"Feature","geometry":{"type":"LineString","coordinates":[[-41.320379,-21.774053],[-41.320156,-21.774125],[-41.320264,-21.774411],[-41.320608,-21.774303],[-41.320648,-21.774429],[-41.320762,-21.77439]]},"properties":{"nome":"F5","tipo":"distribuicao","bairro":"PARQUE AURORA"}},{"type":"Feature","geometry":{"type":"LineString","coordinates":[[-41.319338,-21.775752],[-41.319319,-21.77561],[-41.32074,-21.775525],[-41.320699,-21.775345],[-41.320873,-21.775301]]},"properties":{"nome":"F6","tipo":"distribuicao","bairro":"PARQUE AURORA"}},{"type":"Feature","geometry":{"type":"LineString","coordinates":[[-41.322989,-21.775011],[-41.322781,-21.775049],[-41.323002,-21.776046],[-41.322621,-21.776089]]},"properties":{"nome":"F6","tipo":"distribuicao","bairro":"PARQUE AURORA"}},{"type":"Feature","geometry":{"type":"LineString","coordinates":[[-41.320489,-21.775734],[-41.320472,-21.775603],[-41.32083,-21.775577],[-41.320796,-21.775393],[-41.320892,-21.775368]]},"properties":{"nome":"F5","tipo":"distribuicao","bairro":"PARQUE AURORA"}},{"type":"Feature","geometry":{"type":"LineString","coordinates":[[-41.322712,-21.77424],[-41.322536,-21.774385],[-41.322886,-21.775977],[-41.322624,-21.776009]]},"properties":{"nome":"F5","tipo":"distribuicao","bairro":"PARQUE AURORA"}},{"type":"Feature","geometry":{"type":"LineString","coordinates":[[-41.322448,-21.774844],[-41.322558,-21.774807],[-41.322793,-21.775929],[-41.322635,-21.775948]]},"properties":{"nome":"F4","tipo":"distribuicao","bairro":"PARQUE AURORA"}},{"type":"Feature","geometry":{"type":"LineString","coordinates":[[-41.320872,-21.775304],[-41.32116,-21.775225],[-41.321054,-21.774236],[-41.321184,-21.773971]]},"properties":{"nome":"F8","tipo":"distribuicao","bairro":"PARQUE AURORA"}},{"type":"Feature","geometry":{"type":"LineString","coordinates":[[-41.320892,-21.775366],[-41.321236,-21.775272],[-41.321104,-21.774245],[-41.321181,-21.773972]]},"properties":{"nome":"F7","tipo":"distribuicao","bairro":"PARQUE AURORA"}},{"type":"Feature","geometry":{"type":"LineString","coordinates":[[-41.32139,-21.775747],[-41.321365,-21.775621],[-41.321678,-21.775551],[-41.321511,-21.774691],[-41.32133,-21.774149],[-41.321184,-21.773968]]},"properties":{"nome":"F6","tipo":"distribuicao","bairro":"PARQUE AURORA"}},{"type":"Feature","geometry":{"type":"LineString","coordinates":[[-41.322636,-21.776085],[-41.321036,-21.776168],[-41.32091,-21.775439],[-41.321318,-21.775324],[-41.321158,-21.774282],[-41.321183,-21.773977]]},"properties":{"nome":"F12","tipo":"distribuicao","bairro":"PARQUE AURORA"}},{"type":"Feature","geometry":{"type":"LineString","coordinates":[[-41.322631,-21.776008],[-41.321081,-21.776099],[-41.320982,-21.775487],[-41.321401,-21.77538],[-41.321217,-21.77422],[-41.321186,-21.773975]]},"properties":{"nome":"F11","tipo":"distribuicao","bairro":"PARQUE AURORA"}},{"type":"Feature","geometry":{"type":"LineString","coordinates":[[-41.322643,-21.775943],[-41.321157,-21.776027],[-41.321058,-21.775545],[-41.321488,-21.775438],[-41.321375,-21.774717],[-41.321265,-21.77421],[-41.321184,-21.773972]]},"properties":{"nome":"F10","tipo":"distribuicao","bairro":"PARQUE AURORA"}},{"type":"Feature","geometry":{"type":"LineString","coordinates":[[-41.322638,-21.77572],[-41.322646,-21.775881],[-41.321213,-21.775952],[-41.321149,-21.775601],[-41.32159,-21.775497],[-41.321438,-21.77468],[-41.321299,-21.774165],[-41.321181,-21.773974]]},"properties":{"nome":"F9","tipo":"distribuicao","bairro":"PARQUE AURORA"}},{"type":"Feature","geometry":{"type":"LineString","coordinates":[[-41.321813,-21.775195],[-41.32167,-21.775211],[-41.321558,-21.774646],[-41.321372,-21.774119],[-41.321182,-21.773978]]},"properties":{"nome":"F5","tipo":"distribuicao","bairro":"PARQUE AURORA"}},{"type":"Feature","geometry":{"type":"LineString","coordinates":[[-41.321628,-21.774328],[-41.321515,-21.77436],[-41.321413,-21.774093],[-41.321183,-21.773972]]},"properties":{"nome":"F4","tipo":"distribuicao","bairro":"PARQUE AURORA"}},{"type":"Feature","geometry":{"type":"LineString","coordinates":[[-41.320347,-21.773939],[-41.319547,-21.774205],[-41.319731,-21.775018],[-41.319913,-21.774977]]},"properties":{"nome":"F6","tipo":"distribuicao","bairro":"PARQUE AURORA"}},{"type":"Feature","geometry":{"type":"LineString","coordinates":[[-41.321179,-21.773953],[-41.320367,-21.773998]]},"properties":{"nome":"F12","tipo":"distribuicao","bairro":"PARQUE AURORA"}},{"type":"Feature","geometry":{"type":"LineString","coordinates":[[-41.321179,-21.773958],[-41.320536,-21.774022],[-41.320381,-21.774053]]},"properties":{"nome":"F11","tipo":"distribuicao","bairro":"PARQUE AURORA"}},{"type":"Feature","geometry":{"type":"LineString","coordinates":[[-41.321194,-21.773955],[-41.320347,-21.773939]]},"properties":{"nome":"F10","tipo":"distribuicao","bairro":"PARQUE AURORA"}},{"type":"Feature","geometry":{"type":"LineString","coordinates":[[-41.321181,-21.77396],[-41.320579,-21.77404],[-41.320397,-21.774101],[-41.320441,-21.774196]]},"properties":{"nome":"F9","tipo":"distribuicao","bairro":"PARQUE AURORA"}},{"type":"Feature","geometry":{"type":"LineString","coordinates":[[-41.320875,-21.773778],[-41.320966,-21.773744],[-41.321174,-21.773961]]},"properties":{"nome":"F6","tipo":"distribuicao","bairro":"PARQUE AURORA"}},{"type":"Feature","geometry":{"type":"LineString","coordinates":[[-41.320986,-21.772746],[-41.320364,-21.771473],[-41.321265,-21.771219],[-41.321326,-21.771399]]},"properties":{"nome":"F6","tipo":"distribuicao","bairro":"PARQUE AURORA"}},{"type":"Feature","geometry":{"type":"LineString","coordinates":[[-41.322216,-21.772871],[-41.32215,-21.772695],[-41.321342,-21.772944],[-41.320986,-21.772726]]},"properties":{"nome":"F6","tipo":"distribuicao","bairro":"PARQUE AURORA"}},{"type":"Feature","geometry":{"type":"LineString","coordinates":[[-41.320861,-21.772209],[-41.320724,-21.772121],[-41.320978,-21.772736],[-41.320754,-21.772389],[-41.319938,-21.772638],[-41.319914,-21.772564]]},"properties":{"nome":"F5","tipo":"distribuicao","bairro":"PARQUE AURORA"}},{"type":"Feature","geometry":{"type":"LineString","coordinates":[[-41.319208,-21.772116],[-41.319259,-21.772279],[-41.318986,-21.772358],[-41.319025,-21.7734]]},"properties":{"nome":"F6","tipo":"distribuicao","bairro":"PARQUE AURORA"}},{"type":"Feature","geometry":{"type":"LineString","coordinates":[[-41.318628,-21.772209],[-41.318879,-21.772387],[-41.318919,-21.773494]]},"properties":{"nome":"F5","tipo":"distribuicao","bairro":"PARQUE AURORA"}},{"type":"Feature","geometry":{"type":"LineString","coordinates":[[-41.318655,-21.77329],[-41.318825,-21.773288],[-41.318826,-21.773615]]},"properties":{"nome":"F4","tipo":"distribuicao","bairro":"PARQUE AURORA"}},{"type":"Feature","geometry":{"type":"LineString","coordinates":[[-41.320972,-21.772726],[-41.320882,-21.772807],[-41.319021,-21.773398]]},"properties":{"nome":"F12","tipo":"distribuicao","bairro":"PARQUE AURORA"}},{"type":"Feature","geometry":{"type":"LineString","coordinates":[[-41.321003,-21.772745],[-41.320913,-21.772857],[-41.318922,-21.773493]]},"properties":{"nome":"F11","tipo":"distribuicao","bairro":"PARQUE AURORA"}},{"type":"Feature","geometry":{"type":"LineString","coordinates":[[-41.320992,-21.772734],[-41.320949,-21.772913],[-41.318828,-21.773611]]},"properties":{"nome":"F10","tipo":"distribuicao","bairro":"PARQUE AURORA"}},{"type":"Feature","geometry":{"type":"LineString","coordinates":[[-41.318736,-21.774021],[-41.318836,-21.773674],[-41.320973,-21.772968],[-41.320981,-21.772745]]},"properties":{"nome":"F9","tipo":"distribuicao","bairro":"PARQUE AURORA"}},{"type":"Feature","geometry":{"type":"LineString","coordinates":[[-41.319862,-21.773686],[-41.319777,-21.773431],[-41.321025,-21.773026],[-41.320973,-21.772728]]},"properties":{"nome":"F8","tipo":"distribuicao","bairro":"PARQUE AURORA"}},{"type":"Feature","geometry":{"type":"LineString","coordinates":[[-41.320923,-21.773297],[-41.320873,-21.773133],[-41.321083,-21.773071],[-41.320982,-21.772727]]},"properties":{"nome":"F7","tipo":"distribuicao","bairro":"PARQUE AURORA"}},{"type":"Feature","geometry":{"type":"LineString","coordinates":[[-41.320991,-21.77274],[-41.320988,-21.772725],[-41.321058,-21.772342],[-41.321724,-21.772137],[-41.321683,-21.772005]]},"properties":{"nome":"F4","tipo":"distribuicao","bairro":"PARQUE AURORA"}},{"type":"Feature","geometry":{"type":"LineString","coordinates":[[-41.319459,-21.771089],[-41.319489,-21.771199],[-41.321028,-21.770823],[-41.320932,-21.770521],[-41.320493,-21.770635],[-41.320321,-21.770202],[-41.320051,-21.770039]]},"properties":{"nome":"F6","tipo":"distribuicao","bairro":"PARQUE AURORA"}},{"type":"Feature","geometry":{"type":"LineString","coordinates":[[-41.3209,-21.77071],[-41.320859,-21.770597],[-41.320474,-21.770697],[-41.320278,-21.770219],[-41.320049,-21.770041]]},"properties":{"nome":"F5","tipo":"distribuicao","bairro":"PARQUE AURORA"}},{"type":"Feature","geometry":{"type":"LineString","coordinates":[[-41.320289,-21.77063],[-41.320389,-21.770609],[-41.32023,-21.77022],[-41.320058,-21.770042]]},"properties":{"nome":"F4","tipo":"distribuicao","bairro":"PARQUE AURORA"}},{"type":"Feature","geometry":{"type":"LineString","coordinates":[[-41.320709,-21.768992],[-41.320777,-21.76893],[-41.321935,-21.770018],[-41.321509,-21.77035],[-41.321253,-21.770081],[-41.320921,-21.770163]]},"properties":{"nome":"F6","tipo":"distribuicao","bairro":"PARQUE AURORA"}},{"type":"Feature","geometry":{"type":"LineString","coordinates":[[-41.318622,-21.769096],[-41.318881,-21.769054],[-41.318912,-21.770187]]},"properties":{"nome":"F6","tipo":"distribuicao","bairro":"PARQUE AURORA"}},{"type":"Feature","geometry":{"type":"LineString","coordinates":[[-41.321101,-21.769521],[-41.321227,-21.76943],[-41.321847,-21.77002],[-41.321517,-21.770286],[-41.321262,-21.770026],[-41.320892,-21.770118]]},"properties":{"nome":"F5","tipo":"distribuicao","bairro":"PARQUE AURORA"}},{"type":"Feature","geometry":{"type":"LineString","coordinates":[[-41.318612,-21.770273],[-41.318857,-21.770203],[-41.318868,-21.77025]]},"properties":{"nome":"F5","tipo":"distribuicao","bairro":"PARQUE AURORA"}},{"type":"Feature","geometry":{"type":"LineString","coordinates":[[-41.32159,-21.770106],[-41.321474,-21.77018],[-41.321271,-21.76998],[-41.32088,-21.770083]]},"properties":{"nome":"F4","tipo":"distribuicao","bairro":"PARQUE AURORA"}},{"type":"Feature","geometry":{"type":"LineString","coordinates":[[-41.320921,-21.770163],[-41.320573,-21.770248],[-41.320065,-21.770046]]},"properties":{"nome":"F12","tipo":"distribuicao","bairro":"PARQUE AURORA"}},{"type":"Feature","geometry":{"type":"LineString","coordinates":[[-41.320895,-21.770117],[-41.32056,-21.770198],[-41.320063,-21.770043]]},"properties":{"nome":"F11","tipo":"distribuicao","bairro":"PARQUE AURORA"}},{"type":"Feature","geometry":{"type":"LineString","coordinates":[[-41.32088,-21.770083],[-41.320558,-21.770161],[-41.320058,-21.770035]]},"properties":{"nome":"F10","tipo":"distribuicao","bairro":"PARQUE AURORA"}},{"type":"Feature","geometry":{"type":"LineString","coordinates":[[-41.320831,-21.769929],[-41.32087,-21.770048],[-41.320563,-21.770124],[-41.320064,-21.770037]]},"properties":{"nome":"F9","tipo":"distribuicao","bairro":"PARQUE AURORA"}},{"type":"Feature","geometry":{"type":"LineString","coordinates":[[-41.320053,-21.770035],[-41.319892,-21.76996],[-41.319677,-21.769392],[-41.3198,-21.769358]]},"properties":{"nome":"F5","tipo":"distribuicao","bairro":"PARQUE AURORA"}},{"type":"Feature","geometry":{"type":"LineString","coordinates":[[-41.320054,-21.770028],[-41.31984,-21.769977],[-41.319517,-21.769155],[-41.320146,-21.769004],[-41.319865,-21.768733],[-41.319977,-21.768671]]},"properties":{"nome":"F6","tipo":"distribuicao","bairro":"PARQUE AURORA"}},{"type":"Feature","geometry":{"type":"LineString","coordinates":[[-41.320059,-21.770037],[-41.318783,-21.770316],[-41.318801,-21.770435]]},"properties":{"nome":"F10","tipo":"distribuicao","bairro":"PARQUE AURORA"}},{"type":"Feature","geometry":{"type":"LineString","coordinates":[[-41.320068,-21.77003],[-41.319815,-21.770044],[-41.318869,-21.770253]]},"properties":{"nome":"F11","tipo":"distribuicao","bairro":"PARQUE AURORA"}},{"type":"Feature","geometry":{"type":"LineString","coordinates":[[-41.320073,-21.770028],[-41.319806,-21.769994],[-41.31892,-21.770187]]},"properties":{"nome":"F12","tipo":"distribuicao","bairro":"PARQUE AURORA"}},{"type":"Feature","geometry":{"type":"LineString","coordinates":[[-41.317684,-21.773836],[-41.317999,-21.773654],[-41.316964,-21.772288],[-41.316387,-21.772247]]},"properties":{"nome":"F6","tipo":"distribuicao","bairro":"PARQUE AURORA"}},{"type":"Feature","geometry":{"type":"LineString","coordinates":[[-41.317162,-21.773146],[-41.317415,-21.773006],[-41.316925,-21.772353],[-41.31639,-21.772236]]},"properties":{"nome":"F5","tipo":"distribuicao","bairro":"PARQUE AURORA"}},{"type":"Feature","geometry":{"type":"LineString","coordinates":[[-41.317389,-21.774514],[-41.317045,-21.774683],[-41.315561,-21.772422],[-41.31587,-21.772259]]},"properties":{"nome":"F6","tipo":"distribuicao","bairro":"PARQUE AURORA"}},{"type":"Feature","geometry":{"type":"LineString","coordinates":[[-41.316961,-21.774055],[-41.316787,-21.774152],[-41.315639,-21.772437],[-41.315891,-21.772306]]},"properties":{"nome":"F5","tipo":"distribuicao","bairro":"PARQUE AURORA"}},{"type":"Feature","geometry":{"type":"LineString","coordinates":[[-41.316444,-21.773268],[-41.316312,-21.773339],[-41.315716,-21.772457],[-41.315919,-21.77235]]},"properties":{"nome":"F4","tipo":"distribuicao","bairro":"PARQUE AURORA"}},{"type":"Feature","geometry":{"type":"LineString","coordinates":[[-41.315437,-21.771825],[-41.315569,-21.771742],[-41.315873,-21.772191]]},"properties":{"nome":"F5","tipo":"distribuicao","bairro":"PARQUE AURORA"}},{"type":"Feature","geometry":{"type":"LineString","coordinates":[[-41.314881,-21.770961],[-41.315061,-21.770869],[-41.315901,-21.772124]]},"properties":{"nome":"F6","tipo":"distribuicao","bairro":"PARQUE AURORA"}},{"type":"Feature","geometry":{"type":"LineString","coordinates":[[-41.316548,-21.770969],[-41.316645,-21.771238],[-41.316948,-21.771166],[-41.317037,-21.771542]]},"properties":{"nome":"F6","tipo":"distribuicao","bairro":"PARQUE AURORA"}},{"type":"Feature","geometry":{"type":"LineString","coordinates":[[-41.317704,-21.770733],[-41.317775,-21.770964],[-41.317044,-21.771129],[-41.317156,-21.771591]]},"properties":{"nome":"F5","tipo":"distribuicao","bairro":"PARQUE AURORA"}},{"type":"Feature","geometry":{"type":"LineString","coordinates":[[-41.317715,-21.771284],[-41.317215,-21.771396],[-41.317271,-21.771646]]},"properties":{"nome":"F4","tipo":"distribuicao","bairro":"PARQUE AURORA"}},{"type":"Feature","geometry":{"type":"LineString","coordinates":[[-41.317534,-21.77148],[-41.317573,-21.77164],[-41.317301,-21.77171]]},"properties":{"nome":"F3","tipo":"distribuicao","bairro":"PARQUE AURORA"}},{"type":"Feature","geometry":{"type":"LineString","coordinates":[[-41.317039,-21.771545],[-41.316437,-21.771696],[-41.316433,-21.772271]]},"properties":{"nome":"F12","tipo":"distribuicao","bairro":"PARQUE AURORA"}},{"type":"Feature","geometry":{"type":"LineString","coordinates":[[-41.317163,-21.771591],[-41.316472,-21.771762],[-41.316429,-21.772277]]},"properties":{"nome":"F11","tipo":"distribuicao","bairro":"PARQUE AURORA"}},{"type":"Feature","geometry":{"type":"LineString","coordinates":[[-41.317272,-21.771642],[-41.316513,-21.77182],[-41.316429,-21.77227]]},"properties":{"nome":"F10","tipo":"distribuicao","bairro":"PARQUE AURORA"}},{"type":"Feature","geometry":{"type":"LineString","coordinates":[[-41.317307,-21.771707],[-41.316545,-21.771887],[-41.316431,-21.772283]]},"properties":{"nome":"F9","tipo":"distribuicao","bairro":"PARQUE AURORA"}},{"type":"Feature","geometry":{"type":"LineString","coordinates":[[-41.317735,-21.771892],[-41.317682,-21.771691],[-41.316581,-21.771948],[-41.316429,-21.772276]]},"properties":{"nome":"F8","tipo":"distribuicao","bairro":"PARQUE AURORA"}},{"type":"Feature","geometry":{"type":"LineString","coordinates":[[-41.3167,-21.77208],[-41.316622,-21.771989],[-41.316418,-21.772271],[-41.316422,-21.772277]]},"properties":{"nome":"F7","tipo":"distribuicao","bairro":"PARQUE AURORA"}},{"type":"Feature","geometry":{"type":"LineString","coordinates":[[-41.316433,-21.772276],[-41.31619,-21.772263],[-41.315945,-21.772396],[-41.316008,-21.772604]]},"properties":{"nome":"F10","tipo":"distribuicao","bairro":"PARQUE AURORA"}},{"type":"Feature","geometry":{"type":"LineString","coordinates":[[-41.316435,-21.772269],[-41.316171,-21.772219],[-41.315916,-21.772351]]},"properties":{"nome":"F7","tipo":"distribuicao","bairro":"PARQUE AURORA"}},{"type":"Feature","geometry":{"type":"LineString","coordinates":[[-41.316434,-21.772273],[-41.316144,-21.772171],[-41.315891,-21.772306]]},"properties":{"nome":"F8","tipo":"distribuicao","bairro":"PARQUE AURORA"}},{"type":"Feature","geometry":{"type":"LineString","coordinates":[[-41.316438,-21.772273],[-41.316119,-21.772126],[-41.315871,-21.772258]]},"properties":{"nome":"F9","tipo":"distribuicao","bairro":"PARQUE AURORA"}},{"type":"Feature","geometry":{"type":"LineString","coordinates":[[-41.316443,-21.77228],[-41.316097,-21.772074],[-41.315872,-21.772195]]},"properties":{"nome":"F11","tipo":"distribuicao","bairro":"PARQUE AURORA"}},{"type":"Feature","geometry":{"type":"LineString","coordinates":[[-41.316432,-21.772276],[-41.316098,-21.772015],[-41.315904,-21.772123]]},"properties":{"nome":"f12","tipo":"distribuicao","bairro":"PARQUE AURORA"}},{"type":"Feature","geometry":{"type":"LineString","coordinates":[[-41.314295,-21.771499],[-41.313897,-21.771732],[-41.315692,-21.774495]]},"properties":{"nome":"F6","tipo":"distribuicao","bairro":"PARQUE AURORA"}},{"type":"Feature","geometry":{"type":"LineString","coordinates":[[-41.314891,-21.772412],[-41.314597,-21.772579],[-41.315796,-21.774445]]},"properties":{"nome":"F5","tipo":"distribuicao","bairro":"PARQUE AURORA"}},{"type":"Feature","geometry":{"type":"LineString","coordinates":[[-41.315257,-21.773011],[-41.31506,-21.773118],[-41.315884,-21.774378]]},"properties":{"nome":"F4","tipo":"distribuicao","bairro":"PARQUE AURORA"}},{"type":"Feature","geometry":{"type":"LineString","coordinates":[[-41.31569,-21.774491],[-41.315869,-21.774781],[-41.315715,-21.775314]]},"properties":{"nome":"F12","tipo":"distribuicao","bairro":"PARQUE AURORA"}},{"type":"Feature","geometry":{"type":"LineString","coordinates":[[-41.315785,-21.774436],[-41.315983,-21.774761],[-41.315727,-21.775306]]},"properties":{"nome":"F11","tipo":"distribuicao","bairro":"PARQUE AURORA"}},{"type":"Feature","geometry":{"type":"LineString","coordinates":[[-41.315873,-21.77437],[-41.316102,-21.774743],[-41.315713,-21.775323]]},"properties":{"nome":"F10","tipo":"distribuicao","bairro":"PARQUE AURORA"}},{"type":"Feature","geometry":{"type":"LineString","coordinates":[[-41.316102,-21.774236],[-41.315952,-21.774322],[-41.316212,-21.774733],[-41.31572,-21.775311]]},"properties":{"nome":"F9","tipo":"distribuicao","bairro":"PARQUE AURORA"}},{"type":"Feature","geometry":{"type":"LineString","coordinates":[[-41.317312,-21.778918],[-41.317896,-21.778737],[-41.316767,-21.776051]]},"properties":{"nome":"F6","tipo":"distribuicao","bairro":"PARQUE AURORA"}},{"type":"Feature","geometry":{"type":"LineString","coordinates":[[-41.316968,-21.777963],[-41.31739,-21.777829],[-41.316667,-21.776082]]},"properties":{"nome":"F5","tipo":"distribuicao","bairro":"PARQUE AURORA"}},{"type":"Feature","geometry":{"type":"LineString","coordinates":[[-41.316646,-21.777116],[-41.316926,-21.777022],[-41.316566,-21.776114]]},"properties":{"nome":"F4","tipo":"distribuicao","bairro":"PARQUE AURORA"}},{"type":"Feature","geometry":{"type":"LineString","coordinates":[[-41.315733,-21.775321],[-41.316509,-21.775488],[-41.316768,-21.776051]]},"properties":{"nome":"F12","tipo":"distribuicao","bairro":"PARQUE AURORA"}},{"type":"Feature","geometry":{"type":"LineString","coordinates":[[-41.315729,-21.775326],[-41.316425,-21.775532],[-41.316664,-21.776078]]},"properties":{"nome":"F11","tipo":"distribuicao","bairro":"PARQUE AURORA"}},{"type":"Feature","geometry":{"type":"LineString","coordinates":[[-41.315729,-21.775354],[-41.31635,-21.775578],[-41.316568,-21.776117]]},"properties":{"nome":"F10","tipo":"distribuicao","bairro":"PARQUE AURORA"}},{"type":"Feature","geometry":{"type":"LineString","coordinates":[[-41.315717,-21.775335],[-41.316269,-21.77561],[-41.316494,-21.776146],[-41.316279,-21.776222]]},"properties":{"nome":"F9","tipo":"distribuicao","bairro":"PARQUE AURORA"}},{"type":"Feature","geometry":{"type":"LineString","coordinates":[[-41.315739,-21.775318],[-41.316306,-21.774812],[-41.316422,-21.774973]]},"properties":{"nome":"F8","tipo":"distribuicao","bairro":"PARQUE AURORA"}},{"type":"Feature","geometry":{"type":"LineString","coordinates":[[-41.31699,-21.780057],[-41.317321,-21.779972],[-41.316327,-21.777313]]},"properties":{"nome":"F6","tipo":"distribuicao","bairro":"PARQUE AURORA"}},{"type":"Feature","geometry":{"type":"LineString","coordinates":[[-41.316917,-21.779689],[-41.317126,-21.77965],[-41.316258,-21.777324]]},"properties":{"nome":"F5","tipo":"distribuicao","bairro":"PARQUE AURORA"}},{"type":"Feature","geometry":{"type":"LineString","coordinates":[[-41.316379,-21.778407],[-41.316565,-21.778351],[-41.316195,-21.777364]]},"properties":{"nome":"F4","tipo":"distribuicao","bairro":"PARQUE AURORA"}},{"type":"Feature","geometry":{"type":"LineString","coordinates":[[-41.316354,-21.78009],[-41.316724,-21.779974],[-41.315719,-21.777322]]},"properties":{"nome":"F6","tipo":"distribuicao","bairro":"PARQUE AURORA"}},{"type":"Feature","geometry":{"type":"LineString","coordinates":[[-41.316128,-21.779502],[-41.316432,-21.779421],[-41.315643,-21.777347]]},"properties":{"nome":"F5","tipo":"distribuicao","bairro":"PARQUE AURORA"}},{"type":"Feature","geometry":{"type":"LineString","coordinates":[[-41.315737,-21.77849],[-41.315968,-21.778415],[-41.315566,-21.777364]]},"properties":{"nome":"F4","tipo":"distribuicao","bairro":"PARQUE AURORA"}},{"type":"Feature","geometry":{"type":"LineString","coordinates":[[-41.312534,-21.772572],[-41.313124,-21.77225],[-41.314444,-21.774327]]},"properties":{"nome":"F6","tipo":"distribuicao","bairro":"PARQUE AURORA"}},{"type":"Feature","geometry":{"type":"LineString","coordinates":[[-41.312973,-21.773201],[-41.313443,-21.772926],[-41.314365,-21.774378]]},"properties":{"nome":"F5","tipo":"distribuicao","bairro":"PARQUE AURORA"}},{"type":"Feature","geometry":{"type":"LineString","coordinates":[[-41.313431,-21.773926],[-41.313809,-21.773715],[-41.314258,-21.774426]]},"properties":{"nome":"F4","tipo":"distribuicao","bairro":"PARQUE AURORA"}},{"type":"Feature","geometry":{"type":"LineString","coordinates":[[-41.316328,-21.777313],[-41.31596,-21.77635],[-41.315507,-21.776652],[-41.315518,-21.776922]]},"properties":{"nome":"F12","tipo":"distribuicao","bairro":"PARQUE AURORA"}},{"type":"Feature","geometry":{"type":"LineString","coordinates":[[-41.315515,-21.776925],[-41.315617,-21.777061],[-41.315715,-21.777324]]},"properties":{"nome":"F12","tipo":"distribuicao","bairro":"PARQUE AURORA"}},{"type":"Feature","geometry":{"type":"LineString","coordinates":[[-41.316264,-21.777329],[-41.315922,-21.776454],[-41.315532,-21.776711],[-41.315522,-21.776922]]},"properties":{"nome":"F11","tipo":"distribuicao","bairro":"PARQUE AURORA"}},{"type":"Feature","geometry":{"type":"LineString","coordinates":[[-41.315526,-21.776927],[-41.315546,-21.777107],[-41.315641,-21.777344]]},"properties":{"nome":"F11","tipo":"distribuicao","bairro":"PARQUE AURORA"}},{"type":"Feature","geometry":{"type":"LineString","coordinates":[[-41.316193,-21.777357],[-41.315885,-21.776542],[-41.315552,-21.77676],[-41.315535,-21.776923]]},"properties":{"nome":"F10","tipo":"distribuicao","bairro":"PARQUE AURORA"}},{"type":"Feature","geometry":{"type":"LineString","coordinates":[[-41.315517,-21.776925],[-41.315473,-21.777125],[-41.315563,-21.777366]]},"properties":{"nome":"F10","tipo":"distribuicao","bairro":"PARQUE AURORA"}},{"type":"Feature","geometry":{"type":"LineString","coordinates":[[-41.315514,-21.776907],[-41.315371,-21.776649],[-41.315573,-21.776437],[-41.314976,-21.775178],[-41.314438,-21.774325]]},"properties":{"nome":"F12","tipo":"distribuicao","bairro":"PARQUE AURORA"}},{"type":"Feature","geometry":{"type":"LineString","coordinates":[[-41.315514,-21.776907],[-41.315371,-21.776649],[-41.315652,-21.776399],[-41.315034,-21.775132],[-41.314507,-21.774289],[-41.312994,-21.771896],[-41.31213,-21.772364],[-41.312237,-21.772508]]},"properties":{"nome":"F3","tipo":"distribuicao","bairro":"PARQUE AURORA"}},{"type":"Feature","geometry":{"type":"LineString","coordinates":[[-41.315493,-21.776876],[-41.315387,-21.776651],[-41.315499,-21.776494],[-41.314884,-21.775202],[-41.314352,-21.774373]]},"properties":{"nome":"F11","tipo":"distribuicao","bairro":"PARQUE AURORA"}},{"type":"Feature","geometry":{"type":"LineString","coordinates":[[-41.315493,-21.776876],[-41.315374,-21.776662],[-41.315433,-21.776548],[-41.315222,-21.776082],[-41.314824,-21.775258],[-41.314256,-21.774426]]},"properties":{"nome":"F10","tipo":"distribuicao","bairro":"PARQUE AURORA"}},{"type":"Feature","geometry":{"type":"LineString","coordinates":[[-41.315491,-21.776892],[-41.315389,-21.77669],[-41.31517,-21.776132],[-41.314715,-21.775313],[-41.314143,-21.774499]]},"properties":{"nome":"F9","tipo":"distribuicao","bairro":"PARQUE AURORA"}},{"type":"Feature","geometry":{"type":"LineString","coordinates":[[-41.315471,-21.776884],[-41.315333,-21.776763],[-41.315096,-21.776156],[-41.314635,-21.775342],[-41.314411,-21.775458]]},"properties":{"nome":"F8","tipo":"distribuicao","bairro":"PARQUE AURORA"}},{"type":"Feature","geometry":{"type":"LineString","coordinates":[[-41.315516,-21.776929],[-41.315267,-21.776814],[-41.315019,-21.776181],[-41.314883,-21.776227]]},"properties":{"nome":"F7","tipo":"distribuicao","bairro":"PARQUE AURORA"}},{"type":"Feature","geometry":{"type":"LineString","coordinates":[[-41.315533,-21.776921],[-41.315579,-21.776813],[-41.315856,-21.77663],[-41.316136,-21.777375],[-41.316017,-21.777415]]},"properties":{"nome":"F9","tipo":"distribuicao","bairro":"PARQUE AURORA"}},{"type":"Feature","geometry":{"type":"LineString","coordinates":[[-41.315526,-21.776921],[-41.315396,-21.777126],[-41.315496,-21.777398],[-41.315351,-21.777448]]},"properties":{"nome":"F9","tipo":"distribuicao","bairro":"PARQUE AURORA"}},{"type":"Feature","geometry":{"type":"LineString","coordinates":[[-41.313714,-21.776437],[-41.313476,-21.77623],[-41.311529,-21.77328],[-41.31187,-21.773075]]},"properties":{"nome":"F6","tipo":"distribuicao","bairro":"PARQUE AURORA"}},{"type":"Feature","geometry":{"type":"LineString","coordinates":[[-41.312369,-21.773711],[-41.312061,-21.773894],[-41.313544,-21.776161],[-41.313725,-21.776439]]},"properties":{"nome":"F5","tipo":"distribuicao","bairro":"PARQUE AURORA"}},{"type":"Feature","geometry":{"type":"LineString","coordinates":[[-41.313723,-21.776443],[-41.313623,-21.776143],[-41.312986,-21.77518],[-41.313147,-21.775079]]},"properties":{"nome":"F4","tipo":"distribuicao","bairro":"PARQUE AURORA"}},{"type":"Feature","geometry":{"type":"LineString","coordinates":[[-41.313719,-21.776447],[-41.313709,-21.776171],[-41.313496,-21.775835],[-41.313597,-21.775774]]},"properties":{"nome":"F3","tipo":"distribuicao","bairro":"PARQUE AURORA"}},{"type":"Feature","geometry":{"type":"LineString","coordinates":[[-41.313691,-21.776432],[-41.313277,-21.776394],[-41.312943,-21.775945],[-41.312656,-21.776103]]},"properties":{"nome":"F6","tipo":"distribuicao","bairro":"PARQUE AURORA"}},{"type":"Feature","geometry":{"type":"LineString","coordinates":[[-41.313721,-21.776443],[-41.313881,-21.776642],[-41.314327,-21.777492],[-41.315234,-21.779942],[-41.315598,-21.77982]]},"properties":{"nome":"F3","tipo":"distribuicao","bairro":"PARQUE AURORA"}},{"type":"Feature","geometry":{"type":"LineString","coordinates":[[-41.313721,-21.776443],[-41.313849,-21.776687],[-41.31426,-21.777507],[-41.315251,-21.780141],[-41.315567,-21.78003]]},"properties":{"nome":"F6","tipo":"distribuicao","bairro":"PARQUE AURORA"}},{"type":"Feature","geometry":{"type":"LineString","coordinates":[[-41.314707,-21.780502],[-41.315211,-21.78033],[-41.314531,-21.778515],[-41.313944,-21.777258],[-41.313705,-21.776408]]},"properties":{"nome":"F6","tipo":"distribuicao","bairro":"PARQUE AURORA"}},{"type":"Feature","geometry":{"type":"LineString","coordinates":[[-41.313712,-21.776444],[-41.313939,-21.776602],[-41.31438,-21.777431],[-41.315027,-21.779189],[-41.315177,-21.779143]]},"properties":{"nome":"F5","tipo":"distribuicao","bairro":"PARQUE AURORA"}},{"type":"Feature","geometry":{"type":"LineString","coordinates":[[-41.31393,-21.778738],[-41.314458,-21.77854],[-41.313862,-21.777277],[-41.313712,-21.776444]]},"properties":{"nome":"F5","tipo":"distribuicao","bairro":"PARQUE AURORA"}},{"type":"Feature","geometry":{"type":"LineString","coordinates":[[-41.31482,-21.778185],[-41.314745,-21.77821],[-41.31445,-21.777391],[-41.314004,-21.77656],[-41.313695,-21.776422]]},"properties":{"nome":"F4","tipo":"distribuicao","bairro":"PARQUE AURORA"}},{"type":"Feature","geometry":{"type":"LineString","coordinates":[[-41.313695,-21.776422],[-41.313782,-21.777327],[-41.314007,-21.777748]]},"properties":{"nome":"F4","tipo":"distribuicao","bairro":"PARQUE AURORA"}},{"type":"Feature","geometry":{"type":"LineString","coordinates":[[-41.311341,-21.777097],[-41.311524,-21.776999],[-41.310298,-21.775034],[-41.309934,-21.774899]]},"properties":{"nome":"F6","tipo":"distribuicao","bairro":"PARQUE AURORA"}},{"type":"Feature","geometry":{"type":"LineString","coordinates":[[-41.31062,-21.776482],[-41.310563,-21.776386],[-41.310932,-21.776184],[-41.310246,-21.775064],[-41.309936,-21.7749]]},"properties":{"nome":"F5","tipo":"distribuicao","bairro":"PARQUE AURORA"}},{"type":"Feature","geometry":{"type":"LineString","coordinates":[[-41.310455,-21.775724],[-41.310552,-21.775673],[-41.31019,-21.775094],[-41.309936,-21.7749]]},"properties":{"nome":"F4","tipo":"distribuicao","bairro":"PARQUE AURORA"}},{"type":"Feature","geometry":{"type":"LineString","coordinates":[[-41.311031,-21.77347],[-41.310903,-21.773538],[-41.311212,-21.77402]]},"properties":{"nome":"F6","tipo":"distribuicao","bairro":"PARQUE AURORA"}},{"type":"Feature","geometry":{"type":"LineString","coordinates":[[-41.310301,-21.773851],[-41.310188,-21.773912],[-41.310471,-21.77437]]},"properties":{"nome":"F6","tipo":"distribuicao","bairro":"PARQUE AURORA"}},{"type":"Feature","geometry":{"type":"LineString","coordinates":[[-41.311744,-21.776116],[-41.311496,-21.776257],[-41.310502,-21.774647]]},"properties":{"nome":"F6","tipo":"distribuicao","bairro":"PARQUE AURORA"}},{"type":"Feature","geometry":{"type":"LineString","coordinates":[[-41.311271,-21.775369],[-41.311094,-21.775457],[-41.310537,-21.774575]]},"properties":{"nome":"F5","tipo":"distribuicao","bairro":"PARQUE AURORA"}},{"type":"Feature","geometry":{"type":"LineString","coordinates":[[-41.310468,-21.77751],[-41.310844,-21.777292],[-41.310411,-21.776596]]},"properties":{"nome":"F6","tipo":"distribuicao","bairro":"PARQUE AURORA"}},{"type":"Feature","geometry":{"type":"LineString","coordinates":[[-41.308736,-21.776403],[-41.308436,-21.776556],[-41.309059,-21.777583],[-41.310008,-21.777051]]},"properties":{"nome":"F6","tipo":"distribuicao","bairro":"PARQUE AURORA"}},{"type":"Feature","geometry":{"type":"LineString","coordinates":[[-41.309119,-21.777025],[-41.308894,-21.777142],[-41.309102,-21.777483],[-41.309982,-21.776983]]},"properties":{"nome":"F5","tipo":"distribuicao","bairro":"PARQUE AURORA"}},{"type":"Feature","geometry":{"type":"LineString","coordinates":[[-41.310007,-21.777052],[-41.310474,-21.776802],[-41.309466,-21.775161],[-41.309933,-21.774897],[-41.309975,-21.774718],[-41.311213,-21.774016]]},"properties":{"nome":"F12","tipo":"distribuicao","bairro":"PARQUE AURORA"}},{"type":"Feature","geometry":{"type":"LineString","coordinates":[[-41.311604,-21.774394],[-41.311497,-21.774451],[-41.311249,-21.774061],[-41.310009,-21.774766],[-41.309934,-21.7749],[-41.309742,-21.774953],[-41.309381,-21.775154],[-41.310381,-21.776771],[-41.309984,-21.776987]]},"properties":{"nome":"F11","tipo":"distribuicao","bairro":"PARQUE AURORA"}},{"type":"Feature","geometry":{"type":"LineString","coordinates":[[-41.310476,-21.774372],[-41.309939,-21.774673],[-41.309935,-21.7749],[-41.309717,-21.774917],[-41.309307,-21.775139],[-41.310152,-21.776515],[-41.309916,-21.776844]]},"properties":{"nome":"F9","tipo":"distribuicao","bairro":"PARQUE AURORA"}},{"type":"Feature","geometry":{"type":"LineString","coordinates":[[-41.310504,-21.774649],[-41.310088,-21.774888],[-41.309933,-21.774899],[-41.309874,-21.775006],[-41.309559,-21.775184],[-41.310413,-21.776598]]},"properties":{"nome":"F10","tipo":"distribuicao","bairro":"PARQUE AURORA"}},{"type":"Feature","geometry":{"type":"LineString","coordinates":[[-41.310538,-21.774572],[-41.310077,-21.774832],[-41.309934,-21.774902],[-41.309686,-21.774875],[-41.309232,-21.775126],[-41.309638,-21.775775],[-41.30943,-21.775887]]},"properties":{"nome":"F8","tipo":"distribuicao","bairro":"PARQUE AURORA"}},{"type":"Feature","geometry":{"type":"LineString","coordinates":[[-41.310869,-21.774727],[-41.31075,-21.774796],[-41.310567,-21.774502],[-41.310037,-21.774801],[-41.309932,-21.774899]]},"properties":{"nome":"F7","tipo":"distribuicao","bairro":"PARQUE AURORA"}},{"type":"Feature","geometry":{"type":"LineString","coordinates":[[-41.312955,-21.778447],[-41.312747,-21.778358],[-41.312186,-21.778456],[-41.311914,-21.77844],[-41.311113,-21.778977],[-41.310996,-21.778832]]},"properties":{"nome":"F6","tipo":"distribuicao","bairro":"PARQUE AURORA"}},{"type":"Feature","geometry":{"type":"LineString","coordinates":[[-41.312811,-21.777774],[-41.312905,-21.777951],[-41.312251,-21.778304],[-41.312183,-21.77845]]},"properties":{"nome":"F5","tipo":"distribuicao","bairro":"PARQUE AURORA"}},{"type":"Feature","geometry":{"type":"LineString","coordinates":[[-41.310222,-21.778436],[-41.310045,-21.778153],[-41.310376,-21.777973],[-41.310474,-21.778023]]},"properties":{"nome":"F5","tipo":"distribuicao","bairro":"PARQUE AURORA"}},{"type":"Feature","geometry":{"type":"LineString","coordinates":[[-41.309368,-21.777649],[-41.309949,-21.777331],[-41.310053,-21.777381]]},"properties":{"nome":"F6","tipo":"distribuicao","bairro":"PARQUE AURORA"}},{"type":"Feature","geometry":{"type":"LineString","coordinates":[[-41.312745,-21.77699],[-41.312444,-21.776532],[-41.31231,-21.77661],[-41.312309,-21.776702]]},"properties":{"nome":"F6","tipo":"distribuicao","bairro":"PARQUE AURORA"}},{"type":"Feature","geometry":{"type":"LineString","coordinates":[[-41.311875,-21.780406],[-41.311619,-21.780309],[-41.311671,-21.780209],[-41.311754,-21.780199]]},"properties":{"nome":"F6","tipo":"distribuicao","bairro":"PARQUE AURORA"}},{"type":"Feature","geometry":{"type":"LineString","coordinates":[[-41.311296,-21.780064],[-41.311455,-21.779956],[-41.311539,-21.779971]]},"properties":{"nome":"F6","tipo":"distribuicao","bairro":"PARQUE AURORA"}},{"type":"Feature","geometry":{"type":"LineString","coordinates":[[-41.312761,-21.780416],[-41.312562,-21.780179],[-41.312655,-21.780121],[-41.312736,-21.780154]]},"properties":{"nome":"F5","tipo":"distribuicao","bairro":"PARQUE AURORA"}},{"type":"Feature","geometry":{"type":"LineString","coordinates":[[-41.313649,-21.780414],[-41.313495,-21.780154],[-41.313381,-21.780151],[-41.313332,-21.780208]]},"properties":{"nome":"F6","tipo":"distribuicao","bairro":"PARQUE AURORA"}},{"type":"Feature","geometry":{"type":"LineString","coordinates":[[-41.313402,-21.779773],[-41.313304,-21.779557],[-41.313198,-21.779534],[-41.313172,-21.779638]]},"properties":{"nome":"F3","tipo":"distribuicao","bairro":"PARQUE AURORA"}},{"type":"Feature","geometry":{"type":"LineString","coordinates":[[-41.310009,-21.777409],[-41.31002,-21.777283],[-41.310166,-21.777188],[-41.31218,-21.778469],[-41.311629,-21.779256],[-41.311714,-21.780059],[-41.311681,-21.780147],[-41.311748,-21.780226]]},"properties":{"nome":"F12","tipo":"distribuicao","bairro":"PARQUE AURORA"}},{"type":"Feature","geometry":{"type":"LineString","coordinates":[[-41.312699,-21.780173],[-41.312717,-21.780088],[-41.312772,-21.780055],[-41.312108,-21.778872],[-41.312198,-21.778478],[-41.31061,-21.77781],[-41.310455,-21.777916],[-41.310428,-21.778052]]},"properties":{"nome":"F10","tipo":"distribuicao","bairro":"PARQUE AURORA"}},{"type":"Feature","geometry":{"type":"LineString","coordinates":[[-41.313376,-21.780216],[-41.313276,-21.780132],[-41.313019,-21.780165],[-41.312188,-21.778857],[-41.312186,-21.778462],[-41.312217,-21.777692],[-41.311731,-21.776917],[-41.312203,-21.776673],[-41.312347,-21.776679]]},"properties":{"nome":"F11","tipo":"distribuicao","bairro":"PARQUE AURORA"}},{"type":"Feature","geometry":{"type":"LineString","coordinates":[[-41.313204,-21.779636],[-41.313083,-21.779553],[-41.312802,-21.779679],[-41.312253,-21.778823],[-41.312191,-21.778475],[-41.311841,-21.777599],[-41.311575,-21.777548]]},"properties":{"nome":"F9","tipo":"distribuicao","bairro":"PARQUE AURORA"}},{"type":"Feature","geometry":{"type":"LineString","coordinates":[[-41.312129,-21.779798],[-41.311801,-21.779149],[-41.312202,-21.778475]]},"properties":{"nome":"F7","tipo":"distribuicao","bairro":"PARQUE AURORA"}},{"type":"Feature","geometry":{"type":"LineString","coordinates":[[-41.31151,-21.780001],[-41.311513,-21.77991],[-41.311248,-21.779343],[-41.312199,-21.77844]]},"properties":{"nome":"F8","tipo":"distribuicao","bairro":"PARQUE AURORA"}},{"type":"Feature","geometry":{"type":"LineString","coordinates":[[-41.312769,-21.77933],[-41.312769,-21.779054],[-41.312197,-21.778456]]},"properties":{"nome":"F6","tipo":"distribuicao","bairro":"PARQUE AURORA"}},{"type":"Feature","geometry":{"type":"LineString","coordinates":[[-41.323174,-21.776484],[-41.323162,-21.776358],[-41.322092,-21.776481]]},"properties":{"nome":"F6","tipo":"distribuicao","bairro":"PARQUE AURORA"}},{"type":"Feature","geometry":{"type":"LineString","coordinates":[[-41.322093,-21.776481],[-41.322077,-21.77732],[-41.321992,-21.777389]]},"properties":{"nome":"F10","tipo":"distribuicao","bairro":"PARQUE AURORA"}},{"type":"Feature","geometry":{"type":"LineString","coordinates":[[-41.322475,-21.776624],[-41.322467,-21.776496],[-41.322122,-21.776531]]},"properties":{"nome":"F5","tipo":"distribuicao","bairro":"PARQUE AURORA"}},{"type":"Feature","geometry":{"type":"LineString","coordinates":[[-41.322121,-21.77653],[-41.322102,-21.777315],[-41.321991,-21.77739]]},"properties":{"nome":"F9","tipo":"distribuicao","bairro":"PARQUE AURORA"}},{"type":"Feature","geometry":{"type":"LineString","coordinates":[[-41.321771,-21.77664],[-41.321769,-21.776551],[-41.321996,-21.776552],[-41.321992,-21.777387]]},"properties":{"nome":"F8","tipo":"distribuicao","bairro":"PARQUE AURORA"}},{"type":"Feature","geometry":{"type":"LineString","coordinates":[[-41.320492,-21.776636],[-41.320492,-21.776527],[-41.321721,-21.776511]]},"properties":{"nome":"F5","tipo":"distribuicao","bairro":"PARQUE AURORA"}},{"type":"Feature","geometry":{"type":"LineString","coordinates":[[-41.321721,-21.776509],[-41.322032,-21.776513],[-41.322022,-21.777321],[-41.32199,-21.777389]]},"properties":{"nome":"F11","tipo":"distribuicao","bairro":"PARQUE AURORA"}},{"type":"Feature","geometry":{"type":"LineString","coordinates":[[-41.319273,-21.776663],[-41.319272,-21.776496],[-41.321718,-21.776477]]},"properties":{"nome":"F6","tipo":"distribuicao","bairro":"PARQUE AURORA"}},{"type":"Feature","geometry":{"type":"LineString","coordinates":[[-41.321716,-21.776479],[-41.322061,-21.77648],[-41.322054,-21.777321],[-41.321991,-21.77739]]},"properties":{"nome":"F12","tipo":"distribuicao","bairro":"PARQUE AURORA"}},{"type":"Feature","geometry":{"type":"LineString","coordinates":[[-41.321992,-21.777388],[-41.322337,-21.777225],[-41.323076,-21.777165],[-41.323089,-21.777312]]},"properties":{"nome":"F6","tipo":"distribuicao","bairro":"PARQUE AURORA"}},{"type":"Feature","geometry":{"type":"LineString","coordinates":[[-41.321991,-21.77739],[-41.321709,-21.777279],[-41.321198,-21.777283],[-41.321198,-21.777395]]},"properties":{"nome":"F4","tipo":"distribuicao","bairro":"PARQUE AURORA"}},{"type":"Feature","geometry":{"type":"LineString","coordinates":[[-41.321991,-21.777389],[-41.321677,-21.777206],[-41.320459,-21.777216],[-41.320463,-21.777403]]},"properties":{"nome":"F5","tipo":"distribuicao","bairro":"PARQUE AURORA"}},{"type":"Feature","geometry":{"type":"LineString","coordinates":[[-41.321991,-21.777389],[-41.321644,-21.777127],[-41.319622,-21.777167],[-41.319625,-21.777421]]},"properties":{"nome":"F6","tipo":"distribuicao","bairro":"PARQUE AURORA"}},{"type":"Feature","geometry":{"type":"LineString","coordinates":[[-41.323557,-21.778059],[-41.323618,-21.778314],[-41.323179,-21.778416],[-41.322158,-21.778479]]},"properties":{"nome":"F6","tipo":"distribuicao","bairro":"PARQUE AURORA"}},{"type":"Feature","geometry":{"type":"LineString","coordinates":[[-41.321992,-21.777389],[-41.32213,-21.77749],[-41.322159,-21.778488]]},"properties":{"nome":"F10","tipo":"distribuicao","bairro":"PARQUE AURORA"}},{"type":"Feature","geometry":{"type":"LineString","coordinates":[[-41.322365,-21.778143],[-41.322373,-21.778344],[-41.322268,-21.778348]]},"properties":{"nome":"F5","tipo":"distribuicao","bairro":"PARQUE AURORA"}},{"type":"Feature","geometry":{"type":"LineString","coordinates":[[-41.321991,-21.77739],[-41.322238,-21.777487],[-41.322264,-21.77834]]},"properties":{"nome":"F9","tipo":"distribuicao","bairro":"PARQUE AURORA"}},{"type":"Feature","geometry":{"type":"LineString","coordinates":[[-41.321992,-21.777389],[-41.321985,-21.777511],[-41.322003,-21.778283],[-41.321631,-21.778298],[-41.321638,-21.778186]]},"properties":{"nome":"F8","tipo":"distribuicao","bairro":"PARQUE AURORA"}},{"type":"Feature","geometry":{"type":"LineString","coordinates":[[-41.320466,-21.778186],[-41.320461,-21.778379],[-41.32165,-21.778368]]},"properties":{"nome":"F5","tipo":"distribuicao","bairro":"PARQUE AURORA"}},{"type":"Feature","geometry":{"type":"LineString","coordinates":[[-41.32199,-21.777389],[-41.322034,-21.777511],[-41.322053,-21.778361],[-41.32165,-21.778368]]},"properties":{"nome":"F11","tipo":"distribuicao","bairro":"PARQUE AURORA"}},{"type":"Feature","geometry":{"type":"LineString","coordinates":[[-41.319261,-21.778202],[-41.319267,-21.778464],[-41.321658,-21.778445]]},"properties":{"nome":"F6","tipo":"distribuicao","bairro":"PARQUE AURORA"}},{"type":"Feature","geometry":{"type":"LineString","coordinates":[[-41.321991,-21.77739],[-41.322084,-21.777473],[-41.322106,-21.778433],[-41.321651,-21.778442]]},"properties":{"nome":"F12","tipo":"distribuicao","bairro":"PARQUE AURORA"}},{"type":"Feature","geometry":{"type":"LineString","coordinates":[[-41.321991,-21.77739],[-41.322188,-21.777497],[-41.32221,-21.778431],[-41.323026,-21.778387],[-41.322982,-21.777864],[-41.322786,-21.77788]]},"properties":{"nome":"F4","tipo":"distribuicao","bairro":"PARQUE AURORA"}},{"type":"Feature","geometry":{"type":"LineString","coordinates":[[-41.324055,-21.778688],[-41.323973,-21.778335],[-41.320156,-21.778387]]},"properties":{"nome":"1","tipo":"distribuicao","bairro":"PARQUE AURORA"}},{"type":"Feature","geometry":{"type":"LineString","coordinates":[[-41.320158,-21.778387],[-41.319362,-21.778393],[-41.319339,-21.777502],[-41.318619,-21.777286]]},"properties":{"nome":"1","tipo":"distribuicao","bairro":"PARQUE AURORA"}},{"type":"Feature","geometry":{"type":"LineString","coordinates":[[-41.322827,-21.778846],[-41.322815,-21.77846],[-41.320159,-21.778479]]},"properties":{"nome":"2","tipo":"distribuicao","bairro":"PARQUE AURORA"}},{"type":"Feature","geometry":{"type":"LineString","coordinates":[[-41.320165,-21.778479],[-41.319279,-21.778485],[-41.319257,-21.77751],[-41.318618,-21.777287]]},"properties":{"nome":"2","tipo":"distribuicao","bairro":"PARQUE AURORA"}},{"type":"Feature","geometry":{"type":"LineString","coordinates":[[-41.321707,-21.778873],[-41.321698,-21.778564],[-41.320156,-21.778571]]},"properties":{"nome":"3","tipo":"distribuicao","bairro":"PARQUE AURORA"}},{"type":"Feature","geometry":{"type":"LineString","coordinates":[[-41.320163,-21.778571],[-41.319203,-21.77858],[-41.319176,-21.777516],[-41.318619,-21.777287]]},"properties":{"nome":"3","tipo":"distribuicao","bairro":"PARQUE AURORA"}},{"type":"Feature","geometry":{"type":"LineString","coordinates":[[-41.320174,-21.778893],[-41.320173,-21.778655],[-41.31912,-21.77866],[-41.319088,-21.777514],[-41.318619,-21.777286]]},"properties":{"nome":"4","tipo":"distribuicao","bairro":"PARQUE AURORA"}},{"type":"Feature","geometry":{"type":"LineString","coordinates":[[-41.319015,-21.778904],[-41.318972,-21.777522],[-41.318618,-21.777287]]},"properties":{"nome":"5","tipo":"distribuicao","bairro":"PARQUE AURORA"}},{"type":"Feature","geometry":{"type":"LineString","coordinates":[[-41.31864,-21.778184],[-41.318859,-21.778178],[-41.318844,-21.777521],[-41.318618,-21.777286]]},"properties":{"nome":"6","tipo":"distribuicao","bairro":"PARQUE AURORA"}},{"type":"Feature","geometry":{"type":"LineString","coordinates":[[-41.318618,-21.777287],[-41.319467,-21.777063],[-41.319448,-21.776286],[-41.318621,-21.776296]]},"properties":{"nome":"8","tipo":"distribuicao","bairro":"PARQUE AURORA"}},{"type":"Feature","geometry":{"type":"LineString","coordinates":[[-41.317615,-21.776772],[-41.317498,-21.77649],[-41.318469,-21.776144],[-41.319571,-21.77613],[-41.319604,-21.777067],[-41.318618,-21.777286]]},"properties":{"nome":"9","tipo":"distribuicao","bairro":"PARQUE AURORA"}},{"type":"Feature","geometry":{"type":"LineString","coordinates":[[-41.318128,-21.775849],[-41.318166,-21.775969],[-41.318448,-21.775871],[-41.319863,-21.775844],[-41.319866,-21.77632]]},"properties":{"nome":"10","tipo":"distribuicao","bairro":"PARQUE AURORA"}},{"type":"Feature","geometry":{"type":"LineString","coordinates":[[-41.318618,-21.777287],[-41.319862,-21.777103],[-41.319867,-21.776315]]},"properties":{"nome":"10","tipo":"distribuicao","bairro":"PARQUE AURORA"}},{"type":"Feature","geometry":{"type":"LineString","coordinates":[[-41.316931,-21.776209],[-41.317007,-21.776438],[-41.318481,-21.775975],[-41.319723,-21.775944],[-41.319724,-21.776334]]},"properties":{"nome":"11","tipo":"distribuicao","bairro":"PARQUE AURORA"}},{"type":"Feature","geometry":{"type":"LineString","coordinates":[[-41.318619,-21.777286],[-41.319736,-21.777069],[-41.319726,-21.776325]]},"properties":{"nome":"11","tipo":"distribuicao","bairro":"PARQUE AURORA"}},{"type":"Feature","geometry":{"type":"LineString","coordinates":[[-41.318618,-21.777286],[-41.320122,-21.777122],[-41.320103,-21.775622],[-41.31894,-21.775645],[-41.318924,-21.775258],[-41.318678,-21.775237]]},"properties":{"nome":"12","tipo":"distribuicao","bairro":"PARQUE AURORA"}},{"type":"Feature","geometry":{"type":"LineString","coordinates":[[-41.319449,-21.775046],[-41.319472,-21.77521],[-41.319164,-21.775244],[-41.319179,-21.775467]]},"properties":{"nome":"13","tipo":"distribuicao","bairro":"PARQUE AURORA"}},{"type":"Feature","geometry":{"type":"LineString","coordinates":[[-41.318619,-21.777287],[-41.320371,-21.777149],[-41.320312,-21.775441],[-41.31917,-21.775467]]},"properties":{"nome":"13","tipo":"distribuicao","bairro":"PARQUE AURORA"}},{"type":"Feature","geometry":{"type":"LineString","coordinates":[[-41.317716,-21.775547],[-41.317783,-21.775755],[-41.318815,-21.775426]]},"properties":{"nome":"14","tipo":"distribuicao","bairro":"PARQUE AURORA"}},{"type":"Feature","geometry":{"type":"LineString","coordinates":[[-41.318618,-21.777287],[-41.320007,-21.777112],[-41.319978,-21.775725],[-41.318823,-21.775754],[-41.318815,-21.775422]]},"properties":{"nome":"14","tipo":"distribuicao","bairro":"PARQUE AURORA"}},{"type":"Feature","geometry":{"type":"LineString","coordinates":[[-41.31868,-21.77446],[-41.318991,-21.774464],[-41.319035,-21.775375]]},"properties":{"nome":"15","tipo":"distribuicao","bairro":"PARQUE AURORA"}},{"type":"Feature","geometry":{"type":"LineString","coordinates":[[-41.318619,-21.777286],[-41.320248,-21.777135],[-41.320217,-21.775524],[-41.319034,-21.775549],[-41.319038,-21.775372]]},"properties":{"nome":"15","tipo":"distribuicao","bairro":"PARQUE AURORA"}},{"type":"Feature","geometry":{"type":"LineString","coordinates":[[-41.31863,-21.777284],[-41.318751,-21.77721],[-41.31875,-21.777115],[-41.319017,-21.777115],[-41.319031,-21.77689]]},"properties":{"nome":"16","tipo":"distribuicao","bairro":"PARQUE AURORA"}},{"type":"Feature","geometry":{"type":"LineString","coordinates":[[-41.323646,-21.779419],[-41.323918,-21.779178],[-41.32498,-21.778919],[-41.325042,-21.77908]]},"properties":{"nome":"1","tipo":"distribuicao","bairro":"PARQUE AURORA"}},{"type":"Feature","geometry":{"type":"LineString","coordinates":[[-41.322526,-21.779564],[-41.322516,-21.779355],[-41.323133,-21.779329],[-41.323646,-21.779419],[-41.323918,-21.779178],[-41.32498,-21.778919],[-41.325042,-21.77908]]},"properties":{"nome":"3","tipo":"distribuicao","bairro":"PARQUE AURORA"}},{"type":"Feature","geometry":{"type":"LineString","coordinates":[[-41.321776,-21.779578],[-41.32177,-21.779282],[-41.323121,-21.779237],[-41.323647,-21.779419]]},"properties":{"nome":"4","tipo":"distribuicao","bairro":"PARQUE AURORA"}},{"type":"Feature","geometry":{"type":"LineString","coordinates":[[-41.320625,-21.779604],[-41.320623,-21.779231],[-41.32311,-21.779165],[-41.323647,-21.779419]]},"properties":{"nome":"5","tipo":"distribuicao","bairro":"PARQUE AURORA"}},{"type":"Feature","geometry":{"type":"LineString","coordinates":[[-41.319853,-21.779605],[-41.319852,-21.779156],[-41.323101,-21.779077],[-41.323646,-21.779419]]},"properties":{"nome":"6","tipo":"distribuicao","bairro":"PARQUE AURORA"}},{"type":"Feature","geometry":{"type":"LineString","coordinates":[[-41.319206,-21.779599],[-41.319211,-21.779071],[-41.319857,-21.779061]]},"properties":{"nome":"7","tipo":"distribuicao","bairro":"PARQUE AURORA"}},{"type":"Feature","geometry":{"type":"LineString","coordinates":[[-41.323647,-21.77942],[-41.323091,-21.778993],[-41.319857,-21.779063]]},"properties":{"nome":"7","tipo":"distribuicao","bairro":"PARQUE AURORA"}},{"type":"Feature","geometry":{"type":"LineString","coordinates":[[-41.317646,-21.779621],[-41.317633,-21.77885],[-41.319845,-21.778812]]},"properties":{"nome":"8","tipo":"distribuicao","bairro":"PARQUE AURORA"}},{"type":"Feature","geometry":{"type":"LineString","coordinates":[[-41.323647,-21.779418],[-41.323088,-21.778747],[-41.319848,-21.77881]]},"properties":{"nome":"8","tipo":"distribuicao","bairro":"PARQUE AURORA"}},{"type":"Feature","geometry":{"type":"LineString","coordinates":[[-41.323647,-21.779419],[-41.323897,-21.779099],[-41.325204,-21.778773],[-41.325513,-21.779654],[-41.325349,-21.779701]]},"properties":{"nome":"9","tipo":"distribuicao","bairro":"PARQUE AURORA"}},{"type":"Feature","geometry":{"type":"LineString","coordinates":[[-41.323647,-21.779419],[-41.323871,-21.779025],[-41.32526,-21.778664],[-41.325605,-21.779729],[-41.324549,-21.78007],[-41.324509,-21.779923]]},"properties":{"nome":"10","tipo":"distribuicao","bairro":"PARQUE AURORA"}},{"type":"Feature","geometry":{"type":"LineString","coordinates":[[-41.323646,-21.779419],[-41.323854,-21.778955],[-41.325314,-21.77858],[-41.325708,-21.779775],[-41.323825,-21.780375],[-41.323081,-21.780452],[-41.323075,-21.780271]]},"properties":{"nome":"11","tipo":"distribuicao","bairro":"PARQUE AURORA"}},{"type":"Feature","geometry":{"type":"LineString","coordinates":[[-41.322341,-21.780275],[-41.322348,-21.780501],[-41.32309,-21.780509]]},"properties":{"nome":"12","tipo":"distribuicao","bairro":"PARQUE AURORA"}},{"type":"Feature","geometry":{"type":"LineString","coordinates":[[-41.323089,-21.780508],[-41.323837,-21.780443],[-41.325809,-21.779806],[-41.32536,-21.778504],[-41.323843,-21.778884],[-41.323647,-21.77942]]},"properties":{"nome":"12","tipo":"distribuicao","bairro":"PARQUE AURORA"}},{"type":"Feature","geometry":{"type":"LineString","coordinates":[[-41.321341,-21.780295],[-41.321343,-21.780574],[-41.323093,-21.780579]]},"properties":{"nome":"13","tipo":"distribuicao","bairro":"PARQUE AURORA"}},{"type":"Feature","geometry":{"type":"LineString","coordinates":[[-41.323093,-21.780579],[-41.32386,-21.780503],[-41.325875,-21.77985],[-41.325411,-21.778445],[-41.32382,-21.778823],[-41.323647,-21.779417]]},"properties":{"nome":"13","tipo":"distribuicao","bairro":"PARQUE AURORA"}},{"type":"Feature","geometry":{"type":"LineString","coordinates":[[-41.319797,-21.780307],[-41.319805,-21.780688],[-41.323099,-21.780643]]},"properties":{"nome":"14","tipo":"distribuicao","bairro":"PARQUE AURORA"}},{"type":"Feature","geometry":{"type":"LineString","coordinates":[[-41.32309,-21.780645],[-41.323856,-21.780578],[-41.325959,-21.779894],[-41.325465,-21.778372],[-41.323814,-21.778723],[-41.323647,-21.779418]]},"properties":{"nome":"14","tipo":"distribuicao","bairro":"PARQUE AURORA"}},{"type":"Feature","geometry":{"type":"LineString","coordinates":[[-41.323647,-21.779417],[-41.323083,-21.778917],[-41.319858,-21.778978]]},"properties":{"nome":"15","tipo":"distribuicao","bairro":"PARQUE AURORA"}},{"type":"Feature","geometry":{"type":"LineString","coordinates":[[-41.318297,-21.780265],[-41.318298,-21.780458],[-41.31895,-21.780458],[-41.318929,-21.779005],[-41.319858,-21.778978]]},"properties":{"nome":"15","tipo":"distribuicao","bairro":"PARQUE AURORA"}},{"type":"Feature","geometry":{"type":"LineString","coordinates":[[-41.323639,-21.779417],[-41.323091,-21.778831],[-41.318202,-21.778927],[-41.318197,-21.779364],[-41.317935,-21.779371]]},"properties":{"nome":"16","tipo":"distribuicao","bairro":"PARQUE AURORA"}},{"type":"Feature","geometry":{"type":"LineString","coordinates":[[-41.327998,-21.774774],[-41.328072,-21.774937],[-41.329039,-21.774582],[-41.329207,-21.774996],[-41.326973,-21.77578]]},"properties":{"nome":"1","tipo":"distribuicao","bairro":"PARQUE AURORA"}},{"type":"Feature","geometry":{"type":"LineString","coordinates":[[-41.326975,-21.775779],[-41.326334,-21.776152],[-41.326551,-21.776745],[-41.326948,-21.776834]]},"properties":{"nome":"1","tipo":"distribuicao","bairro":"PARQUE AURORA"}},{"type":"Feature","geometry":{"type":"LineString","coordinates":[[-41.327227,-21.774977],[-41.327326,-21.775274],[-41.328981,-21.774687],[-41.329092,-21.774967],[-41.326971,-21.775702]]},"properties":{"nome":"2","tipo":"distribuicao","bairro":"PARQUE AURORA"}},{"type":"Feature","geometry":{"type":"LineString","coordinates":[[-41.329311,-21.776711],[-41.329381,-21.776899],[-41.330251,-21.776607],[-41.329932,-21.775859],[-41.327308,-21.776779],[-41.32695,-21.776834],[-41.327303,-21.777281],[-41.327965,-21.777063],[-41.328014,-21.777191]]},"properties":{"nome":"F6","tipo":"distribuicao","bairro":"PARQUE AURORA"}},{"type":"Feature","geometry":{"type":"LineString","coordinates":[[-41.329297,-21.777709],[-41.329383,-21.777948],[-41.328152,-21.778321],[-41.32806,-21.778076],[-41.327089,-21.778394],[-41.326909,-21.777891]]},"properties":{"nome":"F6","tipo":"distribuicao","bairro":"PARQUE AURORA"}},{"type":"Feature","geometry":{"type":"LineString","coordinates":[[-41.326435,-21.7783],[-41.326396,-21.778193],[-41.326883,-21.778024],[-41.326843,-21.777909]]},"properties":{"nome":"F6","tipo":"distribuicao","bairro":"PARQUE AURORA"}},{"type":"Feature","geometry":{"type":"LineString","coordinates":[[-41.325504,-21.778734],[-41.32541,-21.778463],[-41.326793,-21.77798],[-41.326772,-21.777926]]},"properties":{"nome":"F5","tipo":"distribuicao","bairro":"PARQUE AURORA"}},{"type":"Feature","geometry":{"type":"LineString","coordinates":[[-41.327604,-21.776903],[-41.327558,-21.77677],[-41.327332,-21.776849],[-41.32695,-21.776834]]},"properties":{"nome":"F5","tipo":"distribuicao","bairro":"PARQUE AURORA"}},{"type":"Feature","geometry":{"type":"LineString","coordinates":[[-41.327754,-21.776363],[-41.327712,-21.776244],[-41.327079,-21.776473],[-41.326938,-21.776078]]},"properties":{"nome":"F6","tipo":"distribuicao","bairro":"PARQUE AURORA"}},{"type":"Feature","geometry":{"type":"LineString","coordinates":[[-41.328323,-21.778049],[-41.328171,-21.778092],[-41.328127,-21.777966],[-41.327144,-21.778305],[-41.32698,-21.777864]]},"properties":{"nome":"F5","tipo":"distribuicao","bairro":"PARQUE AURORA"}},{"type":"Feature","geometry":{"type":"LineString","coordinates":[[-41.32898,-21.775375],[-41.328905,-21.775185],[-41.32703,-21.775836]]},"properties":{"nome":"F4","tipo":"distribuicao","bairro":"PARQUE AURORA"}},{"type":"Feature","geometry":{"type":"LineString","coordinates":[[-41.326107,-21.777435],[-41.32601,-21.777165],[-41.326948,-21.776833]]},"properties":{"nome":"F4","tipo":"distribuicao","bairro":"PARQUE AURORA"}},{"type":"Feature","geometry":{"type":"LineString","coordinates":[[-41.326973,-21.7757],[-41.326241,-21.776122],[-41.326479,-21.776769],[-41.326949,-21.776834],[-41.326657,-21.777138],[-41.326912,-21.777893]]},"properties":{"nome":"F12","tipo":"distribuicao","bairro":"PARQUE AURORA"}},{"type":"Feature","geometry":{"type":"LineString","coordinates":[[-41.326973,-21.7757],[-41.326241,-21.776122],[-41.326479,-21.776769],[-41.326949,-21.776834],[-41.326657,-21.777138],[-41.326912,-21.777893]]},"properties":{"nome":"F12","tipo":"distribuicao","bairro":"PARQUE AURORA"}},{"type":"Feature","geometry":{"type":"LineString","coordinates":[[-41.326975,-21.775779],[-41.326334,-21.776152],[-41.326551,-21.776745],[-41.326948,-21.776834],[-41.32673,-21.777124],[-41.326986,-21.777883]]},"properties":{"nome":"F11","tipo":"distribuicao","bairro":"PARQUE AURORA"}},{"type":"Feature","geometry":{"type":"LineString","coordinates":[[-41.327029,-21.775836],[-41.326434,-21.77618],[-41.326617,-21.776721],[-41.326949,-21.776834],[-41.326812,-21.777106],[-41.327054,-21.777849]]},"properties":{"nome":"F10","tipo":"distribuicao","bairro":"PARQUE AURORA"}},{"type":"Feature","geometry":{"type":"LineString","coordinates":[[-41.327029,-21.775836],[-41.326434,-21.77618],[-41.326617,-21.776721],[-41.326949,-21.776834],[-41.326812,-21.777106],[-41.327054,-21.777849]]},"properties":{"nome":"F10","tipo":"distribuicao","bairro":"PARQUE AURORA"}},{"type":"Feature","geometry":{"type":"LineString","coordinates":[[-41.326949,-21.776833],[-41.326585,-21.777152],[-41.326843,-21.77791]]},"properties":{"nome":"F9","tipo":"distribuicao","bairro":"PARQUE AURORA"}},{"type":"Feature","geometry":{"type":"LineString","coordinates":[[-41.326948,-21.776833],[-41.326509,-21.777165],[-41.326773,-21.777924]]},"properties":{"nome":"F7","tipo":"distribuicao","bairro":"PARQUE AURORA"}},{"type":"Feature","geometry":{"type":"LineString","coordinates":[[-41.328441,-21.777596],[-41.328507,-21.777759],[-41.327187,-21.778206],[-41.327053,-21.77785]]},"properties":{"nome":"F4","tipo":"distribuicao","bairro":"PARQUE AURORA"}},{"type":"Feature","geometry":{"type":"LineString","coordinates":[[-41.327249,-21.777788],[-41.327127,-21.777836],[-41.32689,-21.777073],[-41.32695,-21.776834]]},"properties":{"nome":"F8","tipo":"distribuicao","bairro":"PARQUE AURORA"}},{"type":"Feature","geometry":{"type":"LineString","coordinates":[[-41.327174,-21.776124],[-41.327072,-21.775909],[-41.326518,-21.776216],[-41.326684,-21.776702],[-41.326949,-21.776833]]},"properties":{"nome":"F8","tipo":"distribuicao","bairro":"PARQUE AURORA"}},{"type":"Feature","geometry":{"type":"LineString","coordinates":[[-41.326942,-21.776077],[-41.326626,-21.776247],[-41.326763,-21.776679],[-41.326949,-21.776836]]},"properties":{"nome":"F9","tipo":"distribuicao","bairro":"PARQUE AURORA"}},{"type":"Feature","geometry":{"type":"LineString","coordinates":[[-41.330989,-21.777288],[-41.33093,-21.777132],[-41.329954,-21.777449],[-41.330256,-21.778238]]},"properties":{"nome":"1","tipo":"distribuicao","bairro":"PARQUE AURORA"}},{"type":"Feature","geometry":{"type":"LineString","coordinates":[[-41.33026,-21.778236],[-41.329708,-21.778429],[-41.32967,-21.778945]]},"properties":{"nome":"1","tipo":"distribuicao","bairro":"PARQUE AURORA"}},{"type":"Feature","geometry":{"type":"LineString","coordinates":[[-41.331049,-21.777732],[-41.330968,-21.777551],[-41.330169,-21.777816],[-41.330346,-21.778275]]},"properties":{"nome":"2","tipo":"distribuicao","bairro":"PARQUE AURORA"}},{"type":"Feature","geometry":{"type":"LineString","coordinates":[[-41.329667,-21.778959],[-41.329744,-21.778477],[-41.330351,-21.778271]]},"properties":{"nome":"2","tipo":"distribuicao","bairro":"PARQUE AURORA"}},{"type":"Feature","geometry":{"type":"LineString","coordinates":[[-41.330591,-21.778017],[-41.330357,-21.778096],[-41.330438,-21.778294]]},"properties":{"nome":"3","tipo":"distribuicao","bairro":"PARQUE AURORA"}},{"type":"Feature","geometry":{"type":"LineString","coordinates":[[-41.331166,-21.77804],[-41.33113,-21.777967],[-41.330484,-21.778186],[-41.330535,-21.778317]]},"properties":{"nome":"4","tipo":"distribuicao","bairro":"PARQUE AURORA"}},{"type":"Feature","geometry":{"type":"LineString","coordinates":[[-41.32966,-21.778962],[-41.329786,-21.778524],[-41.330443,-21.778294]]},"properties":{"nome":"4","tipo":"distribuicao","bairro":"PARQUE AURORA"}},{"type":"Feature","geometry":{"type":"LineString","coordinates":[[-41.332034,-21.778139],[-41.331977,-21.777981],[-41.331036,-21.778312]]},"properties":{"nome":"5","tipo":"distribuicao","bairro":"PARQUE AURORA"}},{"type":"Feature","geometry":{"type":"LineString","coordinates":[[-41.33104,-21.778307],[-41.329885,-21.778724],[-41.329667,-21.778957]]},"properties":{"nome":"5","tipo":"distribuicao","bairro":"PARQUE AURORA"}},{"type":"Feature","geometry":{"type":"LineString","coordinates":[[-41.331761,-21.778447],[-41.331822,-21.778614],[-41.332302,-21.778451],[-41.332092,-21.777886],[-41.32986,-21.778667],[-41.32967,-21.778967]]},"properties":{"nome":"6","tipo":"distribuicao","bairro":"PARQUE AURORA"}},{"type":"Feature","geometry":{"type":"LineString","coordinates":[[-41.331101,-21.778474],[-41.331063,-21.778352],[-41.329886,-21.778779],[-41.32967,-21.778964]]},"properties":{"nome":"7","tipo":"distribuicao","bairro":"PARQUE AURORA"}},{"type":"Feature","geometry":{"type":"LineString","coordinates":[[-41.32978,-21.779167],[-41.329838,-21.779338],[-41.332369,-21.778482],[-41.332133,-21.777818],[-41.329833,-21.778619],[-41.329663,-21.778975]]},"properties":{"nome":"9","tipo":"distribuicao","bairro":"PARQUE AURORA"}},{"type":"Feature","geometry":{"type":"LineString","coordinates":[[-41.329668,-21.778963],[-41.329343,-21.779],[-41.328332,-21.779346],[-41.32837,-21.779446]]},"properties":{"nome":"10","tipo":"distribuicao","bairro":"PARQUE AURORA"}},{"type":"Feature","geometry":{"type":"LineString","coordinates":[[-41.329667,-21.778957],[-41.329363,-21.778941],[-41.327906,-21.779444],[-41.327784,-21.779425]]},"properties":{"nome":"11","tipo":"distribuicao","bairro":"PARQUE AURORA"}},{"type":"Feature","geometry":{"type":"LineString","coordinates":[[-41.328125,-21.778873],[-41.328164,-21.778967],[-41.327978,-21.779025],[-41.328053,-21.779235]]},"properties":{"nome":"12","tipo":"distribuicao","bairro":"PARQUE AURORA"}},{"type":"Feature","geometry":{"type":"LineString","coordinates":[[-41.329665,-21.77896],[-41.329297,-21.778819],[-41.328056,-21.779236]]},"properties":{"nome":"12","tipo":"distribuicao","bairro":"PARQUE AURORA"}},{"type":"Feature","geometry":{"type":"LineString","coordinates":[[-41.329215,-21.77856],[-41.329257,-21.778669],[-41.328079,-21.779056],[-41.328115,-21.779149]]},"properties":{"nome":"13","tipo":"distribuicao","bairro":"PARQUE AURORA"}},{"type":"Feature","geometry":{"type":"LineString","coordinates":[[-41.328115,-21.779151],[-41.329278,-21.778758],[-41.32966,-21.778962]]},"properties":{"nome":"13","tipo":"distribuicao","bairro":"PARQUE AURORA"}},{"type":"Feature","geometry":{"type":"LineString","coordinates":[[-41.326738,-21.77907],[-41.326682,-21.778918],[-41.327669,-21.778579],[-41.327935,-21.779387]]},"properties":{"nome":"14","tipo":"distribuicao","bairro":"PARQUE AURORA"}},{"type":"Feature","geometry":{"type":"LineString","coordinates":[[-41.327933,-21.779388],[-41.329338,-21.778912],[-41.329667,-21.778959]]},"properties":{"nome":"14","tipo":"distribuicao","bairro":"PARQUE AURORA"}},{"type":"Feature","geometry":{"type":"LineString","coordinates":[[-41.325792,-21.779408],[-41.325716,-21.779191],[-41.327713,-21.778504],[-41.327984,-21.779317]]},"properties":{"nome":"15","tipo":"distribuicao","bairro":"PARQUE AURORA"}},{"type":"Feature","geometry":{"type":"LineString","coordinates":[[-41.32967,-21.778945],[-41.329311,-21.778869],[-41.327988,-21.779318]]},"properties":{"nome":"15","tipo":"distribuicao","bairro":"PARQUE AURORA"}},{"type":"Feature","geometry":{"type":"LineString","coordinates":[[-41.330409,-21.779583],[-41.33051,-21.77955],[-41.330335,-21.779068],[-41.330633,-21.778948],[-41.330907,-21.77966],[-41.331191,-21.780357],[-41.331276,-21.780481],[-41.331335,-21.781198],[-41.330355,-21.78154],[-41.330364,-21.781615],[-41.331298,-21.781299],[-41.331317,-21.781394]]},"properties":{"nome":"F6","tipo":"distribuicao","bairro":"PARQUE AURORA"}},{"type":"Feature","geometry":{"type":"LineString","coordinates":[[-41.331115,-21.779582],[-41.330973,-21.779636],[-41.331296,-21.780473]]},"properties":{"nome":"F5","tipo":"distribuicao","bairro":"PARQUE AURORA"}},{"type":"Feature","geometry":{"type":"LineString","coordinates":[[-41.333378,-21.780712],[-41.333424,-21.780839],[-41.332162,-21.781254],[-41.331934,-21.780589]]},"properties":{"nome":"F6","tipo":"distribuicao","bairro":"PARQUE AURORA"}},{"type":"Feature","geometry":{"type":"LineString","coordinates":[[-41.329251,-21.782011],[-41.329157,-21.781809],[-41.330296,-21.781422]]},"properties":{"nome":"F6","tipo":"distribuicao","bairro":"PARQUE AURORA"}},{"type":"Feature","geometry":{"type":"LineString","coordinates":[[-41.331273,-21.780475],[-41.33111,-21.780866],[-41.32926,-21.781518],[-41.328818,-21.780225],[-41.329963,-21.779876]]},"properties":{"nome":"F3","tipo":"distribuicao","bairro":"PARQUE AURORA"}},{"type":"Feature","geometry":{"type":"LineString","coordinates":[[-41.330034,-21.780026],[-41.328996,-21.780341],[-41.329351,-21.781403],[-41.331112,-21.780784],[-41.33126,-21.780485]]},"properties":{"nome":"F4","tipo":"distribuicao","bairro":"PARQUE AURORA"}},{"type":"Feature","geometry":{"type":"LineString","coordinates":[[-41.330088,-21.780188],[-41.32915,-21.780494],[-41.329406,-21.781297],[-41.331042,-21.780724],[-41.331266,-21.780473]]},"properties":{"nome":"F5","tipo":"distribuicao","bairro":"PARQUE AURORA"}},{"type":"Feature","geometry":{"type":"LineString","coordinates":[[-41.331259,-21.780448],[-41.331146,-21.780941],[-41.330263,-21.78126]]},"properties":{"nome":"F8","tipo":"distribuicao","bairro":"PARQUE AURORA"}},{"type":"Feature","geometry":{"type":"LineString","coordinates":[[-41.329629,-21.779571],[-41.328566,-21.779913],[-41.329187,-21.78165],[-41.330267,-21.781259]]},"properties":{"nome":"F6","tipo":"distribuicao","bairro":"PARQUE AURORA"}},{"type":"Feature","geometry":{"type":"LineString","coordinates":[[-41.332375,-21.781025],[-41.3322,-21.781089],[-41.331976,-21.780483]]},"properties":{"nome":"F5","tipo":"distribuicao","bairro":"PARQUE AURORA"}},{"type":"Feature","geometry":{"type":"LineString","coordinates":[[-41.330109,-21.781789],[-41.330029,-21.78159],[-41.330342,-21.781479]]},"properties":{"nome":"F5","tipo":"distribuicao","bairro":"PARQUE AURORA"}},{"type":"Feature","geometry":{"type":"LineString","coordinates":[[-41.328863,-21.781287],[-41.329027,-21.781769],[-41.330295,-21.781335]]},"properties":{"nome":"F5","tipo":"distribuicao","bairro":"PARQUE AURORA"}},{"type":"Feature","geometry":{"type":"LineString","coordinates":[[-41.333082,-21.779885],[-41.333132,-21.780025],[-41.33163,-21.780517],[-41.331258,-21.780471]]},"properties":{"nome":"F11","tipo":"distribuicao","bairro":"PARQUE AURORA"}},{"type":"Feature","geometry":{"type":"LineString","coordinates":[[-41.331258,-21.780471],[-41.33119,-21.781024],[-41.330291,-21.781337]]},"properties":{"nome":"F11","tipo":"distribuicao","bairro":"PARQUE AURORA"}},{"type":"Feature","geometry":{"type":"LineString","coordinates":[[-41.331233,-21.780428],[-41.331236,-21.78109],[-41.330313,-21.781411]]},"properties":{"nome":"F10","tipo":"distribuicao","bairro":"PARQUE AURORA"}},{"type":"Feature","geometry":{"type":"LineString","coordinates":[[-41.332103,-21.780177],[-41.331941,-21.780346],[-41.331643,-21.780452],[-41.331277,-21.780468]]},"properties":{"nome":"F10","tipo":"distribuicao","bairro":"PARQUE AURORA"}},{"type":"Feature","geometry":{"type":"LineString","coordinates":[[-41.331931,-21.78059],[-41.331647,-21.780684],[-41.331274,-21.780475]]},"properties":{"nome":"F9","tipo":"distribuicao","bairro":"PARQUE AURORA"}},{"type":"Feature","geometry":{"type":"LineString","coordinates":[[-41.331246,-21.780412],[-41.331286,-21.781146],[-41.330335,-21.781482]]},"properties":{"nome":"F9","tipo":"distribuicao","bairro":"PARQUE AURORA"}},{"type":"Feature","geometry":{"type":"LineString","coordinates":[[-41.331976,-21.780483],[-41.331632,-21.780595],[-41.331259,-21.780448]]},"properties":{"nome":"F8","tipo":"distribuicao","bairro":"PARQUE AURORA"}},{"type":"Feature","geometry":{"type":"LineString","coordinates":[[-41.331278,-21.780476],[-41.331002,-21.780655],[-41.330153,-21.780968],[-41.330078,-21.780909]]},"properties":{"nome":"F7","tipo":"distribuicao","bairro":"PARQUE AURORA"}},{"type":"Feature","geometry":{"type":"LineString","coordinates":[[-41.325413,-21.783267],[-41.325362,-21.783061],[-41.326797,-21.782622]]},"properties":{"nome":"1","tipo":"distribuicao","bairro":"PARQUE AURORA"}},{"type":"Feature","geometry":{"type":"LineString","coordinates":[[-41.3268,-21.782623],[-41.326372,-21.781409],[-41.325975,-21.781136]]},"properties":{"nome":"1","tipo":"distribuicao","bairro":"PARQUE AURORA"}},{"type":"Feature","geometry":{"type":"LineString","coordinates":[[-41.326776,-21.782875],[-41.326864,-21.782596],[-41.326443,-21.781386],[-41.325975,-21.781134]]},"properties":{"nome":"2","tipo":"distribuicao","bairro":"PARQUE AURORA"}},{"type":"Feature","geometry":{"type":"LineString","coordinates":[[-41.327746,-21.782578],[-41.32765,-21.782335],[-41.326931,-21.782562]]},"properties":{"nome":"3","tipo":"distribuicao","bairro":"PARQUE AURORA"}},{"type":"Feature","geometry":{"type":"LineString","coordinates":[[-41.325974,-21.781134],[-41.326505,-21.781364],[-41.326929,-21.782566]]},"properties":{"nome":"3","tipo":"distribuicao","bairro":"PARQUE AURORA"}},{"type":"Feature","geometry":{"type":"LineString","coordinates":[[-41.325352,-21.782357],[-41.325299,-21.782177],[-41.325851,-21.782003]]},"properties":{"nome":"4","tipo":"distribuicao","bairro":"PARQUE AURORA"}},{"type":"Feature","geometry":{"type":"LineString","coordinates":[[-41.325975,-21.781133],[-41.326235,-21.78145],[-41.326373,-21.781831],[-41.325854,-21.782003]]},"properties":{"nome":"4","tipo":"distribuicao","bairro":"PARQUE AURORA"}},{"type":"Feature","geometry":{"type":"LineString","coordinates":[[-41.325917,-21.782194],[-41.325881,-21.782068],[-41.326468,-21.781873],[-41.326304,-21.781426],[-41.325975,-21.781134]]},"properties":{"nome":"5","tipo":"distribuicao","bairro":"PARQUE AURORA"}},{"type":"Feature","geometry":{"type":"LineString","coordinates":[[-41.327425,-21.781722],[-41.327378,-21.781597],[-41.326739,-21.781802]]},"properties":{"nome":"6","tipo":"distribuicao","bairro":"PARQUE AURORA"}},{"type":"Feature","geometry":{"type":"LineString","coordinates":[[-41.326741,-21.781807],[-41.326576,-21.781348],[-41.325974,-21.781134]]},"properties":{"nome":"6","tipo":"distribuicao","bairro":"PARQUE AURORA"}},{"type":"Feature","geometry":{"type":"LineString","coordinates":[[-41.325152,-21.781627],[-41.325109,-21.781495],[-41.32569,-21.781305],[-41.325974,-21.781134]]},"properties":{"nome":"7","tipo":"distribuicao","bairro":"PARQUE AURORA"}},{"type":"Feature","geometry":{"type":"LineString","coordinates":[[-41.327091,-21.780994],[-41.32704,-21.780855],[-41.326253,-21.781113],[-41.325977,-21.781134]]},"properties":{"nome":"9","tipo":"distribuicao","bairro":"PARQUE AURORA"}},{"type":"Feature","geometry":{"type":"LineString","coordinates":[[-41.325061,-21.780802],[-41.325098,-21.780924],[-41.325501,-21.780798]]},"properties":{"nome":"10","tipo":"distribuicao","bairro":"PARQUE AURORA"}},{"type":"Feature","geometry":{"type":"LineString","coordinates":[[-41.325502,-21.780795],[-41.325608,-21.781075],[-41.325975,-21.781133]]},"properties":{"nome":"10","tipo":"distribuicao","bairro":"PARQUE AURORA"}},{"type":"Feature","geometry":{"type":"LineString","coordinates":[[-41.325974,-21.781134],[-41.325751,-21.781018],[-41.325648,-21.780743],[-41.326181,-21.78056],[-41.326143,-21.780465]]},"properties":{"nome":"11","tipo":"distribuicao","bairro":"PARQUE AURORA"}},{"type":"Feature","geometry":{"type":"LineString","coordinates":[[-41.327047,-21.780136],[-41.327101,-21.78029],[-41.326191,-21.780597]]},"properties":{"nome":"12","tipo":"distribuicao","bairro":"PARQUE AURORA"}},{"type":"Feature","geometry":{"type":"LineString","coordinates":[[-41.325975,-21.781134],[-41.3258,-21.781009],[-41.325714,-21.780765],[-41.326195,-21.780597]]},"properties":{"nome":"12","tipo":"distribuicao","bairro":"PARQUE AURORA"}},{"type":"Feature","geometry":{"type":"LineString","coordinates":[[-41.32515,-21.780576],[-41.32508,-21.78038],[-41.326333,-21.779945],[-41.326352,-21.779987],[-41.325371,-21.780326],[-41.325551,-21.78078]]},"properties":{"nome":"13","tipo":"distribuicao","bairro":"PARQUE AURORA"}},{"type":"Feature","geometry":{"type":"LineString","coordinates":[[-41.325975,-21.781136],[-41.325655,-21.781053],[-41.325551,-21.780776]]},"properties":{"nome":"13","tipo":"distribuicao","bairro":"PARQUE AURORA"}},{"type":"Feature","geometry":{"type":"LineString","coordinates":[[-41.326414,-21.780134],[-41.326368,-21.780032],[-41.325444,-21.78035],[-41.325601,-21.780767]]},"properties":{"nome":"14","tipo":"distribuicao","bairro":"PARQUE AURORA"}},{"type":"Feature","geometry":{"type":"LineString","coordinates":[[-41.325601,-21.780762],[-41.325698,-21.78103],[-41.325974,-21.781134]]},"properties":{"nome":"14","tipo":"distribuicao","bairro":"PARQUE AURORA"}},{"type":"Feature","geometry":{"type":"LineString","coordinates":[[-41.328101,-21.780489],[-41.327947,-21.780501],[-41.326244,-21.781064],[-41.325975,-21.781133]]},"properties":{"nome":"15","tipo":"distribuicao","bairro":"PARQUE AURORA"}},{"type":"Feature","geometry":{"type":"LineString","coordinates":[[-41.322834,-21.780908],[-41.323121,-21.780889],[-41.323136,-21.781229]]},"properties":{"nome":"1","tipo":"distribuicao","bairro":"PARQUE AURORA"}},{"type":"Feature","geometry":{"type":"LineString","coordinates":[[-41.323139,-21.781227],[-41.323611,-21.7812],[-41.32366,-21.781577],[-41.323419,-21.781584],[-41.323165,-21.781843]]},"properties":{"nome":"1","tipo":"distribuicao","bairro":"PARQUE AURORA"}},{"type":"Feature","geometry":{"type":"LineString","coordinates":[[-41.320709,-21.780935],[-41.320716,-21.780794],[-41.323207,-21.780761],[-41.32323,-21.781165]]},"properties":{"nome":"2","tipo":"distribuicao","bairro":"PARQUE AURORA"}},{"type":"Feature","geometry":{"type":"LineString","coordinates":[[-41.323228,-21.781161],[-41.323682,-21.781128],[-41.323754,-21.78165],[-41.323409,-21.781661],[-41.323165,-21.78184]]},"properties":{"nome":"2","tipo":"distribuicao","bairro":"PARQUE AURORA"}},{"type":"Feature","geometry":{"type":"LineString","coordinates":[[-41.323172,-21.78184],[-41.323404,-21.78151],[-41.323574,-21.781511],[-41.32355,-21.781279],[-41.322831,-21.781313],[-41.322829,-21.781115]]},"properties":{"nome":"3","tipo":"distribuicao","bairro":"PARQUE AURORA"}},{"type":"Feature","geometry":{"type":"LineString","coordinates":[[-41.321041,-21.78113],[-41.321037,-21.781387],[-41.322845,-21.781381]]},"properties":{"nome":"4","tipo":"distribuicao","bairro":"PARQUE AURORA"}},{"type":"Feature","geometry":{"type":"LineString","coordinates":[[-41.322837,-21.78138],[-41.323485,-21.781349],[-41.323498,-21.781431],[-41.323407,-21.781435],[-41.323163,-21.781844]]},"properties":{"nome":"4","tipo":"distribuicao","bairro":"PARQUE AURORA"}},{"type":"Feature","geometry":{"type":"LineString","coordinates":[[-41.322214,-21.781837],[-41.322214,-21.781695],[-41.322862,-21.781684],[-41.323164,-21.781851]]},"properties":{"nome":"6","tipo":"distribuicao","bairro":"PARQUE AURORA"}},{"type":"Feature","geometry":{"type":"LineString","coordinates":[[-41.322216,-21.781629],[-41.320741,-21.781646],[-41.320738,-21.781864]]},"properties":{"nome":"7","tipo":"distribuicao","bairro":"PARQUE AURORA"}},{"type":"Feature","geometry":{"type":"LineString","coordinates":[[-41.322214,-21.781629],[-41.322851,-21.781615],[-41.323176,-21.781836]]},"properties":{"nome":"7","tipo":"distribuicao","bairro":"PARQUE AURORA"}},{"type":"Feature","geometry":{"type":"LineString","coordinates":[[-41.322206,-21.781559],[-41.320264,-21.781578],[-41.320054,-21.781617]]},"properties":{"nome":"8","tipo":"distribuicao","bairro":"PARQUE AURORA"}},{"type":"Feature","geometry":{"type":"LineString","coordinates":[[-41.322206,-21.781557],[-41.322843,-21.781549],[-41.323167,-21.781848]]},"properties":{"nome":"8","tipo":"distribuicao","bairro":"PARQUE AURORA"}},{"type":"Feature","geometry":{"type":"LineString","coordinates":[[-41.323622,-21.782689],[-41.323594,-21.782544],[-41.323756,-21.782519],[-41.323692,-21.782169],[-41.323172,-21.78184]]},"properties":{"nome":"9","tipo":"distribuicao","bairro":"PARQUE AURORA"}},{"type":"Feature","geometry":{"type":"LineString","coordinates":[[-41.322381,-21.782947],[-41.322318,-21.782661],[-41.323617,-21.782435]]},"properties":{"nome":"10","tipo":"distribuicao","bairro":"PARQUE AURORA"}},{"type":"Feature","geometry":{"type":"LineString","coordinates":[[-41.323163,-21.781844],[-41.323576,-21.782216],[-41.323618,-21.782438]]},"properties":{"nome":"10","tipo":"distribuicao","bairro":"PARQUE AURORA"}},{"type":"Feature","geometry":{"type":"LineString","coordinates":[[-41.32247,-21.783848],[-41.322412,-21.783567],[-41.324018,-21.783234],[-41.323866,-21.782524]]},"properties":{"nome":"11","tipo":"distribuicao","bairro":"PARQUE AURORA"}},{"type":"Feature","geometry":{"type":"LineString","coordinates":[[-41.323165,-21.78184],[-41.323786,-21.782096],[-41.323866,-21.78253]]},"properties":{"nome":"11","tipo":"distribuicao","bairro":"PARQUE AURORA"}},{"type":"Feature","geometry":{"type":"LineString","coordinates":[[-41.323768,-21.783579],[-41.323724,-21.783401],[-41.324136,-21.783323],[-41.323968,-21.782518]]},"properties":{"nome":"12","tipo":"distribuicao","bairro":"PARQUE AURORA"}},{"type":"Feature","geometry":{"type":"LineString","coordinates":[[-41.323165,-21.781843],[-41.323873,-21.782019],[-41.323964,-21.782518]]},"properties":{"nome":"12","tipo":"distribuicao","bairro":"PARQUE AURORA"}},{"type":"Feature","geometry":{"type":"LineString","coordinates":[[-41.321197,-21.783301],[-41.321197,-21.783415],[-41.319648,-21.783416],[-41.319565,-21.783317]]},"properties":{"nome":"F12","tipo":"distribuicao","bairro":"PARQUE AURORA"}},{"type":"Feature","geometry":{"type":"LineString","coordinates":[[-41.317434,-21.7837],[-41.317492,-21.783815],[-41.318566,-21.783473],[-41.318835,-21.783407],[-41.319294,-21.783423],[-41.319457,-21.78334]]},"properties":{"nome":"F6","tipo":"distribuicao","bairro":"PARQUE AURORA"}},{"type":"Feature","geometry":{"type":"LineString","coordinates":[[-41.318368,-21.78334],[-41.31855,-21.783428],[-41.318822,-21.7833],[-41.319282,-21.783366],[-41.319457,-21.783349]]},"properties":{"nome":"F5","tipo":"distribuicao","bairro":"PARQUE AURORA"}},{"type":"Feature","geometry":{"type":"LineString","coordinates":[[-41.320808,-21.782593],[-41.320832,-21.782803],[-41.320354,-21.782795],[-41.320306,-21.782886]]},"properties":{"nome":"F6","tipo":"distribuicao","bairro":"PARQUE AURORA"}},{"type":"Feature","geometry":{"type":"LineString","coordinates":[[-41.317372,-21.784267],[-41.317474,-21.78447],[-41.31792,-21.784286],[-41.318022,-21.784352]]},"properties":{"nome":"F6","tipo":"distribuicao","bairro":"PARQUE AURORA"}},{"type":"Feature","geometry":{"type":"LineString","coordinates":[[-41.32097,-21.784082],[-41.320915,-21.78382],[-41.320572,-21.783886],[-41.32053,-21.784005]]},"properties":{"nome":"F6","tipo":"distribuicao","bairro":"PARQUE AURORA"}},{"type":"Feature","geometry":{"type":"LineString","coordinates":[[-41.317216,-21.783129],[-41.317291,-21.78336],[-41.317739,-21.783197],[-41.31785,-21.783264]]},"properties":{"nome":"F6","tipo":"distribuicao","bairro":"PARQUE AURORA"}},{"type":"Feature","geometry":{"type":"LineString","coordinates":[[-41.318495,-21.783839],[-41.318432,-21.783621],[-41.318647,-21.78356],[-41.318718,-21.783634]]},"properties":{"nome":"F5","tipo":"distribuicao","bairro":"PARQUE AURORA"}},{"type":"Feature","geometry":{"type":"LineString","coordinates":[[-41.317697,-21.784848],[-41.317726,-21.784969],[-41.318892,-21.784641],[-41.319002,-21.784742]]},"properties":{"nome":"F6","tipo":"distribuicao","bairro":"PARQUE AURORA"}},{"type":"Feature","geometry":{"type":"LineString","coordinates":[[-41.318187,-21.782788],[-41.318134,-21.782468],[-41.318461,-21.78241],[-41.318525,-21.782512]]},"properties":{"nome":"F5","tipo":"distribuicao","bairro":"PARQUE AURORA"}},{"type":"Feature","geometry":{"type":"LineString","coordinates":[[-41.318632,-21.784505],[-41.318533,-21.784211],[-41.318767,-21.784147],[-41.318846,-21.7842]]},"properties":{"nome":"F5","tipo":"distribuicao","bairro":"PARQUE AURORA"}},{"type":"Feature","geometry":{"type":"LineString","coordinates":[[-41.319469,-21.783347],[-41.319626,-21.783471],[-41.319961,-21.783954],[-41.320441,-21.783905],[-41.320575,-21.783997]]},"properties":{"nome":"F12","tipo":"distribuicao","bairro":"PARQUE AURORA"}},{"type":"Feature","geometry":{"type":"LineString","coordinates":[[-41.31852,-21.782498],[-41.318607,-21.78239],[-41.318791,-21.782561],[-41.31946,-21.783344],[-41.319895,-21.78396],[-41.31999,-21.78443],[-41.319032,-21.784608],[-41.318938,-21.784755]]},"properties":{"nome":"F11","tipo":"distribuicao","bairro":"PARQUE AURORA"}},{"type":"Feature","geometry":{"type":"LineString","coordinates":[[-41.318785,-21.78423],[-41.318863,-21.784097],[-41.31913,-21.784058],[-41.319455,-21.783345],[-41.319928,-21.782903],[-41.320138,-21.782736],[-41.320304,-21.782882]]},"properties":{"nome":"F10","tipo":"distribuicao","bairro":"PARQUE AURORA"}},{"type":"Feature","geometry":{"type":"LineString","coordinates":[[-41.319573,-21.784409],[-41.319273,-21.784099],[-41.319457,-21.783347],[-41.319336,-21.782797],[-41.31957,-21.782593]]},"properties":{"nome":"F9","tipo":"distribuicao","bairro":"PARQUE AURORA"}},{"type":"Feature","geometry":{"type":"LineString","coordinates":[[-41.317962,-21.784382],[-41.317993,-21.784253],[-41.319085,-21.783918],[-41.319448,-21.78334]]},"properties":{"nome":"F8","tipo":"distribuicao","bairro":"PARQUE AURORA"}},{"type":"Feature","geometry":{"type":"LineString","coordinates":[[-41.318656,-21.783659],[-41.318739,-21.783549],[-41.319257,-21.783511],[-41.319454,-21.783335]]},"properties":{"nome":"F7","tipo":"distribuicao","bairro":"PARQUE AURORA"}},{"type":"Feature","geometry":{"type":"LineString","coordinates":[[-41.319657,-21.783826],[-41.319478,-21.783718],[-41.319457,-21.783349]]},"properties":{"nome":"F6","tipo":"distribuicao","bairro":"PARQUE AURORA"}},{"type":"Feature","geometry":{"type":"LineString","coordinates":[[-41.319456,-21.783334],[-41.318502,-21.78285],[-41.317903,-21.783137],[-41.317845,-21.78326]]},"properties":{"nome":"F12","tipo":"distribuicao","bairro":"PARQUE AURORA"}},{"type":"Feature","geometry":{"type":"LineString","coordinates":[[-41.317691,-21.781875],[-41.31763,-21.782387],[-41.316332,-21.782231],[-41.315756,-21.781592],[-41.312488,-21.781601],[-41.312511,-21.781283]]},"properties":{"nome":"F6","tipo":"distribuicao","bairro":"PARQUE AURORA"}},{"type":"Feature","geometry":{"type":"LineString","coordinates":[[-41.317028,-21.782027],[-41.316634,-21.781808],[-41.316345,-21.782205],[-41.31579,-21.781514],[-41.313846,-21.781523],[-41.313841,-21.781251]]},"properties":{"nome":"F5","tipo":"distribuicao","bairro":"PARQUE AURORA"}},{"type":"Feature","geometry":{"type":"LineString","coordinates":[[-41.316753,-21.7812],[-41.316503,-21.781473],[-41.316373,-21.782211],[-41.315859,-21.781455],[-41.315468,-21.781435],[-41.315471,-21.781176]]},"properties":{"nome":"F4","tipo":"distribuicao","bairro":"PARQUE AURORA"}},{"type":"Feature","geometry":{"type":"LineString","coordinates":[[-41.312677,-21.782006],[-41.312734,-21.782147],[-41.314345,-21.782182],[-41.316356,-21.782216]]},"properties":{"nome":"F6","tipo":"distribuicao","bairro":"PARQUE AURORA"}},{"type":"Feature","geometry":{"type":"LineString","coordinates":[[-41.314888,-21.783045],[-41.316525,-21.782861],[-41.316352,-21.782218]]},"properties":{"nome":"F12","tipo":"distribuicao","bairro":"PARQUE AURORA"}},{"type":"Feature","geometry":{"type":"LineString","coordinates":[[-41.316352,-21.782218],[-41.316001,-21.782061],[-41.314712,-21.782067],[-41.314496,-21.781977]]},"properties":{"nome":"F5","tipo":"distribuicao","bairro":"PARQUE AURORA"}},{"type":"Feature","geometry":{"type":"LineString","coordinates":[[-41.314874,-21.782977],[-41.314928,-21.782872],[-41.316382,-21.782748],[-41.316345,-21.782224]]},"properties":{"nome":"F11","tipo":"distribuicao","bairro":"PARQUE AURORA"}},{"type":"Feature","geometry":{"type":"LineString","coordinates":[[-41.313954,-21.78243],[-41.314095,-21.782309],[-41.31602,-21.782365],[-41.316345,-21.782198]]},"properties":{"nome":"F10","tipo":"distribuicao","bairro":"PARQUE AURORA"}},{"type":"Feature","geometry":{"type":"LineString","coordinates":[[-41.314536,-21.782627],[-41.314701,-21.782762],[-41.316319,-21.782703],[-41.316331,-21.782199]]},"properties":{"nome":"F9","tipo":"distribuicao","bairro":"PARQUE AURORA"}},{"type":"Feature","geometry":{"type":"LineString","coordinates":[[-41.316291,-21.782559],[-41.316208,-21.782369],[-41.316373,-21.782217]]},"properties":{"nome":"F7","tipo":"distribuicao","bairro":"PARQUE AURORA"}},{"type":"Feature","geometry":{"type":"LineString","coordinates":[[-41.317855,-21.785828],[-41.318096,-21.785911],[-41.318762,-21.785651],[-41.318801,-21.78547]]},"properties":{"nome":"F6","tipo":"distribuicao","bairro":"PARQUE AURORA"}},{"type":"Feature","geometry":{"type":"LineString","coordinates":[[-41.313956,-21.782423],[-41.313901,-21.782325],[-41.313153,-21.782351],[-41.313141,-21.782358],[-41.313134,-21.782599]]},"properties":{"nome":"F6","tipo":"distribuicao","bairro":"PARQUE AURORA"}},{"type":"Feature","geometry":{"type":"LineString","coordinates":[[-41.31786,-21.785839],[-41.317858,-21.786097],[-41.318742,-21.785806],[-41.31894,-21.785935]]},"properties":{"nome":"F5","tipo":"distribuicao","bairro":"PARQUE AURORA"}},{"type":"Feature","geometry":{"type":"LineString","coordinates":[[-41.318021,-21.786259],[-41.317761,-21.786199],[-41.317856,-21.785828]]},"properties":{"nome":"F4","tipo":"distribuicao","bairro":"PARQUE AURORA"}},{"type":"Feature","geometry":{"type":"LineString","coordinates":[[-41.318319,-21.786719],[-41.317598,-21.786299],[-41.317843,-21.7858]]},"properties":{"nome":"F6","tipo":"distribuicao","bairro":"PARQUE AURORA"}},{"type":"Feature","geometry":{"type":"LineString","coordinates":[[-41.316826,-21.788585],[-41.316979,-21.788752],[-41.317484,-21.788675],[-41.317572,-21.788758]]},"properties":{"nome":"F4","tipo":"distribuicao","bairro":"PARQUE AURORA"}},{"type":"Feature","geometry":{"type":"LineString","coordinates":[[-41.316883,-21.789069],[-41.317114,-21.789187],[-41.31754,-21.789136],[-41.317626,-21.789213]]},"properties":{"nome":"F5","tipo":"distribuicao","bairro":"PARQUE AURORA"}},{"type":"Feature","geometry":{"type":"LineString","coordinates":[[-41.317757,-21.789553],[-41.317896,-21.789724],[-41.318356,-21.7897],[-41.318417,-21.789793]]},"properties":{"nome":"F6","tipo":"distribuicao","bairro":"PARQUE AURORA"}},{"type":"Feature","geometry":{"type":"LineString","coordinates":[[-41.314911,-21.785443],[-41.314989,-21.785709],[-41.316298,-21.785838],[-41.316382,-21.785953]]},"properties":{"nome":"F6","tipo":"distribuicao","bairro":"PARQUE AURORA"}},{"type":"Feature","geometry":{"type":"LineString","coordinates":[[-41.31563,-21.784116],[-41.31603,-21.784391],[-41.316058,-21.784568],[-41.316146,-21.784664]]},"properties":{"nome":"F6","tipo":"distribuicao","bairro":"PARQUE AURORA"}},{"type":"Feature","geometry":{"type":"LineString","coordinates":[[-41.318281,-21.785108],[-41.318126,-21.784873],[-41.317929,-21.784953],[-41.317936,-21.785079]]},"properties":{"nome":"F6","tipo":"distribuicao","bairro":"PARQUE AURORA"}},{"type":"Feature","geometry":{"type":"LineString","coordinates":[[-41.31601,-21.785446],[-41.316085,-21.785706],[-41.316409,-21.785726],[-41.316471,-21.785826]]},"properties":{"nome":"F5","tipo":"distribuicao","bairro":"PARQUE AURORA"}},{"type":"Feature","geometry":{"type":"LineString","coordinates":[[-41.318362,-21.789803],[-41.318462,-21.789685],[-41.317525,-21.786264],[-41.317854,-21.785806],[-41.3171,-21.785931],[-41.316306,-21.784662],[-41.316211,-21.784588],[-41.316136,-21.784666]]},"properties":{"nome":"F12","tipo":"distribuicao","bairro":"PARQUE AURORA"}},{"type":"Feature","geometry":{"type":"LineString","coordinates":[[-41.316248,-21.785126],[-41.316303,-21.785022],[-41.317107,-21.785963],[-41.317846,-21.785818],[-41.317425,-21.786281],[-41.318198,-21.789083],[-41.317658,-21.789118],[-41.317555,-21.789234]]},"properties":{"nome":"F11","tipo":"distribuicao","bairro":"PARQUE AURORA"}},{"type":"Feature","geometry":{"type":"LineString","coordinates":[[-41.317511,-21.788767],[-41.317564,-21.788653],[-41.317976,-21.788585],[-41.31736,-21.786271],[-41.317845,-21.785797],[-41.317049,-21.785994],[-41.316473,-21.785902],[-41.316388,-21.785952]]},"properties":{"nome":"F10","tipo":"distribuicao","bairro":"PARQUE AURORA"}},{"type":"Feature","geometry":{"type":"LineString","coordinates":[[-41.31684,-21.788097],[-41.316782,-21.787872],[-41.316828,-21.786466],[-41.317843,-21.785795],[-41.317136,-21.785892],[-41.316619,-21.785702],[-41.316469,-21.785827]]},"properties":{"nome":"F9","tipo":"distribuicao","bairro":"PARQUE AURORA"}},{"type":"Feature","geometry":{"type":"LineString","coordinates":[[-41.317865,-21.785825],[-41.317815,-21.78501],[-41.317932,-21.78508]]},"properties":{"nome":"F8","tipo":"distribuicao","bairro":"PARQUE AURORA"}},{"type":"Feature","geometry":{"type":"LineString","coordinates":[[-41.31573,-21.784889],[-41.315888,-21.785102],[-41.316167,-21.785036],[-41.316232,-21.785126]]},"properties":{"nome":"F5","tipo":"distribuicao","bairro":"PARQUE AURORA"}},{"type":"Feature","geometry":{"type":"LineString","coordinates":[[-41.317846,-21.785819],[-41.317457,-21.785524],[-41.317533,-21.785405]]},"properties":{"nome":"F7","tipo":"distribuicao","bairro":"PARQUE AURORA"}},{"type":"Feature","geometry":{"type":"LineString","coordinates":[[-41.332358,-21.782873],[-41.332664,-21.782508],[-41.3327,-21.782126],[-41.333135,-21.781977],[-41.33307,-21.781814]]},"properties":{"nome":"F6","tipo":"distribuicao","bairro":"PARQUE AURORA"}},{"type":"Feature","geometry":{"type":"LineString","coordinates":[[-41.333539,-21.782553],[-41.333424,-21.782303],[-41.332894,-21.78247],[-41.332747,-21.782643],[-41.332358,-21.782873]]},"properties":{"nome":"F2","tipo":"distribuicao","bairro":"PARQUE AURORA"}},{"type":"Feature","geometry":{"type":"LineString","coordinates":[[-41.329581,-21.784302],[-41.329894,-21.784116],[-41.33026,-21.783995]]},"properties":{"nome":"F6","tipo":"distribuicao","bairro":"PARQUE AURORA"}},{"type":"Feature","geometry":{"type":"LineString","coordinates":[[-41.330838,-21.784651],[-41.330776,-21.784482],[-41.330462,-21.784589],[-41.330286,-21.784076]]},"properties":{"nome":"F5","tipo":"distribuicao","bairro":"PARQUE AURORA"}},{"type":"Feature","geometry":{"type":"LineString","coordinates":[[-41.332125,-21.782161],[-41.332286,-21.782115],[-41.332398,-21.78239],[-41.332471,-21.782588],[-41.332387,-21.782873]]},"properties":{"nome":"F5","tipo":"distribuicao","bairro":"PARQUE AURORA"}},{"type":"Feature","geometry":{"type":"LineString","coordinates":[[-41.329809,-21.783848],[-41.329871,-21.784044],[-41.330241,-21.78393]]},"properties":{"nome":"F5","tipo":"distribuicao","bairro":"PARQUE AURORA"}},{"type":"Feature","geometry":{"type":"LineString","coordinates":[[-41.331908,-21.784318],[-41.331796,-21.784075],[-41.33052,-21.784502],[-41.330388,-21.784116]]},"properties":{"nome":"F6","tipo":"distribuicao","bairro":"PARQUE AURORA"}},{"type":"Feature","geometry":{"type":"LineString","coordinates":[[-41.333251,-21.783327],[-41.33294,-21.783421],[-41.332357,-21.782863]]},"properties":{"nome":"F6","tipo":"distribuicao","bairro":"PARQUE AURORA"}},{"type":"Feature","geometry":{"type":"LineString","coordinates":[[-41.330576,-21.782654],[-41.330746,-21.782733],[-41.331923,-21.782371],[-41.332396,-21.78293]]},"properties":{"nome":"F3","tipo":"distribuicao","bairro":"PARQUE AURORA"}},{"type":"Feature","geometry":{"type":"LineString","coordinates":[[-41.332409,-21.782896],[-41.331943,-21.783528],[-41.330285,-21.784074]]},"properties":{"nome":"F11","tipo":"distribuicao","bairro":"PARQUE AURORA"}},{"type":"Feature","geometry":{"type":"LineString","coordinates":[[-41.332398,-21.7829],[-41.33198,-21.783602],[-41.330392,-21.784126]]},"properties":{"nome":"F12","tipo":"distribuicao","bairro":"PARQUE AURORA"}},{"type":"Feature","geometry":{"type":"LineString","coordinates":[[-41.329657,-21.782911],[-41.329724,-21.783121],[-41.331901,-21.782463],[-41.332396,-21.78292]]},"properties":{"nome":"F4","tipo":"distribuicao","bairro":"PARQUE AURORA"}},{"type":"Feature","geometry":{"type":"LineString","coordinates":[[-41.330257,-21.783996],[-41.331924,-21.783456],[-41.332395,-21.782908]]},"properties":{"nome":"F10","tipo":"distribuicao","bairro":"PARQUE AURORA"}},{"type":"Feature","geometry":{"type":"LineString","coordinates":[[-41.330237,-21.783929],[-41.331899,-21.78339],[-41.33239,-21.782906]]},"properties":{"nome":"F9","tipo":"distribuicao","bairro":"PARQUE AURORA"}},{"type":"Feature","geometry":{"type":"LineString","coordinates":[[-41.330008,-21.783686],[-41.330377,-21.783814],[-41.331879,-21.783336],[-41.332393,-21.782906]]},"properties":{"nome":"F8","tipo":"distribuicao","bairro":"PARQUE AURORA"}},{"type":"Feature","geometry":{"type":"LineString","coordinates":[[-41.331332,-21.783218],[-41.331405,-21.783418],[-41.331838,-21.783274],[-41.332393,-21.782912]]},"properties":{"nome":"F7","tipo":"distribuicao","bairro":"PARQUE AURORA"}},{"type":"Feature","geometry":{"type":"LineString","coordinates":[[-41.335423,-21.782457],[-41.336157,-21.784568],[-41.335202,-21.785051],[-41.334405,-21.784658]]},"properties":{"nome":"F12","tipo":"distribuicao","bairro":"PARQUE AURORA"}},{"type":"Feature","geometry":{"type":"LineString","coordinates":[[-41.333547,-21.778687],[-41.334049,-21.77855],[-41.335418,-21.78246]]},"properties":{"nome":"F6","tipo":"distribuicao","bairro":"PARQUE AURORA"}},{"type":"Feature","geometry":{"type":"LineString","coordinates":[[-41.335328,-21.782511],[-41.336028,-21.784515],[-41.335137,-21.784967],[-41.334377,-21.784678]]},"properties":{"nome":"F11","tipo":"distribuicao","bairro":"PARQUE AURORA"}},{"type":"Feature","geometry":{"type":"LineString","coordinates":[[-41.334007,-21.780016],[-41.334406,-21.779898],[-41.33533,-21.782518]]},"properties":{"nome":"F5","tipo":"distribuicao","bairro":"PARQUE AURORA"}},{"type":"Feature","geometry":{"type":"LineString","coordinates":[[-41.335238,-21.782544],[-41.335907,-21.784475],[-41.335083,-21.784904],[-41.334388,-21.784667]]},"properties":{"nome":"F10","tipo":"distribuicao","bairro":"PARQUE AURORA"}},{"type":"Feature","geometry":{"type":"LineString","coordinates":[[-41.33438,-21.781107],[-41.3347,-21.781003],[-41.335234,-21.782533]]},"properties":{"nome":"F4","tipo":"distribuicao","bairro":"PARQUE AURORA"}},{"type":"Feature","geometry":{"type":"LineString","coordinates":[[-41.334926,-21.78264],[-41.335119,-21.782574],[-41.335766,-21.784449],[-41.335022,-21.784832],[-41.33439,-21.784652]]},"properties":{"nome":"F9","tipo":"distribuicao","bairro":"PARQUE AURORA"}},{"type":"Feature","geometry":{"type":"LineString","coordinates":[[-41.335382,-21.784547],[-41.334966,-21.784764],[-41.334367,-21.784652]]},"properties":{"nome":"F8","tipo":"distribuicao","bairro":"PARQUE AURORA"}},{"type":"Feature","geometry":{"type":"LineString","coordinates":[[-41.335385,-21.784549],[-41.335489,-21.784494],[-41.335525,-21.784399]]},"properties":{"nome":"F6","tipo":"distribuicao","bairro":"PARQUE AURORA"}},{"type":"Feature","geometry":{"type":"LineString","coordinates":[[-41.334386,-21.784682],[-41.334912,-21.784606],[-41.335222,-21.78444],[-41.335117,-21.784186],[-41.334928,-21.784277],[-41.334806,-21.783968],[-41.334682,-21.784016]]},"properties":{"nome":"F6","tipo":"distribuicao","bairro":"PARQUE AURORA"}},{"type":"Feature","geometry":{"type":"LineString","coordinates":[[-41.334386,-21.784663],[-41.335242,-21.785133],[-41.336305,-21.7846],[-41.333953,-21.77792],[-41.332602,-21.778345],[-41.332682,-21.778614]]},"properties":{"nome":"F2","tipo":"distribuicao","bairro":"PARQUE AURORA"}},{"type":"Feature","geometry":{"type":"LineString","coordinates":[[-41.334386,-21.784663],[-41.33525,-21.785257],[-41.336472,-21.784681],[-41.335665,-21.782425]]},"properties":{"nome":"F5","tipo":"distribuicao","bairro":"PARQUE AURORA"}},{"type":"Feature","geometry":{"type":"LineString","coordinates":[[-41.335664,-21.78242],[-41.334033,-21.777809],[-41.332512,-21.778291],[-41.332682,-21.778594]]},"properties":{"nome":"F3","tipo":"distribuicao","bairro":"PARQUE AURORA"}},{"type":"Feature","geometry":{"type":"LineString","coordinates":[[-41.3344,-21.7847],[-41.334425,-21.785097],[-41.333165,-21.785698]]},"properties":{"nome":"F12","tipo":"distribuicao","bairro":"PARQUE AURORA"}},{"type":"Feature","geometry":{"type":"LineString","coordinates":[[-41.334377,-21.784678],[-41.334392,-21.785037],[-41.333143,-21.785627]]},"properties":{"nome":"F11","tipo":"distribuicao","bairro":"PARQUE AURORA"}},{"type":"Feature","geometry":{"type":"LineString","coordinates":[[-41.334402,-21.7847],[-41.334364,-21.784987],[-41.333117,-21.785572],[-41.333029,-21.785354]]},"properties":{"nome":"F10","tipo":"distribuicao","bairro":"PARQUE AURORA"}},{"type":"Feature","geometry":{"type":"LineString","coordinates":[[-41.3344,-21.784696],[-41.334334,-21.784939],[-41.333553,-21.785298]]},"properties":{"nome":"F9","tipo":"distribuicao","bairro":"PARQUE AURORA"}},{"type":"Feature","geometry":{"type":"LineString","coordinates":[[-41.334394,-21.784698],[-41.334318,-21.784886],[-41.333613,-21.785213],[-41.333561,-21.785094]]},"properties":{"nome":"F8","tipo":"distribuicao","bairro":"PARQUE AURORA"}},{"type":"Feature","geometry":{"type":"LineString","coordinates":[[-41.334018,-21.784279],[-41.33417,-21.784229],[-41.334365,-21.78467]]},"properties":{"nome":"F6","tipo":"distribuicao","bairro":"PARQUE AURORA"}},{"type":"Feature","geometry":{"type":"LineString","coordinates":[[-41.332536,-21.78444],[-41.332263,-21.784551],[-41.332825,-21.785854],[-41.333173,-21.785695]]},"properties":{"nome":"F6","tipo":"distribuicao","bairro":"PARQUE AURORA"}},{"type":"Feature","geometry":{"type":"LineString","coordinates":[[-41.332657,-21.784824],[-41.332504,-21.78488],[-41.332877,-21.78575],[-41.333153,-21.785623]]},"properties":{"nome":"F5","tipo":"distribuicao","bairro":"PARQUE AURORA"}},{"type":"Feature","geometry":{"type":"LineString","coordinates":[[-41.333383,-21.784542],[-41.333237,-21.784603],[-41.33356,-21.785293]]},"properties":{"nome":"F6","tipo":"distribuicao","bairro":"PARQUE AURORA"}},{"type":"Feature","geometry":{"type":"LineString","coordinates":[[-41.334383,-21.784678],[-41.334945,-21.78468],[-41.335349,-21.784472],[-41.335265,-21.78427]]},"properties":{"nome":"F7","tipo":"distribuicao","bairro":"PARQUE AURORA"}},{"type":"Feature","geometry":{"type":"LineString","coordinates":[[-41.337327,-21.785141],[-41.337156,-21.785811],[-41.337328,-21.78612]]},"properties":{"nome":"F6","tipo":"distribuicao","bairro":"PARQUE AURORA"}},{"type":"Feature","geometry":{"type":"LineString","coordinates":[[-41.341952,-21.788289],[-41.341918,-21.788017],[-41.341359,-21.787817],[-41.341233,-21.787936]]},"properties":{"nome":"F6","tipo":"distribuicao","bairro":"PARQUE AURORA"}},{"type":"Feature","geometry":{"type":"LineString","coordinates":[[-41.341164,-21.787299],[-41.341216,-21.786767],[-41.340566,-21.786563],[-41.340395,-21.786704]]},"properties":{"nome":"F6","tipo":"distribuicao","bairro":"PARQUE AURORA"}},{"type":"Feature","geometry":{"type":"LineString","coordinates":[[-41.339595,-21.78569],[-41.33887,-21.785553],[-41.33872,-21.785692]]},"properties":{"nome":"F6","tipo":"distribuicao","bairro":"PARQUE AURORA"}},{"type":"Feature","geometry":{"type":"LineString","coordinates":[[-41.334122,-21.786163],[-41.334346,-21.786458],[-41.334612,-21.786316],[-41.334761,-21.786397]]},"properties":{"nome":"F6","tipo":"distribuicao","bairro":"PARQUE AURORA"}},{"type":"Feature","geometry":{"type":"LineString","coordinates":[[-41.336975,-21.788421],[-41.337346,-21.78831],[-41.337568,-21.788464]]},"properties":{"nome":"F6","tipo":"distribuicao","bairro":"PARQUE AURORA"}},{"type":"Feature","geometry":{"type":"LineString","coordinates":[[-41.340564,-21.787958],[-41.34057,-21.787693],[-41.339981,-21.787561],[-41.339837,-21.787704]]},"properties":{"nome":"F5","tipo":"distribuicao","bairro":"PARQUE AURORA"}},{"type":"Feature","geometry":{"type":"LineString","coordinates":[[-41.336552,-21.78727],[-41.336971,-21.787146],[-41.337071,-21.787284]]},"properties":{"nome":"F5","tipo":"distribuicao","bairro":"PARQUE AURORA"}},{"type":"Feature","geometry":{"type":"LineString","coordinates":[[-41.339072,-21.787648],[-41.338996,-21.78739],[-41.338696,-21.787361],[-41.338542,-21.787423]]},"properties":{"nome":"F4","tipo":"distribuicao","bairro":"PARQUE AURORA"}},{"type":"Feature","geometry":{"type":"LineString","coordinates":[[-41.336153,-21.786134],[-41.336259,-21.786458],[-41.336556,-21.786368],[-41.336671,-21.786477]]},"properties":{"nome":"F4","tipo":"distribuicao","bairro":"PARQUE AURORA"}},{"type":"Feature","geometry":{"type":"LineString","coordinates":[[-41.335132,-21.78557],[-41.335389,-21.785577],[-41.336049,-21.785454],[-41.336658,-21.785455],[-41.337333,-21.786134]]},"properties":{"nome":"F8","tipo":"distribuicao","bairro":"PARQUE AURORA"}},{"type":"Feature","geometry":{"type":"LineString","coordinates":[[-41.3347,-21.786399],[-41.33476,-21.786271],[-41.335206,-21.786039],[-41.335881,-21.785693],[-41.336495,-21.785664],[-41.337367,-21.786129],[-41.338047,-21.786923],[-41.339797,-21.787529],[-41.339839,-21.787699]]},"properties":{"nome":"F9","tipo":"distribuicao","bairro":"PARQUE AURORA"}},{"type":"Feature","geometry":{"type":"LineString","coordinates":[[-41.337339,-21.786117],[-41.337694,-21.78815],[-41.337538,-21.788252],[-41.337475,-21.788557]]},"properties":{"nome":"F12","tipo":"distribuicao","bairro":"PARQUE AURORA"}},{"type":"Feature","geometry":{"type":"LineString","coordinates":[[-41.337002,-21.787285],[-41.337084,-21.787098],[-41.337411,-21.786988],[-41.337329,-21.78611]]},"properties":{"nome":"F11","tipo":"distribuicao","bairro":"PARQUE AURORA"}},{"type":"Feature","geometry":{"type":"LineString","coordinates":[[-41.336606,-21.78649],[-41.336674,-21.786315],[-41.33733,-21.786118]]},"properties":{"nome":"F10","tipo":"distribuicao","bairro":"PARQUE AURORA"}},{"type":"Feature","geometry":{"type":"LineString","coordinates":[[-41.339418,-21.786709],[-41.339481,-21.787003],[-41.338179,-21.786673],[-41.337322,-21.786119]]},"properties":{"nome":"F7","tipo":"distribuicao","bairro":"PARQUE AURORA"}},{"type":"Feature","geometry":{"type":"LineString","coordinates":[[-41.337317,-21.786144],[-41.338241,-21.78535],[-41.338694,-21.785487],[-41.338841,-21.785699]]},"properties":{"nome":"F6","tipo":"distribuicao","bairro":"PARQUE AURORA"}},{"type":"Feature","geometry":{"type":"LineString","coordinates":[[-41.337321,-21.786113],[-41.338146,-21.786798],[-41.341173,-21.787735],[-41.341232,-21.787913]]},"properties":{"nome":"F10","tipo":"distribuicao","bairro":"PARQUE AURORA"}},{"type":"Feature","geometry":{"type":"LineString","coordinates":[[-41.337325,-21.7861],[-41.337886,-21.787053],[-41.338387,-21.78726],[-41.338553,-21.787428]]},"properties":{"nome":"F8","tipo":"distribuicao","bairro":"PARQUE AURORA"}},{"type":"Feature","geometry":{"type":"LineString","coordinates":[[-41.337316,-21.786129],[-41.338173,-21.785805],[-41.340307,-21.786475],[-41.340397,-21.786702],[-41.340399,-21.786698]]},"properties":{"nome":"F12","tipo":"distribuicao","bairro":"PARQUE AURORA"}},{"type":"Feature","geometry":{"type":"LineString","coordinates":[[-41.337306,-21.786147],[-41.338143,-21.786027],[-41.338166,-21.786035],[-41.340031,-21.786625],[-41.339925,-21.786982]]},"properties":{"nome":"F5","tipo":"distribuicao","bairro":"PARQUE AURORA"}},{"type":"Feature","geometry":{"type":"LineString","coordinates":[[-41.33173,-21.786483],[-41.331861,-21.786355],[-41.331319,-21.785051]]},"properties":{"nome":"F6","tipo":"distribuicao","bairro":"PARQUE AURORA"}},{"type":"Feature","geometry":{"type":"LineString","coordinates":[[-41.331249,-21.785604],[-41.331414,-21.785562],[-41.331336,-21.78504]]},"properties":{"nome":"F5","tipo":"distribuicao","bairro":"PARQUE AURORA"}},{"type":"Feature","geometry":{"type":"LineString","coordinates":[[-41.330637,-21.786443],[-41.330841,-21.786361],[-41.330571,-21.785845],[-41.330458,-21.785786]]},"properties":{"nome":"F6","tipo":"distribuicao","bairro":"PARQUE AURORA"}},{"type":"Feature","geometry":{"type":"LineString","coordinates":[[-41.331376,-21.786769],[-41.331574,-21.786671],[-41.331089,-21.785729],[-41.330954,-21.785703]]},"properties":{"nome":"F6","tipo":"distribuicao","bairro":"PARQUE AURORA"}},{"type":"Feature","geometry":{"type":"LineString","coordinates":[[-41.332606,-21.785821],[-41.332851,-21.7857],[-41.332581,-21.785132],[-41.332443,-21.785133]]},"properties":{"nome":"F6","tipo":"distribuicao","bairro":"PARQUE AURORA"}},{"type":"Feature","geometry":{"type":"LineString","coordinates":[[-41.332786,-21.786587],[-41.332596,-21.78667],[-41.332262,-21.785865],[-41.33217,-21.785844]]},"properties":{"nome":"F6","tipo":"distribuicao","bairro":"PARQUE AURORA"}},{"type":"Feature","geometry":{"type":"LineString","coordinates":[[-41.332256,-21.786261],[-41.332061,-21.786333],[-41.331913,-21.785898],[-41.331832,-21.785887]]},"properties":{"nome":"F6","tipo":"distribuicao","bairro":"PARQUE AURORA"}},{"type":"Feature","geometry":{"type":"LineString","coordinates":[[-41.330154,-21.785507],[-41.330419,-21.785489],[-41.330526,-21.78555]]},"properties":{"nome":"F5","tipo":"distribuicao","bairro":"PARQUE AURORA"}},{"type":"Feature","geometry":{"type":"LineString","coordinates":[[-41.330996,-21.786044],[-41.330811,-21.786087],[-41.330734,-21.785816],[-41.330649,-21.78576]]},"properties":{"nome":"F5","tipo":"distribuicao","bairro":"PARQUE AURORA"}},{"type":"Feature","geometry":{"type":"LineString","coordinates":[[-41.332062,-21.784654],[-41.332297,-21.784562],[-41.332463,-21.7849],[-41.332378,-21.784968]]},"properties":{"nome":"F5","tipo":"distribuicao","bairro":"PARQUE AURORA"}},{"type":"Feature","geometry":{"type":"LineString","coordinates":[[-41.332296,-21.785596],[-41.332054,-21.785618],[-41.331956,-21.785561]]},"properties":{"nome":"F5","tipo":"distribuicao","bairro":"PARQUE AURORA"}},{"type":"Feature","geometry":{"type":"LineString","coordinates":[[-41.330491,-21.785852],[-41.330512,-21.785729],[-41.331156,-21.785293],[-41.331332,-21.785047],[-41.331691,-21.785489],[-41.332578,-21.785088]]},"properties":{"nome":"F12","tipo":"distribuicao","bairro":"PARQUE AURORA"}},{"type":"Feature","geometry":{"type":"LineString","coordinates":[[-41.330469,-21.785582],[-41.330498,-21.785443],[-41.331078,-21.785236],[-41.331321,-21.785038],[-41.33171,-21.785359],[-41.332506,-21.784957],[-41.332367,-21.78492]]},"properties":{"nome":"F11","tipo":"distribuicao","bairro":"PARQUE AURORA"}},{"type":"Feature","geometry":{"type":"LineString","coordinates":[[-41.3322,-21.785854],[-41.332188,-21.785783],[-41.332069,-21.785756],[-41.331352,-21.785047],[-41.330997,-21.785624],[-41.331037,-21.785773]]},"properties":{"nome":"F10","tipo":"distribuicao","bairro":"PARQUE AURORA"}},{"type":"Feature","geometry":{"type":"LineString","coordinates":[[-41.33068,-21.785808],[-41.330712,-21.785713],[-41.331133,-21.785361],[-41.331357,-21.785058],[-41.331619,-21.785477],[-41.331857,-21.785587],[-41.332,-21.785569]]},"properties":{"nome":"F9","tipo":"distribuicao","bairro":"PARQUE AURORA"}},{"type":"Feature","geometry":{"type":"LineString","coordinates":[[-41.33056,-21.785241],[-41.330706,-21.784953],[-41.331009,-21.784997],[-41.331357,-21.785058],[-41.331728,-21.78475],[-41.332013,-21.784968]]},"properties":{"nome":"F8","tipo":"distribuicao","bairro":"PARQUE AURORA"}},{"type":"Feature","geometry":{"type":"LineString","coordinates":[[-41.331886,-21.78583],[-41.331828,-21.785966],[-41.331334,-21.785053]]},"properties":{"nome":"F7","tipo":"distribuicao","bairro":"PARQUE AURORA"}},{"type":"Feature","geometry":{"type":"LineString","coordinates":[[-41.331339,-21.785053],[-41.331553,-21.785152],[-41.33167,-21.785127]]},"properties":{"nome":"F6","tipo":"distribuicao","bairro":"PARQUE AURORA"}},{"type":"Feature","geometry":{"type":"LineString","coordinates":[[-41.330062,-21.788511],[-41.330004,-21.788678],[-41.330023,-21.788934]]},"properties":{"nome":"F6","tipo":"distribuicao","bairro":"PARQUE AURORA"}},{"type":"Feature","geometry":{"type":"LineString","coordinates":[[-41.329665,-21.788726],[-41.329828,-21.78868],[-41.330039,-21.788924]]},"properties":{"nome":"F6","tipo":"distribuicao","bairro":"PARQUE AURORA"}},{"type":"Feature","geometry":{"type":"LineString","coordinates":[[-41.333149,-21.786799],[-41.333271,-21.787082],[-41.332027,-21.787852],[-41.332032,-21.787974]]},"properties":{"nome":"F6","tipo":"distribuicao","bairro":"PARQUE AURORA"}},{"type":"Feature","geometry":{"type":"LineString","coordinates":[[-41.332398,-21.787282],[-41.332269,-21.78708],[-41.331796,-21.787328],[-41.33179,-21.787445]]},"properties":{"nome":"F5","tipo":"distribuicao","bairro":"PARQUE AURORA"}},{"type":"Feature","geometry":{"type":"LineString","coordinates":[[-41.330222,-21.787065],[-41.330006,-21.787183],[-41.330604,-21.788217],[-41.330515,-21.788265],[-41.330527,-21.788363]]},"properties":{"nome":"F6","tipo":"distribuicao","bairro":"PARQUE AURORA"}},{"type":"Feature","geometry":{"type":"LineString","coordinates":[[-41.330532,-21.78768],[-41.330702,-21.787562],[-41.330999,-21.788036],[-41.330965,-21.788131]]},"properties":{"nome":"F5","tipo":"distribuicao","bairro":"PARQUE AURORA"}},{"type":"Feature","geometry":{"type":"LineString","coordinates":[[-41.328619,-21.789384],[-41.329053,-21.790023],[-41.329593,-21.789701],[-41.329676,-21.789735]]},"properties":{"nome":"F6","tipo":"distribuicao","bairro":"PARQUE AURORA"}},{"type":"Feature","geometry":{"type":"LineString","coordinates":[[-41.328951,-21.789381],[-41.329199,-21.78979],[-41.329541,-21.789608],[-41.329642,-21.789639]]},"properties":{"nome":"F5","tipo":"distribuicao","bairro":"PARQUE AURORA"}},{"type":"Feature","geometry":{"type":"LineString","coordinates":[[-41.32901,-21.789193],[-41.328826,-21.788829],[-41.329067,-21.788587],[-41.32918,-21.788593]]},"properties":{"nome":"F6","tipo":"distribuicao","bairro":"PARQUE AURORA"}},{"type":"Feature","geometry":{"type":"LineString","coordinates":[[-41.329092,-21.788915],[-41.329689,-21.789355],[-41.329774,-21.789264],[-41.329875,-21.789255]]},"properties":{"nome":"F5","tipo":"distribuicao","bairro":"PARQUE AURORA"}},{"type":"Feature","geometry":{"type":"LineString","coordinates":[[-41.329532,-21.788955],[-41.329564,-21.788836],[-41.329636,-21.788849]]},"properties":{"nome":"F6","tipo":"distribuicao","bairro":"PARQUE AURORA"}},{"type":"Feature","geometry":{"type":"LineString","coordinates":[[-41.329639,-21.789759],[-41.329655,-21.789671],[-41.330189,-21.789235],[-41.330035,-21.788933],[-41.330329,-21.789085],[-41.331916,-21.787913],[-41.332062,-21.787938]]},"properties":{"nome":"F12","tipo":"distribuicao","bairro":"PARQUE AURORA"}},{"type":"Feature","geometry":{"type":"LineString","coordinates":[[-41.32959,-21.789656],[-41.329606,-21.789561],[-41.330101,-21.789207],[-41.330027,-21.788925],[-41.330318,-21.789001],[-41.332095,-21.78768],[-41.331905,-21.787393],[-41.331758,-21.787421]]},"properties":{"nome":"F11","tipo":"distribuicao","bairro":"PARQUE AURORA"}},{"type":"Feature","geometry":{"type":"LineString","coordinates":[[-41.330565,-21.788318],[-41.330442,-21.788303],[-41.330029,-21.788933],[-41.32964,-21.788152],[-41.329168,-21.788418],[-41.329145,-21.788629]]},"properties":{"nome":"F10","tipo":"distribuicao","bairro":"PARQUE AURORA"}},{"type":"Feature","geometry":{"type":"LineString","coordinates":[[-41.331029,-21.788102],[-41.33089,-21.788077],[-41.330041,-21.788919],[-41.330012,-21.7892],[-41.329561,-21.789521],[-41.329425,-21.789393]]},"properties":{"nome":"F9","tipo":"distribuicao","bairro":"PARQUE AURORA"}},{"type":"Feature","geometry":{"type":"LineString","coordinates":[[-41.331846,-21.787625],[-41.331994,-21.787695],[-41.331156,-21.788281],[-41.330289,-21.788854],[-41.330025,-21.788935],[-41.329918,-21.789139],[-41.32984,-21.78918],[-41.329851,-21.789285]]},"properties":{"nome":"F8","tipo":"distribuicao","bairro":"PARQUE AURORA"}},{"type":"Feature","geometry":{"type":"LineString","coordinates":[[-41.329608,-21.78887],[-41.329631,-21.788804],[-41.329806,-21.789046],[-41.330033,-21.788925]]},"properties":{"nome":"F7","tipo":"distribuicao","bairro":"PARQUE AURORA"}},{"type":"Feature","geometry":{"type":"LineString","coordinates":[[-41.329775,-21.78789],[-41.329989,-21.787688],[-41.328834,-21.786653],[-41.328335,-21.786744]]},"properties":{"nome":"F4","tipo":"distribuicao","bairro":"PARQUE AURORA"}},{"type":"Feature","geometry":{"type":"LineString","coordinates":[[-41.329091,-21.788236],[-41.328886,-21.788306],[-41.328518,-21.787463],[-41.328321,-21.787521]]},"properties":{"nome":"F6","tipo":"distribuicao","bairro":"PARQUE AURORA"}},{"type":"Feature","geometry":{"type":"LineString","coordinates":[[-41.32888,-21.787066],[-41.329005,-21.786918],[-41.328811,-21.786749],[-41.32829,-21.78684]]},"properties":{"nome":"F3","tipo":"distribuicao","bairro":"PARQUE AURORA"}},{"type":"Feature","geometry":{"type":"LineString","coordinates":[[-41.328678,-21.787306],[-41.328362,-21.787383]]},"properties":{"nome":"F5","tipo":"distribuicao","bairro":"PARQUE AURORA"}},{"type":"Feature","geometry":{"type":"LineString","coordinates":[[-41.329571,-21.785671],[-41.329524,-21.785551],[-41.329962,-21.785421],[-41.329846,-21.78513],[-41.329176,-21.785336]]},"properties":{"nome":"F5","tipo":"distribuicao","bairro":"PARQUE AURORA"}},{"type":"Feature","geometry":{"type":"LineString","coordinates":[[-41.328656,-21.785972],[-41.32861,-21.785825],[-41.329286,-21.78558],[-41.329204,-21.785394]]},"properties":{"nome":"F6","tipo":"distribuicao","bairro":"PARQUE AURORA"}},{"type":"Feature","geometry":{"type":"LineString","coordinates":[[-41.328339,-21.786749],[-41.328038,-21.785826],[-41.327394,-21.785774]]},"properties":{"nome":"F10","tipo":"distribuicao","bairro":"PARQUE AURORA"}},{"type":"Feature","geometry":{"type":"LineString","coordinates":[[-41.327394,-21.785774],[-41.328077,-21.785729],[-41.329211,-21.785392]]},"properties":{"nome":"F12","tipo":"distribuicao","bairro":"PARQUE AURORA"}},{"type":"Feature","geometry":{"type":"LineString","coordinates":[[-41.328299,-21.78684],[-41.327957,-21.785826],[-41.327386,-21.785767]]},"properties":{"nome":"F9","tipo":"distribuicao","bairro":"PARQUE AURORA"}},{"type":"Feature","geometry":{"type":"LineString","coordinates":[[-41.327386,-21.785767],[-41.328049,-21.785682],[-41.329182,-21.785333]]},"properties":{"nome":"F11","tipo":"distribuicao","bairro":"PARQUE AURORA"}},{"type":"Feature","geometry":{"type":"LineString","coordinates":[[-41.328317,-21.787516],[-41.327796,-21.785806],[-41.327392,-21.785775]]},"properties":{"nome":"F12","tipo":"distribuicao","bairro":"PARQUE AURORA"}},{"type":"Feature","geometry":{"type":"LineString","coordinates":[[-41.327392,-21.785775],[-41.32803,-21.78563],[-41.329164,-21.785278],[-41.329103,-21.785112]]},"properties":{"nome":"F10","tipo":"distribuicao","bairro":"PARQUE AURORA"}},{"type":"Feature","geometry":{"type":"LineString","coordinates":[[-41.328362,-21.787383],[-41.327872,-21.785814],[-41.327384,-21.785754]]},"properties":{"nome":"F11","tipo":"distribuicao","bairro":"PARQUE AURORA"}},{"type":"Feature","geometry":{"type":"LineString","coordinates":[[-41.327384,-21.785754],[-41.328018,-21.78558],[-41.32798,-21.785447]]},"properties":{"nome":"F9","tipo":"distribuicao","bairro":"PARQUE AURORA"}},{"type":"Feature","geometry":{"type":"LineString","coordinates":[[-41.327968,-21.787456],[-41.328186,-21.787399],[-41.327724,-21.785803],[-41.327386,-21.785743]]},"properties":{"nome":"F8","tipo":"distribuicao","bairro":"PARQUE AURORA"}},{"type":"Feature","geometry":{"type":"LineString","coordinates":[[-41.327734,-21.786381],[-41.32782,-21.78636],[-41.327663,-21.785821],[-41.327389,-21.785762]]},"properties":{"nome":"F7","tipo":"distribuicao","bairro":"PARQUE AURORA"}},{"type":"Feature","geometry":{"type":"LineString","coordinates":[[-41.327173,-21.789888],[-41.327331,-21.789664],[-41.327442,-21.789677]]},"properties":{"nome":"F6","tipo":"distribuicao","bairro":"PARQUE AURORA"}},{"type":"Feature","geometry":{"type":"LineString","coordinates":[[-41.3285,-21.788978],[-41.328235,-21.788994],[-41.328172,-21.789051],[-41.328182,-21.789135]]},"properties":{"nome":"F6","tipo":"distribuicao","bairro":"PARQUE AURORA"}},{"type":"Feature","geometry":{"type":"LineString","coordinates":[[-41.328543,-21.789631],[-41.328261,-21.789448],[-41.328252,-21.789538]]},"properties":{"nome":"F6","tipo":"distribuicao","bairro":"PARQUE AURORA"}},{"type":"Feature","geometry":{"type":"LineString","coordinates":[[-41.326966,-21.789172],[-41.327168,-21.789059],[-41.327255,-21.789128]]},"properties":{"nome":"F5","tipo":"distribuicao","bairro":"PARQUE AURORA"}},{"type":"Feature","geometry":{"type":"LineString","coordinates":[[-41.328268,-21.788388],[-41.328084,-21.788457],[-41.328056,-21.788562]]},"properties":{"nome":"F5","tipo":"distribuicao","bairro":"PARQUE AURORA"}},{"type":"Feature","geometry":{"type":"LineString","coordinates":[[-41.328765,-21.789976],[-41.328837,-21.790263],[-41.328296,-21.790626],[-41.328316,-21.790748]]},"properties":{"nome":"F4","tipo":"distribuicao","bairro":"PARQUE AURORA"}},{"type":"Feature","geometry":{"type":"LineString","coordinates":[[-41.328458,-21.789927],[-41.328169,-21.789859],[-41.328223,-21.789706]]},"properties":{"nome":"F5","tipo":"distribuicao","bairro":"PARQUE AURORA"}},{"type":"Feature","geometry":{"type":"LineString","coordinates":[[-41.328043,-21.787733],[-41.327877,-21.78784],[-41.327909,-21.787929]]},"properties":{"nome":"F4","tipo":"distribuicao","bairro":"PARQUE AURORA"}},{"type":"Feature","geometry":{"type":"LineString","coordinates":[[-41.328289,-21.789524],[-41.328193,-21.789508],[-41.327671,-21.788879],[-41.328083,-21.789098],[-41.328228,-21.789122]]},"properties":{"nome":"F12","tipo":"distribuicao","bairro":"PARQUE AURORA"}},{"type":"Feature","geometry":{"type":"LineString","coordinates":[[-41.328121,-21.788534],[-41.327996,-21.788495],[-41.327778,-21.788635],[-41.32766,-21.788868],[-41.32797,-21.78946],[-41.3281,-21.789727],[-41.328252,-21.789746]]},"properties":{"nome":"F11","tipo":"distribuicao","bairro":"PARQUE AURORA"}},{"type":"Feature","geometry":{"type":"LineString","coordinates":[[-41.327951,-21.787904],[-41.327816,-21.787872],[-41.327802,-21.788364],[-41.327655,-21.788853]]},"properties":{"nome":"F10","tipo":"distribuicao","bairro":"PARQUE AURORA"}},{"type":"Feature","geometry":{"type":"LineString","coordinates":[[-41.327403,-21.789707],[-41.327407,-21.789612],[-41.327637,-21.78886],[-41.327699,-21.78959],[-41.328206,-21.790437],[-41.328337,-21.790319]]},"properties":{"nome":"F9","tipo":"distribuicao","bairro":"PARQUE AURORA"}},{"type":"Feature","geometry":{"type":"LineString","coordinates":[[-41.327206,-21.789137],[-41.327233,-21.789031],[-41.327658,-21.788874],[-41.327747,-21.78956],[-41.327981,-21.789927],[-41.328185,-21.78998]]},"properties":{"nome":"F8","tipo":"distribuicao","bairro":"PARQUE AURORA"}},{"type":"Feature","geometry":{"type":"LineString","coordinates":[[-41.327861,-21.789544],[-41.327863,-21.789346],[-41.327651,-21.78885],[-41.32746,-21.788648],[-41.327211,-21.787894],[-41.327394,-21.787848]]},"properties":{"nome":"F7","tipo":"distribuicao","bairro":"PARQUE AURORA"}},{"type":"Feature","geometry":{"type":"LineString","coordinates":[[-41.327643,-21.788877],[-41.327695,-21.788356],[-41.327508,-21.788194]]},"properties":{"nome":"F6","tipo":"distribuicao","bairro":"PARQUE AURORA"}},{"type":"Feature","geometry":{"type":"LineString","coordinates":[[-41.327658,-21.788866],[-41.327564,-21.789559],[-41.328096,-21.79063],[-41.328341,-21.790714]]},"properties":{"nome":"F10","tipo":"distribuicao","bairro":"PARQUE AURORA"}},{"type":"Feature","geometry":{"type":"LineString","coordinates":[[-41.326369,-21.789597],[-41.326592,-21.789423],[-41.326723,-21.787894]]},"properties":{"nome":"F6","tipo":"distribuicao","bairro":"PARQUE AURORA"}},{"type":"Feature","geometry":{"type":"LineString","coordinates":[[-41.326287,-21.789144],[-41.326514,-21.789048],[-41.326716,-21.787885]]},"properties":{"nome":"F5","tipo":"distribuicao","bairro":"PARQUE AURORA"}},{"type":"Feature","geometry":{"type":"LineString","coordinates":[[-41.326155,-21.788555],[-41.326492,-21.7886],[-41.326717,-21.78789]]},"properties":{"nome":"F4","tipo":"distribuicao","bairro":"PARQUE AURORA"}},{"type":"Feature","geometry":{"type":"LineString","coordinates":[[-41.326861,-21.78857],[-41.32697,-21.788381],[-41.326717,-21.78789]]},"properties":{"nome":"F3","tipo":"distribuicao","bairro":"PARQUE AURORA"}},{"type":"Feature","geometry":{"type":"LineString","coordinates":[[-41.325302,-21.786174],[-41.325909,-21.786238],[-41.325901,-21.786409]]},"properties":{"nome":"F6","tipo":"distribuicao","bairro":"PARQUE AURORA"}},{"type":"Feature","geometry":{"type":"LineString","coordinates":[[-41.327268,-21.787085],[-41.327261,-21.787304],[-41.327014,-21.787335],[-41.32698,-21.787431]]},"properties":{"nome":"F6","tipo":"distribuicao","bairro":"PARQUE AURORA"}},{"type":"Feature","geometry":{"type":"LineString","coordinates":[[-41.326857,-21.786502],[-41.326818,-21.786698],[-41.326706,-21.786723],[-41.326669,-21.786804]]},"properties":{"nome":"F6","tipo":"distribuicao","bairro":"PARQUE AURORA"}},{"type":"Feature","geometry":{"type":"LineString","coordinates":[[-41.326189,-21.785821],[-41.326231,-21.786304],[-41.326123,-21.78641]]},"properties":{"nome":"F6","tipo":"distribuicao","bairro":"PARQUE AURORA"}},{"type":"Feature","geometry":{"type":"LineString","coordinates":[[-41.325701,-21.786539],[-41.325946,-21.786728],[-41.32597,-21.786588]]},"properties":{"nome":"F5","tipo":"distribuicao","bairro":"PARQUE AURORA"}},{"type":"Feature","geometry":{"type":"LineString","coordinates":[[-41.326968,-21.785822],[-41.327282,-21.786181],[-41.327166,-21.786216],[-41.327121,-21.786322]]},"properties":{"nome":"F5","tipo":"distribuicao","bairro":"PARQUE AURORA"}},{"type":"Feature","geometry":{"type":"LineString","coordinates":[[-41.326111,-21.786346],[-41.3262,-21.786447],[-41.326553,-21.787669],[-41.326721,-21.7879],[-41.326453,-21.787691],[-41.326006,-21.786408],[-41.325869,-21.786365]]},"properties":{"nome":"F12","tipo":"distribuicao","bairro":"PARQUE AURORA"}},{"type":"Feature","geometry":{"type":"LineString","coordinates":[[-41.325921,-21.786608],[-41.326011,-21.786653],[-41.326413,-21.787719],[-41.326733,-21.787903],[-41.327194,-21.786345],[-41.3271,-21.786273]]},"properties":{"nome":"F11","tipo":"distribuicao","bairro":"PARQUE AURORA"}},{"type":"Feature","geometry":{"type":"LineString","coordinates":[[-41.325841,-21.78722],[-41.326131,-21.787266],[-41.326393,-21.787773],[-41.326725,-21.787899],[-41.326761,-21.787594],[-41.326888,-21.786828],[-41.326725,-21.786838],[-41.326655,-21.786761]]},"properties":{"nome":"F10","tipo":"distribuicao","bairro":"PARQUE AURORA"}},{"type":"Feature","geometry":{"type":"LineString","coordinates":[[-41.326435,-21.786537],[-41.326336,-21.786614],[-41.326609,-21.787662],[-41.32672,-21.787896],[-41.326149,-21.787984],[-41.326065,-21.787856]]},"properties":{"nome":"F9","tipo":"distribuicao","bairro":"PARQUE AURORA"}},{"type":"Feature","geometry":{"type":"LineString","coordinates":[[-41.326956,-21.787379],[-41.327077,-21.787458],[-41.327065,-21.78772],[-41.326714,-21.787896]]},"properties":{"nome":"F8","tipo":"distribuicao","bairro":"PARQUE AURORA"}},{"type":"Feature","geometry":{"type":"LineString","coordinates":[[-41.326717,-21.787887],[-41.326716,-21.787269],[-41.326577,-21.787194]]},"properties":{"nome":"F7","tipo":"distribuicao","bairro":"PARQUE AURORA"}},{"type":"Feature","geometry":{"type":"LineString","coordinates":[[-41.328141,-21.783421],[-41.328177,-21.783564],[-41.327967,-21.783623],[-41.327949,-21.783705]]},"properties":{"nome":"F6","tipo":"distribuicao","bairro":"PARQUE AURORA"}},{"type":"Feature","geometry":{"type":"LineString","coordinates":[[-41.327029,-21.783715],[-41.326959,-21.783456],[-41.326757,-21.783518],[-41.326743,-21.783627]]},"properties":{"nome":"F6","tipo":"distribuicao","bairro":"PARQUE AURORA"}},{"type":"Feature","geometry":{"type":"LineString","coordinates":[[-41.322586,-21.786026],[-41.322477,-21.785323],[-41.322716,-21.785335],[-41.322792,-21.785428]]},"properties":{"nome":"F6","tipo":"distribuicao","bairro":"PARQUE AURORA"}},{"type":"Feature","geometry":{"type":"LineString","coordinates":[[-41.323105,-21.785551],[-41.323159,-21.785815],[-41.323381,-21.785769],[-41.323429,-21.785846]]},"properties":{"nome":"F5","tipo":"distribuicao","bairro":"PARQUE AURORA"}},{"type":"Feature","geometry":{"type":"LineString","coordinates":[[-41.326146,-21.783992],[-41.326103,-21.783798],[-41.325838,-21.783854],[-41.3258,-21.783962]]},"properties":{"nome":"F5","tipo":"distribuicao","bairro":"PARQUE AURORA"}},{"type":"Feature","geometry":{"type":"LineString","coordinates":[[-41.328878,-21.78318],[-41.328897,-21.783373],[-41.328703,-21.783438],[-41.328677,-21.783562]]},"properties":{"nome":"F5","tipo":"distribuicao","bairro":"PARQUE AURORA"}},{"type":"Feature","geometry":{"type":"LineString","coordinates":[[-41.329199,-21.783978],[-41.329272,-21.784189],[-41.328947,-21.784278],[-41.328911,-21.784393]]},"properties":{"nome":"F4","tipo":"distribuicao","bairro":"PARQUE AURORA"}},{"type":"Feature","geometry":{"type":"LineString","coordinates":[[-41.324694,-21.784288],[-41.324741,-21.784507],[-41.324815,-21.78449],[-41.324881,-21.784538]]},"properties":{"nome":"F4","tipo":"distribuicao","bairro":"PARQUE AURORA"}},{"type":"Feature","geometry":{"type":"LineString","coordinates":[[-41.323854,-21.785464],[-41.323775,-21.785164],[-41.324048,-21.785102],[-41.324126,-21.785174]]},"properties":{"nome":"F4","tipo":"distribuicao","bairro":"PARQUE AURORA"}},{"type":"Feature","geometry":{"type":"LineString","coordinates":[[-41.324363,-21.784015],[-41.32497,-21.783895],[-41.325053,-21.783976]]},"properties":{"nome":"F3","tipo":"distribuicao","bairro":"PARQUE AURORA"}},{"type":"Feature","geometry":{"type":"LineString","coordinates":[[-41.322742,-21.785443],[-41.322791,-21.78527],[-41.324987,-21.784815],[-41.325298,-21.78513],[-41.325278,-21.784666],[-41.327846,-21.783653],[-41.327985,-21.783691]]},"properties":{"nome":"F12","tipo":"distribuicao","bairro":"PARQUE AURORA"}},{"type":"Feature","geometry":{"type":"LineString","coordinates":[[-41.328745,-21.783535],[-41.328602,-21.783481],[-41.325361,-21.784728],[-41.325293,-21.785121],[-41.325168,-21.785439],[-41.323462,-21.785748],[-41.323378,-21.785864]]},"properties":{"nome":"F11","tipo":"distribuicao","bairro":"PARQUE AURORA"}},{"type":"Feature","geometry":{"type":"LineString","coordinates":[[-41.324062,-21.785178],[-41.324126,-21.785071],[-41.324964,-21.784869],[-41.325297,-21.785136],[-41.325499,-21.785244],[-41.328836,-21.784313],[-41.328958,-21.78436]]},"properties":{"nome":"F10","tipo":"distribuicao","bairro":"PARQUE AURORA"}},{"type":"Feature","geometry":{"type":"LineString","coordinates":[[-41.328164,-21.784289],[-41.328005,-21.783783],[-41.32541,-21.784771],[-41.325304,-21.785141],[-41.325075,-21.785366],[-41.324671,-21.7853]]},"properties":{"nome":"F9","tipo":"distribuicao","bairro":"PARQUE AURORA"}},{"type":"Feature","geometry":{"type":"LineString","coordinates":[[-41.326997,-21.78448],[-41.326796,-21.784363],[-41.325462,-21.784807],[-41.325311,-21.785107],[-41.3252,-21.784614],[-41.326701,-21.784018],[-41.326596,-21.783583],[-41.326673,-21.783565],[-41.326809,-21.78361]]},"properties":{"nome":"F8","tipo":"distribuicao","bairro":"PARQUE AURORA"}},{"type":"Feature","geometry":{"type":"LineString","coordinates":[[-41.326136,-21.784914],[-41.326157,-21.785],[-41.325512,-21.785178],[-41.325284,-21.785135],[-41.325134,-21.784608],[-41.325489,-21.783908],[-41.325755,-21.78389],[-41.325853,-21.783943]]},"properties":{"nome":"F7","tipo":"distribuicao","bairro":"PARQUE AURORA"}},{"type":"Feature","geometry":{"type":"LineString","coordinates":[[-41.325289,-21.785118],[-41.325058,-21.78462],[-41.325295,-21.783789],[-41.325111,-21.783826],[-41.324997,-21.78399]]},"properties":{"nome":"F6","tipo":"distribuicao","bairro":"PARQUE AURORA"}},{"type":"Feature","geometry":{"type":"LineString","coordinates":[[-41.32529,-21.785134],[-41.324978,-21.784672],[-41.324931,-21.784432],[-41.324829,-21.784554]]},"properties":{"nome":"F5","tipo":"distribuicao","bairro":"PARQUE AURORA"}},{"type":"Feature","geometry":{"type":"LineString","coordinates":[[-41.321145,-21.784554],[-41.321009,-21.784576],[-41.321072,-21.784844],[-41.32122,-21.784971]]},"properties":{"nome":"F6","tipo":"distribuicao","bairro":"PARQUE AURORA"}},{"type":"Feature","geometry":{"type":"LineString","coordinates":[[-41.319826,-21.784797],[-41.319986,-21.78478],[-41.320013,-21.784887],[-41.320075,-21.784935]]},"properties":{"nome":"F6","tipo":"distribuicao","bairro":"PARQUE AURORA"}},{"type":"Feature","geometry":{"type":"LineString","coordinates":[[-41.32048,-21.784685],[-41.320636,-21.784656],[-41.32068,-21.784708]]},"properties":{"nome":"F6","tipo":"distribuicao","bairro":"PARQUE AURORA"}},{"type":"Feature","geometry":{"type":"LineString","coordinates":[[-41.321797,-21.784462],[-41.321662,-21.784486],[-41.321661,-21.784559]]},"properties":{"nome":"F6","tipo":"distribuicao","bairro":"PARQUE AURORA"}},{"type":"Feature","geometry":{"type":"LineString","coordinates":[[-41.322901,-21.784278],[-41.322836,-21.784391],[-41.322643,-21.784424],[-41.322654,-21.784529]]},"properties":{"nome":"F6","tipo":"distribuicao","bairro":"PARQUE AURORA"}},{"type":"Feature","geometry":{"type":"LineString","coordinates":[[-41.319951,-21.785474],[-41.320102,-21.78545],[-41.320066,-21.785302],[-41.320146,-21.785297],[-41.320186,-21.785347]]},"properties":{"nome":"F5","tipo":"distribuicao","bairro":"PARQUE AURORA"}},{"type":"Feature","geometry":{"type":"LineString","coordinates":[[-41.321316,-21.785389],[-41.321173,-21.785419],[-41.321101,-21.785054],[-41.321221,-21.784962]]},"properties":{"nome":"F5","tipo":"distribuicao","bairro":"PARQUE AURORA"}},{"type":"Feature","geometry":{"type":"LineString","coordinates":[[-41.322691,-21.784947],[-41.322661,-21.784786],[-41.32257,-21.784812],[-41.322554,-21.78487]]},"properties":{"nome":"F5","tipo":"distribuicao","bairro":"PARQUE AURORA"}},{"type":"Feature","geometry":{"type":"LineString","coordinates":[[-41.32003,-21.784944],[-41.320073,-21.784871],[-41.320159,-21.784853],[-41.320932,-21.78488],[-41.321232,-21.784972],[-41.321457,-21.784742],[-41.322659,-21.78453]]},"properties":{"nome":"F12","tipo":"distribuicao","bairro":"PARQUE AURORA"}},{"type":"Feature","geometry":{"type":"LineString","coordinates":[[-41.320157,-21.785349],[-41.320188,-21.78528],[-41.320376,-21.785221],[-41.32099,-21.784955],[-41.321239,-21.784966],[-41.321452,-21.785134],[-41.322508,-21.784831],[-41.322586,-21.784857]]},"properties":{"nome":"F11","tipo":"distribuicao","bairro":"PARQUE AURORA"}},{"type":"Feature","geometry":{"type":"LineString","coordinates":[[-41.322301,-21.784724],[-41.322166,-21.784674],[-41.321425,-21.78484],[-41.321217,-21.784959],[-41.320927,-21.784925],[-41.320015,-21.785099],[-41.3199,-21.785191]]},"properties":{"nome":"F10","tipo":"distribuicao","bairro":"PARQUE AURORA"}},{"type":"Feature","geometry":{"type":"LineString","coordinates":[[-41.321692,-21.78455],[-41.321603,-21.784493],[-41.321435,-21.784524],[-41.321226,-21.784976],[-41.32087,-21.784789],[-41.320826,-21.784604],[-41.320695,-21.784632],[-41.320641,-21.78472]]},"properties":{"nome":"F9","tipo":"distribuicao","bairro":"PARQUE AURORA"}},{"type":"Feature","geometry":{"type":"LineString","coordinates":[[-41.321933,-21.785227],[-41.321784,-21.785158],[-41.321463,-21.785228],[-41.32122,-21.784955],[-41.320881,-21.785108],[-41.320927,-21.785297],[-41.320613,-21.785355]]},"properties":{"nome":"F8","tipo":"distribuicao","bairro":"PARQUE AURORA"}},{"type":"Feature","geometry":{"type":"LineString","coordinates":[[-41.321227,-21.784974],[-41.321448,-21.78466],[-41.322163,-21.784538],[-41.322112,-21.784314],[-41.323051,-21.784126],[-41.323123,-21.784435],[-41.322961,-21.784466]]},"properties":{"nome":"F5","tipo":"distribuicao","bairro":"PARQUE AURORA"}},{"type":"Feature","geometry":{"type":"LineString","coordinates":[[-41.323807,-21.788318],[-41.324057,-21.788253],[-41.323738,-21.78683],[-41.323454,-21.786704]]},"properties":{"nome":"F6","tipo":"distribuicao","bairro":"PARQUE AURORA"}},{"type":"Feature","geometry":{"type":"LineString","coordinates":[[-41.323716,-21.787939],[-41.323901,-21.787911],[-41.323671,-21.786884],[-41.323446,-21.786695]]},"properties":{"nome":"F5","tipo":"distribuicao","bairro":"PARQUE AURORA"}},{"type":"Feature","geometry":{"type":"LineString","coordinates":[[-41.32352,-21.787047],[-41.323646,-21.787034],[-41.323618,-21.786899],[-41.323455,-21.786709]]},"properties":{"nome":"F4","tipo":"distribuicao","bairro":"PARQUE AURORA"}},{"type":"Feature","geometry":{"type":"LineString","coordinates":[[-41.323121,-21.788395],[-41.323335,-21.788346],[-41.323276,-21.787872],[-41.323214,-21.787841]]},"properties":{"nome":"F6","tipo":"distribuicao","bairro":"PARQUE AURORA"}},{"type":"Feature","geometry":{"type":"LineString","coordinates":[[-41.32475,-21.788186],[-41.324817,-21.78797],[-41.324695,-21.787841],[-41.324599,-21.787973]]},"properties":{"nome":"F6","tipo":"distribuicao","bairro":"PARQUE AURORA"}},{"type":"Feature","geometry":{"type":"LineString","coordinates":[[-41.325341,-21.788252],[-41.325553,-21.788193],[-41.325447,-21.787706],[-41.325378,-21.787646]]},"properties":{"nome":"F6","tipo":"distribuicao","bairro":"PARQUE AURORA"}},{"type":"Feature","geometry":{"type":"LineString","coordinates":[[-41.325179,-21.787525],[-41.324972,-21.787557],[-41.32486,-21.787072],[-41.324931,-21.787007]]},"properties":{"nome":"F5","tipo":"distribuicao","bairro":"PARQUE AURORA"}},{"type":"Feature","geometry":{"type":"LineString","coordinates":[[-41.324379,-21.787674],[-41.324137,-21.787723],[-41.324051,-21.78728],[-41.324107,-21.787202]]},"properties":{"nome":"F5","tipo":"distribuicao","bairro":"PARQUE AURORA"}},{"type":"Feature","geometry":{"type":"LineString","coordinates":[[-41.322969,-21.788015],[-41.32278,-21.788049],[-41.322701,-21.787668],[-41.322785,-21.78759]]},"properties":{"nome":"F5","tipo":"distribuicao","bairro":"PARQUE AURORA"}},{"type":"Feature","geometry":{"type":"LineString","coordinates":[[-41.322829,-21.787233],[-41.323078,-21.787188],[-41.323032,-21.786941],[-41.322948,-21.786889]]},"properties":{"nome":"F4","tipo":"distribuicao","bairro":"PARQUE AURORA"}},{"type":"Feature","geometry":{"type":"LineString","coordinates":[[-41.324261,-21.787023],[-41.324078,-21.787061],[-41.324004,-21.786731],[-41.324081,-21.786644]]},"properties":{"nome":"F4","tipo":"distribuicao","bairro":"PARQUE AURORA"}},{"type":"Feature","geometry":{"type":"LineString","coordinates":[[-41.32322,-21.787871],[-41.32327,-21.787816],[-41.323136,-21.786985],[-41.323466,-21.786707],[-41.323818,-21.786754],[-41.32409,-21.787981],[-41.32457,-21.78789],[-41.324638,-21.787945]]},"properties":{"nome":"F12","tipo":"distribuicao","bairro":"PARQUE AURORA"}},{"type":"Feature","geometry":{"type":"LineString","coordinates":[[-41.322787,-21.787652],[-41.322673,-21.787589],[-41.322239,-21.786552],[-41.323021,-21.786428],[-41.323437,-21.786702],[-41.323786,-21.786707],[-41.32392,-21.786761],[-41.323994,-21.78717],[-41.324106,-21.787249]]},"properties":{"nome":"F11","tipo":"distribuicao","bairro":"PARQUE AURORA"}},{"type":"Feature","geometry":{"type":"LineString","coordinates":[[-41.322951,-21.78693],[-41.323012,-21.786846],[-41.322999,-21.786781],[-41.323444,-21.786711],[-41.324021,-21.786623],[-41.324076,-21.786702]]},"properties":{"nome":"F10","tipo":"distribuicao","bairro":"PARQUE AURORA"}},{"type":"Feature","geometry":{"type":"LineString","coordinates":[[-41.322539,-21.786702],[-41.322681,-21.786551],[-41.323002,-21.786499],[-41.323453,-21.786699],[-41.323608,-21.786338],[-41.325047,-21.786101],[-41.325438,-21.787599],[-41.32538,-21.787698]]},"properties":{"nome":"F9","tipo":"distribuicao","bairro":"PARQUE AURORA"}},{"type":"Feature","geometry":{"type":"LineString","coordinates":[[-41.324932,-21.787054],[-41.324837,-21.787003],[-41.324723,-21.786456],[-41.323689,-21.78661],[-41.32345,-21.7867]]},"properties":{"nome":"F8","tipo":"distribuicao","bairro":"PARQUE AURORA"}},{"type":"Feature","geometry":{"type":"LineString","coordinates":[[-41.32498,-21.786725],[-41.324854,-21.786752],[-41.324781,-21.786368],[-41.323632,-21.786583],[-41.323433,-21.786702]]},"properties":{"nome":"F7","tipo":"distribuicao","bairro":"PARQUE AURORA"}},{"type":"Feature","geometry":{"type":"LineString","coordinates":[[-41.324185,-21.786397],[-41.324153,-21.786292],[-41.323648,-21.786383],[-41.323444,-21.786686]]},"properties":{"nome":"F6","tipo":"distribuicao","bairro":"PARQUE AURORA"}},{"type":"Feature","geometry":{"type":"LineString","coordinates":[[-41.325016,-21.789857],[-41.324709,-21.79008],[-41.324144,-21.789836],[-41.323974,-21.788979]]},"properties":{"nome":"F6","tipo":"distribuicao","bairro":"PARQUE AURORA"}},{"type":"Feature","geometry":{"type":"LineString","coordinates":[[-41.324088,-21.789987],[-41.323932,-21.789809],[-41.323976,-21.788976]]},"properties":{"nome":"F5","tipo":"distribuicao","bairro":"PARQUE AURORA"}},{"type":"Feature","geometry":{"type":"LineString","coordinates":[[-41.324283,-21.789482],[-41.32414,-21.789223],[-41.323976,-21.788977]]},"properties":{"nome":"F4","tipo":"distribuicao","bairro":"PARQUE AURORA"}},{"type":"Feature","geometry":{"type":"LineString","coordinates":[[-41.325608,-21.789355],[-41.325901,-21.78931],[-41.32571,-21.788388],[-41.324105,-21.788703],[-41.323969,-21.788971]]},"properties":{"nome":"F6","tipo":"distribuicao","bairro":"PARQUE AURORA"}},{"type":"Feature","geometry":{"type":"LineString","coordinates":[[-41.323357,-21.789567],[-41.323597,-21.789521],[-41.323976,-21.788976]]},"properties":{"nome":"F6","tipo":"distribuicao","bairro":"PARQUE AURORA"}},{"type":"Feature","geometry":{"type":"LineString","coordinates":[[-41.322727,-21.789673],[-41.322937,-21.789634],[-41.322939,-21.789377],[-41.323044,-21.789357],[-41.323096,-21.789454]]},"properties":{"nome":"F6","tipo":"distribuicao","bairro":"PARQUE AURORA"}},{"type":"Feature","geometry":{"type":"LineString","coordinates":[[-41.319933,-21.788109],[-41.319841,-21.788644],[-41.32174,-21.789402],[-41.321825,-21.789527]]},"properties":{"nome":"F6","tipo":"distribuicao","bairro":"PARQUE AURORA"}},{"type":"Feature","geometry":{"type":"LineString","coordinates":[[-41.320466,-21.787681],[-41.320774,-21.787347],[-41.322577,-21.787731],[-41.322682,-21.787876]]},"properties":{"nome":"F6","tipo":"distribuicao","bairro":"PARQUE AURORA"}},{"type":"Feature","geometry":{"type":"LineString","coordinates":[[-41.320893,-21.788399],[-41.320825,-21.788857],[-41.321769,-21.789242],[-41.32185,-21.789329]]},"properties":{"nome":"F5","tipo":"distribuicao","bairro":"PARQUE AURORA"}},{"type":"Feature","geometry":{"type":"LineString","coordinates":[[-41.321341,-21.787967],[-41.321437,-21.787591],[-41.32243,-21.787822],[-41.32251,-21.787947]]},"properties":{"nome":"F5","tipo":"distribuicao","bairro":"PARQUE AURORA"}},{"type":"Feature","geometry":{"type":"LineString","coordinates":[[-41.321684,-21.788658],[-41.32168,-21.789002],[-41.321879,-21.789052],[-41.32195,-21.789165]]},"properties":{"nome":"F4","tipo":"distribuicao","bairro":"PARQUE AURORA"}},{"type":"Feature","geometry":{"type":"LineString","coordinates":[[-41.323974,-21.788975],[-41.322761,-21.787699],[-41.322639,-21.787875]]},"properties":{"nome":"F12","tipo":"distribuicao","bairro":"PARQUE AURORA"}},{"type":"Feature","geometry":{"type":"LineString","coordinates":[[-41.322463,-21.787953],[-41.322542,-21.787851],[-41.323972,-21.788976]]},"properties":{"nome":"F11","tipo":"distribuicao","bairro":"PARQUE AURORA"}},{"type":"Feature","geometry":{"type":"LineString","coordinates":[[-41.32398,-21.788974],[-41.324113,-21.788762],[-41.324806,-21.788629],[-41.324842,-21.788798]]},"properties":{"nome":"F5","tipo":"distribuicao","bairro":"PARQUE AURORA"}},{"type":"Feature","geometry":{"type":"LineString","coordinates":[[-41.323063,-21.789453],[-41.323093,-21.789348],[-41.323974,-21.788978],[-41.322565,-21.78813],[-41.32235,-21.788174]]},"properties":{"nome":"F10","tipo":"distribuicao","bairro":"PARQUE AURORA"}},{"type":"Feature","geometry":{"type":"LineString","coordinates":[[-41.321788,-21.789524],[-41.321842,-21.789414],[-41.3226,-21.789473],[-41.323972,-21.788976]]},"properties":{"nome":"F9","tipo":"distribuicao","bairro":"PARQUE AURORA"}},{"type":"Feature","geometry":{"type":"LineString","coordinates":[[-41.321811,-21.789331],[-41.32188,-21.789253],[-41.322598,-21.789413],[-41.323973,-21.788976]]},"properties":{"nome":"F8","tipo":"distribuicao","bairro":"PARQUE AURORA"}},{"type":"Feature","geometry":{"type":"LineString","coordinates":[[-41.321903,-21.78917],[-41.322001,-21.789067],[-41.323427,-21.788833],[-41.323974,-21.788974]]},"properties":{"nome":"F7","tipo":"distribuicao","bairro":"PARQUE AURORA"}},{"type":"Feature","geometry":{"type":"LineString","coordinates":[[-41.322611,-21.789219],[-41.322665,-21.789032],[-41.323507,-21.788923],[-41.323975,-21.788977]]},"properties":{"nome":"F6","tipo":"distribuicao","bairro":"PARQUE AURORA"}},{"type":"Feature","geometry":{"type":"LineString","coordinates":[[-41.323357,-21.792096],[-41.323142,-21.792022],[-41.322334,-21.790368],[-41.322366,-21.790096]]},"properties":{"nome":"F6","tipo":"distribuicao","bairro":"PARQUE AURORA"}},{"type":"Feature","geometry":{"type":"LineString","coordinates":[[-41.32267,-21.79068],[-41.32252,-21.790639],[-41.322375,-21.790349],[-41.322372,-21.790121]]},"properties":{"nome":"F4","tipo":"distribuicao","bairro":"PARQUE AURORA"}},{"type":"Feature","geometry":{"type":"LineString","coordinates":[[-41.32267,-21.79068],[-41.322526,-21.790632],[-41.322379,-21.790328],[-41.322372,-21.790121]]},"properties":{"nome":"F5","tipo":"distribuicao","bairro":"PARQUE AURORA"}},{"type":"Feature","geometry":{"type":"LineString","coordinates":[[-41.324451,-21.79165],[-41.324258,-21.79173],[-41.323899,-21.791008],[-41.323887,-21.791115]]},"properties":{"nome":"F6","tipo":"distribuicao","bairro":"PARQUE AURORA"}},{"type":"Feature","geometry":{"type":"LineString","coordinates":[[-41.323869,-21.791908],[-41.3237,-21.791978],[-41.323371,-21.791233],[-41.323321,-21.791334]]},"properties":{"nome":"F6","tipo":"distribuicao","bairro":"PARQUE AURORA"}},{"type":"Feature","geometry":{"type":"LineString","coordinates":[[-41.322833,-21.792209],[-41.322935,-21.792059],[-41.322531,-21.791184],[-41.322639,-21.791241]]},"properties":{"nome":"F6","tipo":"distribuicao","bairro":"PARQUE AURORA"}},{"type":"Feature","geometry":{"type":"LineString","coordinates":[[-41.322054,-21.791661],[-41.322247,-21.791581],[-41.322065,-21.791178],[-41.322197,-21.791236]]},"properties":{"nome":"F6","tipo":"distribuicao","bairro":"PARQUE AURORA"}},{"type":"Feature","geometry":{"type":"LineString","coordinates":[[-41.323986,-21.79073],[-41.323685,-21.790538],[-41.323662,-21.790623]]},"properties":{"nome":"F5","tipo":"distribuicao","bairro":"PARQUE AURORA"}},{"type":"Feature","geometry":{"type":"LineString","coordinates":[[-41.32337,-21.790895],[-41.323106,-21.790708],[-41.323086,-21.790787]]},"properties":{"nome":"F5","tipo":"distribuicao","bairro":"PARQUE AURORA"}},{"type":"Feature","geometry":{"type":"LineString","coordinates":[[-41.32224,-21.790966],[-41.322293,-21.790799],[-41.322399,-21.790862]]},"properties":{"nome":"F5","tipo":"distribuicao","bairro":"PARQUE AURORA"}},{"type":"Feature","geometry":{"type":"LineString","coordinates":[[-41.321664,-21.790899],[-41.321664,-21.790598],[-41.32175,-21.79068]]},"properties":{"nome":"F5","tipo":"distribuicao","bairro":"PARQUE AURORA"}},{"type":"Feature","geometry":{"type":"LineString","coordinates":[[-41.323911,-21.791116],[-41.323837,-21.791034],[-41.323123,-21.790406],[-41.322385,-21.790099],[-41.321987,-21.790861],[-41.322165,-21.791266]]},"properties":{"nome":"F12","tipo":"distribuicao","bairro":"PARQUE AURORA"}},{"type":"Feature","geometry":{"type":"LineString","coordinates":[[-41.323705,-21.790616],[-41.323609,-21.790537],[-41.322364,-21.790081],[-41.321756,-21.790549],[-41.321711,-21.790685]]},"properties":{"nome":"F11","tipo":"distribuicao","bairro":"PARQUE AURORA"}},{"type":"Feature","geometry":{"type":"LineString","coordinates":[[-41.32336,-21.790081],[-41.323254,-21.789873],[-41.322473,-21.789971],[-41.322375,-21.790103],[-41.322063,-21.789889],[-41.321819,-21.789958],[-41.321869,-21.790206]]},"properties":{"nome":"F10","tipo":"distribuicao","bairro":"PARQUE AURORA"}},{"type":"Feature","geometry":{"type":"LineString","coordinates":[[-41.323347,-21.791329],[-41.323268,-21.791249],[-41.323152,-21.791211],[-41.322619,-21.79026],[-41.322369,-21.79009],[-41.322289,-21.790429],[-41.322622,-21.791157],[-41.322608,-21.791259]]},"properties":{"nome":"F9","tipo":"distribuicao","bairro":"PARQUE AURORA"}},{"type":"Feature","geometry":{"type":"LineString","coordinates":[[-41.323117,-21.79079],[-41.323044,-21.790734],[-41.322842,-21.790388],[-41.322372,-21.790072],[-41.322224,-21.790499],[-41.322379,-21.790881]]},"properties":{"nome":"F8","tipo":"distribuicao","bairro":"PARQUE AURORA"}},{"type":"Feature","geometry":{"type":"LineString","coordinates":[[-41.324408,-21.792969],[-41.324317,-21.793189],[-41.32492,-21.794423],[-41.32522,-21.794609]]},"properties":{"nome":"F6","tipo":"distribuicao","bairro":"PARQUE AURORA"}},{"type":"Feature","geometry":{"type":"LineString","coordinates":[[-41.325215,-21.794584],[-41.325087,-21.794859],[-41.325618,-21.795978],[-41.325908,-21.796029]]},"properties":{"nome":"F6","tipo":"distribuicao","bairro":"PARQUE AURORA"}},{"type":"Feature","geometry":{"type":"LineString","coordinates":[[-41.326915,-21.795441],[-41.326572,-21.795477],[-41.32642,-21.795172],[-41.326384,-21.795277]]},"properties":{"nome":"F6","tipo":"distribuicao","bairro":"PARQUE AURORA"}},{"type":"Feature","geometry":{"type":"LineString","coordinates":[[-41.326441,-21.795698],[-41.326155,-21.795778],[-41.325996,-21.795415],[-41.325969,-21.795523]]},"properties":{"nome":"F6","tipo":"distribuicao","bairro":"PARQUE AURORA"}},{"type":"Feature","geometry":{"type":"LineString","coordinates":[[-41.323559,-21.793636],[-41.323729,-21.793563],[-41.323855,-21.793803],[-41.323889,-21.793693]]},"properties":{"nome":"F6","tipo":"distribuicao","bairro":"PARQUE AURORA"}},{"type":"Feature","geometry":{"type":"LineString","coordinates":[[-41.324241,-21.79495],[-41.324405,-21.79488],[-41.324535,-21.795098],[-41.324626,-21.795148]]},"properties":{"nome":"F5","tipo":"distribuicao","bairro":"PARQUE AURORA"}},{"type":"Feature","geometry":{"type":"LineString","coordinates":[[-41.325117,-21.792934],[-41.324947,-21.793007],[-41.325044,-21.793342],[-41.324958,-21.793454]]},"properties":{"nome":"F6","tipo":"distribuicao","bairro":"PARQUE AURORA"}},{"type":"Feature","geometry":{"type":"LineString","coordinates":[[-41.325548,-21.792765],[-41.325344,-21.792947],[-41.325454,-21.793139],[-41.325436,-21.793235]]},"properties":{"nome":"F5","tipo":"distribuicao","bairro":"PARQUE AURORA"}},{"type":"Feature","geometry":{"type":"LineString","coordinates":[[-41.324035,-21.793439],[-41.324214,-21.793355],[-41.324408,-21.793744],[-41.324487,-21.793799]]},"properties":{"nome":"F6","tipo":"distribuicao","bairro":"PARQUE AURORA"}},{"type":"Feature","geometry":{"type":"LineString","coordinates":[[-41.325404,-21.796209],[-41.325423,-21.795921],[-41.325134,-21.79534],[-41.32522,-21.795365]]},"properties":{"nome":"F4","tipo":"distribuicao","bairro":"PARQUE AURORA"}},{"type":"Feature","geometry":{"type":"LineString","coordinates":[[-41.32596,-21.792601],[-41.325775,-21.792673],[-41.325916,-21.792927],[-41.32588,-21.793032]]},"properties":{"nome":"F6","tipo":"distribuicao","bairro":"PARQUE AURORA"}},{"type":"Feature","geometry":{"type":"LineString","coordinates":[[-41.32386,-21.793678],[-41.323965,-21.793906],[-41.324486,-21.79436],[-41.325212,-21.794623],[-41.325661,-21.793844],[-41.325723,-21.793342],[-41.325998,-21.793078],[-41.325874,-21.793025]]},"properties":{"nome":"F12","tipo":"distribuicao","bairro":"PARQUE AURORA"}},{"type":"Feature","geometry":{"type":"LineString","coordinates":[[-41.324599,-21.795166],[-41.32461,-21.795011],[-41.325226,-21.79459],[-41.325553,-21.793308],[-41.325389,-21.793126]]},"properties":{"nome":"F11","tipo":"distribuicao","bairro":"PARQUE AURORA"}},{"type":"Feature","geometry":{"type":"LineString","coordinates":[[-41.325216,-21.795401],[-41.325193,-21.795281],[-41.324989,-21.794869],[-41.325205,-21.794626],[-41.325734,-21.794981],[-41.326323,-21.795169],[-41.326391,-21.795261]]},"properties":{"nome":"F10","tipo":"distribuicao","bairro":"PARQUE AURORA"}},{"type":"Feature","geometry":{"type":"LineString","coordinates":[[-41.326245,-21.794163],[-41.32618,-21.794688],[-41.325222,-21.794612],[-41.324677,-21.79436],[-41.324463,-21.793871],[-41.324468,-21.793732]]},"properties":{"nome":"F9","tipo":"distribuicao","bairro":"PARQUE AURORA"}},{"type":"Feature","geometry":{"type":"LineString","coordinates":[[-41.326,-21.795557],[-41.325807,-21.795435],[-41.325196,-21.794589],[-41.324822,-21.794681],[-41.324607,-21.794575]]},"properties":{"nome":"F8","tipo":"distribuicao","bairro":"PARQUE AURORA"}},{"type":"Feature","geometry":{"type":"LineString","coordinates":[[-41.324964,-21.793446],[-41.325126,-21.793488],[-41.325245,-21.793829],[-41.325204,-21.794606]]},"properties":{"nome":"F7","tipo":"distribuicao","bairro":"PARQUE AURORA"}},{"type":"Feature","geometry":{"type":"LineString","coordinates":[[-41.325762,-21.794395],[-41.325482,-21.794425],[-41.325222,-21.794612]]},"properties":{"nome":"F6","tipo":"distribuicao","bairro":"PARQUE AURORA"}},{"type":"Feature","geometry":{"type":"LineString","coordinates":[[-41.353204,-21.800948],[-41.353319,-21.801178],[-41.350887,-21.8028],[-41.350699,-21.80259]]},"properties":{"nome":"F3","tipo":"distribuicao","bairro":"PARQUE AURORA"}},{"type":"Feature","geometry":{"type":"LineString","coordinates":[[-41.351267,-21.802204],[-41.351268,-21.802338],[-41.350883,-21.802601],[-41.35072,-21.80259],[-41.350446,-21.802326],[-41.350213,-21.802295]]},"properties":{"nome":"F4","tipo":"distribuicao","bairro":"PARQUE AURORA"}},{"type":"Feature","geometry":{"type":"LineString","coordinates":[[-41.351943,-21.801772],[-41.351987,-21.801928],[-41.350895,-21.802662],[-41.350684,-21.802595],[-41.350608,-21.802279],[-41.350993,-21.802021],[-41.350937,-21.801841]]},"properties":{"nome":"F5","tipo":"distribuicao","bairro":"PARQUE AURORA"}},{"type":"Feature","geometry":{"type":"LineString","coordinates":[[-41.352664,-21.801294],[-41.352743,-21.801493],[-41.350891,-21.802726],[-41.350699,-21.80259],[-41.350719,-21.802329],[-41.352046,-21.801402],[-41.351993,-21.801137]]},"properties":{"nome":"F6","tipo":"distribuicao","bairro":"PARQUE AURORA"}},{"type":"Feature","geometry":{"type":"LineString","coordinates":[[-41.350691,-21.802573],[-41.350553,-21.802586],[-41.350165,-21.802827],[-41.350192,-21.80292]]},"properties":{"nome":"F5","tipo":"distribuicao","bairro":"PARQUE AURORA"}},{"type":"Feature","geometry":{"type":"LineString","coordinates":[[-41.35069,-21.802569],[-41.350521,-21.802508],[-41.350135,-21.80269],[-41.349887,-21.802633]]},"properties":{"nome":"F6","tipo":"distribuicao","bairro":"PARQUE AURORA"}},{"type":"Feature","geometry":{"type":"LineString","coordinates":[[-41.350692,-21.802568],[-41.350536,-21.802874],[-41.350458,-21.803037],[-41.350218,-21.803211],[-41.350441,-21.803515]]},"properties":{"nome":"F7","tipo":"distribuicao","bairro":"PARQUE AURORA"}},{"type":"Feature","geometry":{"type":"LineString","coordinates":[[-41.350442,-21.803522],[-41.353798,-21.801303],[-41.35376,-21.801181]]},"properties":{"nome":"F3","tipo":"distribuicao","bairro":"PARQUE AURORA"}},{"type":"Feature","geometry":{"type":"LineString","coordinates":[[-41.350692,-21.802568],[-41.350505,-21.80286],[-41.350432,-21.803005],[-41.35015,-21.803207],[-41.350443,-21.8036]]},"properties":{"nome":"F8","tipo":"distribuicao","bairro":"PARQUE AURORA"}},{"type":"Feature","geometry":{"type":"LineString","coordinates":[[-41.350442,-21.803601],[-41.353793,-21.801389],[-41.354043,-21.801581]]},"properties":{"nome":"F2","tipo":"distribuicao","bairro":"PARQUE AURORA"}},{"type":"Feature","geometry":{"type":"LineString","coordinates":[[-41.350692,-21.802568],[-41.350572,-21.802884],[-41.350499,-21.803038],[-41.350586,-21.803166],[-41.35041,-21.803279],[-41.350463,-21.803354]]},"properties":{"nome":"F9","tipo":"distribuicao","bairro":"PARQUE AURORA"}},{"type":"Feature","geometry":{"type":"LineString","coordinates":[[-41.350701,-21.802576],[-41.350606,-21.802886],[-41.350533,-21.803026]]},"properties":{"nome":"F10","tipo":"distribuicao","bairro":"PARQUE AURORA"}},{"type":"Feature","geometry":{"type":"LineString","coordinates":[[-41.350531,-21.803027],[-41.350684,-21.803084],[-41.351239,-21.802725],[-41.351376,-21.802737]]},"properties":{"nome":"F4","tipo":"distribuicao","bairro":"PARQUE AURORA"}},{"type":"Feature","geometry":{"type":"LineString","coordinates":[[-41.350692,-21.802576],[-41.350649,-21.802897],[-41.350584,-21.803009]]},"properties":{"nome":"F11","tipo":"distribuicao","bairro":"PARQUE AURORA"}},{"type":"Feature","geometry":{"type":"LineString","coordinates":[[-41.350581,-21.803007],[-41.350688,-21.803044],[-41.352153,-21.802086],[-41.352272,-21.802139]]},"properties":{"nome":"F5","tipo":"distribuicao","bairro":"PARQUE AURORA"}},{"type":"Feature","geometry":{"type":"LineString","coordinates":[[-41.350693,-21.802577],[-41.350689,-21.802911],[-41.350636,-21.802995]]},"properties":{"nome":"F12","tipo":"distribuicao","bairro":"PARQUE AURORA"}},{"type":"Feature","geometry":{"type":"LineString","coordinates":[[-41.350635,-21.802993],[-41.350676,-21.803005],[-41.352603,-21.801725],[-41.352811,-21.801779]]},"properties":{"nome":"F6","tipo":"distribuicao","bairro":"PARQUE AURORA"}},{"type":"Feature","geometry":{"type":"LineString","coordinates":[[-41.352269,-21.803358],[-41.352118,-21.803212],[-41.351865,-21.80338],[-41.351693,-21.803147]]},"properties":{"nome":"F9","tipo":"distribuicao","bairro":"PARQUE AURORA"}},{"type":"Feature","geometry":{"type":"LineString","coordinates":[[-41.352268,-21.803356],[-41.35212,-21.803276],[-41.35185,-21.803454],[-41.351706,-21.803252]]},"properties":{"nome":"F9","tipo":"distribuicao","bairro":"PARQUE AURORA"}},{"type":"Feature","geometry":{"type":"LineString","coordinates":[[-41.351708,-21.803255],[-41.350988,-21.803731],[-41.350923,-21.803643]]},"properties":{"nome":"F6","tipo":"distribuicao","bairro":"PARQUE AURORA"}},{"type":"Feature","geometry":{"type":"LineString","coordinates":[[-41.352263,-21.803353],[-41.352114,-21.803151],[-41.351888,-21.803305],[-41.351795,-21.803173]]},"properties":{"nome":"F11","tipo":"distribuicao","bairro":"PARQUE AURORA"}},{"type":"Feature","geometry":{"type":"LineString","coordinates":[[-41.351797,-21.803176],[-41.352621,-21.802631],[-41.352561,-21.802554]]},"properties":{"nome":"F5","tipo":"distribuicao","bairro":"PARQUE AURORA"}},{"type":"Feature","geometry":{"type":"LineString","coordinates":[[-41.352265,-21.803353],[-41.352125,-21.803097],[-41.351913,-21.803229],[-41.351877,-21.803175]]},"properties":{"nome":"F12","tipo":"distribuicao","bairro":"PARQUE AURORA"}},{"type":"Feature","geometry":{"type":"LineString","coordinates":[[-41.351878,-21.803179],[-41.353208,-21.8023],[-41.353113,-21.802178]]},"properties":{"nome":"F6","tipo":"distribuicao","bairro":"PARQUE AURORA"}},{"type":"Feature","geometry":{"type":"LineString","coordinates":[[-41.352897,-21.802926],[-41.352882,-21.803012],[-41.352379,-21.803356],[-41.352263,-21.803352],[-41.352194,-21.803482],[-41.351734,-21.80379],[-41.351686,-21.803724]]},"properties":{"nome":"F5","tipo":"distribuicao","bairro":"PARQUE AURORA"}},{"type":"Feature","geometry":{"type":"LineString","coordinates":[[-41.351202,-21.804052],[-41.351267,-21.804137],[-41.352216,-21.803509],[-41.352265,-21.803356],[-41.352387,-21.803385],[-41.353423,-21.802687],[-41.353443,-21.80257]]},"properties":{"nome":"F6","tipo":"distribuicao","bairro":"PARQUE AURORA"}},{"type":"Feature","geometry":{"type":"LineString","coordinates":[[-41.352265,-21.803356],[-41.352419,-21.80341],[-41.354145,-21.802248],[-41.354076,-21.802155]]},"properties":{"nome":"F4","tipo":"distribuicao","bairro":"PARQUE AURORA"}},{"type":"Feature","geometry":{"type":"LineString","coordinates":[[-41.352265,-21.803356],[-41.352459,-21.803434],[-41.354718,-21.801927],[-41.354637,-21.801805]]},"properties":{"nome":"F3","tipo":"distribuicao","bairro":"PARQUE AURORA"}},{"type":"Feature","geometry":{"type":"LineString","coordinates":[[-41.352272,-21.803361],[-41.352423,-21.803611],[-41.352544,-21.803633]]},"properties":{"nome":"F8","tipo":"distribuicao","bairro":"PARQUE AURORA"}},{"type":"Feature","geometry":{"type":"LineString","coordinates":[[-41.352266,-21.803358],[-41.352377,-21.803637]]},"properties":{"nome":"F9","tipo":"distribuicao","bairro":"PARQUE AURORA"}},{"type":"Feature","geometry":{"type":"LineString","coordinates":[[-41.352377,-21.803637],[-41.351846,-21.804001],[-41.351905,-21.804067]]},"properties":{"nome":"F5","tipo":"distribuicao","bairro":"PARQUE AURORA"}},{"type":"Feature","geometry":{"type":"LineString","coordinates":[[-41.35227,-21.803358],[-41.352461,-21.803586]]},"properties":{"nome":"F10","tipo":"distribuicao","bairro":"PARQUE AURORA"}},{"type":"Feature","geometry":{"type":"LineString","coordinates":[[-41.352461,-21.803586],[-41.353331,-21.803021],[-41.353362,-21.80306]]},"properties":{"nome":"F6","tipo":"distribuicao","bairro":"PARQUE AURORA"}},{"type":"Feature","geometry":{"type":"LineString","coordinates":[[-41.35227,-21.803358],[-41.352472,-21.803536]]},"properties":{"nome":"F11","tipo":"distribuicao","bairro":"PARQUE AURORA"}},{"type":"Feature","geometry":{"type":"LineString","coordinates":[[-41.352472,-21.803536],[-41.354641,-21.802125],[-41.354707,-21.802212]]},"properties":{"nome":"F3","tipo":"distribuicao","bairro":"PARQUE AURORA"}},{"type":"Feature","geometry":{"type":"LineString","coordinates":[[-41.35227,-21.803358],[-41.35248,-21.803483]]},"properties":{"nome":"F12","tipo":"distribuicao","bairro":"PARQUE AURORA"}},{"type":"Feature","geometry":{"type":"LineString","coordinates":[[-41.35248,-21.803483],[-41.3551,-21.801762],[-41.355192,-21.80189]]},"properties":{"nome":"F2","tipo":"distribuicao","bairro":"PARQUE AURORA"}},{"type":"Feature","geometry":{"type":"LineString","coordinates":[[-41.31981,-21.773352],[-41.319741,-21.773301],[-41.319459,-21.773301],[-41.319458,-21.773222]]},"properties":{"nome":"F5","tipo":"distribuicao","bairro":"PARQUE AURORA"}},{"type":"Feature","geometry":{"type":"LineString","coordinates":[[-41.31981,-21.773352],[-41.31973,-21.773328],[-41.319014,-21.77332],[-41.319008,-21.773191]]},"properties":{"nome":"F6","tipo":"distribuicao","bairro":"PARQUE AURORA"}},{"type":"Feature","geometry":{"type":"LineString","coordinates":[[-41.31981,-21.773352],[-41.319731,-21.773408],[-41.319472,-21.773403],[-41.319471,-21.773481]]},"properties":{"nome":"F5","tipo":"distribuicao","bairro":"PARQUE AURORA"}},{"type":"Feature","geometry":{"type":"LineString","coordinates":[[-41.31981,-21.773352],[-41.319731,-21.773374],[-41.319004,-21.773372],[-41.319006,-21.773469]]},"properties":{"nome":"F6","tipo":"distribuicao","bairro":"PARQUE AURORA"}},{"type":"Feature","geometry":{"type":"LineString","coordinates":[[-41.351599,-21.765967],[-41.351979,-21.766233],[-41.351751,-21.766608],[-41.352076,-21.766781],[-41.352364,-21.766333],[-41.352198,-21.76625]]},"properties":{"nome":"F5","tipo":"distribuicao","bairro":"PARQUE AURORA"}},{"type":"Feature","geometry":{"type":"LineString","coordinates":[[-41.351599,-21.765967],[-41.351917,-21.766241],[-41.351688,-21.766623],[-41.352095,-21.766841],[-41.35282,-21.765718],[-41.352606,-21.7656]]},"properties":{"nome":"F6","tipo":"distribuicao","bairro":"PARQUE AURORA"}},{"type":"Feature","geometry":{"type":"LineString","coordinates":[[-41.351599,-21.765967],[-41.351851,-21.766254],[-41.351624,-21.76664],[-41.352591,-21.767155],[-41.352919,-21.766637],[-41.35279,-21.766585]]},"properties":{"nome":"F7","tipo":"distribuicao","bairro":"PARQUE AURORA"}},{"type":"Feature","geometry":{"type":"LineString","coordinates":[[-41.351599,-21.765967],[-41.351789,-21.766263],[-41.351554,-21.766657],[-41.352619,-21.767228],[-41.352972,-21.76667]]},"properties":{"nome":"F8","tipo":"distribuicao","bairro":"PARQUE AURORA"}},{"type":"Feature","geometry":{"type":"LineString","coordinates":[[-41.352969,-21.766668],[-41.353378,-21.766004],[-41.353201,-21.76591]]},"properties":{"nome":"F6","tipo":"distribuicao","bairro":"PARQUE AURORA"}},{"type":"Feature","geometry":{"type":"LineString","coordinates":[[-41.351599,-21.765967],[-41.351738,-21.766255],[-41.351494,-21.766672],[-41.353141,-21.767556],[-41.353538,-21.766913],[-41.353416,-21.766849]]},"properties":{"nome":"F9","tipo":"distribuicao","bairro":"PARQUE AURORA"}},{"type":"Feature","geometry":{"type":"LineString","coordinates":[[-41.351599,-21.765967],[-41.351689,-21.766253],[-41.351428,-21.76669],[-41.35316,-21.767622],[-41.353589,-21.766945]]},"properties":{"nome":"F10","tipo":"distribuicao","bairro":"PARQUE AURORA"}},{"type":"Feature","geometry":{"type":"LineString","coordinates":[[-41.353586,-21.766946],[-41.353962,-21.766332],[-41.353775,-21.766229]]},"properties":{"nome":"F6","tipo":"distribuicao","bairro":"PARQUE AURORA"}},{"type":"Feature","geometry":{"type":"LineString","coordinates":[[-41.351599,-21.765967],[-41.351635,-21.766246],[-41.351356,-21.766711],[-41.352931,-21.767559]]},"properties":{"nome":"F11","tipo":"distribuicao","bairro":"PARQUE AURORA"}},{"type":"Feature","geometry":{"type":"LineString","coordinates":[[-41.352929,-21.767559],[-41.353692,-21.767966],[-41.354165,-21.7672],[-41.35404,-21.767131]]},"properties":{"nome":"F5","tipo":"distribuicao","bairro":"PARQUE AURORA"}},{"type":"Feature","geometry":{"type":"LineString","coordinates":[[-41.351599,-21.765967],[-41.35158,-21.766234],[-41.35128,-21.766726],[-41.352904,-21.767607]]},"properties":{"nome":"F12","tipo":"distribuicao","bairro":"PARQUE AURORA"}},{"type":"Feature","geometry":{"type":"LineString","coordinates":[[-41.352902,-21.767605],[-41.353733,-21.768049],[-41.354608,-21.76665],[-41.354394,-21.766532]]},"properties":{"nome":"F6","tipo":"distribuicao","bairro":"PARQUE AURORA"}},{"type":"Feature","geometry":{"type":"LineString","coordinates":[[-41.351599,-21.765964],[-41.351419,-21.765757],[-41.35179,-21.765162],[-41.352022,-21.765279]]},"properties":{"nome":"F6","tipo":"distribuicao","bairro":"PARQUE AURORA"}},{"type":"Feature","geometry":{"type":"LineString","coordinates":[[-41.351599,-21.765971],[-41.351191,-21.765815],[-41.350959,-21.766199],[-41.350512,-21.765969],[-41.350734,-21.765618],[-41.350943,-21.765721]]},"properties":{"nome":"F7","tipo":"distribuicao","bairro":"PARQUE AURORA"}},{"type":"Feature","geometry":{"type":"LineString","coordinates":[[-41.351599,-21.765971],[-41.351218,-21.765876],[-41.350982,-21.766264],[-41.350433,-21.765988],[-41.350678,-21.765591]]},"properties":{"nome":"F8","tipo":"distribuicao","bairro":"PARQUE AURORA"}},{"type":"Feature","geometry":{"type":"LineString","coordinates":[[-41.350675,-21.765595],[-41.351269,-21.764655],[-41.35153,-21.764788]]},"properties":{"nome":"F6","tipo":"distribuicao","bairro":"PARQUE AURORA"}},{"type":"Feature","geometry":{"type":"LineString","coordinates":[[-41.351599,-21.765971],[-41.351253,-21.765931],[-41.351004,-21.76633],[-41.34992,-21.765775],[-41.350019,-21.765608]]},"properties":{"nome":"F9","tipo":"distribuicao","bairro":"PARQUE AURORA"}},{"type":"Feature","geometry":{"type":"LineString","coordinates":[[-41.351599,-21.765971],[-41.351282,-21.765976],[-41.351018,-21.766401],[-41.349891,-21.765818]]},"properties":{"nome":"F10","tipo":"distribuicao","bairro":"PARQUE AURORA"}},{"type":"Feature","geometry":{"type":"LineString","coordinates":[[-41.349891,-21.765818],[-41.349802,-21.765774],[-41.350511,-21.764638],[-41.350753,-21.764765]]},"properties":{"nome":"F6","tipo":"distribuicao","bairro":"PARQUE AURORA"}},{"type":"Feature","geometry":{"type":"LineString","coordinates":[[-41.351599,-21.765971],[-41.351308,-21.766022],[-41.35103,-21.766465],[-41.349862,-21.76586]]},"properties":{"nome":"F11","tipo":"distribuicao","bairro":"PARQUE AURORA"}},{"type":"Feature","geometry":{"type":"LineString","coordinates":[[-41.351599,-21.765971],[-41.351331,-21.766066],[-41.351046,-21.766524],[-41.349839,-21.765896]]},"properties":{"nome":"F12","tipo":"distribuicao","bairro":"PARQUE AURORA"}},{"type":"Feature","geometry":{"type":"LineString","coordinates":[[-41.34986,-21.765856],[-41.349283,-21.765563],[-41.349135,-21.765778],[-41.350808,-21.766651],[-41.350375,-21.767361],[-41.350239,-21.767379]]},"properties":{"nome":"F5","tipo":"distribuicao","bairro":"PARQUE AURORA"}},{"type":"Feature","geometry":{"type":"LineString","coordinates":[[-41.349837,-21.765895],[-41.349309,-21.765628],[-41.349226,-21.765757],[-41.350897,-21.766632],[-41.350438,-21.767387],[-41.350857,-21.76761],[-41.350807,-21.767682]]},"properties":{"nome":"F6","tipo":"distribuicao","bairro":"PARQUE AURORA"}},{"type":"Feature","geometry":{"type":"LineString","coordinates":[[-41.330916,-21.776741],[-41.331152,-21.776491],[-41.3319,-21.776223],[-41.331963,-21.77639]]},"properties":{"nome":"F9","tipo":"distribuicao","bairro":"PARQUE AURORA"}},{"type":"Feature","geometry":{"type":"LineString","coordinates":[[-41.330916,-21.776741],[-41.331141,-21.776417],[-41.332564,-21.775915]]},"properties":{"nome":"F10","tipo":"distribuicao","bairro":"PARQUE AURORA"}},{"type":"Feature","geometry":{"type":"LineString","coordinates":[[-41.330916,-21.776741],[-41.331116,-21.776309],[-41.332428,-21.775836]]},"properties":{"nome":"F11","tipo":"distribuicao","bairro":"PARQUE AURORA"}},{"type":"Feature","geometry":{"type":"LineString","coordinates":[[-41.332429,-21.775828],[-41.332676,-21.775743],[-41.333089,-21.776911],[-41.332938,-21.776961]]},"properties":{"nome":"F5","tipo":"distribuicao","bairro":"PARQUE AURORA"}},{"type":"Feature","geometry":{"type":"LineString","coordinates":[[-41.330916,-21.776741],[-41.331078,-21.77622],[-41.332377,-21.775755]]},"properties":{"nome":"F12","tipo":"distribuicao","bairro":"PARQUE AURORA"}},{"type":"Feature","geometry":{"type":"LineString","coordinates":[[-41.332377,-21.775755],[-41.332743,-21.77562],[-41.333243,-21.777],[-41.332375,-21.777289],[-41.332451,-21.777531],[-41.332318,-21.777575]]},"properties":{"nome":"F6","tipo":"distribuicao","bairro":"PARQUE AURORA"}},{"type":"Feature","geometry":{"type":"LineString","coordinates":[[-41.330929,-21.776753],[-41.330667,-21.776705],[-41.330349,-21.776802],[-41.329967,-21.775831],[-41.329775,-21.775883]]},"properties":{"nome":"F4","tipo":"distribuicao","bairro":"PARQUE AURORA"}},{"type":"Feature","geometry":{"type":"LineString","coordinates":[[-41.330929,-21.776753],[-41.330658,-21.776534],[-41.330493,-21.776584],[-41.330078,-21.775527],[-41.329139,-21.775858],[-41.329237,-21.776115]]},"properties":{"nome":"F5","tipo":"distribuicao","bairro":"PARQUE AURORA"}},{"type":"Feature","geometry":{"type":"LineString","coordinates":[[-41.330929,-21.776753],[-41.330666,-21.776628],[-41.330435,-21.776704],[-41.330014,-21.775652],[-41.329551,-21.775819],[-41.329621,-21.775993]]},"properties":{"nome":"F6","tipo":"distribuicao","bairro":"PARQUE AURORA"}},{"type":"Feature","geometry":{"type":"LineString","coordinates":[[-41.330929,-21.776753],[-41.330748,-21.776903],[-41.330387,-21.777039],[-41.330542,-21.777464],[-41.330211,-21.777572],[-41.330251,-21.777686]]},"properties":{"nome":"F5","tipo":"distribuicao","bairro":"PARQUE AURORA"}},{"type":"Feature","geometry":{"type":"LineString","coordinates":[[-41.330929,-21.776753],[-41.330782,-21.776932],[-41.330441,-21.77706],[-41.330738,-21.777885],[-41.33034,-21.778011],[-41.330311,-21.777924]]},"properties":{"nome":"F6","tipo":"distribuicao","bairro":"PARQUE AURORA"}},{"type":"Feature","geometry":{"type":"LineString","coordinates":[[-41.330929,-21.776753],[-41.330811,-21.77697],[-41.330502,-21.77709],[-41.330837,-21.778025]]},"properties":{"nome":"F7","tipo":"distribuicao","bairro":"PARQUE AURORA"}},{"type":"Feature","geometry":{"type":"LineString","coordinates":[[-41.330408,-21.778097],[-41.330429,-21.77816],[-41.330841,-21.778027]]},"properties":{"nome":"F3","tipo":"distribuicao","bairro":"PARQUE AURORA"}},{"type":"Feature","geometry":{"type":"LineString","coordinates":[[-41.330929,-21.776753],[-41.330845,-21.777012],[-41.33056,-21.77712],[-41.330898,-21.778054]]},"properties":{"nome":"F8","tipo":"distribuicao","bairro":"PARQUE AURORA"}},{"type":"Feature","geometry":{"type":"LineString","coordinates":[[-41.330237,-21.778152],[-41.330265,-21.778259],[-41.330898,-21.778054]]},"properties":{"nome":"F4","tipo":"distribuicao","bairro":"PARQUE AURORA"}},{"type":"Feature","geometry":{"type":"LineString","coordinates":[[-41.330929,-21.776753],[-41.330886,-21.777042],[-41.330621,-21.777147],[-41.330959,-21.778074]]},"properties":{"nome":"F9","tipo":"distribuicao","bairro":"PARQUE AURORA"}},{"type":"Feature","geometry":{"type":"LineString","coordinates":[[-41.330025,-21.778221],[-41.330077,-21.778356],[-41.330959,-21.778074]]},"properties":{"nome":"F5","tipo":"distribuicao","bairro":"PARQUE AURORA"}},{"type":"Feature","geometry":{"type":"LineString","coordinates":[[-41.330929,-21.776753],[-41.330932,-21.777077],[-41.330682,-21.777167],[-41.331018,-21.778097]]},"properties":{"nome":"F10","tipo":"distribuicao","bairro":"PARQUE AURORA"}},{"type":"Feature","geometry":{"type":"LineString","coordinates":[[-41.331016,-21.7781],[-41.329921,-21.778456],[-41.329854,-21.778274]]},"properties":{"nome":"F6","tipo":"distribuicao","bairro":"PARQUE AURORA"}},{"type":"Feature","geometry":{"type":"LineString","coordinates":[[-41.330929,-21.776753],[-41.330968,-21.777115],[-41.330737,-21.777197],[-41.331146,-21.778276]]},"properties":{"nome":"F11","tipo":"distribuicao","bairro":"PARQUE AURORA"}},{"type":"Feature","geometry":{"type":"LineString","coordinates":[[-41.330463,-21.778348],[-41.330514,-21.778493],[-41.331146,-21.778276]]},"properties":{"nome":"F5","tipo":"distribuicao","bairro":"PARQUE AURORA"}},{"type":"Feature","geometry":{"type":"LineString","coordinates":[[-41.330929,-21.776753],[-41.331028,-21.777143],[-41.330816,-21.777219],[-41.331228,-21.778308]]},"properties":{"nome":"F12","tipo":"distribuicao","bairro":"PARQUE AURORA"}},{"type":"Feature","geometry":{"type":"LineString","coordinates":[[-41.331226,-21.778309],[-41.330172,-21.778672],[-41.330099,-21.778479]]},"properties":{"nome":"F6","tipo":"distribuicao","bairro":"PARQUE AURORA"}},{"type":"Feature","geometry":{"type":"LineString","coordinates":[[-41.314416,-21.773723],[-41.314545,-21.773546],[-41.314419,-21.773345],[-41.314352,-21.773336]]},"properties":{"nome":"F1","tipo":"distribuicao","bairro":"PARQUE AURORA"}},{"type":"Feature","geometry":{"type":"LineString","coordinates":[[-41.314416,-21.773723],[-41.314588,-21.773545],[-41.314374,-21.773201],[-41.314293,-21.773244]]},"properties":{"nome":"F2","tipo":"distribuicao","bairro":"PARQUE AURORA"}},{"type":"Feature","geometry":{"type":"LineString","coordinates":[[-41.314416,-21.773723],[-41.314631,-21.773536],[-41.314352,-21.773097],[-41.314235,-21.773159]]},"properties":{"nome":"F3","tipo":"distribuicao","bairro":"PARQUE AURORA"}},{"type":"Feature","geometry":{"type":"LineString","coordinates":[[-41.314416,-21.773723],[-41.314779,-21.773552],[-41.314599,-21.773266],[-41.314653,-21.77318]]},"properties":{"nome":"F4","tipo":"distribuicao","bairro":"PARQUE AURORA"}},{"type":"Feature","geometry":{"type":"LineString","coordinates":[[-41.314416,-21.773723],[-41.314727,-21.773539],[-41.314471,-21.773137],[-41.314589,-21.773074]]},"properties":{"nome":"F5","tipo":"distribuicao","bairro":"PARQUE AURORA"}},{"type":"Feature","geometry":{"type":"LineString","coordinates":[[-41.314416,-21.773723],[-41.314679,-21.773534],[-41.314382,-21.773068],[-41.314531,-21.772983]]},"properties":{"nome":"F6","tipo":"distribuicao","bairro":"PARQUE AURORA"}},{"type":"Feature","geometry":{"type":"LineString","coordinates":[[-41.314408,-21.773727],[-41.314081,-21.773714],[-41.313663,-21.773042],[-41.313818,-21.772954]]},"properties":{"nome":"F5","tipo":"distribuicao","bairro":"PARQUE AURORA"}},{"type":"Feature","geometry":{"type":"LineString","coordinates":[[-41.314408,-21.773727],[-41.314012,-21.773778],[-41.312863,-21.771948],[-41.313163,-21.771795]]},"properties":{"nome":"F6","tipo":"distribuicao","bairro":"PARQUE AURORA"}},{"type":"Feature","geometry":{"type":"LineString","coordinates":[[-41.314408,-21.773727],[-41.314231,-21.773986],[-41.314564,-21.774523],[-41.314842,-21.774376]]},"properties":{"nome":"F5","tipo":"distribuicao","bairro":"PARQUE AURORA"}},{"type":"Feature","geometry":{"type":"LineString","coordinates":[[-41.314408,-21.773727],[-41.314162,-21.77404],[-41.315054,-21.7755],[-41.315428,-21.775309]]},"properties":{"nome":"F6","tipo":"distribuicao","bairro":"PARQUE AURORA"}},{"type":"Feature","geometry":{"type":"LineString","coordinates":[[-41.32735,-21.764851],[-41.327501,-21.765011],[-41.327678,-21.764942]]},"properties":{"nome":"F7","tipo":"distribuicao","bairro":"PARQUE AURORA"}},{"type":"Feature","geometry":{"type":"LineString","coordinates":[[-41.327676,-21.764943],[-41.327649,-21.764877],[-41.32757,-21.764878]]},"properties":{"nome":"F3","tipo":"distribuicao","bairro":"PARQUE AURORA"}},{"type":"Feature","geometry":{"type":"LineString","coordinates":[[-41.32735,-21.764851],[-41.327515,-21.765034],[-41.327711,-21.764957]]},"properties":{"nome":"F8","tipo":"distribuicao","bairro":"PARQUE AURORA"}},{"type":"Feature","geometry":{"type":"LineString","coordinates":[[-41.327711,-21.764957],[-41.327621,-21.764749],[-41.327531,-21.764784]]},"properties":{"nome":"F4","tipo":"distribuicao","bairro":"PARQUE AURORA"}},{"type":"Feature","geometry":{"type":"LineString","coordinates":[[-41.32735,-21.764851],[-41.327523,-21.765056],[-41.327741,-21.764969],[-41.327605,-21.764656],[-41.327498,-21.764702]]},"properties":{"nome":"F5","tipo":"distribuicao","bairro":"PARQUE AURORA"}},{"type":"Feature","geometry":{"type":"LineString","coordinates":[[-41.32735,-21.764851],[-41.327528,-21.765074],[-41.32777,-21.764978],[-41.327586,-21.764567],[-41.327466,-21.764613]]},"properties":{"nome":"F6","tipo":"distribuicao","bairro":"PARQUE AURORA"}},{"type":"Feature","geometry":{"type":"LineString","coordinates":[[-41.32735,-21.764851],[-41.327534,-21.765092],[-41.327924,-21.764939]]},"properties":{"nome":"F12","tipo":"distribuicao","bairro":"PARQUE AURORA"}},{"type":"Feature","geometry":{"type":"LineString","coordinates":[[-41.327924,-21.764939],[-41.327729,-21.764508],[-41.327854,-21.764458]]},"properties":{"nome":"F6","tipo":"distribuicao","bairro":"PARQUE AURORA"}},{"type":"Feature","geometry":{"type":"LineString","coordinates":[[-41.32735,-21.764851],[-41.327539,-21.765111],[-41.327957,-21.764949]]},"properties":{"nome":"F11","tipo":"distribuicao","bairro":"PARQUE AURORA"}},{"type":"Feature","geometry":{"type":"LineString","coordinates":[[-41.327955,-21.764949],[-41.327793,-21.764585],[-41.327891,-21.764546]]},"properties":{"nome":"F5","tipo":"distribuicao","bairro":"PARQUE AURORA"}},{"type":"Feature","geometry":{"type":"LineString","coordinates":[[-41.32735,-21.764851],[-41.327543,-21.765133],[-41.32799,-21.764959]]},"properties":{"nome":"F10","tipo":"distribuicao","bairro":"PARQUE AURORA"}},{"type":"Feature","geometry":{"type":"LineString","coordinates":[[-41.327989,-21.76496],[-41.327858,-21.764658],[-41.327927,-21.764631]]},"properties":{"nome":"F4","tipo":"distribuicao","bairro":"PARQUE AURORA"}},{"type":"Feature","geometry":{"type":"LineString","coordinates":[[-41.32735,-21.764851],[-41.327547,-21.765155],[-41.328024,-21.764967]]},"properties":{"nome":"F9","tipo":"distribuicao","bairro":"PARQUE AURORA"}},{"type":"Feature","geometry":{"type":"LineString","coordinates":[[-41.328021,-21.764968],[-41.327933,-21.764765],[-41.327963,-21.764712]]},"properties":{"nome":"F3","tipo":"distribuicao","bairro":"PARQUE AURORA"}},{"type":"Feature","geometry":{"type":"LineString","coordinates":[[-41.315047,-21.783282],[-41.315042,-21.783426],[-41.313953,-21.78343],[-41.313776,-21.783269]]},"properties":{"nome":"F6","tipo":"distribuicao","bairro":"PARQUE AURORA"}},{"type":"Feature","geometry":{"type":"LineString","coordinates":[[-41.353054,-21.804621],[-41.353048,-21.804799],[-41.352433,-21.805214],[-41.352342,-21.805088]]},"properties":{"nome":"F6","tipo":"distribuicao","bairro":"PARQUE AURORA"}},{"type":"Feature","geometry":{"type":"LineString","coordinates":[[-41.353054,-21.804621],[-41.353255,-21.804677],[-41.353968,-21.804203],[-41.353875,-21.804078]]},"properties":{"nome":"F8","tipo":"distribuicao","bairro":"PARQUE AURORA"}},{"type":"Feature","geometry":{"type":"LineString","coordinates":[[-41.353054,-21.804621],[-41.353275,-21.804725],[-41.354555,-21.803873],[-41.354424,-21.803704]]},"properties":{"nome":"F9","tipo":"distribuicao","bairro":"PARQUE AURORA"}},{"type":"Feature","geometry":{"type":"LineString","coordinates":[[-41.353054,-21.804621],[-41.3533,-21.804765],[-41.354584,-21.803914]]},"properties":{"nome":"F10","tipo":"distribuicao","bairro":"PARQUE AURORA"}},{"type":"Feature","geometry":{"type":"LineString","coordinates":[[-41.354582,-21.803919],[-41.355304,-21.803439],[-41.355139,-21.803223]]},"properties":{"nome":"F4","tipo":"distribuicao","bairro":"PARQUE AURORA"}},{"type":"Feature","geometry":{"type":"LineString","coordinates":[[-41.353054,-21.804621],[-41.353324,-21.804802],[-41.354608,-21.803955]]},"properties":{"nome":"F11","tipo":"distribuicao","bairro":"PARQUE AURORA"}},{"type":"Feature","geometry":{"type":"LineString","coordinates":[[-41.354608,-21.803955],[-41.355935,-21.803073],[-41.355751,-21.802831]]},"properties":{"nome":"F5","tipo":"distribuicao","bairro":"PARQUE AURORA"}},{"type":"Feature","geometry":{"type":"LineString","coordinates":[[-41.353054,-21.804621],[-41.353343,-21.804835],[-41.354642,-21.803983]]},"properties":{"nome":"F12","tipo":"distribuicao","bairro":"PARQUE AURORA"}},{"type":"Feature","geometry":{"type":"LineString","coordinates":[[-41.35464,-21.803983],[-41.356746,-21.802585],[-41.356538,-21.802311]]},"properties":{"nome":"F6","tipo":"distribuicao","bairro":"PARQUE AURORA"}},{"type":"Feature","geometry":{"type":"LineString","coordinates":[[-41.353054,-21.804621],[-41.353038,-21.804451],[-41.352926,-21.804308],[-41.352701,-21.804459],[-41.352605,-21.804331]]},"properties":{"nome":"F8","tipo":"distribuicao","bairro":"PARQUE AURORA"}},{"type":"Feature","geometry":{"type":"LineString","coordinates":[[-41.353054,-21.804621],[-41.352992,-21.80448],[-41.352911,-21.804369],[-41.352723,-21.804492]]},"properties":{"nome":"F9","tipo":"distribuicao","bairro":"PARQUE AURORA"}},{"type":"Feature","geometry":{"type":"LineString","coordinates":[[-41.35273,-21.80449],[-41.352162,-21.804866],[-41.352038,-21.804697]]},"properties":{"nome":"F6","tipo":"distribuicao","bairro":"PARQUE AURORA"}},{"type":"Feature","geometry":{"type":"LineString","coordinates":[[-41.353054,-21.804621],[-41.353074,-21.804418],[-41.352972,-21.804279],[-41.353949,-21.803624],[-41.353853,-21.803496]]},"properties":{"nome":"F10","tipo":"distribuicao","bairro":"PARQUE AURORA"}},{"type":"Feature","geometry":{"type":"LineString","coordinates":[[-41.353366,-21.805016],[-41.353178,-21.805001],[-41.352857,-21.805216],[-41.352918,-21.805304]]},"properties":{"nome":"F5","tipo":"distribuicao","bairro":"PARQUE AURORA"}},{"type":"Feature","geometry":{"type":"LineString","coordinates":[[-41.353366,-21.805016],[-41.353151,-21.804945],[-41.351989,-21.805723],[-41.35209,-21.805858]]},"properties":{"nome":"F6","tipo":"distribuicao","bairro":"PARQUE AURORA"}},{"type":"Feature","geometry":{"type":"LineString","coordinates":[[-41.353366,-21.805016],[-41.353418,-21.804851],[-41.354123,-21.804389],[-41.354184,-21.804463]]},"properties":{"nome":"F8","tipo":"distribuicao","bairro":"PARQUE AURORA"}},{"type":"Feature","geometry":{"type":"LineString","coordinates":[[-41.353366,-21.805016],[-41.353383,-21.804802],[-41.354641,-21.803967],[-41.354744,-21.804105]]},"properties":{"nome":"F9","tipo":"distribuicao","bairro":"PARQUE AURORA"}},{"type":"Feature","geometry":{"type":"LineString","coordinates":[[-41.353366,-21.805016],[-41.353354,-21.804758],[-41.354601,-21.803922]]},"properties":{"nome":"F10","tipo":"distribuicao","bairro":"PARQUE AURORA"}},{"type":"Feature","geometry":{"type":"LineString","coordinates":[[-41.354599,-21.803925],[-41.355316,-21.80345],[-41.355454,-21.803626]]},"properties":{"nome":"F4","tipo":"distribuicao","bairro":"PARQUE AURORA"}},{"type":"Feature","geometry":{"type":"LineString","coordinates":[[-41.353366,-21.805016],[-41.353305,-21.804712],[-41.354557,-21.803878]]},"properties":{"nome":"F11","tipo":"distribuicao","bairro":"PARQUE AURORA"}},{"type":"Feature","geometry":{"type":"LineString","coordinates":[[-41.354556,-21.803879],[-41.355888,-21.803002],[-41.356066,-21.803232]]},"properties":{"nome":"F5","tipo":"distribuicao","bairro":"PARQUE AURORA"}},{"type":"Feature","geometry":{"type":"LineString","coordinates":[[-41.353366,-21.805016],[-41.353262,-21.804666],[-41.354512,-21.803833]]},"properties":{"nome":"F12","tipo":"distribuicao","bairro":"PARQUE AURORA"}},{"type":"Feature","geometry":{"type":"LineString","coordinates":[[-41.35451,-21.803835],[-41.356744,-21.80235],[-41.356968,-21.802636]]},"properties":{"nome":"F6","tipo":"distribuicao","bairro":"PARQUE AURORA"}},{"type":"Feature","geometry":{"type":"LineString","coordinates":[[-41.353366,-21.805016],[-41.353536,-21.805085],[-41.353624,-21.805208],[-41.35339,-21.805364],[-41.353441,-21.805441]]},"properties":{"nome":"F8","tipo":"distribuicao","bairro":"PARQUE AURORA"}},{"type":"Feature","geometry":{"type":"LineString","coordinates":[[-41.353366,-21.805016],[-41.353492,-21.805119],[-41.353551,-21.805199],[-41.353363,-21.805321]]},"properties":{"nome":"F9","tipo":"distribuicao","bairro":"PARQUE AURORA"}},{"type":"Feature","geometry":{"type":"LineString","coordinates":[[-41.353365,-21.80532],[-41.352257,-21.806056],[-41.352343,-21.806177]]},"properties":{"nome":"F6","tipo":"distribuicao","bairro":"PARQUE AURORA"}},{"type":"Feature","geometry":{"type":"LineString","coordinates":[[-41.353366,-21.805016],[-41.353585,-21.805059],[-41.353671,-21.805176]]},"properties":{"nome":"F10","tipo":"distribuicao","bairro":"PARQUE AURORA"}},{"type":"Feature","geometry":{"type":"LineString","coordinates":[[-41.353669,-21.805175],[-41.354641,-21.804539],[-41.354702,-21.804618]]},"properties":{"nome":"F4","tipo":"distribuicao","bairro":"PARQUE AURORA"}},{"type":"Feature","geometry":{"type":"LineString","coordinates":[[-41.353366,-21.805016],[-41.353632,-21.805031],[-41.353681,-21.805096]]},"properties":{"nome":"F11","tipo":"distribuicao","bairro":"PARQUE AURORA"}},{"type":"Feature","geometry":{"type":"LineString","coordinates":[[-41.353678,-21.805095],[-41.355914,-21.803624],[-41.356006,-21.80375]]},"properties":{"nome":"F5","tipo":"distribuicao","bairro":"PARQUE AURORA"}},{"type":"Feature","geometry":{"type":"LineString","coordinates":[[-41.353366,-21.805016],[-41.353674,-21.805002],[-41.353693,-21.805027]]},"properties":{"nome":"F12","tipo":"distribuicao","bairro":"PARQUE AURORA"}},{"type":"Feature","geometry":{"type":"LineString","coordinates":[[-41.353691,-21.805027],[-41.357098,-21.802776],[-41.357228,-21.802935]]},"properties":{"nome":"F6","tipo":"distribuicao","bairro":"PARQUE AURORA"}},{"type":"Feature","geometry":{"type":"LineString","coordinates":[[-41.35346,-21.763831],[-41.353579,-21.764201],[-41.35575,-21.765608],[-41.35378,-21.768178],[-41.350595,-21.766509],[-41.349791,-21.767853]]},"properties":{"nome":"2","tipo":"distribuicao","bairro":"PARQUE AURORA"}},{"type":"Feature","geometry":{"type":"LineString","coordinates":[[-41.349789,-21.767853],[-41.362022,-21.774262],[-41.362636,-21.773285],[-41.362774,-21.773358]]},"properties":{"nome":"2","tipo":"distribuicao","bairro":"PARQUE AURORA"}},{"type":"Feature","geometry":{"type":"LineString","coordinates":[[-41.328356,-21.767857],[-41.328068,-21.767932],[-41.32838,-21.768798],[-41.327418,-21.769065],[-41.328655,-21.772391],[-41.322396,-21.774191],[-41.321551,-21.774043]]},"properties":{"nome":"F1 - \u00c1REA 1473","tipo":"distribuicao","bairro":"PARQUE AURORA"}},{"type":"Feature","geometry":{"type":"LineString","coordinates":[[-41.330189,-21.771303],[-41.330499,-21.772161],[-41.322426,-21.774306],[-41.321547,-21.774041]]},"properties":{"nome":"F2 - \u00c1REA 1474","tipo":"distribuicao","bairro":"PARQUE AURORA"}},{"type":"Feature","geometry":{"type":"LineString","coordinates":[[-41.328545,-21.772919],[-41.322463,-21.774347],[-41.321551,-21.774043]]},"properties":{"nome":"F3 - \u00c1REA 1475","tipo":"distribuicao","bairro":"PARQUE AURORA"}},{"type":"Feature","geometry":{"type":"LineString","coordinates":[[-41.33195,-21.774179],[-41.331611,-21.774251],[-41.330933,-21.772215],[-41.328497,-21.772929]]},"properties":{"nome":"F1 - \u00c1REA 1475","tipo":"distribuicao","bairro":"PARQUE AURORA"}},{"type":"Feature","geometry":{"type":"LineString","coordinates":[[-41.325028,-21.768551],[-41.325015,-21.76838],[-41.326024,-21.768164],[-41.326571,-21.77057],[-41.324567,-21.77112],[-41.324916,-21.772632],[-41.325262,-21.772511],[-41.325399,-21.772942],[-41.325232,-21.773]]},"properties":{"nome":"F1 - \u00c1REA 1476","tipo":"distribuicao","bairro":"PARQUE AURORA"}},{"type":"Feature","geometry":{"type":"LineString","coordinates":[[-41.325248,-21.772995],[-41.322302,-21.773942],[-41.321548,-21.774041]]},"properties":{"nome":"F4 - \u00c1REA 1476","tipo":"distribuicao","bairro":"PARQUE AURORA"}},{"type":"Feature","geometry":{"type":"LineString","coordinates":[[-41.325329,-21.773218],[-41.322377,-21.774082],[-41.321549,-21.774045]]},"properties":{"nome":"F5 - \u00c1REA 1477","tipo":"distribuicao","bairro":"PARQUE AURORA"}},{"type":"Feature","geometry":{"type":"LineString","coordinates":[[-41.325508,-21.772107],[-41.325401,-21.772129],[-41.325652,-21.773122],[-41.325332,-21.773212]]},"properties":{"nome":"F2 - \u00c1REA 1477","tipo":"distribuicao","bairro":"PARQUE AURORA"}},{"type":"Feature","geometry":{"type":"LineString","coordinates":[[-41.325288,-21.773084],[-41.322343,-21.774007],[-41.32155,-21.774043]]},"properties":{"nome":"F6 - \u00c1REA 1478","tipo":"distribuicao","bairro":"PARQUE AURORA"}},{"type":"Feature","geometry":{"type":"LineString","coordinates":[[-41.325278,-21.773083],[-41.325526,-21.772997],[-41.32525,-21.771971],[-41.325701,-21.771859],[-41.326205,-21.773819],[-41.325921,-21.773886]]},"properties":{"nome":"F3 - \u00c1REA 1478","tipo":"distribuicao","bairro":"PARQUE AURORA"}},{"type":"Feature","geometry":{"type":"LineString","coordinates":[[-41.323043,-21.773238],[-41.322872,-21.773282],[-41.323001,-21.773624],[-41.322254,-21.773871],[-41.321551,-21.774043]]},"properties":{"nome":"F7 - \u00c1REA 1479","tipo":"distribuicao","bairro":"PARQUE AURORA"}},{"type":"Feature","geometry":{"type":"LineString","coordinates":[[-41.328821,-21.77246],[-41.322458,-21.774262],[-41.321551,-21.774043]]},"properties":{"nome":"F8 - \u00c1REA 1520","tipo":"distribuicao","bairro":"PARQUE AURORA"}},{"type":"Feature","geometry":{"type":"LineString","coordinates":[[-41.327352,-21.764855],[-41.327842,-21.765046],[-41.32908,-21.768719],[-41.327579,-21.769154],[-41.328821,-21.77246]]},"properties":{"nome":"F2 - \u00c1REA 1520","tipo":"distribuicao","bairro":"PARQUE AURORA"}},{"type":"Feature","geometry":{"type":"LineString","coordinates":[[-41.321551,-21.774041],[-41.321285,-21.774201],[-41.321184,-21.773973]]},"properties":{"nome":"F9","tipo":"distribuicao","bairro":"PARQUE AURORA"}},{"type":"Feature","geometry":{"type":"LineString","coordinates":[[-41.312184,-21.778466],[-41.312131,-21.777935],[-41.314819,-21.776526],[-41.321332,-21.774425],[-41.321548,-21.774041]]},"properties":{"nome":"F1","tipo":"distribuicao","bairro":"PARQUE AURORA"}},{"type":"Feature","geometry":{"type":"LineString","coordinates":[[-41.309845,-21.774875],[-41.31015,-21.774658],[-41.312038,-21.777764],[-41.314461,-21.776425],[-41.321341,-21.774281],[-41.321548,-21.774039]]},"properties":{"nome":"F2","tipo":"distribuicao","bairro":"PARQUE AURORA"}},{"type":"Feature","geometry":{"type":"LineString","coordinates":[[-41.313893,-21.77674],[-41.314461,-21.776425],[-41.315072,-21.776234]]},"properties":{"nome":"F2","tipo":"distribuicao","bairro":"PARQUE AURORA"}},{"type":"Feature","geometry":{"type":"LineString","coordinates":[[-41.313721,-21.776501],[-41.315544,-21.775859],[-41.316218,-21.775737],[-41.321552,-21.774049]]},"properties":{"nome":"F3","tipo":"distribuicao","bairro":"PARQUE AURORA"}},{"type":"Feature","geometry":{"type":"LineString","coordinates":[[-41.315476,-21.776902],[-41.315176,-21.776521],[-41.321468,-21.774555],[-41.321549,-21.774043]]},"properties":{"nome":"F4","tipo":"distribuicao","bairro":"PARQUE AURORA"}},{"type":"Feature","geometry":{"type":"LineString","coordinates":[[-41.315767,-21.775335],[-41.317602,-21.774991],[-41.321044,-21.773931],[-41.321548,-21.77404]]},"properties":{"nome":"F5","tipo":"distribuicao","bairro":"PARQUE AURORA"}},{"type":"Feature","geometry":{"type":"LineString","coordinates":[[-41.316441,-21.772285],[-41.316352,-21.772482],[-41.317927,-21.77456],[-41.320736,-21.7737],[-41.321442,-21.773809]]},"properties":{"nome":"F6","tipo":"distribuicao","bairro":"PARQUE AURORA"}},{"type":"Feature","geometry":{"type":"LineString","coordinates":[[-41.320029,-21.77013],[-41.320063,-21.770061],[-41.319769,-21.770471],[-41.317196,-21.771116],[-41.317286,-21.77177],[-41.315914,-21.772095],[-41.317882,-21.774721],[-41.321089,-21.773762],[-41.321549,-21.774035]]},"properties":{"nome":"F7","tipo":"distribuicao","bairro":"PARQUE AURORA"}},{"type":"Feature","geometry":{"type":"LineString","coordinates":[[-41.320984,-21.772751],[-41.321498,-21.772693],[-41.321548,-21.77404]]},"properties":{"nome":"F8","tipo":"distribuicao","bairro":"PARQUE AURORA"}},{"type":"Feature","geometry":{"type":"LineString","coordinates":[[-41.319814,-21.773321],[-41.320091,-21.773345],[-41.320118,-21.773018],[-41.318443,-21.772916],[-41.3185,-21.774267],[-41.320766,-21.773544],[-41.321442,-21.773809]]},"properties":{"nome":"F9","tipo":"distribuicao","bairro":"PARQUE AURORA"}},{"type":"Feature","geometry":{"type":"LineString","coordinates":[[-41.314427,-21.773729],[-41.314295,-21.773986],[-41.315475,-21.77575],[-41.321105,-21.774049],[-41.321548,-21.77404]]},"properties":{"nome":"F10","tipo":"distribuicao","bairro":"PARQUE AURORA"}},{"type":"Feature","geometry":{"type":"LineString","coordinates":[[-41.327346,-21.779815],[-41.322602,-21.776346],[-41.321186,-21.777366]]},"properties":{"nome":"F1","tipo":"distribuicao","bairro":"PARQUE AURORA"}},{"type":"Feature","geometry":{"type":"LineString","coordinates":[[-41.327349,-21.779814],[-41.320759,-21.780262],[-41.318577,-21.777254]]},"properties":{"nome":"F2","tipo":"distribuicao","bairro":"PARQUE AURORA"}},{"type":"Feature","geometry":{"type":"LineString","coordinates":[[-41.327331,-21.779794],[-41.32437,-21.778866],[-41.323605,-21.779321]]},"properties":{"nome":"F3","tipo":"distribuicao","bairro":"PARQUE AURORA"}},{"type":"Feature","geometry":{"type":"LineString","coordinates":[[-41.327325,-21.779852],[-41.328813,-21.779796],[-41.329638,-21.778953]]},"properties":{"nome":"F5","tipo":"distribuicao","bairro":"PARQUE AURORA"}},{"type":"Feature","geometry":{"type":"LineString","coordinates":[[-41.327388,-21.779887],[-41.328189,-21.777474],[-41.326949,-21.776955]]},"properties":{"nome":"F4","tipo":"distribuicao","bairro":"PARQUE AURORA"}},{"type":"Feature","geometry":{"type":"LineString","coordinates":[[-41.31783,-21.785759],[-41.319156,-21.784854],[-41.322783,-21.784304],[-41.3228,-21.783216],[-41.326428,-21.782396],[-41.329308,-21.781444],[-41.328147,-21.778337],[-41.327194,-21.779849]]},"properties":{"nome":"F1","tipo":"distribuicao","bairro":"PARQUE AURORA"}},{"type":"Feature","geometry":{"type":"LineString","coordinates":[[-41.316323,-21.782199],[-41.317165,-21.782657],[-41.318583,-21.782939],[-41.318646,-21.784029],[-41.322384,-21.78393],[-41.322405,-21.78293],[-41.326267,-21.78212],[-41.328976,-21.781238],[-41.32808,-21.778729],[-41.327193,-21.779866]]},"properties":{"nome":"F2","tipo":"distribuicao","bairro":"PARQUE AURORA"}},{"type":"Feature","geometry":{"type":"LineString","coordinates":[[-41.319564,-21.783307],[-41.319965,-21.783752],[-41.322155,-21.783742],[-41.322184,-21.782745],[-41.32348,-21.782542],[-41.326246,-21.781937],[-41.328793,-21.781098],[-41.328043,-21.778929],[-41.327202,-21.779871]]},"properties":{"nome":"F3","tipo":"distribuicao","bairro":"PARQUE AURORA"}},{"type":"Feature","geometry":{"type":"LineString","coordinates":[[-41.323358,-21.781874],[-41.323418,-21.782392],[-41.326544,-21.781662],[-41.328627,-21.780957],[-41.327997,-21.779122],[-41.327195,-21.779877]]},"properties":{"nome":"F4","tipo":"distribuicao","bairro":"PARQUE AURORA"}},{"type":"Feature","geometry":{"type":"LineString","coordinates":[[-41.325991,-21.781144],[-41.326467,-21.781537],[-41.328459,-21.780868],[-41.32791,-21.779304],[-41.327182,-21.779837]]},"properties":{"nome":"F5","tipo":"distribuicao","bairro":"PARQUE AURORA"}},{"type":"Feature","geometry":{"type":"LineString","coordinates":[[-41.331269,-21.780479],[-41.330898,-21.78032],[-41.329212,-21.780882],[-41.328177,-21.778105],[-41.327204,-21.779814]]},"properties":{"nome":"F6","tipo":"distribuicao","bairro":"PARQUE AURORA"}},{"type":"Feature","geometry":{"type":"LineString","coordinates":[[-41.319636,-21.784234],[-41.322627,-21.78418],[-41.322634,-21.783102],[-41.326358,-21.782296],[-41.329143,-21.781383],[-41.328114,-21.778533],[-41.327193,-21.779866]]},"properties":{"nome":"F7","tipo":"distribuicao","bairro":"PARQUE AURORA"}},{"type":"Feature","geometry":{"type":"LineString","coordinates":[[-41.313778,-21.78326],[-41.313774,-21.782998],[-41.314676,-21.783012],[-41.314685,-21.782842],[-41.317087,-21.782853],[-41.318364,-21.78309],[-41.318459,-21.784246],[-41.319645,-21.784234]]},"properties":{"nome":"F1","tipo":"distribuicao","bairro":"PARQUE AURORA"}},{"type":"Feature","geometry":{"type":"LineString","coordinates":[[-41.337323,-21.786177],[-41.334976,-21.783279],[-41.327966,-21.783487],[-41.327017,-21.784398]]},"properties":{"nome":"F4","tipo":"distribuicao","bairro":"PARQUE AURORA"}},{"type":"Feature","geometry":{"type":"LineString","coordinates":[[-41.330051,-21.788943],[-41.328783,-21.786019],[-41.327963,-21.784946],[-41.327026,-21.784335]]},"properties":{"nome":"F5","tipo":"distribuicao","bairro":"PARQUE AURORA"}},{"type":"Feature","geometry":{"type":"LineString","coordinates":[[-41.331302,-21.785059],[-41.330751,-21.783946],[-41.328098,-21.783802],[-41.327077,-21.784321]]},"properties":{"nome":"F6","tipo":"distribuicao","bairro":"PARQUE AURORA"}},{"type":"Feature","geometry":{"type":"LineString","coordinates":[[-41.334362,-21.784672],[-41.333313,-21.783641],[-41.328073,-21.783634],[-41.327078,-21.784351]]},"properties":{"nome":"F7","tipo":"distribuicao","bairro":"PARQUE AURORA"}},{"type":"Feature","geometry":{"type":"LineString","coordinates":[[-41.33235,-21.782854],[-41.331033,-21.781889],[-41.327849,-21.783146],[-41.327057,-21.784342]]},"properties":{"nome":"F8","tipo":"distribuicao","bairro":"PARQUE AURORA"}},{"type":"Feature","geometry":{"type":"LineString","coordinates":[[-41.326716,-21.787904],[-41.325788,-21.786031],[-41.327051,-21.784276]]},"properties":{"nome":"F1","tipo":"distribuicao","bairro":"PARQUE AURORA"}},{"type":"Feature","geometry":{"type":"LineString","coordinates":[[-41.327675,-21.788886],[-41.32877,-21.787948],[-41.327783,-21.785177],[-41.327039,-21.784319]]},"properties":{"nome":"F2","tipo":"distribuicao","bairro":"PARQUE AURORA"}},{"type":"Feature","geometry":{"type":"LineString","coordinates":[[-41.327374,-21.785665],[-41.326731,-21.785133],[-41.327067,-21.784293]]},"properties":{"nome":"F3","tipo":"distribuicao","bairro":"PARQUE AURORA"}},{"type":"Feature","geometry":{"type":"LineString","coordinates":[[-41.325203,-21.794566],[-41.325741,-21.786478],[-41.327088,-21.784428]]},"properties":{"nome":"F1","tipo":"distribuicao","bairro":"PARQUE AURORA"}},{"type":"Feature","geometry":{"type":"LineString","coordinates":[[-41.322364,-21.790079],[-41.325078,-21.790995],[-41.325549,-21.786346],[-41.32705,-21.78444]]},"properties":{"nome":"F2","tipo":"distribuicao","bairro":"PARQUE AURORA"}},{"type":"Feature","geometry":{"type":"LineString","coordinates":[[-41.323874,-21.788881],[-41.325323,-21.786186],[-41.327124,-21.784358]]},"properties":{"nome":"F3","tipo":"distribuicao","bairro":"PARQUE AURORA"}},{"type":"Feature","geometry":{"type":"LineString","coordinates":[[-41.323404,-21.78668],[-41.325017,-21.786032],[-41.327118,-21.784341]]},"properties":{"nome":"F4","tipo":"distribuicao","bairro":"PARQUE AURORA"}},{"type":"Feature","geometry":{"type":"LineString","coordinates":[[-41.321186,-21.784893],[-41.323091,-21.783458],[-41.327093,-21.784387]]},"properties":{"nome":"F5","tipo":"distribuicao","bairro":"PARQUE AURORA"}},{"type":"Feature","geometry":{"type":"LineString","coordinates":[[-41.32527,-21.785083],[-41.325848,-21.784339],[-41.327131,-21.784433]]},"properties":{"nome":"F6","tipo":"distribuicao","bairro":"PARQUE AURORA"}},{"type":"Feature","geometry":{"type":"Point","coordinates":[-41.344784,-21.762841]},"properties":{"nome":"00376","tipo":"abertura","bairro":"PARQUE AURORA"}},{"type":"Feature","geometry":{"type":"Point","coordinates":[-41.344411,-21.76328]},"properties":{"nome":"00676","tipo":"abertura","bairro":"PARQUE AURORA"}},{"type":"Feature","geometry":{"type":"Point","coordinates":[-41.344423,-21.764213]},"properties":{"nome":"00976","tipo":"abertura","bairro":"PARQUE AURORA"}},{"type":"Feature","geometry":{"type":"Point","coordinates":[-41.341863,-21.765179]},"properties":{"nome":"01077","tipo":"abertura","bairro":"PARQUE AURORA"}},{"type":"Feature","geometry":{"type":"Point","coordinates":[-41.344118,-21.764578]},"properties":{"nome":"01276","tipo":"abertura","bairro":"PARQUE AURORA"}},{"type":"Feature","geometry":{"type":"Point","coordinates":[-41.343919,-21.764358]},"properties":{"nome":"01376","tipo":"abertura","bairro":"PARQUE AURORA"}},{"type":"Feature","geometry":{"type":"Point","coordinates":[-41.343261,-21.764597]},"properties":{"nome":"01676","tipo":"abertura","bairro":"PARQUE AURORA"}},{"type":"Feature","geometry":{"type":"Point","coordinates":[-41.342981,-21.765293]},"properties":{"nome":"02376","tipo":"abertura","bairro":"PARQUE AURORA"}},{"type":"Feature","geometry":{"type":"Point","coordinates":[-41.343626,-21.765351]},"properties":{"nome":"02675","tipo":"abertura","bairro":"PARQUE AURORA"}},{"type":"Feature","geometry":{"type":"Point","coordinates":[-41.343972,-21.765381]},"properties":{"nome":"02774","tipo":"abertura","bairro":"PARQUE AURORA"}},{"type":"Feature","geometry":{"type":"Point","coordinates":[-41.344626,-21.76546]},"properties":{"nome":"02973","tipo":"abertura","bairro":"PARQUE AURORA"}},{"type":"Feature","geometry":{"type":"Point","coordinates":[-41.345487,-21.765353]},"properties":{"nome":"03274","tipo":"abertura","bairro":"PARQUE AURORA"}},{"type":"Feature","geometry":{"type":"Point","coordinates":[-41.34572,-21.765265]},"properties":{"nome":"03374","tipo":"abertura","bairro":"PARQUE AURORA"}},{"type":"Feature","geometry":{"type":"Point","coordinates":[-41.345903,-21.765163]},"properties":{"nome":"03473","tipo":"abertura","bairro":"PARQUE AURORA"}},{"type":"Feature","geometry":{"type":"Point","coordinates":[-41.346112,-21.765]},"properties":{"nome":"03572","tipo":"abertura","bairro":"PARQUE AURORA"}},{"type":"Feature","geometry":{"type":"Point","coordinates":[-41.346245,-21.764839]},"properties":{"nome":"03670","tipo":"abertura","bairro":"PARQUE AURORA"}},{"type":"Feature","geometry":{"type":"Point","coordinates":[-41.34671,-21.765532]},"properties":{"nome":"04169","tipo":"abertura","bairro":"PARQUE AURORA"}},{"type":"Feature","geometry":{"type":"Point","coordinates":[-41.347075,-21.766241]},"properties":{"nome":"04369","tipo":"ponto","bairro":"PARQUE AURORA"}},{"type":"Feature","geometry":{"type":"Point","coordinates":[-41.347214,-21.766377]},"properties":{"nome":"04469","tipo":"abertura","bairro":"PARQUE AURORA"}},{"type":"Feature","geometry":{"type":"Point","coordinates":[-41.348077,-21.766954]},"properties":{"nome":"04769","tipo":"abertura","bairro":"PARQUE AURORA"}},{"type":"Feature","geometry":{"type":"Point","coordinates":[-41.348324,-21.767085]},"properties":{"nome":"04869","tipo":"abertura","bairro":"PARQUE AURORA"}},{"type":"Feature","geometry":{"type":"Point","coordinates":[-41.348547,-21.767198]},"properties":{"nome":"05069","tipo":"abertura","bairro":"PARQUE AURORA"}},{"type":"Feature","geometry":{"type":"Point","coordinates":[-41.348831,-21.767346]},"properties":{"nome":"05169","tipo":"abertura","bairro":"PARQUE AURORA"}},{"type":"Feature","geometry":{"type":"Point","coordinates":[-41.348897,-21.76738]},"properties":{"nome":"05269","tipo":"abertura","bairro":"PARQUE AURORA"}},{"type":"Feature","geometry":{"type":"Point","coordinates":[-41.352036,-21.804704]},"properties":{"nome":"00568","tipo":"abertura","bairro":"PARQUE AURORA"}},{"type":"Feature","geometry":{"type":"Point","coordinates":[-41.352313,-21.804517]},"properties":{"nome":"00668","tipo":"abertura","bairro":"PARQUE AURORA"}},{"type":"Feature","geometry":{"type":"Point","coordinates":[-41.352591,-21.804331]},"properties":{"nome":"00768","tipo":"abertura","bairro":"PARQUE AURORA"}},{"type":"Feature","geometry":{"type":"Point","coordinates":[-41.353575,-21.803682]},"properties":{"nome":"01468","tipo":"abertura","bairro":"PARQUE AURORA"}},{"type":"Feature","geometry":{"type":"Point","coordinates":[-41.353853,-21.803493]},"properties":{"nome":"01568","tipo":"abertura","bairro":"PARQUE AURORA"}},{"type":"Feature","geometry":{"type":"Point","coordinates":[-41.354137,-21.803313]},"properties":{"nome":"01668","tipo":"abertura","bairro":"PARQUE AURORA"}},{"type":"Feature","geometry":{"type":"Point","coordinates":[-41.354431,-21.80371]},"properties":{"nome":"02468","tipo":"abertura","bairro":"PARQUE AURORA"}},{"type":"Feature","geometry":{"type":"Point","coordinates":[-41.354155,-21.80389]},"properties":{"nome":"02567","tipo":"abertura","bairro":"PARQUE AURORA"}},{"type":"Feature","geometry":{"type":"Point","coordinates":[-41.353875,-21.804077]},"properties":{"nome":"02667","tipo":"abertura","bairro":"PARQUE AURORA"}},{"type":"Feature","geometry":{"type":"Point","coordinates":[-41.353061,-21.80462]},"properties":{"nome":"03066","tipo":"abertura","bairro":"PARQUE AURORA"}},{"type":"Feature","geometry":{"type":"Point","coordinates":[-41.352618,-21.804917]},"properties":{"nome":"03266","tipo":"abertura","bairro":"PARQUE AURORA"}},{"type":"Feature","geometry":{"type":"Point","coordinates":[-41.351801,-21.806085]},"properties":{"nome":"04062","tipo":"abertura","bairro":"PARQUE AURORA"}},{"type":"Feature","geometry":{"type":"Point","coordinates":[-41.352094,-21.80586]},"properties":{"nome":"04162","tipo":"abertura","bairro":"PARQUE AURORA"}},{"type":"Feature","geometry":{"type":"Point","coordinates":[-41.353363,-21.805019]},"properties":{"nome":"04862","tipo":"abertura","bairro":"PARQUE AURORA"}},{"type":"Feature","geometry":{"type":"Point","coordinates":[-41.354183,-21.804477]},"properties":{"nome":"05362","tipo":"abertura","bairro":"PARQUE AURORA"}},{"type":"Feature","geometry":{"type":"Point","coordinates":[-41.354459,-21.804291]},"properties":{"nome":"05462","tipo":"abertura","bairro":"PARQUE AURORA"}},{"type":"Feature","geometry":{"type":"Point","coordinates":[-41.354739,-21.804103]},"properties":{"nome":"05562","tipo":"abertura","bairro":"PARQUE AURORA"}},{"type":"Feature","geometry":{"type":"Point","coordinates":[-41.354862,-21.803668]},"properties":{"nome":"05962","tipo":"ponto","bairro":"PARQUE AURORA"}},{"type":"Feature","geometry":{"type":"Point","coordinates":[-41.355267,-21.804186]},"properties":{"nome":"06062","tipo":"abertura","bairro":"PARQUE AURORA"}},{"type":"Feature","geometry":{"type":"Point","coordinates":[-41.355255,-21.804247]},"properties":{"nome":"06160","tipo":"abertura","bairro":"PARQUE AURORA"}},{"type":"Feature","geometry":{"type":"Point","coordinates":[-41.354979,-21.804432]},"properties":{"nome":"06260","tipo":"abertura","bairro":"PARQUE AURORA"}},{"type":"Feature","geometry":{"type":"Point","coordinates":[-41.354703,-21.804614]},"properties":{"nome":"06360","tipo":"abertura","bairro":"PARQUE AURORA"}},{"type":"Feature","geometry":{"type":"Point","coordinates":[-41.354423,-21.804799]},"properties":{"nome":"06460","tipo":"abertura","bairro":"PARQUE AURORA"}},{"type":"Feature","geometry":{"type":"Point","coordinates":[-41.353897,-21.805107]},"properties":{"nome":"06660","tipo":"abertura","bairro":"PARQUE AURORA"}},{"type":"Feature","geometry":{"type":"Point","coordinates":[-41.353438,-21.805455]},"properties":{"nome":"06959","tipo":"abertura","bairro":"PARQUE AURORA"}},{"type":"Feature","geometry":{"type":"Point","coordinates":[-41.353156,-21.805638]},"properties":{"nome":"07060","tipo":"abertura","bairro":"PARQUE AURORA"}},{"type":"Feature","geometry":{"type":"Point","coordinates":[-41.352624,-21.805932]},"properties":{"nome":"07359","tipo":"ponto","bairro":"PARQUE AURORA"}},{"type":"Feature","geometry":{"type":"Point","coordinates":[-41.352345,-21.806183]},"properties":{"nome":"07459","tipo":"abertura","bairro":"PARQUE AURORA"}},{"type":"Feature","geometry":{"type":"Point","coordinates":[-41.352071,-21.806364]},"properties":{"nome":"07558","tipo":"abertura","bairro":"PARQUE AURORA"}},{"type":"Feature","geometry":{"type":"Point","coordinates":[-41.351789,-21.806548]},"properties":{"nome":"07658","tipo":"ponto","bairro":"PARQUE AURORA"}},{"type":"Feature","geometry":{"type":"Point","coordinates":[-41.351707,-21.806507]},"properties":{"nome":"07758","tipo":"ponto","bairro":"PARQUE AURORA"}},{"type":"Feature","geometry":{"type":"Point","coordinates":[-41.351776,-21.806285]},"properties":{"nome":"07858","tipo":"abertura","bairro":"PARQUE AURORA"}},{"type":"Feature","geometry":{"type":"Point","coordinates":[-41.329801,-21.764944]},"properties":{"nome":"003114","tipo":"abertura","bairro":"PARQUE AURORA"}},{"type":"Feature","geometry":{"type":"Point","coordinates":[-41.3301,-21.764853]},"properties":{"nome":"004114","tipo":"abertura","bairro":"PARQUE AURORA"}},{"type":"Feature","geometry":{"type":"Point","coordinates":[-41.330312,-21.764787]},"properties":{"nome":"005114","tipo":"abertura","bairro":"PARQUE AURORA"}},{"type":"Feature","geometry":{"type":"Point","coordinates":[-41.330493,-21.764733]},"properties":{"nome":"006114","tipo":"abertura","bairro":"PARQUE AURORA"}},{"type":"Feature","geometry":{"type":"Point","coordinates":[-41.33357,-21.763792]},"properties":{"nome":"017114","tipo":"abertura","bairro":"PARQUE AURORA"}},{"type":"Feature","geometry":{"type":"Point","coordinates":[-41.333973,-21.763446]},"properties":{"nome":"021114","tipo":"abertura","bairro":"PARQUE AURORA"}},{"type":"Feature","geometry":{"type":"Point","coordinates":[-41.333869,-21.763156]},"properties":{"nome":"023115","tipo":"abertura","bairro":"PARQUE AURORA"}},{"type":"Feature","geometry":{"type":"Point","coordinates":[-41.331628,-21.774445]},"properties":{"nome":"2788","tipo":"abertura","bairro":"PARQUE AURORA"}},{"type":"Feature","geometry":{"type":"Point","coordinates":[-41.329835,-21.775082]},"properties":{"nome":"2828","tipo":"abertura","bairro":"PARQUE AURORA"}},{"type":"Feature","geometry":{"type":"Point","coordinates":[-41.329418,-21.774999]},"properties":{"nome":"3877","tipo":"abertura","bairro":"PARQUE AURORA"}},{"type":"Feature","geometry":{"type":"Point","coordinates":[-41.329671,-21.775631]},"properties":{"nome":"3897","tipo":"abertura","bairro":"PARQUE AURORA"}},{"type":"Feature","geometry":{"type":"Point","coordinates":[-41.351368,-21.765052]},"properties":{"nome":"01856","tipo":"abertura","bairro":"PARQUE AURORA"}},{"type":"Feature","geometry":{"type":"Point","coordinates":[-41.350341,-21.765767]},"properties":{"nome":"02456","tipo":"abertura","bairro":"PARQUE AURORA"}},{"type":"Feature","geometry":{"type":"Point","coordinates":[-41.352604,-21.765582]},"properties":{"nome":"03953","tipo":"abertura","bairro":"PARQUE AURORA"}},{"type":"Feature","geometry":{"type":"Point","coordinates":[-41.352186,-21.766728]},"properties":{"nome":"04653","tipo":"abertura","bairro":"PARQUE AURORA"}},{"type":"Feature","geometry":{"type":"Point","coordinates":[-41.353201,-21.765901]},"properties":{"nome":"05253","tipo":"abertura","bairro":"PARQUE AURORA"}},{"type":"Feature","geometry":{"type":"Point","coordinates":[-41.353775,-21.766226]},"properties":{"nome":"05953","tipo":"abertura","bairro":"PARQUE AURORA"}},{"type":"Feature","geometry":{"type":"Point","coordinates":[-41.353605,-21.766497]},"properties":{"nome":"06053","tipo":"abertura","bairro":"PARQUE AURORA"}},{"type":"Feature","geometry":{"type":"Point","coordinates":[-41.349229,-21.765914]},"properties":{"nome":"08050","tipo":"abertura","bairro":"PARQUE AURORA"}},{"type":"Feature","geometry":{"type":"Point","coordinates":[-41.349816,-21.766225]},"properties":{"nome":"08349","tipo":"abertura","bairro":"PARQUE AURORA"}},{"type":"Feature","geometry":{"type":"Point","coordinates":[-41.350325,-21.766491]},"properties":{"nome":"08748","tipo":"abertura","bairro":"PARQUE AURORA"}},{"type":"Feature","geometry":{"type":"Point","coordinates":[-41.35472,-21.802219]},"properties":{"nome":"00338","tipo":"ponto","bairro":"PARQUE AURORA"}},{"type":"Feature","geometry":{"type":"Point","coordinates":[-41.35493,-21.802068]},"properties":{"nome":"00439","tipo":"ponto","bairro":"PARQUE AURORA"}},{"type":"Feature","geometry":{"type":"Point","coordinates":[-41.355208,-21.801893]},"properties":{"nome":"00538","tipo":"ponto","bairro":"PARQUE AURORA"}},{"type":"Feature","geometry":{"type":"Point","coordinates":[-41.355441,-21.801748]},"properties":{"nome":"00638","tipo":"ponto","bairro":"PARQUE AURORA"}},{"type":"Feature","geometry":{"type":"Point","coordinates":[-41.35545,-21.801678]},"properties":{"nome":"00738","tipo":"ponto","bairro":"PARQUE AURORA"}},{"type":"Feature","geometry":{"type":"Point","coordinates":[-41.355368,-21.801572]},"properties":{"nome":"00838","tipo":"ponto","bairro":"PARQUE AURORA"}},{"type":"Feature","geometry":{"type":"Point","coordinates":[-41.355091,-21.80147]},"properties":{"nome":"01038","tipo":"ponto","bairro":"PARQUE AURORA"}},{"type":"Feature","geometry":{"type":"Point","coordinates":[-41.354918,-21.801602]},"properties":{"nome":"01138","tipo":"ponto","bairro":"PARQUE AURORA"}},{"type":"Feature","geometry":{"type":"Point","coordinates":[-41.354638,-21.801793]},"properties":{"nome":"01237","tipo":"ponto","bairro":"PARQUE AURORA"}},{"type":"Feature","geometry":{"type":"Point","coordinates":[-41.354376,-21.801977]},"properties":{"nome":"01336","tipo":"ponto","bairro":"PARQUE AURORA"}},{"type":"Feature","geometry":{"type":"Point","coordinates":[-41.354687,-21.801292]},"properties":{"nome":"01637","tipo":"ponto","bairro":"PARQUE AURORA"}},{"type":"Feature","geometry":{"type":"Point","coordinates":[-41.354559,-21.801261]},"properties":{"nome":"01837","tipo":"ponto","bairro":"PARQUE AURORA"}},{"type":"Feature","geometry":{"type":"Point","coordinates":[-41.354354,-21.801386]},"properties":{"nome":"01937","tipo":"ponto","bairro":"PARQUE AURORA"}},{"type":"Feature","geometry":{"type":"Point","coordinates":[-41.354045,-21.801579]},"properties":{"nome":"02037","tipo":"ponto","bairro":"PARQUE AURORA"}},{"type":"Feature","geometry":{"type":"Point","coordinates":[-41.353768,-21.801173]},"properties":{"nome":"02037","tipo":"ponto","bairro":"PARQUE AURORA"}},{"type":"Feature","geometry":{"type":"Point","coordinates":[-41.354224,-21.801117]},"properties":{"nome":"02338","tipo":"ponto","bairro":"PARQUE AURORA"}},{"type":"Feature","geometry":{"type":"Point","coordinates":[-41.353992,-21.801055]},"properties":{"nome":"02538","tipo":"ponto","bairro":"PARQUE AURORA"}},{"type":"Feature","geometry":{"type":"Point","coordinates":[-41.353623,-21.800884]},"properties":{"nome":"02937","tipo":"ponto","bairro":"PARQUE AURORA"}},{"type":"Feature","geometry":{"type":"Point","coordinates":[-41.353434,-21.800817]},"properties":{"nome":"03037","tipo":"ponto","bairro":"PARQUE AURORA"}},{"type":"Feature","geometry":{"type":"Point","coordinates":[-41.353399,-21.800829]},"properties":{"nome":"03137","tipo":"ponto","bairro":"PARQUE AURORA"}},{"type":"Feature","geometry":{"type":"Point","coordinates":[-41.351825,-21.802466]},"properties":{"nome":"0631","tipo":"ponto","bairro":"PARQUE AURORA"}},{"type":"Feature","geometry":{"type":"Point","coordinates":[-41.349987,-21.803071]},"properties":{"nome":"0032","tipo":"ponto","bairro":"PARQUE AURORA"}},{"type":"Feature","geometry":{"type":"Point","coordinates":[-41.349893,-21.802634]},"properties":{"nome":"0062","tipo":"ponto","bairro":"PARQUE AURORA"}},{"type":"Feature","geometry":{"type":"Point","coordinates":[-41.349675,-21.802399]},"properties":{"nome":"0072","tipo":"ponto","bairro":"PARQUE AURORA"}},{"type":"Feature","geometry":{"type":"Point","coordinates":[-41.349787,-21.802287]},"properties":{"nome":"0082","tipo":"ponto","bairro":"PARQUE AURORA"}},{"type":"Feature","geometry":{"type":"Point","coordinates":[-41.350019,-21.802119]},"properties":{"nome":"0092","tipo":"ponto","bairro":"PARQUE AURORA"}},{"type":"Feature","geometry":{"type":"Point","coordinates":[-41.3501,-21.802125]},"properties":{"nome":"0102","tipo":"ponto","bairro":"PARQUE AURORA"}},{"type":"Feature","geometry":{"type":"Point","coordinates":[-41.350342,-21.802415]},"properties":{"nome":"0122","tipo":"ponto","bairro":"PARQUE AURORA"}},{"type":"Feature","geometry":{"type":"Point","coordinates":[-41.35067,-21.802019]},"properties":{"nome":"0152","tipo":"ponto","bairro":"PARQUE AURORA"}},{"type":"Feature","geometry":{"type":"Point","coordinates":[-41.350945,-21.801868]},"properties":{"nome":"0162","tipo":"ponto","bairro":"PARQUE AURORA"}},{"type":"Feature","geometry":{"type":"Point","coordinates":[-41.351259,-21.801651]},"properties":{"nome":"0182","tipo":"ponto","bairro":"PARQUE AURORA"}},{"type":"Feature","geometry":{"type":"Point","coordinates":[-41.35133,-21.801761]},"properties":{"nome":"0192","tipo":"ponto","bairro":"PARQUE AURORA"}},{"type":"Feature","geometry":{"type":"Point","coordinates":[-41.351733,-21.801316]},"properties":{"nome":"0222","tipo":"ponto","bairro":"PARQUE AURORA"}},{"type":"Feature","geometry":{"type":"Point","coordinates":[-41.35199,-21.801134]},"properties":{"nome":"0232","tipo":"ponto","bairro":"PARQUE AURORA"}},{"type":"Feature","geometry":{"type":"Point","coordinates":[-41.352291,-21.800954]},"properties":{"nome":"0242","tipo":"ponto","bairro":"PARQUE AURORA"}},{"type":"Feature","geometry":{"type":"Point","coordinates":[-41.352568,-21.800737]},"properties":{"nome":"0252","tipo":"ponto","bairro":"PARQUE AURORA"}},{"type":"Feature","geometry":{"type":"Point","coordinates":[-41.35262,-21.800749]},"properties":{"nome":"0262","tipo":"ponto","bairro":"PARQUE AURORA"}},{"type":"Feature","geometry":{"type":"Point","coordinates":[-41.35272,-21.80086]},"properties":{"nome":"0272","tipo":"ponto","bairro":"PARQUE AURORA"}},{"type":"Feature","geometry":{"type":"Point","coordinates":[-41.352678,-21.801275]},"properties":{"nome":"0301","tipo":"ponto","bairro":"PARQUE AURORA"}},{"type":"Feature","geometry":{"type":"Point","coordinates":[-41.352482,-21.801412]},"properties":{"nome":"0311","tipo":"ponto","bairro":"PARQUE AURORA"}},{"type":"Feature","geometry":{"type":"Point","coordinates":[-41.352162,-21.801626]},"properties":{"nome":"0331","tipo":"ponto","bairro":"PARQUE AURORA"}},{"type":"Feature","geometry":{"type":"Point","coordinates":[-41.351943,-21.801779]},"properties":{"nome":"0341","tipo":"ponto","bairro":"PARQUE AURORA"}},{"type":"Feature","geometry":{"type":"Point","coordinates":[-41.351544,-21.802047]},"properties":{"nome":"0371","tipo":"ponto","bairro":"PARQUE AURORA"}},{"type":"Feature","geometry":{"type":"Point","coordinates":[-41.351625,-21.802163]},"properties":{"nome":"0381","tipo":"ponto","bairro":"PARQUE AURORA"}},{"type":"Feature","geometry":{"type":"Point","coordinates":[-41.35126,-21.802195]},"properties":{"nome":"0401","tipo":"ponto","bairro":"PARQUE AURORA"}},{"type":"Feature","geometry":{"type":"Point","coordinates":[-41.350972,-21.802378]},"properties":{"nome":"0411","tipo":"ponto","bairro":"PARQUE AURORA"}},{"type":"Feature","geometry":{"type":"Point","coordinates":[-41.350647,-21.802846]},"properties":{"nome":"0461","tipo":"ponto","bairro":"PARQUE AURORA"}},{"type":"Feature","geometry":{"type":"Point","coordinates":[-41.349757,-21.803284]},"properties":{"nome":"0481","tipo":"ponto","bairro":"PARQUE AURORA"}},{"type":"Feature","geometry":{"type":"Point","coordinates":[-41.349848,-21.803403]},"properties":{"nome":"0491","tipo":"ponto","bairro":"PARQUE AURORA"}},{"type":"Feature","geometry":{"type":"Point","coordinates":[-41.350153,-21.803539]},"properties":{"nome":"0501","tipo":"ponto","bairro":"PARQUE AURORA"}},{"type":"Feature","geometry":{"type":"Point","coordinates":[-41.350262,-21.803487]},"properties":{"nome":"0511","tipo":"ponto","bairro":"PARQUE AURORA"}},{"type":"Feature","geometry":{"type":"Point","coordinates":[-41.350483,-21.803339]},"properties":{"nome":"0521","tipo":"ponto","bairro":"PARQUE AURORA"}},{"type":"Feature","geometry":{"type":"Point","coordinates":[-41.350686,-21.803211]},"properties":{"nome":"0531","tipo":"ponto","bairro":"PARQUE AURORA"}},{"type":"Feature","geometry":{"type":"Point","coordinates":[-41.350938,-21.803237]},"properties":{"nome":"0561","tipo":"ponto","bairro":"PARQUE AURORA"}},{"type":"Feature","geometry":{"type":"Point","coordinates":[-41.351375,-21.802722]},"properties":{"nome":"0601","tipo":"ponto","bairro":"PARQUE AURORA"}},{"type":"Feature","geometry":{"type":"Point","coordinates":[-41.351617,-21.802561]},"properties":{"nome":"0611","tipo":"ponto","bairro":"PARQUE AURORA"}},{"type":"Feature","geometry":{"type":"Point","coordinates":[-41.351929,-21.80261]},"properties":{"nome":"0641","tipo":"ponto","bairro":"PARQUE AURORA"}},{"type":"Feature","geometry":{"type":"Point","coordinates":[-41.352277,-21.802122]},"properties":{"nome":"0671","tipo":"ponto","bairro":"PARQUE AURORA"}},{"type":"Feature","geometry":{"type":"Point","coordinates":[-41.352542,-21.801948]},"properties":{"nome":"0681","tipo":"ponto","bairro":"PARQUE AURORA"}},{"type":"Feature","geometry":{"type":"Point","coordinates":[-41.352802,-21.801771]},"properties":{"nome":"0691","tipo":"ponto","bairro":"PARQUE AURORA"}},{"type":"Feature","geometry":{"type":"Point","coordinates":[-41.353227,-21.801542]},"properties":{"nome":"0721","tipo":"ponto","bairro":"PARQUE AURORA"}},{"type":"Feature","geometry":{"type":"Point","coordinates":[-41.353321,-21.801672]},"properties":{"nome":"0731","tipo":"ponto","bairro":"PARQUE AURORA"}},{"type":"Feature","geometry":{"type":"Point","coordinates":[-41.353528,-21.801947]},"properties":{"nome":"0761","tipo":"ponto","bairro":"PARQUE AURORA"}},{"type":"Feature","geometry":{"type":"Point","coordinates":[-41.353617,-21.80208]},"properties":{"nome":"0771","tipo":"ponto","bairro":"PARQUE AURORA"}},{"type":"Feature","geometry":{"type":"Point","coordinates":[-41.353115,-21.802177]},"properties":{"nome":"0801","tipo":"ponto","bairro":"PARQUE AURORA"}},{"type":"Feature","geometry":{"type":"Point","coordinates":[-41.352852,-21.802345]},"properties":{"nome":"0811","tipo":"ponto","bairro":"PARQUE AURORA"}},{"type":"Feature","geometry":{"type":"Point","coordinates":[-41.352548,-21.80253]},"properties":{"nome":"0821","tipo":"ponto","bairro":"PARQUE AURORA"}},{"type":"Feature","geometry":{"type":"Point","coordinates":[-41.352139,-21.802861]},"properties":{"nome":"0851","tipo":"ponto","bairro":"PARQUE AURORA"}},{"type":"Feature","geometry":{"type":"Point","coordinates":[-41.352254,-21.802978]},"properties":{"nome":"0861","tipo":"ponto","bairro":"PARQUE AURORA"}},{"type":"Feature","geometry":{"type":"Point","coordinates":[-41.351932,-21.802976]},"properties":{"nome":"0881","tipo":"ponto","bairro":"PARQUE AURORA"}},{"type":"Feature","geometry":{"type":"Point","coordinates":[-41.351697,-21.803145]},"properties":{"nome":"0891","tipo":"ponto","bairro":"PARQUE AURORA"}},{"type":"Feature","geometry":{"type":"Point","coordinates":[-41.351489,-21.803275]},"properties":{"nome":"0901","tipo":"ponto","bairro":"PARQUE AURORA"}},{"type":"Feature","geometry":{"type":"Point","coordinates":[-41.350916,-21.803636]},"properties":{"nome":"0961","tipo":"ponto","bairro":"PARQUE AURORA"}},{"type":"Feature","geometry":{"type":"Point","coordinates":[-41.350806,-21.803714]},"properties":{"nome":"0971","tipo":"ponto","bairro":"PARQUE AURORA"}},{"type":"Feature","geometry":{"type":"Point","coordinates":[-41.35068,-21.803797]},"properties":{"nome":"0981","tipo":"ponto","bairro":"PARQUE AURORA"}},{"type":"Feature","geometry":{"type":"Point","coordinates":[-41.351103,-21.804115]},"properties":{"nome":"0991","tipo":"ponto","bairro":"PARQUE AURORA"}},{"type":"Feature","geometry":{"type":"Point","coordinates":[-41.35119,-21.804044]},"properties":{"nome":"1001","tipo":"ponto","bairro":"PARQUE AURORA"}},{"type":"Feature","geometry":{"type":"Point","coordinates":[-41.351424,-21.803899]},"properties":{"nome":"1011","tipo":"ponto","bairro":"PARQUE AURORA"}},{"type":"Feature","geometry":{"type":"Point","coordinates":[-41.351692,-21.803731]},"properties":{"nome":"1031","tipo":"ponto","bairro":"PARQUE AURORA"}},{"type":"Feature","geometry":{"type":"Point","coordinates":[-41.351991,-21.803533]},"properties":{"nome":"1041","tipo":"ponto","bairro":"PARQUE AURORA"}},{"type":"Feature","geometry":{"type":"Point","coordinates":[-41.352266,-21.803354]},"properties":{"nome":"1051","tipo":"ponto","bairro":"PARQUE AURORA"}},{"type":"Feature","geometry":{"type":"Point","coordinates":[-41.352463,-21.803266]},"properties":{"nome":"1071","tipo":"ponto","bairro":"PARQUE AURORA"}},{"type":"Feature","geometry":{"type":"Point","coordinates":[-41.352554,-21.803388]},"properties":{"nome":"1081","tipo":"ponto","bairro":"PARQUE AURORA"}},{"type":"Feature","geometry":{"type":"Point","coordinates":[-41.352892,-21.802932]},"properties":{"nome":"1111","tipo":"ponto","bairro":"PARQUE AURORA"}},{"type":"Feature","geometry":{"type":"Point","coordinates":[-41.353177,-21.802743]},"properties":{"nome":"1121","tipo":"ponto","bairro":"PARQUE AURORA"}},{"type":"Feature","geometry":{"type":"Point","coordinates":[-41.353446,-21.802566]},"properties":{"nome":"1131","tipo":"ponto","bairro":"PARQUE AURORA"}},{"type":"Feature","geometry":{"type":"Point","coordinates":[-41.353842,-21.802354]},"properties":{"nome":"1161","tipo":"ponto","bairro":"PARQUE AURORA"}},{"type":"Feature","geometry":{"type":"Point","coordinates":[-41.353926,-21.802456]},"properties":{"nome":"1171","tipo":"ponto","bairro":"PARQUE AURORA"}},{"type":"Feature","geometry":{"type":"Point","coordinates":[-41.354001,-21.802604]},"properties":{"nome":"1181","tipo":"ponto","bairro":"PARQUE AURORA"}},{"type":"Feature","geometry":{"type":"Point","coordinates":[-41.353665,-21.80288]},"properties":{"nome":"1201","tipo":"ponto","bairro":"PARQUE AURORA"}},{"type":"Feature","geometry":{"type":"Point","coordinates":[-41.353385,-21.803081]},"properties":{"nome":"1211","tipo":"ponto","bairro":"PARQUE AURORA"}},{"type":"Feature","geometry":{"type":"Point","coordinates":[-41.353113,-21.803242]},"properties":{"nome":"1221","tipo":"ponto","bairro":"PARQUE AURORA"}},{"type":"Feature","geometry":{"type":"Point","coordinates":[-41.352166,-21.803898]},"properties":{"nome":"1261","tipo":"ponto","bairro":"PARQUE AURORA"}},{"type":"Feature","geometry":{"type":"Point","coordinates":[-41.351901,-21.804059]},"properties":{"nome":"1271","tipo":"ponto","bairro":"PARQUE AURORA"}},{"type":"Feature","geometry":{"type":"Point","coordinates":[-41.351661,-21.804229]},"properties":{"nome":"1281","tipo":"ponto","bairro":"PARQUE AURORA"}},{"type":"Feature","geometry":{"type":"Point","coordinates":[-41.348875,-21.80313]},"properties":{"nome":"1331","tipo":"ponto","bairro":"PARQUE AURORA"}},{"type":"Feature","geometry":{"type":"Point","coordinates":[-41.34851,-21.803132]},"properties":{"nome":"1341","tipo":"ponto","bairro":"PARQUE AURORA"}},{"type":"Feature","geometry":{"type":"Point","coordinates":[-41.348282,-21.803067]},"properties":{"nome":"1351","tipo":"ponto","bairro":"PARQUE AURORA"}},{"type":"Feature","geometry":{"type":"Point","coordinates":[-41.34809,-21.802981]},"properties":{"nome":"1361","tipo":"ponto","bairro":"PARQUE AURORA"}},{"type":"Feature","geometry":{"type":"Point","coordinates":[-41.347882,-21.802892]},"properties":{"nome":"1371","tipo":"ponto","bairro":"PARQUE AURORA"}},{"type":"Feature","geometry":{"type":"Point","coordinates":[-41.347557,-21.802758]},"properties":{"nome":"1391","tipo":"ponto","bairro":"PARQUE AURORA"}},{"type":"Feature","geometry":{"type":"Point","coordinates":[-41.347364,-21.802695]},"properties":{"nome":"1401","tipo":"ponto","bairro":"PARQUE AURORA"}},{"type":"Feature","geometry":{"type":"Point","coordinates":[-41.347199,-21.802625]},"properties":{"nome":"1411","tipo":"ponto","bairro":"PARQUE AURORA"}},{"type":"Feature","geometry":{"type":"Point","coordinates":[-41.347025,-21.80257]},"properties":{"nome":"1421","tipo":"ponto","bairro":"PARQUE AURORA"}},{"type":"Feature","geometry":{"type":"Point","coordinates":[-41.345202,-21.762683]},"properties":{"nome":"00176","tipo":"abertura","bairro":"PARQUE AURORA"}},{"type":"Feature","geometry":{"type":"Point","coordinates":[-41.345058,-21.762832]},"properties":{"nome":"00276","tipo":"abertura","bairro":"PARQUE AURORA"}},{"type":"Feature","geometry":{"type":"Point","coordinates":[-41.344412,-21.76272]},"properties":{"nome":"00476","tipo":"abertura","bairro":"PARQUE AURORA"}},{"type":"Feature","geometry":{"type":"Point","coordinates":[-41.344466,-21.76284]},"properties":{"nome":"00476","tipo":"abertura","bairro":"PARQUE AURORA"}},{"type":"Feature","geometry":{"type":"Point","coordinates":[-41.340597,-21.765057]},"properties":{"nome":"00477","tipo":"abertura","bairro":"PARQUE AURORA"}},{"type":"Feature","geometry":{"type":"Point","coordinates":[-41.339787,-21.764979]},"properties":{"nome":"00477","tipo":"abertura","bairro":"PARQUE AURORA"}},{"type":"Feature","geometry":{"type":"Point","coordinates":[-41.339398,-21.764939]},"properties":{"nome":"00477","tipo":"abertura","bairro":"PARQUE AURORA"}},{"type":"Feature","geometry":{"type":"Point","coordinates":[-41.340832,-21.765083]},"properties":{"nome":"00577","tipo":"abertura","bairro":"PARQUE AURORA"}},{"type":"Feature","geometry":{"type":"Point","coordinates":[-41.34441,-21.763561]},"properties":{"nome":"00776","tipo":"abertura","bairro":"PARQUE AURORA"}},{"type":"Feature","geometry":{"type":"Point","coordinates":[-41.341133,-21.765114]},"properties":{"nome":"00777","tipo":"abertura","bairro":"PARQUE AURORA"}},{"type":"Feature","geometry":{"type":"Point","coordinates":[-41.344413,-21.763899]},"properties":{"nome":"00876","tipo":"abertura","bairro":"PARQUE AURORA"}},{"type":"Feature","geometry":{"type":"Point","coordinates":[-41.341411,-21.76514]},"properties":{"nome":"00877","tipo":"abertura","bairro":"PARQUE AURORA"}},{"type":"Feature","geometry":{"type":"Point","coordinates":[-41.341674,-21.765163]},"properties":{"nome":"00977","tipo":"abertura","bairro":"PARQUE AURORA"}},{"type":"Feature","geometry":{"type":"Point","coordinates":[-41.344442,-21.764525]},"properties":{"nome":"01076","tipo":"abertura","bairro":"PARQUE AURORA"}},{"type":"Feature","geometry":{"type":"Point","coordinates":[-41.344358,-21.764794]},"properties":{"nome":"01176","tipo":"abertura","bairro":"PARQUE AURORA"}},{"type":"Feature","geometry":{"type":"Point","coordinates":[-41.34216,-21.76521]},"properties":{"nome":"01177","tipo":"abertura","bairro":"PARQUE AURORA"}},{"type":"Feature","geometry":{"type":"Point","coordinates":[-41.342449,-21.765236]},"properties":{"nome":"01277","tipo":"abertura","bairro":"PARQUE AURORA"}},{"type":"Feature","geometry":{"type":"Point","coordinates":[-41.342652,-21.765253]},"properties":{"nome":"01377","tipo":"abertura","bairro":"PARQUE AURORA"}},{"type":"Feature","geometry":{"type":"Point","coordinates":[-41.343866,-21.764344]},"properties":{"nome":"01476","tipo":"abertura","bairro":"PARQUE AURORA"}},{"type":"Feature","geometry":{"type":"Point","coordinates":[-41.342902,-21.764747]},"properties":{"nome":"01876","tipo":"abertura","bairro":"PARQUE AURORA"}},{"type":"Feature","geometry":{"type":"Point","coordinates":[-41.342575,-21.764919]},"properties":{"nome":"01976","tipo":"abertura","bairro":"PARQUE AURORA"}},{"type":"Feature","geometry":{"type":"Point","coordinates":[-41.342671,-21.765204]},"properties":{"nome":"02176","tipo":"abertura","bairro":"PARQUE AURORA"}},{"type":"Feature","geometry":{"type":"Point","coordinates":[-41.342795,-21.765275]},"properties":{"nome":"02276","tipo":"abertura","bairro":"PARQUE AURORA"}},{"type":"Feature","geometry":{"type":"Point","coordinates":[-41.344995,-21.765505]},"properties":{"nome":"03074","tipo":"abertura","bairro":"PARQUE AURORA"}},{"type":"Feature","geometry":{"type":"Point","coordinates":[-41.345257,-21.765409]},"properties":{"nome":"03174","tipo":"abertura","bairro":"PARQUE AURORA"}},{"type":"Feature","geometry":{"type":"Point","coordinates":[-41.346399,-21.76468]},"properties":{"nome":"03769","tipo":"abertura","bairro":"PARQUE AURORA"}},{"type":"Feature","geometry":{"type":"Point","coordinates":[-41.346776,-21.76479]},"properties":{"nome":"03869","tipo":"abertura","bairro":"PARQUE AURORA"}},{"type":"Feature","geometry":{"type":"Point","coordinates":[-41.347827,-21.766813]},"properties":{"nome":"04669","tipo":"abertura","bairro":"PARQUE AURORA"}},{"type":"Feature","geometry":{"type":"Point","coordinates":[-41.349347,-21.767617]},"properties":{"nome":"05369","tipo":"abertura","bairro":"PARQUE AURORA"}},{"type":"Feature","geometry":{"type":"Point","coordinates":[-41.349296,-21.767869]},"properties":{"nome":"05469","tipo":"abertura","bairro":"PARQUE AURORA"}},{"type":"Feature","geometry":{"type":"Point","coordinates":[-41.351476,-21.804533]},"properties":{"nome":"00168","tipo":"abertura","bairro":"PARQUE AURORA"}},{"type":"Feature","geometry":{"type":"Point","coordinates":[-41.351639,-21.804798]},"properties":{"nome":"00268","tipo":"abertura","bairro":"PARQUE AURORA"}},{"type":"Feature","geometry":{"type":"Point","coordinates":[-41.351712,-21.804964]},"properties":{"nome":"00368","tipo":"abertura","bairro":"PARQUE AURORA"}},{"type":"Feature","geometry":{"type":"Point","coordinates":[-41.35172,-21.804912]},"properties":{"nome":"00468","tipo":"abertura","bairro":"PARQUE AURORA"}},{"type":"Feature","geometry":{"type":"Point","coordinates":[-41.353028,-21.804037]},"properties":{"nome":"00968","tipo":"abertura","bairro":"PARQUE AURORA"}},{"type":"Feature","geometry":{"type":"Point","coordinates":[-41.352985,-21.803911]},"properties":{"nome":"01068","tipo":"ponto","bairro":"PARQUE AURORA"}},{"type":"Feature","geometry":{"type":"Point","coordinates":[-41.352801,-21.803668]},"properties":{"nome":"01168","tipo":"ponto","bairro":"PARQUE AURORA"}},{"type":"Feature","geometry":{"type":"Point","coordinates":[-41.353102,-21.804048]},"properties":{"nome":"01268","tipo":"abertura","bairro":"PARQUE AURORA"}},{"type":"Feature","geometry":{"type":"Point","coordinates":[-41.353298,-21.803863]},"properties":{"nome":"01368","tipo":"abertura","bairro":"PARQUE AURORA"}},{"type":"Feature","geometry":{"type":"Point","coordinates":[-41.354401,-21.803133]},"properties":{"nome":"01768","tipo":"abertura","bairro":"PARQUE AURORA"}},{"type":"Feature","geometry":{"type":"Point","coordinates":[-41.354436,-21.80295]},"properties":{"nome":"01868","tipo":"abertura","bairro":"PARQUE AURORA"}},{"type":"Feature","geometry":{"type":"Point","coordinates":[-41.354246,-21.802698]},"properties":{"nome":"01968","tipo":"abertura","bairro":"PARQUE AURORA"}},{"type":"Feature","geometry":{"type":"Point","coordinates":[-41.354475,-21.803139]},"properties":{"nome":"02068","tipo":"abertura","bairro":"PARQUE AURORA"}},{"type":"Feature","geometry":{"type":"Point","coordinates":[-41.354646,-21.803391]},"properties":{"nome":"02168","tipo":"ponto","bairro":"PARQUE AURORA"}},{"type":"Feature","geometry":{"type":"Point","coordinates":[-41.354781,-21.803535]},"properties":{"nome":"02268","tipo":"abertura","bairro":"PARQUE AURORA"}},{"type":"Feature","geometry":{"type":"Point","coordinates":[-41.35471,-21.803527]},"properties":{"nome":"02368","tipo":"abertura","bairro":"PARQUE AURORA"}},{"type":"Feature","geometry":{"type":"Point","coordinates":[-41.353606,-21.804261]},"properties":{"nome":"02766","tipo":"abertura","bairro":"PARQUE AURORA"}},{"type":"Feature","geometry":{"type":"Point","coordinates":[-41.353403,-21.804453]},"properties":{"nome":"02866","tipo":"abertura","bairro":"PARQUE AURORA"}},{"type":"Feature","geometry":{"type":"Point","coordinates":[-41.35333,-21.804434]},"properties":{"nome":"02965","tipo":"abertura","bairro":"PARQUE AURORA"}},{"type":"Feature","geometry":{"type":"Point","coordinates":[-41.353294,-21.804305]},"properties":{"nome":"02965","tipo":"abertura","bairro":"PARQUE AURORA"}},{"type":"Feature","geometry":{"type":"Point","coordinates":[-41.352337,-21.805098]},"properties":{"nome":"03366","tipo":"abertura","bairro":"PARQUE AURORA"}},{"type":"Feature","geometry":{"type":"Point","coordinates":[-41.352075,-21.805277]},"properties":{"nome":"03465","tipo":"abertura","bairro":"PARQUE AURORA"}},{"type":"Feature","geometry":{"type":"Point","coordinates":[-41.351847,-21.805422]},"properties":{"nome":"03564","tipo":"abertura","bairro":"PARQUE AURORA"}},{"type":"Feature","geometry":{"type":"Point","coordinates":[-41.351804,-21.805272]},"properties":{"nome":"03664","tipo":"abertura","bairro":"PARQUE AURORA"}},{"type":"Feature","geometry":{"type":"Point","coordinates":[-41.351835,-21.805465]},"properties":{"nome":"03762","tipo":"abertura","bairro":"PARQUE AURORA"}},{"type":"Feature","geometry":{"type":"Point","coordinates":[-41.351845,-21.805794]},"properties":{"nome":"03862","tipo":"abertura","bairro":"PARQUE AURORA"}},{"type":"Feature","geometry":{"type":"Point","coordinates":[-41.351837,-21.806032]},"properties":{"nome":"03962","tipo":"abertura","bairro":"PARQUE AURORA"}},{"type":"Feature","geometry":{"type":"Point","coordinates":[-41.352374,-21.805674]},"properties":{"nome":"04262","tipo":"abertura","bairro":"PARQUE AURORA"}},{"type":"Feature","geometry":{"type":"Point","coordinates":[-41.352338,-21.805546]},"properties":{"nome":"04362","tipo":"abertura","bairro":"PARQUE AURORA"}},{"type":"Feature","geometry":{"type":"Point","coordinates":[-41.352455,-21.805692]},"properties":{"nome":"04462","tipo":"abertura","bairro":"PARQUE AURORA"}},{"type":"Feature","geometry":{"type":"Point","coordinates":[-41.352638,-21.805499]},"properties":{"nome":"04562","tipo":"abertura","bairro":"PARQUE AURORA"}},{"type":"Feature","geometry":{"type":"Point","coordinates":[-41.352916,-21.805313]},"properties":{"nome":"04662","tipo":"abertura","bairro":"PARQUE AURORA"}},{"type":"Feature","geometry":{"type":"Point","coordinates":[-41.35364,-21.804833]},"properties":{"nome":"04962","tipo":"abertura","bairro":"PARQUE AURORA"}},{"type":"Feature","geometry":{"type":"Point","coordinates":[-41.353595,-21.804705]},"properties":{"nome":"05062","tipo":"abertura","bairro":"PARQUE AURORA"}},{"type":"Feature","geometry":{"type":"Point","coordinates":[-41.353708,-21.804847]},"properties":{"nome":"05162","tipo":"abertura","bairro":"PARQUE AURORA"}},{"type":"Feature","geometry":{"type":"Point","coordinates":[-41.353907,-21.804661]},"properties":{"nome":"05262","tipo":"abertura","bairro":"PARQUE AURORA"}},{"type":"Feature","geometry":{"type":"Point","coordinates":[-41.355009,-21.803923]},"properties":{"nome":"05662","tipo":"abertura","bairro":"PARQUE AURORA"}},{"type":"Feature","geometry":{"type":"Point","coordinates":[-41.355082,-21.803933]},"properties":{"nome":"05762","tipo":"abertura","bairro":"PARQUE AURORA"}},{"type":"Feature","geometry":{"type":"Point","coordinates":[-41.354972,-21.803793]},"properties":{"nome":"05862","tipo":"abertura","bairro":"PARQUE AURORA"}},{"type":"Feature","geometry":{"type":"Point","coordinates":[-41.354146,-21.804982]},"properties":{"nome":"06560","tipo":"abertura","bairro":"PARQUE AURORA"}},{"type":"Feature","geometry":{"type":"Point","coordinates":[-41.353882,-21.805166]},"properties":{"nome":"06760","tipo":"abertura","bairro":"PARQUE AURORA"}},{"type":"Feature","geometry":{"type":"Point","coordinates":[-41.352867,-21.805821]},"properties":{"nome":"07159","tipo":"ponto","bairro":"PARQUE AURORA"}},{"type":"Feature","geometry":{"type":"Point","coordinates":[-41.352622,-21.806001]},"properties":{"nome":"07259","tipo":"abertura","bairro":"PARQUE AURORA"}},{"type":"Feature","geometry":{"type":"Point","coordinates":[-41.329685,-21.764976]},"properties":{"nome":"002114","tipo":"abertura","bairro":"PARQUE AURORA"}},{"type":"Feature","geometry":{"type":"Point","coordinates":[-41.330764,-21.76465]},"properties":{"nome":"007114","tipo":"abertura","bairro":"PARQUE AURORA"}},{"type":"Feature","geometry":{"type":"Point","coordinates":[-41.331109,-21.764546]},"properties":{"nome":"008114","tipo":"abertura","bairro":"PARQUE AURORA"}},{"type":"Feature","geometry":{"type":"Point","coordinates":[-41.331364,-21.764462]},"properties":{"nome":"009114","tipo":"abertura","bairro":"PARQUE AURORA"}},{"type":"Feature","geometry":{"type":"Point","coordinates":[-41.331889,-21.764293]},"properties":{"nome":"011114","tipo":"abertura","bairro":"PARQUE AURORA"}},{"type":"Feature","geometry":{"type":"Point","coordinates":[-41.332232,-21.764199]},"properties":{"nome":"013114","tipo":"abertura","bairro":"PARQUE AURORA"}},{"type":"Feature","geometry":{"type":"Point","coordinates":[-41.332625,-21.764079]},"properties":{"nome":"014114","tipo":"abertura","bairro":"PARQUE AURORA"}},{"type":"Feature","geometry":{"type":"Point","coordinates":[-41.333376,-21.763851]},"properties":{"nome":"016114","tipo":"abertura","bairro":"PARQUE AURORA"}},{"type":"Feature","geometry":{"type":"Point","coordinates":[-41.333759,-21.763735]},"properties":{"nome":"018114","tipo":"abertura","bairro":"PARQUE AURORA"}},{"type":"Feature","geometry":{"type":"Point","coordinates":[-41.334146,-21.763612]},"properties":{"nome":"019114","tipo":"abertura","bairro":"PARQUE AURORA"}},{"type":"Feature","geometry":{"type":"Point","coordinates":[-41.33403,-21.763603]},"properties":{"nome":"020114","tipo":"ponto","bairro":"PARQUE AURORA"}},{"type":"Feature","geometry":{"type":"Point","coordinates":[-41.329587,-21.764946]},"properties":{"nome":"001114","tipo":"abertura","bairro":"PARQUE AURORA"}},{"type":"Feature","geometry":{"type":"Point","coordinates":[-41.333018,-21.763972]},"properties":{"nome":"015114","tipo":"abertura","bairro":"PARQUE AURORA"}},{"type":"Feature","geometry":{"type":"Point","coordinates":[-41.318575,-21.775295]},"properties":{"nome":"02629","tipo":"ponto","bairro":"PARQUE AURORA"}},{"type":"Feature","geometry":{"type":"Point","coordinates":[-41.314589,-21.779988]},"properties":{"nome":"02928","tipo":"ponto","bairro":"PARQUE AURORA"}},{"type":"Feature","geometry":{"type":"Point","coordinates":[-41.314877,-21.780979]},"properties":{"nome":"03029","tipo":"ponto","bairro":"PARQUE AURORA"}},{"type":"Feature","geometry":{"type":"Point","coordinates":[-41.313218,-21.776946]},"properties":{"nome":"04629","tipo":"ponto","bairro":"PARQUE AURORA"}},{"type":"Feature","geometry":{"type":"Point","coordinates":[-41.32199,-21.772733]},"properties":{"nome":"05029","tipo":"ponto","bairro":"PARQUE AURORA"}},{"type":"Feature","geometry":{"type":"Point","coordinates":[-41.322679,-21.786442]},"properties":{"nome":"05429","tipo":"ponto","bairro":"PARQUE AURORA"}},{"type":"Feature","geometry":{"type":"Point","coordinates":[-41.324052,-21.786142]},"properties":{"nome":"06029","tipo":"ponto","bairro":"PARQUE AURORA"}},{"type":"Feature","geometry":{"type":"Point","coordinates":[-41.328076,-21.780671]},"properties":{"nome":"03028","tipo":"ponto","bairro":"PARQUE AURORA"}},{"type":"Feature","geometry":{"type":"Point","coordinates":[-41.326016,-21.781341]},"properties":{"nome":"03828","tipo":"ponto","bairro":"PARQUE AURORA"}},{"type":"Feature","geometry":{"type":"Point","coordinates":[-41.316693,-21.785535]},"properties":{"nome":"06628","tipo":"ponto","bairro":"PARQUE AURORA"}},{"type":"Feature","geometry":{"type":"Point","coordinates":[-41.330628,-21.777815]},"properties":{"nome":"06728","tipo":"ponto","bairro":"PARQUE AURORA"}},{"type":"Feature","geometry":{"type":"Point","coordinates":[-41.318342,-21.77528]},"properties":{"nome":"07128","tipo":"ponto","bairro":"PARQUE AURORA"}},{"type":"Feature","geometry":{"type":"Point","coordinates":[-41.333066,-21.780954]},"properties":{"nome":"00727","tipo":"ponto","bairro":"PARQUE AURORA"}},{"type":"Feature","geometry":{"type":"Point","coordinates":[-41.332972,-21.78069]},"properties":{"nome":"00827","tipo":"ponto","bairro":"PARQUE AURORA"}},{"type":"Feature","geometry":{"type":"Point","coordinates":[-41.33232,-21.782779]},"properties":{"nome":"02127","tipo":"ponto","bairro":"PARQUE AURORA"}},{"type":"Feature","geometry":{"type":"Point","coordinates":[-41.332114,-21.78218]},"properties":{"nome":"02427","tipo":"ponto","bairro":"PARQUE AURORA"}},{"type":"Feature","geometry":{"type":"Point","coordinates":[-41.332047,-21.781999]},"properties":{"nome":"02527","tipo":"ponto","bairro":"PARQUE AURORA"}},{"type":"Feature","geometry":{"type":"Point","coordinates":[-41.331823,-21.781305]},"properties":{"nome":"02926","tipo":"ponto","bairro":"PARQUE AURORA"}},{"type":"Feature","geometry":{"type":"Point","coordinates":[-41.331703,-21.781014]},"properties":{"nome":"03027","tipo":"ponto","bairro":"PARQUE AURORA"}},{"type":"Feature","geometry":{"type":"Point","coordinates":[-41.33147,-21.780451]},"properties":{"nome":"03227","tipo":"ponto","bairro":"PARQUE AURORA"}},{"type":"Feature","geometry":{"type":"Point","coordinates":[-41.331399,-21.780252]},"properties":{"nome":"03327","tipo":"ponto","bairro":"PARQUE AURORA"}},{"type":"Feature","geometry":{"type":"Point","coordinates":[-41.330864,-21.778848]},"properties":{"nome":"04227","tipo":"ponto","bairro":"PARQUE AURORA"}},{"type":"Feature","geometry":{"type":"Point","coordinates":[-41.328138,-21.779665]},"properties":{"nome":"06727","tipo":"ponto","bairro":"PARQUE AURORA"}},{"type":"Feature","geometry":{"type":"Point","coordinates":[-41.32788,-21.77984]},"properties":{"nome":"06827","tipo":"ponto","bairro":"PARQUE AURORA"}},{"type":"Feature","geometry":{"type":"Point","coordinates":[-41.32829,-21.781074]},"properties":{"nome":"07427","tipo":"ponto","bairro":"PARQUE AURORA"}},{"type":"Feature","geometry":{"type":"Point","coordinates":[-41.32836,-21.781256]},"properties":{"nome":"07527","tipo":"ponto","bairro":"PARQUE AURORA"}},{"type":"Feature","geometry":{"type":"Point","coordinates":[-41.328635,-21.782128]},"properties":{"nome":"07927","tipo":"ponto","bairro":"PARQUE AURORA"}},{"type":"Feature","geometry":{"type":"Point","coordinates":[-41.328687,-21.782336]},"properties":{"nome":"08027","tipo":"ponto","bairro":"PARQUE AURORA"}},{"type":"Feature","geometry":{"type":"Point","coordinates":[-41.3289,-21.783018]},"properties":{"nome":"08427","tipo":"ponto","bairro":"PARQUE AURORA"}},{"type":"Feature","geometry":{"type":"Point","coordinates":[-41.329035,-21.783377]},"properties":{"nome":"08527","tipo":"ponto","bairro":"PARQUE AURORA"}},{"type":"Feature","geometry":{"type":"Point","coordinates":[-41.329169,-21.783763]},"properties":{"nome":"08827","tipo":"ponto","bairro":"PARQUE AURORA"}},{"type":"Feature","geometry":{"type":"Point","coordinates":[-41.319843,-21.781866]},"properties":{"nome":"09027","tipo":"ponto","bairro":"PARQUE AURORA"}},{"type":"Feature","geometry":{"type":"Point","coordinates":[-41.320102,-21.781847]},"properties":{"nome":"09127","tipo":"ponto","bairro":"PARQUE AURORA"}},{"type":"Feature","geometry":{"type":"Point","coordinates":[-41.321745,-21.781849]},"properties":{"nome":"09627","tipo":"ponto","bairro":"PARQUE AURORA"}},{"type":"Feature","geometry":{"type":"Point","coordinates":[-41.32214,-21.781851]},"properties":{"nome":"09727","tipo":"ponto","bairro":"PARQUE AURORA"}},{"type":"Feature","geometry":{"type":"Point","coordinates":[-41.323412,-21.781827]},"properties":{"nome":"10328","tipo":"ponto","bairro":"PARQUE AURORA"}},{"type":"Feature","geometry":{"type":"Point","coordinates":[-41.32395,-21.781844]},"properties":{"nome":"10428","tipo":"ponto","bairro":"PARQUE AURORA"}},{"type":"Feature","geometry":{"type":"Point","coordinates":[-41.330256,-21.78178]},"properties":{"nome":"11227","tipo":"ponto","bairro":"PARQUE AURORA"}},{"type":"Feature","geometry":{"type":"Point","coordinates":[-41.330254,-21.781746]},"properties":{"nome":"11327","tipo":"ponto","bairro":"PARQUE AURORA"}},{"type":"Feature","geometry":{"type":"Point","coordinates":[-41.330491,-21.78246]},"properties":{"nome":"11727","tipo":"ponto","bairro":"PARQUE AURORA"}},{"type":"Feature","geometry":{"type":"Point","coordinates":[-41.330533,-21.782648]},"properties":{"nome":"11827","tipo":"ponto","bairro":"PARQUE AURORA"}},{"type":"Feature","geometry":{"type":"Point","coordinates":[-41.330745,-21.783266]},"properties":{"nome":"12027","tipo":"ponto","bairro":"PARQUE AURORA"}},{"type":"Feature","geometry":{"type":"Point","coordinates":[-41.326661,-21.783791]},"properties":{"nome":"00126","tipo":"ponto","bairro":"PARQUE AURORA"}},{"type":"Feature","geometry":{"type":"Point","coordinates":[-41.32457,-21.784334]},"properties":{"nome":"01126","tipo":"ponto","bairro":"PARQUE AURORA"}},{"type":"Feature","geometry":{"type":"Point","coordinates":[-41.324723,-21.785143]},"properties":{"nome":"01226","tipo":"ponto","bairro":"PARQUE AURORA"}},{"type":"Feature","geometry":{"type":"Point","coordinates":[-41.325548,-21.785826]},"properties":{"nome":"01826","tipo":"ponto","bairro":"PARQUE AURORA"}},{"type":"Feature","geometry":{"type":"Point","coordinates":[-41.325555,-21.785847]},"properties":{"nome":"01926","tipo":"ponto","bairro":"PARQUE AURORA"}},{"type":"Feature","geometry":{"type":"Point","coordinates":[-41.326228,-21.785726]},"properties":{"nome":"02426","tipo":"ponto","bairro":"PARQUE AURORA"}},{"type":"Feature","geometry":{"type":"Point","coordinates":[-41.329245,-21.783926]},"properties":{"nome":"03726","tipo":"ponto","bairro":"PARQUE AURORA"}},{"type":"Feature","geometry":{"type":"Point","coordinates":[-41.327373,-21.784462]},"properties":{"nome":"03826","tipo":"ponto","bairro":"PARQUE AURORA"}},{"type":"Feature","geometry":{"type":"Point","coordinates":[-41.33056,-21.783786]},"properties":{"nome":"06826","tipo":"ponto","bairro":"PARQUE AURORA"}},{"type":"Feature","geometry":{"type":"Point","coordinates":[-41.331913,-21.782179]},"properties":{"nome":"10427","tipo":"ponto","bairro":"PARQUE AURORA"}},{"type":"Feature","geometry":{"type":"Point","coordinates":[-41.329132,-21.783057]},"properties":{"nome":"11726","tipo":"ponto","bairro":"PARQUE AURORA"}},{"type":"Feature","geometry":{"type":"Point","coordinates":[-41.328892,-21.783126]},"properties":{"nome":"11826","tipo":"ponto","bairro":"PARQUE AURORA"}},{"type":"Feature","geometry":{"type":"Point","coordinates":[-41.326645,-21.782918]},"properties":{"nome":"12826","tipo":"ponto","bairro":"PARQUE AURORA"}},{"type":"Feature","geometry":{"type":"Point","coordinates":[-41.328598,-21.782294]},"properties":{"nome":"13626","tipo":"ponto","bairro":"PARQUE AURORA"}},{"type":"Feature","geometry":{"type":"Point","coordinates":[-41.328778,-21.782153]},"properties":{"nome":"13726","tipo":"ponto","bairro":"PARQUE AURORA"}},{"type":"Feature","geometry":{"type":"Point","coordinates":[-41.329783,-21.781841]},"properties":{"nome":"14126","tipo":"ponto","bairro":"PARQUE AURORA"}},{"type":"Feature","geometry":{"type":"Point","coordinates":[-41.330139,-21.781805]},"properties":{"nome":"14226","tipo":"ponto","bairro":"PARQUE AURORA"}},{"type":"Feature","geometry":{"type":"Point","coordinates":[-41.330506,-21.781703]},"properties":{"nome":"14326","tipo":"ponto","bairro":"PARQUE AURORA"}},{"type":"Feature","geometry":{"type":"Point","coordinates":[-41.332292,-21.780074]},"properties":{"nome":"16726","tipo":"ponto","bairro":"PARQUE AURORA"}},{"type":"Feature","geometry":{"type":"Point","coordinates":[-41.331826,-21.780235]},"properties":{"nome":"16826","tipo":"ponto","bairro":"PARQUE AURORA"}},{"type":"Feature","geometry":{"type":"Point","coordinates":[-41.331494,-21.780358]},"properties":{"nome":"17026","tipo":"ponto","bairro":"PARQUE AURORA"}},{"type":"Feature","geometry":{"type":"Point","coordinates":[-41.326858,-21.781822]},"properties":{"nome":"17126","tipo":"ponto","bairro":"PARQUE AURORA"}},{"type":"Feature","geometry":{"type":"Point","coordinates":[-41.328327,-21.781341]},"properties":{"nome":"17824","tipo":"ponto","bairro":"PARQUE AURORA"}},{"type":"Feature","geometry":{"type":"Point","coordinates":[-41.328532,-21.781394]},"properties":{"nome":"17924","tipo":"ponto","bairro":"PARQUE AURORA"}},{"type":"Feature","geometry":{"type":"Point","coordinates":[-41.331271,-21.780448]},"properties":{"nome":"19222","tipo":"ponto","bairro":"PARQUE AURORA"}},{"type":"Feature","geometry":{"type":"Point","coordinates":[-41.332531,-21.778286]},"properties":{"nome":"19322","tipo":"ponto","bairro":"PARQUE AURORA"}},{"type":"Feature","geometry":{"type":"Point","coordinates":[-41.333014,-21.779658]},"properties":{"nome":"20719","tipo":"ponto","bairro":"PARQUE AURORA"}},{"type":"Feature","geometry":{"type":"Point","coordinates":[-41.332916,-21.779428]},"properties":{"nome":"20820","tipo":"ponto","bairro":"PARQUE AURORA"}},{"type":"Feature","geometry":{"type":"Point","coordinates":[-41.319208,-21.782665]},"properties":{"nome":"00125","tipo":"ponto","bairro":"PARQUE AURORA"}},{"type":"Feature","geometry":{"type":"Point","coordinates":[-41.319593,-21.782632]},"properties":{"nome":"00425","tipo":"ponto","bairro":"PARQUE AURORA"}},{"type":"Feature","geometry":{"type":"Point","coordinates":[-41.319935,-21.782622]},"properties":{"nome":"00525","tipo":"ponto","bairro":"PARQUE AURORA"}},{"type":"Feature","geometry":{"type":"Point","coordinates":[-41.321471,-21.782631]},"properties":{"nome":"01225","tipo":"ponto","bairro":"PARQUE AURORA"}},{"type":"Feature","geometry":{"type":"Point","coordinates":[-41.321867,-21.783113]},"properties":{"nome":"01325","tipo":"ponto","bairro":"PARQUE AURORA"}},{"type":"Feature","geometry":{"type":"Point","coordinates":[-41.32021,-21.783302]},"properties":{"nome":"02125","tipo":"ponto","bairro":"PARQUE AURORA"}},{"type":"Feature","geometry":{"type":"Point","coordinates":[-41.320141,-21.783309]},"properties":{"nome":"02225","tipo":"ponto","bairro":"PARQUE AURORA"}},{"type":"Feature","geometry":{"type":"Point","coordinates":[-41.322005,-21.783944]},"properties":{"nome":"03425","tipo":"ponto","bairro":"PARQUE AURORA"}},{"type":"Feature","geometry":{"type":"Point","coordinates":[-41.319147,-21.784456]},"properties":{"nome":"05025","tipo":"ponto","bairro":"PARQUE AURORA"}},{"type":"Feature","geometry":{"type":"Point","coordinates":[-41.322355,-21.785677]},"properties":{"nome":"05725","tipo":"ponto","bairro":"PARQUE AURORA"}},{"type":"Feature","geometry":{"type":"Point","coordinates":[-41.322154,-21.781818]},"properties":{"nome":"07625","tipo":"ponto","bairro":"PARQUE AURORA"}},{"type":"Feature","geometry":{"type":"Point","coordinates":[-41.323977,-21.782605]},"properties":{"nome":"08425","tipo":"ponto","bairro":"PARQUE AURORA"}},{"type":"Feature","geometry":{"type":"Point","coordinates":[-41.322061,-21.78379]},"properties":{"nome":"09425","tipo":"ponto","bairro":"PARQUE AURORA"}},{"type":"Feature","geometry":{"type":"Point","coordinates":[-41.324065,-21.783508]},"properties":{"nome":"10326","tipo":"ponto","bairro":"PARQUE AURORA"}},{"type":"Feature","geometry":{"type":"Point","coordinates":[-41.324318,-21.784394]},"properties":{"nome":"10426","tipo":"ponto","bairro":"PARQUE AURORA"}},{"type":"Feature","geometry":{"type":"Point","coordinates":[-41.324574,-21.784956]},"properties":{"nome":"12725","tipo":"ponto","bairro":"PARQUE AURORA"}},{"type":"Feature","geometry":{"type":"Point","coordinates":[-41.324697,-21.785323]},"properties":{"nome":"13225","tipo":"ponto","bairro":"PARQUE AURORA"}},{"type":"Feature","geometry":{"type":"Point","coordinates":[-41.324697,-21.785128]},"properties":{"nome":"13325","tipo":"ponto","bairro":"PARQUE AURORA"}},{"type":"Feature","geometry":{"type":"Point","coordinates":[-41.324531,-21.784562]},"properties":{"nome":"13625","tipo":"ponto","bairro":"PARQUE AURORA"}},{"type":"Feature","geometry":{"type":"Point","coordinates":[-41.324475,-21.784431]},"properties":{"nome":"13725","tipo":"ponto","bairro":"PARQUE AURORA"}},{"type":"Feature","geometry":{"type":"Point","coordinates":[-41.324375,-21.783764]},"properties":{"nome":"14125","tipo":"ponto","bairro":"PARQUE AURORA"}},{"type":"Feature","geometry":{"type":"Point","coordinates":[-41.324302,-21.783371]},"properties":{"nome":"14225","tipo":"ponto","bairro":"PARQUE AURORA"}},{"type":"Feature","geometry":{"type":"Point","coordinates":[-41.324132,-21.782755]},"properties":{"nome":"14625","tipo":"ponto","bairro":"PARQUE AURORA"}},{"type":"Feature","geometry":{"type":"Point","coordinates":[-41.324087,-21.782495]},"properties":{"nome":"14725","tipo":"ponto","bairro":"PARQUE AURORA"}},{"type":"Feature","geometry":{"type":"Point","coordinates":[-41.323921,-21.781847]},"properties":{"nome":"15024","tipo":"ponto","bairro":"PARQUE AURORA"}},{"type":"Feature","geometry":{"type":"Point","coordinates":[-41.323949,-21.781716]},"properties":{"nome":"15125","tipo":"ponto","bairro":"PARQUE AURORA"}},{"type":"Feature","geometry":{"type":"Point","coordinates":[-41.323841,-21.781063]},"properties":{"nome":"15425","tipo":"ponto","bairro":"PARQUE AURORA"}},{"type":"Feature","geometry":{"type":"Point","coordinates":[-41.324041,-21.78181]},"properties":{"nome":"15525","tipo":"ponto","bairro":"PARQUE AURORA"}},{"type":"Feature","geometry":{"type":"Point","coordinates":[-41.325003,-21.780872]},"properties":{"nome":"16325","tipo":"ponto","bairro":"PARQUE AURORA"}},{"type":"Feature","geometry":{"type":"Point","coordinates":[-41.325805,-21.781383]},"properties":{"nome":"166110","tipo":"ponto","bairro":"PARQUE AURORA"}},{"type":"Feature","geometry":{"type":"Point","coordinates":[-41.326076,-21.782116]},"properties":{"nome":"16725","tipo":"ponto","bairro":"PARQUE AURORA"}},{"type":"Feature","geometry":{"type":"Point","coordinates":[-41.324199,-21.78257]},"properties":{"nome":"17524","tipo":"ponto","bairro":"PARQUE AURORA"}},{"type":"Feature","geometry":{"type":"Point","coordinates":[-41.324307,-21.783392]},"properties":{"nome":"17624","tipo":"ponto","bairro":"PARQUE AURORA"}},{"type":"Feature","geometry":{"type":"Point","coordinates":[-41.326343,-21.782958]},"properties":{"nome":"18723","tipo":"ponto","bairro":"PARQUE AURORA"}},{"type":"Feature","geometry":{"type":"Point","coordinates":[-41.326626,-21.783823]},"properties":{"nome":"18823","tipo":"ponto","bairro":"PARQUE AURORA"}},{"type":"Feature","geometry":{"type":"Point","coordinates":[-41.31044,-21.778465]},"properties":{"nome":"00124","tipo":"ponto","bairro":"PARQUE AURORA"}},{"type":"Feature","geometry":{"type":"Point","coordinates":[-41.311629,-21.780667]},"properties":{"nome":"01024","tipo":"ponto","bairro":"PARQUE AURORA"}},{"type":"Feature","geometry":{"type":"Point","coordinates":[-41.313936,-21.778735]},"properties":{"nome":"03824","tipo":"ponto","bairro":"PARQUE AURORA"}},{"type":"Feature","geometry":{"type":"Point","coordinates":[-41.312406,-21.779021]},"properties":{"nome":"04724","tipo":"ponto","bairro":"PARQUE AURORA"}},{"type":"Feature","geometry":{"type":"Point","coordinates":[-41.312362,-21.778848]},"properties":{"nome":"04824","tipo":"ponto","bairro":"PARQUE AURORA"}},{"type":"Feature","geometry":{"type":"Point","coordinates":[-41.31356,-21.777368]},"properties":{"nome":"06124","tipo":"ponto","bairro":"PARQUE AURORA"}},{"type":"Feature","geometry":{"type":"Point","coordinates":[-41.314193,-21.77702]},"properties":{"nome":"06324","tipo":"ponto","bairro":"PARQUE AURORA"}},{"type":"Feature","geometry":{"type":"Point","coordinates":[-41.314438,-21.777565]},"properties":{"nome":"06424","tipo":"ponto","bairro":"PARQUE AURORA"}},{"type":"Feature","geometry":{"type":"Point","coordinates":[-41.314341,-21.777545]},"properties":{"nome":"06524","tipo":"ponto","bairro":"PARQUE AURORA"}},{"type":"Feature","geometry":{"type":"Point","coordinates":[-41.313815,-21.778066]},"properties":{"nome":"06824","tipo":"ponto","bairro":"PARQUE AURORA"}},{"type":"Feature","geometry":{"type":"Point","coordinates":[-41.313764,-21.777955]},"properties":{"nome":"06924","tipo":"ponto","bairro":"PARQUE AURORA"}},{"type":"Feature","geometry":{"type":"Point","coordinates":[-41.313702,-21.778167]},"properties":{"nome":"07025","tipo":"ponto","bairro":"PARQUE AURORA"}},{"type":"Feature","geometry":{"type":"Point","coordinates":[-41.313632,-21.778036]},"properties":{"nome":"07124","tipo":"ponto","bairro":"PARQUE AURORA"}},{"type":"Feature","geometry":{"type":"Point","coordinates":[-41.312454,-21.778745]},"properties":{"nome":"07924","tipo":"ponto","bairro":"PARQUE AURORA"}},{"type":"Feature","geometry":{"type":"Point","coordinates":[-41.311756,-21.777774]},"properties":{"nome":"08724","tipo":"ponto","bairro":"PARQUE AURORA"}},{"type":"Feature","geometry":{"type":"Point","coordinates":[-41.312323,-21.778909]},"properties":{"nome":"08824","tipo":"ponto","bairro":"PARQUE AURORA"}},{"type":"Feature","geometry":{"type":"Point","coordinates":[-41.312071,-21.778992]},"properties":{"nome":"08924","tipo":"ponto","bairro":"PARQUE AURORA"}},{"type":"Feature","geometry":{"type":"Point","coordinates":[-41.314601,-21.777338]},"properties":{"nome":"10025","tipo":"ponto","bairro":"PARQUE AURORA"}},{"type":"Feature","geometry":{"type":"Point","coordinates":[-41.31665,-21.780918]},"properties":{"nome":"11924","tipo":"ponto","bairro":"PARQUE AURORA"}},{"type":"Feature","geometry":{"type":"Point","coordinates":[-41.316667,-21.780934]},"properties":{"nome":"12024","tipo":"ponto","bairro":"PARQUE AURORA"}},{"type":"Feature","geometry":{"type":"Point","coordinates":[-41.314613,-21.777497]},"properties":{"nome":"13424","tipo":"ponto","bairro":"PARQUE AURORA"}},{"type":"Feature","geometry":{"type":"Point","coordinates":[-41.314567,-21.777364]},"properties":{"nome":"13524","tipo":"ponto","bairro":"PARQUE AURORA"}},{"type":"Feature","geometry":{"type":"Point","coordinates":[-41.313997,-21.776427]},"properties":{"nome":"13924","tipo":"ponto","bairro":"PARQUE AURORA"}},{"type":"Feature","geometry":{"type":"Point","coordinates":[-41.315311,-21.775683]},"properties":{"nome":"14024","tipo":"ponto","bairro":"PARQUE AURORA"}},{"type":"Feature","geometry":{"type":"Point","coordinates":[-41.315715,-21.776617]},"properties":{"nome":"14424","tipo":"ponto","bairro":"PARQUE AURORA"}},{"type":"Feature","geometry":{"type":"Point","coordinates":[-41.315779,-21.776748]},"properties":{"nome":"14524","tipo":"ponto","bairro":"PARQUE AURORA"}},{"type":"Feature","geometry":{"type":"Point","coordinates":[-41.317371,-21.780922]},"properties":{"nome":"16124","tipo":"ponto","bairro":"PARQUE AURORA"}},{"type":"Feature","geometry":{"type":"Point","coordinates":[-41.316867,-21.779197]},"properties":{"nome":"16424","tipo":"ponto","bairro":"PARQUE AURORA"}},{"type":"Feature","geometry":{"type":"Point","coordinates":[-41.316635,-21.779297]},"properties":{"nome":"16524","tipo":"ponto","bairro":"PARQUE AURORA"}},{"type":"Feature","geometry":{"type":"Point","coordinates":[-41.316098,-21.779438]},"properties":{"nome":"16724","tipo":"ponto","bairro":"PARQUE AURORA"}},{"type":"Feature","geometry":{"type":"Point","coordinates":[-41.31505,-21.777053]},"properties":{"nome":"17722","tipo":"ponto","bairro":"PARQUE AURORA"}},{"type":"Feature","geometry":{"type":"Point","coordinates":[-41.31562,-21.776741]},"properties":{"nome":"18222","tipo":"ponto","bairro":"PARQUE AURORA"}},{"type":"Feature","geometry":{"type":"Point","coordinates":[-41.315791,-21.776759]},"properties":{"nome":"18323","tipo":"ponto","bairro":"PARQUE AURORA"}},{"type":"Feature","geometry":{"type":"Point","coordinates":[-41.315938,-21.776588]},"properties":{"nome":"18422","tipo":"ponto","bairro":"PARQUE AURORA"}},{"type":"Feature","geometry":{"type":"Point","coordinates":[-41.316294,-21.776484]},"properties":{"nome":"18622","tipo":"ponto","bairro":"PARQUE AURORA"}},{"type":"Feature","geometry":{"type":"Point","coordinates":[-41.316266,-21.77638]},"properties":{"nome":"18722","tipo":"ponto","bairro":"PARQUE AURORA"}},{"type":"Feature","geometry":{"type":"Point","coordinates":[-41.316536,-21.776355]},"properties":{"nome":"18822","tipo":"ponto","bairro":"PARQUE AURORA"}},{"type":"Feature","geometry":{"type":"Point","coordinates":[-41.318499,-21.78273]},"properties":{"nome":"00123","tipo":"ponto","bairro":"PARQUE AURORA"}},{"type":"Feature","geometry":{"type":"Point","coordinates":[-41.316881,-21.783789]},"properties":{"nome":"01223","tipo":"ponto","bairro":"PARQUE AURORA"}},{"type":"Feature","geometry":{"type":"Point","coordinates":[-41.318757,-21.783188]},"properties":{"nome":"01723","tipo":"ponto","bairro":"PARQUE AURORA"}},{"type":"Feature","geometry":{"type":"Point","coordinates":[-41.318824,-21.783771]},"properties":{"nome":"02423","tipo":"ponto","bairro":"PARQUE AURORA"}},{"type":"Feature","geometry":{"type":"Point","coordinates":[-41.318919,-21.784327]},"properties":{"nome":"03123","tipo":"ponto","bairro":"PARQUE AURORA"}},{"type":"Feature","geometry":{"type":"Point","coordinates":[-41.318963,-21.784893]},"properties":{"nome":"04723","tipo":"ponto","bairro":"PARQUE AURORA"}},{"type":"Feature","geometry":{"type":"Point","coordinates":[-41.31914,-21.785386]},"properties":{"nome":"04823","tipo":"ponto","bairro":"PARQUE AURORA"}},{"type":"Feature","geometry":{"type":"Point","coordinates":[-41.31717,-21.786087]},"properties":{"nome":"05623","tipo":"ponto","bairro":"PARQUE AURORA"}},{"type":"Feature","geometry":{"type":"Point","coordinates":[-41.31914,-21.786742]},"properties":{"nome":"06923","tipo":"ponto","bairro":"PARQUE AURORA"}},{"type":"Feature","geometry":{"type":"Point","coordinates":[-41.319504,-21.785906]},"properties":{"nome":"07823","tipo":"ponto","bairro":"PARQUE AURORA"}},{"type":"Feature","geometry":{"type":"Point","coordinates":[-41.319045,-21.784353]},"properties":{"nome":"08423","tipo":"ponto","bairro":"PARQUE AURORA"}},{"type":"Feature","geometry":{"type":"Point","coordinates":[-41.318889,-21.782712]},"properties":{"nome":"09223","tipo":"ponto","bairro":"PARQUE AURORA"}},{"type":"Feature","geometry":{"type":"Point","coordinates":[-41.31884,-21.782526]},"properties":{"nome":"09323","tipo":"ponto","bairro":"PARQUE AURORA"}},{"type":"Feature","geometry":{"type":"Point","coordinates":[-41.318699,-21.781288]},"properties":{"nome":"09823","tipo":"ponto","bairro":"PARQUE AURORA"}},{"type":"Feature","geometry":{"type":"Point","coordinates":[-41.325163,-21.779643]},"properties":{"nome":"10224","tipo":"ponto","bairro":"PARQUE AURORA"}},{"type":"Feature","geometry":{"type":"Point","coordinates":[-41.323753,-21.780178]},"properties":{"nome":"10824","tipo":"ponto","bairro":"PARQUE AURORA"}},{"type":"Feature","geometry":{"type":"Point","coordinates":[-41.3233,-21.780237]},"properties":{"nome":"10924","tipo":"ponto","bairro":"PARQUE AURORA"}},{"type":"Feature","geometry":{"type":"Point","coordinates":[-41.322127,-21.780246]},"properties":{"nome":"11323","tipo":"ponto","bairro":"PARQUE AURORA"}},{"type":"Feature","geometry":{"type":"Point","coordinates":[-41.321764,-21.780271]},"properties":{"nome":"11423","tipo":"ponto","bairro":"PARQUE AURORA"}},{"type":"Feature","geometry":{"type":"Point","coordinates":[-41.320206,-21.78029]},"properties":{"nome":"12023","tipo":"ponto","bairro":"PARQUE AURORA"}},{"type":"Feature","geometry":{"type":"Point","coordinates":[-41.319773,-21.780302]},"properties":{"nome":"12223","tipo":"ponto","bairro":"PARQUE AURORA"}},{"type":"Feature","geometry":{"type":"Point","coordinates":[-41.319145,-21.77965]},"properties":{"nome":"12523","tipo":"ponto","bairro":"PARQUE AURORA"}},{"type":"Feature","geometry":{"type":"Point","coordinates":[-41.324897,-21.780545]},"properties":{"nome":"12823","tipo":"ponto","bairro":"PARQUE AURORA"}},{"type":"Feature","geometry":{"type":"Point","coordinates":[-41.318404,-21.779569]},"properties":{"nome":"13723","tipo":"ponto","bairro":"PARQUE AURORA"}},{"type":"Feature","geometry":{"type":"Point","coordinates":[-41.318831,-21.779588]},"properties":{"nome":"13823","tipo":"ponto","bairro":"PARQUE AURORA"}},{"type":"Feature","geometry":{"type":"Point","coordinates":[-41.319829,-21.779563]},"properties":{"nome":"14223","tipo":"ponto","bairro":"PARQUE AURORA"}},{"type":"Feature","geometry":{"type":"Point","coordinates":[-41.320317,-21.779596]},"properties":{"nome":"14323","tipo":"ponto","bairro":"PARQUE AURORA"}},{"type":"Feature","geometry":{"type":"Point","coordinates":[-41.321699,-21.779549]},"properties":{"nome":"14822","tipo":"ponto","bairro":"PARQUE AURORA"}},{"type":"Feature","geometry":{"type":"Point","coordinates":[-41.323123,-21.779518]},"properties":{"nome":"15223","tipo":"ponto","bairro":"PARQUE AURORA"}},{"type":"Feature","geometry":{"type":"Point","coordinates":[-41.323668,-21.779353]},"properties":{"nome":"15323","tipo":"ponto","bairro":"PARQUE AURORA"}},{"type":"Feature","geometry":{"type":"Point","coordinates":[-41.318512,-21.78024]},"properties":{"nome":"15823","tipo":"ponto","bairro":"PARQUE AURORA"}},{"type":"Feature","geometry":{"type":"Point","coordinates":[-41.319023,-21.778887]},"properties":{"nome":"16223","tipo":"ponto","bairro":"PARQUE AURORA"}},{"type":"Feature","geometry":{"type":"Point","coordinates":[-41.319798,-21.778897]},"properties":{"nome":"16423","tipo":"ponto","bairro":"PARQUE AURORA"}},{"type":"Feature","geometry":{"type":"Point","coordinates":[-41.320176,-21.778876]},"properties":{"nome":"16523","tipo":"ponto","bairro":"PARQUE AURORA"}},{"type":"Feature","geometry":{"type":"Point","coordinates":[-41.321291,-21.778859]},"properties":{"nome":"16923","tipo":"ponto","bairro":"PARQUE AURORA"}},{"type":"Feature","geometry":{"type":"Point","coordinates":[-41.322165,-21.778802]},"properties":{"nome":"17023","tipo":"ponto","bairro":"PARQUE AURORA"}},{"type":"Feature","geometry":{"type":"Point","coordinates":[-41.322849,-21.778832]},"properties":{"nome":"17322","tipo":"ponto","bairro":"PARQUE AURORA"}},{"type":"Feature","geometry":{"type":"Point","coordinates":[-41.32328,-21.778777]},"properties":{"nome":"17422","tipo":"ponto","bairro":"PARQUE AURORA"}},{"type":"Feature","geometry":{"type":"Point","coordinates":[-41.319671,-21.778184]},"properties":{"nome":"18020","tipo":"ponto","bairro":"PARQUE AURORA"}},{"type":"Feature","geometry":{"type":"Point","coordinates":[-41.319691,-21.7782]},"properties":{"nome":"18120","tipo":"ponto","bairro":"PARQUE AURORA"}},{"type":"Feature","geometry":{"type":"Point","coordinates":[-41.321598,-21.778168]},"properties":{"nome":"18520","tipo":"ponto","bairro":"PARQUE AURORA"}},{"type":"Feature","geometry":{"type":"Point","coordinates":[-41.323123,-21.778113]},"properties":{"nome":"18920","tipo":"ponto","bairro":"PARQUE AURORA"}},{"type":"Feature","geometry":{"type":"Point","coordinates":[-41.323527,-21.778001]},"properties":{"nome":"19020","tipo":"ponto","bairro":"PARQUE AURORA"}},{"type":"Feature","geometry":{"type":"Point","coordinates":[-41.324541,-21.777813]},"properties":{"nome":"19420","tipo":"ponto","bairro":"PARQUE AURORA"}},{"type":"Feature","geometry":{"type":"Point","coordinates":[-41.324172,-21.777084]},"properties":{"nome":"19520","tipo":"ponto","bairro":"PARQUE AURORA"}},{"type":"Feature","geometry":{"type":"Point","coordinates":[-41.323084,-21.777368]},"properties":{"nome":"20020","tipo":"ponto","bairro":"PARQUE AURORA"}},{"type":"Feature","geometry":{"type":"Point","coordinates":[-41.322049,-21.777391]},"properties":{"nome":"20419","tipo":"ponto","bairro":"PARQUE AURORA"}},{"type":"Feature","geometry":{"type":"Point","coordinates":[-41.321624,-21.777426]},"properties":{"nome":"20518","tipo":"ponto","bairro":"PARQUE AURORA"}},{"type":"Feature","geometry":{"type":"Point","coordinates":[-41.32033,-21.777384]},"properties":{"nome":"21018","tipo":"ponto","bairro":"PARQUE AURORA"}},{"type":"Feature","geometry":{"type":"Point","coordinates":[-41.320119,-21.777393]},"properties":{"nome":"21118","tipo":"ponto","bairro":"PARQUE AURORA"}},{"type":"Feature","geometry":{"type":"Point","coordinates":[-41.318855,-21.777416]},"properties":{"nome":"21519","tipo":"ponto","bairro":"PARQUE AURORA"}},{"type":"Feature","geometry":{"type":"Point","coordinates":[-41.318881,-21.776677]},"properties":{"nome":"21618","tipo":"ponto","bairro":"PARQUE AURORA"}},{"type":"Feature","geometry":{"type":"Point","coordinates":[-41.319523,-21.776657]},"properties":{"nome":"21918","tipo":"ponto","bairro":"PARQUE AURORA"}},{"type":"Feature","geometry":{"type":"Point","coordinates":[-41.319818,-21.776663]},"properties":{"nome":"22018","tipo":"ponto","bairro":"PARQUE AURORA"}},{"type":"Feature","geometry":{"type":"Point","coordinates":[-41.321723,-21.77664]},"properties":{"nome":"22418","tipo":"ponto","bairro":"PARQUE AURORA"}},{"type":"Feature","geometry":{"type":"Point","coordinates":[-41.322115,-21.776642]},"properties":{"nome":"22517","tipo":"ponto","bairro":"PARQUE AURORA"}},{"type":"Feature","geometry":{"type":"Point","coordinates":[-41.322831,-21.776587]},"properties":{"nome":"22818","tipo":"ponto","bairro":"PARQUE AURORA"}},{"type":"Feature","geometry":{"type":"Point","coordinates":[-41.322798,-21.776557]},"properties":{"nome":"22916","tipo":"ponto","bairro":"PARQUE AURORA"}},{"type":"Feature","geometry":{"type":"Point","coordinates":[-41.324075,-21.776301]},"properties":{"nome":"23315","tipo":"ponto","bairro":"PARQUE AURORA"}},{"type":"Feature","geometry":{"type":"Point","coordinates":[-41.318803,-21.775085]},"properties":{"nome":"23514","tipo":"ponto","bairro":"PARQUE AURORA"}},{"type":"Feature","geometry":{"type":"Point","coordinates":[-41.321064,-21.773268]},"properties":{"nome":"24712","tipo":"ponto","bairro":"PARQUE AURORA"}},{"type":"Feature","geometry":{"type":"Point","coordinates":[-41.321512,-21.773081]},"properties":{"nome":"24812","tipo":"ponto","bairro":"PARQUE AURORA"}},{"type":"Feature","geometry":{"type":"Point","coordinates":[-41.321374,-21.773158]},"properties":{"nome":"24912","tipo":"ponto","bairro":"PARQUE AURORA"}},{"type":"Feature","geometry":{"type":"Point","coordinates":[-41.32274,-21.772724]},"properties":{"nome":"25412","tipo":"ponto","bairro":"PARQUE AURORA"}},{"type":"Feature","geometry":{"type":"Point","coordinates":[-41.320997,-21.772255]},"properties":{"nome":"26012","tipo":"ponto","bairro":"PARQUE AURORA"}},{"type":"Feature","geometry":{"type":"Point","coordinates":[-41.322507,-21.77184]},"properties":{"nome":"26412","tipo":"ponto","bairro":"PARQUE AURORA"}},{"type":"Feature","geometry":{"type":"Point","coordinates":[-41.320782,-21.771614]},"properties":{"nome":"26512","tipo":"ponto","bairro":"PARQUE AURORA"}},{"type":"Feature","geometry":{"type":"Point","coordinates":[-41.322029,-21.771302]},"properties":{"nome":"27012","tipo":"ponto","bairro":"PARQUE AURORA"}},{"type":"Feature","geometry":{"type":"Point","coordinates":[-41.320212,-21.77087]},"properties":{"nome":"27710","tipo":"ponto","bairro":"PARQUE AURORA"}},{"type":"Feature","geometry":{"type":"Point","coordinates":[-41.318951,-21.771161]},"properties":{"nome":"28110","tipo":"ponto","bairro":"PARQUE AURORA"}},{"type":"Feature","geometry":{"type":"Point","coordinates":[-41.318531,-21.771267]},"properties":{"nome":"28610","tipo":"ponto","bairro":"PARQUE AURORA"}},{"type":"Feature","geometry":{"type":"Point","coordinates":[-41.321733,-21.769766]},"properties":{"nome":"28710","tipo":"ponto","bairro":"PARQUE AURORA"}},{"type":"Feature","geometry":{"type":"Point","coordinates":[-41.32147,-21.76978]},"properties":{"nome":"28810","tipo":"ponto","bairro":"PARQUE AURORA"}},{"type":"Feature","geometry":{"type":"Point","coordinates":[-41.320255,-21.770088]},"properties":{"nome":"29310","tipo":"ponto","bairro":"PARQUE AURORA"}},{"type":"Feature","geometry":{"type":"Point","coordinates":[-41.320247,-21.770081]},"properties":{"nome":"29410","tipo":"ponto","bairro":"PARQUE AURORA"}},{"type":"Feature","geometry":{"type":"Point","coordinates":[-41.318817,-21.770446]},"properties":{"nome":"29710","tipo":"ponto","bairro":"PARQUE AURORA"}},{"type":"Feature","geometry":{"type":"Point","coordinates":[-41.318812,-21.770437]},"properties":{"nome":"2989","tipo":"ponto","bairro":"PARQUE AURORA"}},{"type":"Feature","geometry":{"type":"Point","coordinates":[-41.317349,-21.770788]},"properties":{"nome":"3019","tipo":"ponto","bairro":"PARQUE AURORA"}},{"type":"Feature","geometry":{"type":"Point","coordinates":[-41.320439,-21.769077]},"properties":{"nome":"3119","tipo":"ponto","bairro":"PARQUE AURORA"}},{"type":"Feature","geometry":{"type":"Point","coordinates":[-41.319861,-21.769155]},"properties":{"nome":"3139","tipo":"ponto","bairro":"PARQUE AURORA"}},{"type":"Feature","geometry":{"type":"Point","coordinates":[-41.319551,-21.7692]},"properties":{"nome":"3149","tipo":"ponto","bairro":"PARQUE AURORA"}},{"type":"Feature","geometry":{"type":"Point","coordinates":[-41.32145,-21.768793]},"properties":{"nome":"3179","tipo":"ponto","bairro":"PARQUE AURORA"}},{"type":"Feature","geometry":{"type":"Point","coordinates":[-41.320692,-21.768977]},"properties":{"nome":"3199","tipo":"ponto","bairro":"PARQUE AURORA"}},{"type":"Feature","geometry":{"type":"Point","coordinates":[-41.318618,-21.776348]},"properties":{"nome":"3389","tipo":"ponto","bairro":"PARQUE AURORA"}},{"type":"Feature","geometry":{"type":"Point","coordinates":[-41.318671,-21.775181]},"properties":{"nome":"3509","tipo":"ponto","bairro":"PARQUE AURORA"}},{"type":"Feature","geometry":{"type":"Point","coordinates":[-41.318643,-21.774053]},"properties":{"nome":"3549","tipo":"ponto","bairro":"PARQUE AURORA"}},{"type":"Feature","geometry":{"type":"Point","coordinates":[-41.318584,-21.771747]},"properties":{"nome":"3629","tipo":"ponto","bairro":"PARQUE AURORA"}},{"type":"Feature","geometry":{"type":"Point","coordinates":[-41.318618,-21.7706]},"properties":{"nome":"3649","tipo":"ponto","bairro":"PARQUE AURORA"}},{"type":"Feature","geometry":{"type":"Point","coordinates":[-41.318632,-21.770594]},"properties":{"nome":"3659","tipo":"ponto","bairro":"PARQUE AURORA"}},{"type":"Feature","geometry":{"type":"Point","coordinates":[-41.318605,-21.769531]},"properties":{"nome":"3689","tipo":"ponto","bairro":"PARQUE AURORA"}},{"type":"Feature","geometry":{"type":"Point","coordinates":[-41.318624,-21.769375]},"properties":{"nome":"3699","tipo":"ponto","bairro":"PARQUE AURORA"}},{"type":"Feature","geometry":{"type":"Point","coordinates":[-41.319535,-21.768962]},"properties":{"nome":"3779","tipo":"ponto","bairro":"PARQUE AURORA"}},{"type":"Feature","geometry":{"type":"Point","coordinates":[-41.319521,-21.768968]},"properties":{"nome":"3789","tipo":"ponto","bairro":"PARQUE AURORA"}},{"type":"Feature","geometry":{"type":"Point","coordinates":[-41.320012,-21.770058]},"properties":{"nome":"3829","tipo":"ponto","bairro":"PARQUE AURORA"}},{"type":"Feature","geometry":{"type":"Point","coordinates":[-41.320143,-21.770376]},"properties":{"nome":"3839","tipo":"ponto","bairro":"PARQUE AURORA"}},{"type":"Feature","geometry":{"type":"Point","coordinates":[-41.320342,-21.770921]},"properties":{"nome":"3869","tipo":"ponto","bairro":"PARQUE AURORA"}},{"type":"Feature","geometry":{"type":"Point","coordinates":[-41.320598,-21.771553]},"properties":{"nome":"3899","tipo":"ponto","bairro":"PARQUE AURORA"}},{"type":"Feature","geometry":{"type":"Point","coordinates":[-41.320598,-21.771558]},"properties":{"nome":"3909","tipo":"ponto","bairro":"PARQUE AURORA"}},{"type":"Feature","geometry":{"type":"Point","coordinates":[-41.32081,-21.772173]},"properties":{"nome":"3939","tipo":"ponto","bairro":"PARQUE AURORA"}},{"type":"Feature","geometry":{"type":"Point","coordinates":[-41.321082,-21.772909]},"properties":{"nome":"3969","tipo":"ponto","bairro":"PARQUE AURORA"}},{"type":"Feature","geometry":{"type":"Point","coordinates":[-41.32115,-21.773063]},"properties":{"nome":"3979","tipo":"ponto","bairro":"PARQUE AURORA"}},{"type":"Feature","geometry":{"type":"Point","coordinates":[-41.321423,-21.773789]},"properties":{"nome":"3999","tipo":"ponto","bairro":"PARQUE AURORA"}},{"type":"Feature","geometry":{"type":"Point","coordinates":[-41.324051,-21.780073]},"properties":{"nome":"4009","tipo":"ponto","bairro":"PARQUE AURORA"}},{"type":"Feature","geometry":{"type":"Point","coordinates":[-41.321479,-21.773958]},"properties":{"nome":"4019","tipo":"ponto","bairro":"PARQUE AURORA"}},{"type":"Feature","geometry":{"type":"Point","coordinates":[-41.321855,-21.775673]},"properties":{"nome":"4099","tipo":"ponto","bairro":"PARQUE AURORA"}},{"type":"Feature","geometry":{"type":"Point","coordinates":[-41.321852,-21.775666]},"properties":{"nome":"4108","tipo":"ponto","bairro":"PARQUE AURORA"}},{"type":"Feature","geometry":{"type":"Point","coordinates":[-41.32185,-21.776507]},"properties":{"nome":"4138","tipo":"ponto","bairro":"PARQUE AURORA"}},{"type":"Feature","geometry":{"type":"Point","coordinates":[-41.32185,-21.776786]},"properties":{"nome":"4148","tipo":"ponto","bairro":"PARQUE AURORA"}},{"type":"Feature","geometry":{"type":"Point","coordinates":[-41.32185,-21.777515]},"properties":{"nome":"4168","tipo":"ponto","bairro":"PARQUE AURORA"}},{"type":"Feature","geometry":{"type":"Point","coordinates":[-41.321868,-21.778642]},"properties":{"nome":"4208","tipo":"ponto","bairro":"PARQUE AURORA"}},{"type":"Feature","geometry":{"type":"Point","coordinates":[-41.321878,-21.780121]},"properties":{"nome":"4248","tipo":"ponto","bairro":"PARQUE AURORA"}},{"type":"Feature","geometry":{"type":"Point","coordinates":[-41.321879,-21.780117]},"properties":{"nome":"42511","tipo":"ponto","bairro":"PARQUE AURORA"}},{"type":"Feature","geometry":{"type":"Point","coordinates":[-41.321886,-21.780101]},"properties":{"nome":"4258","tipo":"ponto","bairro":"PARQUE AURORA"}},{"type":"Feature","geometry":{"type":"Point","coordinates":[-41.321894,-21.780724]},"properties":{"nome":"4278","tipo":"ponto","bairro":"PARQUE AURORA"}},{"type":"Feature","geometry":{"type":"Point","coordinates":[-41.32373,-21.780388]},"properties":{"nome":"4318","tipo":"ponto","bairro":"PARQUE AURORA"}},{"type":"Feature","geometry":{"type":"Point","coordinates":[-41.323656,-21.780329]},"properties":{"nome":"4328","tipo":"ponto","bairro":"PARQUE AURORA"}},{"type":"Feature","geometry":{"type":"Point","coordinates":[-41.32358,-21.779455]},"properties":{"nome":"4348","tipo":"ponto","bairro":"PARQUE AURORA"}},{"type":"Feature","geometry":{"type":"Point","coordinates":[-41.323547,-21.779255]},"properties":{"nome":"4358","tipo":"ponto","bairro":"PARQUE AURORA"}},{"type":"Feature","geometry":{"type":"Point","coordinates":[-41.32335,-21.77816]},"properties":{"nome":"4398","tipo":"ponto","bairro":"PARQUE AURORA"}},{"type":"Feature","geometry":{"type":"Point","coordinates":[-41.323324,-21.777956]},"properties":{"nome":"4408","tipo":"ponto","bairro":"PARQUE AURORA"}},{"type":"Feature","geometry":{"type":"Point","coordinates":[-41.323226,-21.777451]},"properties":{"nome":"4438","tipo":"ponto","bairro":"PARQUE AURORA"}},{"type":"Feature","geometry":{"type":"Point","coordinates":[-41.323166,-21.777089]},"properties":{"nome":"4448","tipo":"ponto","bairro":"PARQUE AURORA"}},{"type":"Feature","geometry":{"type":"Point","coordinates":[-41.322965,-21.775799]},"properties":{"nome":"4498","tipo":"ponto","bairro":"PARQUE AURORA"}},{"type":"Feature","geometry":{"type":"Point","coordinates":[-41.322423,-21.774582]},"properties":{"nome":"4508","tipo":"ponto","bairro":"PARQUE AURORA"}},{"type":"Feature","geometry":{"type":"Point","coordinates":[-41.322839,-21.774482]},"properties":{"nome":"4598","tipo":"ponto","bairro":"PARQUE AURORA"}},{"type":"Feature","geometry":{"type":"Point","coordinates":[-41.320034,-21.7801]},"properties":{"nome":"4708","tipo":"ponto","bairro":"PARQUE AURORA"}},{"type":"Feature","geometry":{"type":"Point","coordinates":[-41.320004,-21.779447]},"properties":{"nome":"4728","tipo":"ponto","bairro":"PARQUE AURORA"}},{"type":"Feature","geometry":{"type":"Point","coordinates":[-41.319984,-21.778283]},"properties":{"nome":"4778","tipo":"ponto","bairro":"PARQUE AURORA"}},{"type":"Feature","geometry":{"type":"Point","coordinates":[-41.319987,-21.778287]},"properties":{"nome":"4788","tipo":"ponto","bairro":"PARQUE AURORA"}},{"type":"Feature","geometry":{"type":"Point","coordinates":[-41.319994,-21.778286]},"properties":{"nome":"4798","tipo":"ponto","bairro":"PARQUE AURORA"}},{"type":"Feature","geometry":{"type":"Point","coordinates":[-41.319979,-21.77706]},"properties":{"nome":"4838","tipo":"ponto","bairro":"PARQUE AURORA"}},{"type":"Feature","geometry":{"type":"Point","coordinates":[-41.319999,-21.776457]},"properties":{"nome":"4848","tipo":"ponto","bairro":"PARQUE AURORA"}},{"type":"Feature","geometry":{"type":"Point","coordinates":[-41.319963,-21.776013]},"properties":{"nome":"4868","tipo":"ponto","bairro":"PARQUE AURORA"}},{"type":"Feature","geometry":{"type":"Point","coordinates":[-41.319965,-21.776008]},"properties":{"nome":"4878","tipo":"ponto","bairro":"PARQUE AURORA"}},{"type":"Feature","geometry":{"type":"Point","coordinates":[-41.32102,-21.775645]},"properties":{"nome":"4918","tipo":"ponto","bairro":"PARQUE AURORA"}},{"type":"Feature","geometry":{"type":"Point","coordinates":[-41.319716,-21.768317]},"properties":{"nome":"4998","tipo":"ponto","bairro":"PARQUE AURORA"}},{"type":"Feature","geometry":{"type":"Point","coordinates":[-41.320434,-21.768911]},"properties":{"nome":"5038","tipo":"ponto","bairro":"PARQUE AURORA"}},{"type":"Feature","geometry":{"type":"Point","coordinates":[-41.320678,-21.769139]},"properties":{"nome":"5048","tipo":"ponto","bairro":"PARQUE AURORA"}},{"type":"Feature","geometry":{"type":"Point","coordinates":[-41.321442,-21.769964]},"properties":{"nome":"5118","tipo":"ponto","bairro":"PARQUE AURORA"}},{"type":"Feature","geometry":{"type":"Point","coordinates":[-41.321797,-21.770286]},"properties":{"nome":"5138","tipo":"ponto","bairro":"PARQUE AURORA"}},{"type":"Feature","geometry":{"type":"Point","coordinates":[-41.322011,-21.770495]},"properties":{"nome":"5148","tipo":"ponto","bairro":"PARQUE AURORA"}},{"type":"Feature","geometry":{"type":"Point","coordinates":[-41.322199,-21.770659]},"properties":{"nome":"5158","tipo":"ponto","bairro":"PARQUE AURORA"}},{"type":"Feature","geometry":{"type":"Point","coordinates":[-41.322201,-21.770658]},"properties":{"nome":"5168","tipo":"ponto","bairro":"PARQUE AURORA"}},{"type":"Feature","geometry":{"type":"Point","coordinates":[-41.316526,-21.776798]},"properties":{"nome":"5417","tipo":"ponto","bairro":"PARQUE AURORA"}},{"type":"Feature","geometry":{"type":"Point","coordinates":[-41.316316,-21.776234]},"properties":{"nome":"5427","tipo":"ponto","bairro":"PARQUE AURORA"}},{"type":"Feature","geometry":{"type":"Point","coordinates":[-41.315955,-21.775322]},"properties":{"nome":"5457","tipo":"ponto","bairro":"PARQUE AURORA"}},{"type":"Feature","geometry":{"type":"Point","coordinates":[-41.316042,-21.772442]},"properties":{"nome":"5467","tipo":"ponto","bairro":"PARQUE AURORA"}},{"type":"Feature","geometry":{"type":"Point","coordinates":[-41.316567,-21.772279]},"properties":{"nome":"5566","tipo":"ponto","bairro":"PARQUE AURORA"}},{"type":"Feature","geometry":{"type":"Point","coordinates":[-41.316498,-21.772115]},"properties":{"nome":"5576","tipo":"ponto","bairro":"PARQUE AURORA"}},{"type":"Feature","geometry":{"type":"Point","coordinates":[-41.316724,-21.772096]},"properties":{"nome":"5596","tipo":"ponto","bairro":"PARQUE AURORA"}},{"type":"Feature","geometry":{"type":"Point","coordinates":[-41.318455,-21.771703]},"properties":{"nome":"5646","tipo":"ponto","bairro":"PARQUE AURORA"}},{"type":"Feature","geometry":{"type":"Point","coordinates":[-41.318497,-21.771147]},"properties":{"nome":"5696","tipo":"ponto","bairro":"PARQUE AURORA"}},{"type":"Feature","geometry":{"type":"Point","coordinates":[-41.316012,-21.772624]},"properties":{"nome":"5866","tipo":"ponto","bairro":"PARQUE AURORA"}},{"type":"Feature","geometry":{"type":"Point","coordinates":[-41.31601,-21.772642]},"properties":{"nome":"5876","tipo":"ponto","bairro":"PARQUE AURORA"}},{"type":"Feature","geometry":{"type":"Point","coordinates":[-41.313589,-21.774786]},"properties":{"nome":"6284","tipo":"ponto","bairro":"PARQUE AURORA"}},{"type":"Feature","geometry":{"type":"Point","coordinates":[-41.314567,-21.774236]},"properties":{"nome":"6314","tipo":"ponto","bairro":"PARQUE AURORA"}},{"type":"Feature","geometry":{"type":"Point","coordinates":[-41.314559,-21.774227]},"properties":{"nome":"6324","tipo":"ponto","bairro":"PARQUE AURORA"}},{"type":"Feature","geometry":{"type":"Point","coordinates":[-41.309862,-21.775156]},"properties":{"nome":"6344","tipo":"ponto","bairro":"PARQUE AURORA"}},{"type":"Feature","geometry":{"type":"Point","coordinates":[-41.313752,-21.772964]},"properties":{"nome":"6354","tipo":"ponto","bairro":"PARQUE AURORA"}},{"type":"Feature","geometry":{"type":"Point","coordinates":[-41.313347,-21.773163]},"properties":{"nome":"6374","tipo":"ponto","bairro":"PARQUE AURORA"}},{"type":"Feature","geometry":{"type":"Point","coordinates":[-41.312925,-21.773427]},"properties":{"nome":"6384","tipo":"ponto","bairro":"PARQUE AURORA"}},{"type":"Feature","geometry":{"type":"Point","coordinates":[-41.312617,-21.77361]},"properties":{"nome":"6404","tipo":"ponto","bairro":"PARQUE AURORA"}},{"type":"Feature","geometry":{"type":"Point","coordinates":[-41.31242,-21.773718]},"properties":{"nome":"6414","tipo":"ponto","bairro":"PARQUE AURORA"}},{"type":"Feature","geometry":{"type":"Point","coordinates":[-41.31025,-21.774887]},"properties":{"nome":"6474","tipo":"ponto","bairro":"PARQUE AURORA"}},{"type":"Feature","geometry":{"type":"Point","coordinates":[-41.309241,-21.777145]},"properties":{"nome":"6484","tipo":"ponto","bairro":"PARQUE AURORA"}},{"type":"Feature","geometry":{"type":"Point","coordinates":[-41.309925,-21.776845]},"properties":{"nome":"6504","tipo":"ponto","bairro":"PARQUE AURORA"}},{"type":"Feature","geometry":{"type":"Point","coordinates":[-41.309907,-21.776817]},"properties":{"nome":"6514","tipo":"ponto","bairro":"PARQUE AURORA"}},{"type":"Feature","geometry":{"type":"Point","coordinates":[-41.311317,-21.776069]},"properties":{"nome":"6544","tipo":"ponto","bairro":"PARQUE AURORA"}},{"type":"Feature","geometry":{"type":"Point","coordinates":[-41.311348,-21.77607]},"properties":{"nome":"6554","tipo":"ponto","bairro":"PARQUE AURORA"}},{"type":"Feature","geometry":{"type":"Point","coordinates":[-41.312767,-21.774786]},"properties":{"nome":"6584","tipo":"ponto","bairro":"PARQUE AURORA"}},{"type":"Feature","geometry":{"type":"Point","coordinates":[-41.312221,-21.775097]},"properties":{"nome":"6604","tipo":"ponto","bairro":"PARQUE AURORA"}},{"type":"Feature","geometry":{"type":"Point","coordinates":[-41.312592,-21.775721]},"properties":{"nome":"6614","tipo":"ponto","bairro":"PARQUE AURORA"}},{"type":"Feature","geometry":{"type":"Point","coordinates":[-41.313239,-21.775361]},"properties":{"nome":"6634","tipo":"ponto","bairro":"PARQUE AURORA"}},{"type":"Feature","geometry":{"type":"Point","coordinates":[-41.314431,-21.775491]},"properties":{"nome":"6644","tipo":"ponto","bairro":"PARQUE AURORA"}},{"type":"Feature","geometry":{"type":"Point","coordinates":[-41.314152,-21.77502]},"properties":{"nome":"6674","tipo":"ponto","bairro":"PARQUE AURORA"}},{"type":"Feature","geometry":{"type":"Point","coordinates":[-41.313953,-21.774731]},"properties":{"nome":"6684","tipo":"ponto","bairro":"PARQUE AURORA"}},{"type":"Feature","geometry":{"type":"Point","coordinates":[-41.313378,-21.773825]},"properties":{"nome":"6714","tipo":"ponto","bairro":"PARQUE AURORA"}},{"type":"Feature","geometry":{"type":"Point","coordinates":[-41.313244,-21.773592]},"properties":{"nome":"6724","tipo":"ponto","bairro":"PARQUE AURORA"}},{"type":"Feature","geometry":{"type":"Point","coordinates":[-41.311598,-21.772599]},"properties":{"nome":"6774","tipo":"ponto","bairro":"PARQUE AURORA"}},{"type":"Feature","geometry":{"type":"Point","coordinates":[-41.312183,-21.77359]},"properties":{"nome":"6804","tipo":"ponto","bairro":"PARQUE AURORA"}},{"type":"Feature","geometry":{"type":"Point","coordinates":[-41.312204,-21.773596]},"properties":{"nome":"6814","tipo":"ponto","bairro":"PARQUE AURORA"}},{"type":"Feature","geometry":{"type":"Point","coordinates":[-41.31389,-21.776188]},"properties":{"nome":"6894","tipo":"ponto","bairro":"PARQUE AURORA"}},{"type":"Feature","geometry":{"type":"Point","coordinates":[-41.310852,-21.77315]},"properties":{"nome":"6904","tipo":"ponto","bairro":"PARQUE AURORA"}},{"type":"Feature","geometry":{"type":"Point","coordinates":[-41.31142,-21.774079]},"properties":{"nome":"6934","tipo":"ponto","bairro":"PARQUE AURORA"}},{"type":"Feature","geometry":{"type":"Point","coordinates":[-41.311589,-21.774372]},"properties":{"nome":"6944","tipo":"ponto","bairro":"PARQUE AURORA"}},{"type":"Feature","geometry":{"type":"Point","coordinates":[-41.311597,-21.774369]},"properties":{"nome":"6954","tipo":"ponto","bairro":"PARQUE AURORA"}},{"type":"Feature","geometry":{"type":"Point","coordinates":[-41.313099,-21.776639]},"properties":{"nome":"7024","tipo":"ponto","bairro":"PARQUE AURORA"}},{"type":"Feature","geometry":{"type":"Point","coordinates":[-41.311725,-21.776134]},"properties":{"nome":"7084","tipo":"ponto","bairro":"PARQUE AURORA"}},{"type":"Feature","geometry":{"type":"Point","coordinates":[-41.311623,-21.775941]},"properties":{"nome":"7094","tipo":"ponto","bairro":"PARQUE AURORA"}},{"type":"Feature","geometry":{"type":"Point","coordinates":[-41.311047,-21.775061]},"properties":{"nome":"7124","tipo":"ponto","bairro":"PARQUE AURORA"}},{"type":"Feature","geometry":{"type":"Point","coordinates":[-41.310839,-21.77472]},"properties":{"nome":"7134","tipo":"ponto","bairro":"PARQUE AURORA"}},{"type":"Feature","geometry":{"type":"Point","coordinates":[-41.310273,-21.773872]},"properties":{"nome":"7164","tipo":"ponto","bairro":"PARQUE AURORA"}},{"type":"Feature","geometry":{"type":"Point","coordinates":[-41.30967,-21.774526]},"properties":{"nome":"7174","tipo":"ponto","bairro":"PARQUE AURORA"}},{"type":"Feature","geometry":{"type":"Point","coordinates":[-41.309879,-21.77489]},"properties":{"nome":"7194","tipo":"ponto","bairro":"PARQUE AURORA"}},{"type":"Feature","geometry":{"type":"Point","coordinates":[-41.31009,-21.775172]},"properties":{"nome":"7204","tipo":"ponto","bairro":"PARQUE AURORA"}},{"type":"Feature","geometry":{"type":"Point","coordinates":[-41.310763,-21.776256]},"properties":{"nome":"7244","tipo":"ponto","bairro":"PARQUE AURORA"}},{"type":"Feature","geometry":{"type":"Point","coordinates":[-41.310757,-21.776253]},"properties":{"nome":"7254","tipo":"ponto","bairro":"PARQUE AURORA"}},{"type":"Feature","geometry":{"type":"Point","coordinates":[-41.311623,-21.777557]},"properties":{"nome":"7304","tipo":"ponto","bairro":"PARQUE AURORA"}},{"type":"Feature","geometry":{"type":"Point","coordinates":[-41.309257,-21.775599]},"properties":{"nome":"7314","tipo":"ponto","bairro":"PARQUE AURORA"}},{"type":"Feature","geometry":{"type":"Point","coordinates":[-41.30933,-21.775801]},"properties":{"nome":"7334","tipo":"ponto","bairro":"PARQUE AURORA"}},{"type":"Feature","geometry":{"type":"Point","coordinates":[-41.30982,-21.776561]},"properties":{"nome":"7384","tipo":"ponto","bairro":"PARQUE AURORA"}},{"type":"Feature","geometry":{"type":"Point","coordinates":[-41.30987,-21.776622]},"properties":{"nome":"7395","tipo":"ponto","bairro":"PARQUE AURORA"}},{"type":"Feature","geometry":{"type":"Point","coordinates":[-41.310803,-21.778037]},"properties":{"nome":"7434","tipo":"ponto","bairro":"PARQUE AURORA"}},{"type":"Feature","geometry":{"type":"Point","coordinates":[-41.309101,-21.777006]},"properties":{"nome":"7444","tipo":"ponto","bairro":"PARQUE AURORA"}},{"type":"Feature","geometry":{"type":"Point","coordinates":[-41.308712,-21.77633]},"properties":{"nome":"7474","tipo":"ponto","bairro":"PARQUE AURORA"}},{"type":"Feature","geometry":{"type":"Point","coordinates":[-41.309066,-21.777098]},"properties":{"nome":"7515","tipo":"ponto","bairro":"PARQUE AURORA"}},{"type":"Feature","geometry":{"type":"Point","coordinates":[-41.309119,-21.777067]},"properties":{"nome":"7524","tipo":"ponto","bairro":"PARQUE AURORA"}},{"type":"Feature","geometry":{"type":"Point","coordinates":[-41.310249,-21.778445]},"properties":{"nome":"7574","tipo":"ponto","bairro":"PARQUE AURORA"}},{"type":"Feature","geometry":{"type":"Point","coordinates":[-41.311486,-21.777733]},"properties":{"nome":"7644","tipo":"ponto","bairro":"PARQUE AURORA"}},{"type":"Feature","geometry":{"type":"Point","coordinates":[-41.31151,-21.777721]},"properties":{"nome":"7654","tipo":"ponto","bairro":"PARQUE AURORA"}},{"type":"Feature","geometry":{"type":"Point","coordinates":[-41.312915,-21.776922]},"properties":{"nome":"7724","tipo":"ponto","bairro":"PARQUE AURORA"}},{"type":"Feature","geometry":{"type":"Point","coordinates":[-41.313274,-21.776712]},"properties":{"nome":"7734","tipo":"ponto","bairro":"PARQUE AURORA"}},{"type":"Feature","geometry":{"type":"Point","coordinates":[-41.313793,-21.776521]},"properties":{"nome":"7774","tipo":"ponto","bairro":"PARQUE AURORA"}},{"type":"Feature","geometry":{"type":"Point","coordinates":[-41.313851,-21.776462]},"properties":{"nome":"7784","tipo":"ponto","bairro":"PARQUE AURORA"}},{"type":"Feature","geometry":{"type":"Point","coordinates":[-41.314675,-21.775977]},"properties":{"nome":"7814","tipo":"ponto","bairro":"PARQUE AURORA"}},{"type":"Feature","geometry":{"type":"Point","coordinates":[-41.314794,-21.775869]},"properties":{"nome":"7824","tipo":"ponto","bairro":"PARQUE AURORA"}},{"type":"Feature","geometry":{"type":"Point","coordinates":[-41.31528,-21.775626]},"properties":{"nome":"7844","tipo":"ponto","bairro":"PARQUE AURORA"}},{"type":"Feature","geometry":{"type":"Point","coordinates":[-41.316454,-21.774989]},"properties":{"nome":"7884","tipo":"ponto","bairro":"PARQUE AURORA"}},{"type":"Feature","geometry":{"type":"Point","coordinates":[-41.316836,-21.774836]},"properties":{"nome":"7893","tipo":"ponto","bairro":"PARQUE AURORA"}},{"type":"Feature","geometry":{"type":"Point","coordinates":[-41.317824,-21.77431]},"properties":{"nome":"7943","tipo":"ponto","bairro":"PARQUE AURORA"}},{"type":"Feature","geometry":{"type":"Point","coordinates":[-41.318494,-21.774026]},"properties":{"nome":"7964","tipo":"ponto","bairro":"PARQUE AURORA"}},{"type":"Feature","geometry":{"type":"Point","coordinates":[-41.314798,-21.77603]},"properties":{"nome":"7973","tipo":"ponto","bairro":"PARQUE AURORA"}},{"type":"Feature","geometry":{"type":"Point","coordinates":[-41.335754,-21.785137]},"properties":{"nome":"02122","tipo":"ponto","bairro":"PARQUE AURORA"}},{"type":"Feature","geometry":{"type":"Point","coordinates":[-41.316725,-21.78618]},"properties":{"nome":"1020","tipo":"ponto","bairro":"PARQUE AURORA"}},{"type":"Feature","geometry":{"type":"Point","coordinates":[-41.317347,-21.786686]},"properties":{"nome":"10551","tipo":"ponto","bairro":"PARQUE AURORA"}},{"type":"Feature","geometry":{"type":"Point","coordinates":[-41.315902,-21.783285]},"properties":{"nome":"10631","tipo":"ponto","bairro":"PARQUE AURORA"}},{"type":"Feature","geometry":{"type":"Point","coordinates":[-41.31525,-21.781754]},"properties":{"nome":"10681","tipo":"ponto","bairro":"PARQUE AURORA"}},{"type":"Feature","geometry":{"type":"Point","coordinates":[-41.317417,-21.787056]},"properties":{"nome":"107110","tipo":"ponto","bairro":"PARQUE AURORA"}},{"type":"Feature","geometry":{"type":"Point","coordinates":[-41.31867,-21.782556]},"properties":{"nome":"10823","tipo":"ponto","bairro":"PARQUE AURORA"}},{"type":"Feature","geometry":{"type":"Point","coordinates":[-41.317599,-21.781476]},"properties":{"nome":"10981","tipo":"ponto","bairro":"PARQUE AURORA"}},{"type":"Feature","geometry":{"type":"Point","coordinates":[-41.318548,-21.782624]},"properties":{"nome":"10991","tipo":"ponto","bairro":"PARQUE AURORA"}},{"type":"Feature","geometry":{"type":"Point","coordinates":[-41.318516,-21.78266]},"properties":{"nome":"1100","tipo":"ponto","bairro":"PARQUE AURORA"}},{"type":"Feature","geometry":{"type":"Point","coordinates":[-41.335883,-21.785298]},"properties":{"nome":"21817","tipo":"ponto","bairro":"PARQUE AURORA"}},{"type":"Feature","geometry":{"type":"Point","coordinates":[-41.335812,-21.785077]},"properties":{"nome":"21917","tipo":"ponto","bairro":"PARQUE AURORA"}},{"type":"Feature","geometry":{"type":"Point","coordinates":[-41.335271,-21.783548]},"properties":{"nome":"22716","tipo":"ponto","bairro":"PARQUE AURORA"}},{"type":"Feature","geometry":{"type":"Point","coordinates":[-41.335096,-21.78303]},"properties":{"nome":"22817","tipo":"ponto","bairro":"PARQUE AURORA"}},{"type":"Feature","geometry":{"type":"Point","coordinates":[-41.333353,-21.778145]},"properties":{"nome":"25010","tipo":"ponto","bairro":"PARQUE AURORA"}},{"type":"Feature","geometry":{"type":"Point","coordinates":[-41.333226,-21.77783]},"properties":{"nome":"25110","tipo":"ponto","bairro":"PARQUE AURORA"}},{"type":"Feature","geometry":{"type":"Point","coordinates":[-41.333039,-21.777918]},"properties":{"nome":"25210","tipo":"ponto","bairro":"PARQUE AURORA"}},{"type":"Feature","geometry":{"type":"Point","coordinates":[-41.331107,-21.778443]},"properties":{"nome":"25810","tipo":"ponto","bairro":"PARQUE AURORA"}},{"type":"Feature","geometry":{"type":"Point","coordinates":[-41.330898,-21.778745]},"properties":{"nome":"25910","tipo":"ponto","bairro":"PARQUE AURORA"}},{"type":"Feature","geometry":{"type":"Point","coordinates":[-41.329357,-21.779302]},"properties":{"nome":"2769","tipo":"ponto","bairro":"PARQUE AURORA"}},{"type":"Feature","geometry":{"type":"Point","coordinates":[-41.329595,-21.779207]},"properties":{"nome":"2779","tipo":"ponto","bairro":"PARQUE AURORA"}},{"type":"Feature","geometry":{"type":"Point","coordinates":[-41.330491,-21.778924]},"properties":{"nome":"2829","tipo":"ponto","bairro":"PARQUE AURORA"}},{"type":"Feature","geometry":{"type":"Point","coordinates":[-41.328056,-21.779504]},"properties":{"nome":"2869","tipo":"ponto","bairro":"PARQUE AURORA"}},{"type":"Feature","geometry":{"type":"Point","coordinates":[-41.327803,-21.779617]},"properties":{"nome":"2879","tipo":"ponto","bairro":"PARQUE AURORA"}},{"type":"Feature","geometry":{"type":"Point","coordinates":[-41.327769,-21.779851]},"properties":{"nome":"2889","tipo":"ponto","bairro":"PARQUE AURORA"}},{"type":"Feature","geometry":{"type":"Point","coordinates":[-41.327886,-21.779856]},"properties":{"nome":"2899","tipo":"ponto","bairro":"PARQUE AURORA"}},{"type":"Feature","geometry":{"type":"Point","coordinates":[-41.326129,-21.780236]},"properties":{"nome":"3038","tipo":"ponto","bairro":"PARQUE AURORA"}},{"type":"Feature","geometry":{"type":"Point","coordinates":[-41.325812,-21.780471]},"properties":{"nome":"3048","tipo":"ponto","bairro":"PARQUE AURORA"}},{"type":"Feature","geometry":{"type":"Point","coordinates":[-41.322582,-21.786555]},"properties":{"nome":"3148","tipo":"ponto","bairro":"PARQUE AURORA"}},{"type":"Feature","geometry":{"type":"Point","coordinates":[-41.322561,-21.786714]},"properties":{"nome":"3158","tipo":"ponto","bairro":"PARQUE AURORA"}},{"type":"Feature","geometry":{"type":"Point","coordinates":[-41.32298,-21.786651]},"properties":{"nome":"3208","tipo":"ponto","bairro":"PARQUE AURORA"}},{"type":"Feature","geometry":{"type":"Point","coordinates":[-41.323539,-21.786569]},"properties":{"nome":"3218","tipo":"ponto","bairro":"PARQUE AURORA"}},{"type":"Feature","geometry":{"type":"Point","coordinates":[-41.323484,-21.78636]},"properties":{"nome":"3268","tipo":"ponto","bairro":"PARQUE AURORA"}},{"type":"Feature","geometry":{"type":"Point","coordinates":[-41.324368,-21.786229]},"properties":{"nome":"3298","tipo":"ponto","bairro":"PARQUE AURORA"}},{"type":"Feature","geometry":{"type":"Point","coordinates":[-41.324193,-21.786418]},"properties":{"nome":"3308","tipo":"ponto","bairro":"PARQUE AURORA"}},{"type":"Feature","geometry":{"type":"Point","coordinates":[-41.324737,-21.786324]},"properties":{"nome":"3328","tipo":"ponto","bairro":"PARQUE AURORA"}},{"type":"Feature","geometry":{"type":"Point","coordinates":[-41.324951,-21.786119]},"properties":{"nome":"3338","tipo":"ponto","bairro":"PARQUE AURORA"}},{"type":"Feature","geometry":{"type":"Point","coordinates":[-41.324933,-21.786085]},"properties":{"nome":"3348","tipo":"ponto","bairro":"PARQUE AURORA"}},{"type":"Feature","geometry":{"type":"Point","coordinates":[-41.325503,-21.786197]},"properties":{"nome":"3388","tipo":"ponto","bairro":"PARQUE AURORA"}},{"type":"Feature","geometry":{"type":"Point","coordinates":[-41.326104,-21.786073]},"properties":{"nome":"3408","tipo":"ponto","bairro":"PARQUE AURORA"}},{"type":"Feature","geometry":{"type":"Point","coordinates":[-41.326366,-21.785831]},"properties":{"nome":"3418","tipo":"ponto","bairro":"PARQUE AURORA"}},{"type":"Feature","geometry":{"type":"Point","coordinates":[-41.325691,-21.785956]},"properties":{"nome":"3438","tipo":"ponto","bairro":"PARQUE AURORA"}},{"type":"Feature","geometry":{"type":"Point","coordinates":[-41.325294,-21.785997]},"properties":{"nome":"3448","tipo":"ponto","bairro":"PARQUE AURORA"}},{"type":"Feature","geometry":{"type":"Point","coordinates":[-41.327233,-21.785804]},"properties":{"nome":"3488","tipo":"ponto","bairro":"PARQUE AURORA"}},{"type":"Feature","geometry":{"type":"Point","coordinates":[-41.327373,-21.785661]},"properties":{"nome":"3498","tipo":"ponto","bairro":"PARQUE AURORA"}},{"type":"Feature","geometry":{"type":"Point","coordinates":[-41.326997,-21.785666]},"properties":{"nome":"3508","tipo":"ponto","bairro":"PARQUE AURORA"}},{"type":"Feature","geometry":{"type":"Point","coordinates":[-41.327659,-21.785516]},"properties":{"nome":"3538","tipo":"ponto","bairro":"PARQUE AURORA"}},{"type":"Feature","geometry":{"type":"Point","coordinates":[-41.32985,-21.784864]},"properties":{"nome":"3628","tipo":"ponto","bairro":"PARQUE AURORA"}},{"type":"Feature","geometry":{"type":"Point","coordinates":[-41.329904,-21.785004]},"properties":{"nome":"3638","tipo":"ponto","bairro":"PARQUE AURORA"}},{"type":"Feature","geometry":{"type":"Point","coordinates":[-41.329239,-21.788458]},"properties":{"nome":"4357","tipo":"ponto","bairro":"PARQUE AURORA"}},{"type":"Feature","geometry":{"type":"Point","coordinates":[-41.327976,-21.786999]},"properties":{"nome":"4467","tipo":"ponto","bairro":"PARQUE AURORA"}},{"type":"Feature","geometry":{"type":"Point","coordinates":[-41.327746,-21.787022]},"properties":{"nome":"4477","tipo":"ponto","bairro":"PARQUE AURORA"}},{"type":"Feature","geometry":{"type":"Point","coordinates":[-41.324736,-21.788193]},"properties":{"nome":"5177","tipo":"ponto","bairro":"PARQUE AURORA"}},{"type":"Feature","geometry":{"type":"Point","coordinates":[-41.325655,-21.786195]},"properties":{"nome":"5257","tipo":"ponto","bairro":"PARQUE AURORA"}},{"type":"Feature","geometry":{"type":"Point","coordinates":[-41.325517,-21.788989]},"properties":{"nome":"5317","tipo":"ponto","bairro":"PARQUE AURORA"}},{"type":"Feature","geometry":{"type":"Point","coordinates":[-41.325458,-21.788802]},"properties":{"nome":"5327","tipo":"ponto","bairro":"PARQUE AURORA"}},{"type":"Feature","geometry":{"type":"Point","coordinates":[-41.325332,-21.788261]},"properties":{"nome":"5356","tipo":"ponto","bairro":"PARQUE AURORA"}},{"type":"Feature","geometry":{"type":"Point","coordinates":[-41.325301,-21.787996]},"properties":{"nome":"5366","tipo":"ponto","bairro":"PARQUE AURORA"}},{"type":"Feature","geometry":{"type":"Point","coordinates":[-41.324951,-21.78655]},"properties":{"nome":"5466","tipo":"ponto","bairro":"PARQUE AURORA"}},{"type":"Feature","geometry":{"type":"Point","coordinates":[-41.324173,-21.786517]},"properties":{"nome":"5525","tipo":"ponto","bairro":"PARQUE AURORA"}},{"type":"Feature","geometry":{"type":"Point","coordinates":[-41.323818,-21.788244]},"properties":{"nome":"5535","tipo":"ponto","bairro":"PARQUE AURORA"}},{"type":"Feature","geometry":{"type":"Point","coordinates":[-41.323464,-21.786703]},"properties":{"nome":"5615","tipo":"ponto","bairro":"PARQUE AURORA"}},{"type":"Feature","geometry":{"type":"Point","coordinates":[-41.323468,-21.79]},"properties":{"nome":"5625","tipo":"ponto","bairro":"PARQUE AURORA"}},{"type":"Feature","geometry":{"type":"Point","coordinates":[-41.323305,-21.789193]},"properties":{"nome":"5665","tipo":"ponto","bairro":"PARQUE AURORA"}},{"type":"Feature","geometry":{"type":"Point","coordinates":[-41.323305,-21.78917]},"properties":{"nome":"5675","tipo":"ponto","bairro":"PARQUE AURORA"}},{"type":"Feature","geometry":{"type":"Point","coordinates":[-41.323209,-21.788874]},"properties":{"nome":"5695","tipo":"ponto","bairro":"PARQUE AURORA"}},{"type":"Feature","geometry":{"type":"Point","coordinates":[-41.323152,-21.788408]},"properties":{"nome":"5705","tipo":"ponto","bairro":"PARQUE AURORA"}},{"type":"Feature","geometry":{"type":"Point","coordinates":[-41.322799,-21.787004]},"properties":{"nome":"5785","tipo":"ponto","bairro":"PARQUE AURORA"}},{"type":"Feature","geometry":{"type":"Point","coordinates":[-41.322468,-21.788827]},"properties":{"nome":"5805","tipo":"ponto","bairro":"PARQUE AURORA"}},{"type":"Feature","geometry":{"type":"Point","coordinates":[-41.325501,-21.78868]},"properties":{"nome":"5945","tipo":"ponto","bairro":"PARQUE AURORA"}},{"type":"Feature","geometry":{"type":"Point","coordinates":[-41.324488,-21.789972]},"properties":{"nome":"6243","tipo":"ponto","bairro":"PARQUE AURORA"}},{"type":"Feature","geometry":{"type":"Point","coordinates":[-41.324087,-21.790021]},"properties":{"nome":"6253","tipo":"ponto","bairro":"PARQUE AURORA"}},{"type":"Feature","geometry":{"type":"Point","coordinates":[-41.323383,-21.790918]},"properties":{"nome":"6443","tipo":"ponto","bairro":"PARQUE AURORA"}},{"type":"Feature","geometry":{"type":"Point","coordinates":[-41.323493,-21.791131]},"properties":{"nome":"6453","tipo":"ponto","bairro":"PARQUE AURORA"}},{"type":"Feature","geometry":{"type":"Point","coordinates":[-41.32409,-21.792362]},"properties":{"nome":"6503","tipo":"ponto","bairro":"PARQUE AURORA"}},{"type":"Feature","geometry":{"type":"Point","coordinates":[-41.32426,-21.792696]},"properties":{"nome":"6513","tipo":"ponto","bairro":"PARQUE AURORA"}},{"type":"Feature","geometry":{"type":"Point","coordinates":[-41.3248,-21.793727]},"properties":{"nome":"6573","tipo":"ponto","bairro":"PARQUE AURORA"}},{"type":"Feature","geometry":{"type":"Point","coordinates":[-41.324853,-21.793886]},"properties":{"nome":"6583","tipo":"ponto","bairro":"PARQUE AURORA"}},{"type":"Feature","geometry":{"type":"Point","coordinates":[-41.32546,-21.795121]},"properties":{"nome":"6633","tipo":"ponto","bairro":"PARQUE AURORA"}},{"type":"Feature","geometry":{"type":"Point","coordinates":[-41.325499,-21.79522]},"properties":{"nome":"6643","tipo":"ponto","bairro":"PARQUE AURORA"}},{"type":"Feature","geometry":{"type":"Point","coordinates":[-41.324827,-21.792462]},"properties":{"nome":"6803","tipo":"ponto","bairro":"PARQUE AURORA"}},{"type":"Feature","geometry":{"type":"Point","coordinates":[-41.324707,-21.792176]},"properties":{"nome":"6813","tipo":"ponto","bairro":"PARQUE AURORA"}},{"type":"Feature","geometry":{"type":"Point","coordinates":[-41.324249,-21.791245]},"properties":{"nome":"6863","tipo":"ponto","bairro":"PARQUE AURORA"}},{"type":"Feature","geometry":{"type":"Point","coordinates":[-41.323994,-21.790759]},"properties":{"nome":"6873","tipo":"ponto","bairro":"PARQUE AURORA"}},{"type":"Feature","geometry":{"type":"Point","coordinates":[-41.32386,-21.79049]},"properties":{"nome":"6893","tipo":"ponto","bairro":"PARQUE AURORA"}},{"type":"Feature","geometry":{"type":"Point","coordinates":[-41.322603,-21.79048]},"properties":{"nome":"6903","tipo":"ponto","bairro":"PARQUE AURORA"}},{"type":"Feature","geometry":{"type":"Point","coordinates":[-41.32293,-21.791083]},"properties":{"nome":"6943","tipo":"ponto","bairro":"PARQUE AURORA"}},{"type":"Feature","geometry":{"type":"Point","coordinates":[-41.323135,-21.791584]},"properties":{"nome":"6953","tipo":"ponto","bairro":"PARQUE AURORA"}},{"type":"Feature","geometry":{"type":"Point","coordinates":[-41.323688,-21.792693]},"properties":{"nome":"7003","tipo":"ponto","bairro":"PARQUE AURORA"}},{"type":"Feature","geometry":{"type":"Point","coordinates":[-41.323839,-21.792948]},"properties":{"nome":"7013","tipo":"ponto","bairro":"PARQUE AURORA"}},{"type":"Feature","geometry":{"type":"Point","coordinates":[-41.32439,-21.794123]},"properties":{"nome":"7063","tipo":"ponto","bairro":"PARQUE AURORA"}},{"type":"Feature","geometry":{"type":"Point","coordinates":[-41.324477,-21.794328]},"properties":{"nome":"7073","tipo":"ponto","bairro":"PARQUE AURORA"}},{"type":"Feature","geometry":{"type":"Point","coordinates":[-41.324199,-21.789115]},"properties":{"nome":"7193","tipo":"ponto","bairro":"PARQUE AURORA"}},{"type":"Feature","geometry":{"type":"Point","coordinates":[-41.3219,-21.790223]},"properties":{"nome":"7253","tipo":"ponto","bairro":"PARQUE AURORA"}},{"type":"Feature","geometry":{"type":"Point","coordinates":[-41.322528,-21.791478]},"properties":{"nome":"7313","tipo":"ponto","bairro":"PARQUE AURORA"}},{"type":"Feature","geometry":{"type":"Point","coordinates":[-41.323099,-21.792696]},"properties":{"nome":"7373","tipo":"ponto","bairro":"PARQUE AURORA"}},{"type":"Feature","geometry":{"type":"Point","coordinates":[-41.323357,-21.793155]},"properties":{"nome":"7383","tipo":"ponto","bairro":"PARQUE AURORA"}},{"type":"Feature","geometry":{"type":"Point","coordinates":[-41.331678,-21.785064]},"properties":{"nome":"7982","tipo":"ponto","bairro":"PARQUE AURORA"}},{"type":"Feature","geometry":{"type":"Point","coordinates":[-41.321928,-21.781189]},"properties":{"nome":"8142","tipo":"ponto","bairro":"PARQUE AURORA"}},{"type":"Feature","geometry":{"type":"Point","coordinates":[-41.321946,-21.78156]},"properties":{"nome":"8172","tipo":"ponto","bairro":"PARQUE AURORA"}},{"type":"Feature","geometry":{"type":"Point","coordinates":[-41.321933,-21.781977]},"properties":{"nome":"8182","tipo":"ponto","bairro":"PARQUE AURORA"}},{"type":"Feature","geometry":{"type":"Point","coordinates":[-41.321951,-21.782755]},"properties":{"nome":"8232","tipo":"ponto","bairro":"PARQUE AURORA"}},{"type":"Feature","geometry":{"type":"Point","coordinates":[-41.321968,-21.783717]},"properties":{"nome":"8262","tipo":"ponto","bairro":"PARQUE AURORA"}},{"type":"Feature","geometry":{"type":"Point","coordinates":[-41.325539,-21.780654]},"properties":{"nome":"8272","tipo":"ponto","bairro":"PARQUE AURORA"}},{"type":"Feature","geometry":{"type":"Point","coordinates":[-41.325435,-21.780481]},"properties":{"nome":"8302","tipo":"ponto","bairro":"PARQUE AURORA"}},{"type":"Feature","geometry":{"type":"Point","coordinates":[-41.325001,-21.780584]},"properties":{"nome":"8342","tipo":"ponto","bairro":"PARQUE AURORA"}},{"type":"Feature","geometry":{"type":"Point","coordinates":[-41.324821,-21.78063]},"properties":{"nome":"8352","tipo":"ponto","bairro":"PARQUE AURORA"}},{"type":"Feature","geometry":{"type":"Point","coordinates":[-41.32385,-21.780795]},"properties":{"nome":"8392","tipo":"ponto","bairro":"PARQUE AURORA"}},{"type":"Feature","geometry":{"type":"Point","coordinates":[-41.323748,-21.780804]},"properties":{"nome":"8402","tipo":"ponto","bairro":"PARQUE AURORA"}},{"type":"Feature","geometry":{"type":"Point","coordinates":[-41.32344,-21.781053]},"properties":{"nome":"8472","tipo":"ponto","bairro":"PARQUE AURORA"}},{"type":"Feature","geometry":{"type":"Point","coordinates":[-41.323757,-21.781009]},"properties":{"nome":"8482","tipo":"ponto","bairro":"PARQUE AURORA"}},{"type":"Feature","geometry":{"type":"Point","coordinates":[-41.324559,-21.780907]},"properties":{"nome":"8512","tipo":"ponto","bairro":"PARQUE AURORA"}},{"type":"Feature","geometry":{"type":"Point","coordinates":[-41.325041,-21.780792]},"properties":{"nome":"8522","tipo":"ponto","bairro":"PARQUE AURORA"}},{"type":"Feature","geometry":{"type":"Point","coordinates":[-41.321857,-21.780902]},"properties":{"nome":"8562","tipo":"ponto","bairro":"PARQUE AURORA"}},{"type":"Feature","geometry":{"type":"Point","coordinates":[-41.321771,-21.781134]},"properties":{"nome":"8672","tipo":"ponto","bairro":"PARQUE AURORA"}},{"type":"Feature","geometry":{"type":"Point","coordinates":[-41.321877,-21.781127]},"properties":{"nome":"8682","tipo":"ponto","bairro":"PARQUE AURORA"}},{"type":"Feature","geometry":{"type":"Point","coordinates":[-41.319861,-21.781143]},"properties":{"nome":"8703","tipo":"ponto","bairro":"PARQUE AURORA"}},{"type":"Feature","geometry":{"type":"Point","coordinates":[-41.320092,-21.781158]},"properties":{"nome":"8712","tipo":"ponto","bairro":"PARQUE AURORA"}},{"type":"Feature","geometry":{"type":"Point","coordinates":[-41.320053,-21.780932]},"properties":{"nome":"8762","tipo":"ponto","bairro":"PARQUE AURORA"}},{"type":"Feature","geometry":{"type":"Point","coordinates":[-41.319855,-21.780943]},"properties":{"nome":"8772","tipo":"ponto","bairro":"PARQUE AURORA"}},{"type":"Feature","geometry":{"type":"Point","coordinates":[-41.319242,-21.780946]},"properties":{"nome":"8812","tipo":"ponto","bairro":"PARQUE AURORA"}},{"type":"Feature","geometry":{"type":"Point","coordinates":[-41.318662,-21.780938]},"properties":{"nome":"8822","tipo":"ponto","bairro":"PARQUE AURORA"}},{"type":"Feature","geometry":{"type":"Point","coordinates":[-41.317248,-21.780953]},"properties":{"nome":"8892","tipo":"ponto","bairro":"PARQUE AURORA"}},{"type":"Feature","geometry":{"type":"Point","coordinates":[-41.316641,-21.780958]},"properties":{"nome":"8912","tipo":"ponto","bairro":"PARQUE AURORA"}},{"type":"Feature","geometry":{"type":"Point","coordinates":[-41.315911,-21.781214]},"properties":{"nome":"8942","tipo":"ponto","bairro":"PARQUE AURORA"}},{"type":"Feature","geometry":{"type":"Point","coordinates":[-41.316281,-21.781204]},"properties":{"nome":"8952","tipo":"ponto","bairro":"PARQUE AURORA"}},{"type":"Feature","geometry":{"type":"Point","coordinates":[-41.315066,-21.781063]},"properties":{"nome":"9022","tipo":"ponto","bairro":"PARQUE AURORA"}},{"type":"Feature","geometry":{"type":"Point","coordinates":[-41.31486,-21.781056]},"properties":{"nome":"9032","tipo":"ponto","bairro":"PARQUE AURORA"}},{"type":"Feature","geometry":{"type":"Point","coordinates":[-41.313425,-21.781042]},"properties":{"nome":"9082","tipo":"ponto","bairro":"PARQUE AURORA"}},{"type":"Feature","geometry":{"type":"Point","coordinates":[-41.313018,-21.781078]},"properties":{"nome":"9092","tipo":"ponto","bairro":"PARQUE AURORA"}},{"type":"Feature","geometry":{"type":"Point","coordinates":[-41.311844,-21.781062]},"properties":{"nome":"9122","tipo":"ponto","bairro":"PARQUE AURORA"}},{"type":"Feature","geometry":{"type":"Point","coordinates":[-41.311931,-21.781188]},"properties":{"nome":"9132","tipo":"ponto","bairro":"PARQUE AURORA"}},{"type":"Feature","geometry":{"type":"Point","coordinates":[-41.313237,-21.781277]},"properties":{"nome":"9182","tipo":"ponto","bairro":"PARQUE AURORA"}},{"type":"Feature","geometry":{"type":"Point","coordinates":[-41.315016,-21.781278]},"properties":{"nome":"9212","tipo":"ponto","bairro":"PARQUE AURORA"}},{"type":"Feature","geometry":{"type":"Point","coordinates":[-41.315166,-21.781277]},"properties":{"nome":"9222","tipo":"ponto","bairro":"PARQUE AURORA"}},{"type":"Feature","geometry":{"type":"Point","coordinates":[-41.327734,-21.779707]},"properties":{"nome":"9232","tipo":"ponto","bairro":"PARQUE AURORA"}},{"type":"Feature","geometry":{"type":"Point","coordinates":[-41.327956,-21.766138]},"properties":{"nome":"9242","tipo":"ponto","bairro":"PARQUE AURORA"}},{"type":"Feature","geometry":{"type":"Point","coordinates":[-41.314278,-21.785665]},"properties":{"nome":"9252","tipo":"ponto","bairro":"PARQUE AURORA"}},{"type":"Feature","geometry":{"type":"Point","coordinates":[-41.311973,-21.781328]},"properties":{"nome":"9413","tipo":"ponto","bairro":"PARQUE AURORA"}},{"type":"Feature","geometry":{"type":"Point","coordinates":[-41.314882,-21.781926]},"properties":{"nome":"9502","tipo":"ponto","bairro":"PARQUE AURORA"}},{"type":"Feature","geometry":{"type":"Point","coordinates":[-41.315251,-21.781935]},"properties":{"nome":"9512","tipo":"ponto","bairro":"PARQUE AURORA"}},{"type":"Feature","geometry":{"type":"Point","coordinates":[-41.315693,-21.782523]},"properties":{"nome":"9632","tipo":"ponto","bairro":"PARQUE AURORA"}},{"type":"Feature","geometry":{"type":"Point","coordinates":[-41.315622,-21.783226]},"properties":{"nome":"9642","tipo":"ponto","bairro":"PARQUE AURORA"}},{"type":"Feature","geometry":{"type":"Point","coordinates":[-41.328551,-21.771697]},"properties":{"nome":"14520","tipo":"ponto","bairro":"PARQUE AURORA"}},{"type":"Feature","geometry":{"type":"Point","coordinates":[-41.328231,-21.771828]},"properties":{"nome":"14620","tipo":"ponto","bairro":"PARQUE AURORA"}},{"type":"Feature","geometry":{"type":"Point","coordinates":[-41.327945,-21.771935]},"properties":{"nome":"14720","tipo":"ponto","bairro":"PARQUE AURORA"}},{"type":"Feature","geometry":{"type":"Point","coordinates":[-41.328014,-21.77187]},"properties":{"nome":"14820","tipo":"ponto","bairro":"PARQUE AURORA"}},{"type":"Feature","geometry":{"type":"Point","coordinates":[-41.327916,-21.771917]},"properties":{"nome":"14920","tipo":"ponto","bairro":"PARQUE AURORA"}},{"type":"Feature","geometry":{"type":"Point","coordinates":[-41.327067,-21.772075]},"properties":{"nome":"15620","tipo":"ponto","bairro":"PARQUE AURORA"}},{"type":"Feature","geometry":{"type":"Point","coordinates":[-41.326746,-21.772162]},"properties":{"nome":"15720","tipo":"ponto","bairro":"PARQUE AURORA"}},{"type":"Feature","geometry":{"type":"Point","coordinates":[-41.326707,-21.772288]},"properties":{"nome":"15820","tipo":"ponto","bairro":"PARQUE AURORA"}},{"type":"Feature","geometry":{"type":"Point","coordinates":[-41.32655,-21.772339]},"properties":{"nome":"15920","tipo":"ponto","bairro":"PARQUE AURORA"}},{"type":"Feature","geometry":{"type":"Point","coordinates":[-41.325807,-21.772496]},"properties":{"nome":"16520","tipo":"ponto","bairro":"PARQUE AURORA"}},{"type":"Feature","geometry":{"type":"Point","coordinates":[-41.325521,-21.772554]},"properties":{"nome":"16620","tipo":"ponto","bairro":"PARQUE AURORA"}},{"type":"Feature","geometry":{"type":"Point","coordinates":[-41.325209,-21.77277]},"properties":{"nome":"16920","tipo":"ponto","bairro":"PARQUE AURORA"}},{"type":"Feature","geometry":{"type":"Point","coordinates":[-41.324881,-21.772834]},"properties":{"nome":"17020","tipo":"ponto","bairro":"PARQUE AURORA"}},{"type":"Feature","geometry":{"type":"Point","coordinates":[-41.324826,-21.772772]},"properties":{"nome":"17120","tipo":"ponto","bairro":"PARQUE AURORA"}},{"type":"Feature","geometry":{"type":"Point","coordinates":[-41.324654,-21.772959]},"properties":{"nome":"17220","tipo":"ponto","bairro":"PARQUE AURORA"}},{"type":"Feature","geometry":{"type":"Point","coordinates":[-41.323543,-21.77317]},"properties":{"nome":"18718","tipo":"ponto","bairro":"PARQUE AURORA"}},{"type":"Feature","geometry":{"type":"Point","coordinates":[-41.323299,-21.773269]},"properties":{"nome":"18818","tipo":"ponto","bairro":"PARQUE AURORA"}},{"type":"Feature","geometry":{"type":"Point","coordinates":[-41.323028,-21.773318]},"properties":{"nome":"18918","tipo":"ponto","bairro":"PARQUE AURORA"}},{"type":"Feature","geometry":{"type":"Point","coordinates":[-41.323333,-21.773381]},"properties":{"nome":"19018","tipo":"ponto","bairro":"PARQUE AURORA"}},{"type":"Feature","geometry":{"type":"Point","coordinates":[-41.321557,-21.773836]},"properties":{"nome":"19719","tipo":"ponto","bairro":"PARQUE AURORA"}},{"type":"Feature","geometry":{"type":"Point","coordinates":[-41.321682,-21.773907]},"properties":{"nome":"19818","tipo":"ponto","bairro":"PARQUE AURORA"}},{"type":"Feature","geometry":{"type":"Point","coordinates":[-41.321618,-21.773922]},"properties":{"nome":"20317","tipo":"ponto","bairro":"PARQUE AURORA"}},{"type":"Feature","geometry":{"type":"Point","coordinates":[-41.321209,-21.773973]},"properties":{"nome":"21416","tipo":"ponto","bairro":"PARQUE AURORA"}},{"type":"Feature","geometry":{"type":"Point","coordinates":[-41.321201,-21.773966]},"properties":{"nome":"21516","tipo":"ponto","bairro":"PARQUE AURORA"}},{"type":"Feature","geometry":{"type":"Point","coordinates":[-41.32745,-21.769998]},"properties":{"nome":"2539","tipo":"ponto","bairro":"PARQUE AURORA"}},{"type":"Feature","geometry":{"type":"Point","coordinates":[-41.327453,-21.769973]},"properties":{"nome":"2549","tipo":"ponto","bairro":"PARQUE AURORA"}},{"type":"Feature","geometry":{"type":"Point","coordinates":[-41.326101,-21.770466]},"properties":{"nome":"2649","tipo":"ponto","bairro":"PARQUE AURORA"}},{"type":"Feature","geometry":{"type":"Point","coordinates":[-41.329236,-21.773359]},"properties":{"nome":"2738","tipo":"ponto","bairro":"PARQUE AURORA"}},{"type":"Feature","geometry":{"type":"Point","coordinates":[-41.328716,-21.773538]},"properties":{"nome":"2748","tipo":"ponto","bairro":"PARQUE AURORA"}},{"type":"Feature","geometry":{"type":"Point","coordinates":[-41.329638,-21.775151]},"properties":{"nome":"2838","tipo":"abertura","bairro":"PARQUE AURORA"}},{"type":"Feature","geometry":{"type":"Point","coordinates":[-41.330235,-21.776942]},"properties":{"nome":"2848","tipo":"ponto","bairro":"PARQUE AURORA"}},{"type":"Feature","geometry":{"type":"Point","coordinates":[-41.327284,-21.769898]},"properties":{"nome":"3537","tipo":"ponto","bairro":"PARQUE AURORA"}},{"type":"Feature","geometry":{"type":"Point","coordinates":[-41.327289,-21.770011]},"properties":{"nome":"3547","tipo":"ponto","bairro":"PARQUE AURORA"}},{"type":"Feature","geometry":{"type":"Point","coordinates":[-41.327435,-21.770137]},"properties":{"nome":"3557","tipo":"ponto","bairro":"PARQUE AURORA"}},{"type":"Feature","geometry":{"type":"Point","coordinates":[-41.327468,-21.770132]},"properties":{"nome":"3567","tipo":"ponto","bairro":"PARQUE AURORA"}},{"type":"Feature","geometry":{"type":"Point","coordinates":[-41.327006,-21.769018]},"properties":{"nome":"3607","tipo":"ponto","bairro":"PARQUE AURORA"}},{"type":"Feature","geometry":{"type":"Point","coordinates":[-41.326891,-21.768808]},"properties":{"nome":"3617","tipo":"ponto","bairro":"PARQUE AURORA"}},{"type":"Feature","geometry":{"type":"Point","coordinates":[-41.328061,-21.771686]},"properties":{"nome":"3727","tipo":"ponto","bairro":"PARQUE AURORA"}},{"type":"Feature","geometry":{"type":"Point","coordinates":[-41.327972,-21.771692]},"properties":{"nome":"3737","tipo":"ponto","bairro":"PARQUE AURORA"}},{"type":"Feature","geometry":{"type":"Point","coordinates":[-41.328966,-21.77392]},"properties":{"nome":"3757","tipo":"ponto","bairro":"PARQUE AURORA"}},{"type":"Feature","geometry":{"type":"Point","coordinates":[-41.328848,-21.773561]},"properties":{"nome":"3767","tipo":"ponto","bairro":"PARQUE AURORA"}},{"type":"Feature","geometry":{"type":"Point","coordinates":[-41.328197,-21.771905]},"properties":{"nome":"3847","tipo":"ponto","bairro":"PARQUE AURORA"}},{"type":"Feature","geometry":{"type":"Point","coordinates":[-41.33024,-21.777119]},"properties":{"nome":"3947","tipo":"ponto","bairro":"PARQUE AURORA"}},{"type":"Feature","geometry":{"type":"Point","coordinates":[-41.330189,-21.776939]},"properties":{"nome":"3957","tipo":"ponto","bairro":"PARQUE AURORA"}},{"type":"Feature","geometry":{"type":"Point","coordinates":[-41.332928,-21.777909]},"properties":{"nome":"4116","tipo":"ponto","bairro":"PARQUE AURORA"}},{"type":"Feature","geometry":{"type":"Point","coordinates":[-41.331744,-21.773564]},"properties":{"nome":"4326","tipo":"ponto","bairro":"PARQUE AURORA"}},{"type":"Feature","geometry":{"type":"Point","coordinates":[-41.33113,-21.771394]},"properties":{"nome":"4366","tipo":"ponto","bairro":"PARQUE AURORA"}},{"type":"Feature","geometry":{"type":"Point","coordinates":[-41.330845,-21.770538]},"properties":{"nome":"4376","tipo":"ponto","bairro":"PARQUE AURORA"}},{"type":"Feature","geometry":{"type":"Point","coordinates":[-41.330859,-21.770575]},"properties":{"nome":"43811","tipo":"ponto","bairro":"PARQUE AURORA"}},{"type":"Feature","geometry":{"type":"Point","coordinates":[-41.330903,-21.770751]},"properties":{"nome":"4386","tipo":"ponto","bairro":"PARQUE AURORA"}},{"type":"Feature","geometry":{"type":"Point","coordinates":[-41.330375,-21.769215]},"properties":{"nome":"4406","tipo":"ponto","bairro":"PARQUE AURORA"}},{"type":"Feature","geometry":{"type":"Point","coordinates":[-41.330434,-21.769003]},"properties":{"nome":"44411","tipo":"ponto","bairro":"PARQUE AURORA"}},{"type":"Feature","geometry":{"type":"Point","coordinates":[-41.330346,-21.76895]},"properties":{"nome":"4446","tipo":"ponto","bairro":"PARQUE AURORA"}},{"type":"Feature","geometry":{"type":"Point","coordinates":[-41.330198,-21.768015]},"properties":{"nome":"4526","tipo":"ponto","bairro":"PARQUE AURORA"}},{"type":"Feature","geometry":{"type":"Point","coordinates":[-41.330194,-21.768028]},"properties":{"nome":"4536","tipo":"ponto","bairro":"PARQUE AURORA"}},{"type":"Feature","geometry":{"type":"Point","coordinates":[-41.329913,-21.767358]},"properties":{"nome":"4566","tipo":"ponto","bairro":"PARQUE AURORA"}},{"type":"Feature","geometry":{"type":"Point","coordinates":[-41.326077,-21.768269]},"properties":{"nome":"4636","tipo":"ponto","bairro":"PARQUE AURORA"}},{"type":"Feature","geometry":{"type":"Point","coordinates":[-41.325726,-21.76839]},"properties":{"nome":"4646","tipo":"ponto","bairro":"PARQUE AURORA"}},{"type":"Feature","geometry":{"type":"Point","coordinates":[-41.323812,-21.770421]},"properties":{"nome":"4786","tipo":"ponto","bairro":"PARQUE AURORA"}},{"type":"Feature","geometry":{"type":"Point","coordinates":[-41.324103,-21.770334]},"properties":{"nome":"4796","tipo":"ponto","bairro":"PARQUE AURORA"}},{"type":"Feature","geometry":{"type":"Point","coordinates":[-41.319364,-21.775763]},"properties":{"nome":"4956","tipo":"ponto","bairro":"PARQUE AURORA"}},{"type":"Feature","geometry":{"type":"Point","coordinates":[-41.31946,-21.775766]},"properties":{"nome":"4986","tipo":"ponto","bairro":"PARQUE AURORA"}},{"type":"Feature","geometry":{"type":"Point","coordinates":[-41.319873,-21.775755]},"properties":{"nome":"4996","tipo":"ponto","bairro":"PARQUE AURORA"}},{"type":"Feature","geometry":{"type":"Point","coordinates":[-41.321675,-21.775754]},"properties":{"nome":"5056","tipo":"ponto","bairro":"PARQUE AURORA"}},{"type":"Feature","geometry":{"type":"Point","coordinates":[-41.321928,-21.775756]},"properties":{"nome":"5066","tipo":"ponto","bairro":"PARQUE AURORA"}},{"type":"Feature","geometry":{"type":"Point","coordinates":[-41.323778,-21.775437]},"properties":{"nome":"5156","tipo":"ponto","bairro":"PARQUE AURORA"}},{"type":"Feature","geometry":{"type":"Point","coordinates":[-41.323789,-21.775435]},"properties":{"nome":"5166","tipo":"ponto","bairro":"PARQUE AURORA"}},{"type":"Feature","geometry":{"type":"Point","coordinates":[-41.325307,-21.774926]},"properties":{"nome":"5216","tipo":"ponto","bairro":"PARQUE AURORA"}},{"type":"Feature","geometry":{"type":"Point","coordinates":[-41.32602,-21.774647]},"properties":{"nome":"5266","tipo":"ponto","bairro":"PARQUE AURORA"}},{"type":"Feature","geometry":{"type":"Point","coordinates":[-41.326945,-21.774307]},"properties":{"nome":"5306","tipo":"ponto","bairro":"PARQUE AURORA"}},{"type":"Feature","geometry":{"type":"Point","coordinates":[-41.329345,-21.775247]},"properties":{"nome":"5385","tipo":"ponto","bairro":"PARQUE AURORA"}},{"type":"Feature","geometry":{"type":"Point","coordinates":[-41.325202,-21.778731]},"properties":{"nome":"5524","tipo":"ponto","bairro":"PARQUE AURORA"}},{"type":"Feature","geometry":{"type":"Point","coordinates":[-41.32725,-21.778017]},"properties":{"nome":"5584","tipo":"ponto","bairro":"PARQUE AURORA"}},{"type":"Feature","geometry":{"type":"Point","coordinates":[-41.327278,-21.778024]},"properties":{"nome":"5594","tipo":"ponto","bairro":"PARQUE AURORA"}},{"type":"Feature","geometry":{"type":"Point","coordinates":[-41.327595,-21.778262]},"properties":{"nome":"5664","tipo":"ponto","bairro":"PARQUE AURORA"}},{"type":"Feature","geometry":{"type":"Point","coordinates":[-41.328666,-21.777145]},"properties":{"nome":"5844","tipo":"ponto","bairro":"PARQUE AURORA"}},{"type":"Feature","geometry":{"type":"Point","coordinates":[-41.326457,-21.777302]},"properties":{"nome":"5974","tipo":"ponto","bairro":"PARQUE AURORA"}},{"type":"Feature","geometry":{"type":"Point","coordinates":[-41.326828,-21.77718]},"properties":{"nome":"5983","tipo":"ponto","bairro":"PARQUE AURORA"}},{"type":"Feature","geometry":{"type":"Point","coordinates":[-41.324926,-21.766755]},"properties":{"nome":"6082","tipo":"ponto","bairro":"PARQUE AURORA"}},{"type":"Feature","geometry":{"type":"Point","coordinates":[-41.325737,-21.768214]},"properties":{"nome":"6182","tipo":"ponto","bairro":"PARQUE AURORA"}},{"type":"Feature","geometry":{"type":"Point","coordinates":[-41.328938,-21.774444]},"properties":{"nome":"6252","tipo":"ponto","bairro":"PARQUE AURORA"}},{"type":"Feature","geometry":{"type":"Point","coordinates":[-41.327069,-21.774297]},"properties":{"nome":"6362","tipo":"ponto","bairro":"PARQUE AURORA"}},{"type":"Feature","geometry":{"type":"Point","coordinates":[-41.326776,-21.772723]},"properties":{"nome":"6412","tipo":"ponto","bairro":"PARQUE AURORA"}},{"type":"Feature","geometry":{"type":"Point","coordinates":[-41.326672,-21.772378]},"properties":{"nome":"6422","tipo":"ponto","bairro":"PARQUE AURORA"}},{"type":"Feature","geometry":{"type":"Point","coordinates":[-41.326021,-21.771253]},"properties":{"nome":"6492","tipo":"ponto","bairro":"PARQUE AURORA"}},{"type":"Feature","geometry":{"type":"Point","coordinates":[-41.326242,-21.770499]},"properties":{"nome":"6532","tipo":"ponto","bairro":"PARQUE AURORA"}},{"type":"Feature","geometry":{"type":"Point","coordinates":[-41.326256,-21.770493]},"properties":{"nome":"6542","tipo":"ponto","bairro":"PARQUE AURORA"}},{"type":"Feature","geometry":{"type":"Point","coordinates":[-41.325905,-21.768799]},"properties":{"nome":"6592","tipo":"ponto","bairro":"PARQUE AURORA"}},{"type":"Feature","geometry":{"type":"Point","coordinates":[-41.32355,-21.767057]},"properties":{"nome":"6602","tipo":"ponto","bairro":"PARQUE AURORA"}},{"type":"Feature","geometry":{"type":"Point","coordinates":[-41.323468,-21.767095]},"properties":{"nome":"6612","tipo":"ponto","bairro":"PARQUE AURORA"}},{"type":"Feature","geometry":{"type":"Point","coordinates":[-41.323917,-21.768995]},"properties":{"nome":"6732","tipo":"ponto","bairro":"PARQUE AURORA"}},{"type":"Feature","geometry":{"type":"Point","coordinates":[-41.323965,-21.768912]},"properties":{"nome":"6742","tipo":"ponto","bairro":"PARQUE AURORA"}},{"type":"Feature","geometry":{"type":"Point","coordinates":[-41.324254,-21.770485]},"properties":{"nome":"6822","tipo":"ponto","bairro":"PARQUE AURORA"}},{"type":"Feature","geometry":{"type":"Point","coordinates":[-41.324244,-21.770473]},"properties":{"nome":"6832","tipo":"ponto","bairro":"PARQUE AURORA"}},{"type":"Feature","geometry":{"type":"Point","coordinates":[-41.324312,-21.771096]},"properties":{"nome":"6902","tipo":"ponto","bairro":"PARQUE AURORA"}},{"type":"Feature","geometry":{"type":"Point","coordinates":[-41.324434,-21.771395]},"properties":{"nome":"6922","tipo":"ponto","bairro":"PARQUE AURORA"}},{"type":"Feature","geometry":{"type":"Point","coordinates":[-41.324608,-21.772539]},"properties":{"nome":"6982","tipo":"ponto","bairro":"PARQUE AURORA"}},{"type":"Feature","geometry":{"type":"Point","coordinates":[-41.324629,-21.772774]},"properties":{"nome":"6992","tipo":"ponto","bairro":"PARQUE AURORA"}},{"type":"Feature","geometry":{"type":"Point","coordinates":[-41.324829,-21.773259]},"properties":{"nome":"7032","tipo":"ponto","bairro":"PARQUE AURORA"}},{"type":"Feature","geometry":{"type":"Point","coordinates":[-41.324765,-21.773006]},"properties":{"nome":"7042","tipo":"ponto","bairro":"PARQUE AURORA"}},{"type":"Feature","geometry":{"type":"Point","coordinates":[-41.325073,-21.774587]},"properties":{"nome":"7142","tipo":"ponto","bairro":"PARQUE AURORA"}},{"type":"Feature","geometry":{"type":"Point","coordinates":[-41.325122,-21.774826]},"properties":{"nome":"7152","tipo":"ponto","bairro":"PARQUE AURORA"}},{"type":"Feature","geometry":{"type":"Point","coordinates":[-41.32523,-21.774993]},"properties":{"nome":"7162","tipo":"ponto","bairro":"PARQUE AURORA"}},{"type":"Feature","geometry":{"type":"Point","coordinates":[-41.325171,-21.77502]},"properties":{"nome":"7172","tipo":"ponto","bairro":"PARQUE AURORA"}},{"type":"Feature","geometry":{"type":"Point","coordinates":[-41.325224,-21.775083]},"properties":{"nome":"7182","tipo":"ponto","bairro":"PARQUE AURORA"}},{"type":"Feature","geometry":{"type":"Point","coordinates":[-41.325234,-21.775717]},"properties":{"nome":"7252","tipo":"ponto","bairro":"PARQUE AURORA"}},{"type":"Feature","geometry":{"type":"Point","coordinates":[-41.326418,-21.776296]},"properties":{"nome":"7302","tipo":"ponto","bairro":"PARQUE AURORA"}},{"type":"Feature","geometry":{"type":"Point","coordinates":[-41.324579,-21.776924]},"properties":{"nome":"7362","tipo":"ponto","bairro":"PARQUE AURORA"}},{"type":"Feature","geometry":{"type":"Point","coordinates":[-41.325383,-21.77139]},"properties":{"nome":"7402","tipo":"ponto","bairro":"PARQUE AURORA"}},{"type":"Feature","geometry":{"type":"Point","coordinates":[-41.32553,-21.772113]},"properties":{"nome":"7442","tipo":"ponto","bairro":"PARQUE AURORA"}},{"type":"Feature","geometry":{"type":"Point","coordinates":[-41.325606,-21.772461]},"properties":{"nome":"7452","tipo":"ponto","bairro":"PARQUE AURORA"}},{"type":"Feature","geometry":{"type":"Point","coordinates":[-41.326079,-21.774461]},"properties":{"nome":"7513","tipo":"ponto","bairro":"PARQUE AURORA"}},{"type":"Feature","geometry":{"type":"Point","coordinates":[-41.326088,-21.774449]},"properties":{"nome":"7522","tipo":"ponto","bairro":"PARQUE AURORA"}},{"type":"Feature","geometry":{"type":"Point","coordinates":[-41.326469,-21.776196]},"properties":{"nome":"7572","tipo":"ponto","bairro":"PARQUE AURORA"}},{"type":"Feature","geometry":{"type":"Point","coordinates":[-41.326765,-21.776276]},"properties":{"nome":"7592","tipo":"ponto","bairro":"PARQUE AURORA"}},{"type":"Feature","geometry":{"type":"Point","coordinates":[-41.326934,-21.77684]},"properties":{"nome":"7622","tipo":"ponto","bairro":"PARQUE AURORA"}},{"type":"Feature","geometry":{"type":"Point","coordinates":[-41.327241,-21.777779]},"properties":{"nome":"7652","tipo":"ponto","bairro":"PARQUE AURORA"}},{"type":"Feature","geometry":{"type":"Point","coordinates":[-41.327309,-21.778032]},"properties":{"nome":"7662","tipo":"ponto","bairro":"PARQUE AURORA"}},{"type":"Feature","geometry":{"type":"Point","coordinates":[-41.327797,-21.779555]},"properties":{"nome":"7742","tipo":"ponto","bairro":"PARQUE AURORA"}},{"type":"Feature","geometry":{"type":"Point","coordinates":[-41.327721,-21.778994]},"properties":{"nome":"7752","tipo":"ponto","bairro":"PARQUE AURORA"}},{"type":"Feature","geometry":{"type":"Point","coordinates":[-41.328323,-21.777902]},"properties":{"nome":"7872","tipo":"ponto","bairro":"PARQUE AURORA"}},{"type":"Feature","geometry":{"type":"Point","coordinates":[-41.322784,-21.772376]},"properties":{"nome":"8181","tipo":"ponto","bairro":"PARQUE AURORA"}},{"type":"Feature","geometry":{"type":"Point","coordinates":[-41.322831,-21.772521]},"properties":{"nome":"8191","tipo":"ponto","bairro":"PARQUE AURORA"}},{"type":"Feature","geometry":{"type":"Point","coordinates":[-41.32289,-21.772722]},"properties":{"nome":"8201","tipo":"ponto","bairro":"PARQUE AURORA"}},{"type":"Feature","geometry":{"type":"Point","coordinates":[-41.323021,-21.772699]},"properties":{"nome":"8211","tipo":"ponto","bairro":"PARQUE AURORA"}},{"type":"Feature","geometry":{"type":"Point","coordinates":[-41.323067,-21.772602]},"properties":{"nome":"8221","tipo":"ponto","bairro":"PARQUE AURORA"}},{"type":"Feature","geometry":{"type":"Point","coordinates":[-41.323151,-21.773183]},"properties":{"nome":"8371","tipo":"ponto","bairro":"PARQUE AURORA"}},{"type":"Feature","geometry":{"type":"Point","coordinates":[-41.323052,-21.773235]},"properties":{"nome":"8381","tipo":"ponto","bairro":"PARQUE AURORA"}},{"type":"Feature","geometry":{"type":"Point","coordinates":[-41.323137,-21.77347]},"properties":{"nome":"8391","tipo":"ponto","bairro":"PARQUE AURORA"}},{"type":"Feature","geometry":{"type":"Point","coordinates":[-41.323197,-21.773495]},"properties":{"nome":"8401","tipo":"ponto","bairro":"PARQUE AURORA"}},{"type":"Feature","geometry":{"type":"Point","coordinates":[-41.323689,-21.775035]},"properties":{"nome":"8501","tipo":"ponto","bairro":"PARQUE AURORA"}},{"type":"Feature","geometry":{"type":"Point","coordinates":[-41.323825,-21.775278]},"properties":{"nome":"8511","tipo":"ponto","bairro":"PARQUE AURORA"}},{"type":"Feature","geometry":{"type":"Point","coordinates":[-41.32401,-21.775488]},"properties":{"nome":"8551","tipo":"ponto","bairro":"PARQUE AURORA"}},{"type":"Feature","geometry":{"type":"Point","coordinates":[-41.324059,-21.775733]},"properties":{"nome":"8631","tipo":"ponto","bairro":"PARQUE AURORA"}},{"type":"Feature","geometry":{"type":"Point","coordinates":[-41.324534,-21.776999]},"properties":{"nome":"8641","tipo":"ponto","bairro":"PARQUE AURORA"}},{"type":"Feature","geometry":{"type":"Point","coordinates":[-41.324504,-21.777151]},"properties":{"nome":"8651","tipo":"ponto","bairro":"PARQUE AURORA"}},{"type":"Feature","geometry":{"type":"Point","coordinates":[-41.324793,-21.778183]},"properties":{"nome":"8731","tipo":"ponto","bairro":"PARQUE AURORA"}},{"type":"Feature","geometry":{"type":"Point","coordinates":[-41.325457,-21.780044]},"properties":{"nome":"8941","tipo":"ponto","bairro":"PARQUE AURORA"}},{"type":"Feature","geometry":{"type":"Point","coordinates":[-41.325558,-21.780343]},"properties":{"nome":"8951","tipo":"ponto","bairro":"PARQUE AURORA"}},{"type":"Feature","geometry":{"type":"Point","coordinates":[-41.325686,-21.78034]},"properties":{"nome":"8961","tipo":"ponto","bairro":"PARQUE AURORA"}},{"type":"Feature","geometry":{"type":"Point","coordinates":[-41.325683,-21.780684]},"properties":{"nome":"8971","tipo":"ponto","bairro":"PARQUE AURORA"}},{"type":"Feature","geometry":{"type":"Point","coordinates":[-41.325809,-21.78108]},"properties":{"nome":"8991","tipo":"ponto","bairro":"PARQUE AURORA"}},{"type":"Feature","geometry":{"type":"Point","coordinates":[-41.325909,-21.781222]},"properties":{"nome":"9001","tipo":"ponto","bairro":"PARQUE AURORA"}},{"type":"Feature","geometry":{"type":"Point","coordinates":[-41.325978,-21.781218]},"properties":{"nome":"9011","tipo":"ponto","bairro":"PARQUE AURORA"}},{"type":"Feature","geometry":{"type":"Point","coordinates":[-41.325997,-21.781427]},"properties":{"nome":"9031","tipo":"ponto","bairro":"PARQUE AURORA"}},{"type":"Feature","geometry":{"type":"Point","coordinates":[-41.326029,-21.781375]},"properties":{"nome":"9041","tipo":"ponto","bairro":"PARQUE AURORA"}},{"type":"Feature","geometry":{"type":"Point","coordinates":[-41.326162,-21.781789]},"properties":{"nome":"9081","tipo":"ponto","bairro":"PARQUE AURORA"}},{"type":"Feature","geometry":{"type":"Point","coordinates":[-41.326527,-21.782654]},"properties":{"nome":"9121","tipo":"ponto","bairro":"PARQUE AURORA"}},{"type":"Feature","geometry":{"type":"Point","coordinates":[-41.326687,-21.783209]},"properties":{"nome":"9131","tipo":"ponto","bairro":"PARQUE AURORA"}},{"type":"Feature","geometry":{"type":"Point","coordinates":[-41.32699,-21.784102]},"properties":{"nome":"9201","tipo":"ponto","bairro":"PARQUE AURORA"}},{"type":"Feature","geometry":{"type":"Point","coordinates":[-41.326993,-21.78401]},"properties":{"nome":"9211","tipo":"ponto","bairro":"PARQUE AURORA"}},{"type":"Feature","geometry":{"type":"Point","coordinates":[-41.327117,-21.784816]},"properties":{"nome":"9221","tipo":"ponto","bairro":"PARQUE AURORA"}},{"type":"Feature","geometry":{"type":"Point","coordinates":[-41.3273,-21.785372]},"properties":{"nome":"9261","tipo":"ponto","bairro":"PARQUE AURORA"}},{"type":"Feature","geometry":{"type":"Point","coordinates":[-41.327552,-21.785809]},"properties":{"nome":"9271","tipo":"ponto","bairro":"PARQUE AURORA"}},{"type":"Feature","geometry":{"type":"Point","coordinates":[-41.327814,-21.786959]},"properties":{"nome":"9341","tipo":"ponto","bairro":"PARQUE AURORA"}},{"type":"Feature","geometry":{"type":"Point","coordinates":[-41.327804,-21.786952]},"properties":{"nome":"9351","tipo":"ponto","bairro":"PARQUE AURORA"}},{"type":"Feature","geometry":{"type":"Point","coordinates":[-41.328202,-21.788182]},"properties":{"nome":"9412","tipo":"ponto","bairro":"PARQUE AURORA"}},{"type":"Feature","geometry":{"type":"Point","coordinates":[-41.328549,-21.78898]},"properties":{"nome":"9481","tipo":"ponto","bairro":"PARQUE AURORA"}},{"type":"Feature","geometry":{"type":"Point","coordinates":[-41.349425,-21.765295]},"properties":{"nome":"00156","tipo":"ponto","bairro":"PARQUE AURORA"}},{"type":"Feature","geometry":{"type":"Point","coordinates":[-41.349732,-21.765456]},"properties":{"nome":"00256","tipo":"abertura","bairro":"PARQUE AURORA"}},{"type":"Feature","geometry":{"type":"Point","coordinates":[-41.350017,-21.765595]},"properties":{"nome":"00456","tipo":"ponto","bairro":"PARQUE AURORA"}},{"type":"Feature","geometry":{"type":"Point","coordinates":[-41.350261,-21.765597]},"properties":{"nome":"00556","tipo":"abertura","bairro":"PARQUE AURORA"}},{"type":"Feature","geometry":{"type":"Point","coordinates":[-41.350937,-21.76447]},"properties":{"nome":"01056","tipo":"ponto","bairro":"PARQUE AURORA"}},{"type":"Feature","geometry":{"type":"Point","coordinates":[-41.351062,-21.764263]},"properties":{"nome":"01156","tipo":"ponto","bairro":"PARQUE AURORA"}},{"type":"Feature","geometry":{"type":"Point","coordinates":[-41.351103,-21.764368]},"properties":{"nome":"01356","tipo":"ponto","bairro":"PARQUE AURORA"}},{"type":"Feature","geometry":{"type":"Point","coordinates":[-41.351408,-21.764528]},"properties":{"nome":"01456","tipo":"ponto","bairro":"PARQUE AURORA"}},{"type":"Feature","geometry":{"type":"Point","coordinates":[-41.351665,-21.764549]},"properties":{"nome":"01656","tipo":"ponto","bairro":"PARQUE AURORA"}},{"type":"Feature","geometry":{"type":"Point","coordinates":[-41.351521,-21.764797]},"properties":{"nome":"01756","tipo":"ponto","bairro":"PARQUE AURORA"}},{"type":"Feature","geometry":{"type":"Point","coordinates":[-41.350838,-21.765926]},"properties":{"nome":"02256","tipo":"ponto","bairro":"PARQUE AURORA"}},{"type":"Feature","geometry":{"type":"Point","coordinates":[-41.350651,-21.765929]},"properties":{"nome":"02356","tipo":"ponto","bairro":"PARQUE AURORA"}},{"type":"Feature","geometry":{"type":"Point","coordinates":[-41.350956,-21.766083]},"properties":{"nome":"02555","tipo":"ponto","bairro":"PARQUE AURORA"}},{"type":"Feature","geometry":{"type":"Point","coordinates":[-41.35127,-21.766246]},"properties":{"nome":"02655","tipo":"ponto","bairro":"PARQUE AURORA"}},{"type":"Feature","geometry":{"type":"Point","coordinates":[-41.351414,-21.766233]},"properties":{"nome":"02755","tipo":"ponto","bairro":"PARQUE AURORA"}},{"type":"Feature","geometry":{"type":"Point","coordinates":[-41.352195,-21.764983]},"properties":{"nome":"03255","tipo":"ponto","bairro":"PARQUE AURORA"}},{"type":"Feature","geometry":{"type":"Point","coordinates":[-41.352131,-21.764911]},"properties":{"nome":"03355","tipo":"ponto","bairro":"PARQUE AURORA"}},{"type":"Feature","geometry":{"type":"Point","coordinates":[-41.351737,-21.764688]},"properties":{"nome":"03553","tipo":"ponto","bairro":"PARQUE AURORA"}},{"type":"Feature","geometry":{"type":"Point","coordinates":[-41.35243,-21.765077]},"properties":{"nome":"03653","tipo":"ponto","bairro":"PARQUE AURORA"}},{"type":"Feature","geometry":{"type":"Point","coordinates":[-41.352708,-21.765206]},"properties":{"nome":"03753","tipo":"ponto","bairro":"PARQUE AURORA"}},{"type":"Feature","geometry":{"type":"Point","coordinates":[-41.35276,-21.765288]},"properties":{"nome":"03853","tipo":"ponto","bairro":"PARQUE AURORA"}},{"type":"Feature","geometry":{"type":"Point","coordinates":[-41.352032,-21.766536]},"properties":{"nome":"04353","tipo":"abertura","bairro":"PARQUE AURORA"}},{"type":"Feature","geometry":{"type":"Point","coordinates":[-41.351878,-21.766571]},"properties":{"nome":"04453","tipo":"ponto","bairro":"PARQUE AURORA"}},{"type":"Feature","geometry":{"type":"Point","coordinates":[-41.352476,-21.766897]},"properties":{"nome":"04753","tipo":"ponto","bairro":"PARQUE AURORA"}},{"type":"Feature","geometry":{"type":"Point","coordinates":[-41.352641,-21.766811]},"properties":{"nome":"04853","tipo":"ponto","bairro":"PARQUE AURORA"}},{"type":"Feature","geometry":{"type":"Point","coordinates":[-41.353391,-21.765603]},"properties":{"nome":"05353","tipo":"ponto","bairro":"PARQUE AURORA"}},{"type":"Feature","geometry":{"type":"Point","coordinates":[-41.353334,-21.765536]},"properties":{"nome":"05453","tipo":"ponto","bairro":"PARQUE AURORA"}},{"type":"Feature","geometry":{"type":"Point","coordinates":[-41.353052,-21.765364]},"properties":{"nome":"05553","tipo":"ponto","bairro":"PARQUE AURORA"}},{"type":"Feature","geometry":{"type":"Point","coordinates":[-41.353631,-21.765679]},"properties":{"nome":"05653","tipo":"ponto","bairro":"PARQUE AURORA"}},{"type":"Feature","geometry":{"type":"Point","coordinates":[-41.353894,-21.76584]},"properties":{"nome":"05753","tipo":"abertura","bairro":"PARQUE AURORA"}},{"type":"Feature","geometry":{"type":"Point","coordinates":[-41.353962,-21.765917]},"properties":{"nome":"05853","tipo":"ponto","bairro":"PARQUE AURORA"}},{"type":"Feature","geometry":{"type":"Point","coordinates":[-41.353226,-21.767119]},"properties":{"nome":"06352","tipo":"ponto","bairro":"PARQUE AURORA"}},{"type":"Feature","geometry":{"type":"Point","coordinates":[-41.353107,-21.767219]},"properties":{"nome":"06452","tipo":"ponto","bairro":"PARQUE AURORA"}},{"type":"Feature","geometry":{"type":"Point","coordinates":[-41.353713,-21.767531]},"properties":{"nome":"06752","tipo":"ponto","bairro":"PARQUE AURORA"}},{"type":"Feature","geometry":{"type":"Point","coordinates":[-41.3539,-21.767321]},"properties":{"nome":"06952","tipo":"ponto","bairro":"PARQUE AURORA"}},{"type":"Feature","geometry":{"type":"Point","coordinates":[-41.354562,-21.766251]},"properties":{"nome":"07452","tipo":"ponto","bairro":"PARQUE AURORA"}},{"type":"Feature","geometry":{"type":"Point","coordinates":[-41.354485,-21.76616]},"properties":{"nome":"07551","tipo":"abertura","bairro":"PARQUE AURORA"}},{"type":"Feature","geometry":{"type":"Point","coordinates":[-41.354209,-21.766008]},"properties":{"nome":"07651","tipo":"abertura","bairro":"PARQUE AURORA"}},{"type":"Feature","geometry":{"type":"Point","coordinates":[-41.349002,-21.765684]},"properties":{"nome":"07751","tipo":"ponto","bairro":"PARQUE AURORA"}},{"type":"Feature","geometry":{"type":"Point","coordinates":[-41.348948,-21.765776]},"properties":{"nome":"07851","tipo":"ponto","bairro":"PARQUE AURORA"}},{"type":"Feature","geometry":{"type":"Point","coordinates":[-41.350416,-21.766541]},"properties":{"nome":"08649","tipo":"ponto","bairro":"PARQUE AURORA"}},{"type":"Feature","geometry":{"type":"Point","coordinates":[-41.350665,-21.766707]},"properties":{"nome":"08848","tipo":"ponto","bairro":"PARQUE AURORA"}},{"type":"Feature","geometry":{"type":"Point","coordinates":[-41.353655,-21.768267]},"properties":{"nome":"10152","tipo":"ponto","bairro":"PARQUE AURORA"}},{"type":"Feature","geometry":{"type":"Point","coordinates":[-41.35389,-21.768377]},"properties":{"nome":"10253","tipo":"ponto","bairro":"PARQUE AURORA"}},{"type":"Feature","geometry":{"type":"Point","coordinates":[-41.353139,-21.769465]},"properties":{"nome":"10354","tipo":"ponto","bairro":"PARQUE AURORA"}},{"type":"Feature","geometry":{"type":"Point","coordinates":[-41.354018,-21.76846]},"properties":{"nome":"10752","tipo":"ponto","bairro":"PARQUE AURORA"}},{"type":"Feature","geometry":{"type":"Point","coordinates":[-41.356007,-21.765659]},"properties":{"nome":"12046","tipo":"ponto","bairro":"PARQUE AURORA"}},{"type":"Feature","geometry":{"type":"Point","coordinates":[-41.35591,-21.765542]},"properties":{"nome":"12145","tipo":"ponto","bairro":"PARQUE AURORA"}},{"type":"Feature","geometry":{"type":"Point","coordinates":[-41.354864,-21.764824]},"properties":{"nome":"12545","tipo":"abertura","bairro":"PARQUE AURORA"}},{"type":"Feature","geometry":{"type":"Point","coordinates":[-41.354622,-21.764639]},"properties":{"nome":"12645","tipo":"ponto","bairro":"PARQUE AURORA"}},{"type":"Feature","geometry":{"type":"Point","coordinates":[-41.353725,-21.764065]},"properties":{"nome":"13146","tipo":"ponto","bairro":"PARQUE AURORA"}},{"type":"Feature","geometry":{"type":"Point","coordinates":[-41.353472,-21.763869]},"properties":{"nome":"13245","tipo":"ponto","bairro":"PARQUE AURORA"}},{"type":"Feature","geometry":{"type":"Point","coordinates":[-41.353192,-21.763687]},"properties":{"nome":"13345","tipo":"ponto","bairro":"PARQUE AURORA"}},{"type":"Feature","geometry":{"type":"Point","coordinates":[-41.352033,-21.762925]},"properties":{"nome":"13745","tipo":"ponto","bairro":"PARQUE AURORA"}},{"type":"Feature","geometry":{"type":"Point","coordinates":[-41.354279,-21.802525]},"properties":{"nome":"00138","tipo":"ponto","bairro":"PARQUE AURORA"}},{"type":"Feature","geometry":{"type":"Point","coordinates":[-41.354096,-21.802145]},"properties":{"nome":"01437","tipo":"ponto","bairro":"PARQUE AURORA"}},{"type":"Feature","geometry":{"type":"Point","coordinates":[-41.353759,-21.801773]},"properties":{"nome":"02137","tipo":"ponto","bairro":"PARQUE AURORA"}},{"type":"Feature","geometry":{"type":"Point","coordinates":[-41.353474,-21.80138]},"properties":{"nome":"02738","tipo":"ponto","bairro":"PARQUE AURORA"}},{"type":"Feature","geometry":{"type":"Point","coordinates":[-41.353214,-21.800971]},"properties":{"nome":"03237","tipo":"ponto","bairro":"PARQUE AURORA"}},{"type":"Feature","geometry":{"type":"Point","coordinates":[-41.353796,-21.800967]},"properties":{"nome":"02838","tipo":"ponto","bairro":"PARQUE AURORA"}},{"type":"Feature","geometry":{"type":"Point","coordinates":[-41.354003,-21.80104]},"properties":{"nome":"02438","tipo":"ponto","bairro":"PARQUE AURORA"}},{"type":"Feature","geometry":{"type":"Point","coordinates":[-41.354379,-21.801186]},"properties":{"nome":"02238","tipo":"ponto","bairro":"PARQUE AURORA"}},{"type":"Feature","geometry":{"type":"Point","coordinates":[-41.354624,-21.801254]},"properties":{"nome":"01737","tipo":"ponto","bairro":"PARQUE AURORA"}},{"type":"Feature","geometry":{"type":"Point","coordinates":[-41.354972,-21.801386]},"properties":{"nome":"01537","tipo":"ponto","bairro":"PARQUE AURORA"}},{"type":"Feature","geometry":{"type":"Point","coordinates":[-41.355156,-21.801463]},"properties":{"nome":"00938","tipo":"ponto","bairro":"PARQUE AURORA"}},{"type":"Feature","geometry":{"type":"Point","coordinates":[-41.349735,-21.803221]},"properties":{"nome":"0022","tipo":"ponto","bairro":"PARQUE AURORA"}},{"type":"Feature","geometry":{"type":"Point","coordinates":[-41.350212,-21.802912]},"properties":{"nome":"0043","tipo":"ponto","bairro":"PARQUE AURORA"}},{"type":"Feature","geometry":{"type":"Point","coordinates":[-41.350019,-21.80281]},"properties":{"nome":"0052","tipo":"ponto","bairro":"PARQUE AURORA"}},{"type":"Feature","geometry":{"type":"Point","coordinates":[-41.350233,-21.802283]},"properties":{"nome":"0112","tipo":"ponto","bairro":"PARQUE AURORA"}},{"type":"Feature","geometry":{"type":"Point","coordinates":[-41.350448,-21.802557]},"properties":{"nome":"0132","tipo":"ponto","bairro":"PARQUE AURORA"}},{"type":"Feature","geometry":{"type":"Point","coordinates":[-41.35042,-21.802177]},"properties":{"nome":"0142","tipo":"ponto","bairro":"PARQUE AURORA"}},{"type":"Feature","geometry":{"type":"Point","coordinates":[-41.351212,-21.801671]},"properties":{"nome":"0172","tipo":"ponto","bairro":"PARQUE AURORA"}},{"type":"Feature","geometry":{"type":"Point","coordinates":[-41.351446,-21.80188]},"properties":{"nome":"0202","tipo":"ponto","bairro":"PARQUE AURORA"}},{"type":"Feature","geometry":{"type":"Point","coordinates":[-41.352795,-21.800965]},"properties":{"nome":"0282","tipo":"ponto","bairro":"PARQUE AURORA"}},{"type":"Feature","geometry":{"type":"Point","coordinates":[-41.352877,-21.801157]},"properties":{"nome":"0291","tipo":"ponto","bairro":"PARQUE AURORA"}},{"type":"Feature","geometry":{"type":"Point","coordinates":[-41.351702,-21.801929]},"properties":{"nome":"0351","tipo":"ponto","bairro":"PARQUE AURORA"}},{"type":"Feature","geometry":{"type":"Point","coordinates":[-41.351502,-21.802057]},"properties":{"nome":"0361","tipo":"ponto","bairro":"PARQUE AURORA"}},{"type":"Feature","geometry":{"type":"Point","coordinates":[-41.351718,-21.802304]},"properties":{"nome":"0391","tipo":"ponto","bairro":"PARQUE AURORA"}},{"type":"Feature","geometry":{"type":"Point","coordinates":[-41.35069,-21.802585]},"properties":{"nome":"0421","tipo":"ponto","bairro":"PARQUE AURORA"}},{"type":"Feature","geometry":{"type":"Point","coordinates":[-41.350508,-21.802708]},"properties":{"nome":"0431","tipo":"ponto","bairro":"PARQUE AURORA"}},{"type":"Feature","geometry":{"type":"Point","coordinates":[-41.350579,-21.802737]},"properties":{"nome":"0451","tipo":"ponto","bairro":"PARQUE AURORA"}},{"type":"Feature","geometry":{"type":"Point","coordinates":[-41.350765,-21.802968]},"properties":{"nome":"0471","tipo":"ponto","bairro":"PARQUE AURORA"}},{"type":"Feature","geometry":{"type":"Point","coordinates":[-41.350819,-21.803118]},"properties":{"nome":"0541","tipo":"ponto","bairro":"PARQUE AURORA"}},{"type":"Feature","geometry":{"type":"Point","coordinates":[-41.350902,-21.803155]},"properties":{"nome":"0551","tipo":"ponto","bairro":"PARQUE AURORA"}},{"type":"Feature","geometry":{"type":"Point","coordinates":[-41.35103,-21.80336]},"properties":{"nome":"0571","tipo":"ponto","bairro":"PARQUE AURORA"}},{"type":"Feature","geometry":{"type":"Point","coordinates":[-41.351019,-21.802982]},"properties":{"nome":"0581","tipo":"ponto","bairro":"PARQUE AURORA"}},{"type":"Feature","geometry":{"type":"Point","coordinates":[-41.351772,-21.802441]},"properties":{"nome":"0621","tipo":"ponto","bairro":"PARQUE AURORA"}},{"type":"Feature","geometry":{"type":"Point","coordinates":[-41.351986,-21.802678]},"properties":{"nome":"0651","tipo":"ponto","bairro":"PARQUE AURORA"}},{"type":"Feature","geometry":{"type":"Point","coordinates":[-41.352009,-21.802326]},"properties":{"nome":"0661","tipo":"ponto","bairro":"PARQUE AURORA"}},{"type":"Feature","geometry":{"type":"Point","coordinates":[-41.353189,-21.801514]},"properties":{"nome":"0711","tipo":"ponto","bairro":"PARQUE AURORA"}},{"type":"Feature","geometry":{"type":"Point","coordinates":[-41.353396,-21.801787]},"properties":{"nome":"0741","tipo":"ponto","bairro":"PARQUE AURORA"}},{"type":"Feature","geometry":{"type":"Point","coordinates":[-41.353448,-21.801921]},"properties":{"nome":"0751","tipo":"ponto","bairro":"PARQUE AURORA"}},{"type":"Feature","geometry":{"type":"Point","coordinates":[-41.353681,-21.802164]},"properties":{"nome":"0781","tipo":"ponto","bairro":"PARQUE AURORA"}},{"type":"Feature","geometry":{"type":"Point","coordinates":[-41.352291,-21.80273]},"properties":{"nome":"0831","tipo":"ponto","bairro":"PARQUE AURORA"}},{"type":"Feature","geometry":{"type":"Point","coordinates":[-41.352087,-21.802861]},"properties":{"nome":"0841","tipo":"ponto","bairro":"PARQUE AURORA"}},{"type":"Feature","geometry":{"type":"Point","coordinates":[-41.352325,-21.803089]},"properties":{"nome":"0871","tipo":"ponto","bairro":"PARQUE AURORA"}},{"type":"Feature","geometry":{"type":"Point","coordinates":[-41.351271,-21.803395]},"properties":{"nome":"0911","tipo":"ponto","bairro":"PARQUE AURORA"}},{"type":"Feature","geometry":{"type":"Point","coordinates":[-41.351254,-21.803453]},"properties":{"nome":"0921","tipo":"ponto","bairro":"PARQUE AURORA"}},{"type":"Feature","geometry":{"type":"Point","coordinates":[-41.351463,-21.803733]},"properties":{"nome":"0941","tipo":"ponto","bairro":"PARQUE AURORA"}},{"type":"Feature","geometry":{"type":"Point","coordinates":[-41.351151,-21.803501]},"properties":{"nome":"0951","tipo":"ponto","bairro":"PARQUE AURORA"}},{"type":"Feature","geometry":{"type":"Point","coordinates":[-41.351514,-21.803833]},"properties":{"nome":"1021","tipo":"ponto","bairro":"PARQUE AURORA"}},{"type":"Feature","geometry":{"type":"Point","coordinates":[-41.352395,-21.80325]},"properties":{"nome":"1061","tipo":"ponto","bairro":"PARQUE AURORA"}},{"type":"Feature","geometry":{"type":"Point","coordinates":[-41.352637,-21.803498]},"properties":{"nome":"1091","tipo":"ponto","bairro":"PARQUE AURORA"}},{"type":"Feature","geometry":{"type":"Point","coordinates":[-41.352632,-21.803104]},"properties":{"nome":"1101","tipo":"ponto","bairro":"PARQUE AURORA"}},{"type":"Feature","geometry":{"type":"Point","coordinates":[-41.353757,-21.802334]},"properties":{"nome":"1151","tipo":"ponto","bairro":"PARQUE AURORA"}},{"type":"Feature","geometry":{"type":"Point","coordinates":[-41.353971,-21.802716]},"properties":{"nome":"1191","tipo":"ponto","bairro":"PARQUE AURORA"}},{"type":"Feature","geometry":{"type":"Point","coordinates":[-41.352854,-21.803434]},"properties":{"nome":"1231","tipo":"ponto","bairro":"PARQUE AURORA"}},{"type":"Feature","geometry":{"type":"Point","coordinates":[-41.352561,-21.803651]},"properties":{"nome":"1241","tipo":"ponto","bairro":"PARQUE AURORA"}},{"type":"Feature","geometry":{"type":"Point","coordinates":[-41.351415,-21.804406]},"properties":{"nome":"1291","tipo":"ponto","bairro":"PARQUE AURORA"}},{"type":"Feature","geometry":{"type":"Point","coordinates":[-41.349632,-21.803148]},"properties":{"nome":"1301","tipo":"ponto","bairro":"PARQUE AURORA"}},{"type":"Feature","geometry":{"type":"Point","coordinates":[-41.349462,-21.802953]},"properties":{"nome":"1311","tipo":"ponto","bairro":"PARQUE AURORA"}},{"type":"Feature","geometry":{"type":"Point","coordinates":[-41.349135,-21.803064]},"properties":{"nome":"1321","tipo":"ponto","bairro":"PARQUE AURORA"}},{"type":"Feature","geometry":{"type":"Point","coordinates":[-41.346849,-21.802499]},"properties":{"nome":"1431","tipo":"ponto","bairro":"PARQUE AURORA"}},{"type":"Feature","geometry":{"type":"Point","coordinates":[-41.346653,-21.802401]},"properties":{"nome":"1441","tipo":"ponto","bairro":"PARQUE AURORA"}},{"type":"Feature","geometry":{"type":"Point","coordinates":[-41.344407,-21.762952]},"properties":{"nome":"00576","tipo":"abertura","bairro":"PARQUE AURORA"}},{"type":"Feature","geometry":{"type":"Point","coordinates":[-41.340994,-21.765101]},"properties":{"nome":"00677","tipo":"abertura","bairro":"PARQUE AURORA"}},{"type":"Feature","geometry":{"type":"Point","coordinates":[-41.340192,-21.765012]},"properties":{"nome":"00677","tipo":"abertura","bairro":"PARQUE AURORA"}},{"type":"Feature","geometry":{"type":"Point","coordinates":[-41.343562,-21.764469]},"properties":{"nome":"01576","tipo":"abertura","bairro":"PARQUE AURORA"}},{"type":"Feature","geometry":{"type":"Point","coordinates":[-41.343125,-21.764652]},"properties":{"nome":"01776","tipo":"abertura","bairro":"PARQUE AURORA"}},{"type":"Feature","geometry":{"type":"Point","coordinates":[-41.343056,-21.7653]},"properties":{"nome":"02476","tipo":"abertura","bairro":"PARQUE AURORA"}},{"type":"Feature","geometry":{"type":"Point","coordinates":[-41.343293,-21.765318]},"properties":{"nome":"02575","tipo":"abertura","bairro":"PARQUE AURORA"}},{"type":"Feature","geometry":{"type":"Point","coordinates":[-41.344405,-21.765438]},"properties":{"nome":"02874","tipo":"abertura","bairro":"PARQUE AURORA"}},{"type":"Feature","geometry":{"type":"Point","coordinates":[-41.346754,-21.764835]},"properties":{"nome":"03969","tipo":"ponto","bairro":"PARQUE AURORA"}},{"type":"Feature","geometry":{"type":"Point","coordinates":[-41.346669,-21.76507]},"properties":{"nome":"04069","tipo":"abertura","bairro":"PARQUE AURORA"}},{"type":"Feature","geometry":{"type":"Point","coordinates":[-41.346815,-21.7659]},"properties":{"nome":"04269","tipo":"abertura","bairro":"PARQUE AURORA"}},{"type":"Feature","geometry":{"type":"Point","coordinates":[-41.347487,-21.766613]},"properties":{"nome":"04569","tipo":"abertura","bairro":"PARQUE AURORA"}},{"type":"Feature","geometry":{"type":"Point","coordinates":[-41.34843,-21.767138]},"properties":{"nome":"04969","tipo":"abertura","bairro":"PARQUE AURORA"}},{"type":"Feature","geometry":{"type":"Point","coordinates":[-41.352809,-21.804187]},"properties":{"nome":"00868","tipo":"abertura","bairro":"PARQUE AURORA"}},{"type":"Feature","geometry":{"type":"Point","coordinates":[-41.35284,-21.804769]},"properties":{"nome":"03166","tipo":"abertura","bairro":"PARQUE AURORA"}},{"type":"Feature","geometry":{"type":"Point","coordinates":[-41.353141,-21.805163]},"properties":{"nome":"04762","tipo":"abertura","bairro":"PARQUE AURORA"}},{"type":"Feature","geometry":{"type":"Point","coordinates":[-41.353658,-21.805313]},"properties":{"nome":"06859","tipo":"abertura","bairro":"PARQUE AURORA"}},{"type":"Feature","geometry":{"type":"Point","coordinates":[-41.332075,-21.764243]},"properties":{"nome":"012114","tipo":"abertura","bairro":"PARQUE AURORA"}},{"type":"Feature","geometry":{"type":"Point","coordinates":[-41.333933,-21.763316]},"properties":{"nome":"022114","tipo":"abertura","bairro":"PARQUE AURORA"}},{"type":"Feature","geometry":{"type":"Point","coordinates":[-41.331636,-21.764386]},"properties":{"nome":"010114","tipo":"abertura","bairro":"PARQUE AURORA"}},{"type":"Feature","geometry":{"type":"Point","coordinates":[-41.314772,-21.780649]},"properties":{"nome":"03229","tipo":"ponto","bairro":"PARQUE AURORA"}},{"type":"Feature","geometry":{"type":"Point","coordinates":[-41.314624,-21.780248]},"properties":{"nome":"03429","tipo":"ponto","bairro":"PARQUE AURORA"}},{"type":"Feature","geometry":{"type":"Point","coordinates":[-41.313926,-21.778595]},"properties":{"nome":"04029","tipo":"ponto","bairro":"PARQUE AURORA"}},{"type":"Feature","geometry":{"type":"Point","coordinates":[-41.313559,-21.777841]},"properties":{"nome":"04329","tipo":"ponto","bairro":"PARQUE AURORA"}},{"type":"Feature","geometry":{"type":"Point","coordinates":[-41.312924,-21.77553]},"properties":{"nome":"04829","tipo":"ponto","bairro":"PARQUE AURORA"}},{"type":"Feature","geometry":{"type":"Point","coordinates":[-41.317594,-21.789554]},"properties":{"nome":"00430","tipo":"ponto","bairro":"PARQUE AURORA"}},{"type":"Feature","geometry":{"type":"Point","coordinates":[-41.327282,-21.780917]},"properties":{"nome":"03428","tipo":"ponto","bairro":"PARQUE AURORA"}},{"type":"Feature","geometry":{"type":"Point","coordinates":[-41.326721,-21.795162]},"properties":{"nome":"04328","tipo":"ponto","bairro":"PARQUE AURORA"}},{"type":"Feature","geometry":{"type":"Point","coordinates":[-41.325872,-21.793417]},"properties":{"nome":"05128","tipo":"ponto","bairro":"PARQUE AURORA"}},{"type":"Feature","geometry":{"type":"Point","coordinates":[-41.315153,-21.785524]},"properties":{"nome":"06128","tipo":"ponto","bairro":"PARQUE AURORA"}},{"type":"Feature","geometry":{"type":"Point","coordinates":[-41.332244,-21.782541]},"properties":{"nome":"02227","tipo":"ponto","bairro":"PARQUE AURORA"}},{"type":"Feature","geometry":{"type":"Point","coordinates":[-41.3314,-21.780234]},"properties":{"nome":"03427","tipo":"ponto","bairro":"PARQUE AURORA"}},{"type":"Feature","geometry":{"type":"Point","coordinates":[-41.331316,-21.780008]},"properties":{"nome":"03525","tipo":"ponto","bairro":"PARQUE AURORA"}},{"type":"Feature","geometry":{"type":"Point","coordinates":[-41.329693,-21.779787]},"properties":{"nome":"05127","tipo":"ponto","bairro":"PARQUE AURORA"}},{"type":"Feature","geometry":{"type":"Point","coordinates":[-41.328051,-21.780271]},"properties":{"nome":"07028","tipo":"ponto","bairro":"PARQUE AURORA"}},{"type":"Feature","geometry":{"type":"Point","coordinates":[-41.328538,-21.781823]},"properties":{"nome":"07727","tipo":"ponto","bairro":"PARQUE AURORA"}},{"type":"Feature","geometry":{"type":"Point","coordinates":[-41.329134,-21.783664]},"properties":{"nome":"08727","tipo":"ponto","bairro":"PARQUE AURORA"}},{"type":"Feature","geometry":{"type":"Point","coordinates":[-41.32479,-21.781722]},"properties":{"nome":"10728","tipo":"ponto","bairro":"PARQUE AURORA"}},{"type":"Feature","geometry":{"type":"Point","coordinates":[-41.330305,-21.782001]},"properties":{"nome":"11527","tipo":"ponto","bairro":"PARQUE AURORA"}},{"type":"Feature","geometry":{"type":"Point","coordinates":[-41.326307,-21.783994]},"properties":{"nome":"00326","tipo":"ponto","bairro":"PARQUE AURORA"}},{"type":"Feature","geometry":{"type":"Point","coordinates":[-41.325636,-21.784971]},"properties":{"nome":"02226","tipo":"ponto","bairro":"PARQUE AURORA"}},{"type":"Feature","geometry":{"type":"Point","coordinates":[-41.328139,-21.784235]},"properties":{"nome":"04226","tipo":"ponto","bairro":"PARQUE AURORA"}},{"type":"Feature","geometry":{"type":"Point","coordinates":[-41.329508,-21.783805]},"properties":{"nome":"05226","tipo":"ponto","bairro":"PARQUE AURORA"}},{"type":"Feature","geometry":{"type":"Point","coordinates":[-41.331139,-21.783265]},"properties":{"nome":"07426","tipo":"ponto","bairro":"PARQUE AURORA"}},{"type":"Feature","geometry":{"type":"Point","coordinates":[-41.332949,-21.782726]},"properties":{"nome":"08326","tipo":"ponto","bairro":"PARQUE AURORA"}},{"type":"Feature","geometry":{"type":"Point","coordinates":[-41.332391,-21.782025]},"properties":{"nome":"10327","tipo":"ponto","bairro":"PARQUE AURORA"}},{"type":"Feature","geometry":{"type":"Point","coordinates":[-41.331316,-21.782356]},"properties":{"nome":"10727","tipo":"ponto","bairro":"PARQUE AURORA"}},{"type":"Feature","geometry":{"type":"Point","coordinates":[-41.329826,-21.78285]},"properties":{"nome":"11426","tipo":"ponto","bairro":"PARQUE AURORA"}},{"type":"Feature","geometry":{"type":"Point","coordinates":[-41.328052,-21.783411]},"properties":{"nome":"12226","tipo":"ponto","bairro":"PARQUE AURORA"}},{"type":"Feature","geometry":{"type":"Point","coordinates":[-41.327576,-21.782612]},"properties":{"nome":"13226","tipo":"ponto","bairro":"PARQUE AURORA"}},{"type":"Feature","geometry":{"type":"Point","coordinates":[-41.332543,-21.780986]},"properties":{"nome":"15126","tipo":"ponto","bairro":"PARQUE AURORA"}},{"type":"Feature","geometry":{"type":"Point","coordinates":[-41.332319,-21.780059]},"properties":{"nome":"16626","tipo":"ponto","bairro":"PARQUE AURORA"}},{"type":"Feature","geometry":{"type":"Point","coordinates":[-41.326609,-21.781897]},"properties":{"nome":"17325","tipo":"ponto","bairro":"PARQUE AURORA"}},{"type":"Feature","geometry":{"type":"Point","coordinates":[-41.329227,-21.781153]},"properties":{"nome":"18325","tipo":"ponto","bairro":"PARQUE AURORA"}},{"type":"Feature","geometry":{"type":"Point","coordinates":[-41.329823,-21.780953]},"properties":{"nome":"18624","tipo":"ponto","bairro":"PARQUE AURORA"}},{"type":"Feature","geometry":{"type":"Point","coordinates":[-41.332609,-21.778704]},"properties":{"nome":"20420","tipo":"ponto","bairro":"PARQUE AURORA"}},{"type":"Feature","geometry":{"type":"Point","coordinates":[-41.321625,-21.783265]},"properties":{"nome":"01525","tipo":"ponto","bairro":"PARQUE AURORA"}},{"type":"Feature","geometry":{"type":"Point","coordinates":[-41.319776,-21.783274]},"properties":{"nome":"023110","tipo":"ponto","bairro":"PARQUE AURORA"}},{"type":"Feature","geometry":{"type":"Point","coordinates":[-41.321469,-21.784014]},"properties":{"nome":"03725","tipo":"ponto","bairro":"PARQUE AURORA"}},{"type":"Feature","geometry":{"type":"Point","coordinates":[-41.319879,-21.784302]},"properties":{"nome":"04825","tipo":"ponto","bairro":"PARQUE AURORA"}},{"type":"Feature","geometry":{"type":"Point","coordinates":[-41.319967,-21.783582]},"properties":{"nome":"06125","tipo":"ponto","bairro":"PARQUE AURORA"}},{"type":"Feature","geometry":{"type":"Point","coordinates":[-41.32349,-21.782713]},"properties":{"nome":"08725","tipo":"ponto","bairro":"PARQUE AURORA"}},{"type":"Feature","geometry":{"type":"Point","coordinates":[-41.32331,-21.783677]},"properties":{"nome":"09925","tipo":"ponto","bairro":"PARQUE AURORA"}},{"type":"Feature","geometry":{"type":"Point","coordinates":[-41.324866,-21.785984]},"properties":{"nome":"128110","tipo":"ponto","bairro":"PARQUE AURORA"}},{"type":"Feature","geometry":{"type":"Point","coordinates":[-41.324607,-21.784847]},"properties":{"nome":"13425","tipo":"ponto","bairro":"PARQUE AURORA"}},{"type":"Feature","geometry":{"type":"Point","coordinates":[-41.324275,-21.783134]},"properties":{"nome":"14425","tipo":"ponto","bairro":"PARQUE AURORA"}},{"type":"Feature","geometry":{"type":"Point","coordinates":[-41.323905,-21.781542]},"properties":{"nome":"15325","tipo":"ponto","bairro":"PARQUE AURORA"}},{"type":"Feature","geometry":{"type":"Point","coordinates":[-41.324807,-21.781726]},"properties":{"nome":"15825","tipo":"ponto","bairro":"PARQUE AURORA"}},{"type":"Feature","geometry":{"type":"Point","coordinates":[-41.3257,-21.781446]},"properties":{"nome":"16525","tipo":"ponto","bairro":"PARQUE AURORA"}},{"type":"Feature","geometry":{"type":"Point","coordinates":[-41.32579,-21.781381]},"properties":{"nome":"16625","tipo":"ponto","bairro":"PARQUE AURORA"}},{"type":"Feature","geometry":{"type":"Point","coordinates":[-41.324549,-21.782511]},"properties":{"nome":"17324","tipo":"ponto","bairro":"PARQUE AURORA"}},{"type":"Feature","geometry":{"type":"Point","coordinates":[-41.325212,-21.783309]},"properties":{"nome":"18023","tipo":"ponto","bairro":"PARQUE AURORA"}},{"type":"Feature","geometry":{"type":"Point","coordinates":[-41.326018,-21.783109]},"properties":{"nome":"18423","tipo":"ponto","bairro":"PARQUE AURORA"}},{"type":"Feature","geometry":{"type":"Point","coordinates":[-41.310773,-21.77907]},"properties":{"nome":"00424","tipo":"ponto","bairro":"PARQUE AURORA"}},{"type":"Feature","geometry":{"type":"Point","coordinates":[-41.31254,-21.779127]},"properties":{"nome":"04624","tipo":"ponto","bairro":"PARQUE AURORA"}},{"type":"Feature","geometry":{"type":"Point","coordinates":[-41.312968,-21.778555]},"properties":{"nome":"07624","tipo":"ponto","bairro":"PARQUE AURORA"}},{"type":"Feature","geometry":{"type":"Point","coordinates":[-41.311826,-21.777822]},"properties":{"nome":"08624","tipo":"ponto","bairro":"PARQUE AURORA"}},{"type":"Feature","geometry":{"type":"Point","coordinates":[-41.315268,-21.777201]},"properties":{"nome":"10625","tipo":"ponto","bairro":"PARQUE AURORA"}},{"type":"Feature","geometry":{"type":"Point","coordinates":[-41.315853,-21.780734]},"properties":{"nome":"12124","tipo":"ponto","bairro":"PARQUE AURORA"}},{"type":"Feature","geometry":{"type":"Point","coordinates":[-41.315691,-21.78034]},"properties":{"nome":"12324","tipo":"ponto","bairro":"PARQUE AURORA"}},{"type":"Feature","geometry":{"type":"Point","coordinates":[-41.315105,-21.778865]},"properties":{"nome":"12924","tipo":"ponto","bairro":"PARQUE AURORA"}},{"type":"Feature","geometry":{"type":"Point","coordinates":[-41.314423,-21.777117]},"properties":{"nome":"13624","tipo":"ponto","bairro":"PARQUE AURORA"}},{"type":"Feature","geometry":{"type":"Point","coordinates":[-41.315361,-21.775902]},"properties":{"nome":"14124","tipo":"ponto","bairro":"PARQUE AURORA"}},{"type":"Feature","geometry":{"type":"Point","coordinates":[-41.316956,-21.779842]},"properties":{"nome":"15724","tipo":"ponto","bairro":"PARQUE AURORA"}},{"type":"Feature","geometry":{"type":"Point","coordinates":[-41.317142,-21.779134]},"properties":{"nome":"16324","tipo":"ponto","bairro":"PARQUE AURORA"}},{"type":"Feature","geometry":{"type":"Point","coordinates":[-41.316552,-21.779288]},"properties":{"nome":"16624","tipo":"ponto","bairro":"PARQUE AURORA"}},{"type":"Feature","geometry":{"type":"Point","coordinates":[-41.316047,-21.776649]},"properties":{"nome":"18522","tipo":"ponto","bairro":"PARQUE AURORA"}},{"type":"Feature","geometry":{"type":"Point","coordinates":[-41.317678,-21.782997]},"properties":{"nome":"00423","tipo":"ponto","bairro":"PARQUE AURORA"}},{"type":"Feature","geometry":{"type":"Point","coordinates":[-41.316964,-21.78404]},"properties":{"nome":"01323","tipo":"ponto","bairro":"PARQUE AURORA"}},{"type":"Feature","geometry":{"type":"Point","coordinates":[-41.318115,-21.784605]},"properties":{"nome":"03423","tipo":"ponto","bairro":"PARQUE AURORA"}},{"type":"Feature","geometry":{"type":"Point","coordinates":[-41.318405,-21.785109]},"properties":{"nome":"04423","tipo":"ponto","bairro":"PARQUE AURORA"}},{"type":"Feature","geometry":{"type":"Point","coordinates":[-41.318366,-21.78565]},"properties":{"nome":"05123","tipo":"ponto","bairro":"PARQUE AURORA"}},{"type":"Feature","geometry":{"type":"Point","coordinates":[-41.318514,-21.786139]},"properties":{"nome":"05923","tipo":"ponto","bairro":"PARQUE AURORA"}},{"type":"Feature","geometry":{"type":"Point","coordinates":[-41.31951,-21.786418]},"properties":{"nome":"07923","tipo":"ponto","bairro":"PARQUE AURORA"}},{"type":"Feature","geometry":{"type":"Point","coordinates":[-41.318891,-21.783442]},"properties":{"nome":"08723","tipo":"ponto","bairro":"PARQUE AURORA"}},{"type":"Feature","geometry":{"type":"Point","coordinates":[-41.318829,-21.782053]},"properties":{"nome":"09523","tipo":"ponto","bairro":"PARQUE AURORA"}},{"type":"Feature","geometry":{"type":"Point","coordinates":[-41.318812,-21.781567]},"properties":{"nome":"09623","tipo":"ponto","bairro":"PARQUE AURORA"}},{"type":"Feature","geometry":{"type":"Point","coordinates":[-41.319163,-21.77952]},"properties":{"nome":"13923","tipo":"ponto","bairro":"PARQUE AURORA"}},{"type":"Feature","geometry":{"type":"Point","coordinates":[-41.323638,-21.779401]},"properties":{"nome":"15423","tipo":"ponto","bairro":"PARQUE AURORA"}},{"type":"Feature","geometry":{"type":"Point","coordinates":[-41.323886,-21.777963]},"properties":{"nome":"19220","tipo":"ponto","bairro":"PARQUE AURORA"}},{"type":"Feature","geometry":{"type":"Point","coordinates":[-41.3241,-21.777127]},"properties":{"nome":"19620","tipo":"ponto","bairro":"PARQUE AURORA"}},{"type":"Feature","geometry":{"type":"Point","coordinates":[-41.322949,-21.777356]},"properties":{"nome":"20120","tipo":"ponto","bairro":"PARQUE AURORA"}},{"type":"Feature","geometry":{"type":"Point","coordinates":[-41.322686,-21.777376]},"properties":{"nome":"20219","tipo":"ponto","bairro":"PARQUE AURORA"}},{"type":"Feature","geometry":{"type":"Point","coordinates":[-41.322668,-21.777383]},"properties":{"nome":"20319","tipo":"ponto","bairro":"PARQUE AURORA"}},{"type":"Feature","geometry":{"type":"Point","coordinates":[-41.320541,-21.777403]},"properties":{"nome":"20819","tipo":"ponto","bairro":"PARQUE AURORA"}},{"type":"Feature","geometry":{"type":"Point","coordinates":[-41.318947,-21.777421]},"properties":{"nome":"21418","tipo":"ponto","bairro":"PARQUE AURORA"}},{"type":"Feature","geometry":{"type":"Point","coordinates":[-41.319522,-21.776664]},"properties":{"nome":"21818","tipo":"ponto","bairro":"PARQUE AURORA"}},{"type":"Feature","geometry":{"type":"Point","coordinates":[-41.322088,-21.772962]},"properties":{"nome":"25112","tipo":"ponto","bairro":"PARQUE AURORA"}},{"type":"Feature","geometry":{"type":"Point","coordinates":[-41.320545,-21.770792]},"properties":{"nome":"27610","tipo":"ponto","bairro":"PARQUE AURORA"}},{"type":"Feature","geometry":{"type":"Point","coordinates":[-41.317352,-21.770794]},"properties":{"nome":"30111","tipo":"ponto","bairro":"PARQUE AURORA"}},{"type":"Feature","geometry":{"type":"Point","coordinates":[-41.323472,-21.781822]},"properties":{"nome":"08325","tipo":"ponto","bairro":"PARQUE AURORA"}},{"type":"Feature","geometry":{"type":"Point","coordinates":[-41.320098,-21.769127]},"properties":{"nome":"3129","tipo":"ponto","bairro":"PARQUE AURORA"}},{"type":"Feature","geometry":{"type":"Point","coordinates":[-41.319268,-21.769218]},"properties":{"nome":"3159","tipo":"ponto","bairro":"PARQUE AURORA"}},{"type":"Feature","geometry":{"type":"Point","coordinates":[-41.318948,-21.769408]},"properties":{"nome":"3209","tipo":"ponto","bairro":"PARQUE AURORA"}},{"type":"Feature","geometry":{"type":"Point","coordinates":[-41.318668,-21.778561]},"properties":{"nome":"3299","tipo":"ponto","bairro":"PARQUE AURORA"}},{"type":"Feature","geometry":{"type":"Point","coordinates":[-41.3186,-21.775592]},"properties":{"nome":"3439","tipo":"ponto","bairro":"PARQUE AURORA"}},{"type":"Feature","geometry":{"type":"Point","coordinates":[-41.318618,-21.775526]},"properties":{"nome":"3449","tipo":"ponto","bairro":"PARQUE AURORA"}},{"type":"Feature","geometry":{"type":"Point","coordinates":[-41.318652,-21.774853]},"properties":{"nome":"3519","tipo":"ponto","bairro":"PARQUE AURORA"}},{"type":"Feature","geometry":{"type":"Point","coordinates":[-41.318621,-21.773837]},"properties":{"nome":"3559","tipo":"ponto","bairro":"PARQUE AURORA"}},{"type":"Feature","geometry":{"type":"Point","coordinates":[-41.318644,-21.772408]},"properties":{"nome":"3599","tipo":"ponto","bairro":"PARQUE AURORA"}},{"type":"Feature","geometry":{"type":"Point","coordinates":[-41.318616,-21.771407]},"properties":{"nome":"3639","tipo":"ponto","bairro":"PARQUE AURORA"}},{"type":"Feature","geometry":{"type":"Point","coordinates":[-41.318591,-21.769068]},"properties":{"nome":"3719","tipo":"ponto","bairro":"PARQUE AURORA"}},{"type":"Feature","geometry":{"type":"Point","coordinates":[-41.318589,-21.768985]},"properties":{"nome":"3729","tipo":"ponto","bairro":"PARQUE AURORA"}},{"type":"Feature","geometry":{"type":"Point","coordinates":[-41.320739,-21.771946]},"properties":{"nome":"3919","tipo":"ponto","bairro":"PARQUE AURORA"}},{"type":"Feature","geometry":{"type":"Point","coordinates":[-41.321276,-21.773418]},"properties":{"nome":"3989","tipo":"ponto","bairro":"PARQUE AURORA"}},{"type":"Feature","geometry":{"type":"Point","coordinates":[-41.321676,-21.774354]},"properties":{"nome":"4039","tipo":"ponto","bairro":"PARQUE AURORA"}},{"type":"Feature","geometry":{"type":"Point","coordinates":[-41.321902,-21.778647]},"properties":{"nome":"4198","tipo":"ponto","bairro":"PARQUE AURORA"}},{"type":"Feature","geometry":{"type":"Point","coordinates":[-41.321886,-21.779761]},"properties":{"nome":"4238","tipo":"ponto","bairro":"PARQUE AURORA"}},{"type":"Feature","geometry":{"type":"Point","coordinates":[-41.323782,-21.780647]},"properties":{"nome":"4298","tipo":"ponto","bairro":"PARQUE AURORA"}},{"type":"Feature","geometry":{"type":"Point","coordinates":[-41.323769,-21.780537]},"properties":{"nome":"4308","tipo":"ponto","bairro":"PARQUE AURORA"}},{"type":"Feature","geometry":{"type":"Point","coordinates":[-41.323439,-21.778619]},"properties":{"nome":"4388","tipo":"ponto","bairro":"PARQUE AURORA"}},{"type":"Feature","geometry":{"type":"Point","coordinates":[-41.323102,-21.776738]},"properties":{"nome":"4468","tipo":"ponto","bairro":"PARQUE AURORA"}},{"type":"Feature","geometry":{"type":"Point","coordinates":[-41.322566,-21.775387]},"properties":{"nome":"4538","tipo":"ponto","bairro":"PARQUE AURORA"}},{"type":"Feature","geometry":{"type":"Point","coordinates":[-41.322757,-21.774233]},"properties":{"nome":"4638","tipo":"ponto","bairro":"PARQUE AURORA"}},{"type":"Feature","geometry":{"type":"Point","coordinates":[-41.319996,-21.780097]},"properties":{"nome":"4718","tipo":"ponto","bairro":"PARQUE AURORA"}},{"type":"Feature","geometry":{"type":"Point","coordinates":[-41.319994,-21.779011]},"properties":{"nome":"4758","tipo":"ponto","bairro":"PARQUE AURORA"}},{"type":"Feature","geometry":{"type":"Point","coordinates":[-41.319994,-21.778587]},"properties":{"nome":"4768","tipo":"ponto","bairro":"PARQUE AURORA"}},{"type":"Feature","geometry":{"type":"Point","coordinates":[-41.319942,-21.775334]},"properties":{"nome":"4888","tipo":"ponto","bairro":"PARQUE AURORA"}},{"type":"Feature","geometry":{"type":"Point","coordinates":[-41.320758,-21.774463]},"properties":{"nome":"4968","tipo":"ponto","bairro":"PARQUE AURORA"}},{"type":"Feature","geometry":{"type":"Point","coordinates":[-41.320071,-21.768571]},"properties":{"nome":"4978","tipo":"ponto","bairro":"PARQUE AURORA"}},{"type":"Feature","geometry":{"type":"Point","coordinates":[-41.319739,-21.768479]},"properties":{"nome":"5008","tipo":"ponto","bairro":"PARQUE AURORA"}},{"type":"Feature","geometry":{"type":"Point","coordinates":[-41.316987,-21.778039]},"properties":{"nome":"5377","tipo":"ponto","bairro":"PARQUE AURORA"}},{"type":"Feature","geometry":{"type":"Point","coordinates":[-41.31688,-21.777723]},"properties":{"nome":"5387","tipo":"ponto","bairro":"PARQUE AURORA"}},{"type":"Feature","geometry":{"type":"Point","coordinates":[-41.316041,-21.772447]},"properties":{"nome":"5477","tipo":"ponto","bairro":"PARQUE AURORA"}},{"type":"Feature","geometry":{"type":"Point","coordinates":[-41.314649,-21.770711]},"properties":{"nome":"5946","tipo":"ponto","bairro":"PARQUE AURORA"}},{"type":"Feature","geometry":{"type":"Point","coordinates":[-41.313523,-21.772324]},"properties":{"nome":"6154","tipo":"ponto","bairro":"PARQUE AURORA"}},{"type":"Feature","geometry":{"type":"Point","coordinates":[-41.31427,-21.773477]},"properties":{"nome":"6194","tipo":"ponto","bairro":"PARQUE AURORA"}},{"type":"Feature","geometry":{"type":"Point","coordinates":[-41.315179,-21.774887]},"properties":{"nome":"6244","tipo":"ponto","bairro":"PARQUE AURORA"}},{"type":"Feature","geometry":{"type":"Point","coordinates":[-41.309591,-21.775305]},"properties":{"nome":"6334","tipo":"ponto","bairro":"PARQUE AURORA"}},{"type":"Feature","geometry":{"type":"Point","coordinates":[-41.31293,-21.773406]},"properties":{"nome":"6394","tipo":"ponto","bairro":"PARQUE AURORA"}},{"type":"Feature","geometry":{"type":"Point","coordinates":[-41.312508,-21.774908]},"properties":{"nome":"6594","tipo":"ponto","bairro":"PARQUE AURORA"}},{"type":"Feature","geometry":{"type":"Point","coordinates":[-41.312591,-21.775724]},"properties":{"nome":"6624","tipo":"ponto","bairro":"PARQUE AURORA"}},{"type":"Feature","geometry":{"type":"Point","coordinates":[-41.314387,-21.77539]},"properties":{"nome":"6664","tipo":"ponto","bairro":"PARQUE AURORA"}},{"type":"Feature","geometry":{"type":"Point","coordinates":[-41.312583,-21.772608]},"properties":{"nome":"6754","tipo":"ponto","bairro":"PARQUE AURORA"}},{"type":"Feature","geometry":{"type":"Point","coordinates":[-41.31102,-21.773443]},"properties":{"nome":"6924","tipo":"ponto","bairro":"PARQUE AURORA"}},{"type":"Feature","geometry":{"type":"Point","coordinates":[-41.310581,-21.774397]},"properties":{"nome":"7144","tipo":"ponto","bairro":"PARQUE AURORA"}},{"type":"Feature","geometry":{"type":"Point","coordinates":[-41.310944,-21.77653]},"properties":{"nome":"72611","tipo":"ponto","bairro":"PARQUE AURORA"}},{"type":"Feature","geometry":{"type":"Point","coordinates":[-41.309333,-21.775813]},"properties":{"nome":"73311","tipo":"ponto","bairro":"PARQUE AURORA"}},{"type":"Feature","geometry":{"type":"Point","coordinates":[-41.30956,-21.776141]},"properties":{"nome":"7354","tipo":"ponto","bairro":"PARQUE AURORA"}},{"type":"Feature","geometry":{"type":"Point","coordinates":[-41.309848,-21.776569]},"properties":{"nome":"7374","tipo":"ponto","bairro":"PARQUE AURORA"}},{"type":"Feature","geometry":{"type":"Point","coordinates":[-41.308872,-21.776755]},"properties":{"nome":"75011","tipo":"ponto","bairro":"PARQUE AURORA"}},{"type":"Feature","geometry":{"type":"Point","coordinates":[-41.310328,-21.778374]},"properties":{"nome":"7594","tipo":"ponto","bairro":"PARQUE AURORA"}},{"type":"Feature","geometry":{"type":"Point","coordinates":[-41.311334,-21.777794]},"properties":{"nome":"7634","tipo":"ponto","bairro":"PARQUE AURORA"}},{"type":"Feature","geometry":{"type":"Point","coordinates":[-41.311855,-21.777504]},"properties":{"nome":"7684","tipo":"ponto","bairro":"PARQUE AURORA"}},{"type":"Feature","geometry":{"type":"Point","coordinates":[-41.313528,-21.776579]},"properties":{"nome":"7754","tipo":"ponto","bairro":"PARQUE AURORA"}},{"type":"Feature","geometry":{"type":"Point","coordinates":[-41.314424,-21.776126]},"properties":{"nome":"77911","tipo":"ponto","bairro":"PARQUE AURORA"}},{"type":"Feature","geometry":{"type":"Point","coordinates":[-41.317407,-21.774504]},"properties":{"nome":"7923","tipo":"ponto","bairro":"PARQUE AURORA"}},{"type":"Feature","geometry":{"type":"Point","coordinates":[-41.31765,-21.774421]},"properties":{"nome":"7933","tipo":"ponto","bairro":"PARQUE AURORA"}},{"type":"Feature","geometry":{"type":"Point","coordinates":[-41.314834,-21.776121]},"properties":{"nome":"7983","tipo":"ponto","bairro":"PARQUE AURORA"}},{"type":"Feature","geometry":{"type":"Point","coordinates":[-41.332942,-21.786932]},"properties":{"nome":"03520","tipo":"ponto","bairro":"PARQUE AURORA"}},{"type":"Feature","geometry":{"type":"Point","coordinates":[-41.332074,-21.785894]},"properties":{"nome":"05322","tipo":"ponto","bairro":"PARQUE AURORA"}},{"type":"Feature","geometry":{"type":"Point","coordinates":[-41.331257,-21.785603]},"properties":{"nome":"06922","tipo":"ponto","bairro":"PARQUE AURORA"}},{"type":"Feature","geometry":{"type":"Point","coordinates":[-41.331471,-21.786013]},"properties":{"nome":"070110","tipo":"ponto","bairro":"PARQUE AURORA"}},{"type":"Feature","geometry":{"type":"Point","coordinates":[-41.331305,-21.785718]},"properties":{"nome":"07022","tipo":"ponto","bairro":"PARQUE AURORA"}},{"type":"Feature","geometry":{"type":"Point","coordinates":[-41.332036,-21.787502]},"properties":{"nome":"07622","tipo":"ponto","bairro":"PARQUE AURORA"}},{"type":"Feature","geometry":{"type":"Point","coordinates":[-41.316894,-21.785497]},"properties":{"nome":"10031","tipo":"ponto","bairro":"PARQUE AURORA"}},{"type":"Feature","geometry":{"type":"Point","coordinates":[-41.315509,-21.78615]},"properties":{"nome":"10161","tipo":"ponto","bairro":"PARQUE AURORA"}},{"type":"Feature","geometry":{"type":"Point","coordinates":[-41.316977,-21.787624]},"properties":{"nome":"10251","tipo":"ponto","bairro":"PARQUE AURORA"}},{"type":"Feature","geometry":{"type":"Point","coordinates":[-41.316871,-21.788084]},"properties":{"nome":"10332","tipo":"ponto","bairro":"PARQUE AURORA"}},{"type":"Feature","geometry":{"type":"Point","coordinates":[-41.317186,-21.788596]},"properties":{"nome":"1040","tipo":"ponto","bairro":"PARQUE AURORA"}},{"type":"Feature","geometry":{"type":"Point","coordinates":[-41.330362,-21.785946]},"properties":{"nome":"10422","tipo":"ponto","bairro":"PARQUE AURORA"}},{"type":"Feature","geometry":{"type":"Point","coordinates":[-41.317509,-21.789092]},"properties":{"nome":"10481","tipo":"ponto","bairro":"PARQUE AURORA"}},{"type":"Feature","geometry":{"type":"Point","coordinates":[-41.317453,-21.789549]},"properties":{"nome":"10541","tipo":"ponto","bairro":"PARQUE AURORA"}},{"type":"Feature","geometry":{"type":"Point","coordinates":[-41.315256,-21.78182]},"properties":{"nome":"10691","tipo":"ponto","bairro":"PARQUE AURORA"}},{"type":"Feature","geometry":{"type":"Point","coordinates":[-41.317645,-21.782455]},"properties":{"nome":"10871","tipo":"ponto","bairro":"PARQUE AURORA"}},{"type":"Feature","geometry":{"type":"Point","coordinates":[-41.32943,-21.785753]},"properties":{"nome":"11622","tipo":"ponto","bairro":"PARQUE AURORA"}},{"type":"Feature","geometry":{"type":"Point","coordinates":[-41.336564,-21.785822]},"properties":{"nome":"12622","tipo":"ponto","bairro":"PARQUE AURORA"}},{"type":"Feature","geometry":{"type":"Point","coordinates":[-41.340867,-21.787231]},"properties":{"nome":"18119","tipo":"ponto","bairro":"PARQUE AURORA"}},{"type":"Feature","geometry":{"type":"Point","coordinates":[-41.336571,-21.787284]},"properties":{"nome":"20917","tipo":"ponto","bairro":"PARQUE AURORA"}},{"type":"Feature","geometry":{"type":"Point","coordinates":[-41.336239,-21.786347]},"properties":{"nome":"21317","tipo":"ponto","bairro":"PARQUE AURORA"}},{"type":"Feature","geometry":{"type":"Point","coordinates":[-41.336171,-21.786061]},"properties":{"nome":"21517","tipo":"ponto","bairro":"PARQUE AURORA"}},{"type":"Feature","geometry":{"type":"Point","coordinates":[-41.335296,-21.78357]},"properties":{"nome":"22416","tipo":"ponto","bairro":"PARQUE AURORA"}},{"type":"Feature","geometry":{"type":"Point","coordinates":[-41.335261,-21.783541]},"properties":{"nome":"22616","tipo":"ponto","bairro":"PARQUE AURORA"}},{"type":"Feature","geometry":{"type":"Point","coordinates":[-41.334372,-21.781014]},"properties":{"nome":"23613","tipo":"ponto","bairro":"PARQUE AURORA"}},{"type":"Feature","geometry":{"type":"Point","coordinates":[-41.332951,-21.777847]},"properties":{"nome":"25310","tipo":"ponto","bairro":"PARQUE AURORA"}},{"type":"Feature","geometry":{"type":"Point","coordinates":[-41.331798,-21.778209]},"properties":{"nome":"25610","tipo":"ponto","bairro":"PARQUE AURORA"}},{"type":"Feature","geometry":{"type":"Point","coordinates":[-41.330893,-21.778763]},"properties":{"nome":"26010","tipo":"ponto","bairro":"PARQUE AURORA"}},{"type":"Feature","geometry":{"type":"Point","coordinates":[-41.330264,-21.77874]},"properties":{"nome":"2719","tipo":"ponto","bairro":"PARQUE AURORA"}},{"type":"Feature","geometry":{"type":"Point","coordinates":[-41.330066,-21.779097]},"properties":{"nome":"2799","tipo":"ponto","bairro":"PARQUE AURORA"}},{"type":"Feature","geometry":{"type":"Point","coordinates":[-41.32879,-21.779275]},"properties":{"nome":"2849","tipo":"ponto","bairro":"PARQUE AURORA"}},{"type":"Feature","geometry":{"type":"Point","coordinates":[-41.328651,-21.779559]},"properties":{"nome":"2929","tipo":"ponto","bairro":"PARQUE AURORA"}},{"type":"Feature","geometry":{"type":"Point","coordinates":[-41.327351,-21.7798]},"properties":{"nome":"2969","tipo":"ponto","bairro":"PARQUE AURORA"}},{"type":"Feature","geometry":{"type":"Point","coordinates":[-41.326899,-21.780197]},"properties":{"nome":"3098","tipo":"ponto","bairro":"PARQUE AURORA"}},{"type":"Feature","geometry":{"type":"Point","coordinates":[-41.332509,-21.786834]},"properties":{"nome":"3128","tipo":"ponto","bairro":"PARQUE AURORA"}},{"type":"Feature","geometry":{"type":"Point","coordinates":[-41.32361,-21.786517]},"properties":{"nome":"3228","tipo":"ponto","bairro":"PARQUE AURORA"}},{"type":"Feature","geometry":{"type":"Point","coordinates":[-41.323674,-21.786334]},"properties":{"nome":"3258","tipo":"ponto","bairro":"PARQUE AURORA"}},{"type":"Feature","geometry":{"type":"Point","coordinates":[-41.323171,-21.786408]},"properties":{"nome":"3278","tipo":"ponto","bairro":"PARQUE AURORA"}},{"type":"Feature","geometry":{"type":"Point","coordinates":[-41.326687,-21.78574]},"properties":{"nome":"3518","tipo":"ponto","bairro":"PARQUE AURORA"}},{"type":"Feature","geometry":{"type":"Point","coordinates":[-41.328218,-21.785339]},"properties":{"nome":"3588","tipo":"ponto","bairro":"PARQUE AURORA"}},{"type":"Feature","geometry":{"type":"Point","coordinates":[-41.331459,-21.784495]},"properties":{"nome":"3758","tipo":"ponto","bairro":"PARQUE AURORA"}},{"type":"Feature","geometry":{"type":"Point","coordinates":[-41.332632,-21.785503]},"properties":{"nome":"40511","tipo":"ponto","bairro":"PARQUE AURORA"}},{"type":"Feature","geometry":{"type":"Point","coordinates":[-41.334075,-21.784841]},"properties":{"nome":"4187","tipo":"ponto","bairro":"PARQUE AURORA"}},{"type":"Feature","geometry":{"type":"Point","coordinates":[-41.335089,-21.78434]},"properties":{"nome":"4277","tipo":"ponto","bairro":"PARQUE AURORA"}},{"type":"Feature","geometry":{"type":"Point","coordinates":[-41.329002,-21.787998]},"properties":{"nome":"4377","tipo":"ponto","bairro":"PARQUE AURORA"}},{"type":"Feature","geometry":{"type":"Point","coordinates":[-41.327017,-21.789189]},"properties":{"nome":"4597","tipo":"ponto","bairro":"PARQUE AURORA"}},{"type":"Feature","geometry":{"type":"Point","coordinates":[-41.326466,-21.786577]},"properties":{"nome":"4717","tipo":"ponto","bairro":"PARQUE AURORA"}},{"type":"Feature","geometry":{"type":"Point","coordinates":[-41.327345,-21.786426]},"properties":{"nome":"4757","tipo":"ponto","bairro":"PARQUE AURORA"}},{"type":"Feature","geometry":{"type":"Point","coordinates":[-41.327842,-21.789577]},"properties":{"nome":"4847","tipo":"ponto","bairro":"PARQUE AURORA"}},{"type":"Feature","geometry":{"type":"Point","coordinates":[-41.327381,-21.787487]},"properties":{"nome":"4917","tipo":"ponto","bairro":"PARQUE AURORA"}},{"type":"Feature","geometry":{"type":"Point","coordinates":[-41.320926,-21.788414]},"properties":{"nome":"5067","tipo":"ponto","bairro":"PARQUE AURORA"}},{"type":"Feature","geometry":{"type":"Point","coordinates":[-41.325933,-21.787506]},"properties":{"nome":"5217","tipo":"ponto","bairro":"PARQUE AURORA"}},{"type":"Feature","geometry":{"type":"Point","coordinates":[-41.325258,-21.787898]},"properties":{"nome":"5386","tipo":"ponto","bairro":"PARQUE AURORA"}},{"type":"Feature","geometry":{"type":"Point","coordinates":[-41.324463,-21.787959]},"properties":{"nome":"5476","tipo":"ponto","bairro":"PARQUE AURORA"}},{"type":"Feature","geometry":{"type":"Point","coordinates":[-41.323724,-21.787931]},"properties":{"nome":"5555","tipo":"ponto","bairro":"PARQUE AURORA"}},{"type":"Feature","geometry":{"type":"Point","coordinates":[-41.323718,-21.787942]},"properties":{"nome":"5565","tipo":"ponto","bairro":"PARQUE AURORA"}},{"type":"Feature","geometry":{"type":"Point","coordinates":[-41.323256,-21.789051]},"properties":{"nome":"56811","tipo":"ponto","bairro":"PARQUE AURORA"}},{"type":"Feature","geometry":{"type":"Point","coordinates":[-41.323261,-21.789048]},"properties":{"nome":"5685","tipo":"ponto","bairro":"PARQUE AURORA"}},{"type":"Feature","geometry":{"type":"Point","coordinates":[-41.322861,-21.787226]},"properties":{"nome":"5765","tipo":"ponto","bairro":"PARQUE AURORA"}},{"type":"Feature","geometry":{"type":"Point","coordinates":[-41.326451,-21.788499]},"properties":{"nome":"5895","tipo":"ponto","bairro":"PARQUE AURORA"}},{"type":"Feature","geometry":{"type":"Point","coordinates":[-41.32161,-21.788058]},"properties":{"nome":"6053","tipo":"ponto","bairro":"PARQUE AURORA"}},{"type":"Feature","geometry":{"type":"Point","coordinates":[-41.325535,-21.789812]},"properties":{"nome":"6183","tipo":"ponto","bairro":"PARQUE AURORA"}},{"type":"Feature","geometry":{"type":"Point","coordinates":[-41.324688,-21.789932]},"properties":{"nome":"6223","tipo":"ponto","bairro":"PARQUE AURORA"}},{"type":"Feature","geometry":{"type":"Point","coordinates":[-41.324685,-21.789935]},"properties":{"nome":"6233","tipo":"ponto","bairro":"PARQUE AURORA"}},{"type":"Feature","geometry":{"type":"Point","coordinates":[-41.322013,-21.790087]},"properties":{"nome":"6353","tipo":"ponto","bairro":"PARQUE AURORA"}},{"type":"Feature","geometry":{"type":"Point","coordinates":[-41.323721,-21.791609]},"properties":{"nome":"64611","tipo":"ponto","bairro":"PARQUE AURORA"}},{"type":"Feature","geometry":{"type":"Point","coordinates":[-41.324676,-21.793465]},"properties":{"nome":"6563","tipo":"ponto","bairro":"PARQUE AURORA"}},{"type":"Feature","geometry":{"type":"Point","coordinates":[-41.32568,-21.795474]},"properties":{"nome":"6663","tipo":"ponto","bairro":"PARQUE AURORA"}},{"type":"Feature","geometry":{"type":"Point","coordinates":[-41.324446,-21.791665]},"properties":{"nome":"6833","tipo":"ponto","bairro":"PARQUE AURORA"}},{"type":"Feature","geometry":{"type":"Point","coordinates":[-41.323247,-21.791814]},"properties":{"nome":"6963","tipo":"ponto","bairro":"PARQUE AURORA"}},{"type":"Feature","geometry":{"type":"Point","coordinates":[-41.324314,-21.793938]},"properties":{"nome":"7053","tipo":"ponto","bairro":"PARQUE AURORA"}},{"type":"Feature","geometry":{"type":"Point","coordinates":[-41.32527,-21.795851]},"properties":{"nome":"7133","tipo":"ponto","bairro":"PARQUE AURORA"}},{"type":"Feature","geometry":{"type":"Point","coordinates":[-41.324312,-21.789482]},"properties":{"nome":"7173","tipo":"ponto","bairro":"PARQUE AURORA"}},{"type":"Feature","geometry":{"type":"Point","coordinates":[-41.321962,-21.790333]},"properties":{"nome":"7263","tipo":"ponto","bairro":"PARQUE AURORA"}},{"type":"Feature","geometry":{"type":"Point","coordinates":[-41.322648,-21.791711]},"properties":{"nome":"7323","tipo":"ponto","bairro":"PARQUE AURORA"}},{"type":"Feature","geometry":{"type":"Point","coordinates":[-41.324007,-21.794492]},"properties":{"nome":"7443","tipo":"ponto","bairro":"PARQUE AURORA"}},{"type":"Feature","geometry":{"type":"Point","coordinates":[-41.325974,-21.792621]},"properties":{"nome":"7543","tipo":"ponto","bairro":"PARQUE AURORA"}},{"type":"Feature","geometry":{"type":"Point","coordinates":[-41.321843,-21.791238]},"properties":{"nome":"7803","tipo":"ponto","bairro":"PARQUE AURORA"}},{"type":"Feature","geometry":{"type":"Point","coordinates":[-41.322636,-21.786107]},"properties":{"nome":"8002","tipo":"ponto","bairro":"PARQUE AURORA"}},{"type":"Feature","geometry":{"type":"Point","coordinates":[-41.32228,-21.784638]},"properties":{"nome":"8102","tipo":"ponto","bairro":"PARQUE AURORA"}},{"type":"Feature","geometry":{"type":"Point","coordinates":[-41.321934,-21.78118]},"properties":{"nome":"8152","tipo":"ponto","bairro":"PARQUE AURORA"}},{"type":"Feature","geometry":{"type":"Point","coordinates":[-41.321938,-21.782017]},"properties":{"nome":"8192","tipo":"ponto","bairro":"PARQUE AURORA"}},{"type":"Feature","geometry":{"type":"Point","coordinates":[-41.324265,-21.780742]},"properties":{"nome":"8372","tipo":"ponto","bairro":"PARQUE AURORA"}},{"type":"Feature","geometry":{"type":"Point","coordinates":[-41.32134,-21.780901]},"properties":{"nome":"8592","tipo":"ponto","bairro":"PARQUE AURORA"}},{"type":"Feature","geometry":{"type":"Point","coordinates":[-41.321351,-21.781142]},"properties":{"nome":"8652","tipo":"ponto","bairro":"PARQUE AURORA"}},{"type":"Feature","geometry":{"type":"Point","coordinates":[-41.317758,-21.780988]},"properties":{"nome":"8872","tipo":"ponto","bairro":"PARQUE AURORA"}},{"type":"Feature","geometry":{"type":"Point","coordinates":[-41.316964,-21.781171]},"properties":{"nome":"8972","tipo":"ponto","bairro":"PARQUE AURORA"}},{"type":"Feature","geometry":{"type":"Point","coordinates":[-41.31541,-21.781028]},"properties":{"nome":"9012","tipo":"ponto","bairro":"PARQUE AURORA"}},{"type":"Feature","geometry":{"type":"Point","coordinates":[-41.312109,-21.781586]},"properties":{"nome":"9402","tipo":"ponto","bairro":"PARQUE AURORA"}},{"type":"Feature","geometry":{"type":"Point","coordinates":[-41.316161,-21.78154]},"properties":{"nome":"9592","tipo":"ponto","bairro":"PARQUE AURORA"}},{"type":"Feature","geometry":{"type":"Point","coordinates":[-41.313902,-21.783253]},"properties":{"nome":"9722","tipo":"ponto","bairro":"PARQUE AURORA"}},{"type":"Feature","geometry":{"type":"Point","coordinates":[-41.313801,-21.782573]},"properties":{"nome":"9802","tipo":"ponto","bairro":"PARQUE AURORA"}},{"type":"Feature","geometry":{"type":"Point","coordinates":[-41.314794,-21.782609]},"properties":{"nome":"9852","tipo":"ponto","bairro":"PARQUE AURORA"}},{"type":"Feature","geometry":{"type":"Point","coordinates":[-41.330132,-21.771097]},"properties":{"nome":"12520","tipo":"ponto","bairro":"PARQUE AURORA"}},{"type":"Feature","geometry":{"type":"Point","coordinates":[-41.329315,-21.771398]},"properties":{"nome":"13020","tipo":"ponto","bairro":"PARQUE AURORA"}},{"type":"Feature","geometry":{"type":"Point","coordinates":[-41.328843,-21.771679]},"properties":{"nome":"14020","tipo":"ponto","bairro":"PARQUE AURORA"}},{"type":"Feature","geometry":{"type":"Point","coordinates":[-41.327894,-21.771889]},"properties":{"nome":"15020","tipo":"ponto","bairro":"PARQUE AURORA"}},{"type":"Feature","geometry":{"type":"Point","coordinates":[-41.32713,-21.772156]},"properties":{"nome":"15420","tipo":"ponto","bairro":"PARQUE AURORA"}},{"type":"Feature","geometry":{"type":"Point","coordinates":[-41.324408,-21.772932]},"properties":{"nome":"17419","tipo":"ponto","bairro":"PARQUE AURORA"}},{"type":"Feature","geometry":{"type":"Point","coordinates":[-41.324106,-21.772994]},"properties":{"nome":"17519","tipo":"ponto","bairro":"PARQUE AURORA"}},{"type":"Feature","geometry":{"type":"Point","coordinates":[-41.321757,-21.773879]},"properties":{"nome":"19918","tipo":"ponto","bairro":"PARQUE AURORA"}},{"type":"Feature","geometry":{"type":"Point","coordinates":[-41.321182,-21.774007]},"properties":{"nome":"20417","tipo":"ponto","bairro":"PARQUE AURORA"}},{"type":"Feature","geometry":{"type":"Point","coordinates":[-41.328089,-21.768363]},"properties":{"nome":"22815","tipo":"ponto","bairro":"PARQUE AURORA"}},{"type":"Feature","geometry":{"type":"Point","coordinates":[-41.328284,-21.768346]},"properties":{"nome":"22914","tipo":"ponto","bairro":"PARQUE AURORA"}},{"type":"Feature","geometry":{"type":"Point","coordinates":[-41.329203,-21.76948]},"properties":{"nome":"2489","tipo":"ponto","bairro":"PARQUE AURORA"}},{"type":"Feature","geometry":{"type":"Point","coordinates":[-41.324468,-21.770949]},"properties":{"nome":"2599","tipo":"ponto","bairro":"PARQUE AURORA"}},{"type":"Feature","geometry":{"type":"Point","coordinates":[-41.331419,-21.772539]},"properties":{"nome":"2669","tipo":"ponto","bairro":"PARQUE AURORA"}},{"type":"Feature","geometry":{"type":"Point","coordinates":[-41.330338,-21.772939]},"properties":{"nome":"26912","tipo":"ponto","bairro":"PARQUE AURORA"}},{"type":"Feature","geometry":{"type":"Point","coordinates":[-41.33124,-21.774569]},"properties":{"nome":"2778","tipo":"ponto","bairro":"PARQUE AURORA"}},{"type":"Feature","geometry":{"type":"Point","coordinates":[-41.331231,-21.776623]},"properties":{"nome":"2878","tipo":"ponto","bairro":"PARQUE AURORA"}},{"type":"Feature","geometry":{"type":"Point","coordinates":[-41.332304,-21.777599]},"properties":{"nome":"2997","tipo":"ponto","bairro":"PARQUE AURORA"}},{"type":"Feature","geometry":{"type":"Point","coordinates":[-41.332238,-21.777664]},"properties":{"nome":"3047","tipo":"ponto","bairro":"PARQUE AURORA"}},{"type":"Feature","geometry":{"type":"Point","coordinates":[-41.327826,-21.766155]},"properties":{"nome":"3127","tipo":"ponto","bairro":"PARQUE AURORA"}},{"type":"Feature","geometry":{"type":"Point","coordinates":[-41.326611,-21.768094]},"properties":{"nome":"3417","tipo":"ponto","bairro":"PARQUE AURORA"}},{"type":"Feature","geometry":{"type":"Point","coordinates":[-41.326471,-21.767706]},"properties":{"nome":"3437","tipo":"ponto","bairro":"PARQUE AURORA"}},{"type":"Feature","geometry":{"type":"Point","coordinates":[-41.326798,-21.768467]},"properties":{"nome":"3447","tipo":"ponto","bairro":"PARQUE AURORA"}},{"type":"Feature","geometry":{"type":"Point","coordinates":[-41.326949,-21.769027]},"properties":{"nome":"3507","tipo":"ponto","bairro":"PARQUE AURORA"}},{"type":"Feature","geometry":{"type":"Point","coordinates":[-41.327349,-21.769852]},"properties":{"nome":"35711","tipo":"ponto","bairro":"PARQUE AURORA"}},{"type":"Feature","geometry":{"type":"Point","coordinates":[-41.32739,-21.769944]},"properties":{"nome":"3577","tipo":"ponto","bairro":"PARQUE AURORA"}},{"type":"Feature","geometry":{"type":"Point","coordinates":[-41.327664,-21.770754]},"properties":{"nome":"3697","tipo":"ponto","bairro":"PARQUE AURORA"}},{"type":"Feature","geometry":{"type":"Point","coordinates":[-41.328713,-21.773272]},"properties":{"nome":"37711","tipo":"ponto","bairro":"PARQUE AURORA"}},{"type":"Feature","geometry":{"type":"Point","coordinates":[-41.328491,-21.772672]},"properties":{"nome":"3807","tipo":"ponto","bairro":"PARQUE AURORA"}},{"type":"Feature","geometry":{"type":"Point","coordinates":[-41.329278,-21.774665]},"properties":{"nome":"3867","tipo":"abertura","bairro":"PARQUE AURORA"}},{"type":"Feature","geometry":{"type":"Point","coordinates":[-41.329546,-21.775334]},"properties":{"nome":"3887","tipo":"abertura","bairro":"PARQUE AURORA"}},{"type":"Feature","geometry":{"type":"Point","coordinates":[-41.329759,-21.775848]},"properties":{"nome":"3907","tipo":"ponto","bairro":"PARQUE AURORA"}},{"type":"Feature","geometry":{"type":"Point","coordinates":[-41.329983,-21.776497]},"properties":{"nome":"3937","tipo":"ponto","bairro":"PARQUE AURORA"}},{"type":"Feature","geometry":{"type":"Point","coordinates":[-41.330421,-21.777579]},"properties":{"nome":"3987","tipo":"ponto","bairro":"PARQUE AURORA"}},{"type":"Feature","geometry":{"type":"Point","coordinates":[-41.330403,-21.777657]},"properties":{"nome":"3997","tipo":"ponto","bairro":"PARQUE AURORA"}},{"type":"Feature","geometry":{"type":"Point","coordinates":[-41.330695,-21.778463]},"properties":{"nome":"4067","tipo":"ponto","bairro":"PARQUE AURORA"}},{"type":"Feature","geometry":{"type":"Point","coordinates":[-41.333072,-21.777528]},"properties":{"nome":"4126","tipo":"ponto","bairro":"PARQUE AURORA"}},{"type":"Feature","geometry":{"type":"Point","coordinates":[-41.332788,-21.776455]},"properties":{"nome":"4176","tipo":"ponto","bairro":"PARQUE AURORA"}},{"type":"Feature","geometry":{"type":"Point","coordinates":[-41.332487,-21.775653]},"properties":{"nome":"4226","tipo":"ponto","bairro":"PARQUE AURORA"}},{"type":"Feature","geometry":{"type":"Point","coordinates":[-41.331974,-21.774191]},"properties":{"nome":"4286","tipo":"ponto","bairro":"PARQUE AURORA"}},{"type":"Feature","geometry":{"type":"Point","coordinates":[-41.330014,-21.767657]},"properties":{"nome":"4556","tipo":"ponto","bairro":"PARQUE AURORA"}},{"type":"Feature","geometry":{"type":"Point","coordinates":[-41.329785,-21.766993]},"properties":{"nome":"4576","tipo":"ponto","bairro":"PARQUE AURORA"}},{"type":"Feature","geometry":{"type":"Point","coordinates":[-41.32643,-21.768171]},"properties":{"nome":"4626","tipo":"ponto","bairro":"PARQUE AURORA"}},{"type":"Feature","geometry":{"type":"Point","coordinates":[-41.324617,-21.768734]},"properties":{"nome":"4696","tipo":"ponto","bairro":"PARQUE AURORA"}},{"type":"Feature","geometry":{"type":"Point","coordinates":[-41.324679,-21.7702]},"properties":{"nome":"4816","tipo":"ponto","bairro":"PARQUE AURORA"}},{"type":"Feature","geometry":{"type":"Point","coordinates":[-41.327327,-21.773131]},"properties":{"nome":"4916","tipo":"ponto","bairro":"PARQUE AURORA"}},{"type":"Feature","geometry":{"type":"Point","coordinates":[-41.319091,-21.77575]},"properties":{"nome":"4976","tipo":"ponto","bairro":"PARQUE AURORA"}},{"type":"Feature","geometry":{"type":"Point","coordinates":[-41.320519,-21.775764]},"properties":{"nome":"5006","tipo":"ponto","bairro":"PARQUE AURORA"}},{"type":"Feature","geometry":{"type":"Point","coordinates":[-41.321411,-21.775766]},"properties":{"nome":"5036","tipo":"ponto","bairro":"PARQUE AURORA"}},{"type":"Feature","geometry":{"type":"Point","coordinates":[-41.322658,-21.775716]},"properties":{"nome":"5106","tipo":"ponto","bairro":"PARQUE AURORA"}},{"type":"Feature","geometry":{"type":"Point","coordinates":[-41.324708,-21.775132]},"properties":{"nome":"5206","tipo":"ponto","bairro":"PARQUE AURORA"}},{"type":"Feature","geometry":{"type":"Point","coordinates":[-41.326432,-21.774501]},"properties":{"nome":"5276","tipo":"ponto","bairro":"PARQUE AURORA"}},{"type":"Feature","geometry":{"type":"Point","coordinates":[-41.326939,-21.774302]},"properties":{"nome":"5296","tipo":"ponto","bairro":"PARQUE AURORA"}},{"type":"Feature","geometry":{"type":"Point","coordinates":[-41.327364,-21.774141]},"properties":{"nome":"5316","tipo":"ponto","bairro":"PARQUE AURORA"}},{"type":"Feature","geometry":{"type":"Point","coordinates":[-41.32898,-21.775372]},"properties":{"nome":"5405","tipo":"ponto","bairro":"PARQUE AURORA"}},{"type":"Feature","geometry":{"type":"Point","coordinates":[-41.328315,-21.775612]},"properties":{"nome":"5425","tipo":"ponto","bairro":"PARQUE AURORA"}},{"type":"Feature","geometry":{"type":"Point","coordinates":[-41.327893,-21.775747]},"properties":{"nome":"5445","tipo":"ponto","bairro":"PARQUE AURORA"}},{"type":"Feature","geometry":{"type":"Point","coordinates":[-41.326037,-21.778445]},"properties":{"nome":"5554","tipo":"ponto","bairro":"PARQUE AURORA"}},{"type":"Feature","geometry":{"type":"Point","coordinates":[-41.328242,-21.777729]},"properties":{"nome":"5634","tipo":"ponto","bairro":"PARQUE AURORA"}},{"type":"Feature","geometry":{"type":"Point","coordinates":[-41.329138,-21.777375]},"properties":{"nome":"5744","tipo":"ponto","bairro":"PARQUE AURORA"}},{"type":"Feature","geometry":{"type":"Point","coordinates":[-41.325423,-21.777671]},"properties":{"nome":"5944","tipo":"ponto","bairro":"PARQUE AURORA"}},{"type":"Feature","geometry":{"type":"Point","coordinates":[-41.325764,-21.768122]},"properties":{"nome":"6192","tipo":"ponto","bairro":"PARQUE AURORA"}},{"type":"Feature","geometry":{"type":"Point","coordinates":[-41.32539,-21.767411]},"properties":{"nome":"6222","tipo":"ponto","bairro":"PARQUE AURORA"}},{"type":"Feature","geometry":{"type":"Point","coordinates":[-41.327217,-21.774958]},"properties":{"nome":"6322","tipo":"ponto","bairro":"PARQUE AURORA"}},{"type":"Feature","geometry":{"type":"Point","coordinates":[-41.326563,-21.771846]},"properties":{"nome":"6442","tipo":"ponto","bairro":"PARQUE AURORA"}},{"type":"Feature","geometry":{"type":"Point","coordinates":[-41.325908,-21.768799]},"properties":{"nome":"6582","tipo":"ponto","bairro":"PARQUE AURORA"}},{"type":"Feature","geometry":{"type":"Point","coordinates":[-41.323526,-21.767094]},"properties":{"nome":"6622","tipo":"ponto","bairro":"PARQUE AURORA"}},{"type":"Feature","geometry":{"type":"Point","coordinates":[-41.323624,-21.767451]},"properties":{"nome":"6632","tipo":"ponto","bairro":"PARQUE AURORA"}},{"type":"Feature","geometry":{"type":"Point","coordinates":[-41.323599,-21.767544]},"properties":{"nome":"6642","tipo":"ponto","bairro":"PARQUE AURORA"}},{"type":"Feature","geometry":{"type":"Point","coordinates":[-41.323667,-21.767609]},"properties":{"nome":"6652","tipo":"ponto","bairro":"PARQUE AURORA"}},{"type":"Feature","geometry":{"type":"Point","coordinates":[-41.324088,-21.769615]},"properties":{"nome":"6862","tipo":"ponto","bairro":"PARQUE AURORA"}},{"type":"Feature","geometry":{"type":"Point","coordinates":[-41.32432,-21.770829]},"properties":{"nome":"6882","tipo":"ponto","bairro":"PARQUE AURORA"}},{"type":"Feature","geometry":{"type":"Point","coordinates":[-41.325316,-21.775493]},"properties":{"nome":"7202","tipo":"ponto","bairro":"PARQUE AURORA"}},{"type":"Feature","geometry":{"type":"Point","coordinates":[-41.325444,-21.776171]},"properties":{"nome":"7232","tipo":"ponto","bairro":"PARQUE AURORA"}},{"type":"Feature","geometry":{"type":"Point","coordinates":[-41.326148,-21.776382]},"properties":{"nome":"7312","tipo":"ponto","bairro":"PARQUE AURORA"}},{"type":"Feature","geometry":{"type":"Point","coordinates":[-41.324916,-21.776823]},"properties":{"nome":"7352","tipo":"ponto","bairro":"PARQUE AURORA"}},{"type":"Feature","geometry":{"type":"Point","coordinates":[-41.325365,-21.771382]},"properties":{"nome":"7393","tipo":"ponto","bairro":"PARQUE AURORA"}},{"type":"Feature","geometry":{"type":"Point","coordinates":[-41.32594,-21.773912]},"properties":{"nome":"7502","tipo":"ponto","bairro":"PARQUE AURORA"}},{"type":"Feature","geometry":{"type":"Point","coordinates":[-41.326203,-21.775149]},"properties":{"nome":"7542","tipo":"ponto","bairro":"PARQUE AURORA"}},{"type":"Feature","geometry":{"type":"Point","coordinates":[-41.327065,-21.777236]},"properties":{"nome":"7632","tipo":"ponto","bairro":"PARQUE AURORA"}},{"type":"Feature","geometry":{"type":"Point","coordinates":[-41.327615,-21.778901]},"properties":{"nome":"7702","tipo":"ponto","bairro":"PARQUE AURORA"}},{"type":"Feature","geometry":{"type":"Point","coordinates":[-41.327645,-21.779064]},"properties":{"nome":"7722","tipo":"ponto","bairro":"PARQUE AURORA"}},{"type":"Feature","geometry":{"type":"Point","coordinates":[-41.322627,-21.768599]},"properties":{"nome":"7951","tipo":"ponto","bairro":"PARQUE AURORA"}},{"type":"Feature","geometry":{"type":"Point","coordinates":[-41.321688,-21.768677]},"properties":{"nome":"8021","tipo":"ponto","bairro":"PARQUE AURORA"}},{"type":"Feature","geometry":{"type":"Point","coordinates":[-41.321943,-21.76968]},"properties":{"nome":"8061","tipo":"ponto","bairro":"PARQUE AURORA"}},{"type":"Feature","geometry":{"type":"Point","coordinates":[-41.322078,-21.770024]},"properties":{"nome":"8081","tipo":"ponto","bairro":"PARQUE AURORA"}},{"type":"Feature","geometry":{"type":"Point","coordinates":[-41.322523,-21.77124]},"properties":{"nome":"8141","tipo":"ponto","bairro":"PARQUE AURORA"}},{"type":"Feature","geometry":{"type":"Point","coordinates":[-41.323361,-21.772507]},"properties":{"nome":"8231","tipo":"ponto","bairro":"PARQUE AURORA"}},{"type":"Feature","geometry":{"type":"Point","coordinates":[-41.323413,-21.773622]},"properties":{"nome":"8411","tipo":"ponto","bairro":"PARQUE AURORA"}},{"type":"Feature","geometry":{"type":"Point","coordinates":[-41.323474,-21.774347]},"properties":{"nome":"8481","tipo":"ponto","bairro":"PARQUE AURORA"}},{"type":"Feature","geometry":{"type":"Point","coordinates":[-41.325088,-21.778594]},"properties":{"nome":"8751","tipo":"ponto","bairro":"PARQUE AURORA"}},{"type":"Feature","geometry":{"type":"Point","coordinates":[-41.325571,-21.779976]},"properties":{"nome":"8921","tipo":"ponto","bairro":"PARQUE AURORA"}},{"type":"Feature","geometry":{"type":"Point","coordinates":[-41.325929,-21.781054]},"properties":{"nome":"9021","tipo":"ponto","bairro":"PARQUE AURORA"}},{"type":"Feature","geometry":{"type":"Point","coordinates":[-41.32722,-21.785011]},"properties":{"nome":"9241","tipo":"ponto","bairro":"PARQUE AURORA"}},{"type":"Feature","geometry":{"type":"Point","coordinates":[-41.327984,-21.78746]},"properties":{"nome":"9371","tipo":"ponto","bairro":"PARQUE AURORA"}},{"type":"Feature","geometry":{"type":"Point","coordinates":[-41.328262,-21.788393]},"properties":{"nome":"9411","tipo":"ponto","bairro":"PARQUE AURORA"}},{"type":"Feature","geometry":{"type":"Point","coordinates":[-41.328608,-21.790095]},"properties":{"nome":"9591","tipo":"ponto","bairro":"PARQUE AURORA"}},{"type":"Feature","geometry":{"type":"Point","coordinates":[-41.331108,-21.788144]},"properties":{"nome":"9751","tipo":"ponto","bairro":"PARQUE AURORA"}},{"type":"Feature","geometry":{"type":"Point","coordinates":[-41.330989,-21.788242]},"properties":{"nome":"9761","tipo":"ponto","bairro":"PARQUE AURORA"}},{"type":"Feature","geometry":{"type":"Point","coordinates":[-41.330458,-21.788593]},"properties":{"nome":"9791","tipo":"ponto","bairro":"PARQUE AURORA"}},{"type":"Feature","geometry":{"type":"Point","coordinates":[-41.329934,-21.789001]},"properties":{"nome":"9841","tipo":"ponto","bairro":"PARQUE AURORA"}},{"type":"Feature","geometry":{"type":"Point","coordinates":[-41.329431,-21.789445]},"properties":{"nome":"9881","tipo":"ponto","bairro":"PARQUE AURORA"}},{"type":"Feature","geometry":{"type":"Point","coordinates":[-41.349836,-21.765499]},"properties":{"nome":"00356","tipo":"ponto","bairro":"PARQUE AURORA"}},{"type":"Feature","geometry":{"type":"Point","coordinates":[-41.350496,-21.765204]},"properties":{"nome":"00756","tipo":"abertura","bairro":"PARQUE AURORA"}},{"type":"Feature","geometry":{"type":"Point","coordinates":[-41.35124,-21.76526]},"properties":{"nome":"01956","tipo":"ponto","bairro":"PARQUE AURORA"}},{"type":"Feature","geometry":{"type":"Point","coordinates":[-41.351715,-21.765773]},"properties":{"nome":"02954","tipo":"ponto","bairro":"PARQUE AURORA"}},{"type":"Feature","geometry":{"type":"Point","coordinates":[-41.352307,-21.766059]},"properties":{"nome":"04153","tipo":"ponto","bairro":"PARQUE AURORA"}},{"type":"Feature","geometry":{"type":"Point","coordinates":[-41.352909,-21.766383]},"properties":{"nome":"05053","tipo":"ponto","bairro":"PARQUE AURORA"}},{"type":"Feature","geometry":{"type":"Point","coordinates":[-41.353484,-21.766698]},"properties":{"nome":"06152","tipo":"abertura","bairro":"PARQUE AURORA"}},{"type":"Feature","geometry":{"type":"Point","coordinates":[-41.354122,-21.766959]},"properties":{"nome":"07152","tipo":"abertura","bairro":"PARQUE AURORA"}},{"type":"Feature","geometry":{"type":"Point","coordinates":[-41.349122,-21.765857]},"properties":{"nome":"07951","tipo":"abertura","bairro":"PARQUE AURORA"}},{"type":"Feature","geometry":{"type":"Point","coordinates":[-41.349474,-21.766033]},"properties":{"nome":"08150","tipo":"ponto","bairro":"PARQUE AURORA"}},{"type":"Feature","geometry":{"type":"Point","coordinates":[-41.349959,-21.766302]},"properties":{"nome":"08449","tipo":"ponto","bairro":"PARQUE AURORA"}},{"type":"Feature","geometry":{"type":"Point","coordinates":[-41.351282,-21.767031]},"properties":{"nome":"09148","tipo":"ponto","bairro":"PARQUE AURORA"}},{"type":"Feature","geometry":{"type":"Point","coordinates":[-41.351828,-21.767325]},"properties":{"nome":"09448","tipo":"ponto","bairro":"PARQUE AURORA"}},{"type":"Feature","geometry":{"type":"Point","coordinates":[-41.352621,-21.767747]},"properties":{"nome":"09848","tipo":"ponto","bairro":"PARQUE AURORA"}},{"type":"Feature","geometry":{"type":"Point","coordinates":[-41.354119,-21.768321]},"properties":{"nome":"10852","tipo":"ponto","bairro":"PARQUE AURORA"}},{"type":"Feature","geometry":{"type":"Point","coordinates":[-41.354343,-21.768064]},"properties":{"nome":"11048","tipo":"ponto","bairro":"PARQUE AURORA"}},{"type":"Feature","geometry":{"type":"Point","coordinates":[-41.355667,-21.76539]},"properties":{"nome":"12245","tipo":"ponto","bairro":"PARQUE AURORA"}},{"type":"Feature","geometry":{"type":"Point","coordinates":[-41.354267,-21.764451]},"properties":{"nome":"12845","tipo":"ponto","bairro":"PARQUE AURORA"}},{"type":"Feature","geometry":{"type":"Point","coordinates":[-41.35417,-21.764372]},"properties":{"nome":"12945","tipo":"ponto","bairro":"PARQUE AURORA"}},{"type":"Feature","geometry":{"type":"Point","coordinates":[-41.352886,-21.763504]},"properties":{"nome":"13445","tipo":"ponto","bairro":"PARQUE AURORA"}},{"type":"Feature","geometry":{"type":"Point","coordinates":[-41.331206,-21.772862]},"properties":{"nome":"00160","tipo":"cto","bairro":"PARQUE AURORA"}},{"type":"Feature","geometry":{"type":"Point","coordinates":[-41.331325,-21.772819]},"properties":{"nome":"00260","tipo":"cto","bairro":"PARQUE AURORA"}},{"type":"Feature","geometry":{"type":"Point","coordinates":[-41.331358,-21.772907]},"properties":{"nome":"00360","tipo":"cto","bairro":"PARQUE AURORA"}},{"type":"Feature","geometry":{"type":"Point","coordinates":[-41.33138,-21.773006]},"properties":{"nome":"00460","tipo":"cto","bairro":"PARQUE AURORA"}},{"type":"Feature","geometry":{"type":"Point","coordinates":[-41.331253,-21.772996]},"properties":{"nome":"00560","tipo":"ponto","bairro":"PARQUE AURORA"}},{"type":"Feature","geometry":{"type":"Point","coordinates":[-41.331306,-21.773102]},"properties":{"nome":"00660","tipo":"cto","bairro":"PARQUE AURORA"}},{"type":"Feature","geometry":{"type":"Point","coordinates":[-41.331413,-21.773108]},"properties":{"nome":"00760","tipo":"cto","bairro":"PARQUE AURORA"}},{"type":"Feature","geometry":{"type":"Point","coordinates":[-41.331438,-21.773203]},"properties":{"nome":"00860","tipo":"cto","bairro":"PARQUE AURORA"}},{"type":"Feature","geometry":{"type":"Point","coordinates":[-41.331377,-21.773243]},"properties":{"nome":"00960","tipo":"cto","bairro":"PARQUE AURORA"}},{"type":"Feature","geometry":{"type":"Point","coordinates":[-41.331352,-21.773273]},"properties":{"nome":"01060","tipo":"cto","bairro":"PARQUE AURORA"}},{"type":"Feature","geometry":{"type":"Point","coordinates":[-41.331457,-21.773308]},"properties":{"nome":"01160","tipo":"cto","bairro":"PARQUE AURORA"}},{"type":"Feature","geometry":{"type":"Point","coordinates":[-41.331396,-21.773323]},"properties":{"nome":"01260","tipo":"cto","bairro":"PARQUE AURORA"}},{"type":"Feature","geometry":{"type":"Point","coordinates":[-41.331253,-21.773303]},"properties":{"nome":"01360","tipo":"ponto","bairro":"PARQUE AURORA"}},{"type":"Feature","geometry":{"type":"Point","coordinates":[-41.331074,-21.773403]},"properties":{"nome":"01460","tipo":"cto","bairro":"PARQUE AURORA"}},{"type":"Feature","geometry":{"type":"Point","coordinates":[-41.330922,-21.77345]},"properties":{"nome":"01560","tipo":"cto","bairro":"PARQUE AURORA"}},{"type":"Feature","geometry":{"type":"Point","coordinates":[-41.330757,-21.773503]},"properties":{"nome":"01660","tipo":"cto","bairro":"PARQUE AURORA"}},{"type":"Feature","geometry":{"type":"Point","coordinates":[-41.330593,-21.773555]},"properties":{"nome":"01760","tipo":"cto","bairro":"PARQUE AURORA"}},{"type":"Feature","geometry":{"type":"Point","coordinates":[-41.330445,-21.773602]},"properties":{"nome":"01860","tipo":"cto","bairro":"PARQUE AURORA"}},{"type":"Feature","geometry":{"type":"Point","coordinates":[-41.330276,-21.773655]},"properties":{"nome":"01960","tipo":"cto","bairro":"PARQUE AURORA"}},{"type":"Feature","geometry":{"type":"Point","coordinates":[-41.330123,-21.77371]},"properties":{"nome":"02060","tipo":"cto","bairro":"PARQUE AURORA"}},{"type":"Feature","geometry":{"type":"Point","coordinates":[-41.329951,-21.773761]},"properties":{"nome":"02160","tipo":"cto","bairro":"PARQUE AURORA"}},{"type":"Feature","geometry":{"type":"Point","coordinates":[-41.3298,-21.773809]},"properties":{"nome":"02260","tipo":"cto","bairro":"PARQUE AURORA"}},{"type":"Feature","geometry":{"type":"Point","coordinates":[-41.329622,-21.77386]},"properties":{"nome":"02360","tipo":"cto","bairro":"PARQUE AURORA"}},{"type":"Feature","geometry":{"type":"Point","coordinates":[-41.329481,-21.773936]},"properties":{"nome":"02460","tipo":"cto","bairro":"PARQUE AURORA"}},{"type":"Feature","geometry":{"type":"Point","coordinates":[-41.329425,-21.773833]},"properties":{"nome":"02559","tipo":"cto","bairro":"PARQUE AURORA"}},{"type":"Feature","geometry":{"type":"Point","coordinates":[-41.329516,-21.773818]},"properties":{"nome":"02659","tipo":"cto","bairro":"PARQUE AURORA"}},{"type":"Feature","geometry":{"type":"Point","coordinates":[-41.329688,-21.773766]},"properties":{"nome":"02759","tipo":"cto","bairro":"PARQUE AURORA"}},{"type":"Feature","geometry":{"type":"Point","coordinates":[-41.329769,-21.773739]},"properties":{"nome":"02859","tipo":"cto","bairro":"PARQUE AURORA"}},{"type":"Feature","geometry":{"type":"Point","coordinates":[-41.329932,-21.773695]},"properties":{"nome":"02958","tipo":"cto","bairro":"PARQUE AURORA"}},{"type":"Feature","geometry":{"type":"Point","coordinates":[-41.330164,-21.773613]},"properties":{"nome":"03059","tipo":"cto","bairro":"PARQUE AURORA"}},{"type":"Feature","geometry":{"type":"Point","coordinates":[-41.330346,-21.773556]},"properties":{"nome":"03159","tipo":"cto","bairro":"PARQUE AURORA"}},{"type":"Feature","geometry":{"type":"Point","coordinates":[-41.33048,-21.773519]},"properties":{"nome":"03259","tipo":"ponto","bairro":"PARQUE AURORA"}},{"type":"Feature","geometry":{"type":"Point","coordinates":[-41.330655,-21.773461]},"properties":{"nome":"03359","tipo":"cto","bairro":"PARQUE AURORA"}},{"type":"Feature","geometry":{"type":"Point","coordinates":[-41.330822,-21.773407]},"properties":{"nome":"03458","tipo":"cto","bairro":"PARQUE AURORA"}},{"type":"Feature","geometry":{"type":"Point","coordinates":[-41.330981,-21.773358]},"properties":{"nome":"03557","tipo":"cto","bairro":"PARQUE AURORA"}},{"type":"Feature","geometry":{"type":"Point","coordinates":[-41.331146,-21.773333]},"properties":{"nome":"03657","tipo":"cto","bairro":"PARQUE AURORA"}}]}