{"type":"FeatureCollection","features":[{"type":"Feature","geometry":{"type":"Polygon","coordinates":[[[-41.333928,-21.756247],[-41.326847,-21.758487],[-41.326708,-21.756338],[-41.326218,-21.755207],[-41.325443,-21.753505],[-41.326544,-21.752307],[-41.329681,-21.747903],[-41.331186,-21.748811],[-41.331305,-21.749036],[-41.331795,-21.75039],[-41.33182,-21.750539],[-41.333928,-21.756247],[-41.333928,-21.756247]]]},"properties":{"nome":"\u00c1REA 1","tipo":"area","bairro":"CENTRO"}},{"type":"Feature","geometry":{"type":"Polygon","coordinates":[[[-41.333925,-21.756237],[-41.331829,-21.750525],[-41.331674,-21.750451],[-41.331172,-21.74908],[-41.331219,-21.748811],[-41.329685,-21.747891],[-41.330695,-21.74631],[-41.334712,-21.749267],[-41.335078,-21.749217],[-41.33915,-21.752621],[-41.339683,-21.75423],[-41.339765,-21.754473],[-41.338724,-21.754804],[-41.338697,-21.75475],[-41.333925,-21.756237],[-41.333925,-21.756237]]]},"properties":{"nome":"\u00c1REA 2","tipo":"area","bairro":"CENTRO"}},{"type":"Feature","geometry":{"type":"Polygon","coordinates":[[[-41.32825,-21.762006],[-41.326665,-21.758549],[-41.33229,-21.756763],[-41.338693,-21.754782],[-41.338591,-21.755183],[-41.338159,-21.755667],[-41.337991,-21.756014],[-41.336999,-21.757206],[-41.336091,-21.758296],[-41.335447,-21.75881],[-41.334909,-21.759236],[-41.333442,-21.759875],[-41.332497,-21.760264],[-41.33199,-21.760549],[-41.330202,-21.761845],[-41.328556,-21.762633],[-41.32825,-21.762006],[-41.32825,-21.762006]]]},"properties":{"nome":"\u00c1REA 3","tipo":"area","bairro":"CENTRO"}},{"type":"Feature","geometry":{"type":"Polygon","coordinates":[[[-41.334729,-21.763457],[-41.329586,-21.765031],[-41.328599,-21.762619],[-41.330174,-21.761882],[-41.332054,-21.760521],[-41.332539,-21.760255],[-41.333438,-21.759886],[-41.334729,-21.763457],[-41.334729,-21.763457]]]},"properties":{"nome":"\u00c1REA 4","tipo":"area","bairro":"CENTRO"}},{"type":"Feature","geometry":{"type":"Polygon","coordinates":[[[-41.34098,-21.758965],[-41.339531,-21.75941],[-41.338511,-21.759734],[-41.339319,-21.762093],[-41.339147,-21.762156],[-41.334723,-21.763394],[-41.334001,-21.761318],[-41.333452,-21.759885],[-41.334919,-21.759241],[-41.336051,-21.758356],[-41.336929,-21.757336],[-41.337654,-21.756448],[-41.338014,-21.756025],[-41.338177,-21.7557],[-41.33849,-21.755374],[-41.338661,-21.755116],[-41.338747,-21.754818],[-41.339495,-21.754572],[-41.339661,-21.755099],[-41.34098,-21.758965],[-41.34098,-21.758965]]]},"properties":{"nome":"\u00c1REA 5","tipo":"area","bairro":"CENTRO"}},{"type":"Feature","geometry":{"type":"Polygon","coordinates":[[[-41.342782,-21.761715],[-41.342091,-21.761752],[-41.342047,-21.759973],[-41.341525,-21.759956],[-41.341505,-21.759727],[-41.341999,-21.75974],[-41.342003,-21.758465],[-41.341341,-21.759133],[-41.340655,-21.757343],[-41.342819,-21.75496],[-41.343197,-21.754969],[-41.344213,-21.755562],[-41.343362,-21.756575],[-41.34345,-21.757936],[-41.342576,-21.757997],[-41.342782,-21.761715],[-41.342782,-21.761715]]]},"properties":{"nome":"\u00c1REA 6","tipo":"area","bairro":"CENTRO"}},{"type":"Feature","geometry":{"type":"Polygon","coordinates":[[[-41.344273,-21.761683],[-41.342783,-21.761722],[-41.342621,-21.758009],[-41.343472,-21.757956],[-41.343384,-21.756569],[-41.344241,-21.755546],[-41.344707,-21.755827],[-41.344856,-21.758033],[-41.344968,-21.75977],[-41.344249,-21.759803],[-41.344273,-21.761683],[-41.344273,-21.761683]]]},"properties":{"nome":"\u00c1REA 7","tipo":"area","bairro":"CENTRO"}},{"type":"Feature","geometry":{"type":"Polygon","coordinates":[[[-41.34828,-21.757977],[-41.348018,-21.758224],[-41.347981,-21.758225],[-41.346966,-21.75755],[-41.346779,-21.757734],[-41.346889,-21.761741],[-41.344298,-21.76167],[-41.344282,-21.759809],[-41.344977,-21.759792],[-41.344731,-21.755669],[-41.34828,-21.757977],[-41.34828,-21.757977]]]},"properties":{"nome":"\u00c1REA 8","tipo":"area","bairro":"CENTRO"}},{"type":"Feature","geometry":{"type":"Polygon","coordinates":[[[-41.341128,-21.763405],[-41.341082,-21.763452],[-41.341211,-21.763987],[-41.341405,-21.765223],[-41.340619,-21.765191],[-41.340343,-21.76385],[-41.339425,-21.764019],[-41.339557,-21.765023],[-41.337996,-21.764865],[-41.337958,-21.763151],[-41.339268,-21.762889],[-41.339097,-21.762232],[-41.340623,-21.761759],[-41.341128,-21.763405],[-41.341128,-21.763405]]]},"properties":{"nome":"\u00c1REA 9","tipo":"area","bairro":"CENTRO"}},{"type":"Feature","geometry":{"type":"Polygon","coordinates":[[[-41.344115,-21.763684],[-41.34416,-21.762276],[-41.344446,-21.762233],[-41.344457,-21.765036],[-41.343883,-21.764436],[-41.34271,-21.764873],[-41.342805,-21.765347],[-41.341494,-21.765231],[-41.341226,-21.763954],[-41.341103,-21.763477],[-41.341184,-21.763429],[-41.340711,-21.761763],[-41.340762,-21.761646],[-41.342029,-21.761679],[-41.34228,-21.762598],[-41.342413,-21.763208],[-41.342846,-21.764371],[-41.34291,-21.764563],[-41.344026,-21.764071],[-41.343021,-21.762926],[-41.343271,-21.762856],[-41.344115,-21.763684],[-41.344115,-21.763684]]]},"properties":{"nome":"\u00c1REA 10","tipo":"area","bairro":"CENTRO"}},{"type":"Feature","geometry":{"type":"Polygon","coordinates":[[[-41.337976,-21.764842],[-41.337302,-21.764784],[-41.337336,-21.766066],[-41.335993,-21.765883],[-41.334572,-21.765672],[-41.333594,-21.765622],[-41.333472,-21.764936],[-41.335563,-21.764829],[-41.335858,-21.764837],[-41.335844,-21.764678],[-41.335809,-21.763533],[-41.337935,-21.763178],[-41.337976,-21.764842],[-41.337976,-21.764842]]]},"properties":{"nome":"\u00c1REA 11","tipo":"area","bairro":"CENTRO"}},{"type":"Feature","geometry":{"type":"Polygon","coordinates":[[[-41.333681,-21.765869],[-41.333451,-21.768598],[-41.330726,-21.768422],[-41.330731,-21.766813],[-41.330024,-21.766464],[-41.329749,-21.765924],[-41.330354,-21.765611],[-41.332014,-21.765116],[-41.333419,-21.76494],[-41.333564,-21.765732],[-41.333681,-21.765869],[-41.333681,-21.765869]]]},"properties":{"nome":"\u00c1REA 12","tipo":"area","bairro":"CENTRO"}},{"type":"Feature","geometry":{"type":"Point","coordinates":[-41.345893,-21.758755]},"properties":{"nome":"\u00c1REA","tipo":"ponto","bairro":"CENTRO"}},{"type":"Feature","geometry":{"type":"Point","coordinates":[-41.343552,-21.75822]},"properties":{"nome":"\u00c1REA","tipo":"ponto","bairro":"CENTRO"}},{"type":"Feature","geometry":{"type":"Point","coordinates":[-41.341988,-21.756728]},"properties":{"nome":"\u00c1REA","tipo":"ponto","bairro":"CENTRO"}},{"type":"Feature","geometry":{"type":"Point","coordinates":[-41.341966,-21.763878]},"properties":{"nome":"\u00c1REA","tipo":"ponto","bairro":"CENTRO"}},{"type":"Feature","geometry":{"type":"Point","coordinates":[-41.339534,-21.762981]},"properties":{"nome":"\u00c1REA","tipo":"ponto","bairro":"CENTRO"}},{"type":"Feature","geometry":{"type":"Point","coordinates":[-41.336261,-21.764676]},"properties":{"nome":"\u00c1REA","tipo":"ponto","bairro":"CENTRO"}},{"type":"Feature","geometry":{"type":"Point","coordinates":[-41.336776,-21.760468]},"properties":{"nome":"\u00c1REA","tipo":"ponto","bairro":"CENTRO"}},{"type":"Feature","geometry":{"type":"Point","coordinates":[-41.331071,-21.763057]},"properties":{"nome":"\u00c1REA","tipo":"ponto","bairro":"CENTRO"}},{"type":"Feature","geometry":{"type":"Point","coordinates":[-41.333115,-21.756699]},"properties":{"nome":"\u00c1REA","tipo":"ponto","bairro":"CENTRO"}},{"type":"Feature","geometry":{"type":"Point","coordinates":[-41.334263,-21.751715]},"properties":{"nome":"\u00c1REA","tipo":"ponto","bairro":"CENTRO"}},{"type":"Feature","geometry":{"type":"Point","coordinates":[-41.329338,-21.754268]},"properties":{"nome":"\u00c1REA","tipo":"ponto","bairro":"CENTRO"}},{"type":"Feature","geometry":{"type":"Point","coordinates":[-41.331762,-21.76686]},"properties":{"nome":"\u00c1REA","tipo":"ponto","bairro":"CENTRO"}},{"type":"Feature","geometry":{"type":"Point","coordinates":[-41.331133,-21.748895]},"properties":{"nome":"1","tipo":"caixa_ftth","bairro":"CENTRO"}},{"type":"Feature","geometry":{"type":"Point","coordinates":[-41.329567,-21.750437]},"properties":{"nome":"2","tipo":"caixa_ftth","bairro":"CENTRO"}},{"type":"Feature","geometry":{"type":"Point","coordinates":[-41.328451,-21.751598]},"properties":{"nome":"3","tipo":"caixa_ftth","bairro":"CENTRO"}},{"type":"Feature","geometry":{"type":"Point","coordinates":[-41.332126,-21.751522]},"properties":{"nome":"4","tipo":"caixa_ftth","bairro":"CENTRO"}},{"type":"Feature","geometry":{"type":"Point","coordinates":[-41.330884,-21.752876]},"properties":{"nome":"5","tipo":"caixa_ftth","bairro":"CENTRO"}},{"type":"Feature","geometry":{"type":"Point","coordinates":[-41.332667,-21.753186]},"properties":{"nome":"6","tipo":"caixa_ftth","bairro":"CENTRO"}},{"type":"Feature","geometry":{"type":"Point","coordinates":[-41.332098,-21.754517]},"properties":{"nome":"7","tipo":"caixa_ftth","bairro":"CENTRO"}},{"type":"Feature","geometry":{"type":"Point","coordinates":[-41.333471,-21.755106]},"properties":{"nome":"8","tipo":"caixa_ftth","bairro":"CENTRO"}},{"type":"Feature","geometry":{"type":"Point","coordinates":[-41.330701,-21.756893]},"properties":{"nome":"9","tipo":"caixa_ftth","bairro":"CENTRO"}},{"type":"Feature","geometry":{"type":"Point","coordinates":[-41.329333,-21.754254]},"properties":{"nome":"10","tipo":"caixa_ftth","bairro":"CENTRO"}},{"type":"Feature","geometry":{"type":"Point","coordinates":[-41.32838,-21.753732]},"properties":{"nome":"11","tipo":"caixa_ftth","bairro":"CENTRO"}},{"type":"Feature","geometry":{"type":"Point","coordinates":[-41.326851,-21.75308]},"properties":{"nome":"12","tipo":"caixa_ftth","bairro":"CENTRO"}},{"type":"Feature","geometry":{"type":"Point","coordinates":[-41.327713,-21.755317]},"properties":{"nome":"13","tipo":"caixa_ftth","bairro":"CENTRO"}},{"type":"Feature","geometry":{"type":"Point","coordinates":[-41.329158,-21.75546]},"properties":{"nome":"14","tipo":"caixa_ftth","bairro":"CENTRO"}},{"type":"Feature","geometry":{"type":"Point","coordinates":[-41.328523,-21.757316]},"properties":{"nome":"15","tipo":"caixa_ftth","bairro":"CENTRO"}},{"type":"Feature","geometry":{"type":"Point","coordinates":[-41.337149,-21.754102]},"properties":{"nome":"1","tipo":"caixa_ftth","bairro":"CENTRO"}},{"type":"Feature","geometry":{"type":"Point","coordinates":[-41.336251,-21.752625]},"properties":{"nome":"2","tipo":"caixa_ftth","bairro":"CENTRO"}},{"type":"Feature","geometry":{"type":"Point","coordinates":[-41.335813,-21.753023]},"properties":{"nome":"3","tipo":"caixa_ftth","bairro":"CENTRO"}},{"type":"Feature","geometry":{"type":"Point","coordinates":[-41.334838,-21.754168]},"properties":{"nome":"4","tipo":"caixa_ftth","bairro":"CENTRO"}},{"type":"Feature","geometry":{"type":"Point","coordinates":[-41.337075,-21.75179]},"properties":{"nome":"5","tipo":"caixa_ftth","bairro":"CENTRO"}},{"type":"Feature","geometry":{"type":"Point","coordinates":[-41.335637,-21.751914]},"properties":{"nome":"6","tipo":"caixa_ftth","bairro":"CENTRO"}},{"type":"Feature","geometry":{"type":"Point","coordinates":[-41.334284,-21.752602]},"properties":{"nome":"7","tipo":"caixa_ftth","bairro":"CENTRO"}},{"type":"Feature","geometry":{"type":"Point","coordinates":[-41.336127,-21.751034]},"properties":{"nome":"8","tipo":"caixa_ftth","bairro":"CENTRO"}},{"type":"Feature","geometry":{"type":"Point","coordinates":[-41.334248,-21.751681]},"properties":{"nome":"9","tipo":"caixa_ftth","bairro":"CENTRO"}},{"type":"Feature","geometry":{"type":"Point","coordinates":[-41.332812,-21.751032]},"properties":{"nome":"10","tipo":"caixa_ftth","bairro":"CENTRO"}},{"type":"Feature","geometry":{"type":"Point","coordinates":[-41.334462,-21.750628]},"properties":{"nome":"11","tipo":"caixa_ftth","bairro":"CENTRO"}},{"type":"Feature","geometry":{"type":"Point","coordinates":[-41.333297,-21.748944]},"properties":{"nome":"12","tipo":"caixa_ftth","bairro":"CENTRO"}},{"type":"Feature","geometry":{"type":"Point","coordinates":[-41.331902,-21.747396]},"properties":{"nome":"13","tipo":"caixa_ftth","bairro":"CENTRO"}},{"type":"Feature","geometry":{"type":"Point","coordinates":[-41.33128,-21.748056]},"properties":{"nome":"14","tipo":"caixa_ftth","bairro":"CENTRO"}},{"type":"Feature","geometry":{"type":"Point","coordinates":[-41.332087,-21.749229]},"properties":{"nome":"15","tipo":"caixa_ftth","bairro":"CENTRO"}},{"type":"Feature","geometry":{"type":"Point","coordinates":[-41.337508,-21.755269]},"properties":{"nome":"1","tipo":"caixa_ftth","bairro":"CENTRO"}},{"type":"Feature","geometry":{"type":"Point","coordinates":[-41.33691,-21.75576]},"properties":{"nome":"2","tipo":"caixa_ftth","bairro":"CENTRO"}},{"type":"Feature","geometry":{"type":"Point","coordinates":[-41.336754,-21.756451]},"properties":{"nome":"3","tipo":"caixa_ftth","bairro":"CENTRO"}},{"type":"Feature","geometry":{"type":"Point","coordinates":[-41.335738,-21.756826]},"properties":{"nome":"4","tipo":"caixa_ftth","bairro":"CENTRO"}},{"type":"Feature","geometry":{"type":"Point","coordinates":[-41.335068,-21.756044]},"properties":{"nome":"5","tipo":"caixa_ftth","bairro":"CENTRO"}},{"type":"Feature","geometry":{"type":"Point","coordinates":[-41.335878,-21.757598]},"properties":{"nome":"6","tipo":"caixa_ftth","bairro":"CENTRO"}},{"type":"Feature","geometry":{"type":"Point","coordinates":[-41.333097,-21.756649]},"properties":{"nome":"7","tipo":"caixa_ftth","bairro":"CENTRO"}},{"type":"Feature","geometry":{"type":"Point","coordinates":[-41.33378,-21.757279]},"properties":{"nome":"8","tipo":"caixa_ftth","bairro":"CENTRO"}},{"type":"Feature","geometry":{"type":"Point","coordinates":[-41.333083,-21.758614]},"properties":{"nome":"9","tipo":"caixa_ftth","bairro":"CENTRO"}},{"type":"Feature","geometry":{"type":"Point","coordinates":[-41.331597,-21.757185]},"properties":{"nome":"10","tipo":"caixa_ftth","bairro":"CENTRO"}},{"type":"Feature","geometry":{"type":"Point","coordinates":[-41.33128,-21.758396]},"properties":{"nome":"11","tipo":"caixa_ftth","bairro":"CENTRO"}},{"type":"Feature","geometry":{"type":"Point","coordinates":[-41.329941,-21.758113]},"properties":{"nome":"12","tipo":"caixa_ftth","bairro":"CENTRO"}},{"type":"Feature","geometry":{"type":"Point","coordinates":[-41.329267,-21.759512]},"properties":{"nome":"13","tipo":"caixa_ftth","bairro":"CENTRO"}},{"type":"Feature","geometry":{"type":"Point","coordinates":[-41.329207,-21.761353]},"properties":{"nome":"14","tipo":"caixa_ftth","bairro":"CENTRO"}},{"type":"Feature","geometry":{"type":"Point","coordinates":[-41.327643,-21.758417]},"properties":{"nome":"15","tipo":"caixa_ftth","bairro":"CENTRO"}},{"type":"Feature","geometry":{"type":"Point","coordinates":[-41.333181,-21.761354]},"properties":{"nome":"1","tipo":"caixa_ftth","bairro":"CENTRO"}},{"type":"Feature","geometry":{"type":"Point","coordinates":[-41.333781,-21.762189]},"properties":{"nome":"2","tipo":"caixa_ftth","bairro":"CENTRO"}},{"type":"Feature","geometry":{"type":"Point","coordinates":[-41.333877,-21.76327]},"properties":{"nome":"3","tipo":"caixa_ftth","bairro":"CENTRO"}},{"type":"Feature","geometry":{"type":"Point","coordinates":[-41.332988,-21.763014]},"properties":{"nome":"4","tipo":"caixa_ftth","bairro":"CENTRO"}},{"type":"Feature","geometry":{"type":"Point","coordinates":[-41.332448,-21.76149]},"properties":{"nome":"5","tipo":"caixa_ftth","bairro":"CENTRO"}},{"type":"Feature","geometry":{"type":"Point","coordinates":[-41.331304,-21.762116]},"properties":{"nome":"6","tipo":"caixa_ftth","bairro":"CENTRO"}},{"type":"Feature","geometry":{"type":"Point","coordinates":[-41.332212,-21.763612]},"properties":{"nome":"7","tipo":"caixa_ftth","bairro":"CENTRO"}},{"type":"Feature","geometry":{"type":"Point","coordinates":[-41.330919,-21.762357]},"properties":{"nome":"8","tipo":"caixa_ftth","bairro":"CENTRO"}},{"type":"Feature","geometry":{"type":"Point","coordinates":[-41.330657,-21.762607]},"properties":{"nome":"9","tipo":"caixa_ftth","bairro":"CENTRO"}},{"type":"Feature","geometry":{"type":"Point","coordinates":[-41.331065,-21.76305]},"properties":{"nome":"10","tipo":"caixa_ftth","bairro":"CENTRO"}},{"type":"Feature","geometry":{"type":"Point","coordinates":[-41.331277,-21.763626]},"properties":{"nome":"11","tipo":"caixa_ftth","bairro":"CENTRO"}},{"type":"Feature","geometry":{"type":"Point","coordinates":[-41.330815,-21.763919]},"properties":{"nome":"12","tipo":"caixa_ftth","bairro":"CENTRO"}},{"type":"Feature","geometry":{"type":"Point","coordinates":[-41.330422,-21.764106]},"properties":{"nome":"13","tipo":"caixa_ftth","bairro":"CENTRO"}},{"type":"Feature","geometry":{"type":"Point","coordinates":[-41.330189,-21.7634]},"properties":{"nome":"14","tipo":"caixa_ftth","bairro":"CENTRO"}},{"type":"Feature","geometry":{"type":"Point","coordinates":[-41.329612,-21.762987]},"properties":{"nome":"15","tipo":"caixa_ftth","bairro":"CENTRO"}},{"type":"Feature","geometry":{"type":"Point","coordinates":[-41.33979,-21.757775]},"properties":{"nome":"1","tipo":"caixa_ftth","bairro":"CENTRO"}},{"type":"Feature","geometry":{"type":"Point","coordinates":[-41.339189,-21.755993]},"properties":{"nome":"2","tipo":"caixa_ftth","bairro":"CENTRO"}},{"type":"Feature","geometry":{"type":"Point","coordinates":[-41.338299,-21.756137]},"properties":{"nome":"3","tipo":"caixa_ftth","bairro":"CENTRO"}},{"type":"Feature","geometry":{"type":"Point","coordinates":[-41.338833,-21.757799]},"properties":{"nome":"4","tipo":"caixa_ftth","bairro":"CENTRO"}},{"type":"Feature","geometry":{"type":"Point","coordinates":[-41.337488,-21.758594]},"properties":{"nome":"5","tipo":"caixa_ftth","bairro":"CENTRO"}},{"type":"Feature","geometry":{"type":"Point","coordinates":[-41.337029,-21.758755]},"properties":{"nome":"6","tipo":"caixa_ftth","bairro":"CENTRO"}},{"type":"Feature","geometry":{"type":"Point","coordinates":[-41.336337,-21.759756]},"properties":{"nome":"7","tipo":"caixa_ftth","bairro":"CENTRO"}},{"type":"Feature","geometry":{"type":"Point","coordinates":[-41.336767,-21.760437]},"properties":{"nome":"8","tipo":"caixa_ftth","bairro":"CENTRO"}},{"type":"Feature","geometry":{"type":"Point","coordinates":[-41.338655,-21.760502]},"properties":{"nome":"9","tipo":"caixa_ftth","bairro":"CENTRO"}},{"type":"Feature","geometry":{"type":"Point","coordinates":[-41.338174,-21.761311]},"properties":{"nome":"10","tipo":"caixa_ftth","bairro":"CENTRO"}},{"type":"Feature","geometry":{"type":"Point","coordinates":[-41.336272,-21.762749]},"properties":{"nome":"11","tipo":"caixa_ftth","bairro":"CENTRO"}},{"type":"Feature","geometry":{"type":"Point","coordinates":[-41.335069,-21.762643]},"properties":{"nome":"12","tipo":"caixa_ftth","bairro":"CENTRO"}},{"type":"Feature","geometry":{"type":"Point","coordinates":[-41.33466,-21.762849]},"properties":{"nome":"13","tipo":"caixa_ftth","bairro":"CENTRO"}},{"type":"Feature","geometry":{"type":"Point","coordinates":[-41.335112,-21.761863]},"properties":{"nome":"14","tipo":"caixa_ftth","bairro":"CENTRO"}},{"type":"Feature","geometry":{"type":"Point","coordinates":[-41.335514,-21.760757]},"properties":{"nome":"15","tipo":"caixa_ftth","bairro":"CENTRO"}},{"type":"Feature","geometry":{"type":"Point","coordinates":[-41.343531,-21.755274]},"properties":{"nome":"1","tipo":"caixa_ftth","bairro":"CENTRO"}},{"type":"Feature","geometry":{"type":"Point","coordinates":[-41.342496,-21.755449]},"properties":{"nome":"2","tipo":"caixa_ftth","bairro":"CENTRO"}},{"type":"Feature","geometry":{"type":"Point","coordinates":[-41.341805,-21.75629]},"properties":{"nome":"3","tipo":"caixa_ftth","bairro":"CENTRO"}},{"type":"Feature","geometry":{"type":"Point","coordinates":[-41.340961,-21.75718]},"properties":{"nome":"4","tipo":"caixa_ftth","bairro":"CENTRO"}},{"type":"Feature","geometry":{"type":"Point","coordinates":[-41.341993,-21.756729]},"properties":{"nome":"5","tipo":"caixa_ftth","bairro":"CENTRO"}},{"type":"Feature","geometry":{"type":"Point","coordinates":[-41.342813,-21.756292]},"properties":{"nome":"6","tipo":"caixa_ftth","bairro":"CENTRO"}},{"type":"Feature","geometry":{"type":"Point","coordinates":[-41.341648,-21.757554]},"properties":{"nome":"7","tipo":"caixa_ftth","bairro":"CENTRO"}},{"type":"Feature","geometry":{"type":"Point","coordinates":[-41.342013,-21.758218]},"properties":{"nome":"8","tipo":"caixa_ftth","bairro":"CENTRO"}},{"type":"Feature","geometry":{"type":"Point","coordinates":[-41.342992,-21.757155]},"properties":{"nome":"9","tipo":"caixa_ftth","bairro":"CENTRO"}},{"type":"Feature","geometry":{"type":"Point","coordinates":[-41.342156,-21.758849]},"properties":{"nome":"10","tipo":"caixa_ftth","bairro":"CENTRO"}},{"type":"Feature","geometry":{"type":"Point","coordinates":[-41.342234,-21.759728]},"properties":{"nome":"11","tipo":"caixa_ftth","bairro":"CENTRO"}},{"type":"Feature","geometry":{"type":"Point","coordinates":[-41.342214,-21.760834]},"properties":{"nome":"12","tipo":"caixa_ftth","bairro":"CENTRO"}},{"type":"Feature","geometry":{"type":"Point","coordinates":[-41.342673,-21.761669]},"properties":{"nome":"13","tipo":"caixa_ftth","bairro":"CENTRO"}},{"type":"Feature","geometry":{"type":"Point","coordinates":[-41.344226,-21.755915]},"properties":{"nome":"1","tipo":"caixa_ftth","bairro":"CENTRO"}},{"type":"Feature","geometry":{"type":"Point","coordinates":[-41.34425,-21.756958]},"properties":{"nome":"2","tipo":"caixa_ftth","bairro":"CENTRO"}},{"type":"Feature","geometry":{"type":"Point","coordinates":[-41.344378,-21.758028]},"properties":{"nome":"3","tipo":"caixa_ftth","bairro":"CENTRO"}},{"type":"Feature","geometry":{"type":"Point","coordinates":[-41.344276,-21.758729]},"properties":{"nome":"4","tipo":"caixa_ftth","bairro":"CENTRO"}},{"type":"Feature","geometry":{"type":"Point","coordinates":[-41.343483,-21.756626]},"properties":{"nome":"5","tipo":"caixa_ftth","bairro":"CENTRO"}},{"type":"Feature","geometry":{"type":"Point","coordinates":[-41.343506,-21.758222]},"properties":{"nome":"6","tipo":"caixa_ftth","bairro":"CENTRO"}},{"type":"Feature","geometry":{"type":"Point","coordinates":[-41.343526,-21.759148]},"properties":{"nome":"7","tipo":"caixa_ftth","bairro":"CENTRO"}},{"type":"Feature","geometry":{"type":"Point","coordinates":[-41.343811,-21.759868]},"properties":{"nome":"8","tipo":"caixa_ftth","bairro":"CENTRO"}},{"type":"Feature","geometry":{"type":"Point","coordinates":[-41.343554,-21.760792]},"properties":{"nome":"9","tipo":"caixa_ftth","bairro":"CENTRO"}},{"type":"Feature","geometry":{"type":"Point","coordinates":[-41.343683,-21.761625]},"properties":{"nome":"10","tipo":"caixa_ftth","bairro":"CENTRO"}},{"type":"Feature","geometry":{"type":"Point","coordinates":[-41.342912,-21.760432]},"properties":{"nome":"11","tipo":"caixa_ftth","bairro":"CENTRO"}},{"type":"Feature","geometry":{"type":"Point","coordinates":[-41.342857,-21.75893]},"properties":{"nome":"12","tipo":"caixa_ftth","bairro":"CENTRO"}},{"type":"Feature","geometry":{"type":"Point","coordinates":[-41.343257,-21.758046]},"properties":{"nome":"13","tipo":"caixa_ftth","bairro":"CENTRO"}},{"type":"Feature","geometry":{"type":"Point","coordinates":[-41.34776,-21.757744]},"properties":{"nome":"1","tipo":"caixa_ftth","bairro":"CENTRO"}},{"type":"Feature","geometry":{"type":"Point","coordinates":[-41.346743,-21.75708]},"properties":{"nome":"2","tipo":"caixa_ftth","bairro":"CENTRO"}},{"type":"Feature","geometry":{"type":"Point","coordinates":[-41.345813,-21.756843]},"properties":{"nome":"3","tipo":"caixa_ftth","bairro":"CENTRO"}},{"type":"Feature","geometry":{"type":"Point","coordinates":[-41.34498,-21.756492]},"properties":{"nome":"4","tipo":"caixa_ftth","bairro":"CENTRO"}},{"type":"Feature","geometry":{"type":"Point","coordinates":[-41.34501,-21.758539]},"properties":{"nome":"5","tipo":"caixa_ftth","bairro":"CENTRO"}},{"type":"Feature","geometry":{"type":"Point","coordinates":[-41.345063,-21.760337]},"properties":{"nome":"6","tipo":"caixa_ftth","bairro":"CENTRO"}},{"type":"Feature","geometry":{"type":"Point","coordinates":[-41.344277,-21.760403]},"properties":{"nome":"7","tipo":"caixa_ftth","bairro":"CENTRO"}},{"type":"Feature","geometry":{"type":"Point","coordinates":[-41.34619,-21.761591]},"properties":{"nome":"8","tipo":"caixa_ftth","bairro":"CENTRO"}},{"type":"Feature","geometry":{"type":"Point","coordinates":[-41.345883,-21.760915]},"properties":{"nome":"9","tipo":"caixa_ftth","bairro":"CENTRO"}},{"type":"Feature","geometry":{"type":"Point","coordinates":[-41.345886,-21.759887]},"properties":{"nome":"10","tipo":"caixa_ftth","bairro":"CENTRO"}},{"type":"Feature","geometry":{"type":"Point","coordinates":[-41.345853,-21.758757]},"properties":{"nome":"11","tipo":"caixa_ftth","bairro":"CENTRO"}},{"type":"Feature","geometry":{"type":"Point","coordinates":[-41.345814,-21.757549]},"properties":{"nome":"12","tipo":"caixa_ftth","bairro":"CENTRO"}},{"type":"Feature","geometry":{"type":"Point","coordinates":[-41.346552,-21.758693]},"properties":{"nome":"13","tipo":"caixa_ftth","bairro":"CENTRO"}},{"type":"Feature","geometry":{"type":"Point","coordinates":[-41.340439,-21.762375]},"properties":{"nome":"1","tipo":"caixa_ftth","bairro":"CENTRO"}},{"type":"Feature","geometry":{"type":"Point","coordinates":[-41.340655,-21.763128]},"properties":{"nome":"2","tipo":"caixa_ftth","bairro":"CENTRO"}},{"type":"Feature","geometry":{"type":"Point","coordinates":[-41.340002,-21.762871]},"properties":{"nome":"3","tipo":"caixa_ftth","bairro":"CENTRO"}},{"type":"Feature","geometry":{"type":"Point","coordinates":[-41.340578,-21.763655]},"properties":{"nome":"4","tipo":"caixa_ftth","bairro":"CENTRO"}},{"type":"Feature","geometry":{"type":"Point","coordinates":[-41.340602,-21.764345]},"properties":{"nome":"5","tipo":"caixa_ftth","bairro":"CENTRO"}},{"type":"Feature","geometry":{"type":"Point","coordinates":[-41.341194,-21.764467]},"properties":{"nome":"6","tipo":"caixa_ftth","bairro":"CENTRO"}},{"type":"Feature","geometry":{"type":"Point","coordinates":[-41.33952,-21.76299]},"properties":{"nome":"7","tipo":"caixa_ftth","bairro":"CENTRO"}},{"type":"Feature","geometry":{"type":"Point","coordinates":[-41.338595,-21.76317]},"properties":{"nome":"8","tipo":"caixa_ftth","bairro":"CENTRO"}},{"type":"Feature","geometry":{"type":"Point","coordinates":[-41.338864,-21.763425]},"properties":{"nome":"9","tipo":"caixa_ftth","bairro":"CENTRO"}},{"type":"Feature","geometry":{"type":"Point","coordinates":[-41.338605,-21.763839]},"properties":{"nome":"10","tipo":"caixa_ftth","bairro":"CENTRO"}},{"type":"Feature","geometry":{"type":"Point","coordinates":[-41.338139,-21.764211]},"properties":{"nome":"11","tipo":"caixa_ftth","bairro":"CENTRO"}},{"type":"Feature","geometry":{"type":"Point","coordinates":[-41.339366,-21.76443]},"properties":{"nome":"12","tipo":"caixa_ftth","bairro":"CENTRO"}},{"type":"Feature","geometry":{"type":"Point","coordinates":[-41.338989,-21.764912]},"properties":{"nome":"13","tipo":"caixa_ftth","bairro":"CENTRO"}},{"type":"Feature","geometry":{"type":"Point","coordinates":[-41.344384,-21.762908]},"properties":{"nome":"1","tipo":"caixa_ftth","bairro":"CENTRO"}},{"type":"Feature","geometry":{"type":"Point","coordinates":[-41.343756,-21.763451]},"properties":{"nome":"2","tipo":"caixa_ftth","bairro":"CENTRO"}},{"type":"Feature","geometry":{"type":"Point","coordinates":[-41.343535,-21.764395]},"properties":{"nome":"3","tipo":"caixa_ftth","bairro":"CENTRO"}},{"type":"Feature","geometry":{"type":"Point","coordinates":[-41.342896,-21.764707]},"properties":{"nome":"4","tipo":"caixa_ftth","bairro":"CENTRO"}},{"type":"Feature","geometry":{"type":"Point","coordinates":[-41.342653,-21.764159]},"properties":{"nome":"5","tipo":"caixa_ftth","bairro":"CENTRO"}},{"type":"Feature","geometry":{"type":"Point","coordinates":[-41.342276,-21.763215]},"properties":{"nome":"6","tipo":"caixa_ftth","bairro":"CENTRO"}},{"type":"Feature","geometry":{"type":"Point","coordinates":[-41.342186,-21.764688]},"properties":{"nome":"7","tipo":"caixa_ftth","bairro":"CENTRO"}},{"type":"Feature","geometry":{"type":"Point","coordinates":[-41.341975,-21.763874]},"properties":{"nome":"8","tipo":"caixa_ftth","bairro":"CENTRO"}},{"type":"Feature","geometry":{"type":"Point","coordinates":[-41.341698,-21.762874]},"properties":{"nome":"9","tipo":"caixa_ftth","bairro":"CENTRO"}},{"type":"Feature","geometry":{"type":"Point","coordinates":[-41.341505,-21.762139]},"properties":{"nome":"10","tipo":"caixa_ftth","bairro":"CENTRO"}},{"type":"Feature","geometry":{"type":"Point","coordinates":[-41.341519,-21.761649]},"properties":{"nome":"11","tipo":"caixa_ftth","bairro":"CENTRO"}},{"type":"Feature","geometry":{"type":"Point","coordinates":[-41.340922,-21.762007]},"properties":{"nome":"12","tipo":"caixa_ftth","bairro":"CENTRO"}},{"type":"Feature","geometry":{"type":"Point","coordinates":[-41.341148,-21.762947]},"properties":{"nome":"13","tipo":"caixa_ftth","bairro":"CENTRO"}},{"type":"Feature","geometry":{"type":"Point","coordinates":[-41.341431,-21.763986]},"properties":{"nome":"14","tipo":"caixa_ftth","bairro":"CENTRO"}},{"type":"Feature","geometry":{"type":"Point","coordinates":[-41.341548,-21.76474]},"properties":{"nome":"15","tipo":"caixa_ftth","bairro":"CENTRO"}},{"type":"Feature","geometry":{"type":"Point","coordinates":[-41.337559,-21.764055]},"properties":{"nome":"1","tipo":"caixa_ftth","bairro":"CENTRO"}},{"type":"Feature","geometry":{"type":"Point","coordinates":[-41.337312,-21.763432]},"properties":{"nome":"2","tipo":"caixa_ftth","bairro":"CENTRO"}},{"type":"Feature","geometry":{"type":"Point","coordinates":[-41.336995,-21.763897]},"properties":{"nome":"3","tipo":"caixa_ftth","bairro":"CENTRO"}},{"type":"Feature","geometry":{"type":"Point","coordinates":[-41.337253,-21.764699]},"properties":{"nome":"4","tipo":"caixa_ftth","bairro":"CENTRO"}},{"type":"Feature","geometry":{"type":"Point","coordinates":[-41.33626,-21.764644]},"properties":{"nome":"5","tipo":"caixa_ftth","bairro":"CENTRO"}},{"type":"Feature","geometry":{"type":"Point","coordinates":[-41.336439,-21.76395]},"properties":{"nome":"6","tipo":"caixa_ftth","bairro":"CENTRO"}},{"type":"Feature","geometry":{"type":"Point","coordinates":[-41.336233,-21.763608]},"properties":{"nome":"7","tipo":"caixa_ftth","bairro":"CENTRO"}},{"type":"Feature","geometry":{"type":"Point","coordinates":[-41.335913,-21.764109]},"properties":{"nome":"8","tipo":"caixa_ftth","bairro":"CENTRO"}},{"type":"Feature","geometry":{"type":"Point","coordinates":[-41.337065,-21.765442]},"properties":{"nome":"9","tipo":"caixa_ftth","bairro":"CENTRO"}},{"type":"Feature","geometry":{"type":"Point","coordinates":[-41.336196,-21.765371]},"properties":{"nome":"10","tipo":"caixa_ftth","bairro":"CENTRO"}},{"type":"Feature","geometry":{"type":"Point","coordinates":[-41.33573,-21.765543]},"properties":{"nome":"11","tipo":"caixa_ftth","bairro":"CENTRO"}},{"type":"Feature","geometry":{"type":"Point","coordinates":[-41.335188,-21.765437]},"properties":{"nome":"12","tipo":"caixa_ftth","bairro":"CENTRO"}},{"type":"Feature","geometry":{"type":"Point","coordinates":[-41.335076,-21.765191]},"properties":{"nome":"13","tipo":"caixa_ftth","bairro":"CENTRO"}},{"type":"Feature","geometry":{"type":"Point","coordinates":[-41.334502,-21.765196]},"properties":{"nome":"14","tipo":"caixa_ftth","bairro":"CENTRO"}},{"type":"Feature","geometry":{"type":"Point","coordinates":[-41.333923,-21.765248]},"properties":{"nome":"15","tipo":"caixa_ftth","bairro":"CENTRO"}},{"type":"Feature","geometry":{"type":"Point","coordinates":[-41.332697,-21.768125]},"properties":{"nome":"1","tipo":"caixa_ftth","bairro":"CENTRO"}},{"type":"Feature","geometry":{"type":"Point","coordinates":[-41.331561,-21.768094]},"properties":{"nome":"2","tipo":"caixa_ftth","bairro":"CENTRO"}},{"type":"Feature","geometry":{"type":"Point","coordinates":[-41.332781,-21.767514]},"properties":{"nome":"3","tipo":"caixa_ftth","bairro":"CENTRO"}},{"type":"Feature","geometry":{"type":"Point","coordinates":[-41.331582,-21.767433]},"properties":{"nome":"4","tipo":"caixa_ftth","bairro":"CENTRO"}},{"type":"Feature","geometry":{"type":"Point","coordinates":[-41.332876,-21.766857]},"properties":{"nome":"5","tipo":"caixa_ftth","bairro":"CENTRO"}},{"type":"Feature","geometry":{"type":"Point","coordinates":[-41.331752,-21.766817]},"properties":{"nome":"6","tipo":"caixa_ftth","bairro":"CENTRO"}},{"type":"Feature","geometry":{"type":"Point","coordinates":[-41.33157,-21.766248]},"properties":{"nome":"7","tipo":"caixa_ftth","bairro":"CENTRO"}},{"type":"Feature","geometry":{"type":"Point","coordinates":[-41.331437,-21.765829]},"properties":{"nome":"8","tipo":"caixa_ftth","bairro":"CENTRO"}},{"type":"Feature","geometry":{"type":"Point","coordinates":[-41.330793,-21.765521]},"properties":{"nome":"9","tipo":"caixa_ftth","bairro":"CENTRO"}},{"type":"Feature","geometry":{"type":"Point","coordinates":[-41.331682,-21.765206]},"properties":{"nome":"10","tipo":"caixa_ftth","bairro":"CENTRO"}},{"type":"Feature","geometry":{"type":"LineString","coordinates":[[-41.329328,-21.75425],[-41.329521,-21.754192],[-41.329765,-21.754136],[-41.330705,-21.753779],[-41.331034,-21.753644],[-41.331271,-21.7536],[-41.331155,-21.753521],[-41.331012,-21.753179],[-41.33087,-21.752858],[-41.331058,-21.753186],[-41.33117,-21.753509],[-41.331308,-21.753593],[-41.332661,-21.753164]]},"properties":{"nome":"552M - 12F","tipo":"distribuicao","bairro":"CENTRO"}},{"type":"Feature","geometry":{"type":"LineString","coordinates":[[-41.330712,-21.756906],[-41.330437,-21.756163],[-41.330091,-21.755265],[-41.329909,-21.755238],[-41.32976,-21.755324],[-41.329156,-21.755468],[-41.329761,-21.755292],[-41.329899,-21.755208],[-41.330081,-21.755247],[-41.32999,-21.754898],[-41.329731,-21.754202],[-41.329759,-21.754146],[-41.329517,-21.754203],[-41.329333,-21.754257]]},"properties":{"nome":"570M - 6F","tipo":"distribuicao","bairro":"CENTRO"}},{"type":"Feature","geometry":{"type":"LineString","coordinates":[[-41.329559,-21.750435],[-41.329955,-21.750674],[-41.330176,-21.75088],[-41.330315,-21.750938],[-41.330012,-21.750975],[-41.329401,-21.751219],[-41.329287,-21.751224],[-41.328474,-21.751498],[-41.32845,-21.7516],[-41.328913,-21.75231],[-41.328995,-21.752558],[-41.329371,-21.75338],[-41.329751,-21.754129],[-41.329515,-21.754183],[-41.329325,-21.754243]]},"properties":{"nome":"667M - 6F","tipo":"distribuicao","bairro":"CENTRO"}},{"type":"Feature","geometry":{"type":"LineString","coordinates":[[-41.328535,-21.757342],[-41.32844,-21.757215],[-41.328263,-21.756712],[-41.327706,-21.755308],[-41.327569,-21.754992],[-41.327475,-21.754857],[-41.327665,-21.754746],[-41.328054,-21.754694],[-41.328793,-21.754436],[-41.329333,-21.754245]]},"properties":{"nome":"503M - 6F","tipo":"distribuicao","bairro":"CENTRO"}},{"type":"Feature","geometry":{"type":"LineString","coordinates":[[-41.326851,-21.753071],[-41.327145,-21.753714],[-41.327239,-21.754028],[-41.327427,-21.753994],[-41.327737,-21.753957],[-41.328372,-21.753715],[-41.328949,-21.753473],[-41.329249,-21.753304],[-41.329344,-21.753359],[-41.329604,-21.753865],[-41.329738,-21.754122],[-41.329508,-21.754177],[-41.329319,-21.754235]]},"properties":{"nome":"489M - 6F","tipo":"distribuicao","bairro":"CENTRO"}},{"type":"Feature","geometry":{"type":"LineString","coordinates":[[-41.331117,-21.748881],[-41.331278,-21.749105],[-41.331402,-21.749356],[-41.331398,-21.749479],[-41.331727,-21.750353],[-41.331749,-21.75055],[-41.331923,-21.750996],[-41.332031,-21.751164],[-41.332126,-21.751522],[-41.332455,-21.752482],[-41.33273,-21.753224],[-41.332652,-21.753174],[-41.332732,-21.753245],[-41.333071,-21.754143],[-41.33316,-21.754447],[-41.333474,-21.755099]]},"properties":{"nome":"753M - 6F","tipo":"distribuicao","bairro":"CENTRO"}},{"type":"Feature","geometry":{"type":"LineString","coordinates":[[-41.333464,-21.75512],[-41.33315,-21.754469],[-41.333041,-21.754145],[-41.332799,-21.754253],[-41.332447,-21.754379],[-41.332081,-21.754524]]},"properties":{"nome":"225M - 6F","tipo":"distribuicao","bairro":"CENTRO"}},{"type":"Feature","geometry":{"type":"LineString","coordinates":[[-41.334277,-21.752587],[-41.332652,-21.753152]]},"properties":{"nome":"179M - 6F","tipo":"distribuicao","bairro":"CENTRO"}},{"type":"Feature","geometry":{"type":"LineString","coordinates":[[-41.332087,-21.749234],[-41.332431,-21.750143],[-41.332526,-21.750281],[-41.332809,-21.751041],[-41.333127,-21.751913],[-41.333129,-21.752039],[-41.333566,-21.751923],[-41.334245,-21.751687],[-41.335237,-21.751366],[-41.335531,-21.751399],[-41.335561,-21.751651],[-41.335639,-21.751926]]},"properties":{"nome":"652M - 12F","tipo":"distribuicao","bairro":"CENTRO"}},{"type":"Feature","geometry":{"type":"LineString","coordinates":[[-41.331887,-21.747395],[-41.332996,-21.748216],[-41.333156,-21.748581],[-41.333291,-21.748929],[-41.333826,-21.750486],[-41.333916,-21.750685],[-41.334076,-21.75076],[-41.334462,-21.750624]]},"properties":{"nome":"497M - 6F","tipo":"distribuicao","bairro":"CENTRO"}},{"type":"Feature","geometry":{"type":"LineString","coordinates":[[-41.331271,-21.748046],[-41.331624,-21.748255],[-41.331802,-21.748321],[-41.331856,-21.748562],[-41.331977,-21.748893],[-41.332084,-21.749227]]},"properties":{"nome":"168M - 6F","tipo":"distribuicao","bairro":"CENTRO"}},{"type":"Feature","geometry":{"type":"LineString","coordinates":[[-41.33329,-21.748957],[-41.333123,-21.748578],[-41.332987,-21.748227],[-41.332994,-21.748342],[-41.332344,-21.748536],[-41.332002,-21.748665],[-41.331989,-21.748892],[-41.332092,-21.74922]]},"properties":{"nome":"271M - 6F","tipo":"distribuicao","bairro":"CENTRO"}},{"type":"Feature","geometry":{"type":"LineString","coordinates":[[-41.33613,-21.751018],[-41.335572,-21.751244],[-41.33523,-21.751341],[-41.334712,-21.751509],[-41.334248,-21.751664]]},"properties":{"nome":"208M - 6F","tipo":"distribuicao","bairro":"CENTRO"}},{"type":"Feature","geometry":{"type":"LineString","coordinates":[[-41.337076,-21.751791],[-41.336721,-21.751924],[-41.336211,-21.751954],[-41.335891,-21.752058],[-41.335903,-21.752016],[-41.33564,-21.751884],[-41.335386,-21.752193],[-41.335264,-21.752284],[-41.334691,-21.752467],[-41.334278,-21.752603]]},"properties":{"nome":"331M - 6F","tipo":"distribuicao","bairro":"CENTRO"}},{"type":"Feature","geometry":{"type":"LineString","coordinates":[[-41.337178,-21.754093],[-41.336739,-21.7541],[-41.33637,-21.754113],[-41.336083,-21.754402],[-41.335835,-21.754392],[-41.335697,-21.754271],[-41.335643,-21.754152],[-41.335758,-21.753929],[-41.335816,-21.753879],[-41.336022,-21.753804],[-41.335963,-21.753734],[-41.335812,-21.753019],[-41.335707,-21.752367],[-41.335837,-21.752242],[-41.335869,-21.752032],[-41.33563,-21.751914]]},"properties":{"nome":"478M - 6F","tipo":"distribuicao","bairro":"CENTRO"}},{"type":"Feature","geometry":{"type":"LineString","coordinates":[[-41.334833,-21.754165],[-41.335223,-21.754208],[-41.335613,-21.754161],[-41.335748,-21.753916],[-41.335807,-21.753867],[-41.336004,-21.753797],[-41.335947,-21.753738],[-41.335798,-21.753014]]},"properties":{"nome":"232M - 6F","tipo":"distribuicao","bairro":"CENTRO"}},{"type":"Feature","geometry":{"type":"LineString","coordinates":[[-41.335626,-21.751891],[-41.335886,-21.752023],[-41.335853,-21.75225],[-41.33594,-21.752374],[-41.336251,-21.75261]]},"properties":{"nome":"115M - 6F","tipo":"distribuicao","bairro":"CENTRO"}},{"type":"Feature","geometry":{"type":"LineString","coordinates":[[-41.336913,-21.755752],[-41.336361,-21.75555],[-41.33617,-21.755613],[-41.335812,-21.755706],[-41.335755,-21.755822],[-41.335066,-21.756033],[-41.334169,-21.756317],[-41.333843,-21.756427],[-41.333225,-21.756605],[-41.333097,-21.756647],[-41.332614,-21.756807],[-41.332328,-21.756875],[-41.332007,-21.757017],[-41.331748,-21.757095],[-41.331595,-21.757181],[-41.331401,-21.757217],[-41.331075,-21.757289],[-41.330849,-21.757281],[-41.330762,-21.757362],[-41.330188,-21.757609],[-41.329873,-21.757718],[-41.32983,-21.757816],[-41.329942,-21.758097]]},"properties":{"nome":"828M - 12F","tipo":"distribuicao","bairro":"CENTRO"}},{"type":"Feature","geometry":{"type":"LineString","coordinates":[[-41.335882,-21.757591],[-41.336466,-21.757109],[-41.336699,-21.756874],[-41.336992,-21.756649],[-41.337103,-21.75657],[-41.336805,-21.756486],[-41.336747,-21.756445],[-41.336477,-21.756362],[-41.336293,-21.756409],[-41.335731,-21.756841],[-41.336285,-21.756387],[-41.336405,-21.756234],[-41.336374,-21.756078],[-41.336327,-21.755896],[-41.336512,-21.755666],[-41.336549,-21.755636],[-41.336919,-21.755771]]},"properties":{"nome":"547M - 6F","tipo":"distribuicao","bairro":"CENTRO"}},{"type":"Feature","geometry":{"type":"LineString","coordinates":[[-41.337525,-21.755253],[-41.337162,-21.755318],[-41.336878,-21.755391],[-41.336573,-21.755432],[-41.336368,-21.755537],[-41.33691,-21.755737]]},"properties":{"nome":"185M - 6F","tipo":"distribuicao","bairro":"CENTRO"}},{"type":"Feature","geometry":{"type":"LineString","coordinates":[[-41.333084,-21.758611],[-41.33269,-21.757609],[-41.333123,-21.757465],[-41.333786,-21.757277],[-41.334193,-21.757216],[-41.334163,-21.757084],[-41.333895,-21.756453],[-41.333861,-21.75645],[-41.33352,-21.756555],[-41.333102,-21.756663]]},"properties":{"nome":"456M - 6F","tipo":"distribuicao","bairro":"CENTRO"}},{"type":"Feature","geometry":{"type":"LineString","coordinates":[[-41.331283,-21.758422],[-41.331282,-21.758326],[-41.331123,-21.758023],[-41.330859,-21.757305],[-41.331092,-21.757311],[-41.331404,-21.757248],[-41.331605,-21.757195]]},"properties":{"nome":"211M - 6F","tipo":"distribuicao","bairro":"CENTRO"}},{"type":"Feature","geometry":{"type":"LineString","coordinates":[[-41.329202,-21.761341],[-41.329654,-21.761133],[-41.329759,-21.760896],[-41.329257,-21.75951],[-41.329388,-21.759755],[-41.329497,-21.759786],[-41.329698,-21.759809],[-41.329961,-21.759688],[-41.330624,-21.759552],[-41.330476,-21.759442],[-41.330003,-21.758351],[-41.33004,-21.758269],[-41.329917,-21.758093]]},"properties":{"nome":"589M - 6F","tipo":"distribuicao","bairro":"CENTRO"}},{"type":"Feature","geometry":{"type":"LineString","coordinates":[[-41.327632,-21.758413],[-41.327848,-21.758277],[-41.328629,-21.758064],[-41.328888,-21.757964],[-41.329839,-21.757717],[-41.329799,-21.757825],[-41.329933,-21.758099]]},"properties":{"nome":"288M - 6F","tipo":"distribuicao","bairro":"CENTRO"}},{"type":"Feature","geometry":{"type":"LineString","coordinates":[[-41.329197,-21.761366],[-41.329648,-21.761159],[-41.329939,-21.761026],[-41.329945,-21.761226],[-41.330155,-21.761728],[-41.33021,-21.762016],[-41.330653,-21.762614]]},"properties":{"nome":"280M - 6F","tipo":"distribuicao","bairro":"CENTRO"}},{"type":"Feature","geometry":{"type":"LineString","coordinates":[[-41.331062,-21.763043],[-41.33125,-21.762989],[-41.331645,-21.762879],[-41.33201,-21.762776],[-41.332686,-21.762519],[-41.332872,-21.762449],[-41.333008,-21.762367],[-41.333376,-21.762282],[-41.333787,-21.762176]]},"properties":{"nome":"299M - 12F","tipo":"distribuicao","bairro":"CENTRO"}},{"type":"Feature","geometry":{"type":"LineString","coordinates":[[-41.33128,-21.763638],[-41.331083,-21.763345],[-41.330944,-21.763004],[-41.331065,-21.76305],[-41.330927,-21.762977],[-41.330769,-21.762686],[-41.330653,-21.762604]]},"properties":{"nome":"160M - 6F","tipo":"distribuicao","bairro":"CENTRO"}},{"type":"Feature","geometry":{"type":"LineString","coordinates":[[-41.330418,-21.764104],[-41.329967,-21.763503],[-41.32997,-21.763478],[-41.330197,-21.7634],[-41.329961,-21.763458],[-41.329911,-21.763431],[-41.329598,-21.762977]]},"properties":{"nome":"200M - 6F","tipo":"distribuicao","bairro":"CENTRO"}},{"type":"Feature","geometry":{"type":"LineString","coordinates":[[-41.333184,-21.761353],[-41.333286,-21.761678],[-41.33345,-21.762019],[-41.333547,-21.762393],[-41.333685,-21.76275],[-41.333796,-21.763116],[-41.333874,-21.763271],[-41.333957,-21.763423],[-41.333981,-21.763578],[-41.333904,-21.763667],[-41.333481,-21.763779],[-41.333266,-21.763842],[-41.333154,-21.763597],[-41.333165,-21.76348],[-41.33298,-21.763005]]},"properties":{"nome":"441M - 6F","tipo":"distribuicao","bairro":"CENTRO"}},{"type":"Feature","geometry":{"type":"LineString","coordinates":[[-41.332451,-21.761497],[-41.332427,-21.761536],[-41.332485,-21.761851],[-41.332492,-21.761952],[-41.332508,-21.762037],[-41.332635,-21.76213],[-41.332765,-21.762469],[-41.332686,-21.762528],[-41.332899,-21.76263],[-41.332958,-21.76281],[-41.33301,-21.762912],[-41.33298,-21.763011],[-41.333024,-21.762911],[-41.332967,-21.762807],[-41.332908,-21.762625],[-41.332704,-21.762528],[-41.332883,-21.762464],[-41.333019,-21.762387],[-41.333197,-21.762339],[-41.333379,-21.762296],[-41.333798,-21.762188]]},"properties":{"nome":"387M - 6F","tipo":"distribuicao","bairro":"CENTRO"}},{"type":"Feature","geometry":{"type":"LineString","coordinates":[[-41.332209,-21.763625],[-41.332159,-21.763544],[-41.33204,-21.763425],[-41.332003,-21.763264],[-41.33188,-21.763102],[-41.331773,-21.762926],[-41.331654,-21.762889],[-41.331249,-21.763003],[-41.331059,-21.763057],[-41.331054,-21.763029],[-41.331643,-21.762861],[-41.331676,-21.7628],[-41.331491,-21.762595],[-41.331419,-21.76248],[-41.331299,-21.762109]]},"properties":{"nome":"330M - 6F","tipo":"distribuicao","bairro":"CENTRO"}},{"type":"Feature","geometry":{"type":"LineString","coordinates":[[-41.330919,-21.762361],[-41.331319,-21.762908],[-41.33124,-21.762963],[-41.331049,-21.763027]]},"properties":{"nome":"105M - 6F","tipo":"distribuicao","bairro":"CENTRO"}},{"type":"Feature","geometry":{"type":"LineString","coordinates":[[-41.330188,-21.763391],[-41.330291,-21.763354],[-41.330355,-21.763298],[-41.330817,-21.763918],[-41.330376,-21.763292],[-41.330872,-21.763095],[-41.331063,-21.763046]]},"properties":{"nome":"263M - 6F","tipo":"distribuicao","bairro":"CENTRO"}},{"type":"Feature","geometry":{"type":"LineString","coordinates":[[-41.338829,-21.757796],[-41.338892,-21.75808],[-41.338756,-21.757956],[-41.338095,-21.758157],[-41.337956,-21.758132],[-41.337443,-21.758385],[-41.337489,-21.758593],[-41.337527,-21.758931],[-41.337449,-21.758997],[-41.337327,-21.759421],[-41.337571,-21.759875],[-41.337696,-21.760029],[-41.337578,-21.76014],[-41.336782,-21.760426],[-41.335615,-21.760791],[-41.335507,-21.760742],[-41.335711,-21.761193],[-41.335856,-21.761508],[-41.335835,-21.761565],[-41.335453,-21.761726],[-41.335104,-21.761863]]},"properties":{"nome":"823M - 12F","tipo":"distribuicao","bairro":"CENTRO"}},{"type":"Feature","geometry":{"type":"LineString","coordinates":[[-41.334662,-21.762855],[-41.33441,-21.762175],[-41.33447,-21.762194],[-41.334768,-21.762029],[-41.335061,-21.762648],[-41.334787,-21.76202],[-41.335118,-21.761859]]},"properties":{"nome":"311M - 6F","tipo":"distribuicao","bairro":"CENTRO"}},{"type":"Feature","geometry":{"type":"LineString","coordinates":[[-41.336271,-21.762742],[-41.336234,-21.762513],[-41.336076,-21.762201],[-41.33603,-21.762302],[-41.33568,-21.762392],[-41.335359,-21.76254],[-41.335055,-21.762646],[-41.335045,-21.76262]]},"properties":{"nome":"187M - 6F","tipo":"distribuicao","bairro":"CENTRO"}},{"type":"Feature","geometry":{"type":"LineString","coordinates":[[-41.338662,-21.760495],[-41.33858,-21.760565],[-41.338073,-21.760723],[-41.338027,-21.760847],[-41.338174,-21.761314],[-41.337696,-21.760043],[-41.337584,-21.760159],[-41.336759,-21.760441]]},"properties":{"nome":"393M - 6F","tipo":"distribuicao","bairro":"CENTRO"}},{"type":"Feature","geometry":{"type":"LineString","coordinates":[[-41.335518,-21.760764],[-41.33528,-21.76006],[-41.33551,-21.75996],[-41.335775,-21.759937],[-41.336332,-21.759743]]},"properties":{"nome":"197M - 6F","tipo":"distribuicao","bairro":"CENTRO"}},{"type":"Feature","geometry":{"type":"LineString","coordinates":[[-41.337026,-21.758754],[-41.337229,-21.758828],[-41.337421,-21.758997],[-41.337506,-21.75892],[-41.33747,-21.758585]]},"properties":{"nome":"115M - 6F","tipo":"distribuicao","bairro":"CENTRO"}},{"type":"Feature","geometry":{"type":"LineString","coordinates":[[-41.338823,-21.757787],[-41.338646,-21.757234],[-41.338589,-21.756976],[-41.338303,-21.756128],[-41.338144,-21.755876],[-41.338377,-21.755653],[-41.338719,-21.755556],[-41.338938,-21.755492],[-41.339025,-21.755515],[-41.339192,-21.755999],[-41.339783,-21.757759]]},"properties":{"nome":"589M - 6F","tipo":"distribuicao","bairro":"CENTRO"}},{"type":"Feature","geometry":{"type":"LineString","coordinates":[[-41.34215,-21.758846],[-41.342159,-21.758253],[-41.34201,-21.758219],[-41.342997,-21.757147],[-41.342699,-21.75745],[-41.342747,-21.757266],[-41.342446,-21.757044],[-41.341976,-21.756737]]},"properties":{"nome":"405M - 12F","tipo":"distribuicao","bairro":"CENTRO"}},{"type":"Feature","geometry":{"type":"LineString","coordinates":[[-41.342662,-21.761661],[-41.342274,-21.761676],[-41.342211,-21.761612],[-41.342236,-21.761388],[-41.342188,-21.761242],[-41.342213,-21.760843],[-41.342196,-21.759967],[-41.342231,-21.75973],[-41.342185,-21.759382],[-41.34217,-21.759026],[-41.342158,-21.758848]]},"properties":{"nome":"358M - 6F","tipo":"distribuicao","bairro":"CENTRO"}},{"type":"Feature","geometry":{"type":"LineString","coordinates":[[-41.343516,-21.755276],[-41.343562,-21.755436],[-41.342792,-21.756294],[-41.342305,-21.756833],[-41.342152,-21.756832],[-41.341972,-21.756722],[-41.342154,-21.756847],[-41.342305,-21.756845],[-41.341719,-21.757511],[-41.341633,-21.75756]]},"properties":{"nome":"405M - 6F","tipo":"distribuicao","bairro":"CENTRO"}},{"type":"Feature","geometry":{"type":"LineString","coordinates":[[-41.342487,-21.755456],[-41.341769,-21.756282],[-41.340947,-21.757172]]},"properties":{"nome":"248M - 6F","tipo":"distribuicao","bairro":"CENTRO"}},{"type":"Feature","geometry":{"type":"LineString","coordinates":[[-41.341976,-21.756727],[-41.341723,-21.756552],[-41.341548,-21.756563],[-41.341791,-21.75629]]},"properties":{"nome":"90M - 6F","tipo":"distribuicao","bairro":"CENTRO"}},{"type":"Feature","geometry":{"type":"LineString","coordinates":[[-41.343791,-21.759856],[-41.343425,-21.759844],[-41.343515,-21.75971],[-41.343495,-21.759145],[-41.343486,-21.758229],[-41.343502,-21.757878],[-41.343581,-21.758027],[-41.344341,-21.758032]]},"properties":{"nome":"355M - 12F","tipo":"distribuicao","bairro":"CENTRO"}},{"type":"Feature","geometry":{"type":"LineString","coordinates":[[-41.343464,-21.756625],[-41.342975,-21.757156]]},"properties":{"nome":"78M - 6F","tipo":"distribuicao","bairro":"CENTRO"}},{"type":"Feature","geometry":{"type":"LineString","coordinates":[[-41.34367,-21.761633],[-41.343555,-21.761595],[-41.343537,-21.760784],[-41.343527,-21.759983],[-41.343431,-21.759861],[-41.3438,-21.75987]]},"properties":{"nome":"246M - 6F","tipo":"distribuicao","bairro":"CENTRO"}},{"type":"Feature","geometry":{"type":"LineString","coordinates":[[-41.342895,-21.760438],[-41.342848,-21.758929],[-41.342846,-21.75813],[-41.342724,-21.758047],[-41.343248,-21.758042],[-41.343448,-21.758058],[-41.343484,-21.758219]]},"properties":{"nome":"364M - 6F","tipo":"distribuicao","bairro":"CENTRO"}},{"type":"Feature","geometry":{"type":"LineString","coordinates":[[-41.344265,-21.758748],[-41.344226,-21.758078],[-41.344365,-21.758031]]},"properties":{"nome":"90M - 6F","tipo":"distribuicao","bairro":"CENTRO"}},{"type":"Feature","geometry":{"type":"LineString","coordinates":[[-41.343484,-21.758222],[-41.343435,-21.756623],[-41.343944,-21.756039],[-41.344194,-21.755906],[-41.344159,-21.756178],[-41.34421,-21.756967]]},"properties":{"nome":"410M - 6F","tipo":"distribuicao","bairro":"CENTRO"}},{"type":"Feature","geometry":{"type":"LineString","coordinates":[[-41.34586,-21.759893],[-41.345905,-21.759542],[-41.345836,-21.759215],[-41.345837,-21.758754],[-41.345796,-21.75753]]},"properties":{"nome":"264M - 12F","tipo":"distribuicao","bairro":"CENTRO"}},{"type":"Feature","geometry":{"type":"LineString","coordinates":[[-41.344964,-21.756494],[-41.344987,-21.758551],[-41.345035,-21.757989],[-41.345315,-21.758022],[-41.345648,-21.758012],[-41.345791,-21.75808],[-41.345778,-21.757538]]},"properties":{"nome":"430M - 6F","tipo":"distribuicao","bairro":"CENTRO"}},{"type":"Feature","geometry":{"type":"LineString","coordinates":[[-41.347771,-21.757746],[-41.34708,-21.757288],[-41.346974,-21.757247],[-41.346726,-21.757072],[-41.346328,-21.756865],[-41.346093,-21.756809],[-41.345857,-21.756738],[-41.345793,-21.756834],[-41.345811,-21.757545]]},"properties":{"nome":"322M - 6F","tipo":"distribuicao","bairro":"CENTRO"}},{"type":"Feature","geometry":{"type":"LineString","coordinates":[[-41.346513,-21.75872],[-41.346536,-21.758394],[-41.346513,-21.758046],[-41.346457,-21.757993],[-41.346189,-21.75799],[-41.345945,-21.757988],[-41.345844,-21.75808],[-41.345821,-21.757542]]},"properties":{"nome":"210M - 6F","tipo":"distribuicao","bairro":"CENTRO"}},{"type":"Feature","geometry":{"type":"LineString","coordinates":[[-41.346163,-21.761592],[-41.345837,-21.76156],[-41.345869,-21.761226],[-41.345849,-21.760931],[-41.345832,-21.760558],[-41.345903,-21.760196],[-41.345861,-21.759879]]},"properties":{"nome":"221M - 6F","tipo":"distribuicao","bairro":"CENTRO"}},{"type":"Feature","geometry":{"type":"LineString","coordinates":[[-41.344265,-21.760409],[-41.344243,-21.760039],[-41.344246,-21.759991],[-41.344147,-21.75986],[-41.343797,-21.759867]]},"properties":{"nome":"100M - 6F","tipo":"distribuicao","bairro":"CENTRO"}},{"type":"Feature","geometry":{"type":"LineString","coordinates":[[-41.344287,-21.760402],[-41.344267,-21.759993],[-41.344179,-21.759862],[-41.344579,-21.759875],[-41.344735,-21.759871],[-41.344974,-21.759853],[-41.345035,-21.759927],[-41.345057,-21.760357],[-41.345062,-21.759932],[-41.345134,-21.759846],[-41.345443,-21.759836],[-41.34574,-21.759818],[-41.345883,-21.759885]]},"properties":{"nome":"344M - 6F","tipo":"distribuicao","bairro":"CENTRO"}},{"type":"Feature","geometry":{"type":"LineString","coordinates":[[-41.340592,-21.763664],[-41.339819,-21.763819],[-41.339698,-21.763713],[-41.339516,-21.762983],[-41.338988,-21.76311],[-41.3386,-21.763166],[-41.338953,-21.763131],[-41.338845,-21.763165],[-41.338874,-21.763429]]},"properties":{"nome":"356M - 12F","tipo":"distribuicao","bairro":"CENTRO"}},{"type":"Feature","geometry":{"type":"LineString","coordinates":[[-41.341186,-21.764461],[-41.341148,-21.764129],[-41.341188,-21.764028],[-41.340842,-21.764144],[-41.340608,-21.764072],[-41.340605,-21.764346],[-41.340584,-21.764073],[-41.340522,-21.763726],[-41.340589,-21.763651]]},"properties":{"nome":"223M - 6F","tipo":"distribuicao","bairro":"CENTRO"}},{"type":"Feature","geometry":{"type":"LineString","coordinates":[[-41.340458,-21.76237],[-41.340578,-21.762727],[-41.340666,-21.763123],[-41.34077,-21.763458],[-41.340842,-21.763548],[-41.340583,-21.763651],[-41.340203,-21.763715],[-41.340244,-21.76358],[-41.340186,-21.763333],[-41.340131,-21.763193],[-41.34001,-21.762861]]},"properties":{"nome":"305M - 6F","tipo":"distribuicao","bairro":"CENTRO"}},{"type":"Feature","geometry":{"type":"LineString","coordinates":[[-41.338996,-21.764909],[-41.339544,-21.764966],[-41.339564,-21.764844],[-41.339509,-21.764488],[-41.339461,-21.764449],[-41.339394,-21.764422],[-41.338585,-21.76436],[-41.338208,-21.764332],[-41.338154,-21.76421],[-41.338157,-21.763861],[-41.338197,-21.76379],[-41.338627,-21.763829],[-41.338869,-21.763855],[-41.339067,-21.7639],[-41.338874,-21.763416]]},"properties":{"nome":"458M - 6F","tipo":"distribuicao","bairro":"CENTRO"}},{"type":"Feature","geometry":{"type":"LineString","coordinates":[[-41.342899,-21.764703],[-41.342767,-21.76466],[-41.34271,-21.764318],[-41.342648,-21.764148],[-41.342463,-21.763806],[-41.342282,-21.763205],[-41.341657,-21.76337],[-41.341773,-21.763182],[-41.341687,-21.762861],[-41.341791,-21.763179],[-41.341882,-21.763517],[-41.341976,-21.763878]]},"properties":{"nome":"429M - 12F","tipo":"distribuicao","bairro":"CENTRO"}},{"type":"Feature","geometry":{"type":"LineString","coordinates":[[-41.344385,-21.762905],[-41.344383,-21.764185],[-41.34401,-21.76371],[-41.343745,-21.763444],[-41.343987,-21.763722],[-41.344359,-21.764192],[-41.344193,-21.76416],[-41.34354,-21.764391],[-41.343096,-21.764573],[-41.342916,-21.764701]]},"properties":{"nome":"515M - 6F","tipo":"distribuicao","bairro":"CENTRO"}},{"type":"Feature","geometry":{"type":"LineString","coordinates":[[-41.341527,-21.761646],[-41.341296,-21.761704],[-41.341409,-21.761828],[-41.341506,-21.762146],[-41.3417,-21.762876]]},"properties":{"nome":"163M - 6F","tipo":"distribuicao","bairro":"CENTRO"}},{"type":"Feature","geometry":{"type":"LineString","coordinates":[[-41.340917,-21.762009],[-41.340977,-21.762198],[-41.341083,-21.762563],[-41.341155,-21.762952],[-41.341247,-21.763247],[-41.341286,-21.763451],[-41.341649,-21.76337],[-41.341869,-21.763523],[-41.341966,-21.763875]]},"properties":{"nome":"272M - 6F","tipo":"distribuicao","bairro":"CENTRO"}},{"type":"Feature","geometry":{"type":"LineString","coordinates":[[-41.342187,-21.764694],[-41.342176,-21.764526],[-41.342087,-21.764209],[-41.341974,-21.763867]]},"properties":{"nome":"95M - 6F","tipo":"distribuicao","bairro":"CENTRO"}},{"type":"Feature","geometry":{"type":"LineString","coordinates":[[-41.341561,-21.764742],[-41.34148,-21.764394],[-41.341403,-21.764075],[-41.341426,-21.763984],[-41.341727,-21.763897],[-41.341981,-21.763872]]},"properties":{"nome":"145M - 6F","tipo":"distribuicao","bairro":"CENTRO"}},{"type":"Feature","geometry":{"type":"LineString","coordinates":[[-41.341435,-21.763983],[-41.341212,-21.764026],[-41.341176,-21.764126],[-41.341213,-21.764467]]},"properties":{"nome":"74M - 6F","tipo":"distribuicao","bairro":"CENTRO"}},{"type":"Feature","geometry":{"type":"LineString","coordinates":[[-41.335175,-21.765427],[-41.335728,-21.765537],[-41.336179,-21.765609],[-41.336191,-21.765361],[-41.336229,-21.764828],[-41.336286,-21.764808],[-41.336259,-21.764635],[-41.337248,-21.764689],[-41.33701,-21.764651],[-41.336966,-21.764582],[-41.336991,-21.763873]]},"properties":{"nome":"433M - 12F","tipo":"distribuicao","bairro":"CENTRO"}},{"type":"Feature","geometry":{"type":"LineString","coordinates":[[-41.337556,-21.764056],[-41.337532,-21.76343],[-41.337306,-21.763422],[-41.337002,-21.76353],[-41.336997,-21.763901]]},"properties":{"nome":"167M - 6F","tipo":"distribuicao","bairro":"CENTRO"}},{"type":"Feature","geometry":{"type":"LineString","coordinates":[[-41.336992,-21.763903],[-41.336986,-21.763538],[-41.336772,-21.763517],[-41.336436,-21.763625],[-41.336438,-21.763958],[-41.336416,-21.763627],[-41.336232,-21.763599],[-41.335931,-21.763632],[-41.335892,-21.76373],[-41.335908,-21.764099]]},"properties":{"nome":"276M - 6F","tipo":"distribuicao","bairro":"CENTRO"}},{"type":"Feature","geometry":{"type":"LineString","coordinates":[[-41.337064,-21.76543],[-41.337059,-21.7649],[-41.336983,-21.764818],[-41.337076,-21.764694],[-41.337255,-21.764704]]},"properties":{"nome":"106M - 6F","tipo":"distribuicao","bairro":"CENTRO"}},{"type":"Feature","geometry":{"type":"LineString","coordinates":[[-41.333916,-21.765242],[-41.334502,-21.765194],[-41.33507,-21.765188],[-41.335311,-21.765281],[-41.33534,-21.765433],[-41.335191,-21.765423]]},"properties":{"nome":"179M - 6F","tipo":"distribuicao","bairro":"CENTRO"}},{"type":"Feature","geometry":{"type":"LineString","coordinates":[[-41.331574,-21.767428],[-41.330887,-21.767403],[-41.330913,-21.766789],[-41.33176,-21.766824]]},"properties":{"nome":"226M - 12F","tipo":"distribuicao","bairro":"CENTRO"}},{"type":"Feature","geometry":{"type":"LineString","coordinates":[[-41.331664,-21.765176],[-41.331353,-21.765252],[-41.330864,-21.765415],[-41.330786,-21.765506],[-41.330455,-21.765575],[-41.330155,-21.765724],[-41.330076,-21.765961],[-41.330255,-21.766323],[-41.330145,-21.76638],[-41.330284,-21.766526],[-41.330562,-21.766667],[-41.330871,-21.766743],[-41.331747,-21.766796]]},"properties":{"nome":"433M - 6F","tipo":"distribuicao","bairro":"CENTRO"}},{"type":"Feature","geometry":{"type":"LineString","coordinates":[[-41.331428,-21.765806],[-41.330274,-21.766292],[-41.330313,-21.766388],[-41.330565,-21.76658],[-41.330895,-21.766544],[-41.331057,-21.766409],[-41.331581,-21.766225],[-41.331071,-21.766452],[-41.33092,-21.766591],[-41.330905,-21.766709],[-41.33177,-21.766775]]},"properties":{"nome":"474M - 6F","tipo":"distribuicao","bairro":"CENTRO"}},{"type":"Feature","geometry":{"type":"LineString","coordinates":[[-41.332702,-21.768111],[-41.331335,-21.768084],[-41.330935,-21.768096],[-41.330877,-21.767997],[-41.330881,-21.767434],[-41.33158,-21.767444]]},"properties":{"nome":"328M - 6F","tipo":"distribuicao","bairro":"CENTRO"}},{"type":"Feature","geometry":{"type":"LineString","coordinates":[[-41.33158,-21.767427],[-41.332783,-21.767511]]},"properties":{"nome":"125M - 6F","tipo":"distribuicao","bairro":"CENTRO"}},{"type":"Feature","geometry":{"type":"LineString","coordinates":[[-41.331747,-21.766812],[-41.332873,-21.766864]]},"properties":{"nome":"117M - 6F","tipo":"distribuicao","bairro":"CENTRO"}},{"type":"Feature","geometry":{"type":"LineString","coordinates":[[-41.331685,-21.765193],[-41.332213,-21.765054],[-41.332519,-21.765032],[-41.333132,-21.764939],[-41.333987,-21.764842],[-41.334495,-21.764793],[-41.335207,-21.764777],[-41.335908,-21.764775],[-41.336266,-21.764781],[-41.336252,-21.764635]]},"properties":{"nome":"494M - 6F","tipo":"distribuicao","bairro":"CENTRO"}},{"type":"Feature","geometry":{"type":"LineString","coordinates":[[-41.329297,-21.754173],[-41.330361,-21.752759],[-41.329551,-21.750409]]},"properties":{"nome":"F6","tipo":"distribuicao","bairro":"CENTRO"}},{"type":"Feature","geometry":{"type":"LineString","coordinates":[[-41.328444,-21.751569],[-41.3297,-21.753339],[-41.329307,-21.754175]]},"properties":{"nome":"F5","tipo":"distribuicao","bairro":"CENTRO"}},{"type":"Feature","geometry":{"type":"LineString","coordinates":[[-41.326869,-21.753063],[-41.328536,-21.75246],[-41.329301,-21.754188],[-41.328309,-21.7554],[-41.328862,-21.757187],[-41.328508,-21.757305]]},"properties":{"nome":"F6","tipo":"distribuicao","bairro":"CENTRO"}},{"type":"Feature","geometry":{"type":"LineString","coordinates":[[-41.327708,-21.755304],[-41.32831,-21.755102],[-41.329297,-21.754197],[-41.328947,-21.75364],[-41.328379,-21.753728]]},"properties":{"nome":"F5","tipo":"distribuicao","bairro":"CENTRO"}},{"type":"Feature","geometry":{"type":"LineString","coordinates":[[-41.330691,-21.756884],[-41.331226,-21.756422],[-41.330426,-21.754263],[-41.329308,-21.754199]]},"properties":{"nome":"F6","tipo":"distribuicao","bairro":"CENTRO"}},{"type":"Feature","geometry":{"type":"LineString","coordinates":[[-41.329141,-21.755449],[-41.329797,-21.755088],[-41.329308,-21.754199]]},"properties":{"nome":"F5","tipo":"distribuicao","bairro":"CENTRO"}},{"type":"Feature","geometry":{"type":"LineString","coordinates":[[-41.331119,-21.748864],[-41.330421,-21.74909],[-41.331531,-21.752157],[-41.331347,-21.752209],[-41.331274,-21.752351]]},"properties":{"nome":"F6","tipo":"distribuicao","bairro":"CENTRO"}},{"type":"Feature","geometry":{"type":"LineString","coordinates":[[-41.332112,-21.751516],[-41.331638,-21.75166],[-41.331883,-21.752373],[-41.331654,-21.752438],[-41.331627,-21.752632]]},"properties":{"nome":"F5","tipo":"distribuicao","bairro":"CENTRO"}},{"type":"Feature","geometry":{"type":"LineString","coordinates":[[-41.333448,-21.755087],[-41.33299,-21.755217],[-41.33241,-21.75364],[-41.33223,-21.7537],[-41.332177,-21.753846]]},"properties":{"nome":"F4","tipo":"distribuicao","bairro":"CENTRO"}},{"type":"Feature","geometry":{"type":"LineString","coordinates":[[-41.332071,-21.754477],[-41.331934,-21.754068],[-41.33167,-21.754143],[-41.331642,-21.754296]]},"properties":{"nome":"F6","tipo":"distribuicao","bairro":"CENTRO"}},{"type":"Feature","geometry":{"type":"LineString","coordinates":[[-41.331349,-21.752329],[-41.331209,-21.75225],[-41.33109,-21.752288],[-41.330486,-21.752519],[-41.330518,-21.752815],[-41.329301,-21.754198]]},"properties":{"nome":"F12","tipo":"distribuicao","bairro":"CENTRO"}},{"type":"Feature","geometry":{"type":"LineString","coordinates":[[-41.331697,-21.752588],[-41.331515,-21.752479],[-41.330624,-21.752679],[-41.330615,-21.752842],[-41.329336,-21.754186]]},"properties":{"nome":"F11","tipo":"distribuicao","bairro":"CENTRO"}},{"type":"Feature","geometry":{"type":"LineString","coordinates":[[-41.33224,-21.753829],[-41.332058,-21.75374],[-41.331699,-21.753863],[-41.329306,-21.754203]]},"properties":{"nome":"F10","tipo":"distribuicao","bairro":"CENTRO"}},{"type":"Feature","geometry":{"type":"LineString","coordinates":[[-41.331695,-21.754285],[-41.331564,-21.754187],[-41.330864,-21.754369],[-41.330525,-21.75416],[-41.329304,-21.754196]]},"properties":{"nome":"F9","tipo":"distribuicao","bairro":"CENTRO"}},{"type":"Feature","geometry":{"type":"LineString","coordinates":[[-41.332682,-21.75316],[-41.33243,-21.752964],[-41.329925,-21.753794],[-41.329325,-21.754211]]},"properties":{"nome":"F8","tipo":"distribuicao","bairro":"CENTRO"}},{"type":"Feature","geometry":{"type":"LineString","coordinates":[[-41.330859,-21.752891],[-41.330503,-21.753097],[-41.329343,-21.754236]]},"properties":{"nome":"F7","tipo":"distribuicao","bairro":"CENTRO"}},{"type":"Feature","geometry":{"type":"LineString","coordinates":[[-41.337152,-21.754089],[-41.336783,-21.753045],[-41.336363,-21.753155],[-41.336313,-21.753331]]},"properties":{"nome":"F6","tipo":"distribuicao","bairro":"CENTRO"}},{"type":"Feature","geometry":{"type":"LineString","coordinates":[[-41.334793,-21.754122],[-41.334795,-21.753378],[-41.33522,-21.753297],[-41.335337,-21.753417]]},"properties":{"nome":"F5","tipo":"distribuicao","bairro":"CENTRO"}},{"type":"Feature","geometry":{"type":"LineString","coordinates":[[-41.335811,-21.752995],[-41.335541,-21.752711],[-41.335345,-21.752771],[-41.335326,-21.752923]]},"properties":{"nome":"F4","tipo":"distribuicao","bairro":"CENTRO"}},{"type":"Feature","geometry":{"type":"LineString","coordinates":[[-41.336245,-21.75258],[-41.336184,-21.752224],[-41.336016,-21.752259],[-41.335998,-21.752406]]},"properties":{"nome":"F6","tipo":"distribuicao","bairro":"CENTRO"}},{"type":"Feature","geometry":{"type":"LineString","coordinates":[[-41.337051,-21.751734],[-41.336894,-21.751451],[-41.336137,-21.751699],[-41.336113,-21.751837]]},"properties":{"nome":"F5","tipo":"distribuicao","bairro":"CENTRO"}},{"type":"Feature","geometry":{"type":"LineString","coordinates":[[-41.334245,-21.752559],[-41.334306,-21.752182],[-41.335162,-21.751908],[-41.335277,-21.751998]]},"properties":{"nome":"F6","tipo":"distribuicao","bairro":"CENTRO"}},{"type":"Feature","geometry":{"type":"LineString","coordinates":[[-41.336124,-21.751006],[-41.336027,-21.750661],[-41.334393,-21.751293],[-41.334246,-21.751675]]},"properties":{"nome":"F6","tipo":"distribuicao","bairro":"CENTRO"}},{"type":"Feature","geometry":{"type":"LineString","coordinates":[[-41.334203,-21.751658],[-41.333528,-21.7528],[-41.334628,-21.754873],[-41.336322,-21.754325],[-41.336027,-21.753251],[-41.336176,-21.753199],[-41.336381,-21.753296]]},"properties":{"nome":"F12","tipo":"distribuicao","bairro":"CENTRO"}},{"type":"Feature","geometry":{"type":"LineString","coordinates":[[-41.334246,-21.75165],[-41.333643,-21.752801],[-41.334684,-21.754712],[-41.335698,-21.754395],[-41.335482,-21.753268],[-41.335374,-21.753282],[-41.335274,-21.753427]]},"properties":{"nome":"F11","tipo":"distribuicao","bairro":"CENTRO"}},{"type":"Feature","geometry":{"type":"LineString","coordinates":[[-41.334242,-21.751643],[-41.333842,-21.752722],[-41.334096,-21.753163],[-41.335204,-21.752802],[-41.335393,-21.752897]]},"properties":{"nome":"F10","tipo":"distribuicao","bairro":"CENTRO"}},{"type":"Feature","geometry":{"type":"LineString","coordinates":[[-41.334245,-21.751651],[-41.333972,-21.752727],[-41.334164,-21.752985],[-41.335874,-21.752323],[-41.336052,-21.752393]]},"properties":{"nome":"F9","tipo":"distribuicao","bairro":"CENTRO"}},{"type":"Feature","geometry":{"type":"LineString","coordinates":[[-41.335221,-21.752031],[-41.335263,-21.751865],[-41.335216,-21.751728],[-41.33422,-21.751657]]},"properties":{"nome":"F8","tipo":"distribuicao","bairro":"CENTRO"}},{"type":"Feature","geometry":{"type":"LineString","coordinates":[[-41.336167,-21.751835],[-41.336017,-21.751746],[-41.335911,-21.751774],[-41.335795,-21.751406],[-41.334235,-21.751652]]},"properties":{"nome":"F7","tipo":"distribuicao","bairro":"CENTRO"}},{"type":"Feature","geometry":{"type":"LineString","coordinates":[[-41.335605,-21.751872],[-41.335405,-21.751619],[-41.334214,-21.751641]]},"properties":{"nome":"F6","tipo":"distribuicao","bairro":"CENTRO"}},{"type":"Feature","geometry":{"type":"LineString","coordinates":[[-41.331888,-21.747382],[-41.332287,-21.74705],[-41.333645,-21.748711],[-41.333831,-21.748756]]},"properties":{"nome":"F6","tipo":"distribuicao","bairro":"CENTRO"}},{"type":"Feature","geometry":{"type":"LineString","coordinates":[[-41.334457,-21.750592],[-41.334001,-21.74928],[-41.33411,-21.749128]]},"properties":{"nome":"F5","tipo":"distribuicao","bairro":"CENTRO"}},{"type":"Feature","geometry":{"type":"LineString","coordinates":[[-41.333289,-21.74896],[-41.332585,-21.749113],[-41.332599,-21.74932]]},"properties":{"nome":"F4","tipo":"distribuicao","bairro":"CENTRO"}},{"type":"Feature","geometry":{"type":"LineString","coordinates":[[-41.331263,-21.74803],[-41.330995,-21.748327],[-41.331638,-21.749304],[-41.33157,-21.749456]]},"properties":{"nome":"F6","tipo":"distribuicao","bairro":"CENTRO"}},{"type":"Feature","geometry":{"type":"LineString","coordinates":[[-41.33418,-21.751687],[-41.334236,-21.751677],[-41.332379,-21.751806],[-41.331698,-21.749477],[-41.331498,-21.749352]]},"properties":{"nome":"F12","tipo":"distribuicao","bairro":"CENTRO"}},{"type":"Feature","geometry":{"type":"LineString","coordinates":[[-41.334218,-21.751683],[-41.334249,-21.751193],[-41.33366,-21.748821],[-41.333819,-21.748674]]},"properties":{"nome":"F11","tipo":"distribuicao","bairro":"CENTRO"}},{"type":"Feature","geometry":{"type":"LineString","coordinates":[[-41.334229,-21.751661],[-41.334414,-21.751034],[-41.335016,-21.750852],[-41.334332,-21.749206],[-41.333968,-21.749166]]},"properties":{"nome":"F10","tipo":"distribuicao","bairro":"CENTRO"}},{"type":"Feature","geometry":{"type":"LineString","coordinates":[[-41.334227,-21.75168],[-41.332805,-21.749313],[-41.332545,-21.749237]]},"properties":{"nome":"F9","tipo":"distribuicao","bairro":"CENTRO"}},{"type":"Feature","geometry":{"type":"LineString","coordinates":[[-41.33422,-21.751711],[-41.332552,-21.749549],[-41.332092,-21.749247]]},"properties":{"nome":"F8","tipo":"distribuicao","bairro":"CENTRO"}},{"type":"Feature","geometry":{"type":"LineString","coordinates":[[-41.334239,-21.751685],[-41.333314,-21.751019],[-41.332797,-21.751042]]},"properties":{"nome":"F7","tipo":"distribuicao","bairro":"CENTRO"}},{"type":"Feature","geometry":{"type":"LineString","coordinates":[[-41.32922,-21.761375],[-41.329376,-21.761729],[-41.330633,-21.760819],[-41.330502,-21.760419],[-41.330636,-21.760377],[-41.330754,-21.760554]]},"properties":{"nome":"F6","tipo":"distribuicao","bairro":"CENTRO"}},{"type":"Feature","geometry":{"type":"LineString","coordinates":[[-41.32925,-21.759513],[-41.329699,-21.760153],[-41.330215,-21.759966],[-41.33035,-21.760113]]},"properties":{"nome":"F5","tipo":"distribuicao","bairro":"CENTRO"}},{"type":"Feature","geometry":{"type":"LineString","coordinates":[[-41.327655,-21.75845],[-41.327819,-21.758864],[-41.329747,-21.758941],[-41.329894,-21.759084]]},"properties":{"nome":"F4","tipo":"distribuicao","bairro":"CENTRO"}},{"type":"Feature","geometry":{"type":"LineString","coordinates":[[-41.331272,-21.758366],[-41.331681,-21.758247],[-41.33181,-21.758376]]},"properties":{"nome":"F6","tipo":"distribuicao","bairro":"CENTRO"}},{"type":"Feature","geometry":{"type":"LineString","coordinates":[[-41.333765,-21.757269],[-41.333749,-21.756956],[-41.333068,-21.75664]]},"properties":{"nome":"F5","tipo":"distribuicao","bairro":"CENTRO"}},{"type":"Feature","geometry":{"type":"LineString","coordinates":[[-41.333079,-21.7586],[-41.333431,-21.758356],[-41.333095,-21.756666]]},"properties":{"nome":"F6","tipo":"distribuicao","bairro":"CENTRO"}},{"type":"Feature","geometry":{"type":"LineString","coordinates":[[-41.330698,-21.760561],[-41.330718,-21.760358],[-41.331965,-21.759901],[-41.333101,-21.756659]]},"properties":{"nome":"F12","tipo":"distribuicao","bairro":"CENTRO"}},{"type":"Feature","geometry":{"type":"LineString","coordinates":[[-41.330304,-21.760125],[-41.330307,-21.759925],[-41.332002,-21.759293],[-41.333087,-21.756672]]},"properties":{"nome":"F11","tipo":"distribuicao","bairro":"CENTRO"}},{"type":"Feature","geometry":{"type":"LineString","coordinates":[[-41.333113,-21.756611],[-41.332003,-21.758798],[-41.330167,-21.759517],[-41.329923,-21.758889],[-41.329822,-21.7591]]},"properties":{"nome":"F10","tipo":"distribuicao","bairro":"CENTRO"}},{"type":"Feature","geometry":{"type":"LineString","coordinates":[[-41.329915,-21.758088],[-41.330218,-21.758349],[-41.332351,-21.757611],[-41.333115,-21.756619]]},"properties":{"nome":"F9","tipo":"distribuicao","bairro":"CENTRO"}},{"type":"Feature","geometry":{"type":"LineString","coordinates":[[-41.331743,-21.758378],[-41.331788,-21.758202],[-41.33228,-21.75803],[-41.333088,-21.756646]]},"properties":{"nome":"F8","tipo":"distribuicao","bairro":"CENTRO"}},{"type":"Feature","geometry":{"type":"LineString","coordinates":[[-41.331577,-21.757181],[-41.331857,-21.757479],[-41.332261,-21.757352],[-41.333104,-21.756641]]},"properties":{"nome":"F7","tipo":"distribuicao","bairro":"CENTRO"}},{"type":"Feature","geometry":{"type":"LineString","coordinates":[[-41.335855,-21.757606],[-41.336131,-21.757722],[-41.337383,-21.757043],[-41.337508,-21.757147]]},"properties":{"nome":"F6","tipo":"distribuicao","bairro":"CENTRO"}},{"type":"Feature","geometry":{"type":"LineString","coordinates":[[-41.335718,-21.756831],[-41.335998,-21.757052],[-41.337193,-21.756669],[-41.337324,-21.756764]]},"properties":{"nome":"F5","tipo":"distribuicao","bairro":"CENTRO"}},{"type":"Feature","geometry":{"type":"LineString","coordinates":[[-41.336768,-21.756433],[-41.33722,-21.756299],[-41.337353,-21.75637]]},"properties":{"nome":"F4","tipo":"distribuicao","bairro":"CENTRO"}},{"type":"Feature","geometry":{"type":"LineString","coordinates":[[-41.337524,-21.755279],[-41.337629,-21.755598],[-41.337374,-21.755678],[-41.33734,-21.75582]]},"properties":{"nome":"F6","tipo":"distribuicao","bairro":"CENTRO"}},{"type":"Feature","geometry":{"type":"LineString","coordinates":[[-41.337442,-21.757168],[-41.337512,-21.756977],[-41.337655,-21.757404],[-41.335284,-21.758265],[-41.334333,-21.756744],[-41.3331,-21.75664]]},"properties":{"nome":"F12","tipo":"distribuicao","bairro":"CENTRO"}},{"type":"Feature","geometry":{"type":"LineString","coordinates":[[-41.337269,-21.75679],[-41.337261,-21.75663],[-41.33735,-21.756602],[-41.337446,-21.756862],[-41.3351,-21.757598],[-41.334314,-21.756646],[-41.33311,-21.756619]]},"properties":{"nome":"F11","tipo":"distribuicao","bairro":"CENTRO"}},{"type":"Feature","geometry":{"type":"LineString","coordinates":[[-41.33728,-21.756418],[-41.337339,-21.756271],[-41.337274,-21.755996],[-41.334628,-21.756844],[-41.334363,-21.756578],[-41.333146,-21.756616]]},"properties":{"nome":"F10","tipo":"distribuicao","bairro":"CENTRO"}},{"type":"Feature","geometry":{"type":"LineString","coordinates":[[-41.337397,-21.755793],[-41.337272,-21.755718],[-41.337198,-21.755741],[-41.337253,-21.755907],[-41.334672,-21.756717],[-41.334363,-21.756455],[-41.333115,-21.756608]]},"properties":{"nome":"F9","tipo":"distribuicao","bairro":"CENTRO"}},{"type":"Feature","geometry":{"type":"LineString","coordinates":[[-41.336891,-21.75575],[-41.336588,-21.755985],[-41.334675,-21.756602],[-41.334369,-21.756374],[-41.333104,-21.756603]]},"properties":{"nome":"F8","tipo":"distribuicao","bairro":"CENTRO"}},{"type":"Feature","geometry":{"type":"LineString","coordinates":[[-41.333102,-21.756643],[-41.333149,-21.756232],[-41.334844,-21.755665],[-41.335058,-21.756047]]},"properties":{"nome":"F7","tipo":"distribuicao","bairro":"CENTRO"}},{"type":"Feature","geometry":{"type":"LineString","coordinates":[[-41.331288,-21.762087],[-41.331118,-21.762157],[-41.331379,-21.762685],[-41.331042,-21.763025],[-41.331089,-21.762842],[-41.330747,-21.762387],[-41.330884,-21.762315]]},"properties":{"nome":"F6","tipo":"distribuicao","bairro":"CENTRO"}},{"type":"Feature","geometry":{"type":"LineString","coordinates":[[-41.332185,-21.763597],[-41.33197,-21.763643],[-41.331568,-21.763047],[-41.331042,-21.763025],[-41.331248,-21.763168],[-41.331437,-21.763476],[-41.331231,-21.763574]]},"properties":{"nome":"F5","tipo":"distribuicao","bairro":"CENTRO"}},{"type":"Feature","geometry":{"type":"LineString","coordinates":[[-41.33104,-21.763009],[-41.330675,-21.762941],[-41.330455,-21.762597],[-41.330647,-21.762549]]},"properties":{"nome":"F6","tipo":"distribuicao","bairro":"CENTRO"}},{"type":"Feature","geometry":{"type":"LineString","coordinates":[[-41.329606,-21.762988],[-41.329949,-21.762881],[-41.330006,-21.762939],[-41.330006,-21.762851],[-41.330163,-21.762819],[-41.330585,-21.763033],[-41.331047,-21.763003]]},"properties":{"nome":"F6","tipo":"distribuicao","bairro":"CENTRO"}},{"type":"Feature","geometry":{"type":"LineString","coordinates":[[-41.330429,-21.764095],[-41.330562,-21.763973],[-41.330297,-21.763541],[-41.330391,-21.763511],[-41.33046,-21.763566],[-41.33044,-21.763483],[-41.330752,-21.763306],[-41.331044,-21.76302]]},"properties":{"nome":"F5","tipo":"distribuicao","bairro":"CENTRO"}},{"type":"Feature","geometry":{"type":"LineString","coordinates":[[-41.330194,-21.763408],[-41.330097,-21.763189],[-41.330508,-21.76312],[-41.331053,-21.763018]]},"properties":{"nome":"F4","tipo":"distribuicao","bairro":"CENTRO"}},{"type":"Feature","geometry":{"type":"LineString","coordinates":[[-41.330852,-21.763908],[-41.33104,-21.76376],[-41.330882,-21.763312],[-41.331036,-21.76301]]},"properties":{"nome":"F3","tipo":"distribuicao","bairro":"CENTRO"}},{"type":"Feature","geometry":{"type":"LineString","coordinates":[[-41.333136,-21.761317],[-41.332932,-21.761392],[-41.333187,-21.762037],[-41.333287,-21.762072]]},"properties":{"nome":"F6","tipo":"distribuicao","bairro":"CENTRO"}},{"type":"Feature","geometry":{"type":"LineString","coordinates":[[-41.332415,-21.761453],[-41.332154,-21.761534],[-41.332418,-21.76225],[-41.332517,-21.762263]]},"properties":{"nome":"F6","tipo":"distribuicao","bairro":"CENTRO"}},{"type":"Feature","geometry":{"type":"LineString","coordinates":[[-41.33387,-21.763238],[-41.333646,-21.763324],[-41.333375,-21.76259],[-41.333427,-21.762486]]},"properties":{"nome":"F5","tipo":"distribuicao","bairro":"CENTRO"}},{"type":"Feature","geometry":{"type":"LineString","coordinates":[[-41.33297,-21.762977],[-41.332713,-21.76309],[-41.332639,-21.762818],[-41.332699,-21.76274]]},"properties":{"nome":"F5","tipo":"distribuicao","bairro":"CENTRO"}},{"type":"Feature","geometry":{"type":"LineString","coordinates":[[-41.333266,-21.762034],[-41.333211,-21.762128],[-41.331592,-21.762661],[-41.331047,-21.763018]]},"properties":{"nome":"F12","tipo":"distribuicao","bairro":"CENTRO"}},{"type":"Feature","geometry":{"type":"LineString","coordinates":[[-41.333449,-21.762518],[-41.333335,-21.762493],[-41.333277,-21.762357],[-41.331662,-21.762933],[-41.331038,-21.76301]]},"properties":{"nome":"F11","tipo":"distribuicao","bairro":"CENTRO"}},{"type":"Feature","geometry":{"type":"LineString","coordinates":[[-41.333761,-21.762149],[-41.333647,-21.761948],[-41.333522,-21.761993],[-41.333295,-21.762185],[-41.331601,-21.762719],[-41.331056,-21.76301]]},"properties":{"nome":"F10","tipo":"distribuicao","bairro":"CENTRO"}},{"type":"Feature","geometry":{"type":"LineString","coordinates":[[-41.332694,-21.762782],[-41.332598,-21.762738],[-41.332447,-21.762702],[-41.331569,-21.763001],[-41.331042,-21.76301]]},"properties":{"nome":"F8","tipo":"distribuicao","bairro":"CENTRO"}},{"type":"Feature","geometry":{"type":"LineString","coordinates":[[-41.332495,-21.762225],[-41.332447,-21.762326],[-41.331548,-21.762618],[-41.331039,-21.763034]]},"properties":{"nome":"F9","tipo":"distribuicao","bairro":"CENTRO"}},{"type":"Feature","geometry":{"type":"LineString","coordinates":[[-41.339778,-21.757764],[-41.338985,-21.758181],[-41.338936,-21.758319]]},"properties":{"nome":"F6","tipo":"distribuicao","bairro":"CENTRO"}},{"type":"Feature","geometry":{"type":"LineString","coordinates":[[-41.339183,-21.755999],[-41.338899,-21.756067],[-41.339034,-21.757341],[-41.33866,-21.757478],[-41.338617,-21.757589]]},"properties":{"nome":"F5","tipo":"distribuicao","bairro":"CENTRO"}},{"type":"Feature","geometry":{"type":"LineString","coordinates":[[-41.338297,-21.756142],[-41.338056,-21.756253],[-41.338449,-21.757355],[-41.338365,-21.757458]]},"properties":{"nome":"F4","tipo":"distribuicao","bairro":"CENTRO"}},{"type":"Feature","geometry":{"type":"LineString","coordinates":[[-41.337029,-21.758745],[-41.337275,-21.758694],[-41.337397,-21.758804]]},"properties":{"nome":"F6","tipo":"distribuicao","bairro":"CENTRO"}},{"type":"Feature","geometry":{"type":"LineString","coordinates":[[-41.336324,-21.759739],[-41.336427,-21.760039],[-41.335689,-21.760254],[-41.335661,-21.76036]]},"properties":{"nome":"F6","tipo":"distribuicao","bairro":"CENTRO"}},{"type":"Feature","geometry":{"type":"LineString","coordinates":[[-41.338666,-21.760498],[-41.338507,-21.760286],[-41.337206,-21.760605],[-41.336767,-21.760445]]},"properties":{"nome":"F6","tipo":"distribuicao","bairro":"CENTRO"}},{"type":"Feature","geometry":{"type":"LineString","coordinates":[[-41.338135,-21.761298],[-41.337672,-21.761361],[-41.336777,-21.760458]]},"properties":{"nome":"F5","tipo":"distribuicao","bairro":"CENTRO"}},{"type":"Feature","geometry":{"type":"LineString","coordinates":[[-41.338989,-21.758309],[-41.338809,-21.75822],[-41.338381,-21.758359],[-41.337784,-21.759973],[-41.336767,-21.760447]]},"properties":{"nome":"F12","tipo":"distribuicao","bairro":"CENTRO"}},{"type":"Feature","geometry":{"type":"LineString","coordinates":[[-41.336751,-21.760433],[-41.337682,-21.759897],[-41.338259,-21.758332],[-41.338213,-21.757688],[-41.338542,-21.7575],[-41.338667,-21.757566]]},"properties":{"nome":"F11","tipo":"distribuicao","bairro":"CENTRO"}},{"type":"Feature","geometry":{"type":"LineString","coordinates":[[-41.33842,-21.757438],[-41.338295,-21.757387],[-41.338007,-21.757497],[-41.338157,-21.758303],[-41.337624,-21.759837],[-41.336761,-21.760423]]},"properties":{"nome":"F10","tipo":"distribuicao","bairro":"CENTRO"}},{"type":"Feature","geometry":{"type":"LineString","coordinates":[[-41.338842,-21.757805],[-41.338729,-21.758089],[-41.338363,-21.758228],[-41.33774,-21.759936],[-41.336779,-21.760432]]},"properties":{"nome":"F9","tipo":"distribuicao","bairro":"CENTRO"}},{"type":"Feature","geometry":{"type":"LineString","coordinates":[[-41.33677,-21.760438],[-41.337575,-21.75976],[-41.337902,-21.758733],[-41.337483,-21.758579]]},"properties":{"nome":"F8","tipo":"distribuicao","bairro":"CENTRO"}},{"type":"Feature","geometry":{"type":"LineString","coordinates":[[-41.337336,-21.758795],[-41.337421,-21.758718],[-41.337495,-21.759702],[-41.33676,-21.760441]]},"properties":{"nome":"F7","tipo":"distribuicao","bairro":"CENTRO"}},{"type":"Feature","geometry":{"type":"LineString","coordinates":[[-41.334636,-21.762838],[-41.334851,-21.763207],[-41.336502,-21.762823],[-41.336573,-21.762106],[-41.336673,-21.762074],[-41.336768,-21.762148]]},"properties":{"nome":"F6","tipo":"distribuicao","bairro":"CENTRO"}},{"type":"Feature","geometry":{"type":"LineString","coordinates":[[-41.33503,-21.762622],[-41.335265,-21.762917],[-41.336235,-21.762516],[-41.336313,-21.761564],[-41.336448,-21.761507],[-41.336583,-21.761559]]},"properties":{"nome":"F5","tipo":"distribuicao","bairro":"CENTRO"}},{"type":"Feature","geometry":{"type":"LineString","coordinates":[[-41.336242,-21.762729],[-41.336418,-21.762659],[-41.336456,-21.761742],[-41.336563,-21.761699],[-41.336648,-21.761776]]},"properties":{"nome":"F4","tipo":"distribuicao","bairro":"CENTRO"}},{"type":"Feature","geometry":{"type":"LineString","coordinates":[[-41.336718,-21.762173],[-41.336772,-21.762024],[-41.336963,-21.761979],[-41.336776,-21.760438]]},"properties":{"nome":"F12","tipo":"distribuicao","bairro":"CENTRO"}},{"type":"Feature","geometry":{"type":"LineString","coordinates":[[-41.336599,-21.761787],[-41.33667,-21.76167],[-41.33682,-21.761614],[-41.336763,-21.760432]]},"properties":{"nome":"F11","tipo":"distribuicao","bairro":"CENTRO"}},{"type":"Feature","geometry":{"type":"LineString","coordinates":[[-41.33654,-21.761587],[-41.33656,-21.761462],[-41.336704,-21.761417],[-41.336754,-21.760435]]},"properties":{"nome":"F10","tipo":"distribuicao","bairro":"CENTRO"}},{"type":"Feature","geometry":{"type":"LineString","coordinates":[[-41.33511,-21.761851],[-41.335062,-21.761629],[-41.336593,-21.761111],[-41.336757,-21.760428]]},"properties":{"nome":"F9","tipo":"distribuicao","bairro":"CENTRO"}},{"type":"Feature","geometry":{"type":"LineString","coordinates":[[-41.335515,-21.76076],[-41.335763,-21.761007],[-41.336545,-21.760773],[-41.336755,-21.760408]]},"properties":{"nome":"F8","tipo":"distribuicao","bairro":"CENTRO"}},{"type":"Feature","geometry":{"type":"LineString","coordinates":[[-41.335651,-21.760317],[-41.335735,-21.76036],[-41.336433,-21.760187],[-41.336758,-21.760434]]},"properties":{"nome":"F7","tipo":"distribuicao","bairro":"CENTRO"}},{"type":"Feature","geometry":{"type":"LineString","coordinates":[[-41.343527,-21.755267],[-41.343294,-21.755292],[-41.342166,-21.756691],[-41.341986,-21.756725],[-41.341973,-21.756397],[-41.342664,-21.755556],[-41.342479,-21.75545]]},"properties":{"nome":"F6","tipo":"distribuicao","bairro":"CENTRO"}},{"type":"Feature","geometry":{"type":"LineString","coordinates":[[-41.342804,-21.7563],[-41.34263,-21.756175],[-41.342186,-21.756755],[-41.341981,-21.75673],[-41.341925,-21.756379],[-41.341798,-21.756295]]},"properties":{"nome":"F5","tipo":"distribuicao","bairro":"CENTRO"}},{"type":"Feature","geometry":{"type":"LineString","coordinates":[[-41.341652,-21.757552],[-41.341552,-21.757393],[-41.341969,-21.756877],[-41.342,-21.75673],[-41.341642,-21.756677],[-41.34112,-21.75726],[-41.340956,-21.757174]]},"properties":{"nome":"F4","tipo":"distribuicao","bairro":"CENTRO"}},{"type":"Feature","geometry":{"type":"LineString","coordinates":[[-41.342656,-21.761654],[-41.342504,-21.75882],[-41.342591,-21.758739]]},"properties":{"nome":"F6","tipo":"distribuicao","bairro":"CENTRO"}},{"type":"Feature","geometry":{"type":"LineString","coordinates":[[-41.342206,-21.760837],[-41.342525,-21.760837],[-41.342411,-21.758845],[-41.342506,-21.758772]]},"properties":{"nome":"F5","tipo":"distribuicao","bairro":"CENTRO"}},{"type":"Feature","geometry":{"type":"LineString","coordinates":[[-41.342224,-21.759725],[-41.342395,-21.759722],[-41.34234,-21.758837],[-41.342421,-21.758769]]},"properties":{"nome":"F4","tipo":"distribuicao","bairro":"CENTRO"}},{"type":"Feature","geometry":{"type":"LineString","coordinates":[[-41.342592,-21.75877],[-41.342495,-21.758732],[-41.342711,-21.757624],[-41.34197,-21.756715]]},"properties":{"nome":"F12","tipo":"distribuicao","bairro":"CENTRO"}},{"type":"Feature","geometry":{"type":"LineString","coordinates":[[-41.342503,-21.75879],[-41.342424,-21.758743],[-41.342642,-21.757638],[-41.341965,-21.756727]]},"properties":{"nome":"F11","tipo":"distribuicao","bairro":"CENTRO"}},{"type":"Feature","geometry":{"type":"LineString","coordinates":[[-41.342424,-21.758789],[-41.342336,-21.758739],[-41.342576,-21.75765],[-41.341932,-21.756713]]},"properties":{"nome":"F10","tipo":"distribuicao","bairro":"CENTRO"}},{"type":"Feature","geometry":{"type":"LineString","coordinates":[[-41.342136,-21.758856],[-41.342294,-21.758829],[-41.342297,-21.758663],[-41.342514,-21.757667],[-41.341962,-21.756741]]},"properties":{"nome":"F9","tipo":"distribuicao","bairro":"CENTRO"}},{"type":"Feature","geometry":{"type":"LineString","coordinates":[[-41.341991,-21.758214],[-41.342342,-21.758177],[-41.342459,-21.757687],[-41.341945,-21.756723]]},"properties":{"nome":"F8","tipo":"distribuicao","bairro":"CENTRO"}},{"type":"Feature","geometry":{"type":"LineString","coordinates":[[-41.342965,-21.757139],[-41.342726,-21.756981],[-41.341942,-21.756727]]},"properties":{"nome":"F7","tipo":"distribuicao","bairro":"CENTRO"}},{"type":"Feature","geometry":{"type":"LineString","coordinates":[[-41.344235,-21.756946],[-41.34397,-21.756962],[-41.343908,-21.757894],[-41.343521,-21.758207],[-41.34327,-21.758648],[-41.343217,-21.760451],[-41.342902,-21.760435]]},"properties":{"nome":"F6","tipo":"distribuicao","bairro":"CENTRO"}},{"type":"Feature","geometry":{"type":"LineString","coordinates":[[-41.344224,-21.755908],[-41.343888,-21.756248],[-41.343823,-21.757788],[-41.343491,-21.758214],[-41.343162,-21.758577],[-41.343128,-21.758917],[-41.34285,-21.758928]]},"properties":{"nome":"F5","tipo":"distribuicao","bairro":"CENTRO"}},{"type":"Feature","geometry":{"type":"LineString","coordinates":[[-41.343479,-21.756626],[-41.343727,-21.756771],[-41.343715,-21.757718],[-41.343497,-21.75822],[-41.343243,-21.758327],[-41.343254,-21.758046]]},"properties":{"nome":"F4","tipo":"distribuicao","bairro":"CENTRO"}},{"type":"Feature","geometry":{"type":"LineString","coordinates":[[-41.343704,-21.761636],[-41.343967,-21.761568],[-41.343995,-21.760047],[-41.344103,-21.759974]]},"properties":{"nome":"F6","tipo":"distribuicao","bairro":"CENTRO"}},{"type":"Feature","geometry":{"type":"LineString","coordinates":[[-41.343557,-21.760795],[-41.343885,-21.760803],[-41.343921,-21.760022],[-41.343999,-21.759951]]},"properties":{"nome":"F5","tipo":"distribuicao","bairro":"CENTRO"}},{"type":"Feature","geometry":{"type":"LineString","coordinates":[[-41.344273,-21.758728],[-41.34402,-21.758723],[-41.344028,-21.758419],[-41.344105,-21.758314]]},"properties":{"nome":"F6","tipo":"distribuicao","bairro":"CENTRO"}},{"type":"Feature","geometry":{"type":"LineString","coordinates":[[-41.344081,-21.760017],[-41.344065,-21.759892],[-41.343874,-21.758613],[-41.343509,-21.758233]]},"properties":{"nome":"F12","tipo":"distribuicao","bairro":"CENTRO"}},{"type":"Feature","geometry":{"type":"LineString","coordinates":[[-41.343987,-21.760004],[-41.343932,-21.759822],[-41.3438,-21.758654],[-41.343493,-21.758222]]},"properties":{"nome":"F11","tipo":"distribuicao","bairro":"CENTRO"}},{"type":"Feature","geometry":{"type":"LineString","coordinates":[[-41.343809,-21.759871],[-41.343725,-21.758666],[-41.343484,-21.758225]]},"properties":{"nome":"F10","tipo":"distribuicao","bairro":"CENTRO"}},{"type":"Feature","geometry":{"type":"LineString","coordinates":[[-41.343521,-21.759155],[-41.343694,-21.75915],[-41.343671,-21.758677],[-41.343485,-21.758239]]},"properties":{"nome":"F9","tipo":"distribuicao","bairro":"CENTRO"}},{"type":"Feature","geometry":{"type":"LineString","coordinates":[[-41.343534,-21.758219],[-41.343996,-21.758249],[-41.344103,-21.758376]]},"properties":{"nome":"F8","tipo":"distribuicao","bairro":"CENTRO"}},{"type":"Feature","geometry":{"type":"LineString","coordinates":[[-41.344376,-21.758014],[-41.344118,-21.758177],[-41.343504,-21.758211]]},"properties":{"nome":"F7","tipo":"distribuicao","bairro":"CENTRO"}},{"type":"Feature","geometry":{"type":"LineString","coordinates":[[-41.344275,-21.760405],[-41.34455,-21.760271],[-41.344944,-21.759668],[-41.345558,-21.759646],[-41.345617,-21.759542]]},"properties":{"nome":"F6","tipo":"distribuicao","bairro":"CENTRO"}},{"type":"Feature","geometry":{"type":"LineString","coordinates":[[-41.346207,-21.761591],[-41.346285,-21.759846],[-41.346397,-21.759774]]},"properties":{"nome":"F6","tipo":"distribuicao","bairro":"CENTRO"}},{"type":"Feature","geometry":{"type":"LineString","coordinates":[[-41.345845,-21.760929],[-41.346156,-21.760921],[-41.346149,-21.759873],[-41.346225,-21.759809]]},"properties":{"nome":"F5","tipo":"distribuicao","bairro":"CENTRO"}},{"type":"Feature","geometry":{"type":"LineString","coordinates":[[-41.345038,-21.760336],[-41.34502,-21.759738],[-41.345654,-21.759695],[-41.345712,-21.759564]]},"properties":{"nome":"F5","tipo":"distribuicao","bairro":"CENTRO"}},{"type":"Feature","geometry":{"type":"LineString","coordinates":[[-41.345856,-21.758758],[-41.3455,-21.758855],[-41.34547,-21.759502],[-41.345619,-21.759582]]},"properties":{"nome":"F9","tipo":"distribuicao","bairro":"CENTRO"}},{"type":"Feature","geometry":{"type":"LineString","coordinates":[[-41.345864,-21.758771],[-41.346305,-21.758898],[-41.346286,-21.759739],[-41.346407,-21.759827]]},"properties":{"nome":"F12","tipo":"distribuicao","bairro":"CENTRO"}},{"type":"Feature","geometry":{"type":"LineString","coordinates":[[-41.34622,-21.759843],[-41.346152,-21.759792],[-41.346207,-21.75895],[-41.345872,-21.758784]]},"properties":{"nome":"F11","tipo":"distribuicao","bairro":"CENTRO"}},{"type":"Feature","geometry":{"type":"LineString","coordinates":[[-41.345898,-21.759905],[-41.346054,-21.75973],[-41.346108,-21.759001],[-41.345842,-21.758758]]},"properties":{"nome":"F10","tipo":"distribuicao","bairro":"CENTRO"}},{"type":"Feature","geometry":{"type":"LineString","coordinates":[[-41.34567,-21.759587],[-41.345806,-21.759681],[-41.345787,-21.759467],[-41.345835,-21.758766]]},"properties":{"nome":"F8","tipo":"distribuicao","bairro":"CENTRO"}},{"type":"Feature","geometry":{"type":"LineString","coordinates":[[-41.34652,-21.75872],[-41.34627,-21.758516],[-41.346181,-21.757828],[-41.346291,-21.757722]]},"properties":{"nome":"F6","tipo":"distribuicao","bairro":"CENTRO"}},{"type":"Feature","geometry":{"type":"LineString","coordinates":[[-41.34495,-21.756489],[-41.345268,-21.756608],[-41.345295,-21.757501],[-41.345427,-21.757528]]},"properties":{"nome":"F6","tipo":"distribuicao","bairro":"CENTRO"}},{"type":"Feature","geometry":{"type":"LineString","coordinates":[[-41.347762,-21.757753],[-41.347549,-21.757952],[-41.346655,-21.757483],[-41.346636,-21.757666],[-41.346763,-21.75774]]},"properties":{"nome":"F6","tipo":"distribuicao","bairro":"CENTRO"}},{"type":"Feature","geometry":{"type":"LineString","coordinates":[[-41.345041,-21.758548],[-41.345255,-21.758477],[-41.345278,-21.757858],[-41.345412,-21.757791]]},"properties":{"nome":"F5","tipo":"distribuicao","bairro":"CENTRO"}},{"type":"Feature","geometry":{"type":"LineString","coordinates":[[-41.346734,-21.757083],[-41.346462,-21.757136],[-41.346464,-21.757432],[-41.346577,-21.757527]]},"properties":{"nome":"F5","tipo":"distribuicao","bairro":"CENTRO"}},{"type":"Feature","geometry":{"type":"LineString","coordinates":[[-41.345815,-21.756824],[-41.345541,-21.756837],[-41.345514,-21.757141],[-41.345643,-21.757242]]},"properties":{"nome":"F4","tipo":"distribuicao","bairro":"CENTRO"}},{"type":"Feature","geometry":{"type":"LineString","coordinates":[[-41.346761,-21.757707],[-41.346663,-21.757779],[-41.346795,-21.75833],[-41.34681,-21.759002],[-41.345855,-21.758738]]},"properties":{"nome":"F12","tipo":"distribuicao","bairro":"CENTRO"}},{"type":"Feature","geometry":{"type":"LineString","coordinates":[[-41.345841,-21.758752],[-41.346739,-21.758884],[-41.346593,-21.757809],[-41.346463,-21.757681],[-41.346464,-21.757566],[-41.346575,-21.75748]]},"properties":{"nome":"F11","tipo":"distribuicao","bairro":"CENTRO"}},{"type":"Feature","geometry":{"type":"LineString","coordinates":[[-41.345856,-21.758758],[-41.345647,-21.758625],[-41.345542,-21.75726],[-41.345633,-21.757202]]},"properties":{"nome":"F10","tipo":"distribuicao","bairro":"CENTRO"}},{"type":"Feature","geometry":{"type":"LineString","coordinates":[[-41.345422,-21.757501],[-41.345292,-21.757565],[-41.345283,-21.75763],[-41.345493,-21.757627],[-41.34553,-21.758658],[-41.345846,-21.758769]]},"properties":{"nome":"F9","tipo":"distribuicao","bairro":"CENTRO"}},{"type":"Feature","geometry":{"type":"LineString","coordinates":[[-41.345379,-21.757766],[-41.345418,-21.758693],[-41.345883,-21.758756]]},"properties":{"nome":"F8","tipo":"distribuicao","bairro":"CENTRO"}},{"type":"Feature","geometry":{"type":"LineString","coordinates":[[-41.346299,-21.757774],[-41.3462,-21.75768],[-41.346088,-21.75769],[-41.346138,-21.758701],[-41.345839,-21.758746]]},"properties":{"nome":"F7","tipo":"distribuicao","bairro":"CENTRO"}},{"type":"Feature","geometry":{"type":"LineString","coordinates":[[-41.345851,-21.75874],[-41.346032,-21.758603],[-41.345997,-21.757624],[-41.345816,-21.757533]]},"properties":{"nome":"F6","tipo":"distribuicao","bairro":"CENTRO"}},{"type":"Feature","geometry":{"type":"LineString","coordinates":[[-41.33901,-21.764906],[-41.338821,-21.76377],[-41.338753,-21.763729]]},"properties":{"nome":"F6","tipo":"distribuicao","bairro":"CENTRO"}},{"type":"Feature","geometry":{"type":"LineString","coordinates":[[-41.339372,-21.764426],[-41.338977,-21.764351],[-41.338878,-21.763773],[-41.338826,-21.763723]]},"properties":{"nome":"F5","tipo":"distribuicao","bairro":"CENTRO"}},{"type":"Feature","geometry":{"type":"LineString","coordinates":[[-41.338145,-21.764215],[-41.338434,-21.764246],[-41.338428,-21.763706],[-41.338359,-21.76365]]},"properties":{"nome":"F4","tipo":"distribuicao","bairro":"CENTRO"}},{"type":"Feature","geometry":{"type":"LineString","coordinates":[[-41.338619,-21.763845],[-41.338605,-21.763663],[-41.33854,-21.763615]]},"properties":{"nome":"F3","tipo":"distribuicao","bairro":"CENTRO"}},{"type":"Feature","geometry":{"type":"LineString","coordinates":[[-41.339531,-21.762985],[-41.338733,-21.763279],[-41.338796,-21.763693],[-41.338762,-21.76376]]},"properties":{"nome":"F12","tipo":"distribuicao","bairro":"CENTRO"}},{"type":"Feature","geometry":{"type":"LineString","coordinates":[[-41.338832,-21.76375],[-41.33887,-21.763703],[-41.338768,-21.763302],[-41.339521,-21.762995]]},"properties":{"nome":"F11","tipo":"distribuicao","bairro":"CENTRO"}},{"type":"Feature","geometry":{"type":"LineString","coordinates":[[-41.338365,-21.763685],[-41.33843,-21.763633],[-41.338413,-21.763326],[-41.339528,-21.762989]]},"properties":{"nome":"F10","tipo":"distribuicao","bairro":"CENTRO"}},{"type":"Feature","geometry":{"type":"LineString","coordinates":[[-41.338536,-21.763643],[-41.338595,-21.763589],[-41.338585,-21.763305],[-41.339523,-21.76298]]},"properties":{"nome":"F9","tipo":"distribuicao","bairro":"CENTRO"}},{"type":"Feature","geometry":{"type":"LineString","coordinates":[[-41.339524,-21.762989],[-41.339138,-21.763382],[-41.33886,-21.763424]]},"properties":{"nome":"F8","tipo":"distribuicao","bairro":"CENTRO"}},{"type":"Feature","geometry":{"type":"LineString","coordinates":[[-41.338602,-21.763168],[-41.338656,-21.763051],[-41.339504,-21.762981]]},"properties":{"nome":"F7","tipo":"distribuicao","bairro":"CENTRO"}},{"type":"Feature","geometry":{"type":"LineString","coordinates":[[-41.341196,-21.764462],[-41.340395,-21.764662],[-41.340265,-21.764008],[-41.340196,-21.763983]]},"properties":{"nome":"F6","tipo":"distribuicao","bairro":"CENTRO"}},{"type":"Feature","geometry":{"type":"LineString","coordinates":[[-41.3406,-21.764343],[-41.340383,-21.764373],[-41.340355,-21.764013],[-41.340284,-21.763976]]},"properties":{"nome":"F5","tipo":"distribuicao","bairro":"CENTRO"}},{"type":"Feature","geometry":{"type":"LineString","coordinates":[[-41.340449,-21.762373],[-41.340209,-21.762424],[-41.340499,-21.763348],[-41.340451,-21.763414]]},"properties":{"nome":"F6","tipo":"distribuicao","bairro":"CENTRO"}},{"type":"Feature","geometry":{"type":"LineString","coordinates":[[-41.340651,-21.763127],[-41.340488,-21.763163],[-41.340562,-21.763321],[-41.340531,-21.763382]]},"properties":{"nome":"F5","tipo":"distribuicao","bairro":"CENTRO"}},{"type":"Feature","geometry":{"type":"LineString","coordinates":[[-41.340006,-21.762869],[-41.340196,-21.762826],[-41.340371,-21.763375],[-41.34032,-21.763432]]},"properties":{"nome":"F4","tipo":"distribuicao","bairro":"CENTRO"}},{"type":"Feature","geometry":{"type":"LineString","coordinates":[[-41.340203,-21.764007],[-41.340255,-21.76395],[-41.339991,-21.763483],[-41.33952,-21.762992]]},"properties":{"nome":"F12","tipo":"distribuicao","bairro":"CENTRO"}},{"type":"Feature","geometry":{"type":"LineString","coordinates":[[-41.339519,-21.762989],[-41.340019,-21.763457],[-41.340333,-21.763946],[-41.340288,-21.764001]]},"properties":{"nome":"F11","tipo":"distribuicao","bairro":"CENTRO"}},{"type":"Feature","geometry":{"type":"LineString","coordinates":[[-41.339532,-21.762983],[-41.340277,-21.763603],[-41.340592,-21.763663]]},"properties":{"nome":"F10","tipo":"distribuicao","bairro":"CENTRO"}},{"type":"Feature","geometry":{"type":"LineString","coordinates":[[-41.339524,-21.762992],[-41.339729,-21.763021],[-41.340306,-21.763512],[-41.340525,-21.763453],[-41.340437,-21.763391]]},"properties":{"nome":"F9","tipo":"distribuicao","bairro":"CENTRO"}},{"type":"Feature","geometry":{"type":"LineString","coordinates":[[-41.340528,-21.763363],[-41.340578,-21.76338],[-41.340611,-21.763496],[-41.340292,-21.763553],[-41.339701,-21.76306],[-41.339533,-21.762988]]},"properties":{"nome":"F8","tipo":"distribuicao","bairro":"CENTRO"}},{"type":"Feature","geometry":{"type":"LineString","coordinates":[[-41.340303,-21.763398],[-41.340389,-21.763437],[-41.3404,-21.763467],[-41.34032,-21.763476],[-41.339741,-21.762992],[-41.339515,-21.762987]]},"properties":{"nome":"F7","tipo":"distribuicao","bairro":"CENTRO"}},{"type":"Feature","geometry":{"type":"LineString","coordinates":[[-41.34438,-21.762906],[-41.342892,-21.763161],[-41.343062,-21.763783],[-41.343182,-21.763835]]},"properties":{"nome":"F6","tipo":"distribuicao","bairro":"CENTRO"}},{"type":"Feature","geometry":{"type":"LineString","coordinates":[[-41.343777,-21.763448],[-41.343311,-21.763539],[-41.343371,-21.763785],[-41.343513,-21.763833]]},"properties":{"nome":"F5","tipo":"distribuicao","bairro":"CENTRO"}},{"type":"Feature","geometry":{"type":"LineString","coordinates":[[-41.343534,-21.764398],[-41.343468,-21.764579],[-41.343182,-21.764671],[-41.343096,-21.764454],[-41.343164,-21.764328]]},"properties":{"nome":"F4","tipo":"distribuicao","bairro":"CENTRO"}},{"type":"Feature","geometry":{"type":"LineString","coordinates":[[-41.34219,-21.764678],[-41.341951,-21.764728],[-41.341776,-21.763991],[-41.34198,-21.763859]]},"properties":{"nome":"F6","tipo":"distribuicao","bairro":"CENTRO"}},{"type":"Feature","geometry":{"type":"LineString","coordinates":[[-41.341539,-21.764728],[-41.341771,-21.764679],[-41.341625,-21.764015],[-41.34198,-21.763858]]},"properties":{"nome":"F6","tipo":"distribuicao","bairro":"CENTRO"}},{"type":"Feature","geometry":{"type":"LineString","coordinates":[[-41.341424,-21.763979],[-41.341389,-21.763805],[-41.34172,-21.76375],[-41.341969,-21.763855]]},"properties":{"nome":"F5","tipo":"distribuicao","bairro":"CENTRO"}},{"type":"Feature","geometry":{"type":"LineString","coordinates":[[-41.340903,-21.762004],[-41.34112,-21.761966],[-41.341513,-21.763301],[-41.341992,-21.763857]]},"properties":{"nome":"F6","tipo":"distribuicao","bairro":"CENTRO"}},{"type":"Feature","geometry":{"type":"LineString","coordinates":[[-41.341153,-21.762939],[-41.341321,-21.762916],[-41.341446,-21.763347],[-41.341981,-21.763872]]},"properties":{"nome":"F5","tipo":"distribuicao","bairro":"CENTRO"}},{"type":"Feature","geometry":{"type":"LineString","coordinates":[[-41.341498,-21.761641],[-41.341724,-21.761844],[-41.341951,-21.762704],[-41.342045,-21.76277]]},"properties":{"nome":"F6","tipo":"distribuicao","bairro":"CENTRO"}},{"type":"Feature","geometry":{"type":"LineString","coordinates":[[-41.341492,-21.762112],[-41.341714,-21.762092],[-41.341877,-21.762749],[-41.341955,-21.762801]]},"properties":{"nome":"F5","tipo":"distribuicao","bairro":"CENTRO"}},{"type":"Feature","geometry":{"type":"LineString","coordinates":[[-41.343163,-21.763807],[-41.343081,-21.763896],[-41.342943,-21.763925],[-41.342885,-21.763678],[-41.341963,-21.763859]]},"properties":{"nome":"F12","tipo":"distribuicao","bairro":"CENTRO"}},{"type":"Feature","geometry":{"type":"LineString","coordinates":[[-41.343484,-21.763797],[-41.343407,-21.763902],[-41.342898,-21.763993],[-41.342849,-21.763743],[-41.341979,-21.76386]]},"properties":{"nome":"F11","tipo":"distribuicao","bairro":"CENTRO"}},{"type":"Feature","geometry":{"type":"LineString","coordinates":[[-41.341953,-21.763861],[-41.342787,-21.763796],[-41.342846,-21.764072],[-41.343024,-21.764042],[-41.343078,-21.764321],[-41.343178,-21.764366]]},"properties":{"nome":"F10","tipo":"distribuicao","bairro":"CENTRO"}},{"type":"Feature","geometry":{"type":"LineString","coordinates":[[-41.342894,-21.764706],[-41.342533,-21.764784],[-41.342284,-21.763958],[-41.341959,-21.763863]]},"properties":{"nome":"F9","tipo":"distribuicao","bairro":"CENTRO"}},{"type":"Feature","geometry":{"type":"LineString","coordinates":[[-41.342636,-21.764154],[-41.342441,-21.764186],[-41.342348,-21.763892],[-41.341966,-21.763871]]},"properties":{"nome":"F8","tipo":"distribuicao","bairro":"CENTRO"}},{"type":"Feature","geometry":{"type":"LineString","coordinates":[[-41.342262,-21.763201],[-41.342606,-21.763275],[-41.342685,-21.763632],[-41.341959,-21.763848]]},"properties":{"nome":"F7","tipo":"distribuicao","bairro":"CENTRO"}},{"type":"Feature","geometry":{"type":"LineString","coordinates":[[-41.342032,-21.762724],[-41.341993,-21.762807],[-41.342225,-21.763733],[-41.341974,-21.763856]]},"properties":{"nome":"F6","tipo":"distribuicao","bairro":"CENTRO"}},{"type":"Feature","geometry":{"type":"LineString","coordinates":[[-41.341945,-21.762768],[-41.341897,-21.762838],[-41.342117,-21.763697],[-41.341962,-21.763877]]},"properties":{"nome":"F5","tipo":"distribuicao","bairro":"CENTRO"}},{"type":"Feature","geometry":{"type":"LineString","coordinates":[[-41.341688,-21.762845],[-41.341499,-21.762872],[-41.341598,-21.763296],[-41.341969,-21.763857]]},"properties":{"nome":"F4","tipo":"distribuicao","bairro":"CENTRO"}},{"type":"Feature","geometry":{"type":"LineString","coordinates":[[-41.333917,-21.765245],[-41.33393,-21.76501],[-41.334053,-21.764997],[-41.334094,-21.765064]]},"properties":{"nome":"F6","tipo":"distribuicao","bairro":"CENTRO"}},{"type":"Feature","geometry":{"type":"LineString","coordinates":[[-41.337062,-21.765448],[-41.336872,-21.765445],[-41.336885,-21.765209],[-41.336792,-21.765208],[-41.336755,-21.765308]]},"properties":{"nome":"F6","tipo":"distribuicao","bairro":"CENTRO"}},{"type":"Feature","geometry":{"type":"LineString","coordinates":[[-41.337558,-21.764041],[-41.337574,-21.764279],[-41.337361,-21.764258],[-41.33732,-21.764331]]},"properties":{"nome":"F6","tipo":"distribuicao","bairro":"CENTRO"}},{"type":"Feature","geometry":{"type":"LineString","coordinates":[[-41.335908,-21.764109],[-41.336092,-21.764122],[-41.336132,-21.7642]]},"properties":{"nome":"F6","tipo":"distribuicao","bairro":"CENTRO"}},{"type":"Feature","geometry":{"type":"LineString","coordinates":[[-41.337323,-21.763433],[-41.3373,-21.763222],[-41.336946,-21.763224],[-41.336904,-21.763318]]},"properties":{"nome":"F5","tipo":"distribuicao","bairro":"CENTRO"}},{"type":"Feature","geometry":{"type":"LineString","coordinates":[[-41.334506,-21.7652],[-41.334473,-21.765461],[-41.334675,-21.765475],[-41.334714,-21.765564]]},"properties":{"nome":"F5","tipo":"distribuicao","bairro":"CENTRO"}},{"type":"Feature","geometry":{"type":"LineString","coordinates":[[-41.336243,-21.763616],[-41.336248,-21.763848],[-41.336183,-21.763789]]},"properties":{"nome":"F5","tipo":"distribuicao","bairro":"CENTRO"}},{"type":"Feature","geometry":{"type":"LineString","coordinates":[[-41.336448,-21.763942],[-41.336498,-21.764175],[-41.336587,-21.764196]]},"properties":{"nome":"F4","tipo":"distribuicao","bairro":"CENTRO"}},{"type":"Feature","geometry":{"type":"LineString","coordinates":[[-41.33509,-21.765203],[-41.3351,-21.764935],[-41.335273,-21.764947],[-41.3353,-21.765046]]},"properties":{"nome":"F4","tipo":"distribuicao","bairro":"CENTRO"}},{"type":"Feature","geometry":{"type":"LineString","coordinates":[[-41.334044,-21.765072],[-41.334121,-21.764987],[-41.334349,-21.764974],[-41.334897,-21.764572],[-41.336266,-21.764619],[-41.336163,-21.764116],[-41.336081,-21.764195]]},"properties":{"nome":"F12","tipo":"distribuicao","bairro":"CENTRO"}},{"type":"Feature","geometry":{"type":"LineString","coordinates":[[-41.334676,-21.76556],[-41.334735,-21.765484],[-41.334789,-21.764794],[-41.334925,-21.764644],[-41.336258,-21.76464],[-41.336273,-21.764065],[-41.336158,-21.763862],[-41.336225,-21.763776]]},"properties":{"nome":"F11","tipo":"distribuicao","bairro":"CENTRO"}},{"type":"Feature","geometry":{"type":"LineString","coordinates":[[-41.335262,-21.765037],[-41.335348,-21.764931],[-41.335858,-21.76495],[-41.336258,-21.764643],[-41.336499,-21.764474],[-41.336507,-21.764237],[-41.336587,-21.764153]]},"properties":{"nome":"F10","tipo":"distribuicao","bairro":"CENTRO"}},{"type":"Feature","geometry":{"type":"LineString","coordinates":[[-41.335726,-21.765543],[-41.335761,-21.765223],[-41.336263,-21.764643],[-41.336779,-21.764568],[-41.336853,-21.763894],[-41.337005,-21.763902]]},"properties":{"nome":"F9","tipo":"distribuicao","bairro":"CENTRO"}},{"type":"Feature","geometry":{"type":"LineString","coordinates":[[-41.336208,-21.765367],[-41.336365,-21.764949],[-41.336251,-21.764661],[-41.336837,-21.764605],[-41.336891,-21.764273],[-41.337286,-21.764249],[-41.337374,-21.764332]]},"properties":{"nome":"F8","tipo":"distribuicao","bairro":"CENTRO"}},{"type":"Feature","geometry":{"type":"LineString","coordinates":[[-41.336258,-21.764648],[-41.336653,-21.764505],[-41.336767,-21.763224],[-41.336865,-21.763223],[-41.336962,-21.763326]]},"properties":{"nome":"F7","tipo":"distribuicao","bairro":"CENTRO"}},{"type":"Feature","geometry":{"type":"LineString","coordinates":[[-41.336802,-21.765295],[-41.336704,-21.765203],[-41.336674,-21.765003],[-41.336262,-21.764649]]},"properties":{"nome":"F6","tipo":"distribuicao","bairro":"CENTRO"}},{"type":"Feature","geometry":{"type":"LineString","coordinates":[[-41.337253,-21.764701],[-41.336884,-21.764879],[-41.336242,-21.764638]]},"properties":{"nome":"F5","tipo":"distribuicao","bairro":"CENTRO"}},{"type":"Feature","geometry":{"type":"LineString","coordinates":[[-41.331676,-21.765205],[-41.332439,-21.7655],[-41.331762,-21.766805],[-41.331054,-21.766232],[-41.331087,-21.765768],[-41.331439,-21.765835]]},"properties":{"nome":"F6","tipo":"distribuicao","bairro":"CENTRO"}},{"type":"Feature","geometry":{"type":"LineString","coordinates":[[-41.330795,-21.765521],[-41.330759,-21.766316],[-41.331754,-21.766824],[-41.331868,-21.766288],[-41.331561,-21.766251]]},"properties":{"nome":"F5","tipo":"distribuicao","bairro":"CENTRO"}},{"type":"Feature","geometry":{"type":"LineString","coordinates":[[-41.332872,-21.766854],[-41.332899,-21.766575],[-41.33203,-21.766515],[-41.331748,-21.766817]]},"properties":{"nome":"F6","tipo":"distribuicao","bairro":"CENTRO"}},{"type":"Feature","geometry":{"type":"LineString","coordinates":[[-41.332694,-21.768129],[-41.332712,-21.767843],[-41.33233,-21.76781],[-41.33225,-21.767915]]},"properties":{"nome":"F6","tipo":"distribuicao","bairro":"CENTRO"}},{"type":"Feature","geometry":{"type":"LineString","coordinates":[[-41.332788,-21.76752],[-41.332798,-21.767266],[-41.332518,-21.767243],[-41.332452,-21.767349]]},"properties":{"nome":"F6","tipo":"distribuicao","bairro":"CENTRO"}},{"type":"Feature","geometry":{"type":"LineString","coordinates":[[-41.331556,-21.768094],[-41.331566,-21.767846],[-41.331293,-21.767829],[-41.331213,-21.767922]]},"properties":{"nome":"F5","tipo":"distribuicao","bairro":"CENTRO"}},{"type":"Feature","geometry":{"type":"LineString","coordinates":[[-41.332318,-21.767911],[-41.332186,-21.767804],[-41.331884,-21.767787],[-41.331762,-21.766795]]},"properties":{"nome":"F12","tipo":"distribuicao","bairro":"CENTRO"}},{"type":"Feature","geometry":{"type":"LineString","coordinates":[[-41.331275,-21.767924],[-41.331163,-21.767818],[-41.331026,-21.767813],[-41.331147,-21.767053],[-41.331755,-21.766795]]},"properties":{"nome":"F11","tipo":"distribuicao","bairro":"CENTRO"}},{"type":"Feature","geometry":{"type":"LineString","coordinates":[[-41.332528,-21.767339],[-41.332422,-21.767246],[-41.332004,-21.767231],[-41.331782,-21.766808]]},"properties":{"nome":"F10","tipo":"distribuicao","bairro":"CENTRO"}},{"type":"Feature","geometry":{"type":"LineString","coordinates":[[-41.331584,-21.767426],[-41.331513,-21.767162],[-41.331761,-21.766801]]},"properties":{"nome":"F9","tipo":"distribuicao","bairro":"CENTRO"}}]}