{"type":"FeatureCollection","features":[{"type":"Feature","geometry":{"type":"Polygon","coordinates":[[[-41.335132,-21.722118],[-41.337827,-21.724003],[-41.337518,-21.724506],[-41.337027,-21.725174],[-41.33681,-21.725401],[-41.336637,-21.725192],[-41.335761,-21.723414],[-41.334897,-21.722416],[-41.335132,-21.722118],[-41.335132,-21.722118]]]},"properties":{"nome":"\u00c1REA 1089","tipo":"area","bairro":"S\u00c3O JOS\u00c9"}},{"type":"Feature","geometry":{"type":"Polygon","coordinates":[[[-41.335761,-21.723416],[-41.336636,-21.725196],[-41.336824,-21.725414],[-41.336199,-21.725903],[-41.335372,-21.726352],[-41.334044,-21.723924],[-41.334858,-21.723499],[-41.334477,-21.722655],[-41.334896,-21.722419],[-41.335761,-21.723416],[-41.335761,-21.723416]]]},"properties":{"nome":"\u00c1REA 1090","tipo":"area","bairro":"S\u00c3O JOS\u00c9"}},{"type":"Feature","geometry":{"type":"Polygon","coordinates":[[[-41.33762,-21.726982],[-41.336976,-21.727436],[-41.336639,-21.727081],[-41.336477,-21.727162],[-41.336318,-21.726966],[-41.336069,-21.727115],[-41.335377,-21.726355],[-41.336589,-21.725639],[-41.337028,-21.725175],[-41.337513,-21.724517],[-41.337879,-21.723918],[-41.339006,-21.725469],[-41.33762,-21.726982],[-41.33762,-21.726982]]]},"properties":{"nome":"\u00c1REA 1091","tipo":"area","bairro":"S\u00c3O JOS\u00c9"}},{"type":"Feature","geometry":{"type":"Polygon","coordinates":[[[-41.338508,-21.724786],[-41.337635,-21.723592],[-41.337743,-21.723501],[-41.336118,-21.722321],[-41.336743,-21.721432],[-41.336909,-21.721618],[-41.337215,-21.721474],[-41.335642,-21.718926],[-41.335816,-21.718268],[-41.337548,-21.721073],[-41.338659,-21.722912],[-41.340067,-21.72197],[-41.340575,-21.722688],[-41.339447,-21.723486],[-41.339618,-21.723674],[-41.338508,-21.724786],[-41.338508,-21.724786]]]},"properties":{"nome":"\u00c1REA 1092","tipo":"area","bairro":"S\u00c3O JOS\u00c9"}},{"type":"Feature","geometry":{"type":"Polygon","coordinates":[[[-41.335372,-21.726354],[-41.33607,-21.727119],[-41.334976,-21.727521],[-41.335077,-21.727718],[-41.334664,-21.727901],[-41.334796,-21.728139],[-41.334374,-21.728487],[-41.333572,-21.726092],[-41.334193,-21.725819],[-41.333879,-21.725177],[-41.334536,-21.724833],[-41.335372,-21.726354],[-41.335372,-21.726354]]]},"properties":{"nome":"\u00c1REA 1093","tipo":"area","bairro":"S\u00c3O JOS\u00c9"}},{"type":"Feature","geometry":{"type":"Polygon","coordinates":[[[-41.334044,-21.723931],[-41.334532,-21.724829],[-41.33388,-21.725179],[-41.333422,-21.724441],[-41.332812,-21.724749],[-41.331788,-21.723062],[-41.333229,-21.722383],[-41.334044,-21.723931],[-41.334044,-21.723931]]]},"properties":{"nome":"\u00c1REA 1094","tipo":"area","bairro":"S\u00c3O JOS\u00c9"}},{"type":"Feature","geometry":{"type":"Polygon","coordinates":[[[-41.334188,-21.725814],[-41.333573,-21.726088],[-41.334635,-21.729279],[-41.333979,-21.729496],[-41.333458,-21.728114],[-41.33325,-21.727486],[-41.333122,-21.726979],[-41.332891,-21.726298],[-41.332153,-21.725079],[-41.333419,-21.724446],[-41.333868,-21.725157],[-41.334188,-21.725814],[-41.334188,-21.725814]]]},"properties":{"nome":"\u00c1REA 1095","tipo":"area","bairro":"S\u00c3O JOS\u00c9"}},{"type":"Feature","geometry":{"type":"Polygon","coordinates":[[[-41.330821,-21.720833],[-41.331739,-21.720831],[-41.332311,-21.721781],[-41.332807,-21.721506],[-41.333234,-21.722381],[-41.331065,-21.7234],[-41.330088,-21.721597],[-41.330821,-21.720833],[-41.330821,-21.720833]]]},"properties":{"nome":"\u00c1REA 1096","tipo":"area","bairro":"S\u00c3O JOS\u00c9"}},{"type":"Feature","geometry":{"type":"Polygon","coordinates":[[[-41.331066,-21.723406],[-41.331785,-21.723057],[-41.33214,-21.723633],[-41.33016,-21.724646],[-41.329866,-21.724177],[-41.329218,-21.72453],[-41.328927,-21.724066],[-41.329418,-21.723544],[-41.3298,-21.721944],[-41.330083,-21.721596],[-41.331066,-21.723406],[-41.331066,-21.723406]]]},"properties":{"nome":"\u00c1REA 1097","tipo":"area","bairro":"S\u00c3O JOS\u00c9"}},{"type":"Feature","geometry":{"type":"Polygon","coordinates":[[[-41.332808,-21.724753],[-41.332166,-21.725092],[-41.332229,-21.725199],[-41.332606,-21.725816],[-41.332883,-21.726275],[-41.333116,-21.726973],[-41.332505,-21.727148],[-41.332076,-21.726507],[-41.33152,-21.726788],[-41.331139,-21.726179],[-41.331802,-21.725826],[-41.331204,-21.724865],[-41.330532,-21.725215],[-41.330163,-21.724646],[-41.332139,-21.723627],[-41.332808,-21.724753],[-41.332808,-21.724753]]]},"properties":{"nome":"\u00c1REA 1098","tipo":"area","bairro":"S\u00c3O JOS\u00c9"}},{"type":"Feature","geometry":{"type":"Polygon","coordinates":[[[-41.330526,-21.725217],[-41.331201,-21.724867],[-41.331801,-21.725829],[-41.331137,-21.726178],[-41.331519,-21.726786],[-41.331012,-21.727343],[-41.329916,-21.725702],[-41.327984,-21.724873],[-41.329066,-21.724295],[-41.329216,-21.724532],[-41.329864,-21.724184],[-41.330526,-21.725217],[-41.330526,-21.725217]]]},"properties":{"nome":"\u00c1REA 1099","tipo":"area","bairro":"S\u00c3O JOS\u00c9"}},{"type":"Feature","geometry":{"type":"Polygon","coordinates":[[[-41.331011,-21.727349],[-41.330458,-21.727652],[-41.329706,-21.726505],[-41.328909,-21.72691],[-41.327298,-21.726253],[-41.327985,-21.724878],[-41.329916,-21.725702],[-41.331011,-21.727349],[-41.331011,-21.727349]]]},"properties":{"nome":"\u00c1REA 1100","tipo":"area","bairro":"S\u00c3O JOS\u00c9"}},{"type":"Feature","geometry":{"type":"Polygon","coordinates":[[[-41.333495,-21.734016],[-41.331449,-21.73468],[-41.330996,-21.73494],[-41.330522,-21.734353],[-41.330289,-21.734005],[-41.330574,-21.733703],[-41.332878,-21.733004],[-41.333495,-21.734016],[-41.333495,-21.734016]]]},"properties":{"nome":"\u00c1REA 1101","tipo":"area","bairro":"S\u00c3O JOS\u00c9"}},{"type":"Feature","geometry":{"type":"Polygon","coordinates":[[[-41.333849,-21.734572],[-41.332151,-21.735057],[-41.332312,-21.735346],[-41.332569,-21.735998],[-41.332959,-21.735882],[-41.333259,-21.737223],[-41.333319,-21.737766],[-41.332344,-21.737741],[-41.332485,-21.737326],[-41.332379,-21.736532],[-41.331964,-21.735487],[-41.331721,-21.735287],[-41.331142,-21.7356],[-41.330797,-21.735056],[-41.33147,-21.734674],[-41.333495,-21.734018],[-41.333849,-21.734572],[-41.333849,-21.734572]]]},"properties":{"nome":"\u00c1REA 1102","tipo":"area","bairro":"S\u00c3O JOS\u00c9"}},{"type":"Feature","geometry":{"type":"Polygon","coordinates":[[[-41.332482,-21.737351],[-41.332272,-21.737926],[-41.329752,-21.735812],[-41.330753,-21.734969],[-41.331143,-21.735598],[-41.331729,-21.735297],[-41.331968,-21.735496],[-41.332389,-21.736539],[-41.332482,-21.737351],[-41.332482,-21.737351]]]},"properties":{"nome":"\u00c1REA 1103","tipo":"area","bairro":"S\u00c3O JOS\u00c9"}},{"type":"Feature","geometry":{"type":"Polygon","coordinates":[[[-41.334971,-21.738118],[-41.33422,-21.738504],[-41.333964,-21.73857],[-41.333166,-21.73843],[-41.332658,-21.738507],[-41.332416,-21.738758],[-41.327053,-21.734343],[-41.327967,-21.734178],[-41.32801,-21.734341],[-41.328186,-21.734308],[-41.32829,-21.734909],[-41.329709,-21.734589],[-41.330372,-21.735284],[-41.329749,-21.735816],[-41.332281,-21.737926],[-41.332361,-21.737738],[-41.33332,-21.737774],[-41.333254,-21.737177],[-41.33451,-21.736982],[-41.334971,-21.738118],[-41.334971,-21.738118]]]},"properties":{"nome":"\u00c1REA 1104","tipo":"area","bairro":"S\u00c3O JOS\u00c9"}},{"type":"Feature","geometry":{"type":"Polygon","coordinates":[[[-41.332418,-21.738762],[-41.332158,-21.739114],[-41.326431,-21.73442],[-41.325886,-21.734948],[-41.325111,-21.733895],[-41.325859,-21.733366],[-41.332418,-21.738762],[-41.332418,-21.738762]]]},"properties":{"nome":"\u00c1REA 1105","tipo":"area","bairro":"S\u00c3O JOS\u00c9"}},{"type":"Feature","geometry":{"type":"Polygon","coordinates":[[[-41.325862,-21.733206],[-41.325851,-21.733363],[-41.325108,-21.733887],[-41.325897,-21.734953],[-41.326259,-21.735362],[-41.328987,-21.737777],[-41.329899,-21.738571],[-41.329528,-21.738951],[-41.325528,-21.73556],[-41.324878,-21.734629],[-41.324308,-21.732938],[-41.325659,-21.732697],[-41.325862,-21.733206],[-41.325862,-21.733206]]]},"properties":{"nome":"\u00c1REA 1106","tipo":"area","bairro":"S\u00c3O JOS\u00c9"}},{"type":"Feature","geometry":{"type":"Polygon","coordinates":[[[-41.326425,-21.73442],[-41.330608,-21.737843],[-41.329906,-21.738578],[-41.328321,-21.737191],[-41.327121,-21.73618],[-41.326283,-21.735388],[-41.325899,-21.734942],[-41.326425,-21.73442],[-41.326425,-21.73442]]]},"properties":{"nome":"\u00c1REA 1107","tipo":"area","bairro":"S\u00c3O JOS\u00c9"}},{"type":"Feature","geometry":{"type":"Polygon","coordinates":[[[-41.330597,-21.737843],[-41.332159,-21.739124],[-41.331103,-21.741165],[-41.32968,-21.740195],[-41.330273,-21.739561],[-41.329531,-21.73895],[-41.330597,-21.737843],[-41.330597,-21.737843]]]},"properties":{"nome":"\u00c1REA 1108","tipo":"area","bairro":"S\u00c3O JOS\u00c9"}},{"type":"Feature","geometry":{"type":"Polygon","coordinates":[[[-41.333847,-21.734573],[-41.334296,-21.735378],[-41.333792,-21.735549],[-41.333812,-21.735639],[-41.332572,-21.735997],[-41.332309,-21.735333],[-41.332155,-21.735056],[-41.333847,-21.734573],[-41.333847,-21.734573]]]},"properties":{"nome":"\u00c1REA 1109","tipo":"area","bairro":"S\u00c3O JOS\u00c9"}},{"type":"Feature","geometry":{"type":"Polygon","coordinates":[[[-41.330584,-21.733691],[-41.329719,-21.734588],[-41.328288,-21.73491],[-41.328188,-21.734302],[-41.329114,-21.734148],[-41.330025,-21.733245],[-41.330362,-21.733598],[-41.330544,-21.733508],[-41.330448,-21.733095],[-41.332875,-21.732331],[-41.333182,-21.732909],[-41.330584,-21.733691],[-41.330584,-21.733691]]]},"properties":{"nome":"\u00c1REA 1111","tipo":"area","bairro":"S\u00c3O JOS\u00c9"}},{"type":"Feature","geometry":{"type":"Polygon","coordinates":[[[-41.330362,-21.733117],[-41.330255,-21.732236],[-41.329973,-21.732298],[-41.329892,-21.731834],[-41.33169,-21.731377],[-41.331746,-21.731509],[-41.332445,-21.731286],[-41.332871,-21.732329],[-41.330362,-21.733117],[-41.330362,-21.733117]]]},"properties":{"nome":"\u00c1REA 1112","tipo":"area","bairro":"S\u00c3O JOS\u00c9"}},{"type":"Feature","geometry":{"type":"Polygon","coordinates":[[[-41.330276,-21.732435],[-41.329931,-21.732444],[-41.329297,-21.733019],[-41.329773,-21.733483],[-41.329111,-21.734148],[-41.32801,-21.734332],[-41.327773,-21.733162],[-41.327968,-21.733129],[-41.327881,-21.732759],[-41.330254,-21.732235],[-41.330276,-21.732435],[-41.330276,-21.732435]]]},"properties":{"nome":"\u00c1REA 1113","tipo":"area","bairro":"S\u00c3O JOS\u00c9"}},{"type":"Feature","geometry":{"type":"Polygon","coordinates":[[[-41.327881,-21.732761],[-41.327974,-21.73313],[-41.327769,-21.73316],[-41.32785,-21.733583],[-41.327967,-21.734176],[-41.327051,-21.734343],[-41.325856,-21.733361],[-41.325862,-21.733206],[-41.327881,-21.732761],[-41.327881,-21.732761]]]},"properties":{"nome":"\u00c1REA 1114","tipo":"area","bairro":"S\u00c3O JOS\u00c9"}},{"type":"Feature","geometry":{"type":"Polygon","coordinates":[[[-41.32997,-21.732294],[-41.330256,-21.732234],[-41.33036,-21.733118],[-41.330446,-21.733094],[-41.330541,-21.733506],[-41.330362,-21.733593],[-41.330029,-21.733245],[-41.329777,-21.733488],[-41.329294,-21.733021],[-41.329935,-21.732446],[-41.330281,-21.732437],[-41.330254,-21.732235],[-41.325865,-21.733204],[-41.325664,-21.732692],[-41.324637,-21.732875],[-41.324523,-21.732241],[-41.325166,-21.732037],[-41.326038,-21.731293],[-41.326214,-21.731708],[-41.326498,-21.731824],[-41.326716,-21.732646],[-41.329898,-21.731832],[-41.32997,-21.732294],[-41.32997,-21.732294]]]},"properties":{"nome":"\u00c1REA 1115","tipo":"area","bairro":"S\u00c3O JOS\u00c9"}},{"type":"Feature","geometry":{"type":"Polygon","coordinates":[[[-41.331177,-21.728733],[-41.330031,-21.729506],[-41.329723,-21.729171],[-41.329144,-21.72964],[-41.328192,-21.728721],[-41.329388,-21.727583],[-41.328913,-21.72691],[-41.329707,-21.726507],[-41.331177,-21.728733],[-41.331177,-21.728733]]]},"properties":{"nome":"\u00c1REA 1116","tipo":"area","bairro":"S\u00c3O JOS\u00c9"}},{"type":"Feature","geometry":{"type":"Polygon","coordinates":[[[-41.328603,-21.730168],[-41.3282,-21.729859],[-41.326215,-21.731706],[-41.32604,-21.731289],[-41.327919,-21.729599],[-41.327809,-21.729507],[-41.328,-21.729291],[-41.327757,-21.729127],[-41.328191,-21.728724],[-41.329136,-21.729633],[-41.328603,-21.730168],[-41.328603,-21.730168]]]},"properties":{"nome":"\u00c1REA 1117","tipo":"area","bairro":"S\u00c3O JOS\u00c9"}},{"type":"Feature","geometry":{"type":"Polygon","coordinates":[[[-41.330009,-21.729822],[-41.330334,-21.730056],[-41.331433,-21.731437],[-41.327689,-21.732394],[-41.327677,-21.732056],[-41.329172,-21.730699],[-41.329085,-21.730604],[-41.330009,-21.729822],[-41.330009,-21.729822]]]},"properties":{"nome":"\u00c1REA 1118","tipo":"area","bairro":"S\u00c3O JOS\u00c9"}},{"type":"Feature","geometry":{"type":"Polygon","coordinates":[[[-41.330011,-21.729816],[-41.329085,-21.730606],[-41.32917,-21.730702],[-41.327677,-21.73205],[-41.327682,-21.732403],[-41.326718,-21.732648],[-41.326652,-21.732394],[-41.328559,-21.730777],[-41.328277,-21.730494],[-41.329138,-21.729639],[-41.329727,-21.729179],[-41.330032,-21.729505],[-41.330486,-21.729197],[-41.330841,-21.729647],[-41.330332,-21.730052],[-41.330011,-21.729816],[-41.330011,-21.729816]]]},"properties":{"nome":"AREA 1119","tipo":"area","bairro":"S\u00c3O JOS\u00c9"}},{"type":"Feature","geometry":{"type":"Polygon","coordinates":[[[-41.328604,-21.730169],[-41.328275,-21.730494],[-41.328557,-21.730775],[-41.326654,-21.732389],[-41.326496,-21.731824],[-41.326217,-21.731705],[-41.327334,-21.730613],[-41.3282,-21.729861],[-41.328604,-21.730169],[-41.328604,-21.730169]]]},"properties":{"nome":"AREA 1120","tipo":"area","bairro":"S\u00c3O JOS\u00c9"}},{"type":"Feature","geometry":{"type":"Polygon","coordinates":[[[-41.333064,-21.730898],[-41.333514,-21.731905],[-41.33276,-21.732056],[-41.332445,-21.731288],[-41.331742,-21.731503],[-41.331697,-21.731379],[-41.331433,-21.731433],[-41.330498,-21.730277],[-41.330325,-21.730041],[-41.330842,-21.729662],[-41.33049,-21.729201],[-41.331089,-21.728784],[-41.333064,-21.730898],[-41.333064,-21.730898]]]},"properties":{"nome":"\u00c1REA 1121","tipo":"area","bairro":"S\u00c3O JOS\u00c9"}},{"type":"Feature","geometry":{"type":"Polygon","coordinates":[[[-41.327753,-21.729129],[-41.327998,-21.729291],[-41.327808,-21.729507],[-41.326958,-21.729016],[-41.328996,-21.72704],[-41.329384,-21.727582],[-41.327753,-21.729129],[-41.327753,-21.729129]]]},"properties":{"nome":"\u00c1REA 1122","tipo":"area","bairro":"S\u00c3O JOS\u00c9"}},{"type":"Feature","geometry":{"type":"Polygon","coordinates":[[[-41.32723,-21.724599],[-41.324828,-21.724024],[-41.324981,-21.723387],[-41.325469,-21.723485],[-41.325651,-21.722842],[-41.326081,-21.72295],[-41.325983,-21.723235],[-41.326365,-21.723331],[-41.32645,-21.723037],[-41.327635,-21.723372],[-41.32723,-21.724599],[-41.32723,-21.724599]]]},"properties":{"nome":"\u00c1REA 1123","tipo":"area","bairro":"S\u00c3O JOS\u00c9"}},{"type":"Feature","geometry":{"type":"Polygon","coordinates":[[[-41.326809,-21.725939],[-41.324599,-21.725326],[-41.324825,-21.724022],[-41.327236,-21.724601],[-41.326809,-21.725939],[-41.326809,-21.725939]]]},"properties":{"nome":"\u00c1REA 1124","tipo":"area","bairro":"S\u00c3O JOS\u00c9"}},{"type":"Feature","geometry":{"type":"Polygon","coordinates":[[[-41.327376,-21.726096],[-41.327296,-21.726255],[-41.326943,-21.726444],[-41.325622,-21.726329],[-41.325661,-21.726626],[-41.324449,-21.726717],[-41.323843,-21.726606],[-41.324146,-21.725612],[-41.324122,-21.725194],[-41.327376,-21.726096],[-41.327376,-21.726096]]]},"properties":{"nome":"\u00c1REA 1125","tipo":"area","bairro":"S\u00c3O JOS\u00c9"}},{"type":"Feature","geometry":{"type":"Polygon","coordinates":[[[-41.325663,-21.726628],[-41.32573,-21.727137],[-41.324909,-21.727247],[-41.3245,-21.727688],[-41.32315,-21.72716],[-41.322011,-21.727147],[-41.321701,-21.726661],[-41.322524,-21.726532],[-41.322778,-21.726661],[-41.323721,-21.727015],[-41.323843,-21.726607],[-41.324456,-21.726718],[-41.325663,-21.726628],[-41.325663,-21.726628]]]},"properties":{"nome":"\u00c1REA 1126","tipo":"area","bairro":"S\u00c3O JOS\u00c9"}},{"type":"Feature","geometry":{"type":"Polygon","coordinates":[[[-41.328409,-21.727611],[-41.3262,-21.729748],[-41.324515,-21.72824],[-41.32461,-21.728157],[-41.324287,-21.727867],[-41.324492,-21.727688],[-41.326232,-21.728911],[-41.326423,-21.728751],[-41.3266,-21.728847],[-41.326883,-21.728576],[-41.326746,-21.728426],[-41.327267,-21.72794],[-41.328136,-21.727326],[-41.328409,-21.727611],[-41.328409,-21.727611]]]},"properties":{"nome":"\u00c1REA 1127","tipo":"area","bairro":"S\u00c3O JOS\u00c9"}},{"type":"Feature","geometry":{"type":"Polygon","coordinates":[[[-41.327306,-21.727907],[-41.326745,-21.728428],[-41.326882,-21.728571],[-41.3266,-21.72885],[-41.32642,-21.728749],[-41.326231,-21.728908],[-41.324929,-21.727992],[-41.324486,-21.72769],[-41.324915,-21.727246],[-41.327171,-21.726954],[-41.327306,-21.727907],[-41.327306,-21.727907]]]},"properties":{"nome":"\u00c1REA 1128","tipo":"area","bairro":"S\u00c3O JOS\u00c9"}},{"type":"Feature","geometry":{"type":"Polygon","coordinates":[[[-41.326943,-21.726444],[-41.327297,-21.726259],[-41.328913,-21.726911],[-41.329,-21.727034],[-41.328411,-21.727611],[-41.328139,-21.727324],[-41.327307,-21.727913],[-41.327171,-21.726952],[-41.325731,-21.727135],[-41.325623,-21.726329],[-41.326943,-21.726444],[-41.326943,-21.726444]]]},"properties":{"nome":"\u00c1REA 1129","tipo":"area","bairro":"S\u00c3O JOS\u00c9"}},{"type":"Feature","geometry":{"type":"Polygon","coordinates":[[[-41.32478,-21.724246],[-41.324595,-21.725327],[-41.324121,-21.725194],[-41.324146,-21.72561],[-41.323721,-21.727014],[-41.323199,-21.726822],[-41.323072,-21.724801],[-41.323003,-21.724299],[-41.323691,-21.724209],[-41.323523,-21.722338],[-41.324205,-21.722385],[-41.324209,-21.724238],[-41.32478,-21.724246],[-41.32478,-21.724246]]]},"properties":{"nome":"\u00c1REA 1130","tipo":"area","bairro":"S\u00c3O JOS\u00c9"}},{"type":"Feature","geometry":{"type":"Polygon","coordinates":[[[-41.323015,-21.724292],[-41.323195,-21.726818],[-41.322772,-21.726657],[-41.322524,-21.726531],[-41.322329,-21.724854],[-41.321955,-21.721976],[-41.323378,-21.720718],[-41.323687,-21.724204],[-41.323015,-21.724292],[-41.323015,-21.724292]]]},"properties":{"nome":"\u00c1REA 1131","tipo":"area","bairro":"S\u00c3O JOS\u00c9"}},{"type":"Feature","geometry":{"type":"Polygon","coordinates":[[[-41.321695,-21.726659],[-41.321446,-21.726277],[-41.321152,-21.726044],[-41.32092,-21.725738],[-41.318737,-21.723507],[-41.317856,-21.72276],[-41.317948,-21.722231],[-41.318931,-21.722954],[-41.31875,-21.723073],[-41.319211,-21.723522],[-41.319401,-21.723368],[-41.320594,-21.724602],[-41.321678,-21.724493],[-41.321516,-21.723233],[-41.321246,-21.72272],[-41.321058,-21.722],[-41.321954,-21.721969],[-41.322522,-21.726532],[-41.321695,-21.726659],[-41.321695,-21.726659]]]},"properties":{"nome":"\u00c1REA 1132","tipo":"area","bairro":"S\u00c3O JOS\u00c9"}},{"type":"Feature","geometry":{"type":"Polygon","coordinates":[[[-41.319395,-21.723367],[-41.319213,-21.723513],[-41.318752,-21.723079],[-41.319475,-21.72256],[-41.320348,-21.722025],[-41.321055,-21.722003],[-41.321243,-21.722723],[-41.321514,-21.723236],[-41.321675,-21.724493],[-41.320594,-21.724599],[-41.319395,-21.723367],[-41.319395,-21.723367]]]},"properties":{"nome":"\u00c1REA 1133","tipo":"area","bairro":"S\u00c3O JOS\u00c9"}},{"type":"Feature","geometry":{"type":"Polygon","coordinates":[[[-41.321948,-21.721972],[-41.320348,-21.722026],[-41.32035,-21.721404],[-41.318235,-21.720805],[-41.318284,-21.720567],[-41.318478,-21.719996],[-41.318931,-21.719891],[-41.319002,-21.720284],[-41.321859,-21.721103],[-41.321948,-21.721972],[-41.321948,-21.721972]]]},"properties":{"nome":"\u00c1REA 1134","tipo":"area","bairro":"S\u00c3O JOS\u00c9"}},{"type":"Feature","geometry":{"type":"Polygon","coordinates":[[[-41.320348,-21.721403],[-41.320344,-21.722024],[-41.318919,-21.722962],[-41.317945,-21.722237],[-41.317855,-21.72277],[-41.316925,-21.722056],[-41.317414,-21.720284],[-41.318283,-21.720561],[-41.318231,-21.720801],[-41.320348,-21.721403],[-41.320348,-21.721403]]]},"properties":{"nome":"\u00c1REA 1135","tipo":"area","bairro":"S\u00c3O JOS\u00c9"}},{"type":"Feature","geometry":{"type":"Polygon","coordinates":[[[-41.341523,-21.727042],[-41.344023,-21.72813],[-41.343842,-21.72852],[-41.345061,-21.729078],[-41.344989,-21.729187],[-41.344865,-21.729224],[-41.344655,-21.72913],[-41.344538,-21.729379],[-41.344482,-21.729422],[-41.344409,-21.729434],[-41.343611,-21.729067],[-41.343462,-21.729342],[-41.343401,-21.729374],[-41.343322,-21.729378],[-41.340974,-21.728379],[-41.34057,-21.727845],[-41.340884,-21.727552],[-41.341039,-21.727532],[-41.341339,-21.727358],[-41.341523,-21.727042],[-41.341523,-21.727042]]]},"properties":{"nome":"\u00c1REA 1136","tipo":"area","bairro":"S\u00c3O JOS\u00c9"}},{"type":"Feature","geometry":{"type":"Polygon","coordinates":[[[-41.341687,-21.726696],[-41.342057,-21.726012],[-41.342473,-21.725822],[-41.342678,-21.725801],[-41.343004,-21.726007],[-41.3432,-21.726198],[-41.343488,-21.726663],[-41.343614,-21.72689],[-41.343707,-21.726998],[-41.343854,-21.727111],[-41.344584,-21.727089],[-41.346874,-21.728181],[-41.346504,-21.728825],[-41.341687,-21.726696],[-41.341687,-21.726696]]]},"properties":{"nome":"\u00c1REA 1137","tipo":"area","bairro":"S\u00c3O JOS\u00c9"}},{"type":"Feature","geometry":{"type":"Polygon","coordinates":[[[-41.346513,-21.728833],[-41.346994,-21.727979],[-41.347338,-21.728334],[-41.347563,-21.728338],[-41.347502,-21.72877],[-41.347419,-21.72899],[-41.347303,-21.729216],[-41.347166,-21.729414],[-41.346957,-21.729587],[-41.346552,-21.729736],[-41.346327,-21.729767],[-41.346144,-21.729664],[-41.346262,-21.729471],[-41.345124,-21.72895],[-41.34506,-21.729069],[-41.343845,-21.72852],[-41.344032,-21.728132],[-41.341523,-21.727036],[-41.341683,-21.726699],[-41.346513,-21.728833],[-41.346513,-21.728833]]]},"properties":{"nome":"\u00c1REA 1138","tipo":"area","bairro":"S\u00c3O JOS\u00c9"}},{"type":"Feature","geometry":{"type":"Polygon","coordinates":[[[-41.336127,-21.729516],[-41.335814,-21.72906],[-41.337284,-21.72783],[-41.336969,-21.727435],[-41.337613,-21.726992],[-41.339002,-21.725473],[-41.340077,-21.726983],[-41.336127,-21.729516],[-41.336127,-21.729516]]]},"properties":{"nome":"\u00c1REA 1139","tipo":"area","bairro":"S\u00c3O JOS\u00c9"}},{"type":"Feature","geometry":{"type":"Polygon","coordinates":[[[-41.335813,-21.71827],[-41.33564,-21.718931],[-41.337216,-21.721474],[-41.336909,-21.721616],[-41.334582,-21.719025],[-41.335502,-21.71539],[-41.334786,-21.715188],[-41.334794,-21.713962],[-41.336291,-21.714007],[-41.336435,-21.715586],[-41.336111,-21.716844],[-41.335219,-21.717308],[-41.335813,-21.71827],[-41.335813,-21.71827]]]},"properties":{"nome":"\u00c1REA 1140","tipo":"area","bairro":"S\u00c3O JOS\u00c9"}},{"type":"Feature","geometry":{"type":"Polygon","coordinates":[[[-41.325803,-21.720155],[-41.325645,-21.720807],[-41.324881,-21.720615],[-41.324019,-21.720146],[-41.324042,-21.719538],[-41.323512,-21.719073],[-41.323429,-21.718208],[-41.323248,-21.71673],[-41.324311,-21.716533],[-41.32448,-21.718326],[-41.324176,-21.718588],[-41.324045,-21.719542],[-41.324048,-21.719604],[-41.325803,-21.720155],[-41.325803,-21.720155]]]},"properties":{"nome":"\u00c1REA 1142","tipo":"area","bairro":"S\u00c3O JOS\u00c9"}},{"type":"Feature","geometry":{"type":"Polygon","coordinates":[[[-41.323251,-21.716733],[-41.32351,-21.719075],[-41.323722,-21.71926],[-41.322972,-21.720545],[-41.322441,-21.720846],[-41.32225,-21.719249],[-41.321968,-21.719278],[-41.321854,-21.718452],[-41.322158,-21.718419],[-41.321976,-21.716969],[-41.323251,-21.716733],[-41.323251,-21.716733]]]},"properties":{"nome":"\u00c1REA 1143","tipo":"area","bairro":"S\u00c3O JOS\u00c9"}},{"type":"Feature","geometry":{"type":"Polygon","coordinates":[[[-41.321973,-21.716964],[-41.32215,-21.718408],[-41.321847,-21.71845],[-41.321963,-21.71928],[-41.322249,-21.719248],[-41.322434,-21.720846],[-41.321946,-21.721125],[-41.321436,-21.72098],[-41.32096,-21.717156],[-41.321973,-21.716964],[-41.321973,-21.716964]]]},"properties":{"nome":"\u00c1REA 1144","tipo":"area","bairro":"S\u00c3O JOS\u00c9"}},{"type":"Feature","geometry":{"type":"Polygon","coordinates":[[[-41.321436,-21.720977],[-41.32006,-21.720581],[-41.319912,-21.719313],[-41.319597,-21.719342],[-41.319544,-21.718857],[-41.320054,-21.718798],[-41.319882,-21.717354],[-41.320964,-21.71716],[-41.321436,-21.720977],[-41.321436,-21.720977]]]},"properties":{"nome":"\u00c1REA 1145","tipo":"area","bairro":"S\u00c3O JOS\u00c9"}},{"type":"Feature","geometry":{"type":"Polygon","coordinates":[[[-41.320045,-21.718795],[-41.31954,-21.718853],[-41.319596,-21.719335],[-41.319903,-21.71932],[-41.320064,-21.720587],[-41.319006,-21.72028],[-41.318434,-21.717624],[-41.319881,-21.71736],[-41.320045,-21.718795],[-41.320045,-21.718795]]]},"properties":{"nome":"\u00c1REA 1146","tipo":"area","bairro":"S\u00c3O JOS\u00c9"}},{"type":"Feature","geometry":{"type":"Polygon","coordinates":[[[-41.318434,-21.717624],[-41.318925,-21.719892],[-41.318459,-21.720002],[-41.318285,-21.720558],[-41.316944,-21.720136],[-41.316713,-21.718851],[-41.317653,-21.718755],[-41.317533,-21.717801],[-41.318434,-21.717624],[-41.318434,-21.717624]]]},"properties":{"nome":"AREA 1147","tipo":"area","bairro":"S\u00c3O JOS\u00c9"}},{"type":"Feature","geometry":{"type":"Polygon","coordinates":[[[-41.316522,-21.717889],[-41.316937,-21.720132],[-41.316842,-21.720512],[-41.31514,-21.719922],[-41.315436,-21.718908],[-41.315306,-21.718135],[-41.315867,-21.718022],[-41.316522,-21.717889],[-41.316522,-21.717889]]]},"properties":{"nome":"\u00c1REA 1148","tipo":"area","bairro":"S\u00c3O JOS\u00c9"}},{"type":"Feature","geometry":{"type":"Polygon","coordinates":[[[-41.318091,-21.717399],[-41.318172,-21.717676],[-41.317531,-21.7178],[-41.317653,-21.718758],[-41.316701,-21.718847],[-41.31653,-21.71789],[-41.315303,-21.718132],[-41.315435,-21.7189],[-41.315141,-21.719921],[-41.316844,-21.72051],[-41.316939,-21.720139],[-41.317416,-21.720283],[-41.316918,-21.722053],[-41.31284,-21.718926],[-41.31278,-21.718393],[-41.318091,-21.717399],[-41.318091,-21.717399]]]},"properties":{"nome":"\u00c1REA 1149","tipo":"area","bairro":"S\u00c3O JOS\u00c9"}},{"type":"Feature","geometry":{"type":"Polygon","coordinates":[[[-41.31512,-21.717645],[-41.315036,-21.717287],[-41.315457,-21.717227],[-41.315355,-21.716544],[-41.317479,-21.71599],[-41.318005,-21.717149],[-41.31512,-21.717645],[-41.31512,-21.717645]]]},"properties":{"nome":"\u00c1REA 1150","tipo":"area","bairro":"S\u00c3O JOS\u00c9"}},{"type":"Feature","geometry":{"type":"Polygon","coordinates":[[[-41.315364,-21.716544],[-41.314973,-21.715728],[-41.312715,-21.716728],[-41.312344,-21.715942],[-41.315133,-21.714855],[-41.315975,-21.716384],[-41.315364,-21.716544],[-41.315364,-21.716544]]]},"properties":{"nome":"\u00c1REA 1151","tipo":"area","bairro":"S\u00c3O JOS\u00c9"}},{"type":"Feature","geometry":{"type":"Polygon","coordinates":[[[-41.315601,-21.714854],[-41.315736,-21.715032],[-41.316146,-21.71521],[-41.316845,-21.715016],[-41.3171,-21.715107],[-41.317388,-21.715248],[-41.317532,-21.715395],[-41.317616,-21.715587],[-41.317583,-21.715788],[-41.31749,-21.715987],[-41.315975,-21.716377],[-41.315149,-21.714875],[-41.315601,-21.714854],[-41.315601,-21.714854]]]},"properties":{"nome":"\u00c1REA 1152","tipo":"area","bairro":"S\u00c3O JOS\u00c9"}},{"type":"Feature","geometry":{"type":"Polygon","coordinates":[[[-41.312715,-21.716728],[-41.31497,-21.715734],[-41.315358,-21.716541],[-41.315453,-21.717224],[-41.314325,-21.717378],[-41.314402,-21.717744],[-41.313277,-21.717923],[-41.312715,-21.716728],[-41.312715,-21.716728]]]},"properties":{"nome":"\u00c1REA 1153","tipo":"area","bairro":"S\u00c3O JOS\u00c9"}},{"type":"Feature","geometry":{"type":"Polygon","coordinates":[[[-41.329021,-21.719068],[-41.329275,-21.718705],[-41.329578,-21.718641],[-41.33106,-21.717453],[-41.330899,-21.717067],[-41.330579,-21.716937],[-41.329539,-21.716776],[-41.329303,-21.716496],[-41.328991,-21.716763],[-41.328572,-21.716319],[-41.329155,-21.715874],[-41.329368,-21.715507],[-41.329267,-21.715121],[-41.328011,-21.715348],[-41.328169,-21.714732],[-41.329377,-21.713863],[-41.329924,-21.714093],[-41.329988,-21.715275],[-41.329723,-21.715967],[-41.329738,-21.716447],[-41.330364,-21.716479],[-41.331305,-21.716682],[-41.331657,-21.71716],[-41.331544,-21.717772],[-41.330907,-21.718363],[-41.330373,-21.718963],[-41.329145,-21.71937],[-41.329021,-21.719068],[-41.329021,-21.719068]]]},"properties":{"nome":"\u00c1REA 1154","tipo":"area","bairro":"S\u00c3O JOS\u00c9"}},{"type":"Feature","geometry":{"type":"Polygon","coordinates":[[[-41.330611,-21.716941],[-41.330897,-21.717072],[-41.33105,-21.717447],[-41.329558,-21.718653],[-41.329273,-21.718704],[-41.329019,-21.719068],[-41.329139,-21.719372],[-41.328381,-21.719596],[-41.327949,-21.719502],[-41.327865,-21.719173],[-41.330081,-21.716861],[-41.330611,-21.716941],[-41.330611,-21.716941]]]},"properties":{"nome":"\u00c1REA 1155","tipo":"area","bairro":"S\u00c3O JOS\u00c9"}},{"type":"Feature","geometry":{"type":"Polygon","coordinates":[[[-41.330067,-21.716857],[-41.327948,-21.719094],[-41.327376,-21.718502],[-41.327606,-21.718197],[-41.327797,-21.717653],[-41.32825,-21.717166],[-41.328924,-21.716814],[-41.329227,-21.716583],[-41.32953,-21.716777],[-41.330067,-21.716857],[-41.330067,-21.716857]]]},"properties":{"nome":"\u00c1REA 1156","tipo":"area","bairro":"S\u00c3O JOS\u00c9"}},{"type":"Feature","geometry":{"type":"Polygon","coordinates":[[[-41.32622,-21.717875],[-41.328292,-21.715793],[-41.329413,-21.715591],[-41.328636,-21.716441],[-41.328875,-21.716645],[-41.327209,-21.718445],[-41.32622,-21.717875],[-41.32622,-21.717875]]]},"properties":{"nome":"\u00c1REA 1157","tipo":"area","bairro":"S\u00c3O JOS\u00c9"}},{"type":"Feature","geometry":{"type":"Polygon","coordinates":[[[-41.325714,-21.718393],[-41.32622,-21.717881],[-41.32738,-21.718513],[-41.327677,-21.718801],[-41.327532,-21.719252],[-41.327559,-21.719507],[-41.327454,-21.719796],[-41.32527,-21.719131],[-41.325714,-21.718393],[-41.325714,-21.718393]]]},"properties":{"nome":"\u00c1REA 1158","tipo":"area","bairro":"S\u00c3O JOS\u00c9"}},{"type":"Feature","geometry":{"type":"Polygon","coordinates":[[[-41.324394,-21.719719],[-41.324395,-21.719335],[-41.324676,-21.718962],[-41.327458,-21.719795],[-41.327562,-21.719505],[-41.327535,-21.719254],[-41.327671,-21.718821],[-41.327955,-21.719074],[-41.327864,-21.719173],[-41.327939,-21.719489],[-41.328143,-21.719547],[-41.328008,-21.720829],[-41.324394,-21.719719],[-41.324394,-21.719719]]]},"properties":{"nome":"\u00c1REA 1159","tipo":"area","bairro":"S\u00c3O JOS\u00c9"}},{"type":"Feature","geometry":{"type":"Polygon","coordinates":[[[-41.324874,-21.720612],[-41.325646,-21.720822],[-41.325801,-21.720152],[-41.326979,-21.720523],[-41.328007,-21.720826],[-41.328105,-21.722028],[-41.324858,-21.72122],[-41.324874,-21.720612],[-41.324874,-21.720612]]]},"properties":{"nome":"\u00c1REA 1160","tipo":"area","bairro":"S\u00c3O JOS\u00c9"}},{"type":"Feature","geometry":{"type":"Polygon","coordinates":[[[-41.32526,-21.722565],[-41.324636,-21.722434],[-41.324856,-21.721214],[-41.3281,-21.722028],[-41.328078,-21.722717],[-41.327991,-21.723198],[-41.327926,-21.723451],[-41.326999,-21.723193],[-41.327245,-21.722453],[-41.325436,-21.721978],[-41.32526,-21.722565],[-41.32526,-21.722565]]]},"properties":{"nome":"\u00c1REA 1161","tipo":"area","bairro":"S\u00c3O JOS\u00c9"}},{"type":"Feature","geometry":{"type":"Polygon","coordinates":[[[-41.326451,-21.723038],[-41.326362,-21.72333],[-41.325988,-21.723237],[-41.326085,-21.722952],[-41.325653,-21.722838],[-41.325465,-21.723483],[-41.324786,-21.723349],[-41.324794,-21.722466],[-41.32526,-21.722576],[-41.325445,-21.721983],[-41.327243,-21.722452],[-41.326999,-21.723193],[-41.326451,-21.723038],[-41.326451,-21.723038]]]},"properties":{"nome":"\u00c1REA 1162","tipo":"area","bairro":"S\u00c3O JOS\u00c9"}},{"type":"Feature","geometry":{"type":"Polygon","coordinates":[[[-41.324873,-21.720606],[-41.324856,-21.721215],[-41.324759,-21.721768],[-41.324647,-21.722428],[-41.324794,-21.722471],[-41.324784,-21.723349],[-41.324976,-21.723385],[-41.324775,-21.724242],[-41.324214,-21.724241],[-41.324202,-21.722386],[-41.323514,-21.722342],[-41.323377,-21.720721],[-41.324026,-21.720149],[-41.324873,-21.720606],[-41.324873,-21.720606]]]},"properties":{"nome":"\u00c1REA 1163","tipo":"area","bairro":"S\u00c3O JOS\u00c9"}},{"type":"Feature","geometry":{"type":"Polygon","coordinates":[[[-41.32402,-21.720151],[-41.322612,-21.721389],[-41.322233,-21.720971],[-41.322975,-21.72054],[-41.323725,-21.719265],[-41.324039,-21.7196],[-41.324055,-21.718982],[-41.324533,-21.718493],[-41.324309,-21.716533],[-41.325215,-21.716367],[-41.325584,-21.718528],[-41.324949,-21.719193],[-41.324342,-21.719827],[-41.32404,-21.719621],[-41.32402,-21.720151],[-41.32402,-21.720151]]]},"properties":{"nome":"\u00c1REA 1164","tipo":"area","bairro":"S\u00c3O JOS\u00c9"}},{"type":"Feature","geometry":{"type":"Polygon","coordinates":[[[-41.325366,-21.717398],[-41.325215,-21.716367],[-41.328273,-21.715802],[-41.325723,-21.718383],[-41.325366,-21.717398],[-41.325366,-21.717398]]]},"properties":{"nome":"\u00c1REA 1165","tipo":"area","bairro":"S\u00c3O JOS\u00c9"}},{"type":"Feature","geometry":{"type":"Polygon","coordinates":[[[-41.32934,-21.715414],[-41.329365,-21.715504],[-41.32931,-21.715602],[-41.318177,-21.717676],[-41.318084,-21.717403],[-41.32934,-21.715414],[-41.32934,-21.715414]]]},"properties":{"nome":"\u00c1REA 1166","tipo":"area","bairro":"S\u00c3O JOS\u00c9"}},{"type":"Feature","geometry":{"type":"Polygon","coordinates":[[[-41.32563,-21.715774],[-41.321828,-21.716451],[-41.321659,-21.715265],[-41.325365,-21.71451],[-41.32563,-21.715774],[-41.32563,-21.715774]]]},"properties":{"nome":"\u00c1REA 1167","tipo":"area","bairro":"S\u00c3O JOS\u00c9"}},{"type":"Feature","geometry":{"type":"Polygon","coordinates":[[[-41.328007,-21.715341],[-41.325621,-21.715778],[-41.325362,-21.714508],[-41.326144,-21.713934],[-41.327133,-21.713889],[-41.328175,-21.714704],[-41.328007,-21.715341],[-41.328007,-21.715341]]]},"properties":{"nome":"\u00c1REA 1168","tipo":"area","bairro":"S\u00c3O JOS\u00c9"}},{"type":"Feature","geometry":{"type":"Polygon","coordinates":[[[-41.329345,-21.715414],[-41.327493,-21.715735],[-41.326031,-21.71597],[-41.324598,-21.716244],[-41.32372,-21.716388],[-41.322113,-21.716689],[-41.317446,-21.71752],[-41.317351,-21.717259],[-41.329267,-21.715125],[-41.329345,-21.715414],[-41.329345,-21.715414]]]},"properties":{"nome":"\u00c1REA 1169","tipo":"area","bairro":"S\u00c3O JOS\u00c9"}},{"type":"Feature","geometry":{"type":"Polygon","coordinates":[[[-41.321192,-21.714681],[-41.320748,-21.714745],[-41.320839,-21.715405],[-41.320265,-21.71549],[-41.32019,-21.714815],[-41.320748,-21.714745],[-41.321585,-21.714622],[-41.321537,-21.714402],[-41.321829,-21.714355],[-41.32174,-21.713478],[-41.32246,-21.712894],[-41.322369,-21.712474],[-41.322797,-21.712356],[-41.322771,-21.712065],[-41.32275,-21.710938],[-41.322959,-21.710853],[-41.323117,-21.710591],[-41.323628,-21.710563],[-41.323857,-21.711701],[-41.324244,-21.712435],[-41.324227,-21.712865],[-41.323619,-21.713426],[-41.323226,-21.713904],[-41.322911,-21.714666],[-41.323911,-21.714485],[-41.323953,-21.714795],[-41.321291,-21.715341],[-41.321192,-21.714681],[-41.321192,-21.714681]]]},"properties":{"nome":"AREA 1170","tipo":"area","bairro":"S\u00c3O JOS\u00c9"}},{"type":"Feature","geometry":{"type":"Polygon","coordinates":[[[-41.322254,-21.711333],[-41.322753,-21.711361],[-41.32279,-21.712359],[-41.322377,-21.712479],[-41.322007,-21.712399],[-41.322032,-21.712641],[-41.321026,-21.713218],[-41.320908,-21.713811],[-41.320693,-21.714219],[-41.320681,-21.714258],[-41.320659,-21.714229],[-41.320271,-21.714071],[-41.320234,-21.713978],[-41.320637,-21.712578],[-41.321917,-21.712271],[-41.322254,-21.711333],[-41.322254,-21.711333]]]},"properties":{"nome":"AREA 1171","tipo":"area","bairro":"S\u00c3O JOS\u00c9"}},{"type":"Feature","geometry":{"type":"Polygon","coordinates":[[[-41.320692,-21.714233],[-41.32075,-21.714745],[-41.320195,-21.714815],[-41.320263,-21.715493],[-41.320835,-21.715403],[-41.321004,-21.7166],[-41.31889,-21.716998],[-41.319272,-21.715185],[-41.3198,-21.71461],[-41.319948,-21.714361],[-41.320241,-21.714022],[-41.320692,-21.714233],[-41.320692,-21.714233]]]},"properties":{"nome":"\u00c1REA 1172","tipo":"area","bairro":"S\u00c3O JOS\u00c9"}},{"type":"Feature","geometry":{"type":"Polygon","coordinates":[[[-41.321004,-21.716606],[-41.320684,-21.714251],[-41.320964,-21.713657],[-41.321018,-21.713222],[-41.321648,-21.712847],[-41.322034,-21.712639],[-41.321998,-21.712391],[-41.322377,-21.712484],[-41.322453,-21.712891],[-41.321742,-21.713475],[-41.321822,-21.714351],[-41.321528,-21.714408],[-41.321573,-21.714622],[-41.321196,-21.714678],[-41.321294,-21.715341],[-41.321659,-21.715269],[-41.321825,-21.716455],[-41.321004,-21.716606],[-41.321004,-21.716606]]]},"properties":{"nome":"\u00c1REA 1173","tipo":"area","bairro":"S\u00c3O JOS\u00c9"}},{"type":"Feature","geometry":{"type":"Polygon","coordinates":[[[-41.317446,-21.717515],[-41.312329,-21.718474],[-41.312119,-21.71842],[-41.311278,-21.717472],[-41.30968,-21.715693],[-41.30941,-21.715392],[-41.308768,-21.714087],[-41.309346,-21.713933],[-41.309767,-21.715112],[-41.312313,-21.718097],[-41.313692,-21.71785],[-41.314398,-21.717748],[-41.314323,-21.717376],[-41.315036,-21.717282],[-41.315121,-21.717639],[-41.317342,-21.717261],[-41.317446,-21.717515],[-41.317446,-21.717515]]]},"properties":{"nome":"\u00c1REA 1174","tipo":"area","bairro":"S\u00c3O JOS\u00c9"}},{"type":"Feature","geometry":{"type":"Polygon","coordinates":[[[-41.310596,-21.714204],[-41.311263,-21.715691],[-41.311151,-21.715741],[-41.311375,-21.716298],[-41.31092,-21.716466],[-41.309777,-21.715118],[-41.30957,-21.714553],[-41.310596,-21.714204],[-41.310596,-21.714204]]]},"properties":{"nome":"\u00c1REA 1175","tipo":"area","bairro":"S\u00c3O JOS\u00c9"}},{"type":"Feature","geometry":{"type":"Polygon","coordinates":[[[-41.312013,-21.715221],[-41.313275,-21.717923],[-41.312311,-21.718094],[-41.310917,-21.716466],[-41.311376,-21.7163],[-41.311152,-21.715745],[-41.311263,-21.715693],[-41.311151,-21.715432],[-41.312013,-21.715221],[-41.312013,-21.715221]]]},"properties":{"nome":"\u00c1REA 1176","tipo":"area","bairro":"S\u00c3O JOS\u00c9"}},{"type":"Feature","geometry":{"type":"Polygon","coordinates":[[[-41.312016,-21.715231],[-41.312734,-21.714876],[-41.313155,-21.714435],[-41.313951,-21.714195],[-41.315139,-21.714858],[-41.312356,-21.71594],[-41.312016,-21.715231],[-41.312016,-21.715231]]]},"properties":{"nome":"\u00c1REA 1177","tipo":"area","bairro":"S\u00c3O JOS\u00c9"}},{"type":"Feature","geometry":{"type":"Point","coordinates":[-41.336947,-21.724974]},"properties":{"nome":"1 (147)","tipo":"caixa_ftth","bairro":"S\u00c3O JOS\u00c9"}},{"type":"Feature","geometry":{"type":"Point","coordinates":[-41.336649,-21.724408]},"properties":{"nome":"2 (17)","tipo":"caixa_ftth","bairro":"S\u00c3O JOS\u00c9"}},{"type":"Feature","geometry":{"type":"Point","coordinates":[-41.336351,-21.723804]},"properties":{"nome":"3 (49)","tipo":"caixa_ftth","bairro":"S\u00c3O JOS\u00c9"}},{"type":"Feature","geometry":{"type":"Point","coordinates":[-41.336399,-21.72348]},"properties":{"nome":"4 (39)","tipo":"caixa_ftth","bairro":"S\u00c3O JOS\u00c9"}},{"type":"Feature","geometry":{"type":"Point","coordinates":[-41.335785,-21.723038]},"properties":{"nome":"5 (66)","tipo":"caixa_ftth","bairro":"S\u00c3O JOS\u00c9"}},{"type":"Feature","geometry":{"type":"Point","coordinates":[-41.337019,-21.723932]},"properties":{"nome":"6 (19)","tipo":"caixa_ftth","bairro":"S\u00c3O JOS\u00c9"}},{"type":"Feature","geometry":{"type":"Point","coordinates":[-41.337347,-21.724391]},"properties":{"nome":"7 (194)","tipo":"caixa_ftth","bairro":"S\u00c3O JOS\u00c9"}},{"type":"Feature","geometry":{"type":"Point","coordinates":[-41.336352,-21.725352]},"properties":{"nome":"1 (11)","tipo":"caixa_ftth","bairro":"S\u00c3O JOS\u00c9"}},{"type":"Feature","geometry":{"type":"Point","coordinates":[-41.335612,-21.725969]},"properties":{"nome":"2 (119)","tipo":"caixa_ftth","bairro":"S\u00c3O JOS\u00c9"}},{"type":"Feature","geometry":{"type":"Point","coordinates":[-41.335498,-21.725459]},"properties":{"nome":"3 (15)","tipo":"caixa_ftth","bairro":"S\u00c3O JOS\u00c9"}},{"type":"Feature","geometry":{"type":"Point","coordinates":[-41.335189,-21.724863]},"properties":{"nome":"4 (41)","tipo":"caixa_ftth","bairro":"S\u00c3O JOS\u00c9"}},{"type":"Feature","geometry":{"type":"Point","coordinates":[-41.334876,-21.724264]},"properties":{"nome":"5 (65)","tipo":"caixa_ftth","bairro":"S\u00c3O JOS\u00c9"}},{"type":"Feature","geometry":{"type":"Point","coordinates":[-41.335895,-21.724452]},"properties":{"nome":"6 (37)","tipo":"caixa_ftth","bairro":"S\u00c3O JOS\u00c9"}},{"type":"Feature","geometry":{"type":"Point","coordinates":[-41.335516,-21.723726]},"properties":{"nome":"7 (73)","tipo":"caixa_ftth","bairro":"S\u00c3O JOS\u00c9"}},{"type":"Feature","geometry":{"type":"Point","coordinates":[-41.335155,-21.722953]},"properties":{"nome":"8 (106)","tipo":"caixa_ftth","bairro":"S\u00c3O JOS\u00c9"}},{"type":"Feature","geometry":{"type":"Point","coordinates":[-41.33739,-21.725035]},"properties":{"nome":"1","tipo":"caixa_ftth","bairro":"S\u00c3O JOS\u00c9"}},{"type":"Feature","geometry":{"type":"Point","coordinates":[-41.336224,-21.726099]},"properties":{"nome":"2","tipo":"caixa_ftth","bairro":"S\u00c3O JOS\u00c9"}},{"type":"Feature","geometry":{"type":"Point","coordinates":[-41.337748,-21.725317]},"properties":{"nome":"3","tipo":"caixa_ftth","bairro":"S\u00c3O JOS\u00c9"}},{"type":"Feature","geometry":{"type":"Point","coordinates":[-41.336571,-21.726435]},"properties":{"nome":"4","tipo":"caixa_ftth","bairro":"S\u00c3O JOS\u00c9"}},{"type":"Feature","geometry":{"type":"Point","coordinates":[-41.338261,-21.725212]},"properties":{"nome":"5","tipo":"caixa_ftth","bairro":"S\u00c3O JOS\u00c9"}},{"type":"Feature","geometry":{"type":"Point","coordinates":[-41.337819,-21.725833]},"properties":{"nome":"6","tipo":"caixa_ftth","bairro":"S\u00c3O JOS\u00c9"}},{"type":"Feature","geometry":{"type":"Point","coordinates":[-41.337209,-21.7266]},"properties":{"nome":"7","tipo":"caixa_ftth","bairro":"S\u00c3O JOS\u00c9"}},{"type":"Feature","geometry":{"type":"Point","coordinates":[-41.338259,-21.72602]},"properties":{"nome":"8","tipo":"caixa_ftth","bairro":"S\u00c3O JOS\u00c9"}},{"type":"Feature","geometry":{"type":"Point","coordinates":[-41.337627,-21.726743]},"properties":{"nome":"9","tipo":"caixa_ftth","bairro":"S\u00c3O JOS\u00c9"}},{"type":"Feature","geometry":{"type":"Point","coordinates":[-41.337552,-21.725558]},"properties":{"nome":"10","tipo":"caixa_ftth","bairro":"S\u00c3O JOS\u00c9"}},{"type":"Feature","geometry":{"type":"Point","coordinates":[-41.336653,-21.722434]},"properties":{"nome":"1","tipo":"caixa_ftth","bairro":"S\u00c3O JOS\u00c9"}},{"type":"Feature","geometry":{"type":"Point","coordinates":[-41.33725,-21.722871]},"properties":{"nome":"2","tipo":"caixa_ftth","bairro":"S\u00c3O JOS\u00c9"}},{"type":"Feature","geometry":{"type":"Point","coordinates":[-41.337607,-21.722541]},"properties":{"nome":"3 (86)","tipo":"caixa_ftth","bairro":"S\u00c3O JOS\u00c9"}},{"type":"Feature","geometry":{"type":"Point","coordinates":[-41.338009,-21.724038]},"properties":{"nome":"4 (14)","tipo":"caixa_ftth","bairro":"S\u00c3O JOS\u00c9"}},{"type":"Feature","geometry":{"type":"Point","coordinates":[-41.339239,-21.72261]},"properties":{"nome":"5 (365)","tipo":"caixa_ftth","bairro":"S\u00c3O JOS\u00c9"}},{"type":"Feature","geometry":{"type":"Point","coordinates":[-41.3397,-21.722962]},"properties":{"nome":"6 (50)","tipo":"caixa_ftth","bairro":"S\u00c3O JOS\u00c9"}},{"type":"Feature","geometry":{"type":"Point","coordinates":[-41.337688,-21.721751]},"properties":{"nome":"7 (49)","tipo":"caixa_ftth","bairro":"S\u00c3O JOS\u00c9"}},{"type":"Feature","geometry":{"type":"Point","coordinates":[-41.336398,-21.719664]},"properties":{"nome":"8 (169)","tipo":"caixa_ftth","bairro":"S\u00c3O JOS\u00c9"}},{"type":"Feature","geometry":{"type":"Point","coordinates":[-41.33718,-21.72092]},"properties":{"nome":"9 (109)","tipo":"caixa_ftth","bairro":"S\u00c3O JOS\u00c9"}},{"type":"Feature","geometry":{"type":"Point","coordinates":[-41.337939,-21.72338]},"properties":{"nome":"CEO MINI","tipo":"emenda","bairro":"S\u00c3O JOS\u00c9"}},{"type":"Feature","geometry":{"type":"Point","coordinates":[-41.334163,-21.726325]},"properties":{"nome":"1 (79)","tipo":"caixa_ftth","bairro":"S\u00c3O JOS\u00c9"}},{"type":"Feature","geometry":{"type":"Point","coordinates":[-41.335296,-21.726484]},"properties":{"nome":"2 (5)","tipo":"caixa_ftth","bairro":"S\u00c3O JOS\u00c9"}},{"type":"Feature","geometry":{"type":"Point","coordinates":[-41.3343,-21.725171]},"properties":{"nome":"3 (180)","tipo":"caixa_ftth","bairro":"S\u00c3O JOS\u00c9"}},{"type":"Feature","geometry":{"type":"Point","coordinates":[-41.334369,-21.72711]},"properties":{"nome":"4 (258)","tipo":"caixa_ftth","bairro":"S\u00c3O JOS\u00c9"}},{"type":"Feature","geometry":{"type":"Point","coordinates":[-41.334572,-21.727682]},"properties":{"nome":"5 (276)","tipo":"caixa_ftth","bairro":"S\u00c3O JOS\u00c9"}},{"type":"Feature","geometry":{"type":"Point","coordinates":[-41.334829,-21.727286]},"properties":{"nome":"6 (15)","tipo":"caixa_ftth","bairro":"S\u00c3O JOS\u00c9"}},{"type":"Feature","geometry":{"type":"Point","coordinates":[-41.335473,-21.727053]},"properties":{"nome":"7 (45)","tipo":"caixa_ftth","bairro":"S\u00c3O JOS\u00c9"}},{"type":"Feature","geometry":{"type":"Point","coordinates":[-41.334649,-21.725803]},"properties":{"nome":"8 (207)","tipo":"caixa_ftth","bairro":"S\u00c3O JOS\u00c9"}},{"type":"Feature","geometry":{"type":"Point","coordinates":[-41.333666,-21.724101]},"properties":{"nome":"1 (131)","tipo":"caixa_ftth","bairro":"S\u00c3O JOS\u00c9"}},{"type":"Feature","geometry":{"type":"Point","coordinates":[-41.333268,-21.72345]},"properties":{"nome":"2 (116)","tipo":"caixa_ftth","bairro":"S\u00c3O JOS\u00c9"}},{"type":"Feature","geometry":{"type":"Point","coordinates":[-41.332921,-21.722872]},"properties":{"nome":"3 (86)","tipo":"caixa_ftth","bairro":"S\u00c3O JOS\u00c9"}},{"type":"Feature","geometry":{"type":"Point","coordinates":[-41.332938,-21.724245]},"properties":{"nome":"4 (130)","tipo":"caixa_ftth","bairro":"S\u00c3O JOS\u00c9"}},{"type":"Feature","geometry":{"type":"Point","coordinates":[-41.332464,-21.723462]},"properties":{"nome":"5 (100)","tipo":"caixa_ftth","bairro":"S\u00c3O JOS\u00c9"}},{"type":"Feature","geometry":{"type":"Point","coordinates":[-41.332246,-21.723075]},"properties":{"nome":"6 (88)","tipo":"caixa_ftth","bairro":"S\u00c3O JOS\u00c9"}},{"type":"Feature","geometry":{"type":"Point","coordinates":[-41.333901,-21.724503]},"properties":{"nome":"7 (152)","tipo":"caixa_ftth","bairro":"S\u00c3O JOS\u00c9"}},{"type":"Feature","geometry":{"type":"Point","coordinates":[-41.33311,-21.725875]},"properties":{"nome":"1 (45)","tipo":"caixa_ftth","bairro":"S\u00c3O JOS\u00c9"}},{"type":"Feature","geometry":{"type":"Point","coordinates":[-41.333465,-21.726638]},"properties":{"nome":"2 (18)","tipo":"caixa_ftth","bairro":"S\u00c3O JOS\u00c9"}},{"type":"Feature","geometry":{"type":"Point","coordinates":[-41.333674,-21.727298]},"properties":{"nome":"3 (18)","tipo":"caixa_ftth","bairro":"S\u00c3O JOS\u00c9"}},{"type":"Feature","geometry":{"type":"Point","coordinates":[-41.333878,-21.727986]},"properties":{"nome":"4 (70)","tipo":"caixa_ftth","bairro":"S\u00c3O JOS\u00c9"}},{"type":"Feature","geometry":{"type":"Point","coordinates":[-41.334102,-21.72866]},"properties":{"nome":"5 (96)","tipo":"caixa_ftth","bairro":"S\u00c3O JOS\u00c9"}},{"type":"Feature","geometry":{"type":"Point","coordinates":[-41.333756,-21.725599]},"properties":{"nome":"6 (190)","tipo":"caixa_ftth","bairro":"S\u00c3O JOS\u00c9"}},{"type":"Feature","geometry":{"type":"Point","coordinates":[-41.333325,-21.72486]},"properties":{"nome":"7 (158)","tipo":"caixa_ftth","bairro":"S\u00c3O JOS\u00c9"}},{"type":"Feature","geometry":{"type":"Point","coordinates":[-41.332679,-21.725142]},"properties":{"nome":"8 (16)","tipo":"caixa_ftth","bairro":"S\u00c3O JOS\u00c9"}},{"type":"Feature","geometry":{"type":"Point","coordinates":[-41.331869,-21.722677]},"properties":{"nome":"1 (26)","tipo":"caixa_ftth","bairro":"S\u00c3O JOS\u00c9"}},{"type":"Feature","geometry":{"type":"Point","coordinates":[-41.332457,-21.722205]},"properties":{"nome":"2 (53)","tipo":"caixa_ftth","bairro":"S\u00c3O JOS\u00c9"}},{"type":"Feature","geometry":{"type":"Point","coordinates":[-41.332092,-21.721582]},"properties":{"nome":"3 (29)","tipo":"caixa_ftth","bairro":"S\u00c3O JOS\u00c9"}},{"type":"Feature","geometry":{"type":"Point","coordinates":[-41.331479,-21.721781]},"properties":{"nome":"4 (36)","tipo":"caixa_ftth","bairro":"S\u00c3O JOS\u00c9"}},{"type":"Feature","geometry":{"type":"Point","coordinates":[-41.331129,-21.721211]},"properties":{"nome":"5 (12)","tipo":"caixa_ftth","bairro":"S\u00c3O JOS\u00c9"}},{"type":"Feature","geometry":{"type":"Point","coordinates":[-41.331333,-21.722961]},"properties":{"nome":"6 (48)","tipo":"caixa_ftth","bairro":"S\u00c3O JOS\u00c9"}},{"type":"Feature","geometry":{"type":"Point","coordinates":[-41.330963,-21.722344]},"properties":{"nome":"7 (39)","tipo":"caixa_ftth","bairro":"S\u00c3O JOS\u00c9"}},{"type":"Feature","geometry":{"type":"Point","coordinates":[-41.330447,-21.721476]},"properties":{"nome":"8 (10)","tipo":"caixa_ftth","bairro":"S\u00c3O JOS\u00c9"}},{"type":"Feature","geometry":{"type":"Point","coordinates":[-41.330728,-21.723278]},"properties":{"nome":"1 (72)","tipo":"caixa_ftth","bairro":"S\u00c3O JOS\u00c9"}},{"type":"Feature","geometry":{"type":"Point","coordinates":[-41.330269,-21.722585]},"properties":{"nome":"2 (32)","tipo":"caixa_ftth","bairro":"S\u00c3O JOS\u00c9"}},{"type":"Feature","geometry":{"type":"Point","coordinates":[-41.329899,-21.721968]},"properties":{"nome":"3 (1)","tipo":"caixa_ftth","bairro":"S\u00c3O JOS\u00c9"}},{"type":"Feature","geometry":{"type":"Point","coordinates":[-41.331043,-21.723877]},"properties":{"nome":"4 (79)","tipo":"caixa_ftth","bairro":"S\u00c3O JOS\u00c9"}},{"type":"Feature","geometry":{"type":"Point","coordinates":[-41.330531,-21.724137]},"properties":{"nome":"5 (68)","tipo":"caixa_ftth","bairro":"S\u00c3O JOS\u00c9"}},{"type":"Feature","geometry":{"type":"Point","coordinates":[-41.331884,-21.723431]},"properties":{"nome":"6 (16)","tipo":"caixa_ftth","bairro":"S\u00c3O JOS\u00c9"}},{"type":"Feature","geometry":{"type":"Point","coordinates":[-41.329974,-21.723674]},"properties":{"nome":"7 (98)","tipo":"caixa_ftth","bairro":"S\u00c3O JOS\u00c9"}},{"type":"Feature","geometry":{"type":"Point","coordinates":[-41.329493,-21.723935]},"properties":{"nome":"8 (120)","tipo":"caixa_ftth","bairro":"S\u00c3O JOS\u00c9"}},{"type":"Feature","geometry":{"type":"Point","coordinates":[-41.331991,-21.724123]},"properties":{"nome":"1 (26)","tipo":"caixa_ftth","bairro":"S\u00c3O JOS\u00c9"}},{"type":"Feature","geometry":{"type":"Point","coordinates":[-41.331396,-21.724453]},"properties":{"nome":"2 (100)","tipo":"caixa_ftth","bairro":"S\u00c3O JOS\u00c9"}},{"type":"Feature","geometry":{"type":"Point","coordinates":[-41.33053,-21.724876]},"properties":{"nome":"3 (76)","tipo":"caixa_ftth","bairro":"S\u00c3O JOS\u00c9"}},{"type":"Feature","geometry":{"type":"Point","coordinates":[-41.331807,-21.725047]},"properties":{"nome":"4 (259)","tipo":"caixa_ftth","bairro":"S\u00c3O JOS\u00c9"}},{"type":"Feature","geometry":{"type":"Point","coordinates":[-41.33249,-21.724702]},"properties":{"nome":"5 (279)","tipo":"caixa_ftth","bairro":"S\u00c3O JOS\u00c9"}},{"type":"Feature","geometry":{"type":"Point","coordinates":[-41.332186,-21.725775]},"properties":{"nome":"6 (152)","tipo":"caixa_ftth","bairro":"S\u00c3O JOS\u00c9"}},{"type":"Feature","geometry":{"type":"Point","coordinates":[-41.332437,-21.726206]},"properties":{"nome":"7 (170)","tipo":"caixa_ftth","bairro":"S\u00c3O JOS\u00c9"}},{"type":"Feature","geometry":{"type":"Point","coordinates":[-41.331604,-21.726395]},"properties":{"nome":"8 (18)","tipo":"caixa_ftth","bairro":"S\u00c3O JOS\u00c9"}},{"type":"Feature","geometry":{"type":"Point","coordinates":[-41.330376,-21.725805]},"properties":{"nome":"1 (201)","tipo":"caixa_ftth","bairro":"S\u00c3O JOS\u00c9"}},{"type":"Feature","geometry":{"type":"Point","coordinates":[-41.330003,-21.725205]},"properties":{"nome":"2 (54)","tipo":"caixa_ftth","bairro":"S\u00c3O JOS\u00c9"}},{"type":"Feature","geometry":{"type":"Point","coordinates":[-41.329521,-21.725421]},"properties":{"nome":"3 (115)","tipo":"caixa_ftth","bairro":"S\u00c3O JOS\u00c9"}},{"type":"Feature","geometry":{"type":"Point","coordinates":[-41.329657,-21.724602]},"properties":{"nome":"4 (28)","tipo":"caixa_ftth","bairro":"S\u00c3O JOS\u00c9"}},{"type":"Feature","geometry":{"type":"Point","coordinates":[-41.329114,-21.724873]},"properties":{"nome":"5 (120)","tipo":"caixa_ftth","bairro":"S\u00c3O JOS\u00c9"}},{"type":"Feature","geometry":{"type":"Point","coordinates":[-41.33091,-21.726779]},"properties":{"nome":"6 (102)","tipo":"caixa_ftth","bairro":"S\u00c3O JOS\u00c9"}},{"type":"Feature","geometry":{"type":"Point","coordinates":[-41.331064,-21.725443]},"properties":{"nome":"7 (235)","tipo":"caixa_ftth","bairro":"S\u00c3O JOS\u00c9"}},{"type":"Feature","geometry":{"type":"Point","coordinates":[-41.33132,-21.725862]},"properties":{"nome":"8 (21)","tipo":"caixa_ftth","bairro":"S\u00c3O JOS\u00c9"}},{"type":"Feature","geometry":{"type":"Point","coordinates":[-41.32977,-21.726163]},"properties":{"nome":"1 (179)","tipo":"caixa_ftth","bairro":"S\u00c3O JOS\u00c9"}},{"type":"Feature","geometry":{"type":"Point","coordinates":[-41.328721,-21.725767]},"properties":{"nome":"2 (39)","tipo":"caixa_ftth","bairro":"S\u00c3O JOS\u00c9"}},{"type":"Feature","geometry":{"type":"Point","coordinates":[-41.328999,-21.726622]},"properties":{"nome":"3 (150)","tipo":"caixa_ftth","bairro":"S\u00c3O JOS\u00c9"}},{"type":"Feature","geometry":{"type":"Point","coordinates":[-41.328328,-21.726125]},"properties":{"nome":"4 (56)","tipo":"caixa_ftth","bairro":"S\u00c3O JOS\u00c9"}},{"type":"Feature","geometry":{"type":"Point","coordinates":[-41.328175,-21.726437]},"properties":{"nome":"5 (89)","tipo":"caixa_ftth","bairro":"S\u00c3O JOS\u00c9"}},{"type":"Feature","geometry":{"type":"Point","coordinates":[-41.330071,-21.726363]},"properties":{"nome":"6 (14)","tipo":"caixa_ftth","bairro":"S\u00c3O JOS\u00c9"}},{"type":"Feature","geometry":{"type":"Point","coordinates":[-41.330389,-21.72686]},"properties":{"nome":"7 (42)","tipo":"caixa_ftth","bairro":"S\u00c3O JOS\u00c9"}},{"type":"Feature","geometry":{"type":"Point","coordinates":[-41.331194,-21.734476]},"properties":{"nome":"1 (190)","tipo":"caixa_ftth","bairro":"S\u00c3O JOS\u00c9"}},{"type":"Feature","geometry":{"type":"Point","coordinates":[-41.331586,-21.734275]},"properties":{"nome":"2 (18)","tipo":"caixa_ftth","bairro":"S\u00c3O JOS\u00c9"}},{"type":"Feature","geometry":{"type":"Point","coordinates":[-41.332268,-21.734059]},"properties":{"nome":"3 (31)","tipo":"caixa_ftth","bairro":"S\u00c3O JOS\u00c9"}},{"type":"Feature","geometry":{"type":"Point","coordinates":[-41.333109,-21.733802]},"properties":{"nome":"4 (61)","tipo":"caixa_ftth","bairro":"S\u00c3O JOS\u00c9"}},{"type":"Feature","geometry":{"type":"Point","coordinates":[-41.332782,-21.733312]},"properties":{"nome":"5 (81)","tipo":"caixa_ftth","bairro":"S\u00c3O JOS\u00c9"}},{"type":"Feature","geometry":{"type":"Point","coordinates":[-41.33207,-21.733524]},"properties":{"nome":"6 (59)","tipo":"caixa_ftth","bairro":"S\u00c3O JOS\u00c9"}},{"type":"Feature","geometry":{"type":"Point","coordinates":[-41.331336,-21.733761]},"properties":{"nome":"7 (29)","tipo":"caixa_ftth","bairro":"S\u00c3O JOS\u00c9"}},{"type":"Feature","geometry":{"type":"Point","coordinates":[-41.330755,-21.733937]},"properties":{"nome":"8 (1)","tipo":"caixa_ftth","bairro":"S\u00c3O JOS\u00c9"}},{"type":"Feature","geometry":{"type":"Point","coordinates":[-41.332778,-21.737668]},"properties":{"nome":"1 (19)","tipo":"caixa_ftth","bairro":"S\u00c3O JOS\u00c9"}},{"type":"Feature","geometry":{"type":"Point","coordinates":[-41.332797,-21.736977]},"properties":{"nome":"2 (53)","tipo":"caixa_ftth","bairro":"S\u00c3O JOS\u00c9"}},{"type":"Feature","geometry":{"type":"Point","coordinates":[-41.332741,-21.736635]},"properties":{"nome":"3 (74)","tipo":"caixa_ftth","bairro":"S\u00c3O JOS\u00c9"}},{"type":"Feature","geometry":{"type":"Point","coordinates":[-41.332424,-21.735834]},"properties":{"nome":"4 (101)","tipo":"caixa_ftth","bairro":"S\u00c3O JOS\u00c9"}},{"type":"Feature","geometry":{"type":"Point","coordinates":[-41.332263,-21.735404]},"properties":{"nome":"5 (137)","tipo":"caixa_ftth","bairro":"S\u00c3O JOS\u00c9"}},{"type":"Feature","geometry":{"type":"Point","coordinates":[-41.331948,-21.735023]},"properties":{"nome":"6 (141)","tipo":"caixa_ftth","bairro":"S\u00c3O JOS\u00c9"}},{"type":"Feature","geometry":{"type":"Point","coordinates":[-41.332375,-21.734753]},"properties":{"nome":"7 (22)","tipo":"caixa_ftth","bairro":"S\u00c3O JOS\u00c9"}},{"type":"Feature","geometry":{"type":"Point","coordinates":[-41.333258,-21.734506]},"properties":{"nome":"8 (52)","tipo":"caixa_ftth","bairro":"S\u00c3O JOS\u00c9"}},{"type":"Feature","geometry":{"type":"Point","coordinates":[-41.331369,-21.73645]},"properties":{"nome":"1 (51)","tipo":"caixa_ftth","bairro":"S\u00c3O JOS\u00c9"}},{"type":"Feature","geometry":{"type":"Point","coordinates":[-41.332261,-21.737293]},"properties":{"nome":"2 (18)","tipo":"caixa_ftth","bairro":"S\u00c3O JOS\u00c9"}},{"type":"Feature","geometry":{"type":"Point","coordinates":[-41.331766,-21.736879]},"properties":{"nome":"3 (42)","tipo":"caixa_ftth","bairro":"S\u00c3O JOS\u00c9"}},{"type":"Feature","geometry":{"type":"Point","coordinates":[-41.330911,-21.736071]},"properties":{"nome":"4 (67)","tipo":"caixa_ftth","bairro":"S\u00c3O JOS\u00c9"}},{"type":"Feature","geometry":{"type":"Point","coordinates":[-41.330237,-21.735518]},"properties":{"nome":"5 (105)","tipo":"caixa_ftth","bairro":"S\u00c3O JOS\u00c9"}},{"type":"Feature","geometry":{"type":"Point","coordinates":[-41.332018,-21.736227]},"properties":{"nome":"6 (12)","tipo":"caixa_ftth","bairro":"S\u00c3O JOS\u00c9"}},{"type":"Feature","geometry":{"type":"Point","coordinates":[-41.331394,-21.735823]},"properties":{"nome":"7 (41)","tipo":"caixa_ftth","bairro":"S\u00c3O JOS\u00c9"}},{"type":"Feature","geometry":{"type":"Point","coordinates":[-41.330789,-21.737333]},"properties":{"nome":"1","tipo":"caixa_ftth","bairro":"S\u00c3O JOS\u00c9"}},{"type":"Feature","geometry":{"type":"Point","coordinates":[-41.331303,-21.737765]},"properties":{"nome":"2 (35)","tipo":"caixa_ftth","bairro":"S\u00c3O JOS\u00c9"}},{"type":"Feature","geometry":{"type":"Point","coordinates":[-41.331927,-21.73828]},"properties":{"nome":"3 (15)","tipo":"caixa_ftth","bairro":"S\u00c3O JOS\u00c9"}},{"type":"Feature","geometry":{"type":"Point","coordinates":[-41.330342,-21.736974]},"properties":{"nome":"4 (87)","tipo":"caixa_ftth","bairro":"S\u00c3O JOS\u00c9"}},{"type":"Feature","geometry":{"type":"Point","coordinates":[-41.329817,-21.73653]},"properties":{"nome":"5 (113)","tipo":"caixa_ftth","bairro":"S\u00c3O JOS\u00c9"}},{"type":"Feature","geometry":{"type":"Point","coordinates":[-41.329278,-21.736075]},"properties":{"nome":"6 (129)","tipo":"caixa_ftth","bairro":"S\u00c3O JOS\u00c9"}},{"type":"Feature","geometry":{"type":"Point","coordinates":[-41.328584,-21.735507]},"properties":{"nome":"7 (173)","tipo":"caixa_ftth","bairro":"S\u00c3O JOS\u00c9"}},{"type":"Feature","geometry":{"type":"Point","coordinates":[-41.328074,-21.735078]},"properties":{"nome":"8 (193)","tipo":"caixa_ftth","bairro":"S\u00c3O JOS\u00c9"}},{"type":"Feature","geometry":{"type":"Point","coordinates":[-41.327489,-21.734569]},"properties":{"nome":"9 (211)","tipo":"caixa_ftth","bairro":"S\u00c3O JOS\u00c9"}},{"type":"Feature","geometry":{"type":"Point","coordinates":[-41.33307,-21.738121]},"properties":{"nome":"10 (304)","tipo":"caixa_ftth","bairro":"S\u00c3O JOS\u00c9"}},{"type":"Feature","geometry":{"type":"Point","coordinates":[-41.329486,-21.735741]},"properties":{"nome":"11 (45)","tipo":"caixa_ftth","bairro":"S\u00c3O JOS\u00c9"}},{"type":"Feature","geometry":{"type":"Point","coordinates":[-41.329865,-21.735194]},"properties":{"nome":"12 (123)","tipo":"caixa_ftth","bairro":"S\u00c3O JOS\u00c9"}},{"type":"Feature","geometry":{"type":"Point","coordinates":[-41.329525,-21.734912]},"properties":{"nome":"13 (135)","tipo":"caixa_ftth","bairro":"S\u00c3O JOS\u00c9"}},{"type":"Feature","geometry":{"type":"Point","coordinates":[-41.33382,-21.738172]},"properties":{"nome":"14 (1432)","tipo":"caixa_ftth","bairro":"S\u00c3O JOS\u00c9"}},{"type":"Feature","geometry":{"type":"Point","coordinates":[-41.333748,-21.737623]},"properties":{"nome":"15 (13)","tipo":"caixa_ftth","bairro":"S\u00c3O JOS\u00c9"}},{"type":"Feature","geometry":{"type":"Point","coordinates":[-41.330673,-21.73746]},"properties":{"nome":"CEO MINI","tipo":"emenda","bairro":"S\u00c3O JOS\u00c9"}},{"type":"Feature","geometry":{"type":"Point","coordinates":[-41.332039,-21.738726]},"properties":{"nome":"1 (1346)","tipo":"caixa_ftth","bairro":"S\u00c3O JOS\u00c9"}},{"type":"Feature","geometry":{"type":"Point","coordinates":[-41.33156,-21.738241]},"properties":{"nome":"2 (28)","tipo":"caixa_ftth","bairro":"S\u00c3O JOS\u00c9"}},{"type":"Feature","geometry":{"type":"Point","coordinates":[-41.331166,-21.737902]},"properties":{"nome":"3 (46)","tipo":"caixa_ftth","bairro":"S\u00c3O JOS\u00c9"}},{"type":"Feature","geometry":{"type":"Point","coordinates":[-41.330523,-21.737354]},"properties":{"nome":"4 (82)","tipo":"caixa_ftth","bairro":"S\u00c3O JOS\u00c9"}},{"type":"Feature","geometry":{"type":"Point","coordinates":[-41.330116,-21.737039]},"properties":{"nome":"5 (92)","tipo":"caixa_ftth","bairro":"S\u00c3O JOS\u00c9"}},{"type":"Feature","geometry":{"type":"Point","coordinates":[-41.329596,-21.736597]},"properties":{"nome":"6 (116)","tipo":"caixa_ftth","bairro":"S\u00c3O JOS\u00c9"}},{"type":"Feature","geometry":{"type":"Point","coordinates":[-41.329122,-21.736186]},"properties":{"nome":"7 (136)","tipo":"caixa_ftth","bairro":"S\u00c3O JOS\u00c9"}},{"type":"Feature","geometry":{"type":"Point","coordinates":[-41.328615,-21.735759]},"properties":{"nome":"8 (166)","tipo":"caixa_ftth","bairro":"S\u00c3O JOS\u00c9"}},{"type":"Feature","geometry":{"type":"Point","coordinates":[-41.328092,-21.735325]},"properties":{"nome":"9 (194)","tipo":"caixa_ftth","bairro":"S\u00c3O JOS\u00c9"}},{"type":"Feature","geometry":{"type":"Point","coordinates":[-41.327467,-21.734808]},"properties":{"nome":"10 (214)","tipo":"caixa_ftth","bairro":"S\u00c3O JOS\u00c9"}},{"type":"Feature","geometry":{"type":"Point","coordinates":[-41.326938,-21.73436]},"properties":{"nome":"11 (220)","tipo":"caixa_ftth","bairro":"S\u00c3O JOS\u00c9"}},{"type":"Feature","geometry":{"type":"Point","coordinates":[-41.326354,-21.733863]},"properties":{"nome":"12 (242)","tipo":"caixa_ftth","bairro":"S\u00c3O JOS\u00c9"}},{"type":"Feature","geometry":{"type":"Point","coordinates":[-41.32584,-21.73349]},"properties":{"nome":"13 (268)","tipo":"caixa_ftth","bairro":"S\u00c3O JOS\u00c9"}},{"type":"Feature","geometry":{"type":"Point","coordinates":[-41.326124,-21.734064]},"properties":{"nome":"14 (17)","tipo":"caixa_ftth","bairro":"S\u00c3O JOS\u00c9"}},{"type":"Feature","geometry":{"type":"Point","coordinates":[-41.325721,-21.734472]},"properties":{"nome":"15 (25)","tipo":"caixa_ftth","bairro":"S\u00c3O JOS\u00c9"}},{"type":"Feature","geometry":{"type":"Point","coordinates":[-41.325513,-21.733992]},"properties":{"nome":"16 (52)","tipo":"caixa_ftth","bairro":"S\u00c3O JOS\u00c9"}},{"type":"Feature","geometry":{"type":"Point","coordinates":[-41.325482,-21.735104]},"properties":{"nome":"1 (345)","tipo":"caixa_ftth","bairro":"S\u00c3O JOS\u00c9"}},{"type":"Feature","geometry":{"type":"Point","coordinates":[-41.32485,-21.733877]},"properties":{"nome":"2 (415)","tipo":"caixa_ftth","bairro":"S\u00c3O JOS\u00c9"}},{"type":"Feature","geometry":{"type":"Point","coordinates":[-41.325101,-21.734356]},"properties":{"nome":"3 (389)","tipo":"caixa_ftth","bairro":"S\u00c3O JOS\u00c9"}},{"type":"Feature","geometry":{"type":"Point","coordinates":[-41.325383,-21.734931]},"properties":{"nome":"4 (355)","tipo":"caixa_ftth","bairro":"S\u00c3O JOS\u00c9"}},{"type":"Feature","geometry":{"type":"Point","coordinates":[-41.32458,-21.733238]},"properties":{"nome":"5 (451)","tipo":"caixa_ftth","bairro":"S\u00c3O JOS\u00c9"}},{"type":"Feature","geometry":{"type":"Point","coordinates":[-41.325795,-21.735632]},"properties":{"nome":"6 (281)","tipo":"caixa_ftth","bairro":"S\u00c3O JOS\u00c9"}},{"type":"Feature","geometry":{"type":"Point","coordinates":[-41.326294,-21.736078]},"properties":{"nome":"7 (257)","tipo":"caixa_ftth","bairro":"S\u00c3O JOS\u00c9"}},{"type":"Feature","geometry":{"type":"Point","coordinates":[-41.326575,-21.736311]},"properties":{"nome":"8 (243)","tipo":"caixa_ftth","bairro":"S\u00c3O JOS\u00c9"}},{"type":"Feature","geometry":{"type":"Point","coordinates":[-41.326857,-21.736553]},"properties":{"nome":"9 (223)","tipo":"caixa_ftth","bairro":"S\u00c3O JOS\u00c9"}},{"type":"Feature","geometry":{"type":"Point","coordinates":[-41.327283,-21.736907]},"properties":{"nome":"10 (203)","tipo":"caixa_ftth","bairro":"S\u00c3O JOS\u00c9"}},{"type":"Feature","geometry":{"type":"Point","coordinates":[-41.327713,-21.73726]},"properties":{"nome":"11 (181)","tipo":"caixa_ftth","bairro":"S\u00c3O JOS\u00c9"}},{"type":"Feature","geometry":{"type":"Point","coordinates":[-41.328301,-21.737766]},"properties":{"nome":"12 (157)","tipo":"caixa_ftth","bairro":"S\u00c3O JOS\u00c9"}},{"type":"Feature","geometry":{"type":"Point","coordinates":[-41.328538,-21.737964]},"properties":{"nome":"13 (141)","tipo":"caixa_ftth","bairro":"S\u00c3O JOS\u00c9"}},{"type":"Feature","geometry":{"type":"Point","coordinates":[-41.328919,-21.73829]},"properties":{"nome":"14 (123)","tipo":"caixa_ftth","bairro":"S\u00c3O JOS\u00c9"}},{"type":"Feature","geometry":{"type":"Point","coordinates":[-41.329436,-21.738721]},"properties":{"nome":"15 (91)","tipo":"caixa_ftth","bairro":"S\u00c3O JOS\u00c9"}},{"type":"Feature","geometry":{"type":"Point","coordinates":[-41.325146,-21.733029]},"properties":{"nome":"16 (48)","tipo":"caixa_ftth","bairro":"S\u00c3O JOS\u00c9"}},{"type":"Feature","geometry":{"type":"Point","coordinates":[-41.328283,-21.736537]},"properties":{"nome":"5 (163)","tipo":"caixa_ftth","bairro":"S\u00c3O JOS\u00c9"}},{"type":"Feature","geometry":{"type":"Point","coordinates":[-41.327032,-21.735572]},"properties":{"nome":"2 (230)","tipo":"caixa_ftth","bairro":"S\u00c3O JOS\u00c9"}},{"type":"Feature","geometry":{"type":"Point","coordinates":[-41.327467,-21.735844]},"properties":{"nome":"3 (201)","tipo":"caixa_ftth","bairro":"S\u00c3O JOS\u00c9"}},{"type":"Feature","geometry":{"type":"Point","coordinates":[-41.327726,-21.736064]},"properties":{"nome":"4 (183)","tipo":"caixa_ftth","bairro":"S\u00c3O JOS\u00c9"}},{"type":"Feature","geometry":{"type":"Point","coordinates":[-41.326493,-21.735033]},"properties":{"nome":"1 (260)","tipo":"caixa_ftth","bairro":"S\u00c3O JOS\u00c9"}},{"type":"Feature","geometry":{"type":"Point","coordinates":[-41.328855,-21.737019]},"properties":{"nome":"6 (146)","tipo":"caixa_ftth","bairro":"S\u00c3O JOS\u00c9"}},{"type":"Feature","geometry":{"type":"Point","coordinates":[-41.329395,-21.737466]},"properties":{"nome":"7 (105)","tipo":"caixa_ftth","bairro":"S\u00c3O JOS\u00c9"}},{"type":"Feature","geometry":{"type":"Point","coordinates":[-41.329935,-21.737913]},"properties":{"nome":"8 (90)","tipo":"caixa_ftth","bairro":"S\u00c3O JOS\u00c9"}},{"type":"Feature","geometry":{"type":"Point","coordinates":[-41.331692,-21.7392]},"properties":{"nome":"1 (1332)","tipo":"caixa_ftth","bairro":"S\u00c3O JOS\u00c9"}},{"type":"Feature","geometry":{"type":"Point","coordinates":[-41.331023,-21.738821]},"properties":{"nome":"2 (31)","tipo":"caixa_ftth","bairro":"S\u00c3O JOS\u00c9"}},{"type":"Feature","geometry":{"type":"Point","coordinates":[-41.330483,-21.738372]},"properties":{"nome":"3 (55)","tipo":"caixa_ftth","bairro":"S\u00c3O JOS\u00c9"}},{"type":"Feature","geometry":{"type":"Point","coordinates":[-41.331389,-21.739746]},"properties":{"nome":"4 (1308)","tipo":"caixa_ftth","bairro":"S\u00c3O JOS\u00c9"}},{"type":"Feature","geometry":{"type":"Point","coordinates":[-41.331138,-21.740145]},"properties":{"nome":"5 (1)","tipo":"caixa_ftth","bairro":"S\u00c3O JOS\u00c9"}},{"type":"Feature","geometry":{"type":"Point","coordinates":[-41.330613,-21.739725]},"properties":{"nome":"6 (33)","tipo":"caixa_ftth","bairro":"S\u00c3O JOS\u00c9"}},{"type":"Feature","geometry":{"type":"Point","coordinates":[-41.330066,-21.739254]},"properties":{"nome":"7 (65)","tipo":"caixa_ftth","bairro":"S\u00c3O JOS\u00c9"}},{"type":"Feature","geometry":{"type":"Point","coordinates":[-41.332642,-21.735158]},"properties":{"nome":"1 (17)","tipo":"caixa_ftth","bairro":"S\u00c3O JOS\u00c9"}},{"type":"Feature","geometry":{"type":"Point","coordinates":[-41.333397,-21.734935]},"properties":{"nome":"2 (40)","tipo":"caixa_ftth","bairro":"S\u00c3O JOS\u00c9"}},{"type":"Feature","geometry":{"type":"Point","coordinates":[-41.332757,-21.735628]},"properties":{"nome":"3 (13)","tipo":"caixa_ftth","bairro":"S\u00c3O JOS\u00c9"}},{"type":"Feature","geometry":{"type":"Point","coordinates":[-41.333659,-21.73537]},"properties":{"nome":"4 (43)","tipo":"caixa_ftth","bairro":"S\u00c3O JOS\u00c9"}},{"type":"Feature","geometry":{"type":"Point","coordinates":[-41.332616,-21.732762]},"properties":{"nome":"1 (77)","tipo":"caixa_ftth","bairro":"S\u00c3O JOS\u00c9"}},{"type":"Feature","geometry":{"type":"Point","coordinates":[-41.332087,-21.732916]},"properties":{"nome":"2 (55)","tipo":"caixa_ftth","bairro":"S\u00c3O JOS\u00c9"}},{"type":"Feature","geometry":{"type":"Point","coordinates":[-41.33114,-21.733218]},"properties":{"nome":"3 (25)","tipo":"caixa_ftth","bairro":"S\u00c3O JOS\u00c9"}},{"type":"Feature","geometry":{"type":"Point","coordinates":[-41.330614,-21.733374]},"properties":{"nome":"4 (3)","tipo":"caixa_ftth","bairro":"S\u00c3O JOS\u00c9"}},{"type":"Feature","geometry":{"type":"Point","coordinates":[-41.32992,-21.733973]},"properties":{"nome":"5 (85)","tipo":"caixa_ftth","bairro":"S\u00c3O JOS\u00c9"}},{"type":"Feature","geometry":{"type":"Point","coordinates":[-41.329301,-21.734439]},"properties":{"nome":"6 (60)","tipo":"caixa_ftth","bairro":"S\u00c3O JOS\u00c9"}},{"type":"Feature","geometry":{"type":"Point","coordinates":[-41.328573,-21.734621]},"properties":{"nome":"7 (31)","tipo":"caixa_ftth","bairro":"S\u00c3O JOS\u00c9"}},{"type":"Feature","geometry":{"type":"Point","coordinates":[-41.330371,-21.732617]},"properties":{"nome":"1 (273)","tipo":"caixa_ftth","bairro":"S\u00c3O JOS\u00c9"}},{"type":"Feature","geometry":{"type":"Point","coordinates":[-41.331123,-21.732657]},"properties":{"nome":"2 (25)","tipo":"caixa_ftth","bairro":"S\u00c3O JOS\u00c9"}},{"type":"Feature","geometry":{"type":"Point","coordinates":[-41.331945,-21.732402]},"properties":{"nome":"3 (57)","tipo":"caixa_ftth","bairro":"S\u00c3O JOS\u00c9"}},{"type":"Feature","geometry":{"type":"Point","coordinates":[-41.330279,-21.731899]},"properties":{"nome":"4 (301)","tipo":"caixa_ftth","bairro":"S\u00c3O JOS\u00c9"}},{"type":"Feature","geometry":{"type":"Point","coordinates":[-41.330941,-21.732016]},"properties":{"nome":"5 (23)","tipo":"caixa_ftth","bairro":"S\u00c3O JOS\u00c9"}},{"type":"Feature","geometry":{"type":"Point","coordinates":[-41.331856,-21.731716]},"properties":{"nome":"6 (53)","tipo":"caixa_ftth","bairro":"S\u00c3O JOS\u00c9"}},{"type":"Feature","geometry":{"type":"Point","coordinates":[-41.332365,-21.731958]},"properties":{"nome":"7 (160)","tipo":"caixa_ftth","bairro":"S\u00c3O JOS\u00c9"}},{"type":"Feature","geometry":{"type":"Point","coordinates":[-41.329643,-21.732453]},"properties":{"nome":"1 (137)","tipo":"caixa_ftth","bairro":"S\u00c3O JOS\u00c9"}},{"type":"Feature","geometry":{"type":"Point","coordinates":[-41.329018,-21.732613]},"properties":{"nome":"2 (119)","tipo":"caixa_ftth","bairro":"S\u00c3O JOS\u00c9"}},{"type":"Feature","geometry":{"type":"Point","coordinates":[-41.329262,-21.732945]},"properties":{"nome":"3 (41)","tipo":"caixa_ftth","bairro":"S\u00c3O JOS\u00c9"}},{"type":"Feature","geometry":{"type":"Point","coordinates":[-41.328829,-21.733477]},"properties":{"nome":"4 (72)","tipo":"caixa_ftth","bairro":"S\u00c3O JOS\u00c9"}},{"type":"Feature","geometry":{"type":"Point","coordinates":[-41.328515,-21.732723]},"properties":{"nome":"5 (105)","tipo":"caixa_ftth","bairro":"S\u00c3O JOS\u00c9"}},{"type":"Feature","geometry":{"type":"Point","coordinates":[-41.328186,-21.733092]},"properties":{"nome":"6 (61)","tipo":"caixa_ftth","bairro":"S\u00c3O JOS\u00c9"}},{"type":"Feature","geometry":{"type":"Point","coordinates":[-41.328391,-21.733921]},"properties":{"nome":"7 (23)","tipo":"caixa_ftth","bairro":"S\u00c3O JOS\u00c9"}},{"type":"Feature","geometry":{"type":"Point","coordinates":[-41.327662,-21.732903]},"properties":{"nome":"1 (81)","tipo":"caixa_ftth","bairro":"S\u00c3O JOS\u00c9"}},{"type":"Feature","geometry":{"type":"Point","coordinates":[-41.327448,-21.733575]},"properties":{"nome":"2 (43)","tipo":"caixa_ftth","bairro":"S\u00c3O JOS\u00c9"}},{"type":"Feature","geometry":{"type":"Point","coordinates":[-41.327571,-21.734108]},"properties":{"nome":"3 (23)","tipo":"caixa_ftth","bairro":"S\u00c3O JOS\u00c9"}},{"type":"Feature","geometry":{"type":"Point","coordinates":[-41.326792,-21.733073]},"properties":{"nome":"4 (55)","tipo":"caixa_ftth","bairro":"S\u00c3O JOS\u00c9"}},{"type":"Feature","geometry":{"type":"Point","coordinates":[-41.326032,-21.733361]},"properties":{"nome":"5 (39)","tipo":"caixa_ftth","bairro":"S\u00c3O JOS\u00c9"}},{"type":"Feature","geometry":{"type":"Point","coordinates":[-41.326623,-21.733854]},"properties":{"nome":"6 (254)","tipo":"caixa_ftth","bairro":"S\u00c3O JOS\u00c9"}},{"type":"Feature","geometry":{"type":"Point","coordinates":[-41.32704,-21.734198]},"properties":{"nome":"7 (229)","tipo":"caixa_ftth","bairro":"S\u00c3O JOS\u00c9"}},{"type":"Feature","geometry":{"type":"Point","coordinates":[-41.326836,-21.732893]},"properties":{"nome":"1 (74)","tipo":"caixa_ftth","bairro":"S\u00c3O JOS\u00c9"}},{"type":"Feature","geometry":{"type":"Point","coordinates":[-41.327462,-21.732774]},"properties":{"nome":"2 (65)","tipo":"caixa_ftth","bairro":"S\u00c3O JOS\u00c9"}},{"type":"Feature","geometry":{"type":"Point","coordinates":[-41.328191,-21.732608]},"properties":{"nome":"3 (134)","tipo":"caixa_ftth","bairro":"S\u00c3O JOS\u00c9"}},{"type":"Feature","geometry":{"type":"Point","coordinates":[-41.328833,-21.732478]},"properties":{"nome":"4 (140)","tipo":"caixa_ftth","bairro":"S\u00c3O JOS\u00c9"}},{"type":"Feature","geometry":{"type":"Point","coordinates":[-41.329162,-21.732407]},"properties":{"nome":"5 (148)","tipo":"caixa_ftth","bairro":"S\u00c3O JOS\u00c9"}},{"type":"Feature","geometry":{"type":"Point","coordinates":[-41.329678,-21.732291]},"properties":{"nome":"6 (168)","tipo":"caixa_ftth","bairro":"S\u00c3O JOS\u00c9"}},{"type":"Feature","geometry":{"type":"Point","coordinates":[-41.330208,-21.732742]},"properties":{"nome":"7 (278)","tipo":"caixa_ftth","bairro":"S\u00c3O JOS\u00c9"}},{"type":"Feature","geometry":{"type":"Point","coordinates":[-41.329748,-21.733195]},"properties":{"nome":"8 (274)","tipo":"caixa_ftth","bairro":"S\u00c3O JOS\u00c9"}},{"type":"Feature","geometry":{"type":"Point","coordinates":[-41.330333,-21.733416]},"properties":{"nome":"9 (246)","tipo":"caixa_ftth","bairro":"S\u00c3O JOS\u00c9"}},{"type":"Feature","geometry":{"type":"Point","coordinates":[-41.32633,-21.732859]},"properties":{"nome":"10 (64)","tipo":"caixa_ftth","bairro":"S\u00c3O JOS\u00c9"}},{"type":"Feature","geometry":{"type":"Point","coordinates":[-41.326261,-21.732554]},"properties":{"nome":"11 (15)","tipo":"caixa_ftth","bairro":"S\u00c3O JOS\u00c9"}},{"type":"Feature","geometry":{"type":"Point","coordinates":[-41.326136,-21.732085]},"properties":{"nome":"12 (33)","tipo":"caixa_ftth","bairro":"S\u00c3O JOS\u00c9"}},{"type":"Feature","geometry":{"type":"Point","coordinates":[-41.325645,-21.732207]},"properties":{"nome":"13 (47)","tipo":"caixa_ftth","bairro":"S\u00c3O JOS\u00c9"}},{"type":"Feature","geometry":{"type":"Point","coordinates":[-41.325006,-21.732339]},"properties":{"nome":"14 (25)","tipo":"caixa_ftth","bairro":"S\u00c3O JOS\u00c9"}},{"type":"Feature","geometry":{"type":"Point","coordinates":[-41.329949,-21.7291]},"properties":{"nome":"1 (20)","tipo":"caixa_ftth","bairro":"S\u00c3O JOS\u00c9"}},{"type":"Feature","geometry":{"type":"Point","coordinates":[-41.329418,-21.728504]},"properties":{"nome":"2 (4)","tipo":"caixa_ftth","bairro":"S\u00c3O JOS\u00c9"}},{"type":"Feature","geometry":{"type":"Point","coordinates":[-41.328829,-21.728662]},"properties":{"nome":"3 (43)","tipo":"caixa_ftth","bairro":"S\u00c3O JOS\u00c9"}},{"type":"Feature","geometry":{"type":"Point","coordinates":[-41.329272,-21.729187]},"properties":{"nome":"4 (29)","tipo":"caixa_ftth","bairro":"S\u00c3O JOS\u00c9"}},{"type":"Feature","geometry":{"type":"Point","coordinates":[-41.330391,-21.728307]},"properties":{"nome":"5 (70)","tipo":"caixa_ftth","bairro":"S\u00c3O JOS\u00c9"}},{"type":"Feature","geometry":{"type":"Point","coordinates":[-41.330581,-21.728655]},"properties":{"nome":"6 (92)","tipo":"caixa_ftth","bairro":"S\u00c3O JOS\u00c9"}},{"type":"Feature","geometry":{"type":"Point","coordinates":[-41.330019,-21.727717]},"properties":{"nome":"7 (54)","tipo":"caixa_ftth","bairro":"S\u00c3O JOS\u00c9"}},{"type":"Feature","geometry":{"type":"Point","coordinates":[-41.329719,-21.727229]},"properties":{"nome":"8 (25)","tipo":"caixa_ftth","bairro":"S\u00c3O JOS\u00c9"}},{"type":"Feature","geometry":{"type":"Point","coordinates":[-41.328098,-21.729552]},"properties":{"nome":"1 (443)","tipo":"caixa_ftth","bairro":"S\u00c3O JOS\u00c9"}},{"type":"Feature","geometry":{"type":"Point","coordinates":[-41.328684,-21.729626]},"properties":{"nome":"2 (7)","tipo":"caixa_ftth","bairro":"S\u00c3O JOS\u00c9"}},{"type":"Feature","geometry":{"type":"Point","coordinates":[-41.328335,-21.729181]},"properties":{"nome":"3 (15)","tipo":"caixa_ftth","bairro":"S\u00c3O JOS\u00c9"}},{"type":"Feature","geometry":{"type":"Point","coordinates":[-41.327883,-21.729887]},"properties":{"nome":"4 (88)","tipo":"caixa_ftth","bairro":"S\u00c3O JOS\u00c9"}},{"type":"Feature","geometry":{"type":"Point","coordinates":[-41.32744,-21.730453]},"properties":{"nome":"5 (57)","tipo":"caixa_ftth","bairro":"S\u00c3O JOS\u00c9"}},{"type":"Feature","geometry":{"type":"Point","coordinates":[-41.32667,-21.731145]},"properties":{"nome":"6 (27)","tipo":"caixa_ftth","bairro":"S\u00c3O JOS\u00c9"}},{"type":"Feature","geometry":{"type":"Point","coordinates":[-41.326295,-21.731516]},"properties":{"nome":"7 (5)","tipo":"caixa_ftth","bairro":"S\u00c3O JOS\u00c9"}},{"type":"Feature","geometry":{"type":"Point","coordinates":[-41.328238,-21.729818]},"properties":{"nome":"8 (438)","tipo":"caixa_ftth","bairro":"S\u00c3O JOS\u00c9"}},{"type":"Feature","geometry":{"type":"Point","coordinates":[-41.329512,-21.730825]},"properties":{"nome":"1 (345)","tipo":"caixa_ftth","bairro":"S\u00c3O JOS\u00c9"}},{"type":"Feature","geometry":{"type":"Point","coordinates":[-41.329897,-21.730296]},"properties":{"nome":"2 (21)","tipo":"caixa_ftth","bairro":"S\u00c3O JOS\u00c9"}},{"type":"Feature","geometry":{"type":"Point","coordinates":[-41.329966,-21.731365]},"properties":{"nome":"3 (321)","tipo":"caixa_ftth","bairro":"S\u00c3O JOS\u00c9"}},{"type":"Feature","geometry":{"type":"Point","coordinates":[-41.330632,-21.731449]},"properties":{"nome":"4 (21)","tipo":"caixa_ftth","bairro":"S\u00c3O JOS\u00c9"}},{"type":"Feature","geometry":{"type":"Point","coordinates":[-41.33035,-21.730806]},"properties":{"nome":"5 (23)","tipo":"caixa_ftth","bairro":"S\u00c3O JOS\u00c9"}},{"type":"Feature","geometry":{"type":"Point","coordinates":[-41.329103,-21.731271]},"properties":{"nome":"6 (24)","tipo":"caixa_ftth","bairro":"S\u00c3O JOS\u00c9"}},{"type":"Feature","geometry":{"type":"Point","coordinates":[-41.328556,-21.731776]},"properties":{"nome":"7 (44)","tipo":"caixa_ftth","bairro":"S\u00c3O JOS\u00c9"}},{"type":"Feature","geometry":{"type":"Point","coordinates":[-41.32802,-21.732261]},"properties":{"nome":"8 (72)","tipo":"caixa_ftth","bairro":"S\u00c3O JOS\u00c9"}},{"type":"Feature","geometry":{"type":"Point","coordinates":[-41.329018,-21.730226]},"properties":{"nome":"1 (399)","tipo":"caixa_ftth","bairro":"S\u00c3O JOS\u00c9"}},{"type":"Feature","geometry":{"type":"Point","coordinates":[-41.329337,-21.729929]},"properties":{"nome":"2 (17)","tipo":"caixa_ftth","bairro":"S\u00c3O JOS\u00c9"}},{"type":"Feature","geometry":{"type":"Point","coordinates":[-41.330309,-21.729478]},"properties":{"nome":"3 (46)","tipo":"caixa_ftth","bairro":"S\u00c3O JOS\u00c9"}},{"type":"Feature","geometry":{"type":"Point","coordinates":[-41.328813,-21.730797]},"properties":{"nome":"4 (13)","tipo":"caixa_ftth","bairro":"S\u00c3O JOS\u00c9"}},{"type":"Feature","geometry":{"type":"Point","coordinates":[-41.328086,-21.73144]},"properties":{"nome":"5 (44)","tipo":"caixa_ftth","bairro":"S\u00c3O JOS\u00c9"}},{"type":"Feature","geometry":{"type":"Point","coordinates":[-41.327607,-21.731912]},"properties":{"nome":"6 (70)","tipo":"caixa_ftth","bairro":"S\u00c3O JOS\u00c9"}},{"type":"Feature","geometry":{"type":"Point","coordinates":[-41.327314,-21.732178]},"properties":{"nome":"7 (90)","tipo":"caixa_ftth","bairro":"S\u00c3O JOS\u00c9"}},{"type":"Feature","geometry":{"type":"Point","coordinates":[-41.328546,-21.730581]},"properties":{"nome":"8 (92)","tipo":"caixa_ftth","bairro":"S\u00c3O JOS\u00c9"}},{"type":"Feature","geometry":{"type":"Point","coordinates":[-41.327571,-21.730982]},"properties":{"nome":"1 (49)","tipo":"caixa_ftth","bairro":"S\u00c3O JOS\u00c9"}},{"type":"Feature","geometry":{"type":"Point","coordinates":[-41.328317,-21.730263]},"properties":{"nome":"2 (54)","tipo":"caixa_ftth","bairro":"S\u00c3O JOS\u00c9"}},{"type":"Feature","geometry":{"type":"Point","coordinates":[-41.327084,-21.731442]},"properties":{"nome":"3 (15)","tipo":"caixa_ftth","bairro":"S\u00c3O JOS\u00c9"}},{"type":"Feature","geometry":{"type":"Point","coordinates":[-41.327054,-21.731948]},"properties":{"nome":"4 (5)","tipo":"caixa_ftth","bairro":"S\u00c3O JOS\u00c9"}},{"type":"Feature","geometry":{"type":"Point","coordinates":[-41.327579,-21.731465]},"properties":{"nome":"5 (45)","tipo":"caixa_ftth","bairro":"S\u00c3O JOS\u00c9"}},{"type":"Feature","geometry":{"type":"Point","coordinates":[-41.327989,-21.731082]},"properties":{"nome":"6 (70)","tipo":"caixa_ftth","bairro":"S\u00c3O JOS\u00c9"}},{"type":"Feature","geometry":{"type":"Point","coordinates":[-41.327551,-21.730695]},"properties":{"nome":"7 (32)","tipo":"caixa_ftth","bairro":"S\u00c3O JOS\u00c9"}},{"type":"Feature","geometry":{"type":"Point","coordinates":[-41.328046,-21.730245]},"properties":{"nome":"8 (10)","tipo":"caixa_ftth","bairro":"S\u00c3O JOS\u00c9"}},{"type":"Feature","geometry":{"type":"Point","coordinates":[-41.331505,-21.730804]},"properties":{"nome":"1 (108)","tipo":"caixa_ftth","bairro":"S\u00c3O JOS\u00c9"}},{"type":"Feature","geometry":{"type":"Point","coordinates":[-41.332019,-21.731384]},"properties":{"nome":"2 (134)","tipo":"caixa_ftth","bairro":"S\u00c3O JOS\u00c9"}},{"type":"Feature","geometry":{"type":"Point","coordinates":[-41.33092,-21.730159]},"properties":{"nome":"3 (76)","tipo":"caixa_ftth","bairro":"S\u00c3O JOS\u00c9"}},{"type":"Feature","geometry":{"type":"Point","coordinates":[-41.331997,-21.730345]},"properties":{"nome":"4 (50)","tipo":"caixa_ftth","bairro":"S\u00c3O JOS\u00c9"}},{"type":"Feature","geometry":{"type":"Point","coordinates":[-41.332584,-21.730978]},"properties":{"nome":"5 (80)","tipo":"caixa_ftth","bairro":"S\u00c3O JOS\u00c9"}},{"type":"Feature","geometry":{"type":"Point","coordinates":[-41.332946,-21.731636]},"properties":{"nome":"6 (85)","tipo":"caixa_ftth","bairro":"S\u00c3O JOS\u00c9"}},{"type":"Feature","geometry":{"type":"Point","coordinates":[-41.331542,-21.729859]},"properties":{"nome":"7 (26)","tipo":"caixa_ftth","bairro":"S\u00c3O JOS\u00c9"}},{"type":"Feature","geometry":{"type":"Point","coordinates":[-41.331128,-21.729325]},"properties":{"nome":"8 (2)","tipo":"caixa_ftth","bairro":"S\u00c3O JOS\u00c9"}},{"type":"Feature","geometry":{"type":"Point","coordinates":[-41.327389,-21.729144]},"properties":{"nome":"1 (489)","tipo":"caixa_ftth","bairro":"S\u00c3O JOS\u00c9"}},{"type":"Feature","geometry":{"type":"Point","coordinates":[-41.327887,-21.728631]},"properties":{"nome":"2 (23)","tipo":"caixa_ftth","bairro":"S\u00c3O JOS\u00c9"}},{"type":"Feature","geometry":{"type":"Point","coordinates":[-41.328313,-21.728227]},"properties":{"nome":"3 (49)","tipo":"caixa_ftth","bairro":"S\u00c3O JOS\u00c9"}},{"type":"Feature","geometry":{"type":"Point","coordinates":[-41.328855,-21.727705]},"properties":{"nome":"4 (79)","tipo":"caixa_ftth","bairro":"S\u00c3O JOS\u00c9"}},{"type":"Feature","geometry":{"type":"Point","coordinates":[-41.327739,-21.728444]},"properties":{"nome":"5 (34)","tipo":"caixa_ftth","bairro":"S\u00c3O JOS\u00c9"}},{"type":"Feature","geometry":{"type":"Point","coordinates":[-41.328199,-21.728014]},"properties":{"nome":"6 (60)","tipo":"caixa_ftth","bairro":"S\u00c3O JOS\u00c9"}},{"type":"Feature","geometry":{"type":"Point","coordinates":[-41.328678,-21.727544]},"properties":{"nome":"7 (90)","tipo":"caixa_ftth","bairro":"S\u00c3O JOS\u00c9"}},{"type":"Feature","geometry":{"type":"Point","coordinates":[-41.327774,-21.729372]},"properties":{"nome":"8 (459)","tipo":"caixa_ftth","bairro":"S\u00c3O JOS\u00c9"}},{"type":"Feature","geometry":{"type":"Point","coordinates":[-41.325222,-21.723705]},"properties":{"nome":"1 (115)","tipo":"caixa_ftth","bairro":"S\u00c3O JOS\u00c9"}},{"type":"Feature","geometry":{"type":"Point","coordinates":[-41.325604,-21.723825]},"properties":{"nome":"2 (27)","tipo":"caixa_ftth","bairro":"S\u00c3O JOS\u00c9"}},{"type":"Feature","geometry":{"type":"Point","coordinates":[-41.326276,-21.724006]},"properties":{"nome":"3 (49)","tipo":"caixa_ftth","bairro":"S\u00c3O JOS\u00c9"}},{"type":"Feature","geometry":{"type":"Point","coordinates":[-41.326712,-21.724127]},"properties":{"nome":"4 (56)","tipo":"caixa_ftth","bairro":"S\u00c3O JOS\u00c9"}},{"type":"Feature","geometry":{"type":"Point","coordinates":[-41.326112,-21.72351]},"properties":{"nome":"5 (19)","tipo":"caixa_ftth","bairro":"S\u00c3O JOS\u00c9"}},{"type":"Feature","geometry":{"type":"Point","coordinates":[-41.326511,-21.723377]},"properties":{"nome":"6 (86)","tipo":"caixa_ftth","bairro":"S\u00c3O JOS\u00c9"}},{"type":"Feature","geometry":{"type":"Point","coordinates":[-41.327158,-21.723562]},"properties":{"nome":"7 (61)","tipo":"caixa_ftth","bairro":"S\u00c3O JOS\u00c9"}},{"type":"Feature","geometry":{"type":"Point","coordinates":[-41.325815,-21.723196]},"properties":{"nome":"8 (30)","tipo":"caixa_ftth","bairro":"S\u00c3O JOS\u00c9"}},{"type":"Feature","geometry":{"type":"Point","coordinates":[-41.324817,-21.725076]},"properties":{"nome":"1 (69)","tipo":"caixa_ftth","bairro":"S\u00c3O JOS\u00c9"}},{"type":"Feature","geometry":{"type":"Point","coordinates":[-41.325513,-21.725238]},"properties":{"nome":"2 (25)","tipo":"caixa_ftth","bairro":"S\u00c3O JOS\u00c9"}},{"type":"Feature","geometry":{"type":"Point","coordinates":[-41.325927,-21.725358]},"properties":{"nome":"3 (20)","tipo":"caixa_ftth","bairro":"S\u00c3O JOS\u00c9"}},{"type":"Feature","geometry":{"type":"Point","coordinates":[-41.326459,-21.725443]},"properties":{"nome":"4 (51)","tipo":"caixa_ftth","bairro":"S\u00c3O JOS\u00c9"}},{"type":"Feature","geometry":{"type":"Point","coordinates":[-41.325177,-21.724411]},"properties":{"nome":"5 (6)","tipo":"caixa_ftth","bairro":"S\u00c3O JOS\u00c9"}},{"type":"Feature","geometry":{"type":"Point","coordinates":[-41.325737,-21.724557]},"properties":{"nome":"6 (28)","tipo":"caixa_ftth","bairro":"S\u00c3O JOS\u00c9"}},{"type":"Feature","geometry":{"type":"Point","coordinates":[-41.326057,-21.724651]},"properties":{"nome":"7 (31)","tipo":"caixa_ftth","bairro":"S\u00c3O JOS\u00c9"}},{"type":"Feature","geometry":{"type":"Point","coordinates":[-41.326565,-21.724768]},"properties":{"nome":"8 (54)","tipo":"caixa_ftth","bairro":"S\u00c3O JOS\u00c9"}},{"type":"Feature","geometry":{"type":"Point","coordinates":[-41.325162,-21.726462]},"properties":{"nome":"1 (28)","tipo":"caixa_ftth","bairro":"S\u00c3O JOS\u00c9"}},{"type":"Feature","geometry":{"type":"Point","coordinates":[-41.324428,-21.726214]},"properties":{"nome":"2 (46)","tipo":"caixa_ftth","bairro":"S\u00c3O JOS\u00c9"}},{"type":"Feature","geometry":{"type":"Point","coordinates":[-41.32432,-21.726542]},"properties":{"nome":"3 (27)","tipo":"caixa_ftth","bairro":"S\u00c3O JOS\u00c9"}},{"type":"Feature","geometry":{"type":"Point","coordinates":[-41.324628,-21.725555]},"properties":{"nome":"4 (55)","tipo":"caixa_ftth","bairro":"S\u00c3O JOS\u00c9"}},{"type":"Feature","geometry":{"type":"Point","coordinates":[-41.325338,-21.725819]},"properties":{"nome":"5 (24)","tipo":"caixa_ftth","bairro":"S\u00c3O JOS\u00c9"}},{"type":"Feature","geometry":{"type":"Point","coordinates":[-41.325764,-21.725896]},"properties":{"nome":"6 (42)","tipo":"caixa_ftth","bairro":"S\u00c3O JOS\u00c9"}},{"type":"Feature","geometry":{"type":"Point","coordinates":[-41.326414,-21.726119]},"properties":{"nome":"7 (62)","tipo":"caixa_ftth","bairro":"S\u00c3O JOS\u00c9"}},{"type":"Feature","geometry":{"type":"Point","coordinates":[-41.326735,-21.726202]},"properties":{"nome":"8 (68)","tipo":"caixa_ftth","bairro":"S\u00c3O JOS\u00c9"}},{"type":"Feature","geometry":{"type":"Point","coordinates":[-41.324144,-21.727122]},"properties":{"nome":"1 (9)","tipo":"caixa_ftth","bairro":"S\u00c3O JOS\u00c9"}},{"type":"Feature","geometry":{"type":"Point","coordinates":[-41.32462,-21.72696]},"properties":{"nome":"2 (17)","tipo":"caixa_ftth","bairro":"S\u00c3O JOS\u00c9"}},{"type":"Feature","geometry":{"type":"Point","coordinates":[-41.325254,-21.726902]},"properties":{"nome":"3 (37)","tipo":"caixa_ftth","bairro":"S\u00c3O JOS\u00c9"}},{"type":"Feature","geometry":{"type":"Point","coordinates":[-41.324607,-21.727566]},"properties":{"nome":"4 (87)","tipo":"caixa_ftth","bairro":"S\u00c3O JOS\u00c9"}},{"type":"Feature","geometry":{"type":"Point","coordinates":[-41.323512,-21.727072]},"properties":{"nome":"5 (673)","tipo":"caixa_ftth","bairro":"S\u00c3O JOS\u00c9"}},{"type":"Feature","geometry":{"type":"Point","coordinates":[-41.323188,-21.726944]},"properties":{"nome":"6 (685)","tipo":"caixa_ftth","bairro":"S\u00c3O JOS\u00c9"}},{"type":"Feature","geometry":{"type":"Point","coordinates":[-41.322021,-21.726756]},"properties":{"nome":"7 (727)","tipo":"caixa_ftth","bairro":"S\u00c3O JOS\u00c9"}},{"type":"Feature","geometry":{"type":"Point","coordinates":[-41.326954,-21.728656]},"properties":{"nome":"1 (12)","tipo":"caixa_ftth","bairro":"S\u00c3O JOS\u00c9"}},{"type":"Feature","geometry":{"type":"Point","coordinates":[-41.327325,-21.728214]},"properties":{"nome":"2 (38)","tipo":"caixa_ftth","bairro":"S\u00c3O JOS\u00c9"}},{"type":"Feature","geometry":{"type":"Point","coordinates":[-41.327798,-21.72777]},"properties":{"nome":"3 (52)","tipo":"caixa_ftth","bairro":"S\u00c3O JOS\u00c9"}},{"type":"Feature","geometry":{"type":"Point","coordinates":[-41.326578,-21.728985]},"properties":{"nome":"4 (522)","tipo":"caixa_ftth","bairro":"S\u00c3O JOS\u00c9"}},{"type":"Feature","geometry":{"type":"Point","coordinates":[-41.32606,-21.729102]},"properties":{"nome":"5 (119)","tipo":"caixa_ftth","bairro":"S\u00c3O JOS\u00c9"}},{"type":"Feature","geometry":{"type":"Point","coordinates":[-41.325522,-21.728751]},"properties":{"nome":"6 (63)","tipo":"caixa_ftth","bairro":"S\u00c3O JOS\u00c9"}},{"type":"Feature","geometry":{"type":"Point","coordinates":[-41.325056,-21.728291]},"properties":{"nome":"7 (41)","tipo":"caixa_ftth","bairro":"S\u00c3O JOS\u00c9"}},{"type":"Feature","geometry":{"type":"Point","coordinates":[-41.324612,-21.727872]},"properties":{"nome":"8 (21)","tipo":"caixa_ftth","bairro":"S\u00c3O JOS\u00c9"}},{"type":"Feature","geometry":{"type":"Point","coordinates":[-41.325683,-21.728171]},"properties":{"nome":"1 (35)","tipo":"caixa_ftth","bairro":"S\u00c3O JOS\u00c9"}},{"type":"Feature","geometry":{"type":"Point","coordinates":[-41.326583,-21.728678]},"properties":{"nome":"2 (9)","tipo":"caixa_ftth","bairro":"S\u00c3O JOS\u00c9"}},{"type":"Feature","geometry":{"type":"Point","coordinates":[-41.325126,-21.727844]},"properties":{"nome":"3 (606)","tipo":"caixa_ftth","bairro":"S\u00c3O JOS\u00c9"}},{"type":"Feature","geometry":{"type":"Point","coordinates":[-41.325906,-21.727506]},"properties":{"nome":"4 (35)","tipo":"caixa_ftth","bairro":"S\u00c3O JOS\u00c9"}},{"type":"Feature","geometry":{"type":"Point","coordinates":[-41.326462,-21.727297]},"properties":{"nome":"5 (49)","tipo":"caixa_ftth","bairro":"S\u00c3O JOS\u00c9"}},{"type":"Feature","geometry":{"type":"Point","coordinates":[-41.326876,-21.72718]},"properties":{"nome":"6 (58)","tipo":"caixa_ftth","bairro":"S\u00c3O JOS\u00c9"}},{"type":"Feature","geometry":{"type":"Point","coordinates":[-41.326553,-21.727885]},"properties":{"nome":"7 (32)","tipo":"caixa_ftth","bairro":"S\u00c3O JOS\u00c9"}},{"type":"Feature","geometry":{"type":"Point","coordinates":[-41.326969,-21.727703]},"properties":{"nome":"8 (52)","tipo":"caixa_ftth","bairro":"S\u00c3O JOS\u00c9"}},{"type":"Feature","geometry":{"type":"Point","coordinates":[-41.327648,-21.727468]},"properties":{"nome":"1 (72)","tipo":"caixa_ftth","bairro":"S\u00c3O JOS\u00c9"}},{"type":"Feature","geometry":{"type":"Point","coordinates":[-41.3281,-21.727284]},"properties":{"nome":"2 (88)","tipo":"caixa_ftth","bairro":"S\u00c3O JOS\u00c9"}},{"type":"Feature","geometry":{"type":"Point","coordinates":[-41.328562,-21.726958]},"properties":{"nome":"3 (149)","tipo":"caixa_ftth","bairro":"S\u00c3O JOS\u00c9"}},{"type":"Feature","geometry":{"type":"Point","coordinates":[-41.327977,-21.72676]},"properties":{"nome":"4 (144)","tipo":"caixa_ftth","bairro":"S\u00c3O JOS\u00c9"}},{"type":"Feature","geometry":{"type":"Point","coordinates":[-41.327318,-21.72658]},"properties":{"nome":"5 (88)","tipo":"caixa_ftth","bairro":"S\u00c3O JOS\u00c9"}},{"type":"Feature","geometry":{"type":"Point","coordinates":[-41.326727,-21.726708]},"properties":{"nome":"6 (75)","tipo":"caixa_ftth","bairro":"S\u00c3O JOS\u00c9"}},{"type":"Feature","geometry":{"type":"Point","coordinates":[-41.326041,-21.726769]},"properties":{"nome":"7 (57)","tipo":"caixa_ftth","bairro":"S\u00c3O JOS\u00c9"}},{"type":"Feature","geometry":{"type":"Point","coordinates":[-41.326398,-21.7265]},"properties":{"nome":"8 (19)","tipo":"caixa_ftth","bairro":"S\u00c3O JOS\u00c9"}},{"type":"Feature","geometry":{"type":"Point","coordinates":[-41.32384,-21.723077]},"properties":{"nome":"1 (53)","tipo":"caixa_ftth","bairro":"S\u00c3O JOS\u00c9"}},{"type":"Feature","geometry":{"type":"Point","coordinates":[-41.323916,-21.723751]},"properties":{"nome":"2 (27)","tipo":"caixa_ftth","bairro":"S\u00c3O JOS\u00c9"}},{"type":"Feature","geometry":{"type":"Point","coordinates":[-41.324097,-21.724521]},"properties":{"nome":"3 (89)","tipo":"caixa_ftth","bairro":"S\u00c3O JOS\u00c9"}},{"type":"Feature","geometry":{"type":"Point","coordinates":[-41.324537,-21.725151]},"properties":{"nome":"4 (12)","tipo":"caixa_ftth","bairro":"S\u00c3O JOS\u00c9"}},{"type":"Feature","geometry":{"type":"Point","coordinates":[-41.323523,-21.724721]},"properties":{"nome":"5 (286)","tipo":"caixa_ftth","bairro":"S\u00c3O JOS\u00c9"}},{"type":"Feature","geometry":{"type":"Point","coordinates":[-41.323606,-21.725421]},"properties":{"nome":"6 (316)","tipo":"caixa_ftth","bairro":"S\u00c3O JOS\u00c9"}},{"type":"Feature","geometry":{"type":"Point","coordinates":[-41.323702,-21.726128]},"properties":{"nome":"7 (352)","tipo":"caixa_ftth","bairro":"S\u00c3O JOS\u00c9"}},{"type":"Feature","geometry":{"type":"Point","coordinates":[-41.323707,-21.726859]},"properties":{"nome":"8 (394)","tipo":"caixa_ftth","bairro":"S\u00c3O JOS\u00c9"}},{"type":"Feature","geometry":{"type":"Point","coordinates":[-41.322348,-21.724191]},"properties":{"nome":"1 (366)","tipo":"caixa_ftth","bairro":"S\u00c3O JOS\u00c9"}},{"type":"Feature","geometry":{"type":"Point","coordinates":[-41.322299,-21.723822]},"properties":{"nome":"2 (344)","tipo":"caixa_ftth","bairro":"S\u00c3O JOS\u00c9"}},{"type":"Feature","geometry":{"type":"Point","coordinates":[-41.32224,-21.723364]},"properties":{"nome":"3 (330)","tipo":"caixa_ftth","bairro":"S\u00c3O JOS\u00c9"}},{"type":"Feature","geometry":{"type":"Point","coordinates":[-41.322185,-21.722936]},"properties":{"nome":"4 (324)","tipo":"caixa_ftth","bairro":"S\u00c3O JOS\u00c9"}},{"type":"Feature","geometry":{"type":"Point","coordinates":[-41.322618,-21.722448]},"properties":{"nome":"5 (292)","tipo":"caixa_ftth","bairro":"S\u00c3O JOS\u00c9"}},{"type":"Feature","geometry":{"type":"Point","coordinates":[-41.322734,-21.721858]},"properties":{"nome":"6 (266)","tipo":"caixa_ftth","bairro":"S\u00c3O JOS\u00c9"}},{"type":"Feature","geometry":{"type":"Point","coordinates":[-41.323056,-21.72115]},"properties":{"nome":"8 (141)","tipo":"caixa_ftth","bairro":"S\u00c3O JOS\u00c9"}},{"type":"Feature","geometry":{"type":"Point","coordinates":[-41.323147,-21.721887]},"properties":{"nome":"7 (175)","tipo":"caixa_ftth","bairro":"S\u00c3O JOS\u00c9"}},{"type":"Feature","geometry":{"type":"Point","coordinates":[-41.323239,-21.722599]},"properties":{"nome":"9 (204)","tipo":"caixa_ftth","bairro":"S\u00c3O JOS\u00c9"}},{"type":"Feature","geometry":{"type":"Point","coordinates":[-41.323292,-21.722944]},"properties":{"nome":"10 (212)","tipo":"caixa_ftth","bairro":"S\u00c3O JOS\u00c9"}},{"type":"Feature","geometry":{"type":"Point","coordinates":[-41.323377,-21.723654]},"properties":{"nome":"11 (248)","tipo":"caixa_ftth","bairro":"S\u00c3O JOS\u00c9"}},{"type":"Feature","geometry":{"type":"Point","coordinates":[-41.323431,-21.724002]},"properties":{"nome":"12 (260)","tipo":"caixa_ftth","bairro":"S\u00c3O JOS\u00c9"}},{"type":"Feature","geometry":{"type":"Point","coordinates":[-41.322458,-21.726548]},"properties":{"nome":"1","tipo":"caixa_ftth","bairro":"S\u00c3O JOS\u00c9"}},{"type":"Feature","geometry":{"type":"Point","coordinates":[-41.322333,-21.72563]},"properties":{"nome":"2 (423)","tipo":"caixa_ftth","bairro":"S\u00c3O JOS\u00c9"}},{"type":"Feature","geometry":{"type":"Point","coordinates":[-41.32226,-21.725025]},"properties":{"nome":"3 (395)","tipo":"caixa_ftth","bairro":"S\u00c3O JOS\u00c9"}},{"type":"Feature","geometry":{"type":"Point","coordinates":[-41.322165,-21.724216]},"properties":{"nome":"4 (369)","tipo":"caixa_ftth","bairro":"S\u00c3O JOS\u00c9"}},{"type":"Feature","geometry":{"type":"Point","coordinates":[-41.322032,-21.723271]},"properties":{"nome":"5 (333)","tipo":"caixa_ftth","bairro":"S\u00c3O JOS\u00c9"}},{"type":"Feature","geometry":{"type":"Point","coordinates":[-41.321975,-21.722904]},"properties":{"nome":"6 (323)","tipo":"caixa_ftth","bairro":"S\u00c3O JOS\u00c9"}},{"type":"Feature","geometry":{"type":"Point","coordinates":[-41.32142,-21.72245]},"properties":{"nome":"7 (287)","tipo":"caixa_ftth","bairro":"S\u00c3O JOS\u00c9"}},{"type":"Feature","geometry":{"type":"Point","coordinates":[-41.322133,-21.724745]},"properties":{"nome":"8 (29)","tipo":"caixa_ftth","bairro":"S\u00c3O JOS\u00c9"}},{"type":"Feature","geometry":{"type":"Point","coordinates":[-41.321415,-21.724823]},"properties":{"nome":"9 (5)","tipo":"caixa_ftth","bairro":"S\u00c3O JOS\u00c9"}},{"type":"Feature","geometry":{"type":"Point","coordinates":[-41.321236,-21.725061]},"properties":{"nome":"10 (340)","tipo":"caixa_ftth","bairro":"S\u00c3O JOS\u00c9"}},{"type":"Feature","geometry":{"type":"Point","coordinates":[-41.32133,-21.725767]},"properties":{"nome":"11 (363)","tipo":"caixa_ftth","bairro":"S\u00c3O JOS\u00c9"}},{"type":"Feature","geometry":{"type":"Point","coordinates":[-41.320911,-21.725609]},"properties":{"nome":"12 (771)","tipo":"caixa_ftth","bairro":"S\u00c3O JOS\u00c9"}},{"type":"Feature","geometry":{"type":"Point","coordinates":[-41.320239,-21.724778]},"properties":{"nome":"13 (799)","tipo":"caixa_ftth","bairro":"S\u00c3O JOS\u00c9"}},{"type":"Feature","geometry":{"type":"Point","coordinates":[-41.319511,-21.724006]},"properties":{"nome":"14 (827)","tipo":"caixa_ftth","bairro":"S\u00c3O JOS\u00c9"}},{"type":"Feature","geometry":{"type":"Point","coordinates":[-41.318938,-21.723467]},"properties":{"nome":"15 (875)","tipo":"caixa_ftth","bairro":"S\u00c3O JOS\u00c9"}},{"type":"Feature","geometry":{"type":"Point","coordinates":[-41.318482,-21.723079]},"properties":{"nome":"16 (895)","tipo":"caixa_ftth","bairro":"S\u00c3O JOS\u00c9"}},{"type":"Feature","geometry":{"type":"Point","coordinates":[-41.321153,-21.724345]},"properties":{"nome":"1 (318)","tipo":"caixa_ftth","bairro":"S\u00c3O JOS\u00c9"}},{"type":"Feature","geometry":{"type":"Point","coordinates":[-41.321062,-21.723625]},"properties":{"nome":"2 (282)","tipo":"caixa_ftth","bairro":"S\u00c3O JOS\u00c9"}},{"type":"Feature","geometry":{"type":"Point","coordinates":[-41.320974,-21.722934]},"properties":{"nome":"3 (262)","tipo":"caixa_ftth","bairro":"S\u00c3O JOS\u00c9"}},{"type":"Feature","geometry":{"type":"Point","coordinates":[-41.320881,-21.722199]},"properties":{"nome":"4 (230)","tipo":"caixa_ftth","bairro":"S\u00c3O JOS\u00c9"}},{"type":"Feature","geometry":{"type":"Point","coordinates":[-41.320373,-21.722296]},"properties":{"nome":"5 (69)","tipo":"caixa_ftth","bairro":"S\u00c3O JOS\u00c9"}},{"type":"Feature","geometry":{"type":"Point","coordinates":[-41.319987,-21.722537]},"properties":{"nome":"6 (58)","tipo":"caixa_ftth","bairro":"S\u00c3O JOS\u00c9"}},{"type":"Feature","geometry":{"type":"Point","coordinates":[-41.319479,-21.72291]},"properties":{"nome":"7 (30)","tipo":"caixa_ftth","bairro":"S\u00c3O JOS\u00c9"}},{"type":"Feature","geometry":{"type":"Point","coordinates":[-41.319072,-21.723201]},"properties":{"nome":"8 (8)","tipo":"caixa_ftth","bairro":"S\u00c3O JOS\u00c9"}},{"type":"Feature","geometry":{"type":"Point","coordinates":[-41.321159,-21.721655]},"properties":{"nome":"1 (259)","tipo":"caixa_ftth","bairro":"S\u00c3O JOS\u00c9"}},{"type":"Feature","geometry":{"type":"Point","coordinates":[-41.321374,-21.721071]},"properties":{"nome":"2 (241)","tipo":"caixa_ftth","bairro":"S\u00c3O JOS\u00c9"}},{"type":"Feature","geometry":{"type":"Point","coordinates":[-41.320793,-21.721498]},"properties":{"nome":"3 (204)","tipo":"caixa_ftth","bairro":"S\u00c3O JOS\u00c9"}},{"type":"Feature","geometry":{"type":"Point","coordinates":[-41.320514,-21.720897]},"properties":{"nome":"4 (245)","tipo":"caixa_ftth","bairro":"S\u00c3O JOS\u00c9"}},{"type":"Feature","geometry":{"type":"Point","coordinates":[-41.319907,-21.720719]},"properties":{"nome":"5 (231)","tipo":"caixa_ftth","bairro":"S\u00c3O JOS\u00c9"}},{"type":"Feature","geometry":{"type":"Point","coordinates":[-41.31942,-21.720654]},"properties":{"nome":"6 (213)","tipo":"caixa_ftth","bairro":"S\u00c3O JOS\u00c9"}},{"type":"Feature","geometry":{"type":"Point","coordinates":[-41.319016,-21.720527]},"properties":{"nome":"7 (209)","tipo":"caixa_ftth","bairro":"S\u00c3O JOS\u00c9"}},{"type":"Feature","geometry":{"type":"Point","coordinates":[-41.31867,-21.720422]},"properties":{"nome":"8 (191)","tipo":"caixa_ftth","bairro":"S\u00c3O JOS\u00c9"}},{"type":"Feature","geometry":{"type":"Point","coordinates":[-41.320208,-21.721961]},"properties":{"nome":"1 (176)","tipo":"caixa_ftth","bairro":"S\u00c3O JOS\u00c9"}},{"type":"Feature","geometry":{"type":"Point","coordinates":[-41.319651,-21.721801]},"properties":{"nome":"2 (145)","tipo":"caixa_ftth","bairro":"S\u00c3O JOS\u00c9"}},{"type":"Feature","geometry":{"type":"Point","coordinates":[-41.318913,-21.721589]},"properties":{"nome":"3 (117)","tipo":"caixa_ftth","bairro":"S\u00c3O JOS\u00c9"}},{"type":"Feature","geometry":{"type":"Point","coordinates":[-41.318617,-21.721494]},"properties":{"nome":"4 (103)","tipo":"caixa_ftth","bairro":"S\u00c3O JOS\u00c9"}},{"type":"Feature","geometry":{"type":"Point","coordinates":[-41.318067,-21.721316]},"properties":{"nome":"5 (81)","tipo":"caixa_ftth","bairro":"S\u00c3O JOS\u00c9"}},{"type":"Feature","geometry":{"type":"Point","coordinates":[-41.317456,-21.721073]},"properties":{"nome":"6 (106)","tipo":"caixa_ftth","bairro":"S\u00c3O JOS\u00c9"}},{"type":"Feature","geometry":{"type":"Point","coordinates":[-41.317864,-21.721761]},"properties":{"nome":"7 (50)","tipo":"caixa_ftth","bairro":"S\u00c3O JOS\u00c9"}},{"type":"Feature","geometry":{"type":"Point","coordinates":[-41.318028,-21.720703]},"properties":{"nome":"8 (3)","tipo":"caixa_ftth","bairro":"S\u00c3O JOS\u00c9"}},{"type":"Feature","geometry":{"type":"Point","coordinates":[-41.343625,-21.728154]},"properties":{"nome":"1 (287)","tipo":"caixa_ftth","bairro":"S\u00c3O JOS\u00c9"}},{"type":"Feature","geometry":{"type":"Point","coordinates":[-41.34293,-21.727851]},"properties":{"nome":"2 (367)","tipo":"caixa_ftth","bairro":"S\u00c3O JOS\u00c9"}},{"type":"Feature","geometry":{"type":"Point","coordinates":[-41.342082,-21.727478]},"properties":{"nome":"3 (471)","tipo":"caixa_ftth","bairro":"S\u00c3O JOS\u00c9"}},{"type":"Feature","geometry":{"type":"Point","coordinates":[-41.341209,-21.728279]},"properties":{"nome":"4 (5)","tipo":"caixa_ftth","bairro":"S\u00c3O JOS\u00c9"}},{"type":"Feature","geometry":{"type":"Point","coordinates":[-41.343573,-21.728576]},"properties":{"nome":"5 (120)","tipo":"caixa_ftth","bairro":"S\u00c3O JOS\u00c9"}},{"type":"Feature","geometry":{"type":"Point","coordinates":[-41.34273,-21.728196]},"properties":{"nome":"6 (208)","tipo":"caixa_ftth","bairro":"S\u00c3O JOS\u00c9"}},{"type":"Feature","geometry":{"type":"Point","coordinates":[-41.344324,-21.728902]},"properties":{"nome":"7 (55)","tipo":"caixa_ftth","bairro":"S\u00c3O JOS\u00c9"}},{"type":"Feature","geometry":{"type":"Point","coordinates":[-41.34316,-21.728803]},"properties":{"nome":"8 (143)","tipo":"caixa_ftth","bairro":"S\u00c3O JOS\u00c9"}},{"type":"Feature","geometry":{"type":"Point","coordinates":[-41.342571,-21.728554]},"properties":{"nome":"9 (215)","tipo":"caixa_ftth","bairro":"S\u00c3O JOS\u00c9"}},{"type":"Feature","geometry":{"type":"Point","coordinates":[-41.344165,-21.729253]},"properties":{"nome":"10 (39)","tipo":"caixa_ftth","bairro":"S\u00c3O JOS\u00c9"}},{"type":"Feature","geometry":{"type":"Point","coordinates":[-41.342677,-21.729022]},"properties":{"nome":"11 (79)","tipo":"caixa_ftth","bairro":"S\u00c3O JOS\u00c9"}},{"type":"Feature","geometry":{"type":"Point","coordinates":[-41.343928,-21.728449]},"properties":{"nome":"CEO MINI","tipo":"emenda","bairro":"S\u00c3O JOS\u00c9"}},{"type":"Feature","geometry":{"type":"Point","coordinates":[-41.34261,-21.726435]},"properties":{"nome":"1 (128)","tipo":"caixa_ftth","bairro":"S\u00c3O JOS\u00c9"}},{"type":"Feature","geometry":{"type":"Point","coordinates":[-41.34318,-21.726694]},"properties":{"nome":"2 (64)","tipo":"caixa_ftth","bairro":"S\u00c3O JOS\u00c9"}},{"type":"Feature","geometry":{"type":"Point","coordinates":[-41.342437,-21.726782]},"properties":{"nome":"3 (471)","tipo":"caixa_ftth","bairro":"S\u00c3O JOS\u00c9"}},{"type":"Feature","geometry":{"type":"Point","coordinates":[-41.343019,-21.72705]},"properties":{"nome":"4 (399)","tipo":"caixa_ftth","bairro":"S\u00c3O JOS\u00c9"}},{"type":"Feature","geometry":{"type":"Point","coordinates":[-41.34383,-21.727403]},"properties":{"nome":"5 (304)","tipo":"caixa_ftth","bairro":"S\u00c3O JOS\u00c9"}},{"type":"Feature","geometry":{"type":"Point","coordinates":[-41.344632,-21.727764]},"properties":{"nome":"6 (215)","tipo":"caixa_ftth","bairro":"S\u00c3O JOS\u00c9"}},{"type":"Feature","geometry":{"type":"Point","coordinates":[-41.345092,-21.727966]},"properties":{"nome":"7 (168)","tipo":"caixa_ftth","bairro":"S\u00c3O JOS\u00c9"}},{"type":"Feature","geometry":{"type":"Point","coordinates":[-41.345655,-21.728214]},"properties":{"nome":"8 (95)","tipo":"caixa_ftth","bairro":"S\u00c3O JOS\u00c9"}},{"type":"Feature","geometry":{"type":"Point","coordinates":[-41.346215,-21.728457]},"properties":{"nome":"9 (32)","tipo":"caixa_ftth","bairro":"S\u00c3O JOS\u00c9"}},{"type":"Feature","geometry":{"type":"Point","coordinates":[-41.345245,-21.72761]},"properties":{"nome":"10 (168)","tipo":"caixa_ftth","bairro":"S\u00c3O JOS\u00c9"}},{"type":"Feature","geometry":{"type":"Point","coordinates":[-41.346084,-21.727981]},"properties":{"nome":"11 (72)","tipo":"caixa_ftth","bairro":"S\u00c3O JOS\u00c9"}},{"type":"Feature","geometry":{"type":"Point","coordinates":[-41.342541,-21.727251]},"properties":{"nome":"1 (439)","tipo":"caixa_ftth","bairro":"S\u00c3O JOS\u00c9"}},{"type":"Feature","geometry":{"type":"Point","coordinates":[-41.343388,-21.727623]},"properties":{"nome":"2 (343)","tipo":"caixa_ftth","bairro":"S\u00c3O JOS\u00c9"}},{"type":"Feature","geometry":{"type":"Point","coordinates":[-41.344396,-21.728063]},"properties":{"nome":"3 (215)","tipo":"caixa_ftth","bairro":"S\u00c3O JOS\u00c9"}},{"type":"Feature","geometry":{"type":"Point","coordinates":[-41.344908,-21.7283]},"properties":{"nome":"4 (167)","tipo":"caixa_ftth","bairro":"S\u00c3O JOS\u00c9"}},{"type":"Feature","geometry":{"type":"Point","coordinates":[-41.345479,-21.728547]},"properties":{"nome":"5 (88)","tipo":"caixa_ftth","bairro":"S\u00c3O JOS\u00c9"}},{"type":"Feature","geometry":{"type":"Point","coordinates":[-41.346041,-21.728804]},"properties":{"nome":"6 (32)","tipo":"caixa_ftth","bairro":"S\u00c3O JOS\u00c9"}},{"type":"Feature","geometry":{"type":"Point","coordinates":[-41.346624,-21.729051]},"properties":{"nome":"7 (4)","tipo":"caixa_ftth","bairro":"S\u00c3O JOS\u00c9"}},{"type":"Feature","geometry":{"type":"Point","coordinates":[-41.346872,-21.728441]},"properties":{"nome":"8 (142)","tipo":"caixa_ftth","bairro":"S\u00c3O JOS\u00c9"}},{"type":"Feature","geometry":{"type":"Point","coordinates":[-41.347345,-21.728559]},"properties":{"nome":"9 (31)","tipo":"caixa_ftth","bairro":"S\u00c3O JOS\u00c9"}},{"type":"Feature","geometry":{"type":"Point","coordinates":[-41.34424,-21.728423]},"properties":{"nome":"10 (226)","tipo":"caixa_ftth","bairro":"S\u00c3O JOS\u00c9"}},{"type":"Feature","geometry":{"type":"Point","coordinates":[-41.344882,-21.728712]},"properties":{"nome":"11 (143)","tipo":"caixa_ftth","bairro":"S\u00c3O JOS\u00c9"}},{"type":"Feature","geometry":{"type":"Point","coordinates":[-41.338832,-21.726019]},"properties":{"nome":"1","tipo":"caixa_ftth","bairro":"S\u00c3O JOS\u00c9"}},{"type":"Feature","geometry":{"type":"Point","coordinates":[-41.337965,-21.727037]},"properties":{"nome":"2","tipo":"caixa_ftth","bairro":"S\u00c3O JOS\u00c9"}},{"type":"Feature","geometry":{"type":"Point","coordinates":[-41.339035,-21.726476]},"properties":{"nome":"\u200b3","tipo":"caixa_ftth","bairro":"S\u00c3O JOS\u00c9"}},{"type":"Feature","geometry":{"type":"Point","coordinates":[-41.338196,-21.727436]},"properties":{"nome":"\u200b4","tipo":"caixa_ftth","bairro":"S\u00c3O JOS\u00c9"}},{"type":"Feature","geometry":{"type":"Point","coordinates":[-41.339168,-21.726967]},"properties":{"nome":"\u200b5","tipo":"caixa_ftth","bairro":"S\u00c3O JOS\u00c9"}},{"type":"Feature","geometry":{"type":"Point","coordinates":[-41.338237,-21.727909]},"properties":{"nome":"\u200b6","tipo":"caixa_ftth","bairro":"S\u00c3O JOS\u00c9"}},{"type":"Feature","geometry":{"type":"Point","coordinates":[-41.336998,-21.728724]},"properties":{"nome":"\u200b7","tipo":"caixa_ftth","bairro":"S\u00c3O JOS\u00c9"}},{"type":"Feature","geometry":{"type":"Point","coordinates":[-41.337754,-21.728201]},"properties":{"nome":"CEO MINI","tipo":"emenda","bairro":"S\u00c3O JOS\u00c9"}},{"type":"Feature","geometry":{"type":"Point","coordinates":[-41.335018,-21.714923]},"properties":{"nome":"1 (6)","tipo":"caixa_ftth","bairro":"S\u00c3O JOS\u00c9"}},{"type":"Feature","geometry":{"type":"Point","coordinates":[-41.335712,-21.714805]},"properties":{"nome":"2 (129)","tipo":"caixa_ftth","bairro":"S\u00c3O JOS\u00c9"}},{"type":"Feature","geometry":{"type":"Point","coordinates":[-41.33614,-21.715313]},"properties":{"nome":"3 (98)","tipo":"caixa_ftth","bairro":"S\u00c3O JOS\u00c9"}},{"type":"Feature","geometry":{"type":"Point","coordinates":[-41.335944,-21.716587]},"properties":{"nome":"4 (13)","tipo":"caixa_ftth","bairro":"S\u00c3O JOS\u00c9"}},{"type":"Feature","geometry":{"type":"Point","coordinates":[-41.335451,-21.716588]},"properties":{"nome":"5 (25)","tipo":"caixa_ftth","bairro":"S\u00c3O JOS\u00c9"}},{"type":"Feature","geometry":{"type":"Point","coordinates":[-41.334905,-21.718575]},"properties":{"nome":"6 (21)","tipo":"caixa_ftth","bairro":"S\u00c3O JOS\u00c9"}},{"type":"Feature","geometry":{"type":"Point","coordinates":[-41.335411,-21.718479]},"properties":{"nome":"7 (54)","tipo":"caixa_ftth","bairro":"S\u00c3O JOS\u00c9"}},{"type":"Feature","geometry":{"type":"Point","coordinates":[-41.336825,-21.721266]},"properties":{"nome":"8 (17)","tipo":"caixa_ftth","bairro":"S\u00c3O JOS\u00c9"}},{"type":"Feature","geometry":{"type":"Point","coordinates":[-41.325275,-21.720318]},"properties":{"nome":"1 (24)","tipo":"caixa_ftth","bairro":"S\u00c3O JOS\u00c9"}},{"type":"Feature","geometry":{"type":"Point","coordinates":[-41.324593,-21.720112]},"properties":{"nome":"2 (2)","tipo":"caixa_ftth","bairro":"S\u00c3O JOS\u00c9"}},{"type":"Feature","geometry":{"type":"Point","coordinates":[-41.324114,-21.719777]},"properties":{"nome":"3 (119)","tipo":"caixa_ftth","bairro":"S\u00c3O JOS\u00c9"}},{"type":"Feature","geometry":{"type":"Point","coordinates":[-41.323908,-21.719089]},"properties":{"nome":"4 (104)","tipo":"caixa_ftth","bairro":"S\u00c3O JOS\u00c9"}},{"type":"Feature","geometry":{"type":"Point","coordinates":[-41.323835,-21.718379]},"properties":{"nome":"5 (70)","tipo":"caixa_ftth","bairro":"S\u00c3O JOS\u00c9"}},{"type":"Feature","geometry":{"type":"Point","coordinates":[-41.323776,-21.717705]},"properties":{"nome":"6 (41)","tipo":"caixa_ftth","bairro":"S\u00c3O JOS\u00c9"}},{"type":"Feature","geometry":{"type":"Point","coordinates":[-41.323714,-21.717172]},"properties":{"nome":"7 (26)","tipo":"caixa_ftth","bairro":"S\u00c3O JOS\u00c9"}},{"type":"Feature","geometry":{"type":"Point","coordinates":[-41.323994,-21.717428]},"properties":{"nome":"8","tipo":"caixa_ftth","bairro":"S\u00c3O JOS\u00c9"}},{"type":"Feature","geometry":{"type":"Point","coordinates":[-41.322977,-21.720493]},"properties":{"nome":"1 (127)","tipo":"caixa_ftth","bairro":"S\u00c3O JOS\u00c9"}},{"type":"Feature","geometry":{"type":"Point","coordinates":[-41.322871,-21.719579]},"properties":{"nome":"2 (101)","tipo":"caixa_ftth","bairro":"S\u00c3O JOS\u00c9"}},{"type":"Feature","geometry":{"type":"Point","coordinates":[-41.322796,-21.71886]},"properties":{"nome":"3 (80)","tipo":"caixa_ftth","bairro":"S\u00c3O JOS\u00c9"}},{"type":"Feature","geometry":{"type":"Point","coordinates":[-41.322715,-21.718133]},"properties":{"nome":"4 (48)","tipo":"caixa_ftth","bairro":"S\u00c3O JOS\u00c9"}},{"type":"Feature","geometry":{"type":"Point","coordinates":[-41.322618,-21.717326]},"properties":{"nome":"5 (26)","tipo":"caixa_ftth","bairro":"S\u00c3O JOS\u00c9"}},{"type":"Feature","geometry":{"type":"Point","coordinates":[-41.323288,-21.718692]},"properties":{"nome":"6 (118)","tipo":"caixa_ftth","bairro":"S\u00c3O JOS\u00c9"}},{"type":"Feature","geometry":{"type":"Point","coordinates":[-41.32218,-21.718812]},"properties":{"nome":"7 (82)","tipo":"caixa_ftth","bairro":"S\u00c3O JOS\u00c9"}},{"type":"Feature","geometry":{"type":"Point","coordinates":[-41.321358,-21.71715]},"properties":{"nome":"1 (102)","tipo":"caixa_ftth","bairro":"S\u00c3O JOS\u00c9"}},{"type":"Feature","geometry":{"type":"Point","coordinates":[-41.321427,-21.717641]},"properties":{"nome":"2 (124)","tipo":"caixa_ftth","bairro":"S\u00c3O JOS\u00c9"}},{"type":"Feature","geometry":{"type":"Point","coordinates":[-41.321545,-21.718513]},"properties":{"nome":"3 (150)","tipo":"caixa_ftth","bairro":"S\u00c3O JOS\u00c9"}},{"type":"Feature","geometry":{"type":"Point","coordinates":[-41.321596,-21.718978]},"properties":{"nome":"4 (170)","tipo":"caixa_ftth","bairro":"S\u00c3O JOS\u00c9"}},{"type":"Feature","geometry":{"type":"Point","coordinates":[-41.321685,-21.7197]},"properties":{"nome":"5 (190)","tipo":"caixa_ftth","bairro":"S\u00c3O JOS\u00c9"}},{"type":"Feature","geometry":{"type":"Point","coordinates":[-41.321757,-21.720333]},"properties":{"nome":"6 (210)","tipo":"caixa_ftth","bairro":"S\u00c3O JOS\u00c9"}},{"type":"Feature","geometry":{"type":"Point","coordinates":[-41.321812,-21.720765]},"properties":{"nome":"7 (226)","tipo":"caixa_ftth","bairro":"S\u00c3O JOS\u00c9"}},{"type":"Feature","geometry":{"type":"Point","coordinates":[-41.320299,-21.717648]},"properties":{"nome":"1 (70)","tipo":"caixa_ftth","bairro":"S\u00c3O JOS\u00c9"}},{"type":"Feature","geometry":{"type":"Point","coordinates":[-41.320414,-21.718442]},"properties":{"nome":"2 (102)","tipo":"caixa_ftth","bairro":"S\u00c3O JOS\u00c9"}},{"type":"Feature","geometry":{"type":"Point","coordinates":[-41.320501,-21.719134]},"properties":{"nome":"3 (118)","tipo":"caixa_ftth","bairro":"S\u00c3O JOS\u00c9"}},{"type":"Feature","geometry":{"type":"Point","coordinates":[-41.320546,-21.719483]},"properties":{"nome":"4 (129)","tipo":"caixa_ftth","bairro":"S\u00c3O JOS\u00c9"}},{"type":"Feature","geometry":{"type":"Point","coordinates":[-41.320624,-21.720118]},"properties":{"nome":"5 (166)","tipo":"caixa_ftth","bairro":"S\u00c3O JOS\u00c9"}},{"type":"Feature","geometry":{"type":"Point","coordinates":[-41.320666,-21.720477]},"properties":{"nome":"6 (176)","tipo":"caixa_ftth","bairro":"S\u00c3O JOS\u00c9"}},{"type":"Feature","geometry":{"type":"Point","coordinates":[-41.321028,-21.718923]},"properties":{"nome":"7 (54)","tipo":"caixa_ftth","bairro":"S\u00c3O JOS\u00c9"}},{"type":"Feature","geometry":{"type":"Point","coordinates":[-41.319787,-21.719066]},"properties":{"nome":"8 (17)","tipo":"caixa_ftth","bairro":"S\u00c3O JOS\u00c9"}},{"type":"Feature","geometry":{"type":"Point","coordinates":[-41.318652,-21.717661]},"properties":{"nome":"\u200b1 (179)","tipo":"caixa_ftth","bairro":"S\u00c3O JOS\u00c9"}},{"type":"Feature","geometry":{"type":"Point","coordinates":[-41.319188,-21.71756]},"properties":{"nome":"2 (4)","tipo":"caixa_ftth","bairro":"S\u00c3O JOS\u00c9"}},{"type":"Feature","geometry":{"type":"Point","coordinates":[-41.319261,-21.718081]},"properties":{"nome":"3 (15)","tipo":"caixa_ftth","bairro":"S\u00c3O JOS\u00c9"}},{"type":"Feature","geometry":{"type":"Point","coordinates":[-41.319326,-21.718666]},"properties":{"nome":"4 (40)","tipo":"caixa_ftth","bairro":"S\u00c3O JOS\u00c9"}},{"type":"Feature","geometry":{"type":"Point","coordinates":[-41.319379,-21.719045]},"properties":{"nome":"5 (43)","tipo":"caixa_ftth","bairro":"S\u00c3O JOS\u00c9"}},{"type":"Feature","geometry":{"type":"Point","coordinates":[-41.319463,-21.719716]},"properties":{"nome":"6 (73)","tipo":"caixa_ftth","bairro":"S\u00c3O JOS\u00c9"}},{"type":"Feature","geometry":{"type":"Point","coordinates":[-41.319541,-21.720318]},"properties":{"nome":"7 (93)","tipo":"caixa_ftth","bairro":"S\u00c3O JOS\u00c9"}},{"type":"Feature","geometry":{"type":"Point","coordinates":[-41.319749,-21.717929]},"properties":{"nome":"8 (22)","tipo":"caixa_ftth","bairro":"S\u00c3O JOS\u00c9"}},{"type":"Feature","geometry":{"type":"Point","coordinates":[-41.318104,-21.717895]},"properties":{"nome":"1 (13)","tipo":"caixa_ftth","bairro":"S\u00c3O JOS\u00c9"}},{"type":"Feature","geometry":{"type":"Point","coordinates":[-41.318202,-21.718593]},"properties":{"nome":"2 (24)","tipo":"caixa_ftth","bairro":"S\u00c3O JOS\u00c9"}},{"type":"Feature","geometry":{"type":"Point","coordinates":[-41.318293,-21.719318]},"properties":{"nome":"3 (58)","tipo":"caixa_ftth","bairro":"S\u00c3O JOS\u00c9"}},{"type":"Feature","geometry":{"type":"Point","coordinates":[-41.318368,-21.719838]},"properties":{"nome":"4 (74)","tipo":"caixa_ftth","bairro":"S\u00c3O JOS\u00c9"}},{"type":"Feature","geometry":{"type":"Point","coordinates":[-41.318111,-21.720082]},"properties":{"nome":"5 (176)","tipo":"caixa_ftth","bairro":"S\u00c3O JOS\u00c9"}},{"type":"Feature","geometry":{"type":"Point","coordinates":[-41.317654,-21.719949]},"properties":{"nome":"6 (160)","tipo":"caixa_ftth","bairro":"S\u00c3O JOS\u00c9"}},{"type":"Feature","geometry":{"type":"Point","coordinates":[-41.317244,-21.719756]},"properties":{"nome":"7 (82)","tipo":"caixa_ftth","bairro":"S\u00c3O JOS\u00c9"}},{"type":"Feature","geometry":{"type":"Point","coordinates":[-41.317157,-21.719067]},"properties":{"nome":"8 (54)","tipo":"caixa_ftth","bairro":"S\u00c3O JOS\u00c9"}},{"type":"Feature","geometry":{"type":"Point","coordinates":[-41.316772,-21.719777]},"properties":{"nome":"1 \u200b (138)","tipo":"caixa_ftth","bairro":"S\u00c3O JOS\u00c9"}},{"type":"Feature","geometry":{"type":"Point","coordinates":[-41.316197,-21.719584]},"properties":{"nome":"2 (116)","tipo":"caixa_ftth","bairro":"S\u00c3O JOS\u00c9"}},{"type":"Feature","geometry":{"type":"Point","coordinates":[-41.316052,-21.719075]},"properties":{"nome":"3 (164)","tipo":"caixa_ftth","bairro":"S\u00c3O JOS\u00c9"}},{"type":"Feature","geometry":{"type":"Point","coordinates":[-41.31596,-21.718409]},"properties":{"nome":"4 (144)","tipo":"caixa_ftth","bairro":"S\u00c3O JOS\u00c9"}},{"type":"Feature","geometry":{"type":"Point","coordinates":[-41.315933,-21.718215]},"properties":{"nome":"5 (138)","tipo":"caixa_ftth","bairro":"S\u00c3O JOS\u00c9"}},{"type":"Feature","geometry":{"type":"Point","coordinates":[-41.315552,-21.719401]},"properties":{"nome":"6 (95)","tipo":"caixa_ftth","bairro":"S\u00c3O JOS\u00c9"}},{"type":"Feature","geometry":{"type":"Point","coordinates":[-41.31598,-21.719882]},"properties":{"nome":"7 (119)","tipo":"caixa_ftth","bairro":"S\u00c3O JOS\u00c9"}},{"type":"Feature","geometry":{"type":"Point","coordinates":[-41.317753,-21.717572]},"properties":{"nome":"1 (151)","tipo":"caixa_ftth","bairro":"S\u00c3O JOS\u00c9"}},{"type":"Feature","geometry":{"type":"Point","coordinates":[-41.31682,-21.717726]},"properties":{"nome":"2 (125)","tipo":"caixa_ftth","bairro":"S\u00c3O JOS\u00c9"}},{"type":"Feature","geometry":{"type":"Point","coordinates":[-41.316099,-21.717845]},"properties":{"nome":"3 (107)","tipo":"caixa_ftth","bairro":"S\u00c3O JOS\u00c9"}},{"type":"Feature","geometry":{"type":"Point","coordinates":[-41.315373,-21.717967]},"properties":{"nome":"4 (81)","tipo":"caixa_ftth","bairro":"S\u00c3O JOS\u00c9"}},{"type":"Feature","geometry":{"type":"Point","coordinates":[-41.314745,-21.718206]},"properties":{"nome":"5 (110)","tipo":"caixa_ftth","bairro":"S\u00c3O JOS\u00c9"}},{"type":"Feature","geometry":{"type":"Point","coordinates":[-41.31478,-21.718445]},"properties":{"nome":"6 (122)","tipo":"caixa_ftth","bairro":"S\u00c3O JOS\u00c9"}},{"type":"Feature","geometry":{"type":"Point","coordinates":[-41.315037,-21.719238]},"properties":{"nome":"7 (88)","tipo":"caixa_ftth","bairro":"S\u00c3O JOS\u00c9"}},{"type":"Feature","geometry":{"type":"Point","coordinates":[-41.314252,-21.719002]},"properties":{"nome":"8 (48)","tipo":"caixa_ftth","bairro":"S\u00c3O JOS\u00c9"}},{"type":"Feature","geometry":{"type":"Point","coordinates":[-41.313489,-21.718766]},"properties":{"nome":"9 (16)","tipo":"caixa_ftth","bairro":"S\u00c3O JOS\u00c9"}},{"type":"Feature","geometry":{"type":"Point","coordinates":[-41.314823,-21.719634]},"properties":{"nome":"10 (7)","tipo":"caixa_ftth","bairro":"S\u00c3O JOS\u00c9"}},{"type":"Feature","geometry":{"type":"Point","coordinates":[-41.31703,-21.718113]},"properties":{"nome":"12 (16)","tipo":"caixa_ftth","bairro":"S\u00c3O JOS\u00c9"}},{"type":"Feature","geometry":{"type":"Point","coordinates":[-41.317075,-21.718411]},"properties":{"nome":"13 (26)","tipo":"caixa_ftth","bairro":"S\u00c3O JOS\u00c9"}},{"type":"Feature","geometry":{"type":"Point","coordinates":[-41.315211,-21.720446]},"properties":{"nome":"11 (32)","tipo":"caixa_ftth","bairro":"S\u00c3O JOS\u00c9"}},{"type":"Feature","geometry":{"type":"Point","coordinates":[-41.316164,-21.720743]},"properties":{"nome":"14 (70)","tipo":"caixa_ftth","bairro":"S\u00c3O JOS\u00c9"}},{"type":"Feature","geometry":{"type":"Point","coordinates":[-41.317002,-21.721002]},"properties":{"nome":"15 (86)","tipo":"caixa_ftth","bairro":"S\u00c3O JOS\u00c9"}},{"type":"Feature","geometry":{"type":"Point","coordinates":[-41.315754,-21.717419]},"properties":{"nome":"1 (122)","tipo":"caixa_ftth","bairro":"S\u00c3O JOS\u00c9"}},{"type":"Feature","geometry":{"type":"Point","coordinates":[-41.315674,-21.716809]},"properties":{"nome":"2 (111)","tipo":"caixa_ftth","bairro":"S\u00c3O JOS\u00c9"}},{"type":"Feature","geometry":{"type":"Point","coordinates":[-41.316225,-21.716691]},"properties":{"nome":"3 (149)","tipo":"caixa_ftth","bairro":"S\u00c3O JOS\u00c9"}},{"type":"Feature","geometry":{"type":"Point","coordinates":[-41.316774,-21.716582]},"properties":{"nome":"4 (167)","tipo":"caixa_ftth","bairro":"S\u00c3O JOS\u00c9"}},{"type":"Feature","geometry":{"type":"Point","coordinates":[-41.317413,-21.716491]},"properties":{"nome":"5 (200)","tipo":"caixa_ftth","bairro":"S\u00c3O JOS\u00c9"}},{"type":"Feature","geometry":{"type":"Point","coordinates":[-41.317656,-21.717037]},"properties":{"nome":"6 (216)","tipo":"caixa_ftth","bairro":"S\u00c3O JOS\u00c9"}},{"type":"Feature","geometry":{"type":"Point","coordinates":[-41.312779,-21.716202]},"properties":{"nome":"1 (63)","tipo":"caixa_ftth","bairro":"S\u00c3O JOS\u00c9"}},{"type":"Feature","geometry":{"type":"Point","coordinates":[-41.313258,-21.716007]},"properties":{"nome":"2 (83)","tipo":"caixa_ftth","bairro":"S\u00c3O JOS\u00c9"}},{"type":"Feature","geometry":{"type":"Point","coordinates":[-41.313713,-21.715825]},"properties":{"nome":"3 (99)","tipo":"caixa_ftth","bairro":"S\u00c3O JOS\u00c9"}},{"type":"Feature","geometry":{"type":"Point","coordinates":[-41.314331,-21.715571]},"properties":{"nome":"4 (119)","tipo":"caixa_ftth","bairro":"S\u00c3O JOS\u00c9"}},{"type":"Feature","geometry":{"type":"Point","coordinates":[-41.315094,-21.715295]},"properties":{"nome":"5 (22)","tipo":"caixa_ftth","bairro":"S\u00c3O JOS\u00c9"}},{"type":"Feature","geometry":{"type":"Point","coordinates":[-41.315369,-21.715839]},"properties":{"nome":"6 (60)","tipo":"caixa_ftth","bairro":"S\u00c3O JOS\u00c9"}},{"type":"Feature","geometry":{"type":"Point","coordinates":[-41.315577,-21.716262]},"properties":{"nome":"7 (74)","tipo":"caixa_ftth","bairro":"S\u00c3O JOS\u00c9"}},{"type":"Feature","geometry":{"type":"Point","coordinates":[-41.31598,-21.715728]},"properties":{"nome":"1 (158)","tipo":"caixa_ftth","bairro":"S\u00c3O JOS\u00c9"}},{"type":"Feature","geometry":{"type":"Point","coordinates":[-41.316643,-21.715457]},"properties":{"nome":"2 (182)","tipo":"caixa_ftth","bairro":"S\u00c3O JOS\u00c9"}},{"type":"Feature","geometry":{"type":"Point","coordinates":[-41.315757,-21.715353]},"properties":{"nome":"3 (17)","tipo":"caixa_ftth","bairro":"S\u00c3O JOS\u00c9"}},{"type":"Feature","geometry":{"type":"Point","coordinates":[-41.316143,-21.715991]},"properties":{"nome":"4 (16)","tipo":"caixa_ftth","bairro":"S\u00c3O JOS\u00c9"}},{"type":"Feature","geometry":{"type":"Point","coordinates":[-41.317002,-21.715306]},"properties":{"nome":"5 (226)","tipo":"caixa_ftth","bairro":"S\u00c3O JOS\u00c9"}},{"type":"Feature","geometry":{"type":"Point","coordinates":[-41.316881,-21.715938]},"properties":{"nome":"6 (20)","tipo":"caixa_ftth","bairro":"S\u00c3O JOS\u00c9"}},{"type":"Feature","geometry":{"type":"Point","coordinates":[-41.313447,-21.717506]},"properties":{"nome":"1 (52)","tipo":"caixa_ftth","bairro":"S\u00c3O JOS\u00c9"}},{"type":"Feature","geometry":{"type":"Point","coordinates":[-41.314095,-21.717254]},"properties":{"nome":"2 (74)","tipo":"caixa_ftth","bairro":"S\u00c3O JOS\u00c9"}},{"type":"Feature","geometry":{"type":"Point","coordinates":[-41.314527,-21.717073]},"properties":{"nome":"3 (71)","tipo":"caixa_ftth","bairro":"S\u00c3O JOS\u00c9"}},{"type":"Feature","geometry":{"type":"Point","coordinates":[-41.315037,-21.716868]},"properties":{"nome":"4 (106)","tipo":"caixa_ftth","bairro":"S\u00c3O JOS\u00c9"}},{"type":"Feature","geometry":{"type":"Point","coordinates":[-41.314389,-21.716453]},"properties":{"nome":"5 (54)","tipo":"caixa_ftth","bairro":"S\u00c3O JOS\u00c9"}},{"type":"Feature","geometry":{"type":"Point","coordinates":[-41.313794,-21.716613]},"properties":{"nome":"6 (85)","tipo":"caixa_ftth","bairro":"S\u00c3O JOS\u00c9"}},{"type":"Feature","geometry":{"type":"Point","coordinates":[-41.313202,-21.716861]},"properties":{"nome":"7 (59)","tipo":"caixa_ftth","bairro":"S\u00c3O JOS\u00c9"}},{"type":"Feature","geometry":{"type":"Point","coordinates":[-41.314931,-21.716157]},"properties":{"nome":"8 (113)","tipo":"caixa_ftth","bairro":"S\u00c3O JOS\u00c9"}},{"type":"Feature","geometry":{"type":"Point","coordinates":[-41.329207,-21.719049]},"properties":{"nome":"1 (951)","tipo":"caixa_ftth","bairro":"S\u00c3O JOS\u00c9"}},{"type":"Feature","geometry":{"type":"Point","coordinates":[-41.329859,-21.718839]},"properties":{"nome":"2 (927)","tipo":"caixa_ftth","bairro":"S\u00c3O JOS\u00c9"}},{"type":"Feature","geometry":{"type":"Point","coordinates":[-41.330364,-21.71842]},"properties":{"nome":"3 (907)","tipo":"caixa_ftth","bairro":"S\u00c3O JOS\u00c9"}},{"type":"Feature","geometry":{"type":"Point","coordinates":[-41.330892,-21.718034]},"properties":{"nome":"4 (873)","tipo":"caixa_ftth","bairro":"S\u00c3O JOS\u00c9"}},{"type":"Feature","geometry":{"type":"Point","coordinates":[-41.33129,-21.717773]},"properties":{"nome":"5 (857)","tipo":"caixa_ftth","bairro":"S\u00c3O JOS\u00c9"}},{"type":"Feature","geometry":{"type":"Point","coordinates":[-41.331439,-21.717323]},"properties":{"nome":"6 (835)","tipo":"caixa_ftth","bairro":"S\u00c3O JOS\u00c9"}},{"type":"Feature","geometry":{"type":"Point","coordinates":[-41.330734,-21.716795]},"properties":{"nome":"7 (513)","tipo":"caixa_ftth","bairro":"S\u00c3O JOS\u00c9"}},{"type":"Feature","geometry":{"type":"Point","coordinates":[-41.330047,-21.716732]},"properties":{"nome":"8 (795)","tipo":"caixa_ftth","bairro":"S\u00c3O JOS\u00c9"}},{"type":"Feature","geometry":{"type":"Point","coordinates":[-41.329448,-21.715997]},"properties":{"nome":"9 (629)","tipo":"caixa_ftth","bairro":"S\u00c3O JOS\u00c9"}},{"type":"Feature","geometry":{"type":"Point","coordinates":[-41.329708,-21.715289]},"properties":{"nome":"10 (900)","tipo":"caixa_ftth","bairro":"S\u00c3O JOS\u00c9"}},{"type":"Feature","geometry":{"type":"Point","coordinates":[-41.329721,-21.714433]},"properties":{"nome":"11 (707)","tipo":"caixa_ftth","bairro":"S\u00c3O JOS\u00c9"}},{"type":"Feature","geometry":{"type":"Point","coordinates":[-41.329011,-21.714735]},"properties":{"nome":"12 (673)","tipo":"caixa_ftth","bairro":"S\u00c3O JOS\u00c9"}},{"type":"Feature","geometry":{"type":"Point","coordinates":[-41.328323,-21.715167]},"properties":{"nome":"13 (639)","tipo":"caixa_ftth","bairro":"S\u00c3O JOS\u00c9"}},{"type":"Feature","geometry":{"type":"Point","coordinates":[-41.329034,-21.716234]},"properties":{"nome":"14","tipo":"caixa_ftth","bairro":"S\u00c3O JOS\u00c9"}},{"type":"Feature","geometry":{"type":"Point","coordinates":[-41.329283,-21.716445]},"properties":{"nome":"15 (34)","tipo":"caixa_ftth","bairro":"S\u00c3O JOS\u00c9"}},{"type":"Feature","geometry":{"type":"Point","coordinates":[-41.329584,-21.716535]},"properties":{"nome":"16 (2012)","tipo":"caixa_ftth","bairro":"S\u00c3O JOS\u00c9"}},{"type":"Feature","geometry":{"type":"Point","coordinates":[-41.330701,-21.717059]},"properties":{"nome":"1 (93)","tipo":"caixa_ftth","bairro":"S\u00c3O JOS\u00c9"}},{"type":"Feature","geometry":{"type":"Point","coordinates":[-41.330345,-21.717451]},"properties":{"nome":"2 (75)","tipo":"caixa_ftth","bairro":"S\u00c3O JOS\u00c9"}},{"type":"Feature","geometry":{"type":"Point","coordinates":[-41.330049,-21.717769]},"properties":{"nome":"3 (59)","tipo":"caixa_ftth","bairro":"S\u00c3O JOS\u00c9"}},{"type":"Feature","geometry":{"type":"Point","coordinates":[-41.329785,-21.718055]},"properties":{"nome":"4 (39)","tipo":"caixa_ftth","bairro":"S\u00c3O JOS\u00c9"}},{"type":"Feature","geometry":{"type":"Point","coordinates":[-41.329357,-21.718517]},"properties":{"nome":"5 (30)","tipo":"caixa_ftth","bairro":"S\u00c3O JOS\u00c9"}},{"type":"Feature","geometry":{"type":"Point","coordinates":[-41.329001,-21.718901]},"properties":{"nome":"6 (10)","tipo":"caixa_ftth","bairro":"S\u00c3O JOS\u00c9"}},{"type":"Feature","geometry":{"type":"Point","coordinates":[-41.328338,-21.719272]},"properties":{"nome":"7 (1190)","tipo":"caixa_ftth","bairro":"S\u00c3O JOS\u00c9"}},{"type":"Feature","geometry":{"type":"Point","coordinates":[-41.329252,-21.717076]},"properties":{"nome":"1 (94)","tipo":"caixa_ftth","bairro":"S\u00c3O JOS\u00c9"}},{"type":"Feature","geometry":{"type":"Point","coordinates":[-41.328918,-21.717433]},"properties":{"nome":"2 (69)","tipo":"caixa_ftth","bairro":"S\u00c3O JOS\u00c9"}},{"type":"Feature","geometry":{"type":"Point","coordinates":[-41.328696,-21.717666]},"properties":{"nome":"3 (57)","tipo":"caixa_ftth","bairro":"S\u00c3O JOS\u00c9"}},{"type":"Feature","geometry":{"type":"Point","coordinates":[-41.328456,-21.717495]},"properties":{"nome":"4 (68)","tipo":"caixa_ftth","bairro":"S\u00c3O JOS\u00c9"}},{"type":"Feature","geometry":{"type":"Point","coordinates":[-41.328246,-21.718142]},"properties":{"nome":"5 (33)","tipo":"caixa_ftth","bairro":"S\u00c3O JOS\u00c9"}},{"type":"Feature","geometry":{"type":"Point","coordinates":[-41.327998,-21.718407]},"properties":{"nome":"6 (23)","tipo":"caixa_ftth","bairro":"S\u00c3O JOS\u00c9"}},{"type":"Feature","geometry":{"type":"Point","coordinates":[-41.327735,-21.718704]},"properties":{"nome":"7 (1)","tipo":"caixa_ftth","bairro":"S\u00c3O JOS\u00c9"}},{"type":"Feature","geometry":{"type":"Point","coordinates":[-41.329093,-21.715644]},"properties":{"nome":"1 (163)","tipo":"caixa_ftth","bairro":"S\u00c3O JOS\u00c9"}},{"type":"Feature","geometry":{"type":"Point","coordinates":[-41.328641,-21.71614]},"properties":{"nome":"2 (133)","tipo":"caixa_ftth","bairro":"S\u00c3O JOS\u00c9"}},{"type":"Feature","geometry":{"type":"Point","coordinates":[-41.328254,-21.716559]},"properties":{"nome":"3 (108)","tipo":"caixa_ftth","bairro":"S\u00c3O JOS\u00c9"}},{"type":"Feature","geometry":{"type":"Point","coordinates":[-41.327841,-21.71702]},"properties":{"nome":"4 (89)","tipo":"caixa_ftth","bairro":"S\u00c3O JOS\u00c9"}},{"type":"Feature","geometry":{"type":"Point","coordinates":[-41.32748,-21.717411]},"properties":{"nome":"5 (68)","tipo":"caixa_ftth","bairro":"S\u00c3O JOS\u00c9"}},{"type":"Feature","geometry":{"type":"Point","coordinates":[-41.327024,-21.717905]},"properties":{"nome":"6 (44)","tipo":"caixa_ftth","bairro":"S\u00c3O JOS\u00c9"}},{"type":"Feature","geometry":{"type":"Point","coordinates":[-41.327143,-21.718499]},"properties":{"nome":"1 (1248)","tipo":"caixa_ftth","bairro":"S\u00c3O JOS\u00c9"}},{"type":"Feature","geometry":{"type":"Point","coordinates":[-41.326732,-21.718824]},"properties":{"nome":"2 (1270)","tipo":"caixa_ftth","bairro":"S\u00c3O JOS\u00c9"}},{"type":"Feature","geometry":{"type":"Point","coordinates":[-41.326726,-21.719198]},"properties":{"nome":"3 (1045)","tipo":"caixa_ftth","bairro":"S\u00c3O JOS\u00c9"}},{"type":"Feature","geometry":{"type":"Point","coordinates":[-41.327177,-21.71939]},"properties":{"nome":"4 (13)","tipo":"caixa_ftth","bairro":"S\u00c3O JOS\u00c9"}},{"type":"Feature","geometry":{"type":"Point","coordinates":[-41.326153,-21.718651]},"properties":{"nome":"5 (32)","tipo":"caixa_ftth","bairro":"S\u00c3O JOS\u00c9"}},{"type":"Feature","geometry":{"type":"Point","coordinates":[-41.326561,-21.718396]},"properties":{"nome":"6 (13)","tipo":"caixa_ftth","bairro":"S\u00c3O JOS\u00c9"}},{"type":"Feature","geometry":{"type":"Point","coordinates":[-41.32783,-21.719352]},"properties":{"nome":"1 (53)","tipo":"caixa_ftth","bairro":"S\u00c3O JOS\u00c9"}},{"type":"Feature","geometry":{"type":"Point","coordinates":[-41.327724,-21.71972]},"properties":{"nome":"2 (43)","tipo":"caixa_ftth","bairro":"S\u00c3O JOS\u00c9"}},{"type":"Feature","geometry":{"type":"Point","coordinates":[-41.327538,-21.720249]},"properties":{"nome":"3 (29)","tipo":"caixa_ftth","bairro":"S\u00c3O JOS\u00c9"}},{"type":"Feature","geometry":{"type":"Point","coordinates":[-41.327268,-21.720062]},"properties":{"nome":"4 (102)","tipo":"caixa_ftth","bairro":"S\u00c3O JOS\u00c9"}},{"type":"Feature","geometry":{"type":"Point","coordinates":[-41.326652,-21.719852]},"properties":{"nome":"5 (83)","tipo":"caixa_ftth","bairro":"S\u00c3O JOS\u00c9"}},{"type":"Feature","geometry":{"type":"Point","coordinates":[-41.325963,-21.719671]},"properties":{"nome":"6 (56)","tipo":"caixa_ftth","bairro":"S\u00c3O JOS\u00c9"}},{"type":"Feature","geometry":{"type":"Point","coordinates":[-41.325307,-21.719467]},"properties":{"nome":"7 (30)","tipo":"caixa_ftth","bairro":"S\u00c3O JOS\u00c9"}},{"type":"Feature","geometry":{"type":"Point","coordinates":[-41.324647,-21.719268]},"properties":{"nome":"8 (14)","tipo":"caixa_ftth","bairro":"S\u00c3O JOS\u00c9"}},{"type":"Feature","geometry":{"type":"Point","coordinates":[-41.325037,-21.720996]},"properties":{"nome":"1 (13)","tipo":"caixa_ftth","bairro":"S\u00c3O JOS\u00c9"}},{"type":"Feature","geometry":{"type":"Point","coordinates":[-41.32555,-21.721128]},"properties":{"nome":"2 (35)","tipo":"caixa_ftth","bairro":"S\u00c3O JOS\u00c9"}},{"type":"Feature","geometry":{"type":"Point","coordinates":[-41.325995,-21.721242]},"properties":{"nome":"3 (53)","tipo":"caixa_ftth","bairro":"S\u00c3O JOS\u00c9"}},{"type":"Feature","geometry":{"type":"Point","coordinates":[-41.326789,-21.721466]},"properties":{"nome":"4 (83)","tipo":"caixa_ftth","bairro":"S\u00c3O JOS\u00c9"}},{"type":"Feature","geometry":{"type":"Point","coordinates":[-41.327545,-21.721344]},"properties":{"nome":"5 (58)","tipo":"caixa_ftth","bairro":"S\u00c3O JOS\u00c9"}},{"type":"Feature","geometry":{"type":"Point","coordinates":[-41.327239,-21.720836]},"properties":{"nome":"6 (94)","tipo":"caixa_ftth","bairro":"S\u00c3O JOS\u00c9"}},{"type":"Feature","geometry":{"type":"Point","coordinates":[-41.326751,-21.72071]},"properties":{"nome":"7 (78)","tipo":"caixa_ftth","bairro":"S\u00c3O JOS\u00c9"}},{"type":"Feature","geometry":{"type":"Point","coordinates":[-41.326177,-21.720559]},"properties":{"nome":"8 (56)","tipo":"caixa_ftth","bairro":"S\u00c3O JOS\u00c9"}},{"type":"Feature","geometry":{"type":"Point","coordinates":[-41.325246,-21.721734]},"properties":{"nome":"1 (252)","tipo":"caixa_ftth","bairro":"S\u00c3O JOS\u00c9"}},{"type":"Feature","geometry":{"type":"Point","coordinates":[-41.325864,-21.721897]},"properties":{"nome":"2 (52)","tipo":"caixa_ftth","bairro":"S\u00c3O JOS\u00c9"}},{"type":"Feature","geometry":{"type":"Point","coordinates":[-41.326551,-21.722082]},"properties":{"nome":"3 (74)","tipo":"caixa_ftth","bairro":"S\u00c3O JOS\u00c9"}},{"type":"Feature","geometry":{"type":"Point","coordinates":[-41.327021,-21.722207]},"properties":{"nome":"4 (90)","tipo":"caixa_ftth","bairro":"S\u00c3O JOS\u00c9"}},{"type":"Feature","geometry":{"type":"Point","coordinates":[-41.327547,-21.722289]},"properties":{"nome":"5 (26)","tipo":"caixa_ftth","bairro":"S\u00c3O JOS\u00c9"}},{"type":"Feature","geometry":{"type":"Point","coordinates":[-41.327534,-21.722831]},"properties":{"nome":"6 (50)","tipo":"caixa_ftth","bairro":"S\u00c3O JOS\u00c9"}},{"type":"Feature","geometry":{"type":"Point","coordinates":[-41.325092,-21.722407]},"properties":{"nome":"7 (21)","tipo":"caixa_ftth","bairro":"S\u00c3O JOS\u00c9"}},{"type":"Feature","geometry":{"type":"Point","coordinates":[-41.326458,-21.722379]},"properties":{"nome":"1 (54)","tipo":"caixa_ftth","bairro":"S\u00c3O JOS\u00c9"}},{"type":"Feature","geometry":{"type":"Point","coordinates":[-41.326671,-21.722801]},"properties":{"nome":"2 (54)","tipo":"caixa_ftth","bairro":"S\u00c3O JOS\u00c9"}},{"type":"Feature","geometry":{"type":"Point","coordinates":[-41.326265,-21.723]},"properties":{"nome":"3 (35)","tipo":"caixa_ftth","bairro":"S\u00c3O JOS\u00c9"}},{"type":"Feature","geometry":{"type":"Point","coordinates":[-41.325984,-21.722637]},"properties":{"nome":"4 (45)","tipo":"caixa_ftth","bairro":"S\u00c3O JOS\u00c9"}},{"type":"Feature","geometry":{"type":"Point","coordinates":[-41.325592,-21.722539]},"properties":{"nome":"5 (61)","tipo":"caixa_ftth","bairro":"S\u00c3O JOS\u00c9"}},{"type":"Feature","geometry":{"type":"Point","coordinates":[-41.325355,-21.723212]},"properties":{"nome":"6 (137)","tipo":"caixa_ftth","bairro":"S\u00c3O JOS\u00c9"}},{"type":"Feature","geometry":{"type":"Point","coordinates":[-41.325118,-21.722802]},"properties":{"nome":"7 (22)","tipo":"caixa_ftth","bairro":"S\u00c3O JOS\u00c9"}},{"type":"Feature","geometry":{"type":"Point","coordinates":[-41.324972,-21.723242]},"properties":{"nome":"8 (15)","tipo":"caixa_ftth","bairro":"S\u00c3O JOS\u00c9"}},{"type":"Feature","geometry":{"type":"Point","coordinates":[-41.324007,-21.722192]},"properties":{"nome":"1 (43)","tipo":"caixa_ftth","bairro":"S\u00c3O JOS\u00c9"}},{"type":"Feature","geometry":{"type":"Point","coordinates":[-41.324603,-21.723882]},"properties":{"nome":"2 (52)","tipo":"caixa_ftth","bairro":"S\u00c3O JOS\u00c9"}},{"type":"Feature","geometry":{"type":"Point","coordinates":[-41.324599,-21.723485]},"properties":{"nome":"3 (74)","tipo":"caixa_ftth","bairro":"S\u00c3O JOS\u00c9"}},{"type":"Feature","geometry":{"type":"Point","coordinates":[-41.3246,-21.722732]},"properties":{"nome":"4 (98)","tipo":"caixa_ftth","bairro":"S\u00c3O JOS\u00c9"}},{"type":"Feature","geometry":{"type":"Point","coordinates":[-41.324605,-21.722123]},"properties":{"nome":"5 (118)","tipo":"caixa_ftth","bairro":"S\u00c3O JOS\u00c9"}},{"type":"Feature","geometry":{"type":"Point","coordinates":[-41.324603,-21.721234]},"properties":{"nome":"6 (135)","tipo":"caixa_ftth","bairro":"S\u00c3O JOS\u00c9"}},{"type":"Feature","geometry":{"type":"Point","coordinates":[-41.324521,-21.720709]},"properties":{"nome":"7 (170)","tipo":"caixa_ftth","bairro":"S\u00c3O JOS\u00c9"}},{"type":"Feature","geometry":{"type":"Point","coordinates":[-41.322839,-21.720921]},"properties":{"nome":"1 (13)","tipo":"caixa_ftth","bairro":"S\u00c3O JOS\u00c9"}},{"type":"Feature","geometry":{"type":"Point","coordinates":[-41.323296,-21.720333]},"properties":{"nome":"2 (48)","tipo":"caixa_ftth","bairro":"S\u00c3O JOS\u00c9"}},{"type":"Feature","geometry":{"type":"Point","coordinates":[-41.323774,-21.71982]},"properties":{"nome":"3 (68)","tipo":"caixa_ftth","bairro":"S\u00c3O JOS\u00c9"}},{"type":"Feature","geometry":{"type":"Point","coordinates":[-41.324197,-21.719382]},"properties":{"nome":"4 (65)","tipo":"caixa_ftth","bairro":"S\u00c3O JOS\u00c9"}},{"type":"Feature","geometry":{"type":"Point","coordinates":[-41.324674,-21.718882]},"properties":{"nome":"5 (108)","tipo":"caixa_ftth","bairro":"S\u00c3O JOS\u00c9"}},{"type":"Feature","geometry":{"type":"Point","coordinates":[-41.324927,-21.718361]},"properties":{"nome":"6 (93)","tipo":"caixa_ftth","bairro":"S\u00c3O JOS\u00c9"}},{"type":"Feature","geometry":{"type":"Point","coordinates":[-41.324826,-21.71735]},"properties":{"nome":"7 (63)","tipo":"caixa_ftth","bairro":"S\u00c3O JOS\u00c9"}},{"type":"Feature","geometry":{"type":"Point","coordinates":[-41.324765,-21.716699]},"properties":{"nome":"8 (41)","tipo":"caixa_ftth","bairro":"S\u00c3O JOS\u00c9"}},{"type":"Feature","geometry":{"type":"Point","coordinates":[-41.325692,-21.717803]},"properties":{"nome":"1 (133)","tipo":"caixa_ftth","bairro":"S\u00c3O JOS\u00c9"}},{"type":"Feature","geometry":{"type":"Point","coordinates":[-41.326209,-21.717263]},"properties":{"nome":"2 (163)","tipo":"caixa_ftth","bairro":"S\u00c3O JOS\u00c9"}},{"type":"Feature","geometry":{"type":"Point","coordinates":[-41.326727,-21.716712]},"properties":{"nome":"3 (191)","tipo":"caixa_ftth","bairro":"S\u00c3O JOS\u00c9"}},{"type":"Feature","geometry":{"type":"Point","coordinates":[-41.32726,-21.716156]},"properties":{"nome":"4 (215)","tipo":"caixa_ftth","bairro":"S\u00c3O JOS\u00c9"}},{"type":"Feature","geometry":{"type":"Point","coordinates":[-41.325896,-21.71721]},"properties":{"nome":"5 (39)","tipo":"caixa_ftth","bairro":"S\u00c3O JOS\u00c9"}},{"type":"Feature","geometry":{"type":"Point","coordinates":[-41.325828,-21.716482]},"properties":{"nome":"6 (14)","tipo":"caixa_ftth","bairro":"S\u00c3O JOS\u00c9"}},{"type":"Feature","geometry":{"type":"Point","coordinates":[-41.329271,-21.715508]},"properties":{"nome":"1 (471)","tipo":"caixa_ftth","bairro":"S\u00c3O JOS\u00c9"}},{"type":"Feature","geometry":{"type":"Point","coordinates":[-41.328672,-21.715614]},"properties":{"nome":"2 (469)","tipo":"caixa_ftth","bairro":"S\u00c3O JOS\u00c9"}},{"type":"Feature","geometry":{"type":"Point","coordinates":[-41.327713,-21.715778]},"properties":{"nome":"3 (451)","tipo":"caixa_ftth","bairro":"S\u00c3O JOS\u00c9"}},{"type":"Feature","geometry":{"type":"Point","coordinates":[-41.326926,-21.71592]},"properties":{"nome":"4 (425)","tipo":"caixa_ftth","bairro":"S\u00c3O JOS\u00c9"}},{"type":"Feature","geometry":{"type":"Point","coordinates":[-41.326451,-21.71601]},"properties":{"nome":"5 (413)","tipo":"caixa_ftth","bairro":"S\u00c3O JOS\u00c9"}},{"type":"Feature","geometry":{"type":"Point","coordinates":[-41.325507,-21.716183]},"properties":{"nome":"6 (383)","tipo":"caixa_ftth","bairro":"S\u00c3O JOS\u00c9"}},{"type":"Feature","geometry":{"type":"Point","coordinates":[-41.324762,-21.716307]},"properties":{"nome":"7 (357)","tipo":"caixa_ftth","bairro":"S\u00c3O JOS\u00c9"}},{"type":"Feature","geometry":{"type":"Point","coordinates":[-41.324028,-21.716442]},"properties":{"nome":"8 (337)","tipo":"caixa_ftth","bairro":"S\u00c3O JOS\u00c9"}},{"type":"Feature","geometry":{"type":"Point","coordinates":[-41.323383,-21.716551]},"properties":{"nome":"9 (317)","tipo":"caixa_ftth","bairro":"S\u00c3O JOS\u00c9"}},{"type":"Feature","geometry":{"type":"Point","coordinates":[-41.32261,-21.716685]},"properties":{"nome":"10 (287)","tipo":"caixa_ftth","bairro":"S\u00c3O JOS\u00c9"}},{"type":"Feature","geometry":{"type":"Point","coordinates":[-41.321858,-21.716832]},"properties":{"nome":"11 (275)","tipo":"caixa_ftth","bairro":"S\u00c3O JOS\u00c9"}},{"type":"Feature","geometry":{"type":"Point","coordinates":[-41.321171,-21.716944]},"properties":{"nome":"12 (249)","tipo":"caixa_ftth","bairro":"S\u00c3O JOS\u00c9"}},{"type":"Feature","geometry":{"type":"Point","coordinates":[-41.320345,-21.71709]},"properties":{"nome":"13 (239)","tipo":"caixa_ftth","bairro":"S\u00c3O JOS\u00c9"}},{"type":"Feature","geometry":{"type":"Point","coordinates":[-41.319507,-21.717252]},"properties":{"nome":"14 (199)","tipo":"caixa_ftth","bairro":"S\u00c3O JOS\u00c9"}},{"type":"Feature","geometry":{"type":"Point","coordinates":[-41.318674,-21.7174]},"properties":{"nome":"15 (159)","tipo":"caixa_ftth","bairro":"S\u00c3O JOS\u00c9"}},{"type":"Feature","geometry":{"type":"Point","coordinates":[-41.325175,-21.715285]},"properties":{"nome":"1 (527)","tipo":"caixa_ftth","bairro":"S\u00c3O JOS\u00c9"}},{"type":"Feature","geometry":{"type":"Point","coordinates":[-41.324437,-21.715403]},"properties":{"nome":"2 (624)","tipo":"caixa_ftth","bairro":"S\u00c3O JOS\u00c9"}},{"type":"Feature","geometry":{"type":"Point","coordinates":[-41.324657,-21.715755]},"properties":{"nome":"3 (18)","tipo":"caixa_ftth","bairro":"S\u00c3O JOS\u00c9"}},{"type":"Feature","geometry":{"type":"Point","coordinates":[-41.32383,-21.715574]},"properties":{"nome":"4 (483)","tipo":"caixa_ftth","bairro":"S\u00c3O JOS\u00c9"}},{"type":"Feature","geometry":{"type":"Point","coordinates":[-41.323134,-21.715854]},"properties":{"nome":"5 (459)","tipo":"caixa_ftth","bairro":"S\u00c3O JOS\u00c9"}},{"type":"Feature","geometry":{"type":"Point","coordinates":[-41.322486,-21.716054]},"properties":{"nome":"6 (4)","tipo":"caixa_ftth","bairro":"S\u00c3O JOS\u00c9"}},{"type":"Feature","geometry":{"type":"Point","coordinates":[-41.322169,-21.716333]},"properties":{"nome":"7 (22)","tipo":"caixa_ftth","bairro":"S\u00c3O JOS\u00c9"}},{"type":"Feature","geometry":{"type":"Point","coordinates":[-41.322591,-21.715414]},"properties":{"nome":"8 (562)","tipo":"caixa_ftth","bairro":"S\u00c3O JOS\u00c9"}},{"type":"Feature","geometry":{"type":"Point","coordinates":[-41.327844,-21.714962]},"properties":{"nome":"1 (629)","tipo":"caixa_ftth","bairro":"S\u00c3O JOS\u00c9"}},{"type":"Feature","geometry":{"type":"Point","coordinates":[-41.327196,-21.714437]},"properties":{"nome":"2 (742)","tipo":"caixa_ftth","bairro":"S\u00c3O JOS\u00c9"}},{"type":"Feature","geometry":{"type":"Point","coordinates":[-41.326318,-21.714311]},"properties":{"nome":"3 (579)","tipo":"caixa_ftth","bairro":"S\u00c3O JOS\u00c9"}},{"type":"Feature","geometry":{"type":"Point","coordinates":[-41.325761,-21.714766]},"properties":{"nome":"4 (684)","tipo":"caixa_ftth","bairro":"S\u00c3O JOS\u00c9"}},{"type":"Feature","geometry":{"type":"Point","coordinates":[-41.325914,-21.715643]},"properties":{"nome":"5 (31)","tipo":"caixa_ftth","bairro":"S\u00c3O JOS\u00c9"}},{"type":"Feature","geometry":{"type":"Point","coordinates":[-41.325858,-21.715095]},"properties":{"nome":"6 (7)","tipo":"caixa_ftth","bairro":"S\u00c3O JOS\u00c9"}},{"type":"Feature","geometry":{"type":"Point","coordinates":[-41.326562,-21.715232]},"properties":{"nome":"7 (21)","tipo":"caixa_ftth","bairro":"S\u00c3O JOS\u00c9"}},{"type":"Feature","geometry":{"type":"Point","coordinates":[-41.327249,-21.715426]},"properties":{"nome":"8 (37)","tipo":"caixa_ftth","bairro":"S\u00c3O JOS\u00c9"}},{"type":"Feature","geometry":{"type":"Point","coordinates":[-41.329198,-21.715359]},"properties":{"nome":"1 (436)","tipo":"caixa_ftth","bairro":"S\u00c3O JOS\u00c9"}},{"type":"Feature","geometry":{"type":"Point","coordinates":[-41.328471,-21.715491]},"properties":{"nome":"2 (410)","tipo":"caixa_ftth","bairro":"S\u00c3O JOS\u00c9"}},{"type":"Feature","geometry":{"type":"Point","coordinates":[-41.327627,-21.715638]},"properties":{"nome":"3 (386)","tipo":"caixa_ftth","bairro":"S\u00c3O JOS\u00c9"}},{"type":"Feature","geometry":{"type":"Point","coordinates":[-41.32683,-21.715775]},"properties":{"nome":"4 (366)","tipo":"caixa_ftth","bairro":"S\u00c3O JOS\u00c9"}},{"type":"Feature","geometry":{"type":"Point","coordinates":[-41.326059,-21.715912]},"properties":{"nome":"5 (356)","tipo":"caixa_ftth","bairro":"S\u00c3O JOS\u00c9"}},{"type":"Feature","geometry":{"type":"Point","coordinates":[-41.325346,-21.716046]},"properties":{"nome":"6 (338)","tipo":"caixa_ftth","bairro":"S\u00c3O JOS\u00c9"}},{"type":"Feature","geometry":{"type":"Point","coordinates":[-41.324557,-21.71618]},"properties":{"nome":"7 (314)","tipo":"caixa_ftth","bairro":"S\u00c3O JOS\u00c9"}},{"type":"Feature","geometry":{"type":"Point","coordinates":[-41.323759,-21.716319]},"properties":{"nome":"8 (290)","tipo":"caixa_ftth","bairro":"S\u00c3O JOS\u00c9"}},{"type":"Feature","geometry":{"type":"Point","coordinates":[-41.322751,-21.716496]},"properties":{"nome":"9 (254)","tipo":"caixa_ftth","bairro":"S\u00c3O JOS\u00c9"}},{"type":"Feature","geometry":{"type":"Point","coordinates":[-41.321845,-21.716659]},"properties":{"nome":"10 (6)","tipo":"caixa_ftth","bairro":"S\u00c3O JOS\u00c9"}},{"type":"Feature","geometry":{"type":"Point","coordinates":[-41.321172,-21.716777]},"properties":{"nome":"11 (28)","tipo":"caixa_ftth","bairro":"S\u00c3O JOS\u00c9"}},{"type":"Feature","geometry":{"type":"Point","coordinates":[-41.320269,-21.716929]},"properties":{"nome":"12 (218)","tipo":"caixa_ftth","bairro":"S\u00c3O JOS\u00c9"}},{"type":"Feature","geometry":{"type":"Point","coordinates":[-41.319374,-21.717097]},"properties":{"nome":"13 (210)","tipo":"caixa_ftth","bairro":"S\u00c3O JOS\u00c9"}},{"type":"Feature","geometry":{"type":"Point","coordinates":[-41.317878,-21.717352]},"properties":{"nome":"14 (186)","tipo":"caixa_ftth","bairro":"S\u00c3O JOS\u00c9"}},{"type":"Feature","geometry":{"type":"Point","coordinates":[-41.322672,-21.714768]},"properties":{"nome":"1 (381)","tipo":"caixa_ftth","bairro":"S\u00c3O JOS\u00c9"}},{"type":"Feature","geometry":{"type":"Point","coordinates":[-41.322974,-21.71405]},"properties":{"nome":"2 (359)","tipo":"caixa_ftth","bairro":"S\u00c3O JOS\u00c9"}},{"type":"Feature","geometry":{"type":"Point","coordinates":[-41.323347,-21.713541]},"properties":{"nome":"3 (331)","tipo":"caixa_ftth","bairro":"S\u00c3O JOS\u00c9"}},{"type":"Feature","geometry":{"type":"Point","coordinates":[-41.323866,-21.71306]},"properties":{"nome":"4 (319)","tipo":"caixa_ftth","bairro":"S\u00c3O JOS\u00c9"}},{"type":"Feature","geometry":{"type":"Point","coordinates":[-41.324076,-21.712391]},"properties":{"nome":"5 (309)","tipo":"caixa_ftth","bairro":"S\u00c3O JOS\u00c9"}},{"type":"Feature","geometry":{"type":"Point","coordinates":[-41.323352,-21.71156]},"properties":{"nome":"6 (155)","tipo":"caixa_ftth","bairro":"S\u00c3O JOS\u00c9"}},{"type":"Feature","geometry":{"type":"Point","coordinates":[-41.323368,-21.710861]},"properties":{"nome":"7","tipo":"caixa_ftth","bairro":"S\u00c3O JOS\u00c9"}},{"type":"Feature","geometry":{"type":"Point","coordinates":[-41.322069,-21.714852]},"properties":{"nome":"8 (61)","tipo":"caixa_ftth","bairro":"S\u00c3O JOS\u00c9"}},{"type":"Feature","geometry":{"type":"Point","coordinates":[-41.321468,-21.714956]},"properties":{"nome":"9 (34)","tipo":"caixa_ftth","bairro":"S\u00c3O JOS\u00c9"}},{"type":"Feature","geometry":{"type":"Point","coordinates":[-41.320531,-21.71504]},"properties":{"nome":"10 (20)","tipo":"caixa_ftth","bairro":"S\u00c3O JOS\u00c9"}},{"type":"Feature","geometry":{"type":"Point","coordinates":[-41.322677,-21.713707]},"properties":{"nome":"11 (56)","tipo":"caixa_ftth","bairro":"S\u00c3O JOS\u00c9"}},{"type":"Feature","geometry":{"type":"Point","coordinates":[-41.32212,-21.713796]},"properties":{"nome":"12 (35)","tipo":"caixa_ftth","bairro":"S\u00c3O JOS\u00c9"}},{"type":"Feature","geometry":{"type":"Point","coordinates":[-41.323325,-21.712529]},"properties":{"nome":"13 (45)","tipo":"caixa_ftth","bairro":"S\u00c3O JOS\u00c9"}},{"type":"Feature","geometry":{"type":"Point","coordinates":[-41.322785,-21.712634]},"properties":{"nome":"14 (27)","tipo":"caixa_ftth","bairro":"S\u00c3O JOS\u00c9"}},{"type":"Feature","geometry":{"type":"Point","coordinates":[-41.320677,-21.714084]},"properties":{"nome":"1 (106)","tipo":"caixa_ftth","bairro":"S\u00c3O JOS\u00c9"}},{"type":"Feature","geometry":{"type":"Point","coordinates":[-41.320853,-21.713627]},"properties":{"nome":"2 (118)","tipo":"caixa_ftth","bairro":"S\u00c3O JOS\u00c9"}},{"type":"Feature","geometry":{"type":"Point","coordinates":[-41.320881,-21.713349]},"properties":{"nome":"3 (124)","tipo":"caixa_ftth","bairro":"S\u00c3O JOS\u00c9"}},{"type":"Feature","geometry":{"type":"Point","coordinates":[-41.321004,-21.712872]},"properties":{"nome":"4 (138)","tipo":"caixa_ftth","bairro":"S\u00c3O JOS\u00c9"}},{"type":"Feature","geometry":{"type":"Point","coordinates":[-41.321535,-21.712528]},"properties":{"nome":"5 (129)","tipo":"caixa_ftth","bairro":"S\u00c3O JOS\u00c9"}},{"type":"Feature","geometry":{"type":"Point","coordinates":[-41.322271,-21.712192]},"properties":{"nome":"6 (145)","tipo":"caixa_ftth","bairro":"S\u00c3O JOS\u00c9"}},{"type":"Feature","geometry":{"type":"Point","coordinates":[-41.322413,-21.711685]},"properties":{"nome":"7 (157)","tipo":"caixa_ftth","bairro":"S\u00c3O JOS\u00c9"}},{"type":"Feature","geometry":{"type":"Point","coordinates":[-41.320669,-21.716715]},"properties":{"nome":"1 (22)","tipo":"caixa_ftth","bairro":"S\u00c3O JOS\u00c9"}},{"type":"Feature","geometry":{"type":"Point","coordinates":[-41.320184,-21.716717]},"properties":{"nome":"2 (33)","tipo":"caixa_ftth","bairro":"S\u00c3O JOS\u00c9"}},{"type":"Feature","geometry":{"type":"Point","coordinates":[-41.320053,-21.715683]},"properties":{"nome":"4 (24)","tipo":"caixa_ftth","bairro":"S\u00c3O JOS\u00c9"}},{"type":"Feature","geometry":{"type":"Point","coordinates":[-41.320103,-21.716093]},"properties":{"nome":"3 (11)","tipo":"caixa_ftth","bairro":"S\u00c3O JOS\u00c9"}},{"type":"Feature","geometry":{"type":"Point","coordinates":[-41.320001,-21.715297]},"properties":{"nome":"5 (10)","tipo":"caixa_ftth","bairro":"S\u00c3O JOS\u00c9"}},{"type":"Feature","geometry":{"type":"Point","coordinates":[-41.320211,-21.714671]},"properties":{"nome":"6 (88)","tipo":"caixa_ftth","bairro":"S\u00c3O JOS\u00c9"}},{"type":"Feature","geometry":{"type":"Point","coordinates":[-41.319501,-21.716741]},"properties":{"nome":"7 (14)","tipo":"caixa_ftth","bairro":"S\u00c3O JOS\u00c9"}},{"type":"Feature","geometry":{"type":"Point","coordinates":[-41.319665,-21.715927]},"properties":{"nome":"8 (48)","tipo":"caixa_ftth","bairro":"S\u00c3O JOS\u00c9"}},{"type":"Feature","geometry":{"type":"Point","coordinates":[-41.321252,-21.716188]},"properties":{"nome":"1 (75)","tipo":"caixa_ftth","bairro":"S\u00c3O JOS\u00c9"}},{"type":"Feature","geometry":{"type":"Point","coordinates":[-41.321177,-21.715615]},"properties":{"nome":"2 (57)","tipo":"caixa_ftth","bairro":"S\u00c3O JOS\u00c9"}},{"type":"Feature","geometry":{"type":"Point","coordinates":[-41.321091,-21.71487]},"properties":{"nome":"3 (29)","tipo":"caixa_ftth","bairro":"S\u00c3O JOS\u00c9"}},{"type":"Feature","geometry":{"type":"Point","coordinates":[-41.320993,-21.714138]},"properties":{"nome":"4 (8)","tipo":"caixa_ftth","bairro":"S\u00c3O JOS\u00c9"}},{"type":"Feature","geometry":{"type":"Point","coordinates":[-41.321273,-21.71347]},"properties":{"nome":"5 (16)","tipo":"caixa_ftth","bairro":"S\u00c3O JOS\u00c9"}},{"type":"Feature","geometry":{"type":"Point","coordinates":[-41.321686,-21.713035]},"properties":{"nome":"6 (50)","tipo":"caixa_ftth","bairro":"S\u00c3O JOS\u00c9"}},{"type":"Feature","geometry":{"type":"Point","coordinates":[-41.322005,-21.712795]},"properties":{"nome":"7 (49)","tipo":"caixa_ftth","bairro":"S\u00c3O JOS\u00c9"}},{"type":"Feature","geometry":{"type":"Point","coordinates":[-41.321524,-21.713905]},"properties":{"nome":"8 (13)","tipo":"caixa_ftth","bairro":"S\u00c3O JOS\u00c9"}},{"type":"Feature","geometry":{"type":"Point","coordinates":[-41.317132,-21.717485]},"properties":{"nome":"1 (164)","tipo":"caixa_ftth","bairro":"S\u00c3O JOS\u00c9"}},{"type":"Feature","geometry":{"type":"Point","coordinates":[-41.316334,-21.71763]},"properties":{"nome":"2 (140)","tipo":"caixa_ftth","bairro":"S\u00c3O JOS\u00c9"}},{"type":"Feature","geometry":{"type":"Point","coordinates":[-41.315547,-21.717769]},"properties":{"nome":"3 (112)","tipo":"caixa_ftth","bairro":"S\u00c3O JOS\u00c9"}},{"type":"Feature","geometry":{"type":"Point","coordinates":[-41.314872,-21.717889]},"properties":{"nome":"4 (100)","tipo":"caixa_ftth","bairro":"S\u00c3O JOS\u00c9"}},{"type":"Feature","geometry":{"type":"Point","coordinates":[-41.314104,-21.71803]},"properties":{"nome":"5 (78)","tipo":"caixa_ftth","bairro":"S\u00c3O JOS\u00c9"}},{"type":"Feature","geometry":{"type":"Point","coordinates":[-41.31337,-21.718156]},"properties":{"nome":"6 (48)","tipo":"caixa_ftth","bairro":"S\u00c3O JOS\u00c9"}},{"type":"Feature","geometry":{"type":"Point","coordinates":[-41.312627,-21.718295]},"properties":{"nome":"7 (28)","tipo":"caixa_ftth","bairro":"S\u00c3O JOS\u00c9"}},{"type":"Feature","geometry":{"type":"Point","coordinates":[-41.311852,-21.71794]},"properties":{"nome":"8 (1322)","tipo":"caixa_ftth","bairro":"S\u00c3O JOS\u00c9"}},{"type":"Feature","geometry":{"type":"Point","coordinates":[-41.311419,-21.717455]},"properties":{"nome":"9 (1249)","tipo":"caixa_ftth","bairro":"S\u00c3O JOS\u00c9"}},{"type":"Feature","geometry":{"type":"Point","coordinates":[-41.310877,-21.716879]},"properties":{"nome":"10 (1263)","tipo":"caixa_ftth","bairro":"S\u00c3O JOS\u00c9"}},{"type":"Feature","geometry":{"type":"Point","coordinates":[-41.310281,-21.716235]},"properties":{"nome":"11 (1271)","tipo":"caixa_ftth","bairro":"S\u00c3O JOS\u00c9"}},{"type":"Feature","geometry":{"type":"Point","coordinates":[-41.309889,-21.715814]},"properties":{"nome":"12","tipo":"caixa_ftth","bairro":"S\u00c3O JOS\u00c9"}},{"type":"Feature","geometry":{"type":"Point","coordinates":[-41.309772,-21.715649]},"properties":{"nome":"13 (1335)","tipo":"caixa_ftth","bairro":"S\u00c3O JOS\u00c9"}},{"type":"Feature","geometry":{"type":"Point","coordinates":[-41.309358,-21.714994]},"properties":{"nome":"14 (1353)","tipo":"caixa_ftth","bairro":"S\u00c3O JOS\u00c9"}},{"type":"Feature","geometry":{"type":"Point","coordinates":[-41.309074,-21.714393]},"properties":{"nome":"15 (1373)","tipo":"caixa_ftth","bairro":"S\u00c3O JOS\u00c9"}},{"type":"Feature","geometry":{"type":"Point","coordinates":[-41.314725,-21.717473]},"properties":{"nome":"16 (101)","tipo":"caixa_ftth","bairro":"S\u00c3O JOS\u00c9"}},{"type":"Feature","geometry":{"type":"Point","coordinates":[-41.310033,-21.714851]},"properties":{"nome":"1 (23)","tipo":"caixa_ftth","bairro":"S\u00c3O JOS\u00c9"}},{"type":"Feature","geometry":{"type":"Point","coordinates":[-41.310488,-21.714723]},"properties":{"nome":"2 (23)","tipo":"caixa_ftth","bairro":"S\u00c3O JOS\u00c9"}},{"type":"Feature","geometry":{"type":"Point","coordinates":[-41.310687,-21.715157]},"properties":{"nome":"3 (13)","tipo":"caixa_ftth","bairro":"S\u00c3O JOS\u00c9"}},{"type":"Feature","geometry":{"type":"Point","coordinates":[-41.310401,-21.715516]},"properties":{"nome":"4 (27)","tipo":"caixa_ftth","bairro":"S\u00c3O JOS\u00c9"}},{"type":"Feature","geometry":{"type":"Point","coordinates":[-41.310877,-21.71553]},"properties":{"nome":"5 (31)","tipo":"caixa_ftth","bairro":"S\u00c3O JOS\u00c9"}},{"type":"Feature","geometry":{"type":"Point","coordinates":[-41.311081,-21.715937]},"properties":{"nome":"6 (46)","tipo":"caixa_ftth","bairro":"S\u00c3O JOS\u00c9"}},{"type":"Feature","geometry":{"type":"Point","coordinates":[-41.310725,-21.7162]},"properties":{"nome":"7 (87)","tipo":"caixa_ftth","bairro":"S\u00c3O JOS\u00c9"}},{"type":"Feature","geometry":{"type":"Point","coordinates":[-41.31288,-21.717751]},"properties":{"nome":"1 (72)","tipo":"caixa_ftth","bairro":"S\u00c3O JOS\u00c9"}},{"type":"Feature","geometry":{"type":"Point","coordinates":[-41.31256,-21.717165]},"properties":{"nome":"2 (54)","tipo":"caixa_ftth","bairro":"S\u00c3O JOS\u00c9"}},{"type":"Feature","geometry":{"type":"Point","coordinates":[-41.312261,-21.716522]},"properties":{"nome":"3 (41)","tipo":"caixa_ftth","bairro":"S\u00c3O JOS\u00c9"}},{"type":"Feature","geometry":{"type":"Point","coordinates":[-41.312105,-21.716221]},"properties":{"nome":"4 (22)","tipo":"caixa_ftth","bairro":"S\u00c3O JOS\u00c9"}},{"type":"Feature","geometry":{"type":"Point","coordinates":[-41.311904,-21.715728]},"properties":{"nome":"5 (20)","tipo":"caixa_ftth","bairro":"S\u00c3O JOS\u00c9"}},{"type":"Feature","geometry":{"type":"Point","coordinates":[-41.311487,-21.716717]},"properties":{"nome":"6 (65)","tipo":"caixa_ftth","bairro":"S\u00c3O JOS\u00c9"}},{"type":"Feature","geometry":{"type":"Point","coordinates":[-41.31207,-21.717235]},"properties":{"nome":"7 (23)","tipo":"caixa_ftth","bairro":"S\u00c3O JOS\u00c9"}},{"type":"Feature","geometry":{"type":"Point","coordinates":[-41.311424,-21.715914]},"properties":{"nome":"8 (37)","tipo":"caixa_ftth","bairro":"S\u00c3O JOS\u00c9"}},{"type":"Feature","geometry":{"type":"Point","coordinates":[-41.312498,-21.715482]},"properties":{"nome":"1 (28)","tipo":"caixa_ftth","bairro":"S\u00c3O JOS\u00c9"}},{"type":"Feature","geometry":{"type":"Point","coordinates":[-41.312921,-21.715304]},"properties":{"nome":"2 (85)","tipo":"caixa_ftth","bairro":"S\u00c3O JOS\u00c9"}},{"type":"Feature","geometry":{"type":"Point","coordinates":[-41.313583,-21.715031]},"properties":{"nome":"3 (118)","tipo":"caixa_ftth","bairro":"S\u00c3O JOS\u00c9"}},{"type":"Feature","geometry":{"type":"Point","coordinates":[-41.314102,-21.714829]},"properties":{"nome":"4 (127)","tipo":"caixa_ftth","bairro":"S\u00c3O JOS\u00c9"}},{"type":"Feature","geometry":{"type":"Point","coordinates":[-41.313238,-21.714811]},"properties":{"nome":"5 (115)","tipo":"caixa_ftth","bairro":"S\u00c3O JOS\u00c9"}},{"type":"Feature","geometry":{"type":"Point","coordinates":[-41.31373,-21.714525]},"properties":{"nome":"6 (17)","tipo":"caixa_ftth","bairro":"S\u00c3O JOS\u00c9"}},{"type":"Feature","geometry":{"type":"Point","coordinates":[-41.314344,-21.714666]},"properties":{"nome":"7 (30)","tipo":"caixa_ftth","bairro":"S\u00c3O JOS\u00c9"}},{"type":"Feature","geometry":{"type":"LineString","coordinates":[[-41.336945,-21.724973],[-41.336657,-21.724406],[-41.336339,-21.723781],[-41.336201,-21.72349],[-41.33619,-21.723354],[-41.336394,-21.723498],[-41.336407,-21.72348],[-41.335787,-21.723044]]},"properties":{"nome":"306M - 6FO","tipo":"distribuicao","bairro":"S\u00c3O JOS\u00c9"}},{"type":"Feature","geometry":{"type":"LineString","coordinates":[[-41.337342,-21.724384],[-41.337442,-21.724219],[-41.337025,-21.723926]]},"properties":{"nome":"75M - 6FO","tipo":"distribuicao","bairro":"S\u00c3O JOS\u00c9"}},{"type":"Feature","geometry":{"type":"LineString","coordinates":[[-41.336353,-21.725359],[-41.33638,-21.725405],[-41.336468,-21.725466],[-41.336306,-21.725583],[-41.335987,-21.725771],[-41.335613,-21.725971],[-41.335663,-21.725765],[-41.3355,-21.725456],[-41.335187,-21.724857],[-41.334873,-21.724273]]},"properties":{"nome":"330M - 6FO","tipo":"distribuicao","bairro":"S\u00c3O JOS\u00c9"}},{"type":"Feature","geometry":{"type":"LineString","coordinates":[[-41.335162,-21.722946],[-41.335535,-21.723719],[-41.335896,-21.724446],[-41.336355,-21.725348]]},"properties":{"nome":"293M - 6FO","tipo":"distribuicao","bairro":"S\u00c3O JOS\u00c9"}},{"type":"Feature","geometry":{"type":"LineString","coordinates":[[-41.337198,-21.726582],[-41.337487,-21.726284],[-41.337816,-21.725819],[-41.338115,-21.725496],[-41.338266,-21.725218]]},"properties":{"nome":"195M - 6F","tipo":"distribuicao","bairro":"S\u00c3O JOS\u00c9"}},{"type":"Feature","geometry":{"type":"LineString","coordinates":[[-41.337627,-21.726745],[-41.337822,-21.726562],[-41.337974,-21.726327],[-41.338248,-21.726029]]},"properties":{"nome":"110M - 6F","tipo":"distribuicao","bairro":"S\u00c3O JOS\u00c9"}},{"type":"Feature","geometry":{"type":"LineString","coordinates":[[-41.336232,-21.726091],[-41.336713,-21.725849],[-41.337111,-21.725416],[-41.337395,-21.725041]]},"properties":{"nome":"171M - 6F","tipo":"distribuicao","bairro":"S\u00c3O JOS\u00c9"}},{"type":"Feature","geometry":{"type":"LineString","coordinates":[[-41.336563,-21.726432],[-41.337043,-21.726149],[-41.337167,-21.726011],[-41.33742,-21.725712],[-41.337752,-21.72532]]},"properties":{"nome":"176M -6F","tipo":"distribuicao","bairro":"S\u00c3O JOS\u00c9"}},{"type":"Feature","geometry":{"type":"LineString","coordinates":[[-41.337741,-21.725315],[-41.337543,-21.725552]]},"properties":{"nome":"33M - 6FO","tipo":"distribuicao","bairro":"S\u00c3O JOS\u00c9"}},{"type":"Feature","geometry":{"type":"LineString","coordinates":[[-41.336275,-21.726118],[-41.336759,-21.725861],[-41.336995,-21.726194],[-41.336607,-21.726419]]},"properties":{"nome":"150M - 6F","tipo":"distribuicao","bairro":"S\u00c3O JOS\u00c9"}},{"type":"Feature","geometry":{"type":"LineString","coordinates":[[-41.337616,-21.72674],[-41.337475,-21.726874],[-41.337348,-21.726766],[-41.337205,-21.726594]]},"properties":{"nome":"62M - 12F","tipo":"distribuicao","bairro":"S\u00c3O JOS\u00c9"}},{"type":"Feature","geometry":{"type":"LineString","coordinates":[[-41.337202,-21.726592],[-41.336996,-21.726196],[-41.336608,-21.726424]]},"properties":{"nome":"100M - 6F","tipo":"distribuicao","bairro":"S\u00c3O JOS\u00c9"}},{"type":"Feature","geometry":{"type":"LineString","coordinates":[[-41.337252,-21.722869],[-41.336652,-21.722433]]},"properties":{"nome":"79M - 6FO","tipo":"distribuicao","bairro":"S\u00c3O JOS\u00c9"}},{"type":"Feature","geometry":{"type":"LineString","coordinates":[[-41.337239,-21.722862],[-41.337331,-21.722803],[-41.337522,-21.722549],[-41.33756,-21.722531],[-41.337589,-21.722567]]},"properties":{"nome":"55M - 6FO","tipo":"distribuicao","bairro":"S\u00c3O JOS\u00c9"}},{"type":"Feature","geometry":{"type":"LineString","coordinates":[[-41.338003,-21.724051],[-41.33777,-21.723712],[-41.337772,-21.723678],[-41.337986,-21.723531],[-41.337934,-21.723372],[-41.337232,-21.722873]]},"properties":{"nome":"230M - 6F","tipo":"distribuicao","bairro":"S\u00c3O JOS\u00c9"}},{"type":"Feature","geometry":{"type":"LineString","coordinates":[[-41.339246,-21.722614],[-41.338867,-21.722861],[-41.338868,-21.723009],[-41.339125,-21.723233],[-41.339228,-21.723269],[-41.339697,-21.722957],[-41.339707,-21.722968],[-41.339232,-21.723285],[-41.339114,-21.723245],[-41.338856,-21.723016],[-41.338777,-21.723033],[-41.337997,-21.723529],[-41.337939,-21.72336],[-41.337239,-21.722862]]},"properties":{"nome":"500M - 6F","tipo":"distribuicao","bairro":"S\u00c3O JOS\u00c9"}},{"type":"Feature","geometry":{"type":"LineString","coordinates":[[-41.337255,-21.722855],[-41.337948,-21.723351],[-41.338005,-21.72351],[-41.338774,-21.723022],[-41.338351,-21.722766],[-41.337517,-21.721475],[-41.337179,-21.720921],[-41.336885,-21.720437],[-41.336692,-21.720459],[-41.336649,-21.720175],[-41.336553,-21.719905],[-41.336403,-21.719656]]},"properties":{"nome":"656M - 12FO","tipo":"distribuicao","bairro":"S\u00c3O JOS\u00c9"}},{"type":"Feature","geometry":{"type":"LineString","coordinates":[[-41.334163,-21.726322],[-41.334561,-21.726353],[-41.334958,-21.726309],[-41.335107,-21.726245],[-41.33529,-21.726491],[-41.335307,-21.726482],[-41.335114,-21.726222],[-41.334952,-21.726293],[-41.334661,-21.72579],[-41.334303,-21.725163]]},"properties":{"nome":"330M - 6FO","tipo":"distribuicao","bairro":"S\u00c3O JOS\u00c9"}},{"type":"Feature","geometry":{"type":"LineString","coordinates":[[-41.334167,-21.726322],[-41.33412,-21.726368],[-41.334563,-21.727691],[-41.33458,-21.727682],[-41.334491,-21.727425],[-41.334519,-21.727397],[-41.334827,-21.727288],[-41.335475,-21.727051]]},"properties":{"nome":"303M - 6FO","tipo":"distribuicao","bairro":"S\u00c3O JOS\u00c9"}},{"type":"Feature","geometry":{"type":"LineString","coordinates":[[-41.333665,-21.724102],[-41.333262,-21.723451],[-41.332921,-21.722872]]},"properties":{"nome":"156M - 6FO","tipo":"distribuicao","bairro":"S\u00c3O JOS\u00c9"}},{"type":"Feature","geometry":{"type":"LineString","coordinates":[[-41.333667,-21.724103],[-41.333563,-21.724152],[-41.33294,-21.724487],[-41.332944,-21.724235],[-41.332793,-21.723984],[-41.332245,-21.723076]]},"properties":{"nome":"262M - 6FO","tipo":"distribuicao","bairro":"S\u00c3O JOS\u00c9"}},{"type":"Feature","geometry":{"type":"LineString","coordinates":[[-41.333907,-21.724498],[-41.333666,-21.724104]]},"properties":{"nome":"50M - 6FO","tipo":"distribuicao","bairro":"S\u00c3O JOS\u00c9"}},{"type":"Feature","geometry":{"type":"LineString","coordinates":[[-41.333105,-21.725879],[-41.333209,-21.726064],[-41.333265,-21.726239],[-41.333462,-21.726637],[-41.333676,-21.727303],[-41.333884,-21.727982],[-41.334004,-21.728378],[-41.334113,-21.728656]]},"properties":{"nome":"325M - 6FO","tipo":"distribuicao","bairro":"S\u00c3O JOS\u00c9"}},{"type":"Feature","geometry":{"type":"LineString","coordinates":[[-41.333111,-21.725877],[-41.3334,-21.725724],[-41.333761,-21.725605],[-41.333328,-21.724863]]},"properties":{"nome":"168M - 6FO","tipo":"distribuicao","bairro":"S\u00c3O JOS\u00c9"}},{"type":"Feature","geometry":{"type":"LineString","coordinates":[[-41.331865,-21.722678],[-41.332599,-21.722296],[-41.332452,-21.722204],[-41.332088,-21.721583]]},"properties":{"nome":"184M - 6FO","tipo":"distribuicao","bairro":"S\u00c3O JOS\u00c9"}},{"type":"Feature","geometry":{"type":"LineString","coordinates":[[-41.331872,-21.722674],[-41.332006,-21.722663],[-41.331132,-21.721196]]},"properties":{"nome":"200M - 6FO","tipo":"distribuicao","bairro":"S\u00c3O JOS\u00c9"}},{"type":"Feature","geometry":{"type":"LineString","coordinates":[[-41.331342,-21.722975],[-41.330964,-21.722346],[-41.330449,-21.721476]]},"properties":{"nome":"190M - 6FO","tipo":"distribuicao","bairro":"S\u00c3O JOS\u00c9"}},{"type":"Feature","geometry":{"type":"LineString","coordinates":[[-41.330733,-21.723286],[-41.330647,-21.723212],[-41.33027,-21.722586],[-41.329905,-21.721968]]},"properties":{"nome":"170M - 6FO","tipo":"distribuicao","bairro":"S\u00c3O JOS\u00c9"}},{"type":"Feature","geometry":{"type":"LineString","coordinates":[[-41.331887,-21.72343],[-41.33104,-21.723871],[-41.330529,-21.724136]]},"properties":{"nome":"161M - 6FO","tipo":"distribuicao","bairro":"S\u00c3O JOS\u00c9"}},{"type":"Feature","geometry":{"type":"LineString","coordinates":[[-41.330726,-21.72328],[-41.329976,-21.723672],[-41.329486,-21.723931]]},"properties":{"nome":"147M - 6FO","tipo":"distribuicao","bairro":"S\u00c3O JOS\u00c9"}},{"type":"Feature","geometry":{"type":"LineString","coordinates":[[-41.331807,-21.725044],[-41.331793,-21.725098],[-41.332183,-21.725765],[-41.332437,-21.726202],[-41.332427,-21.726207],[-41.332302,-21.726003],[-41.331584,-21.726386]]},"properties":{"nome":"258M - 6FO","tipo":"distribuicao","bairro":"S\u00c3O JOS\u00c9"}},{"type":"Feature","geometry":{"type":"LineString","coordinates":[[-41.331988,-21.72412],[-41.331392,-21.724446],[-41.330528,-21.724877]]},"properties":{"nome":"173M - 6FO","tipo":"distribuicao","bairro":"S\u00c3O JOS\u00c9"}},{"type":"Feature","geometry":{"type":"LineString","coordinates":[[-41.330374,-21.725805],[-41.330005,-21.725207],[-41.329647,-21.724597],[-41.329111,-21.724875]]},"properties":{"nome":"217M - 6FO","tipo":"distribuicao","bairro":"S\u00c3O JOS\u00c9"}},{"type":"Feature","geometry":{"type":"LineString","coordinates":[[-41.330374,-21.725802],[-41.330417,-21.726049],[-41.330916,-21.726771]]},"properties":{"nome":"123M - 6FO","tipo":"distribuicao","bairro":"S\u00c3O JOS\u00c9"}},{"type":"Feature","geometry":{"type":"LineString","coordinates":[[-41.331066,-21.725439],[-41.331036,-21.725482],[-41.331094,-21.725511],[-41.331322,-21.725856]]},"properties":{"nome":"57M - 6FO","tipo":"distribuicao","bairro":"S\u00c3O JOS\u00c9"}},{"type":"Feature","geometry":{"type":"LineString","coordinates":[[-41.330003,-21.725198],[-41.329852,-21.725233],[-41.329519,-21.725412]]},"properties":{"nome":"56M - 6FO","tipo":"distribuicao","bairro":"S\u00c3O JOS\u00c9"}},{"type":"Feature","geometry":{"type":"LineString","coordinates":[[-41.329774,-21.726163],[-41.329291,-21.726496],[-41.329005,-21.726623],[-41.32884,-21.726737],[-41.328178,-21.726443]]},"properties":{"nome":"200 M","tipo":"distribuicao","bairro":"S\u00c3O JOS\u00c9"}},{"type":"Feature","geometry":{"type":"LineString","coordinates":[[-41.328997,-21.726615],[-41.329286,-21.726486],[-41.328333,-21.726122]]},"properties":{"nome":"123 M","tipo":"distribuicao","bairro":"S\u00c3O JOS\u00c9"}},{"type":"Feature","geometry":{"type":"LineString","coordinates":[[-41.329768,-21.726165],[-41.328719,-21.725765]]},"properties":{"nome":"117M - 6FO","tipo":"distribuicao","bairro":"S\u00c3O JOS\u00c9"}},{"type":"Feature","geometry":{"type":"LineString","coordinates":[[-41.329774,-21.72617],[-41.329906,-21.726089],[-41.330075,-21.726361],[-41.330389,-21.726856]]},"properties":{"nome":"115M - 6FO","tipo":"distribuicao","bairro":"S\u00c3O JOS\u00c9"}},{"type":"Feature","geometry":{"type":"LineString","coordinates":[[-41.332778,-21.737672],[-41.332827,-21.737394],[-41.332788,-21.736972],[-41.332754,-21.736627],[-41.33263,-21.736301],[-41.332427,-21.735826],[-41.332277,-21.735404],[-41.331955,-21.735025],[-41.331194,-21.734478],[-41.330887,-21.734224],[-41.330726,-21.733995],[-41.330738,-21.733935],[-41.331326,-21.733749],[-41.33207,-21.733526],[-41.332775,-21.733305]]},"properties":{"nome":"715M - 12FO","tipo":"distribuicao","bairro":"S\u00c3O JOS\u00c9"}},{"type":"Feature","geometry":{"type":"LineString","coordinates":[[-41.333108,-21.733798],[-41.332263,-21.734058],[-41.33159,-21.734274],[-41.33119,-21.734402],[-41.331194,-21.734472]]},"properties":{"nome":"217M - 6FO","tipo":"distribuicao","bairro":"S\u00c3O JOS\u00c9"}},{"type":"Feature","geometry":{"type":"LineString","coordinates":[[-41.331944,-21.735025],[-41.331893,-21.7349],[-41.33238,-21.734754],[-41.333258,-21.734495]]},"properties":{"nome":"163M - 6FO","tipo":"distribuicao","bairro":"S\u00c3O JOS\u00c9"}},{"type":"Feature","geometry":{"type":"LineString","coordinates":[[-41.332787,-21.737668],[-41.332617,-21.737583],[-41.332255,-21.737278],[-41.331773,-21.736874],[-41.331568,-21.736705],[-41.331368,-21.736451],[-41.330238,-21.735516]]},"properties":{"nome":"357M - 6FO","tipo":"distribuicao","bairro":"S\u00c3O JOS\u00c9"}},{"type":"Feature","geometry":{"type":"LineString","coordinates":[[-41.331372,-21.736452],[-41.331518,-21.736473],[-41.331708,-21.736324],[-41.332016,-21.736219]]},"properties":{"nome":"75M - 6FO","tipo":"distribuicao","bairro":"S\u00c3O JOS\u00c9"}},{"type":"Feature","geometry":{"type":"LineString","coordinates":[[-41.330907,-21.736075],[-41.331394,-21.735818]]},"properties":{"nome":"58M - 6FO","tipo":"distribuicao","bairro":"S\u00c3O JOS\u00c9"}},{"type":"Feature","geometry":{"type":"LineString","coordinates":[[-41.330775,-21.737338],[-41.330659,-21.737478],[-41.332071,-21.738669],[-41.332381,-21.738273],[-41.332494,-21.738081],[-41.332686,-21.738082],[-41.333064,-21.738131],[-41.333822,-21.738172],[-41.333747,-21.737615]]},"properties":{"nome":"495M - 6FO","tipo":"distribuicao","bairro":"S\u00c3O JOS\u00c9"}},{"type":"Feature","geometry":{"type":"LineString","coordinates":[[-41.329289,-21.736072],[-41.329155,-21.735959],[-41.329272,-21.735956],[-41.329485,-21.73573],[-41.32985,-21.735352],[-41.329865,-21.735192],[-41.329522,-21.73491]]},"properties":{"nome":"186M - 6FO","tipo":"distribuicao","bairro":"S\u00c3O JOS\u00c9"}},{"type":"Feature","geometry":{"type":"LineString","coordinates":[[-41.330769,-21.737328],[-41.331953,-21.738296]]},"properties":{"nome":"163M - 6FO","tipo":"distribuicao","bairro":"S\u00c3O JOS\u00c9"}},{"type":"Feature","geometry":{"type":"LineString","coordinates":[[-41.330782,-21.737338],[-41.330343,-21.736979],[-41.329812,-21.736535],[-41.329273,-21.736083],[-41.328585,-21.735504],[-41.328075,-21.735072],[-41.327486,-21.73457]]},"properties":{"nome":"458M - 12FO","tipo":"distribuicao","bairro":"S\u00c3O JOS\u00c9"}},{"type":"Feature","geometry":{"type":"LineString","coordinates":[[-41.332039,-21.73873],[-41.332071,-21.738664],[-41.332016,-21.738598],[-41.33157,-21.738243],[-41.331167,-21.737902],[-41.330525,-21.73736],[-41.330124,-21.737029]]},"properties":{"nome":"279M - 6FO","tipo":"distribuicao","bairro":"S\u00c3O JOS\u00c9"}},{"type":"Feature","geometry":{"type":"LineString","coordinates":[[-41.330123,-21.737024],[-41.329602,-21.736598],[-41.32912,-21.736189],[-41.328614,-21.735765],[-41.328088,-21.735327],[-41.32745,-21.734795],[-41.326933,-21.734368],[-41.326356,-21.733879],[-41.326302,-21.733873],[-41.32573,-21.734477],[-41.325717,-21.734465],[-41.3259,-21.734265],[-41.32551,-21.733988]]},"properties":{"nome":"700M - 12FO","tipo":"distribuicao","bairro":"S\u00c3O JOS\u00c9"}},{"type":"Feature","geometry":{"type":"LineString","coordinates":[[-41.326351,-21.733866],[-41.326068,-21.733634],[-41.325839,-21.733491]]},"properties":{"nome":"68M - 6FO","tipo":"distribuicao","bairro":"S\u00c3O JOS\u00c9"}},{"type":"Feature","geometry":{"type":"LineString","coordinates":[[-41.330062,-21.739252],[-41.329434,-21.738726],[-41.328918,-21.738288],[-41.328536,-21.737971],[-41.328301,-21.737764],[-41.327717,-21.737264],[-41.32729,-21.736907],[-41.326852,-21.736553],[-41.326575,-21.736316],[-41.326296,-21.736082],[-41.325953,-21.735789],[-41.32579,-21.735639],[-41.32548,-21.735105]]},"properties":{"nome":"663M - 12FO","tipo":"distribuicao","bairro":"S\u00c3O JOS\u00c9"}},{"type":"Feature","geometry":{"type":"LineString","coordinates":[[-41.325477,-21.735107],[-41.325379,-21.734928],[-41.325091,-21.734364],[-41.324846,-21.733873],[-41.324564,-21.733249],[-41.324498,-21.733069],[-41.32481,-21.73299],[-41.325007,-21.732986],[-41.325138,-21.733033]]},"properties":{"nome":"316M - 6FO","tipo":"distribuicao","bairro":"S\u00c3O JOS\u00c9"}},{"type":"Feature","geometry":{"type":"LineString","coordinates":[[-41.330456,-21.738364],[-41.329935,-21.737923],[-41.329394,-21.737475],[-41.328848,-21.737027],[-41.328273,-21.736535],[-41.32772,-21.736071],[-41.327462,-21.735852],[-41.327033,-21.735573],[-41.326712,-21.735274],[-41.326493,-21.735033]]},"properties":{"nome":"552M - 6FO","tipo":"distribuicao","bairro":"S\u00c3O JOS\u00c9"}},{"type":"Feature","geometry":{"type":"LineString","coordinates":[[-41.332781,-21.73767],[-41.332658,-21.738076],[-41.332495,-21.738088],[-41.332032,-21.73873],[-41.331698,-21.739209],[-41.331548,-21.739396],[-41.331389,-21.739746],[-41.331237,-21.740134],[-41.331143,-21.740148],[-41.33062,-21.739718],[-41.33007,-21.739258]]},"properties":{"nome":"485M - 12FO","tipo":"distribuicao","bairro":"S\u00c3O JOS\u00c9"}},{"type":"Feature","geometry":{"type":"LineString","coordinates":[[-41.331701,-21.739198],[-41.33162,-21.739316],[-41.33102,-21.738821],[-41.330482,-21.738374]]},"properties":{"nome":"173M - 6FO","tipo":"distribuicao","bairro":"S\u00c3O JOS\u00c9"}},{"type":"Feature","geometry":{"type":"LineString","coordinates":[[-41.332268,-21.735403],[-41.332319,-21.735258],[-41.33264,-21.735158],[-41.33342,-21.734924],[-41.333605,-21.734865],[-41.333753,-21.735327],[-41.333661,-21.735368],[-41.33276,-21.735629]]},"properties":{"nome":"318M - 6FO","tipo":"distribuicao","bairro":"S\u00c3O JOS\u00c9"}},{"type":"Feature","geometry":{"type":"LineString","coordinates":[[-41.33262,-21.732762],[-41.332088,-21.732918],[-41.331138,-21.733218],[-41.330619,-21.733374]]},"properties":{"nome":"218M - 6FO","tipo":"distribuicao","bairro":"S\u00c3O JOS\u00c9"}},{"type":"Feature","geometry":{"type":"LineString","coordinates":[[-41.330614,-21.733378],[-41.330489,-21.733433],[-41.330472,-21.733489],[-41.330326,-21.733598],[-41.329918,-21.733971],[-41.329457,-21.734385],[-41.329299,-21.734437],[-41.328938,-21.734541],[-41.328575,-21.734619]]},"properties":{"nome":"260M - 6FO","tipo":"distribuicao","bairro":"S\u00c3O JOS\u00c9"}},{"type":"Feature","geometry":{"type":"LineString","coordinates":[[-41.332374,-21.731957],[-41.332218,-21.731614],[-41.331857,-21.731718],[-41.330938,-21.732018],[-41.330323,-21.732216],[-41.330279,-21.731908]]},"properties":{"nome":"283M - 6FO","tipo":"distribuicao","bairro":"S\u00c3O JOS\u00c9"}},{"type":"Feature","geometry":{"type":"LineString","coordinates":[[-41.331942,-21.73239],[-41.331119,-21.732658],[-41.330403,-21.732898],[-41.330369,-21.732662]]},"properties":{"nome":"195M - 6FO","tipo":"distribuicao","bairro":"S\u00c3O JOS\u00c9"}},{"type":"Feature","geometry":{"type":"LineString","coordinates":[[-41.329031,-21.732605],[-41.329183,-21.732618],[-41.32926,-21.732948],[-41.329214,-21.733128],[-41.328827,-21.73348]]},"properties":{"nome":"130M - 6FO","tipo":"distribuicao","bairro":"S\u00c3O JOS\u00c9"}},{"type":"Feature","geometry":{"type":"LineString","coordinates":[[-41.32902,-21.732611],[-41.328511,-21.732724],[-41.328175,-21.732799],[-41.328127,-21.732865],[-41.328184,-21.733094],[-41.328393,-21.733923]]},"properties":{"nome":"219M - 6FO","tipo":"distribuicao","bairro":"S\u00c3O JOS\u00c9"}},{"type":"Feature","geometry":{"type":"LineString","coordinates":[[-41.329029,-21.732607],[-41.329643,-21.732455],[-41.330327,-21.732286],[-41.330279,-21.731911]]},"properties":{"nome":"181M - 6FO","tipo":"distribuicao","bairro":"S\u00c3O JOS\u00c9"}},{"type":"Feature","geometry":{"type":"LineString","coordinates":[[-41.327655,-21.732899],[-41.326788,-21.733078],[-41.326059,-21.73323],[-41.326007,-21.733273],[-41.32603,-21.733366],[-41.326621,-21.733856],[-41.327041,-21.734198]]},"properties":{"nome":"326M - 6FO","tipo":"distribuicao","bairro":"S\u00c3O JOS\u00c9"}},{"type":"Feature","geometry":{"type":"LineString","coordinates":[[-41.327663,-21.732912],[-41.327303,-21.732989],[-41.327443,-21.733575],[-41.327568,-21.734105]]},"properties":{"nome":"165M - 6FO","tipo":"distribuicao","bairro":"S\u00c3O JOS\u00c9"}},{"type":"Feature","geometry":{"type":"LineString","coordinates":[[-41.328514,-21.732712],[-41.327667,-21.732901]]},"properties":{"nome":"90M - 6FO","tipo":"distribuicao","bairro":"S\u00c3O JOS\u00c9"}},{"type":"Feature","geometry":{"type":"LineString","coordinates":[[-41.326835,-21.732891],[-41.326439,-21.732974],[-41.32635,-21.732922],[-41.326338,-21.732859],[-41.32626,-21.732551],[-41.326125,-21.732081],[-41.325645,-21.732198],[-41.325004,-21.732341]]},"properties":{"nome":"268M - 6FO","tipo":"distribuicao","bairro":"S\u00c3O JOS\u00c9"}},{"type":"Feature","geometry":{"type":"LineString","coordinates":[[-41.329749,-21.733194],[-41.330159,-21.732753],[-41.330212,-21.732735],[-41.330164,-21.732353],[-41.330116,-21.732346],[-41.33,-21.732372],[-41.329981,-21.732301],[-41.329867,-21.732254],[-41.32968,-21.732292]]},"properties":{"nome":"171M - 6FO","tipo":"distribuicao","bairro":"S\u00c3O JOS\u00c9"}},{"type":"Feature","geometry":{"type":"LineString","coordinates":[[-41.330212,-21.732742],[-41.33033,-21.73342]]},"properties":{"nome":"76M - 6FO","tipo":"distribuicao","bairro":"S\u00c3O JOS\u00c9"}},{"type":"Feature","geometry":{"type":"LineString","coordinates":[[-41.330284,-21.731909],[-41.330327,-21.732278],[-41.330011,-21.732356],[-41.329997,-21.732297],[-41.329869,-21.732238],[-41.32967,-21.732287],[-41.329161,-21.732406],[-41.328832,-21.732474],[-41.328186,-21.732609],[-41.328216,-21.732772],[-41.327657,-21.732895],[-41.327467,-21.732768],[-41.326835,-21.732891]]},"properties":{"nome":"712M - 12FO","tipo":"distribuicao","bairro":"S\u00c3O JOS\u00c9"}},{"type":"Feature","geometry":{"type":"LineString","coordinates":[[-41.329964,-21.729089],[-41.329735,-21.728826],[-41.33039,-21.72832],[-41.330015,-21.727715],[-41.329719,-21.727232]]},"properties":{"nome":"264M - 6FO","tipo":"distribuicao","bairro":"S\u00c3O JOS\u00c9"}},{"type":"Feature","geometry":{"type":"LineString","coordinates":[[-41.330388,-21.728312],[-41.330589,-21.728648]]},"properties":{"nome":"43M - 6FO","tipo":"distribuicao","bairro":"S\u00c3O JOS\u00c9"}},{"type":"Feature","geometry":{"type":"LineString","coordinates":[[-41.329957,-21.729107],[-41.329418,-21.728504],[-41.329273,-21.728334],[-41.32913,-21.72839],[-41.328834,-21.728671]]},"properties":{"nome":"171M - 6FO","tipo":"distribuicao","bairro":"S\u00c3O JOS\u00c9"}},{"type":"Feature","geometry":{"type":"LineString","coordinates":[[-41.329936,-21.729108],[-41.329701,-21.728845],[-41.32927,-21.729188],[-41.328684,-21.729624]]},"properties":{"nome":"174M - 6FO","tipo":"distribuicao","bairro":"S\u00c3O JOS\u00c9"}},{"type":"Feature","geometry":{"type":"LineString","coordinates":[[-41.328085,-21.729547],[-41.328077,-21.729714],[-41.327884,-21.729889],[-41.327686,-21.730097],[-41.32766,-21.730243],[-41.327443,-21.730457],[-41.326782,-21.731046],[-41.326291,-21.731508]]},"properties":{"nome":"293M - 6FO","tipo":"distribuicao","bairro":"S\u00c3O JOS\u00c9"}},{"type":"Feature","geometry":{"type":"LineString","coordinates":[[-41.328098,-21.729547],[-41.328624,-21.729829],[-41.328645,-21.72967],[-41.328688,-21.729626]]},"properties":{"nome":"87M - 6FO","tipo":"distribuicao","bairro":"S\u00c3O JOS\u00c9"}},{"type":"Feature","geometry":{"type":"LineString","coordinates":[[-41.328099,-21.729549],[-41.328069,-21.729443],[-41.328332,-21.729173]]},"properties":{"nome":"53M - 6FO","tipo":"distribuicao","bairro":"S\u00c3O JOS\u00c9"}},{"type":"Feature","geometry":{"type":"LineString","coordinates":[[-41.3281,-21.729548],[-41.328093,-21.729716],[-41.328245,-21.729824]]},"properties":{"nome":"39M - 6FO","tipo":"distribuicao","bairro":"S\u00c3O JOS\u00c9"}},{"type":"Feature","geometry":{"type":"LineString","coordinates":[[-41.329501,-21.73083],[-41.329528,-21.730866],[-41.329107,-21.73127],[-41.328556,-21.731777],[-41.328021,-21.732261]]},"properties":{"nome":"224M - 6FO","tipo":"distribuicao","bairro":"S\u00c3O JOS\u00c9"}},{"type":"Feature","geometry":{"type":"LineString","coordinates":[[-41.329509,-21.730827],[-41.329958,-21.731365],[-41.330181,-21.731639],[-41.33025,-21.731762],[-41.330292,-21.731704],[-41.330628,-21.731448]]},"properties":{"nome":"182M - 6FO","tipo":"distribuicao","bairro":"S\u00c3O JOS\u00c9"}},{"type":"Feature","geometry":{"type":"LineString","coordinates":[[-41.32951,-21.730826],[-41.329308,-21.730578],[-41.329451,-21.730646],[-41.329898,-21.7303]]},"properties":{"nome":"111M - 6FO","tipo":"distribuicao","bairro":"S\u00c3O JOS\u00c9"}},{"type":"Feature","geometry":{"type":"LineString","coordinates":[[-41.329968,-21.731361],[-41.329744,-21.73109],[-41.329893,-21.731168],[-41.330356,-21.730807]]},"properties":{"nome":"118M - 6FO","tipo":"distribuicao","bairro":"S\u00c3O JOS\u00c9"}},{"type":"Feature","geometry":{"type":"LineString","coordinates":[[-41.329021,-21.730223],[-41.32881,-21.730278],[-41.329011,-21.730465],[-41.329076,-21.730573],[-41.328841,-21.730774],[-41.328104,-21.731447],[-41.327603,-21.731911],[-41.327311,-21.732174]]},"properties":{"nome":"320M - 6FO","tipo":"distribuicao","bairro":"S\u00c3O JOS\u00c9"}},{"type":"Feature","geometry":{"type":"LineString","coordinates":[[-41.329024,-21.730221],[-41.328928,-21.730115],[-41.329074,-21.730118],[-41.329336,-21.729931],[-41.33004,-21.729376],[-41.330215,-21.729366],[-41.330311,-21.729479]]},"properties":{"nome":"194M - 6FO","tipo":"distribuicao","bairro":"S\u00c3O JOS\u00c9"}},{"type":"Feature","geometry":{"type":"LineString","coordinates":[[-41.329029,-21.730207],[-41.328799,-21.730272],[-41.328787,-21.73035],[-41.328543,-21.730584]]},"properties":{"nome":"70M - 6F0","tipo":"distribuicao","bairro":"S\u00c3O JOS\u00c9"}},{"type":"Feature","geometry":{"type":"LineString","coordinates":[[-41.327578,-21.730977],[-41.327081,-21.731442],[-41.326799,-21.731714],[-41.327055,-21.731959],[-41.327579,-21.731472],[-41.327992,-21.731093],[-41.328546,-21.730582]]},"properties":{"nome":"370M - 6FO","tipo":"distribuicao","bairro":"S\u00c3O JOS\u00c9"}},{"type":"Feature","geometry":{"type":"LineString","coordinates":[[-41.327574,-21.730977],[-41.327423,-21.730836],[-41.327552,-21.730702],[-41.328048,-21.730248]]},"properties":{"nome":"114M - 6FO","tipo":"distribuicao","bairro":"S\u00c3O JOS\u00c9"}},{"type":"Feature","geometry":{"type":"LineString","coordinates":[[-41.32757,-21.73098],[-41.32834,-21.730274]]},"properties":{"nome":"112M - 6FO","tipo":"distribuicao","bairro":"S\u00c3O JOS\u00c9"}},{"type":"Feature","geometry":{"type":"LineString","coordinates":[[-41.332021,-21.731385],[-41.331505,-21.730808],[-41.330921,-21.73016],[-41.330311,-21.729475]]},"properties":{"nome":"276M - 6FO","tipo":"distribuicao","bairro":"S\u00c3O JOS\u00c9"}},{"type":"Feature","geometry":{"type":"LineString","coordinates":[[-41.331505,-21.730814],[-41.331532,-21.730753],[-41.331905,-21.730443],[-41.331999,-21.730346],[-41.332586,-21.730984],[-41.332735,-21.731199],[-41.332947,-21.731637]]},"properties":{"nome":"248M - 6FO","tipo":"distribuicao","bairro":"S\u00c3O JOS\u00c9"}},{"type":"Feature","geometry":{"type":"LineString","coordinates":[[-41.331999,-21.730346],[-41.331543,-21.729855],[-41.331134,-21.729387],[-41.331128,-21.729326]]},"properties":{"nome":"146M - 6FO","tipo":"distribuicao","bairro":"S\u00c3O JOS\u00c9"}},{"type":"Feature","geometry":{"type":"LineString","coordinates":[[-41.327386,-21.729141],[-41.327887,-21.728634],[-41.328317,-21.728227],[-41.328858,-21.727708]]},"properties":{"nome":"220M - 6FO","tipo":"distribuicao","bairro":"S\u00c3O JOS\u00c9"}},{"type":"Feature","geometry":{"type":"LineString","coordinates":[[-41.32739,-21.729149],[-41.327114,-21.72899],[-41.327221,-21.728947],[-41.327741,-21.728446],[-41.328198,-21.728016],[-41.328683,-21.727542]]},"properties":{"nome":"263M - 6FO","tipo":"distribuicao","bairro":"S\u00c3O JOS\u00c9"}},{"type":"Feature","geometry":{"type":"LineString","coordinates":[[-41.32739,-21.729146],[-41.327771,-21.729373]]},"properties":{"nome":"47M - 6FO","tipo":"distribuicao","bairro":"S\u00c3O JOS\u00c9"}},{"type":"Feature","geometry":{"type":"LineString","coordinates":[[-41.326275,-21.724006],[-41.325605,-21.723826],[-41.325269,-21.723738],[-41.32522,-21.723707]]},"properties":{"nome":"114M - 6FO","tipo":"distribuicao","bairro":"S\u00c3O JOS\u00c9"}},{"type":"Feature","geometry":{"type":"LineString","coordinates":[[-41.326712,-21.724127],[-41.326276,-21.724007]]},"properties":{"nome":"47M - 6FO","tipo":"distribuicao","bairro":"S\u00c3O JOS\u00c9"}},{"type":"Feature","geometry":{"type":"LineString","coordinates":[[-41.326509,-21.723377],[-41.325814,-21.723186],[-41.325811,-21.723196],[-41.326181,-21.723301],[-41.32611,-21.723513]]},"properties":{"nome":"141M - 6FO","tipo":"distribuicao","bairro":"S\u00c3O JOS\u00c9"}},{"type":"Feature","geometry":{"type":"LineString","coordinates":[[-41.327158,-21.723565],[-41.32651,-21.723377]]},"properties":{"nome":"70M - 6FO","tipo":"distribuicao","bairro":"S\u00c3O JOS\u00c9"}},{"type":"Feature","geometry":{"type":"LineString","coordinates":[[-41.326058,-21.724652],[-41.326158,-21.72468],[-41.326358,-21.724001],[-41.326326,-21.724027],[-41.326271,-21.724012],[-41.326273,-21.724],[-41.32633,-21.724013],[-41.326358,-21.72399],[-41.326508,-21.723517],[-41.326511,-21.723376]]},"properties":{"nome":"181M - 12FO","tipo":"distribuicao","bairro":"S\u00c3O JOS\u00c9"}},{"type":"Feature","geometry":{"type":"LineString","coordinates":[[-41.325929,-21.72535],[-41.325511,-21.725242],[-41.324819,-21.725064]]},"properties":{"nome":"119M - 6FO","tipo":"distribuicao","bairro":"S\u00c3O JOS\u00c9"}},{"type":"Feature","geometry":{"type":"LineString","coordinates":[[-41.326459,-21.725441],[-41.3261,-21.725338],[-41.325928,-21.725361]]},"properties":{"nome":"57M - 6FO","tipo":"distribuicao","bairro":"S\u00c3O JOS\u00c9"}},{"type":"Feature","geometry":{"type":"LineString","coordinates":[[-41.326053,-21.724649],[-41.325735,-21.724559],[-41.325178,-21.724411]]},"properties":{"nome":"130 M - 6FO","tipo":"distribuicao","bairro":"S\u00c3O JOS\u00c9"}},{"type":"Feature","geometry":{"type":"LineString","coordinates":[[-41.326063,-21.72464],[-41.326565,-21.724778]]},"properties":{"nome":"54M - 6FO","tipo":"distribuicao","bairro":"S\u00c3O JOS\u00c9"}},{"type":"Feature","geometry":{"type":"LineString","coordinates":[[-41.325763,-21.725902],[-41.325928,-21.725363],[-41.326104,-21.724781],[-41.326058,-21.724646]]},"properties":{"nome":"145M - 12FO","tipo":"distribuicao","bairro":"S\u00c3O JOS\u00c9"}},{"type":"Feature","geometry":{"type":"LineString","coordinates":[[-41.32442,-21.726217],[-41.324453,-21.726269],[-41.325162,-21.726459]]},"properties":{"nome":"83M - 6FO","tipo":"distribuicao","bairro":"S\u00c3O JOS\u00c9"}},{"type":"Feature","geometry":{"type":"LineString","coordinates":[[-41.326735,-21.726204],[-41.326413,-21.726118],[-41.325894,-21.725965],[-41.325766,-21.725896]]},"properties":{"nome":"106M - 6FO","tipo":"distribuicao","bairro":"S\u00c3O JOS\u00c9"}},{"type":"Feature","geometry":{"type":"LineString","coordinates":[[-41.32414,-21.727124],[-41.324313,-21.726549],[-41.324418,-21.726212],[-41.324625,-21.725555],[-41.324662,-21.725635],[-41.325339,-21.72582],[-41.325709,-21.725917],[-41.325766,-21.725898]]},"properties":{"nome":"309M - 12FO","tipo":"distribuicao","bairro":"S\u00c3O JOS\u00c9"}},{"type":"Feature","geometry":{"type":"LineString","coordinates":[[-41.324134,-21.727129],[-41.324089,-21.727288],[-41.323947,-21.727262],[-41.323519,-21.727079],[-41.323187,-21.726941],[-41.322782,-21.726757],[-41.322685,-21.726665],[-41.322022,-21.726757]]},"properties":{"nome":"250M - 6FO","tipo":"distribuicao","bairro":"S\u00c3O JOS\u00c9"}},{"type":"Feature","geometry":{"type":"LineString","coordinates":[[-41.325257,-21.726896],[-41.324625,-21.726959],[-41.324215,-21.727003],[-41.324214,-21.726879],[-41.324141,-21.727126]]},"properties":{"nome":"151M - 6FO","tipo":"distribuicao","bairro":"S\u00c3O JOS\u00c9"}},{"type":"Feature","geometry":{"type":"LineString","coordinates":[[-41.324605,-21.727566],[-41.324092,-21.727304],[-41.324146,-21.727119]]},"properties":{"nome":"82M - 12FO","tipo":"distribuicao","bairro":"S\u00c3O JOS\u00c9"}},{"type":"Feature","geometry":{"type":"LineString","coordinates":[[-41.326578,-21.728685],[-41.326808,-21.728803],[-41.326954,-21.728654],[-41.326909,-21.728611],[-41.327323,-21.728216],[-41.327801,-21.727769]]},"properties":{"nome":"187M - 6FO","tipo":"distribuicao","bairro":"S\u00c3O JOS\u00c9"}},{"type":"Feature","geometry":{"type":"LineString","coordinates":[[-41.326961,-21.728664],[-41.326824,-21.728805],[-41.326583,-21.728987],[-41.326331,-21.729081],[-41.326061,-21.729104],[-41.325863,-21.729024],[-41.325529,-21.728749],[-41.325057,-21.728292],[-41.324614,-21.727874]]},"properties":{"nome":"312M - 6FO","tipo":"distribuicao","bairro":"S\u00c3O JOS\u00c9"}},{"type":"Feature","geometry":{"type":"LineString","coordinates":[[-41.32462,-21.727564],[-41.325682,-21.728169],[-41.325743,-21.728175],[-41.326556,-21.727881],[-41.326976,-21.7277]]},"properties":{"nome":"273M - 6FO","tipo":"distribuicao","bairro":"S\u00c3O JOS\u00c9"}},{"type":"Feature","geometry":{"type":"LineString","coordinates":[[-41.32688,-21.727171],[-41.326458,-21.727294],[-41.325908,-21.727505],[-41.32513,-21.727804],[-41.325122,-21.727839]]},"properties":{"nome":"198M - 6FO","tipo":"distribuicao","bairro":"S\u00c3O JOS\u00c9"}},{"type":"Feature","geometry":{"type":"LineString","coordinates":[[-41.325673,-21.72818],[-41.326578,-21.728685]]},"properties":{"nome":"109M - 6FO","tipo":"distribuicao","bairro":"S\u00c3O JOS\u00c9"}},{"type":"Feature","geometry":{"type":"LineString","coordinates":[[-41.327977,-21.726759],[-41.32772,-21.726672],[-41.327315,-21.72658],[-41.327093,-21.726668],[-41.326728,-21.726712],[-41.326042,-21.726772]]},"properties":{"nome":"206M - 6FO","tipo":"distribuicao","bairro":"S\u00c3O JOS\u00c9"}},{"type":"Feature","geometry":{"type":"LineString","coordinates":[[-41.326988,-21.727713],[-41.327647,-21.72746],[-41.328098,-21.727281],[-41.328419,-21.727143],[-41.328585,-21.726969],[-41.328561,-21.726957],[-41.327977,-21.726758]]},"properties":{"nome":"254M - 6FO","tipo":"distribuicao","bairro":"S\u00c3O JOS\u00c9"}},{"type":"Feature","geometry":{"type":"LineString","coordinates":[[-41.326399,-21.726504],[-41.326281,-21.726742],[-41.326043,-21.726766]]},"properties":{"nome":"54M - 6FO","tipo":"distribuicao","bairro":"S\u00c3O JOS\u00c9"}},{"type":"Feature","geometry":{"type":"LineString","coordinates":[[-41.323841,-21.723081],[-41.323917,-21.723753],[-41.324007,-21.724452],[-41.324097,-21.724523],[-41.323515,-21.724589],[-41.323526,-21.724722],[-41.323604,-21.725421],[-41.323702,-21.726117],[-41.32373,-21.72637],[-41.323709,-21.726861]]},"properties":{"nome":"479M - 6FO","tipo":"distribuicao","bairro":"S\u00c3O JOS\u00c9"}},{"type":"Feature","geometry":{"type":"LineString","coordinates":[[-41.324096,-21.72452],[-41.324467,-21.72448],[-41.32453,-21.724494],[-41.324536,-21.725151]]},"properties":{"nome":"118M - 6FO","tipo":"distribuicao","bairro":"S\u00c3O JOS\u00c9"}},{"type":"Feature","geometry":{"type":"LineString","coordinates":[[-41.323518,-21.724727],[-41.323504,-21.724589],[-41.322474,-21.724702],[-41.322393,-21.724538]]},"properties":{"nome":"143M - 6FO","tipo":"distribuicao","bairro":"S\u00c3O JOS\u00c9"}},{"type":"Feature","geometry":{"type":"LineString","coordinates":[[-41.32315,-21.721892],[-41.323236,-21.722599],[-41.323285,-21.722949],[-41.323375,-21.723652],[-41.32343,-21.724006]]},"properties":{"nome":"236M - 6FO","tipo":"distribuicao","bairro":"S\u00c3O JOS\u00c9"}},{"type":"Feature","geometry":{"type":"LineString","coordinates":[[-41.3223,-21.723822],[-41.322345,-21.724195],[-41.32239,-21.724544]]},"properties":{"nome":"81M - 6FO","tipo":"distribuicao","bairro":"S\u00c3O JOS\u00c9"}},{"type":"Feature","geometry":{"type":"LineString","coordinates":[[-41.322298,-21.723824],[-41.322238,-21.723364],[-41.322182,-21.722934],[-41.322404,-21.722705],[-41.322619,-21.722451],[-41.322722,-21.722222],[-41.32276,-21.722059],[-41.322738,-21.721861],[-41.322794,-21.722021],[-41.323065,-21.722041],[-41.323147,-21.721886],[-41.32305,-21.721151]]},"properties":{"nome":"385M - 12FO","tipo":"distribuicao","bairro":"S\u00c3O JOS\u00c9"}},{"type":"Feature","geometry":{"type":"LineString","coordinates":[[-41.322263,-21.725025],[-41.322331,-21.725631],[-41.322453,-21.726548]]},"properties":{"nome":"170M - 6FO","tipo":"distribuicao","bairro":"S\u00c3O JOS\u00c9"}},{"type":"Feature","geometry":{"type":"LineString","coordinates":[[-41.321416,-21.722453],[-41.321977,-21.722896],[-41.321999,-21.72294],[-41.322035,-21.723267],[-41.322165,-21.724217],[-41.322263,-21.725025]]},"properties":{"nome":"314M - 6FO","tipo":"distribuicao","bairro":"S\u00c3O JOS\u00c9"}},{"type":"Feature","geometry":{"type":"LineString","coordinates":[[-41.322391,-21.724539],[-41.322419,-21.724731],[-41.322244,-21.724747],[-41.322273,-21.725024]]},"properties":{"nome":"71M - 6FO","tipo":"distribuicao","bairro":"S\u00c3O JOS\u00c9"}},{"type":"Feature","geometry":{"type":"LineString","coordinates":[[-41.321327,-21.725768],[-41.321386,-21.726147],[-41.321229,-21.726031],[-41.32091,-21.725609],[-41.320243,-21.724779],[-41.319512,-21.724005],[-41.31894,-21.723467],[-41.318485,-21.723078]]},"properties":{"nome":"497M - 6FO","tipo":"distribuicao","bairro":"S\u00c3O JOS\u00c9"}},{"type":"Feature","geometry":{"type":"LineString","coordinates":[[-41.322248,-21.725026],[-41.32221,-21.724738],[-41.322133,-21.724748],[-41.321414,-21.724819],[-41.321325,-21.724829],[-41.321196,-21.724704],[-41.321236,-21.725062],[-41.321326,-21.725764]]},"properties":{"nome":"262M - 12FO","tipo":"distribuicao","bairro":"S\u00c3O JOS\u00c9"}},{"type":"Feature","geometry":{"type":"LineString","coordinates":[[-41.320881,-21.722196],[-41.320866,-21.722048],[-41.320599,-21.722103],[-41.320601,-21.72219],[-41.320376,-21.7223],[-41.320182,-21.722395],[-41.319988,-21.722535],[-41.319479,-21.722911],[-41.319072,-21.723201]]},"properties":{"nome":"249M - 6FO","tipo":"distribuicao","bairro":"S\u00c3O JOS\u00c9"}},{"type":"Feature","geometry":{"type":"LineString","coordinates":[[-41.321142,-21.724352],[-41.321061,-21.723621],[-41.320975,-21.722936],[-41.320883,-21.722199]]},"properties":{"nome":"240M - 6FO","tipo":"distribuicao","bairro":"S\u00c3O JOS\u00c9"}},{"type":"Feature","geometry":{"type":"LineString","coordinates":[[-41.319421,-21.720663],[-41.319482,-21.72059],[-41.320517,-21.720896],[-41.32062,-21.720922],[-41.320663,-21.721058],[-41.320738,-21.72115],[-41.320779,-21.721496],[-41.320808,-21.721499],[-41.320731,-21.720826],[-41.320842,-21.720903],[-41.321381,-21.721071],[-41.321203,-21.721329],[-41.32116,-21.721658]]},"properties":{"nome":"422M - 6FO","tipo":"distribuicao","bairro":"S\u00c3O JOS\u00c9"}},{"type":"Feature","geometry":{"type":"LineString","coordinates":[[-41.320884,-21.722034],[-41.320611,-21.722108],[-41.320573,-21.722067],[-41.320222,-21.721961],[-41.319647,-21.721797],[-41.318915,-21.721586],[-41.318616,-21.721491],[-41.318064,-21.72132],[-41.317941,-21.721205],[-41.317772,-21.721171],[-41.317455,-21.721074]]},"properties":{"nome":"378M - 6FO","tipo":"distribuicao","bairro":"S\u00c3O JOS\u00c9"}},{"type":"Feature","geometry":{"type":"LineString","coordinates":[[-41.318066,-21.721323],[-41.317974,-21.721293],[-41.317938,-21.721308],[-41.317863,-21.72176]]},"properties":{"nome":"65M - 6FO","tipo":"distribuicao","bairro":"S\u00c3O JOS\u00c9"}},{"type":"Feature","geometry":{"type":"LineString","coordinates":[[-41.318067,-21.721316],[-41.317949,-21.721198],[-41.318027,-21.720703]]},"properties":{"nome":"73M - 6FO","tipo":"distribuicao","bairro":"S\u00c3O JOS\u00c9"}},{"type":"Feature","geometry":{"type":"LineString","coordinates":[[-41.341201,-21.728279],[-41.341655,-21.727387],[-41.341813,-21.727356],[-41.342117,-21.727493],[-41.342954,-21.727863],[-41.343627,-21.728147]]},"properties":{"nome":"333M - 6F","tipo":"distribuicao","bairro":"S\u00c3O JOS\u00c9"}},{"type":"Feature","geometry":{"type":"LineString","coordinates":[[-41.343569,-21.728572],[-41.342723,-21.728196]]},"properties":{"nome":"97M - 6F","tipo":"distribuicao","bairro":"S\u00c3O JOS\u00c9"}},{"type":"Feature","geometry":{"type":"LineString","coordinates":[[-41.343572,-21.72859],[-41.3438,-21.728688],[-41.343856,-21.728704],[-41.344326,-21.728903]]},"properties":{"nome":"85M - 6F","tipo":"distribuicao","bairro":"S\u00c3O JOS\u00c9"}},{"type":"Feature","geometry":{"type":"LineString","coordinates":[[-41.34316,-21.728804],[-41.342565,-21.728553]]},"properties":{"nome":"67M - 6F","tipo":"distribuicao","bairro":"S\u00c3O JOS\u00c9"}},{"type":"Feature","geometry":{"type":"LineString","coordinates":[[-41.343162,-21.728822],[-41.343545,-21.728994],[-41.344168,-21.729251]]},"properties":{"nome":"114M - 6F","tipo":"distribuicao","bairro":"S\u00c3O JOS\u00c9"}},{"type":"Feature","geometry":{"type":"LineString","coordinates":[[-41.343155,-21.72883],[-41.343547,-21.729001],[-41.343586,-21.729104],[-41.343448,-21.729361],[-41.34267,-21.729017]]},"properties":{"nome":"178M - 6F","tipo":"distribuicao","bairro":"S\u00c3O JOS\u00c9"}},{"type":"Feature","geometry":{"type":"LineString","coordinates":[[-41.343632,-21.72817],[-41.344239,-21.728426]]},"properties":{"nome":"69M - 6F","tipo":"distribuicao","bairro":"S\u00c3O JOS\u00c9"}},{"type":"Feature","geometry":{"type":"LineString","coordinates":[[-41.343629,-21.728146],[-41.343998,-21.7283],[-41.344003,-21.728316],[-41.343824,-21.728658],[-41.343585,-21.728564],[-41.343574,-21.728583],[-41.343818,-21.728681],[-41.343653,-21.728987],[-41.343546,-21.728981],[-41.343159,-21.728804]]},"properties":{"nome":"236M - 12F","tipo":"distribuicao","bairro":"S\u00c3O JOS\u00c9"}},{"type":"Feature","geometry":{"type":"LineString","coordinates":[[-41.34261,-21.726433],[-41.343449,-21.726818],[-41.343498,-21.726946],[-41.343388,-21.727146],[-41.343385,-21.727197],[-41.343827,-21.727393]]},"properties":{"nome":"193M - 6F","tipo":"distribuicao","bairro":"S\u00c3O JOS\u00c9"}},{"type":"Feature","geometry":{"type":"LineString","coordinates":[[-41.342433,-21.726774],[-41.343371,-21.727203],[-41.343816,-21.727403]]},"properties":{"nome":"159M - 6F","tipo":"distribuicao","bairro":"S\u00c3O JOS\u00c9"}},{"type":"Feature","geometry":{"type":"LineString","coordinates":[[-41.344626,-21.727753],[-41.344366,-21.727629],[-41.344355,-21.727592],[-41.344521,-21.727281],[-41.345226,-21.727599],[-41.346077,-21.727977]]},"properties":{"nome":"251M - 6F","tipo":"distribuicao","bairro":"S\u00c3O JOS\u00c9"}},{"type":"Feature","geometry":{"type":"LineString","coordinates":[[-41.344623,-21.727753],[-41.345083,-21.727961],[-41.345645,-21.728211],[-41.346204,-21.728456]]},"properties":{"nome":"181M - 6F","tipo":"distribuicao","bairro":"S\u00c3O JOS\u00c9"}},{"type":"Feature","geometry":{"type":"LineString","coordinates":[[-41.34461,-21.727772],[-41.344359,-21.727659],[-41.344308,-21.727699],[-41.344173,-21.727954],[-41.344407,-21.728057]]},"properties":{"nome":"94M - 6F","tipo":"distribuicao","bairro":"S\u00c3O JOS\u00c9"}},{"type":"Feature","geometry":{"type":"LineString","coordinates":[[-41.343823,-21.727403],[-41.344621,-21.727766]]},"properties":{"nome":"92M - 12F","tipo":"distribuicao","bairro":"S\u00c3O JOS\u00c9"}},{"type":"Feature","geometry":{"type":"LineString","coordinates":[[-41.342532,-21.727247],[-41.343381,-21.727621],[-41.344399,-21.728075]]},"properties":{"nome":"214M - 6F","tipo":"distribuicao","bairro":"S\u00c3O JOS\u00c9"}},{"type":"Feature","geometry":{"type":"LineString","coordinates":[[-41.34439,-21.728075],[-41.344158,-21.727976],[-41.344004,-21.728291],[-41.344011,-21.728317],[-41.344276,-21.728438],[-41.344887,-21.728715]]},"properties":{"nome":"169M - 6F","tipo":"distribuicao","bairro":"S\u00c3O JOS\u00c9"}},{"type":"Feature","geometry":{"type":"LineString","coordinates":[[-41.346638,-21.729054],[-41.346514,-21.729009],[-41.34686,-21.72844]]},"properties":{"nome":"86M - 6F","tipo":"distribuicao","bairro":"S\u00c3O JOS\u00c9"}},{"type":"Feature","geometry":{"type":"LineString","coordinates":[[-41.346628,-21.729056],[-41.347236,-21.728893],[-41.347324,-21.728541]]},"properties":{"nome":"105M - 6F","tipo":"distribuicao","bairro":"S\u00c3O JOS\u00c9"}},{"type":"Feature","geometry":{"type":"LineString","coordinates":[[-41.3444,-21.728067],[-41.346062,-21.728799],[-41.346509,-21.729019],[-41.346631,-21.729066]]},"properties":{"nome":"256M - 12F","tipo":"distribuicao","bairro":"S\u00c3O JOS\u00c9"}},{"type":"Feature","geometry":{"type":"LineString","coordinates":[[-41.336989,-21.728739],[-41.337259,-21.728503],[-41.337518,-21.728333],[-41.337969,-21.728075],[-41.338234,-21.727903],[-41.338402,-21.72778],[-41.338778,-21.727426],[-41.339159,-21.726964]]},"properties":{"nome":"310M - 6F","tipo":"distribuicao","bairro":"S\u00c3O JOS\u00c9"}},{"type":"Feature","geometry":{"type":"LineString","coordinates":[[-41.338227,-21.727892],[-41.338405,-21.727756],[-41.338136,-21.727495],[-41.338189,-21.727447]]},"properties":{"nome":"80M - 6F","tipo":"distribuicao","bairro":"S\u00c3O JOS\u00c9"}},{"type":"Feature","geometry":{"type":"LineString","coordinates":[[-41.337964,-21.72703],[-41.337803,-21.727171],[-41.337487,-21.726884],[-41.337624,-21.726749]]},"properties":{"nome":"90M - 6FO","tipo":"distribuicao","bairro":"S\u00c3O JOS\u00c9"}},{"type":"Feature","geometry":{"type":"LineString","coordinates":[[-41.338199,-21.727432],[-41.338501,-21.727144],[-41.338672,-21.726889],[-41.339034,-21.726482]]},"properties":{"nome":"135M - 6F","tipo":"distribuicao","bairro":"S\u00c3O JOS\u00c9"}},{"type":"Feature","geometry":{"type":"LineString","coordinates":[[-41.337966,-21.727039],[-41.338159,-21.726858],[-41.338314,-21.726609],[-41.338681,-21.726234],[-41.338843,-21.726029]]},"properties":{"nome":"150M - 6F","tipo":"distribuicao","bairro":"S\u00c3O JOS\u00c9"}},{"type":"Feature","geometry":{"type":"LineString","coordinates":[[-41.337956,-21.727051],[-41.3378,-21.727184],[-41.338092,-21.727441],[-41.338194,-21.727435]]},"properties":{"nome":"210M - 12F","tipo":"distribuicao","bairro":"S\u00c3O JOS\u00c9"}},{"type":"Feature","geometry":{"type":"LineString","coordinates":[[-41.335024,-21.714931],[-41.335021,-21.714792],[-41.335238,-21.714746],[-41.335438,-21.714752],[-41.335711,-21.714676],[-41.335707,-21.71483],[-41.335728,-21.715401],[-41.33568,-21.715673],[-41.335447,-21.716587],[-41.335336,-21.717023],[-41.335201,-21.717288],[-41.335154,-21.717456],[-41.334893,-21.718575]]},"properties":{"nome":"532M - 6FO","tipo":"distribuicao","bairro":"S\u00c3O JOS\u00c9"}},{"type":"Feature","geometry":{"type":"LineString","coordinates":[[-41.336141,-21.715312],[-41.336212,-21.71548],[-41.33616,-21.715733],[-41.336004,-21.716339],[-41.335869,-21.716897],[-41.335585,-21.717087],[-41.335214,-21.717293],[-41.335178,-21.717465],[-41.334906,-21.718577]]},"properties":{"nome":"407M - 6FO","tipo":"distribuicao","bairro":"S\u00c3O JOS\u00c9"}},{"type":"Feature","geometry":{"type":"LineString","coordinates":[[-41.335413,-21.718484],[-41.335152,-21.719462],[-41.334827,-21.719103],[-41.33483,-21.718877],[-41.334911,-21.718577]]},"properties":{"nome":"260M - 6FO","tipo":"distribuicao","bairro":"S\u00c3O JOS\u00c9"}},{"type":"Feature","geometry":{"type":"LineString","coordinates":[[-41.334895,-21.718573],[-41.334815,-21.718876],[-41.33481,-21.719109],[-41.335138,-21.719468],[-41.336018,-21.720215],[-41.336271,-21.720486],[-41.336449,-21.720656],[-41.336812,-21.721279],[-41.336836,-21.721257],[-41.336463,-21.720658],[-41.336446,-21.720571],[-41.336677,-21.720458],[-41.336636,-21.720174],[-41.33654,-21.719909],[-41.33639,-21.719667]]},"properties":{"nome":"591M - 12FO","tipo":"distribuicao","bairro":"S\u00c3O JOS\u00c9"}},{"type":"Feature","geometry":{"type":"LineString","coordinates":[[-41.325301,-21.720294],[-41.3246,-21.720107],[-41.324365,-21.720092],[-41.324101,-21.719758],[-41.323978,-21.719445],[-41.323912,-21.71909],[-41.323848,-21.718384],[-41.323772,-21.717706],[-41.323703,-21.717171],[-41.323716,-21.717169],[-41.323755,-21.717472],[-41.323993,-21.717429]]},"properties":{"nome":"496M - 6FO","tipo":"distribuicao","bairro":"S\u00c3O JOS\u00c9"}},{"type":"Feature","geometry":{"type":"LineString","coordinates":[[-41.32298,-21.720492],[-41.322871,-21.719582],[-41.322798,-21.718857],[-41.322717,-21.718133],[-41.322619,-21.717328]]},"properties":{"nome":"352M - 6FO","tipo":"distribuicao","bairro":"S\u00c3O JOS\u00c9"}},{"type":"Feature","geometry":{"type":"LineString","coordinates":[[-41.321361,-21.717147],[-41.321428,-21.717639],[-41.321546,-21.718511],[-41.321598,-21.718975],[-41.321685,-21.719699],[-41.321758,-21.720332],[-41.321811,-21.720765]]},"properties":{"nome":"403M - 6FO","tipo":"distribuicao","bairro":"S\u00c3O JOS\u00c9"}},{"type":"Feature","geometry":{"type":"LineString","coordinates":[[-41.3203,-21.717649],[-41.320408,-21.71844],[-41.320492,-21.719139],[-41.320532,-21.719488],[-41.320619,-21.720114],[-41.320669,-21.72048]]},"properties":{"nome":"316M - 6FO","tipo":"distribuicao","bairro":"S\u00c3O JOS\u00c9"}},{"type":"Feature","geometry":{"type":"LineString","coordinates":[[-41.321027,-21.718919],[-41.320541,-21.718968],[-41.320497,-21.719136]]},"properties":{"nome":"70M -6FO","tipo":"distribuicao","bairro":"S\u00c3O JOS\u00c9"}},{"type":"Feature","geometry":{"type":"LineString","coordinates":[[-41.318647,-21.717659],[-41.319185,-21.717553],[-41.319259,-21.718082],[-41.319332,-21.718668],[-41.31938,-21.719045]]},"properties":{"nome":"223M - 6FO","tipo":"distribuicao","bairro":"S\u00c3O JOS\u00c9"}},{"type":"Feature","geometry":{"type":"LineString","coordinates":[[-41.319745,-21.717925],[-41.31945,-21.717963],[-41.319259,-21.718089]]},"properties":{"nome":"55M - 6FO","tipo":"distribuicao","bairro":"S\u00c3O JOS\u00c9"}},{"type":"Feature","geometry":{"type":"LineString","coordinates":[[-41.318104,-21.717897],[-41.318201,-21.718589],[-41.318294,-21.719318],[-41.318365,-21.719837],[-41.318421,-21.720158],[-41.318109,-21.720081],[-41.317659,-21.719947],[-41.317316,-21.719835],[-41.31725,-21.719754],[-41.317157,-21.719069]]},"properties":{"nome":"460M - 6FO","tipo":"distribuicao","bairro":"S\u00c3O JOS\u00c9"}},{"type":"Feature","geometry":{"type":"LineString","coordinates":[[-41.318168,-21.720293],[-41.318171,-21.720183],[-41.318122,-21.720084]]},"properties":{"nome":"25M - 6FO","tipo":"distribuicao","bairro":"S\u00c3O JOS\u00c9"}},{"type":"Feature","geometry":{"type":"LineString","coordinates":[[-41.315932,-21.718215],[-41.315957,-21.718409],[-41.31605,-21.719076],[-41.316096,-21.719395],[-41.316041,-21.719531],[-41.316203,-21.719581]]},"properties":{"nome":"165M - 6FO","tipo":"distribuicao","bairro":"S\u00c3O JOS\u00c9"}},{"type":"Feature","geometry":{"type":"LineString","coordinates":[[-41.316195,-21.719586],[-41.316035,-21.719735],[-41.315974,-21.719882]]},"properties":{"nome":"41M - 6FO","tipo":"distribuicao","bairro":"S\u00c3O JOS\u00c9"}},{"type":"Feature","geometry":{"type":"LineString","coordinates":[[-41.317753,-21.717563],[-41.316806,-21.717717],[-41.316096,-21.717839]]},"properties":{"nome":"174M - 6FO","tipo":"distribuicao","bairro":"S\u00c3O JOS\u00c9"}},{"type":"Feature","geometry":{"type":"LineString","coordinates":[[-41.315038,-21.719238],[-41.314253,-21.719003],[-41.313488,-21.718765],[-41.312911,-21.71859],[-41.312749,-21.718516],[-41.312655,-21.718291],[-41.312298,-21.71835]]},"properties":{"nome":"314M - 6FO","tipo":"distribuicao","bairro":"S\u00c3O JOS\u00c9"}},{"type":"Feature","geometry":{"type":"LineString","coordinates":[[-41.317003,-21.720995],[-41.316168,-21.720742],[-41.315208,-21.720449],[-41.314966,-21.720296],[-41.314621,-21.720206],[-41.314819,-21.719633],[-41.314906,-21.719382],[-41.31504,-21.719236]]},"properties":{"nome":"380M - 6FO","tipo":"distribuicao","bairro":"S\u00c3O JOS\u00c9"}},{"type":"Feature","geometry":{"type":"LineString","coordinates":[[-41.316821,-21.717727],[-41.316987,-21.717777],[-41.317028,-21.718115],[-41.317071,-21.71841]]},"properties":{"nome":"89M - FO","tipo":"distribuicao","bairro":"S\u00c3O JOS\u00c9"}},{"type":"Feature","geometry":{"type":"LineString","coordinates":[[-41.315039,-21.71923],[-41.31484,-21.719165],[-41.314874,-21.719008],[-41.31478,-21.71844],[-41.314743,-21.718206],[-41.314738,-21.718171],[-41.314646,-21.718102],[-41.315375,-21.717971],[-41.316095,-21.717843]]},"properties":{"nome":"298M - 12FO","tipo":"distribuicao","bairro":"S\u00c3O JOS\u00c9"}},{"type":"Feature","geometry":{"type":"LineString","coordinates":[[-41.315674,-21.716807],[-41.315756,-21.717417]]},"properties":{"nome":"68M - 6FO","tipo":"distribuicao","bairro":"S\u00c3O JOS\u00c9"}},{"type":"Feature","geometry":{"type":"LineString","coordinates":[[-41.315589,-21.716265],[-41.315376,-21.715837],[-41.315092,-21.715284],[-41.314875,-21.715355],[-41.314329,-21.715565],[-41.313707,-21.715816],[-41.313253,-21.716004],[-41.312779,-21.716196]]},"properties":{"nome":"380M - 6FO","tipo":"distribuicao","bairro":"S\u00c3O JOS\u00c9"}},{"type":"Feature","geometry":{"type":"LineString","coordinates":[[-41.315538,-21.716171],[-41.315468,-21.715933],[-41.316616,-21.715474],[-41.317003,-21.715305]]},"properties":{"nome":"201M - 6FO","tipo":"distribuicao","bairro":"S\u00c3O JOS\u00c9"}},{"type":"Feature","geometry":{"type":"LineString","coordinates":[[-41.315985,-21.715731],[-41.316031,-21.715769],[-41.316143,-21.715989]]},"properties":{"nome":"33M - 6FO","tipo":"distribuicao","bairro":"S\u00c3O JOS\u00c9"}},{"type":"Feature","geometry":{"type":"LineString","coordinates":[[-41.31598,-21.715728],[-41.315899,-21.715653],[-41.315755,-21.715353]]},"properties":{"nome":"49M - 6FO","tipo":"distribuicao","bairro":"S\u00c3O JOS\u00c9"}},{"type":"Feature","geometry":{"type":"LineString","coordinates":[[-41.316645,-21.71546],[-41.316687,-21.715483],[-41.31688,-21.71594]]},"properties":{"nome":"59M - 6FO","tipo":"distribuicao","bairro":"S\u00c3O JOS\u00c9"}},{"type":"Feature","geometry":{"type":"LineString","coordinates":[[-41.3145,-21.71708],[-41.314631,-21.716989],[-41.314388,-21.71645],[-41.314198,-21.716441],[-41.313797,-21.716615],[-41.313201,-21.716866]]},"properties":{"nome":"215M - 6FO","tipo":"distribuicao","bairro":"S\u00c3O JOS\u00c9"}},{"type":"Feature","geometry":{"type":"LineString","coordinates":[[-41.315034,-21.716871],[-41.314523,-21.717072],[-41.314092,-21.717252],[-41.313449,-21.71751]]},"properties":{"nome":"179M - 6FO","tipo":"distribuicao","bairro":"S\u00c3O JOS\u00c9"}},{"type":"Feature","geometry":{"type":"LineString","coordinates":[[-41.329444,-21.715999],[-41.329522,-21.715835],[-41.329706,-21.715288],[-41.329741,-21.715056],[-41.329751,-21.71477],[-41.329723,-21.714427],[-41.329537,-21.714377],[-41.329008,-21.714734],[-41.328564,-21.715054],[-41.328325,-21.715165]]},"properties":{"nome":"352M - 12FO","tipo":"distribuicao","bairro":"S\u00c3O JOS\u00c9"}},{"type":"Feature","geometry":{"type":"LineString","coordinates":[[-41.329033,-21.716232],[-41.328791,-21.716531],[-41.329072,-21.7167],[-41.329282,-21.716446],[-41.329436,-21.716251],[-41.329435,-21.715992]]},"properties":{"nome":"167M - 6FO","tipo":"distribuicao","bairro":"S\u00c3O JOS\u00c9"}},{"type":"Feature","geometry":{"type":"LineString","coordinates":[[-41.325597,-21.722409],[-41.325758,-21.721883],[-41.32585,-21.721912],[-41.325769,-21.72186],[-41.325957,-21.72125],[-41.325988,-21.721243],[-41.325989,-21.72114],[-41.326147,-21.720652],[-41.326177,-21.720556],[-41.327224,-21.720818],[-41.327341,-21.720843],[-41.327727,-21.719711],[-41.327873,-21.719163],[-41.327919,-21.719024],[-41.328072,-21.719161],[-41.328136,-21.719211],[-41.328274,-21.719244],[-41.32832,-21.719258],[-41.328722,-21.71914],[-41.328922,-21.719122],[-41.329198,-21.719046],[-41.329867,-21.718846],[-41.330165,-21.718669],[-41.330361,-21.718419],[-41.330598,-21.718225],[-41.330891,-21.71803],[-41.331114,-21.717914],[-41.33125,-21.717838],[-41.331293,-21.717773],[-41.331391,-21.717562],[-41.331443,-21.717324],[-41.331398,-21.717162],[-41.331139,-21.71696],[-41.330735,-21.716791],[-41.330565,-21.716742],[-41.330049,-21.716736],[-41.329847,-21.716695],[-41.329583,-21.716535],[-41.329449,-21.716253],[-41.329444,-21.715999]]},"properties":{"nome":"1317M - 12FO","tipo":"distribuicao","bairro":"S\u00c3O JOS\u00c9"}},{"type":"Feature","geometry":{"type":"LineString","coordinates":[[-41.328335,-21.719262],[-41.328725,-21.719114],[-41.329004,-21.718901],[-41.329358,-21.718516],[-41.329784,-21.718055],[-41.330051,-21.717768],[-41.330347,-21.717449],[-41.330702,-21.717058]]},"properties":{"nome":"350M - 6FO","tipo":"distribuicao","bairro":"S\u00c3O JOS\u00c9"}},{"type":"Feature","geometry":{"type":"LineString","coordinates":[[-41.328688,-21.717664],[-41.328457,-21.717488]]},"properties":{"nome":"31M - 6FO","tipo":"distribuicao","bairro":"S\u00c3O JOS\u00c9"}},{"type":"Feature","geometry":{"type":"LineString","coordinates":[[-41.328318,-21.719244],[-41.328142,-21.719202],[-41.327925,-21.719015],[-41.32759,-21.718688],[-41.327734,-21.718699],[-41.328002,-21.71841],[-41.328251,-21.718141],[-41.328699,-21.717658],[-41.32892,-21.717431],[-41.329252,-21.717072]]},"properties":{"nome":"353M - 6FO","tipo":"distribuicao","bairro":"S\u00c3O JOS\u00c9"}},{"type":"Feature","geometry":{"type":"LineString","coordinates":[[-41.326562,-21.718396],[-41.327023,-21.717903],[-41.327472,-21.717406],[-41.32784,-21.717009],[-41.328254,-21.716557],[-41.328637,-21.716142],[-41.329093,-21.715643]]},"properties":{"nome":"402M - 6FO","tipo":"distribuicao","bairro":"S\u00c3O JOS\u00c9"}},{"type":"Feature","geometry":{"type":"LineString","coordinates":[[-41.32772,-21.719712],[-41.327761,-21.719558],[-41.327182,-21.71939],[-41.326862,-21.719295],[-41.326722,-21.719202],[-41.326673,-21.718954],[-41.326732,-21.718819],[-41.32614,-21.718651],[-41.326154,-21.718624],[-41.326323,-21.718673],[-41.326568,-21.718395]]},"properties":{"nome":"302M - 6FO","tipo":"distribuicao","bairro":"S\u00c3O JOS\u00c9"}},{"type":"Feature","geometry":{"type":"LineString","coordinates":[[-41.326728,-21.71882],[-41.326915,-21.718518],[-41.327144,-21.718497]]},"properties":{"nome":"62M - 6FO","tipo":"distribuicao","bairro":"S\u00c3O JOS\u00c9"}},{"type":"Feature","geometry":{"type":"LineString","coordinates":[[-41.327524,-21.720258],[-41.327562,-21.720149],[-41.327271,-21.720064],[-41.326653,-21.719851],[-41.325964,-21.71967],[-41.32531,-21.71947],[-41.324648,-21.719268]]},"properties":{"nome":"330M - 6FO","tipo":"distribuicao","bairro":"S\u00c3O JOS\u00c9"}},{"type":"Feature","geometry":{"type":"LineString","coordinates":[[-41.326789,-21.721468],[-41.325993,-21.721247],[-41.32555,-21.721129],[-41.325039,-21.72099]]},"properties":{"nome":"189M - 6FO","tipo":"distribuicao","bairro":"S\u00c3O JOS\u00c9"}},{"type":"Feature","geometry":{"type":"LineString","coordinates":[[-41.32723,-21.720831],[-41.327321,-21.72092],[-41.327572,-21.720994],[-41.327543,-21.721348]]},"properties":{"nome":"80M - 6FO","tipo":"distribuicao","bairro":"S\u00c3O JOS\u00c9"}},{"type":"Feature","geometry":{"type":"LineString","coordinates":[[-41.32509,-21.722404],[-41.325276,-21.721768],[-41.325239,-21.721734],[-41.327246,-21.722283],[-41.327547,-21.722291],[-41.32763,-21.722484],[-41.327534,-21.722828]]},"properties":{"nome":"379M - 6FO","tipo":"distribuicao","bairro":"S\u00c3O JOS\u00c9"}},{"type":"Feature","geometry":{"type":"LineString","coordinates":[[-41.325592,-21.722541],[-41.325986,-21.722636],[-41.326672,-21.722801]]},"properties":{"nome":"115M - 6FO","tipo":"distribuicao","bairro":"S\u00c3O JOS\u00c9"}},{"type":"Feature","geometry":{"type":"LineString","coordinates":[[-41.325983,-21.72263],[-41.32636,-21.722714],[-41.326459,-21.722383]]},"properties":{"nome":"78M - 6FO","tipo":"distribuicao","bairro":"S\u00c3O JOS\u00c9"}},{"type":"Feature","geometry":{"type":"LineString","coordinates":[[-41.325982,-21.722644],[-41.326345,-21.722743],[-41.326262,-21.722999]]},"properties":{"nome":"69M - 6FO","tipo":"distribuicao","bairro":"S\u00c3O JOS\u00c9"}},{"type":"Feature","geometry":{"type":"LineString","coordinates":[[-41.325589,-21.722538],[-41.32555,-21.722558],[-41.32536,-21.723214],[-41.325347,-21.723211],[-41.325448,-21.722862],[-41.325116,-21.722799],[-41.324974,-21.723245]]},"properties":{"nome":"208M - 6FO","tipo":"distribuicao","bairro":"S\u00c3O JOS\u00c9"}},{"type":"Feature","geometry":{"type":"LineString","coordinates":[[-41.324593,-21.722127],[-41.32459,-21.722279],[-41.324008,-21.722194]]},"properties":{"nome":"78M - 6FO","tipo":"distribuicao","bairro":"S\u00c3O JOS\u00c9"}},{"type":"Feature","geometry":{"type":"LineString","coordinates":[[-41.324521,-21.720714],[-41.324692,-21.720901],[-41.324611,-21.720952],[-41.324607,-21.721233],[-41.324601,-21.722119],[-41.324603,-21.722734],[-41.3246,-21.723484],[-41.324604,-21.723881]]},"properties":{"nome":"362M - 6FO","tipo":"distribuicao","bairro":"S\u00c3O JOS\u00c9"}},{"type":"Feature","geometry":{"type":"LineString","coordinates":[[-41.324614,-21.722124],[-41.324613,-21.722276],[-41.325632,-21.722546]]},"properties":{"nome":"126M - 6FO","tipo":"distribuicao","bairro":"S\u00c3O JOS\u00c9"}},{"type":"Feature","geometry":{"type":"LineString","coordinates":[[-41.324037,-21.719726],[-41.324012,-21.719587],[-41.324198,-21.719383],[-41.324675,-21.718885],[-41.324971,-21.718567],[-41.324922,-21.718362],[-41.324827,-21.717355],[-41.32476,-21.716702]]},"properties":{"nome":"374M - 6FO","tipo":"distribuicao","bairro":"S\u00c3O JOS\u00c9"}},{"type":"Feature","geometry":{"type":"LineString","coordinates":[[-41.324192,-21.719375],[-41.323771,-21.719819],[-41.323296,-21.720331],[-41.323072,-21.720567],[-41.323012,-21.72075],[-41.322839,-21.720924]]},"properties":{"nome":"223M - 6FO","tipo":"distribuicao","bairro":"S\u00c3O JOS\u00c9"}},{"type":"Feature","geometry":{"type":"LineString","coordinates":[[-41.324669,-21.71888],[-41.325688,-21.717803],[-41.32621,-21.717263],[-41.326726,-21.71671],[-41.327249,-21.716153]]},"properties":{"nome":"403M - 6FO","tipo":"distribuicao","bairro":"S\u00c3O JOS\u00c9"}},{"type":"Feature","geometry":{"type":"LineString","coordinates":[[-41.325663,-21.717793],[-41.32593,-21.717518],[-41.325895,-21.717212],[-41.325822,-21.716484]]},"properties":{"nome":"156M - 6FO","tipo":"distribuicao","bairro":"S\u00c3O JOS\u00c9"}},{"type":"Feature","geometry":{"type":"LineString","coordinates":[[-41.322613,-21.716687],[-41.323383,-21.716551],[-41.32403,-21.716444],[-41.324762,-21.716308],[-41.325507,-21.716178],[-41.326452,-21.716011],[-41.326928,-21.715925],[-41.327713,-21.715783],[-41.328671,-21.715612],[-41.329271,-21.715508]]},"properties":{"nome":"701M - 6FO","tipo":"distribuicao","bairro":"S\u00c3O JOS\u00c9"}},{"type":"Feature","geometry":{"type":"LineString","coordinates":[[-41.318674,-21.717398],[-41.319507,-21.717251],[-41.320347,-21.717098],[-41.321172,-21.716947],[-41.321855,-21.716831],[-41.322613,-21.716687]]},"properties":{"nome":"415M - 6FO","tipo":"distribuicao","bairro":"S\u00c3O JOS\u00c9"}},{"type":"Feature","geometry":{"type":"LineString","coordinates":[[-41.321178,-21.716952],[-41.321134,-21.716966]]},"properties":{"nome":"20M - 6FO","tipo":"distribuicao","bairro":"S\u00c3O JOS\u00c9"}},{"type":"Feature","geometry":{"type":"LineString","coordinates":[[-41.322483,-21.716052],[-41.32259,-21.715411]]},"properties":{"nome":"72M - 6FO","tipo":"distribuicao","bairro":"S\u00c3O JOS\u00c9"}},{"type":"Feature","geometry":{"type":"LineString","coordinates":[[-41.321822,-21.716644],[-41.322172,-21.716334],[-41.32249,-21.716057],[-41.322533,-21.715992],[-41.323133,-21.715853],[-41.323831,-21.71557],[-41.324433,-21.715398],[-41.324797,-21.715322],[-41.325174,-21.715288]]},"properties":{"nome":"389M - 6FO","tipo":"distribuicao","bairro":"S\u00c3O JOS\u00c9"}},{"type":"Feature","geometry":{"type":"LineString","coordinates":[[-41.324434,-21.715411],[-41.324623,-21.715372],[-41.324657,-21.715746]]},"properties":{"nome":"62M - 6FO","tipo":"distribuicao","bairro":"S\u00c3O JOS\u00c9"}},{"type":"Feature","geometry":{"type":"LineString","coordinates":[[-41.325183,-21.715285],[-41.325394,-21.715134],[-41.325512,-21.715044],[-41.325763,-21.714762],[-41.326292,-21.714296],[-41.326397,-21.714289],[-41.326544,-21.714282],[-41.326785,-21.714278],[-41.327185,-21.714436],[-41.327492,-21.71458],[-41.327637,-21.714744],[-41.327851,-21.714975]]},"properties":{"nome":"348M - 6FO","tipo":"distribuicao","bairro":"S\u00c3O JOS\u00c9"}},{"type":"Feature","geometry":{"type":"LineString","coordinates":[[-41.325763,-21.714765],[-41.325825,-21.714805],[-41.325861,-21.715053],[-41.325918,-21.715646]]},"properties":{"nome":"101M - 6FO","tipo":"distribuicao","bairro":"S\u00c3O JOS\u00c9"}},{"type":"Feature","geometry":{"type":"LineString","coordinates":[[-41.32725,-21.715426],[-41.326567,-21.715232],[-41.326473,-21.715171],[-41.326222,-21.715132],[-41.325858,-21.715099]]},"properties":{"nome":"150M - 6FO","tipo":"distribuicao","bairro":"S\u00c3O JOS\u00c9"}},{"type":"Feature","geometry":{"type":"LineString","coordinates":[[-41.329201,-21.715362],[-41.328466,-21.71549],[-41.327623,-21.715637],[-41.32683,-21.715777],[-41.326057,-21.715913],[-41.325347,-21.716045],[-41.324558,-21.71618],[-41.32376,-21.716318],[-41.322752,-21.716499],[-41.321846,-21.716667]]},"properties":{"nome":"775M - 12FO","tipo":"distribuicao","bairro":"S\u00c3O JOS\u00c9"}},{"type":"Feature","geometry":{"type":"LineString","coordinates":[[-41.321848,-21.716662],[-41.321172,-21.71678],[-41.320271,-21.716933],[-41.319375,-21.717098],[-41.317876,-21.717352]]},"properties":{"nome":"418M  - 12FO","tipo":"distribuicao","bairro":"S\u00c3O JOS\u00c9"}},{"type":"Feature","geometry":{"type":"LineString","coordinates":[[-41.321112,-21.716791],[-41.321139,-21.716966]]},"properties":{"nome":"ROTA NOVA","tipo":"distribuicao","bairro":"S\u00c3O JOS\u00c9"}},{"type":"Feature","geometry":{"type":"LineString","coordinates":[[-41.322671,-21.714766],[-41.322474,-21.714768],[-41.32207,-21.714855],[-41.321468,-21.714958],[-41.321251,-21.714988],[-41.321113,-21.715049],[-41.320862,-21.715],[-41.320531,-21.715042]]},"properties":{"nome":"226M - 6FO","tipo":"distribuicao","bairro":"S\u00c3O JOS\u00c9"}},{"type":"Feature","geometry":{"type":"LineString","coordinates":[[-41.323346,-21.713537],[-41.323082,-21.713632],[-41.322677,-21.713702],[-41.322123,-21.713796]]},"properties":{"nome":"130M - 6FO","tipo":"distribuicao","bairro":"S\u00c3O JOS\u00c9"}},{"type":"Feature","geometry":{"type":"LineString","coordinates":[[-41.324077,-21.712391],[-41.323319,-21.712531],[-41.322784,-21.712634]]},"properties":{"nome":"136M - 6FO","tipo":"distribuicao","bairro":"S\u00c3O JOS\u00c9"}},{"type":"Feature","geometry":{"type":"LineString","coordinates":[[-41.324076,-21.712392],[-41.323948,-21.712347],[-41.323479,-21.711832],[-41.323352,-21.711563],[-41.323378,-21.711226],[-41.323366,-21.710869]]},"properties":{"nome":"198M - 6FO","tipo":"distribuicao","bairro":"S\u00c3O JOS\u00c9"}},{"type":"Feature","geometry":{"type":"LineString","coordinates":[[-41.322599,-21.715384],[-41.322672,-21.714769],[-41.322856,-21.714243],[-41.322976,-21.714052],[-41.323345,-21.71354],[-41.323862,-21.71306],[-41.324056,-21.712863],[-41.324169,-21.71271],[-41.324153,-21.712538],[-41.32408,-21.712392]]},"properties":{"nome":"385M - 12FO","tipo":"distribuicao","bairro":"S\u00c3O JOS\u00c9"}},{"type":"Feature","geometry":{"type":"LineString","coordinates":[[-41.320207,-21.714673],[-41.320677,-21.714084],[-41.320794,-21.713984],[-41.320854,-21.713625],[-41.320876,-21.713348],[-41.320889,-21.713143],[-41.320925,-21.713003],[-41.321002,-21.712873],[-41.321153,-21.71272],[-41.321465,-21.712561],[-41.321535,-21.71253],[-41.321796,-21.712443],[-41.322191,-21.712425],[-41.32227,-21.712194],[-41.322412,-21.711687]]},"properties":{"nome":"446M - 6FO","tipo":"distribuicao","bairro":"S\u00c3O JOS\u00c9"}},{"type":"Feature","geometry":{"type":"LineString","coordinates":[[-41.320266,-21.716934],[-41.32021,-21.716876],[-41.320181,-21.716721],[-41.320104,-21.71609],[-41.32005,-21.715687],[-41.320001,-21.715291],[-41.319985,-21.714986],[-41.320214,-21.714671]]},"properties":{"nome":"262M - 6FO","tipo":"distribuicao","bairro":"S\u00c3O JOS\u00c9"}},{"type":"Feature","geometry":{"type":"LineString","coordinates":[[-41.319664,-21.715931],[-41.319497,-21.716741],[-41.31944,-21.717038],[-41.319368,-21.717097]]},"properties":{"nome":"135M - 6FO","tipo":"distribuicao","bairro":"S\u00c3O JOS\u00c9"}},{"type":"Feature","geometry":{"type":"LineString","coordinates":[[-41.320664,-21.716712],[-41.32036,-21.716614],[-41.320184,-21.716715]]},"properties":{"nome":"55M - 6FO","tipo":"distribuicao","bairro":"S\u00c3O JOS\u00c9"}},{"type":"Feature","geometry":{"type":"LineString","coordinates":[[-41.320674,-21.716695],[-41.321013,-21.716798],[-41.321134,-21.71697]]},"properties":{"nome":"ROTA NOVA","tipo":"distribuicao","bairro":"S\u00c3O JOS\u00c9"}},{"type":"Feature","geometry":{"type":"LineString","coordinates":[[-41.321167,-21.716948],[-41.321129,-21.716766],[-41.321322,-21.716703],[-41.32125,-21.716186],[-41.32118,-21.715619],[-41.321091,-21.714868],[-41.32099,-21.714136],[-41.320993,-21.713961],[-41.321037,-21.713749],[-41.321273,-21.713473],[-41.321682,-21.713035],[-41.321778,-21.71293],[-41.322002,-21.712795]]},"properties":{"nome":"518M - 6FO","tipo":"distribuicao","bairro":"S\u00c3O JOS\u00c9"}},{"type":"Feature","geometry":{"type":"LineString","coordinates":[[-41.321526,-21.713904],[-41.321137,-21.713979],[-41.320993,-21.714137]]},"properties":{"nome":"64M - 6FO","tipo":"distribuicao","bairro":"S\u00c3O JOS\u00c9"}},{"type":"Feature","geometry":{"type":"LineString","coordinates":[[-41.317882,-21.717354],[-41.317131,-21.717488],[-41.316336,-21.71763],[-41.315546,-21.717768],[-41.31487,-21.717888],[-41.314102,-21.718027],[-41.313373,-21.718153],[-41.312628,-21.718287],[-41.312248,-21.718355],[-41.311852,-21.71794],[-41.31142,-21.717459],[-41.310877,-21.716877],[-41.310281,-21.716234],[-41.309889,-21.715816],[-41.30977,-21.715651],[-41.309508,-21.715258],[-41.309363,-21.714994],[-41.309068,-21.714396]]},"properties":{"nome":"1145M - 12FO","tipo":"distribuicao","bairro":"S\u00c3O JOS\u00c9"}},{"type":"Feature","geometry":{"type":"LineString","coordinates":[[-41.314722,-21.717473],[-41.314774,-21.71784],[-41.314869,-21.717889]]},"properties":{"nome":"52M - 6FO","tipo":"distribuicao","bairro":"S\u00c3O JOS\u00c9"}},{"type":"Feature","geometry":{"type":"LineString","coordinates":[[-41.31108,-21.715936],[-41.310881,-21.715528],[-41.310687,-21.715153],[-41.310492,-21.71472],[-41.310324,-21.714727],[-41.310031,-21.714845]]},"properties":{"nome":"198M - 6FO","tipo":"distribuicao","bairro":"S\u00c3O JOS\u00c9"}},{"type":"Feature","geometry":{"type":"LineString","coordinates":[[-41.310282,-21.716237],[-41.310457,-21.716306],[-41.310722,-21.716205],[-41.311021,-21.716078],[-41.311081,-21.715941],[-41.311172,-21.716023],[-41.311423,-21.71592]]},"properties":{"nome":"141M - 6FO","tipo":"distribuicao","bairro":"S\u00c3O JOS\u00c9"}},{"type":"Feature","geometry":{"type":"LineString","coordinates":[[-41.310868,-21.715533],[-41.310774,-21.715353],[-41.310401,-21.715513]]},"properties":{"nome":"65M - 6FO","tipo":"distribuicao","bairro":"S\u00c3O JOS\u00c9"}},{"type":"Feature","geometry":{"type":"LineString","coordinates":[[-41.311421,-21.715914],[-41.311903,-21.715721],[-41.311907,-21.715757],[-41.312111,-21.716221],[-41.31226,-21.716524],[-41.312562,-21.717166],[-41.312829,-21.717737],[-41.312882,-21.71775]]},"properties":{"nome":"303M - 6FO","tipo":"distribuicao","bairro":"S\u00c3O JOS\u00c9"}},{"type":"Feature","geometry":{"type":"LineString","coordinates":[[-41.312561,-21.717166],[-41.312401,-21.717103],[-41.312069,-21.717235]]},"properties":{"nome":"55M - 6FO","tipo":"distribuicao","bairro":"S\u00c3O JOS\u00c9"}},{"type":"Feature","geometry":{"type":"LineString","coordinates":[[-41.312261,-21.716523],[-41.312098,-21.716468],[-41.311491,-21.716715]]},"properties":{"nome":"87M - 6FO","tipo":"distribuicao","bairro":"S\u00c3O JOS\u00c9"}},{"type":"Feature","geometry":{"type":"LineString","coordinates":[[-41.311903,-21.715722],[-41.312496,-21.715485],[-41.312923,-21.715306],[-41.313582,-21.715032],[-41.314103,-21.714832],[-41.314272,-21.714761],[-41.314349,-21.714663],[-41.313929,-21.714493],[-41.31373,-21.714522],[-41.313439,-21.714624],[-41.31336,-21.714679],[-41.313235,-21.714809]]},"properties":{"nome":"411M - 6FO","tipo":"distribuicao","bairro":"S\u00c3O JOS\u00c9"}},{"type":"Feature","geometry":{"type":"LineString","coordinates":[[-41.329037,-21.730215],[-41.329345,-21.730599],[-41.329544,-21.730919],[-41.329958,-21.731378],[-41.330181,-21.731678],[-41.330263,-21.731896],[-41.330349,-21.732621],[-41.330438,-21.733314],[-41.330478,-21.733352],[-41.330577,-21.733353]]},"properties":{"nome":"BACKBONE AREA MINI AS DE 12F","tipo":"distribuicao","bairro":"S\u00c3O JOS\u00c9"}},{"type":"Feature","geometry":{"type":"LineString","coordinates":[[-41.327391,-21.729146],[-41.327482,-21.729264],[-41.328241,-21.729628]]},"properties":{"nome":"BACKBONE AREA 6F","tipo":"distribuicao","bairro":"S\u00c3O JOS\u00c9"}},{"type":"Feature","geometry":{"type":"Point","coordinates":[-41.336997,-21.724918]},"properties":{"nome":"\u00c1REA 1089","tipo":"ponto","bairro":"S\u00c3O JOS\u00c9"}},{"type":"Feature","geometry":{"type":"Point","coordinates":[-41.336406,-21.725294]},"properties":{"nome":"\u00c1REA 1090","tipo":"ponto","bairro":"S\u00c3O JOS\u00c9"}},{"type":"Feature","geometry":{"type":"Point","coordinates":[-41.337159,-21.726535]},"properties":{"nome":"\u00c1REA 1091","tipo":"ponto","bairro":"S\u00c3O JOS\u00c9"}},{"type":"Feature","geometry":{"type":"Point","coordinates":[-41.337306,-21.722851]},"properties":{"nome":"\u00c1REA 1092","tipo":"ponto","bairro":"S\u00c3O JOS\u00c9"}},{"type":"Feature","geometry":{"type":"Point","coordinates":[-41.334215,-21.726273]},"properties":{"nome":"\u00c1REA 1093","tipo":"ponto","bairro":"S\u00c3O JOS\u00c9"}},{"type":"Feature","geometry":{"type":"Point","coordinates":[-41.333723,-21.724077]},"properties":{"nome":"\u00c1REA 1094","tipo":"ponto","bairro":"S\u00c3O JOS\u00c9"}},{"type":"Feature","geometry":{"type":"Point","coordinates":[-41.333211,-21.725831]},"properties":{"nome":"\u00c1REA 1095","tipo":"ponto","bairro":"S\u00c3O JOS\u00c9"}},{"type":"Feature","geometry":{"type":"Point","coordinates":[-41.331961,-21.722627]},"properties":{"nome":"\u00c1REA 1096","tipo":"ponto","bairro":"S\u00c3O JOS\u00c9"}},{"type":"Feature","geometry":{"type":"Point","coordinates":[-41.330738,-21.72337]},"properties":{"nome":"\u00c1REA 1097","tipo":"ponto","bairro":"S\u00c3O JOS\u00c9"}},{"type":"Feature","geometry":{"type":"Point","coordinates":[-41.331775,-21.724994]},"properties":{"nome":"\u00c1REA 1098","tipo":"ponto","bairro":"S\u00c3O JOS\u00c9"}},{"type":"Feature","geometry":{"type":"Point","coordinates":[-41.330453,-21.725761]},"properties":{"nome":"\u00c1REA 1099","tipo":"ponto","bairro":"S\u00c3O JOS\u00c9"}},{"type":"Feature","geometry":{"type":"Point","coordinates":[-41.329808,-21.726098]},"properties":{"nome":"\u00c1REA 1100","tipo":"ponto","bairro":"S\u00c3O JOS\u00c9"}},{"type":"Feature","geometry":{"type":"Point","coordinates":[-41.331107,-21.734508]},"properties":{"nome":"\u00c1REA 1101","tipo":"ponto","bairro":"S\u00c3O JOS\u00c9"}},{"type":"Feature","geometry":{"type":"Point","coordinates":[-41.332034,-21.735002]},"properties":{"nome":"\u00c1REA 1102","tipo":"ponto","bairro":"S\u00c3O JOS\u00c9"}},{"type":"Feature","geometry":{"type":"Point","coordinates":[-41.331436,-21.736419]},"properties":{"nome":"\u00c1REA 1103","tipo":"ponto","bairro":"S\u00c3O JOS\u00c9"}},{"type":"Feature","geometry":{"type":"Point","coordinates":[-41.331371,-21.736352]},"properties":{"nome":"\u00c1REA 1103","tipo":"ponto","bairro":"S\u00c3O JOS\u00c9"}},{"type":"Feature","geometry":{"type":"Point","coordinates":[-41.330819,-21.737294]},"properties":{"nome":"\u00c1REA 1104","tipo":"ponto","bairro":"S\u00c3O JOS\u00c9"}},{"type":"Feature","geometry":{"type":"Point","coordinates":[-41.330058,-21.73709]},"properties":{"nome":"\u00c1REA 1105","tipo":"ponto","bairro":"S\u00c3O JOS\u00c9"}},{"type":"Feature","geometry":{"type":"Point","coordinates":[-41.325508,-21.73509]},"properties":{"nome":"\u00c1REA 1106","tipo":"ponto","bairro":"S\u00c3O JOS\u00c9"}},{"type":"Feature","geometry":{"type":"Point","coordinates":[-41.328353,-21.736454]},"properties":{"nome":"\u00c1REA 1107","tipo":"ponto","bairro":"S\u00c3O JOS\u00c9"}},{"type":"Feature","geometry":{"type":"Point","coordinates":[-41.331316,-21.739701]},"properties":{"nome":"\u00c1REA 1108","tipo":"ponto","bairro":"S\u00c3O JOS\u00c9"}},{"type":"Feature","geometry":{"type":"Point","coordinates":[-41.333384,-21.734888]},"properties":{"nome":"\u00c1REA 1109","tipo":"ponto","bairro":"S\u00c3O JOS\u00c9"}},{"type":"Feature","geometry":{"type":"Point","coordinates":[-41.330567,-21.733295]},"properties":{"nome":"\u00c1REA 1111","tipo":"ponto","bairro":"S\u00c3O JOS\u00c9"}},{"type":"Feature","geometry":{"type":"Point","coordinates":[-41.330375,-21.732596]},"properties":{"nome":"\u00c1REA 1112","tipo":"ponto","bairro":"S\u00c3O JOS\u00c9"}},{"type":"Feature","geometry":{"type":"Point","coordinates":[-41.329013,-21.732571]},"properties":{"nome":"\u00c1REA 1113","tipo":"ponto","bairro":"S\u00c3O JOS\u00c9"}},{"type":"Feature","geometry":{"type":"Point","coordinates":[-41.327656,-21.732845]},"properties":{"nome":"\u00c1REA 1114","tipo":"ponto","bairro":"S\u00c3O JOS\u00c9"}},{"type":"Feature","geometry":{"type":"Point","coordinates":[-41.326826,-21.732851]},"properties":{"nome":"\u00c1REA 1115","tipo":"ponto","bairro":"S\u00c3O JOS\u00c9"}},{"type":"Feature","geometry":{"type":"Point","coordinates":[-41.330066,-21.72902]},"properties":{"nome":"\u00c1REA 1116","tipo":"ponto","bairro":"S\u00c3O JOS\u00c9"}},{"type":"Feature","geometry":{"type":"Point","coordinates":[-41.328152,-21.729515]},"properties":{"nome":"\u00c1REA 1117","tipo":"ponto","bairro":"S\u00c3O JOS\u00c9"}},{"type":"Feature","geometry":{"type":"Point","coordinates":[-41.329469,-21.73078]},"properties":{"nome":"\u00c1REA 1118","tipo":"ponto","bairro":"S\u00c3O JOS\u00c9"}},{"type":"Feature","geometry":{"type":"Point","coordinates":[-41.328975,-21.730172]},"properties":{"nome":"\u00c1REA 1119","tipo":"ponto","bairro":"S\u00c3O JOS\u00c9"}},{"type":"Feature","geometry":{"type":"Point","coordinates":[-41.327526,-21.730941]},"properties":{"nome":"\u00c1REA 1120","tipo":"ponto","bairro":"S\u00c3O JOS\u00c9"}},{"type":"Feature","geometry":{"type":"Point","coordinates":[-41.33156,-21.73077]},"properties":{"nome":"\u00c1REA 1121","tipo":"ponto","bairro":"S\u00c3O JOS\u00c9"}},{"type":"Feature","geometry":{"type":"Point","coordinates":[-41.327346,-21.729087]},"properties":{"nome":"\u00c1REA 1122","tipo":"ponto","bairro":"S\u00c3O JOS\u00c9"}},{"type":"Feature","geometry":{"type":"Point","coordinates":[-41.326288,-21.723956]},"properties":{"nome":"\u00c1REA 1123","tipo":"ponto","bairro":"S\u00c3O JOS\u00c9"}},{"type":"Feature","geometry":{"type":"Point","coordinates":[-41.325948,-21.725292]},"properties":{"nome":"\u00c1REA 1124","tipo":"ponto","bairro":"S\u00c3O JOS\u00c9"}},{"type":"Feature","geometry":{"type":"Point","coordinates":[-41.324654,-21.725484]},"properties":{"nome":"\u00c1REA 1125","tipo":"ponto","bairro":"S\u00c3O JOS\u00c9"}},{"type":"Feature","geometry":{"type":"Point","coordinates":[-41.324192,-21.727154]},"properties":{"nome":"\u00c1REA 1126","tipo":"ponto","bairro":"S\u00c3O JOS\u00c9"}},{"type":"Feature","geometry":{"type":"Point","coordinates":[-41.326846,-21.72857]},"properties":{"nome":"\u00c1REA 1127","tipo":"ponto","bairro":"S\u00c3O JOS\u00c9"}},{"type":"Feature","geometry":{"type":"Point","coordinates":[-41.325199,-21.727753]},"properties":{"nome":"\u00c1REA 1128","tipo":"ponto","bairro":"S\u00c3O JOS\u00c9"}},{"type":"Feature","geometry":{"type":"Point","coordinates":[-41.327954,-21.726696]},"properties":{"nome":"\u00c1REA 1129","tipo":"ponto","bairro":"S\u00c3O JOS\u00c9"}},{"type":"Feature","geometry":{"type":"Point","coordinates":[-41.324159,-21.724509]},"properties":{"nome":"\u00c1REA 1130","tipo":"ponto","bairro":"S\u00c3O JOS\u00c9"}},{"type":"Feature","geometry":{"type":"Point","coordinates":[-41.322355,-21.723813]},"properties":{"nome":"\u00c1REA 1131","tipo":"ponto","bairro":"S\u00c3O JOS\u00c9"}},{"type":"Feature","geometry":{"type":"Point","coordinates":[-41.322375,-21.725003]},"properties":{"nome":"\u00c1REA 1132","tipo":"ponto","bairro":"S\u00c3O JOS\u00c9"}},{"type":"Feature","geometry":{"type":"Point","coordinates":[-41.320919,-21.722171]},"properties":{"nome":"\u00c1REA 1133","tipo":"ponto","bairro":"S\u00c3O JOS\u00c9"}},{"type":"Feature","geometry":{"type":"Point","coordinates":[-41.319436,-21.720613]},"properties":{"nome":"\u00c1REA 1134","tipo":"ponto","bairro":"S\u00c3O JOS\u00c9"}},{"type":"Feature","geometry":{"type":"Point","coordinates":[-41.318087,-21.721232]},"properties":{"nome":"\u00c1REA 1135","tipo":"ponto","bairro":"S\u00c3O JOS\u00c9"}},{"type":"Feature","geometry":{"type":"Point","coordinates":[-41.343521,-21.728547]},"properties":{"nome":"\u00c1REA 1136","tipo":"ponto","bairro":"S\u00c3O JOS\u00c9"}},{"type":"Feature","geometry":{"type":"Point","coordinates":[-41.344578,-21.727741]},"properties":{"nome":"\u00c1REA 1137","tipo":"ponto","bairro":"S\u00c3O JOS\u00c9"}},{"type":"Feature","geometry":{"type":"Point","coordinates":[-41.344925,-21.728263]},"properties":{"nome":"\u00c1REA 1138","tipo":"ponto","bairro":"S\u00c3O JOS\u00c9"}},{"type":"Feature","geometry":{"type":"Point","coordinates":[-41.337939,-21.727002]},"properties":{"nome":"\u00c1REA 1139","tipo":"ponto","bairro":"S\u00c3O JOS\u00c9"}},{"type":"Feature","geometry":{"type":"Point","coordinates":[-41.334791,-21.718558]},"properties":{"nome":"\u00c1REA 1140","tipo":"ponto","bairro":"S\u00c3O JOS\u00c9"}},{"type":"Feature","geometry":{"type":"Point","coordinates":[-41.323909,-21.718378]},"properties":{"nome":"\u00c1REA 1142","tipo":"ponto","bairro":"S\u00c3O JOS\u00c9"}},{"type":"Feature","geometry":{"type":"Point","coordinates":[-41.32285,-21.718853]},"properties":{"nome":"\u00c1REA 1143","tipo":"ponto","bairro":"S\u00c3O JOS\u00c9"}},{"type":"Feature","geometry":{"type":"Point","coordinates":[-41.321648,-21.718967]},"properties":{"nome":"\u00c1REA 1144","tipo":"ponto","bairro":"S\u00c3O JOS\u00c9"}},{"type":"Feature","geometry":{"type":"Point","coordinates":[-41.320578,-21.719129]},"properties":{"nome":"\u00c1REA 1145","tipo":"ponto","bairro":"S\u00c3O JOS\u00c9"}},{"type":"Feature","geometry":{"type":"Point","coordinates":[-41.319457,-21.719031]},"properties":{"nome":"\u00c1REA 1146","tipo":"ponto","bairro":"S\u00c3O JOS\u00c9"}},{"type":"Feature","geometry":{"type":"Point","coordinates":[-41.318166,-21.72007]},"properties":{"nome":"\u00c1REA 1147","tipo":"ponto","bairro":"S\u00c3O JOS\u00c9"}},{"type":"Feature","geometry":{"type":"Point","coordinates":[-41.316216,-21.719527]},"properties":{"nome":"\u00c1REA 1148","tipo":"ponto","bairro":"S\u00c3O JOS\u00c9"}},{"type":"Feature","geometry":{"type":"Point","coordinates":[-41.315024,-21.719161]},"properties":{"nome":"\u00c1REA 1149","tipo":"ponto","bairro":"S\u00c3O JOS\u00c9"}},{"type":"Feature","geometry":{"type":"Point","coordinates":[-41.316218,-21.716628]},"properties":{"nome":"\u00c1REA 1150","tipo":"ponto","bairro":"S\u00c3O JOS\u00c9"}},{"type":"Feature","geometry":{"type":"Point","coordinates":[-41.313679,-21.715728]},"properties":{"nome":"\u00c1REA 1151","tipo":"ponto","bairro":"S\u00c3O JOS\u00c9"}},{"type":"Feature","geometry":{"type":"Point","coordinates":[-41.315972,-21.71566]},"properties":{"nome":"\u00c1REA 1152","tipo":"ponto","bairro":"S\u00c3O JOS\u00c9"}},{"type":"Feature","geometry":{"type":"Point","coordinates":[-41.314351,-21.716382]},"properties":{"nome":"\u00c1REA 1153","tipo":"ponto","bairro":"S\u00c3O JOS\u00c9"}},{"type":"Feature","geometry":{"type":"Point","coordinates":[-41.329565,-21.715975]},"properties":{"nome":"\u00c1REA 1154","tipo":"ponto","bairro":"S\u00c3O JOS\u00c9"}},{"type":"Feature","geometry":{"type":"Point","coordinates":[-41.329734,-21.718014]},"properties":{"nome":"\u00c1REA 1155","tipo":"ponto","bairro":"S\u00c3O JOS\u00c9"}},{"type":"Feature","geometry":{"type":"Point","coordinates":[-41.328617,-21.717686]},"properties":{"nome":"\u00c1REA 1156","tipo":"ponto","bairro":"S\u00c3O JOS\u00c9"}},{"type":"Feature","geometry":{"type":"Point","coordinates":[-41.327806,-21.716989]},"properties":{"nome":"\u00c1REA 1157","tipo":"ponto","bairro":"S\u00c3O JOS\u00c9"}},{"type":"Feature","geometry":{"type":"Point","coordinates":[-41.326747,-21.71878]},"properties":{"nome":"\u00c1REA 1158","tipo":"ponto","bairro":"S\u00c3O JOS\u00c9"}},{"type":"Feature","geometry":{"type":"Point","coordinates":[-41.327568,-21.720174]},"properties":{"nome":"\u00c1REA 1159","tipo":"ponto","bairro":"S\u00c3O JOS\u00c9"}},{"type":"Feature","geometry":{"type":"Point","coordinates":[-41.326008,-21.721167]},"properties":{"nome":"\u00c1REA 1160","tipo":"ponto","bairro":"S\u00c3O JOS\u00c9"}},{"type":"Feature","geometry":{"type":"Point","coordinates":[-41.325886,-21.721822]},"properties":{"nome":"\u00c1REA 1161","tipo":"ponto","bairro":"S\u00c3O JOS\u00c9"}},{"type":"Feature","geometry":{"type":"Point","coordinates":[-41.3256,-21.72249]},"properties":{"nome":"\u00c1REA 1162","tipo":"ponto","bairro":"S\u00c3O JOS\u00c9"}},{"type":"Feature","geometry":{"type":"Point","coordinates":[-41.324677,-21.722135]},"properties":{"nome":"\u00c1REA 1163","tipo":"ponto","bairro":"S\u00c3O JOS\u00c9"}},{"type":"Feature","geometry":{"type":"Point","coordinates":[-41.324106,-21.719315]},"properties":{"nome":"\u00c1REA 1164","tipo":"ponto","bairro":"S\u00c3O JOS\u00c9"}},{"type":"Feature","geometry":{"type":"Point","coordinates":[-41.325647,-21.717759]},"properties":{"nome":"\u00c1REA 1165","tipo":"ponto","bairro":"S\u00c3O JOS\u00c9"}},{"type":"Feature","geometry":{"type":"Point","coordinates":[-41.3226,-21.716625]},"properties":{"nome":"\u00c1REA 1166","tipo":"ponto","bairro":"S\u00c3O JOS\u00c9"}},{"type":"Feature","geometry":{"type":"Point","coordinates":[-41.323823,-21.715516]},"properties":{"nome":"\u00c1REA 1167","tipo":"ponto","bairro":"S\u00c3O JOS\u00c9"}},{"type":"Feature","geometry":{"type":"Point","coordinates":[-41.325848,-21.715017]},"properties":{"nome":"\u00c1REA 1168","tipo":"ponto","bairro":"S\u00c3O JOS\u00c9"}},{"type":"Feature","geometry":{"type":"Point","coordinates":[-41.321825,-21.716564]},"properties":{"nome":"\u00c1REA 1169","tipo":"ponto","bairro":"S\u00c3O JOS\u00c9"}},{"type":"Feature","geometry":{"type":"Point","coordinates":[-41.323295,-21.713436]},"properties":{"nome":"\u00c1REA 1170","tipo":"ponto","bairro":"S\u00c3O JOS\u00c9"}},{"type":"Feature","geometry":{"type":"Point","coordinates":[-41.3208,-21.713331]},"properties":{"nome":"\u00c1REA 1171","tipo":"ponto","bairro":"S\u00c3O JOS\u00c9"}},{"type":"Feature","geometry":{"type":"Point","coordinates":[-41.320116,-21.716732]},"properties":{"nome":"\u00c1REA 1172","tipo":"ponto","bairro":"S\u00c3O JOS\u00c9"}},{"type":"Feature","geometry":{"type":"Point","coordinates":[-41.320905,-21.714151]},"properties":{"nome":"\u00c1REA 1173","tipo":"ponto","bairro":"S\u00c3O JOS\u00c9"}},{"type":"Feature","geometry":{"type":"Point","coordinates":[-41.312618,-21.718263]},"properties":{"nome":"\u00c1REA 1174","tipo":"ponto","bairro":"S\u00c3O JOS\u00c9"}},{"type":"Feature","geometry":{"type":"Point","coordinates":[-41.310844,-21.715467]},"properties":{"nome":"\u00c1REA 1175","tipo":"ponto","bairro":"S\u00c3O JOS\u00c9"}},{"type":"Feature","geometry":{"type":"Point","coordinates":[-41.312305,-21.716502]},"properties":{"nome":"\u00c1REA 1176","tipo":"ponto","bairro":"S\u00c3O JOS\u00c9"}},{"type":"Feature","geometry":{"type":"Point","coordinates":[-41.313566,-21.714987]},"properties":{"nome":"\u00c1REA 1177","tipo":"ponto","bairro":"S\u00c3O JOS\u00c9"}},{"type":"Feature","geometry":{"type":"LineString","coordinates":[[-41.336469,-21.725444],[-41.336487,-21.725686],[-41.336983,-21.726494],[-41.337168,-21.72658]]},"properties":{"nome":"F3 -> F2","tipo":"distribuicao","bairro":"S\u00c3O JOS\u00c9"}},{"type":"Feature","geometry":{"type":"LineString","coordinates":[[-41.336473,-21.725458],[-41.336458,-21.725145],[-41.337519,-21.723581],[-41.33725,-21.722877]]},"properties":{"nome":"F4 -> F1","tipo":"distribuicao","bairro":"S\u00c3O JOS\u00c9"}},{"type":"Feature","geometry":{"type":"LineString","coordinates":[[-41.336473,-21.725458],[-41.336283,-21.725219],[-41.337406,-21.723593],[-41.337063,-21.722964],[-41.33593,-21.722127],[-41.33439,-21.718778],[-41.334898,-21.718573]]},"properties":{"nome":"F5 -> F1","tipo":"distribuicao","bairro":"S\u00c3O JOS\u00c9"}},{"type":"Feature","geometry":{"type":"LineString","coordinates":[[-41.336469,-21.725444],[-41.33643,-21.725676],[-41.337048,-21.726754],[-41.33753,-21.727193],[-41.337963,-21.727032]]},"properties":{"nome":"F4 -> F1","tipo":"distribuicao","bairro":"S\u00c3O JOS\u00c9"}},{"type":"Feature","geometry":{"type":"LineString","coordinates":[[-41.336955,-21.724977],[-41.337176,-21.724947],[-41.337662,-21.724215],[-41.337098,-21.723829],[-41.33703,-21.723926]]},"properties":{"nome":"F6","tipo":"distribuicao","bairro":"S\u00c3O JOS\u00c9"}},{"type":"Feature","geometry":{"type":"LineString","coordinates":[[-41.336948,-21.724976],[-41.337151,-21.724897],[-41.337444,-21.724448],[-41.337355,-21.724387]]},"properties":{"nome":"F5","tipo":"distribuicao","bairro":"S\u00c3O JOS\u00c9"}},{"type":"Feature","geometry":{"type":"LineString","coordinates":[[-41.336955,-21.724977],[-41.337067,-21.724721],[-41.336914,-21.724253],[-41.336452,-21.723265],[-41.335884,-21.722881],[-41.335784,-21.723036]]},"properties":{"nome":"F6","tipo":"distribuicao","bairro":"S\u00c3O JOS\u00c9"}},{"type":"Feature","geometry":{"type":"LineString","coordinates":[[-41.336958,-21.724973],[-41.337013,-21.724732],[-41.336876,-21.724312],[-41.336482,-21.723516],[-41.336409,-21.723483]]},"properties":{"nome":"F5","tipo":"distribuicao","bairro":"S\u00c3O JOS\u00c9"}},{"type":"Feature","geometry":{"type":"LineString","coordinates":[[-41.336952,-21.724975],[-41.336963,-21.724751],[-41.336831,-21.724333],[-41.336524,-21.723735],[-41.336358,-21.723807]]},"properties":{"nome":"F4","tipo":"distribuicao","bairro":"S\u00c3O JOS\u00c9"}},{"type":"Feature","geometry":{"type":"LineString","coordinates":[[-41.33695,-21.724974],[-41.336912,-21.72475],[-41.33678,-21.724357],[-41.336653,-21.724406]]},"properties":{"nome":"F3","tipo":"distribuicao","bairro":"S\u00c3O JOS\u00c9"}},{"type":"Feature","geometry":{"type":"LineString","coordinates":[[-41.335152,-21.722953],[-41.334846,-21.72309],[-41.335899,-21.725124],[-41.336357,-21.725355]]},"properties":{"nome":"F6","tipo":"distribuicao","bairro":"S\u00c3O JOS\u00c9"}},{"type":"Feature","geometry":{"type":"LineString","coordinates":[[-41.336365,-21.725355],[-41.335973,-21.725084],[-41.335312,-21.723812],[-41.335532,-21.723725]]},"properties":{"nome":"F5","tipo":"distribuicao","bairro":"S\u00c3O JOS\u00c9"}},{"type":"Feature","geometry":{"type":"LineString","coordinates":[[-41.336366,-21.72535],[-41.336034,-21.725043],[-41.335757,-21.724506],[-41.33589,-21.724457]]},"properties":{"nome":"F4","tipo":"distribuicao","bairro":"S\u00c3O JOS\u00c9"}},{"type":"Feature","geometry":{"type":"LineString","coordinates":[[-41.336346,-21.725352],[-41.336109,-21.725322],[-41.335856,-21.72544],[-41.335155,-21.724133],[-41.334881,-21.724263]]},"properties":{"nome":"F6","tipo":"distribuicao","bairro":"S\u00c3O JOS\u00c9"}},{"type":"Feature","geometry":{"type":"LineString","coordinates":[[-41.336341,-21.725335],[-41.336168,-21.725364],[-41.335815,-21.725531],[-41.335399,-21.724768],[-41.335189,-21.724864]]},"properties":{"nome":"F5","tipo":"distribuicao","bairro":"S\u00c3O JOS\u00c9"}},{"type":"Feature","geometry":{"type":"LineString","coordinates":[[-41.33634,-21.725355],[-41.335767,-21.72564],[-41.335639,-21.725397],[-41.335496,-21.725463]]},"properties":{"nome":"F4","tipo":"distribuicao","bairro":"S\u00c3O JOS\u00c9"}},{"type":"Feature","geometry":{"type":"LineString","coordinates":[[-41.336333,-21.725349],[-41.336219,-21.725471],[-41.335821,-21.725689],[-41.335607,-21.725978]]},"properties":{"nome":"F3","tipo":"distribuicao","bairro":"S\u00c3O JOS\u00c9"}},{"type":"Feature","geometry":{"type":"LineString","coordinates":[[-41.337401,-21.725041],[-41.337284,-21.724957],[-41.336588,-21.72573],[-41.335896,-21.726108],[-41.336455,-21.727029],[-41.337083,-21.726654],[-41.337219,-21.726599]]},"properties":{"nome":"F6","tipo":"distribuicao","bairro":"S\u00c3O JOS\u00c9"}},{"type":"Feature","geometry":{"type":"LineString","coordinates":[[-41.3374,-21.725045],[-41.337294,-21.725029],[-41.336651,-21.725762],[-41.335967,-21.726123],[-41.336475,-21.726958],[-41.337065,-21.726613],[-41.337208,-21.726601]]},"properties":{"nome":"F1","tipo":"distribuicao","bairro":"S\u00c3O JOS\u00c9"}},{"type":"Feature","geometry":{"type":"LineString","coordinates":[[-41.336216,-21.726087],[-41.336201,-21.726397],[-41.336496,-21.726888],[-41.337052,-21.726563],[-41.337203,-21.726603]]},"properties":{"nome":"F5","tipo":"distribuicao","bairro":"S\u00c3O JOS\u00c9"}},{"type":"Feature","geometry":{"type":"LineString","coordinates":[[-41.336349,-21.726545],[-41.336516,-21.726822],[-41.337023,-21.726534],[-41.337217,-21.726603]]},"properties":{"nome":"F7","tipo":"distribuicao","bairro":"S\u00c3O JOS\u00c9"}},{"type":"Feature","geometry":{"type":"LineString","coordinates":[[-41.337734,-21.725318],[-41.337566,-21.725161],[-41.336799,-21.726048],[-41.336296,-21.726342],[-41.336543,-21.726758],[-41.336999,-21.726502],[-41.337216,-21.726599]]},"properties":{"nome":"F4","tipo":"distribuicao","bairro":"S\u00c3O JOS\u00c9"}},{"type":"Feature","geometry":{"type":"LineString","coordinates":[[-41.337747,-21.725325],[-41.337573,-21.725223],[-41.33683,-21.726088],[-41.336366,-21.726357],[-41.336565,-21.726696],[-41.336973,-21.726464],[-41.337212,-21.726596]]},"properties":{"nome":"F2","tipo":"distribuicao","bairro":"S\u00c3O JOS\u00c9"}},{"type":"Feature","geometry":{"type":"LineString","coordinates":[[-41.336573,-21.726443],[-41.336637,-21.726544],[-41.336955,-21.726358],[-41.337206,-21.7266]]},"properties":{"nome":"F3","tipo":"distribuicao","bairro":"S\u00c3O JOS\u00c9"}},{"type":"Feature","geometry":{"type":"LineString","coordinates":[[-41.336437,-21.726376],[-41.336593,-21.726625],[-41.33696,-21.726417],[-41.337211,-21.726601]]},"properties":{"nome":"F8","tipo":"distribuicao","bairro":"S\u00c3O JOS\u00c9"}},{"type":"Feature","geometry":{"type":"LineString","coordinates":[[-41.336437,-21.726378],[-41.336866,-21.726134],[-41.337439,-21.725469],[-41.337553,-21.725557]]},"properties":{"nome":"F6","tipo":"distribuicao","bairro":"S\u00c3O JOS\u00c9"}},{"type":"Feature","geometry":{"type":"LineString","coordinates":[[-41.338262,-21.725213],[-41.338478,-21.725363],[-41.3374,-21.726631],[-41.337162,-21.726569]]},"properties":{"nome":"F6","tipo":"distribuicao","bairro":"S\u00c3O JOS\u00c9"}},{"type":"Feature","geometry":{"type":"LineString","coordinates":[[-41.338262,-21.725213],[-41.33855,-21.725347],[-41.337434,-21.726654],[-41.337162,-21.726569]]},"properties":{"nome":"F6","tipo":"distribuicao","bairro":"S\u00c3O JOS\u00c9"}},{"type":"Feature","geometry":{"type":"LineString","coordinates":[[-41.337823,-21.72583],[-41.337946,-21.725926],[-41.337378,-21.726598],[-41.337162,-21.726569]]},"properties":{"nome":"F5","tipo":"distribuicao","bairro":"S\u00c3O JOS\u00c9"}},{"type":"Feature","geometry":{"type":"LineString","coordinates":[[-41.337816,-21.72583],[-41.33789,-21.725932],[-41.337348,-21.726575],[-41.337155,-21.726559]]},"properties":{"nome":"F3","tipo":"distribuicao","bairro":"S\u00c3O JOS\u00c9"}},{"type":"Feature","geometry":{"type":"LineString","coordinates":[[-41.33721,-21.726604],[-41.337141,-21.726789],[-41.337456,-21.727161],[-41.337803,-21.726844],[-41.338438,-21.726161],[-41.338257,-21.726021]]},"properties":{"nome":"F6","tipo":"distribuicao","bairro":"S\u00c3O JOS\u00c9"}},{"type":"Feature","geometry":{"type":"LineString","coordinates":[[-41.337209,-21.726607],[-41.337174,-21.726756],[-41.337467,-21.727093],[-41.337746,-21.726833],[-41.33763,-21.726744]]},"properties":{"nome":"F4","tipo":"distribuicao","bairro":"S\u00c3O JOS\u00c9"}},{"type":"Feature","geometry":{"type":"LineString","coordinates":[[-41.337214,-21.726607],[-41.337205,-21.726711],[-41.337473,-21.727019],[-41.33769,-21.726815],[-41.33763,-21.726751]]},"properties":{"nome":"F5","tipo":"distribuicao","bairro":"S\u00c3O JOS\u00c9"}},{"type":"Feature","geometry":{"type":"LineString","coordinates":[[-41.33635,-21.726554],[-41.336244,-21.726365],[-41.336227,-21.726093]]},"properties":{"nome":"F4","tipo":"distribuicao","bairro":"S\u00c3O JOS\u00c9"}},{"type":"Feature","geometry":{"type":"LineString","coordinates":[[-41.337997,-21.72405],[-41.337831,-21.724064],[-41.337141,-21.723089],[-41.337251,-21.722875]]},"properties":{"nome":"F6","tipo":"distribuicao","bairro":"S\u00c3O JOS\u00c9"}},{"type":"Feature","geometry":{"type":"LineString","coordinates":[[-41.337997,-21.72405],[-41.337825,-21.724149],[-41.337069,-21.723085],[-41.33725,-21.72287]]},"properties":{"nome":"F5","tipo":"distribuicao","bairro":"S\u00c3O JOS\u00c9"}},{"type":"Feature","geometry":{"type":"LineString","coordinates":[[-41.339691,-21.722972],[-41.339482,-21.722824],[-41.337973,-21.723782],[-41.337246,-21.722875]]},"properties":{"nome":"F5","tipo":"distribuicao","bairro":"S\u00c3O JOS\u00c9"}},{"type":"Feature","geometry":{"type":"LineString","coordinates":[[-41.339685,-21.722964],[-41.339491,-21.72291],[-41.337966,-21.723902],[-41.33725,-21.72287]]},"properties":{"nome":"F3","tipo":"distribuicao","bairro":"S\u00c3O JOS\u00c9"}},{"type":"Feature","geometry":{"type":"LineString","coordinates":[[-41.339256,-21.722618],[-41.339346,-21.722742],[-41.337969,-21.723634],[-41.337249,-21.722875]]},"properties":{"nome":"F4","tipo":"distribuicao","bairro":"S\u00c3O JOS\u00c9"}},{"type":"Feature","geometry":{"type":"LineString","coordinates":[[-41.339256,-21.722618],[-41.339473,-21.722751],[-41.337979,-21.723698],[-41.337249,-21.722875]]},"properties":{"nome":"F6","tipo":"distribuicao","bairro":"S\u00c3O JOS\u00c9"}},{"type":"Feature","geometry":{"type":"LineString","coordinates":[[-41.337248,-21.722873],[-41.337238,-21.722745],[-41.337488,-21.722465],[-41.337597,-21.722545]]},"properties":{"nome":"F3","tipo":"distribuicao","bairro":"S\u00c3O JOS\u00c9"}},{"type":"Feature","geometry":{"type":"LineString","coordinates":[[-41.337248,-21.722871],[-41.337209,-21.722711],[-41.33749,-21.722394],[-41.337597,-21.722545]]},"properties":{"nome":"F6","tipo":"distribuicao","bairro":"S\u00c3O JOS\u00c9"}},{"type":"Feature","geometry":{"type":"LineString","coordinates":[[-41.336396,-21.719677],[-41.336078,-21.71985],[-41.338152,-21.723],[-41.338033,-21.723069],[-41.337634,-21.722873],[-41.337251,-21.722873]]},"properties":{"nome":"F5","tipo":"distribuicao","bairro":"S\u00c3O JOS\u00c9"}},{"type":"Feature","geometry":{"type":"LineString","coordinates":[[-41.336393,-21.719669],[-41.335987,-21.71983],[-41.338072,-21.72297],[-41.338018,-21.723003],[-41.337647,-21.722824],[-41.337252,-21.722873]]},"properties":{"nome":"F7","tipo":"distribuicao","bairro":"S\u00c3O JOS\u00c9"}},{"type":"Feature","geometry":{"type":"LineString","coordinates":[[-41.337178,-21.720925],[-41.336935,-21.721049],[-41.338229,-21.723015],[-41.338025,-21.723157],[-41.337586,-21.722913],[-41.337253,-21.722876]]},"properties":{"nome":"F4","tipo":"distribuicao","bairro":"S\u00c3O JOS\u00c9"}},{"type":"Feature","geometry":{"type":"LineString","coordinates":[[-41.337685,-21.721747],[-41.337512,-21.72183],[-41.33831,-21.723045],[-41.33802,-21.723237],[-41.337559,-21.722956],[-41.337251,-21.722872]]},"properties":{"nome":"F6","tipo":"distribuicao","bairro":"S\u00c3O JOS\u00c9"}},{"type":"Feature","geometry":{"type":"LineString","coordinates":[[-41.337686,-21.721745],[-41.337597,-21.721864],[-41.338385,-21.723066],[-41.338035,-21.72331],[-41.337541,-21.722999],[-41.337254,-21.722871]]},"properties":{"nome":"F3","tipo":"distribuicao","bairro":"S\u00c3O JOS\u00c9"}},{"type":"Feature","geometry":{"type":"LineString","coordinates":[[-41.337256,-21.722872],[-41.337043,-21.722894],[-41.336553,-21.72254],[-41.336653,-21.722435]]},"properties":{"nome":"F6","tipo":"distribuicao","bairro":"S\u00c3O JOS\u00c9"}},{"type":"Feature","geometry":{"type":"LineString","coordinates":[[-41.334164,-21.726324],[-41.33438,-21.726423],[-41.334987,-21.726388],[-41.335094,-21.726582],[-41.335295,-21.726481]]},"properties":{"nome":"F4","tipo":"distribuicao","bairro":"S\u00c3O JOS\u00c9"}},{"type":"Feature","geometry":{"type":"LineString","coordinates":[[-41.334163,-21.726325],[-41.334374,-21.726474],[-41.334943,-21.726448],[-41.335075,-21.726694],[-41.335435,-21.726521],[-41.334878,-21.725704],[-41.33466,-21.725804]]},"properties":{"nome":"F5","tipo":"distribuicao","bairro":"S\u00c3O JOS\u00c9"}},{"type":"Feature","geometry":{"type":"LineString","coordinates":[[-41.334163,-21.726323],[-41.334361,-21.726528],[-41.334902,-21.726515],[-41.335052,-21.726782],[-41.335517,-21.726534],[-41.334538,-21.725053],[-41.334293,-21.72517]]},"properties":{"nome":"F6","tipo":"distribuicao","bairro":"S\u00c3O JOS\u00c9"}},{"type":"Feature","geometry":{"type":"LineString","coordinates":[[-41.334163,-21.726323],[-41.33376,-21.726483],[-41.334318,-21.728061],[-41.335662,-21.727539],[-41.335471,-21.727056]]},"properties":{"nome":"F6","tipo":"distribuicao","bairro":"S\u00c3O JOS\u00c9"}},{"type":"Feature","geometry":{"type":"LineString","coordinates":[[-41.334164,-21.726323],[-41.333848,-21.726521],[-41.334363,-21.72792],[-41.334983,-21.727692],[-41.334826,-21.72729]]},"properties":{"nome":"F5","tipo":"distribuicao","bairro":"S\u00c3O JOS\u00c9"}},{"type":"Feature","geometry":{"type":"LineString","coordinates":[[-41.334164,-21.726324],[-41.333942,-21.726559],[-41.334385,-21.72775],[-41.334573,-21.727682]]},"properties":{"nome":"F4","tipo":"distribuicao","bairro":"S\u00c3O JOS\u00c9"}},{"type":"Feature","geometry":{"type":"LineString","coordinates":[[-41.334165,-21.726324],[-41.334025,-21.726586],[-41.334239,-21.727163],[-41.334368,-21.727116]]},"properties":{"nome":"F3","tipo":"distribuicao","bairro":"S\u00c3O JOS\u00c9"}},{"type":"Feature","geometry":{"type":"LineString","coordinates":[[-41.333624,-21.72411],[-41.333729,-21.723867],[-41.333068,-21.72279],[-41.332921,-21.722872]]},"properties":{"nome":"F6","tipo":"distribuicao","bairro":"S\u00c3O JOS\u00c9"}},{"type":"Feature","geometry":{"type":"LineString","coordinates":[[-41.33362,-21.724102],[-41.333672,-21.723898],[-41.333367,-21.723397],[-41.333267,-21.72345]]},"properties":{"nome":"F5","tipo":"distribuicao","bairro":"S\u00c3O JOS\u00c9"}},{"type":"Feature","geometry":{"type":"LineString","coordinates":[[-41.333634,-21.724115],[-41.333864,-21.724192],[-41.334012,-21.724446],[-41.333902,-21.724501]]},"properties":{"nome":"F6","tipo":"distribuicao","bairro":"S\u00c3O JOS\u00c9"}},{"type":"Feature","geometry":{"type":"LineString","coordinates":[[-41.33363,-21.724105],[-41.333241,-21.724111],[-41.332511,-21.722938],[-41.332244,-21.723074]]},"properties":{"nome":"F6","tipo":"distribuicao","bairro":"S\u00c3O JOS\u00c9"}},{"type":"Feature","geometry":{"type":"LineString","coordinates":[[-41.333629,-21.724102],[-41.333205,-21.724166],[-41.332695,-21.723343],[-41.332472,-21.723462]]},"properties":{"nome":"F5","tipo":"distribuicao","bairro":"S\u00c3O JOS\u00c9"}},{"type":"Feature","geometry":{"type":"LineString","coordinates":[[-41.333619,-21.724113],[-41.333168,-21.724233],[-41.333112,-21.724152],[-41.332937,-21.724243]]},"properties":{"nome":"F4","tipo":"distribuicao","bairro":"S\u00c3O JOS\u00c9"}},{"type":"Feature","geometry":{"type":"LineString","coordinates":[[-41.333097,-21.725874],[-41.332757,-21.726288],[-41.333671,-21.728803],[-41.334108,-21.728658]]},"properties":{"nome":"F6","tipo":"distribuicao","bairro":"S\u00c3O JOS\u00c9"}},{"type":"Feature","geometry":{"type":"LineString","coordinates":[[-41.333106,-21.725877],[-41.33285,-21.726277],[-41.333528,-21.728113],[-41.33388,-21.727984]]},"properties":{"nome":"F5","tipo":"distribuicao","bairro":"S\u00c3O JOS\u00c9"}},{"type":"Feature","geometry":{"type":"LineString","coordinates":[[-41.3331,-21.725875],[-41.332962,-21.726299],[-41.33336,-21.727394],[-41.33367,-21.727297]]},"properties":{"nome":"F4","tipo":"distribuicao","bairro":"S\u00c3O JOS\u00c9"}},{"type":"Feature","geometry":{"type":"LineString","coordinates":[[-41.333114,-21.72587],[-41.33311,-21.726351],[-41.333245,-21.726712],[-41.333458,-21.726638]]},"properties":{"nome":"F3","tipo":"distribuicao","bairro":"S\u00c3O JOS\u00c9"}},{"type":"Feature","geometry":{"type":"LineString","coordinates":[[-41.333114,-21.725875],[-41.333574,-21.725967],[-41.334015,-21.72575],[-41.333474,-21.72478],[-41.333331,-21.72485]]},"properties":{"nome":"F6","tipo":"distribuicao","bairro":"S\u00c3O JOS\u00c9"}},{"type":"Feature","geometry":{"type":"LineString","coordinates":[[-41.33311,-21.72587],[-41.333526,-21.725892],[-41.333845,-21.725745],[-41.333769,-21.725603]]},"properties":{"nome":"F5","tipo":"distribuicao","bairro":"S\u00c3O JOS\u00c9"}},{"type":"Feature","geometry":{"type":"LineString","coordinates":[[-41.333105,-21.725869],[-41.332812,-21.725796],[-41.332487,-21.725229],[-41.332679,-21.725139]]},"properties":{"nome":"F6","tipo":"distribuicao","bairro":"S\u00c3O JOS\u00c9"}},{"type":"Feature","geometry":{"type":"LineString","coordinates":[[-41.331877,-21.722689],[-41.3321,-21.722761],[-41.332869,-21.722386],[-41.332323,-21.721468],[-41.332085,-21.721585]]},"properties":{"nome":"F6","tipo":"distribuicao","bairro":"S\u00c3O JOS\u00c9"}},{"type":"Feature","geometry":{"type":"LineString","coordinates":[[-41.331872,-21.722671],[-41.33208,-21.7227],[-41.332728,-21.722361],[-41.332599,-21.722135],[-41.332462,-21.722204]]},"properties":{"nome":"F5","tipo":"distribuicao","bairro":"S\u00c3O JOS\u00c9"}},{"type":"Feature","geometry":{"type":"LineString","coordinates":[[-41.331865,-21.722678],[-41.331348,-21.721846],[-41.331478,-21.721786]]},"properties":{"nome":"F5","tipo":"distribuicao","bairro":"S\u00c3O JOS\u00c9"}},{"type":"Feature","geometry":{"type":"LineString","coordinates":[[-41.331869,-21.722672],[-41.331659,-21.722498],[-41.330934,-21.721303],[-41.331126,-21.721209]]},"properties":{"nome":"F6","tipo":"distribuicao","bairro":"S\u00c3O JOS\u00c9"}},{"type":"Feature","geometry":{"type":"LineString","coordinates":[[-41.331868,-21.722676],[-41.331457,-21.722706],[-41.331354,-21.722757],[-41.331339,-21.722953]]},"properties":{"nome":"F4","tipo":"distribuicao","bairro":"S\u00c3O JOS\u00c9"}},{"type":"Feature","geometry":{"type":"LineString","coordinates":[[-41.331881,-21.72266],[-41.331366,-21.722632],[-41.331143,-21.722268],[-41.330975,-21.722348]]},"properties":{"nome":"F5","tipo":"distribuicao","bairro":"S\u00c3O JOS\u00c9"}},{"type":"Feature","geometry":{"type":"LineString","coordinates":[[-41.331872,-21.722658],[-41.331434,-21.722576],[-41.330687,-21.72138],[-41.33045,-21.721477]]},"properties":{"nome":"F6","tipo":"distribuicao","bairro":"S\u00c3O JOS\u00c9"}},{"type":"Feature","geometry":{"type":"LineString","coordinates":[[-41.330695,-21.723308],[-41.33081,-21.72308],[-41.330114,-21.721867],[-41.329902,-21.721977]]},"properties":{"nome":"F6","tipo":"distribuicao","bairro":"S\u00c3O JOS\u00c9"}},{"type":"Feature","geometry":{"type":"LineString","coordinates":[[-41.330691,-21.723291],[-41.330717,-21.723076],[-41.330395,-21.722517],[-41.330267,-21.72258]]},"properties":{"nome":"F5","tipo":"distribuicao","bairro":"S\u00c3O JOS\u00c9"}},{"type":"Feature","geometry":{"type":"LineString","coordinates":[[-41.330724,-21.723286],[-41.33037,-21.72317],[-41.329359,-21.723695],[-41.32949,-21.723935]]},"properties":{"nome":"F6","tipo":"distribuicao","bairro":"S\u00c3O JOS\u00c9"}},{"type":"Feature","geometry":{"type":"LineString","coordinates":[[-41.330719,-21.723282],[-41.330391,-21.723257],[-41.329889,-21.723514],[-41.329973,-21.723661]]},"properties":{"nome":"F5","tipo":"distribuicao","bairro":"S\u00c3O JOS\u00c9"}},{"type":"Feature","geometry":{"type":"LineString","coordinates":[[-41.330733,-21.723282],[-41.330657,-21.723483],[-41.330838,-21.723799],[-41.331011,-21.723835]]},"properties":{"nome":"F4","tipo":"distribuicao","bairro":"S\u00c3O JOS\u00c9"}},{"type":"Feature","geometry":{"type":"LineString","coordinates":[[-41.33073,-21.723277],[-41.330575,-21.723517],[-41.330749,-21.723828],[-41.330441,-21.723984],[-41.330521,-21.724126]]},"properties":{"nome":"F5","tipo":"distribuicao","bairro":"S\u00c3O JOS\u00c9"}},{"type":"Feature","geometry":{"type":"LineString","coordinates":[[-41.330725,-21.72329],[-41.330841,-21.723337],[-41.331032,-21.723647],[-41.331776,-21.723268],[-41.33189,-21.723436]]},"properties":{"nome":"F6","tipo":"distribuicao","bairro":"S\u00c3O JOS\u00c9"}},{"type":"Feature","geometry":{"type":"LineString","coordinates":[[-41.331787,-21.725042],[-41.332013,-21.724757],[-41.3324,-21.72455],[-41.332487,-21.724702]]},"properties":{"nome":"F6","tipo":"distribuicao","bairro":"S\u00c3O JOS\u00c9"}},{"type":"Feature","geometry":{"type":"LineString","coordinates":[[-41.33177,-21.72502],[-41.331732,-21.724837],[-41.33157,-21.72456],[-41.330629,-21.725051],[-41.330527,-21.724882]]},"properties":{"nome":"F6","tipo":"distribuicao","bairro":"S\u00c3O JOS\u00c9"}},{"type":"Feature","geometry":{"type":"LineString","coordinates":[[-41.331778,-21.725034],[-41.331773,-21.724789],[-41.331625,-21.72453],[-41.331403,-21.72445]]},"properties":{"nome":"F4","tipo":"distribuicao","bairro":"S\u00c3O JOS\u00c9"}},{"type":"Feature","geometry":{"type":"LineString","coordinates":[[-41.331778,-21.725034],[-41.331828,-21.724771],[-41.331677,-21.724496],[-41.332083,-21.724277],[-41.331986,-21.724121]]},"properties":{"nome":"F5","tipo":"distribuicao","bairro":"S\u00c3O JOS\u00c9"}},{"type":"Feature","geometry":{"type":"LineString","coordinates":[[-41.331782,-21.725029],[-41.332147,-21.725108],[-41.332789,-21.726187],[-41.332322,-21.726436],[-41.332216,-21.726255],[-41.331679,-21.72653],[-41.331598,-21.72639]]},"properties":{"nome":"F6","tipo":"distribuicao","bairro":"S\u00c3O JOS\u00c9"}},{"type":"Feature","geometry":{"type":"LineString","coordinates":[[-41.331792,-21.725048],[-41.332075,-21.725151],[-41.332631,-21.726097],[-41.332433,-21.726206]]},"properties":{"nome":"F5","tipo":"distribuicao","bairro":"S\u00c3O JOS\u00c9"}},{"type":"Feature","geometry":{"type":"LineString","coordinates":[[-41.331791,-21.725038],[-41.332002,-21.725179],[-41.332302,-21.725694],[-41.33218,-21.725763]]},"properties":{"nome":"F4","tipo":"distribuicao","bairro":"S\u00c3O JOS\u00c9"}},{"type":"Feature","geometry":{"type":"LineString","coordinates":[[-41.330373,-21.725802],[-41.330556,-21.725395],[-41.329888,-21.724327],[-41.329035,-21.724749],[-41.329106,-21.724873]]},"properties":{"nome":"F6","tipo":"distribuicao","bairro":"S\u00c3O JOS\u00c9"}},{"type":"Feature","geometry":{"type":"LineString","coordinates":[[-41.330374,-21.725805],[-41.33048,-21.725433],[-41.329894,-21.724479],[-41.329658,-21.724601]]},"properties":{"nome":"F5","tipo":"distribuicao","bairro":"S\u00c3O JOS\u00c9"}},{"type":"Feature","geometry":{"type":"LineString","coordinates":[[-41.330373,-21.725802],[-41.330413,-21.725468],[-41.330069,-21.724916],[-41.329417,-21.725255],[-41.32951,-21.725412]]},"properties":{"nome":"F4","tipo":"distribuicao","bairro":"S\u00c3O JOS\u00c9"}},{"type":"Feature","geometry":{"type":"LineString","coordinates":[[-41.330373,-21.725806],[-41.330359,-21.72553],[-41.330123,-21.725148],[-41.33001,-21.725208]]},"properties":{"nome":"F3","tipo":"distribuicao","bairro":"S\u00c3O JOS\u00c9"}},{"type":"Feature","geometry":{"type":"LineString","coordinates":[[-41.330375,-21.725801],[-41.330607,-21.725882],[-41.331018,-21.725666],[-41.331204,-21.725932],[-41.331325,-21.725863]]},"properties":{"nome":"F6","tipo":"distribuicao","bairro":"S\u00c3O JOS\u00c9"}},{"type":"Feature","geometry":{"type":"LineString","coordinates":[[-41.330375,-21.725802],[-41.330586,-21.725823],[-41.331,-21.7256],[-41.331065,-21.725444]]},"properties":{"nome":"F5","tipo":"distribuicao","bairro":"S\u00c3O JOS\u00c9"}},{"type":"Feature","geometry":{"type":"LineString","coordinates":[[-41.330374,-21.725802],[-41.33026,-21.726068],[-41.330798,-21.726847],[-41.33091,-21.726783]]},"properties":{"nome":"F6","tipo":"distribuicao","bairro":"S\u00c3O JOS\u00c9"}},{"type":"Feature","geometry":{"type":"LineString","coordinates":[[-41.329764,-21.726156],[-41.329691,-21.725956],[-41.328808,-21.725604],[-41.328732,-21.725765]]},"properties":{"nome":"F6","tipo":"distribuicao","bairro":"S\u00c3O JOS\u00c9"}},{"type":"Feature","geometry":{"type":"LineString","coordinates":[[-41.329771,-21.726184],[-41.329808,-21.726319],[-41.330217,-21.726964],[-41.330383,-21.726856]]},"properties":{"nome":"F6","tipo":"distribuicao","bairro":"S\u00c3O JOS\u00c9"}},{"type":"Feature","geometry":{"type":"LineString","coordinates":[[-41.329783,-21.726187],[-41.329949,-21.726431],[-41.330066,-21.726361]]},"properties":{"nome":"F5","tipo":"distribuicao","bairro":"S\u00c3O JOS\u00c9"}},{"type":"Feature","geometry":{"type":"LineString","coordinates":[[-41.329773,-21.726183],[-41.329665,-21.726478],[-41.329095,-21.726968],[-41.328104,-21.726559],[-41.328166,-21.726444]]},"properties":{"nome":"F5","tipo":"distribuicao","bairro":"S\u00c3O JOS\u00c9"}},{"type":"Feature","geometry":{"type":"LineString","coordinates":[[-41.329766,-21.726186],[-41.329648,-21.726418],[-41.329173,-21.726817],[-41.328988,-21.726623]]},"properties":{"nome":"F4","tipo":"distribuicao","bairro":"S\u00c3O JOS\u00c9"}},{"type":"Feature","geometry":{"type":"LineString","coordinates":[[-41.329772,-21.726188],[-41.329655,-21.726339],[-41.329315,-21.726614],[-41.328283,-21.726213],[-41.328324,-21.726121]]},"properties":{"nome":"F6","tipo":"distribuicao","bairro":"S\u00c3O JOS\u00c9"}},{"type":"Feature","geometry":{"type":"LineString","coordinates":[[-41.331192,-21.734484],[-41.331426,-21.734565],[-41.333183,-21.733995],[-41.333107,-21.733795]]},"properties":{"nome":"F6","tipo":"distribuicao","bairro":"S\u00c3O JOS\u00c9"}},{"type":"Feature","geometry":{"type":"LineString","coordinates":[[-41.331184,-21.734463],[-41.33141,-21.734518],[-41.33233,-21.734227],[-41.332269,-21.734065]]},"properties":{"nome":"F5","tipo":"distribuicao","bairro":"S\u00c3O JOS\u00c9"}},{"type":"Feature","geometry":{"type":"LineString","coordinates":[[-41.331182,-21.734462],[-41.331389,-21.734478],[-41.331635,-21.734403],[-41.331586,-21.73427]]},"properties":{"nome":"F4","tipo":"distribuicao","bairro":"S\u00c3O JOS\u00c9"}},{"type":"Feature","geometry":{"type":"LineString","coordinates":[[-41.331188,-21.73447],[-41.331195,-21.734201],[-41.331135,-21.734074],[-41.332868,-21.733516],[-41.332781,-21.73331]]},"properties":{"nome":"F6","tipo":"distribuicao","bairro":"S\u00c3O JOS\u00c9"}},{"type":"Feature","geometry":{"type":"LineString","coordinates":[[-41.331193,-21.734477],[-41.331149,-21.734217],[-41.331052,-21.734042],[-41.33213,-21.733696],[-41.332067,-21.733524]]},"properties":{"nome":"F5","tipo":"distribuicao","bairro":"S\u00c3O JOS\u00c9"}},{"type":"Feature","geometry":{"type":"LineString","coordinates":[[-41.331188,-21.73447],[-41.331097,-21.734231],[-41.330966,-21.734007],[-41.33138,-21.733874],[-41.331337,-21.733756]]},"properties":{"nome":"F4","tipo":"distribuicao","bairro":"S\u00c3O JOS\u00c9"}},{"type":"Feature","geometry":{"type":"LineString","coordinates":[[-41.331181,-21.734462],[-41.330902,-21.734025],[-41.330715,-21.73392]]},"properties":{"nome":"F3","tipo":"distribuicao","bairro":"S\u00c3O JOS\u00c9"}},{"type":"Feature","geometry":{"type":"LineString","coordinates":[[-41.331946,-21.735017],[-41.331941,-21.734634],[-41.333156,-21.73424],[-41.333251,-21.734494]]},"properties":{"nome":"F6","tipo":"distribuicao","bairro":"S\u00c3O JOS\u00c9"}},{"type":"Feature","geometry":{"type":"LineString","coordinates":[[-41.331962,-21.735018],[-41.331994,-21.734712],[-41.332318,-21.734601],[-41.332376,-21.734761]]},"properties":{"nome":"F5","tipo":"distribuicao","bairro":"S\u00c3O JOS\u00c9"}},{"type":"Feature","geometry":{"type":"LineString","coordinates":[[-41.331962,-21.735024],[-41.332685,-21.735084],[-41.332949,-21.735683],[-41.33332,-21.736908],[-41.333414,-21.737639],[-41.332783,-21.737669]]},"properties":{"nome":"F12","tipo":"distribuicao","bairro":"S\u00c3O JOS\u00c9"}},{"type":"Feature","geometry":{"type":"LineString","coordinates":[[-41.331952,-21.735027],[-41.33259,-21.735102],[-41.332849,-21.735688],[-41.333232,-21.736936],[-41.332814,-21.736974]]},"properties":{"nome":"F11","tipo":"distribuicao","bairro":"S\u00c3O JOS\u00c9"}},{"type":"Feature","geometry":{"type":"LineString","coordinates":[[-41.331953,-21.73503],[-41.332502,-21.735132],[-41.332774,-21.735745],[-41.333027,-21.736567],[-41.33275,-21.736642]]},"properties":{"nome":"F10","tipo":"distribuicao","bairro":"S\u00c3O JOS\u00c9"}},{"type":"Feature","geometry":{"type":"LineString","coordinates":[[-41.331953,-21.73503],[-41.332404,-21.735151],[-41.332682,-21.735783],[-41.332417,-21.735847]]},"properties":{"nome":"F9","tipo":"distribuicao","bairro":"S\u00c3O JOS\u00c9"}},{"type":"Feature","geometry":{"type":"LineString","coordinates":[[-41.331966,-21.735023],[-41.332356,-21.735197],[-41.332425,-21.735354],[-41.332254,-21.735402]]},"properties":{"nome":"F8","tipo":"distribuicao","bairro":"S\u00c3O JOS\u00c9"}},{"type":"Feature","geometry":{"type":"LineString","coordinates":[[-41.331374,-21.736471],[-41.330971,-21.736581],[-41.329997,-21.735762],[-41.330244,-21.735517]]},"properties":{"nome":"F6","tipo":"distribuicao","bairro":"S\u00c3O JOS\u00c9"}},{"type":"Feature","geometry":{"type":"LineString","coordinates":[[-41.331391,-21.736489],[-41.330996,-21.736501],[-41.330541,-21.736129],[-41.331081,-21.735654],[-41.331265,-21.735568],[-41.331388,-21.735809]]},"properties":{"nome":"F5","tipo":"distribuicao","bairro":"S\u00c3O JOS\u00c9"}},{"type":"Feature","geometry":{"type":"LineString","coordinates":[[-41.331368,-21.736482],[-41.331024,-21.736438],[-41.33076,-21.736221],[-41.330917,-21.736069]]},"properties":{"nome":"F4","tipo":"distribuicao","bairro":"S\u00c3O JOS\u00c9"}},{"type":"Feature","geometry":{"type":"LineString","coordinates":[[-41.33138,-21.736471],[-41.331421,-21.736212],[-41.331902,-21.73599],[-41.331983,-21.736194]]},"properties":{"nome":"F6","tipo":"distribuicao","bairro":"S\u00c3O JOS\u00c9"}},{"type":"Feature","geometry":{"type":"LineString","coordinates":[[-41.332279,-21.737301],[-41.332119,-21.737484],[-41.331381,-21.736889],[-41.331358,-21.736475]]},"properties":{"nome":"F6","tipo":"distribuicao","bairro":"S\u00c3O JOS\u00c9"}},{"type":"Feature","geometry":{"type":"LineString","coordinates":[[-41.331363,-21.736483],[-41.331439,-21.736835],[-41.331649,-21.737005],[-41.331759,-21.736883]]},"properties":{"nome":"F5","tipo":"distribuicao","bairro":"S\u00c3O JOS\u00c9"}},{"type":"Feature","geometry":{"type":"LineString","coordinates":[[-41.33076,-21.737311],[-41.329694,-21.737811],[-41.326721,-21.735333],[-41.327486,-21.734567]]},"properties":{"nome":"F12","tipo":"distribuicao","bairro":"S\u00c3O JOS\u00c9"}},{"type":"Feature","geometry":{"type":"LineString","coordinates":[[-41.330772,-21.737305],[-41.329766,-21.737747],[-41.327379,-21.735734],[-41.328075,-21.735084]]},"properties":{"nome":"F11","tipo":"distribuicao","bairro":"S\u00c3O JOS\u00c9"}},{"type":"Feature","geometry":{"type":"LineString","coordinates":[[-41.330762,-21.73731],[-41.329849,-21.737681],[-41.327967,-21.736109],[-41.328582,-21.735507]]},"properties":{"nome":"F10","tipo":"distribuicao","bairro":"S\u00c3O JOS\u00c9"}},{"type":"Feature","geometry":{"type":"LineString","coordinates":[[-41.330771,-21.737307],[-41.330099,-21.737464],[-41.328637,-21.73627],[-41.329286,-21.7356],[-41.329455,-21.735721]]},"properties":{"nome":"F7","tipo":"distribuicao","bairro":"S\u00c3O JOS\u00c9"}},{"type":"Feature","geometry":{"type":"LineString","coordinates":[[-41.330773,-21.73732],[-41.331218,-21.737318],[-41.332132,-21.738061],[-41.331935,-21.738269]]},"properties":{"nome":"F6","tipo":"distribuicao","bairro":"S\u00c3O JOS\u00c9"}},{"type":"Feature","geometry":{"type":"LineString","coordinates":[[-41.33078,-21.737324],[-41.331156,-21.73739],[-41.331436,-21.737619],[-41.33132,-21.737751]]},"properties":{"nome":"F5","tipo":"distribuicao","bairro":"S\u00c3O JOS\u00c9"}},{"type":"Feature","geometry":{"type":"LineString","coordinates":[[-41.330767,-21.7373],[-41.329921,-21.737607],[-41.32831,-21.736273],[-41.32942,-21.735153],[-41.32934,-21.735086],[-41.329507,-21.734913]]},"properties":{"nome":"F9","tipo":"distribuicao","bairro":"S\u00c3O JOS\u00c9"}},{"type":"Feature","geometry":{"type":"LineString","coordinates":[[-41.330777,-21.737289],[-41.330022,-21.737537],[-41.328473,-21.736268],[-41.329511,-21.735229],[-41.32984,-21.735203]]},"properties":{"nome":"F8","tipo":"distribuicao","bairro":"S\u00c3O JOS\u00c9"}},{"type":"Feature","geometry":{"type":"LineString","coordinates":[[-41.330764,-21.737324],[-41.330176,-21.737399],[-41.328985,-21.736411],[-41.329268,-21.736096]]},"properties":{"nome":"F8","tipo":"distribuicao","bairro":"S\u00c3O JOS\u00c9"}},{"type":"Feature","geometry":{"type":"LineString","coordinates":[[-41.330772,-21.737336],[-41.330266,-21.737344],[-41.329558,-21.736758],[-41.329786,-21.736543]]},"properties":{"nome":"F6","tipo":"distribuicao","bairro":"S\u00c3O JOS\u00c9"}},{"type":"Feature","geometry":{"type":"LineString","coordinates":[[-41.330768,-21.737316],[-41.330331,-21.737266],[-41.330173,-21.737137],[-41.330341,-21.736971]]},"properties":{"nome":"F5","tipo":"distribuicao","bairro":"S\u00c3O JOS\u00c9"}},{"type":"Feature","geometry":{"type":"LineString","coordinates":[[-41.333739,-21.737617],[-41.334027,-21.737598],[-41.334072,-21.738651],[-41.332788,-21.738606],[-41.332185,-21.739225],[-41.330566,-21.737909],[-41.33078,-21.737323]]},"properties":{"nome":"F6","tipo":"distribuicao","bairro":"S\u00c3O JOS\u00c9"}},{"type":"Feature","geometry":{"type":"LineString","coordinates":[[-41.330783,-21.737326],[-41.330644,-21.737808],[-41.332153,-21.739045],[-41.332735,-21.738471],[-41.333801,-21.738496],[-41.333826,-21.738184]]},"properties":{"nome":"F5","tipo":"distribuicao","bairro":"S\u00c3O JOS\u00c9"}},{"type":"Feature","geometry":{"type":"LineString","coordinates":[[-41.330776,-21.737319],[-41.330717,-21.737719],[-41.332137,-21.738879],[-41.33269,-21.738342],[-41.333044,-21.738324],[-41.333062,-21.738086]]},"properties":{"nome":"F4","tipo":"distribuicao","bairro":"S\u00c3O JOS\u00c9"}},{"type":"Feature","geometry":{"type":"LineString","coordinates":[[-41.330109,-21.737029],[-41.330172,-21.737498],[-41.331839,-21.73892],[-41.332037,-21.738725]]},"properties":{"nome":"F6","tipo":"distribuicao","bairro":"S\u00c3O JOS\u00c9"}},{"type":"Feature","geometry":{"type":"LineString","coordinates":[[-41.330122,-21.737036],[-41.330213,-21.737463],[-41.33136,-21.738449],[-41.331565,-21.738238]]},"properties":{"nome":"F5","tipo":"distribuicao","bairro":"S\u00c3O JOS\u00c9"}},{"type":"Feature","geometry":{"type":"LineString","coordinates":[[-41.330116,-21.737033],[-41.330257,-21.737423],[-41.331005,-21.738067],[-41.331161,-21.737906]]},"properties":{"nome":"F4","tipo":"distribuicao","bairro":"S\u00c3O JOS\u00c9"}},{"type":"Feature","geometry":{"type":"LineString","coordinates":[[-41.330119,-21.737019],[-41.330307,-21.737385],[-41.33041,-21.737479],[-41.330525,-21.737358]]},"properties":{"nome":"F3","tipo":"distribuicao","bairro":"S\u00c3O JOS\u00c9"}},{"type":"Feature","geometry":{"type":"LineString","coordinates":[[-41.330111,-21.737032],[-41.329335,-21.737262],[-41.327737,-21.735877],[-41.326121,-21.734503],[-41.325855,-21.734776],[-41.325236,-21.73426],[-41.325513,-21.733985]]},"properties":{"nome":"F12","tipo":"distribuicao","bairro":"S\u00c3O JOS\u00c9"}},{"type":"Feature","geometry":{"type":"LineString","coordinates":[[-41.330107,-21.737015],[-41.329396,-21.737212],[-41.326096,-21.73439],[-41.325891,-21.734614],[-41.325724,-21.734473]]},"properties":{"nome":"F11","tipo":"distribuicao","bairro":"S\u00c3O JOS\u00c9"}},{"type":"Feature","geometry":{"type":"LineString","coordinates":[[-41.330124,-21.737017],[-41.329464,-21.737181],[-41.326143,-21.734351],[-41.32613,-21.734061]]},"properties":{"nome":"F10","tipo":"distribuicao","bairro":"S\u00c3O JOS\u00c9"}},{"type":"Feature","geometry":{"type":"LineString","coordinates":[[-41.330112,-21.73701],[-41.329518,-21.737146],[-41.326271,-21.734375],[-41.326269,-21.733975],[-41.325942,-21.733711],[-41.325828,-21.733494]]},"properties":{"nome":"F9","tipo":"distribuicao","bairro":"S\u00c3O JOS\u00c9"}},{"type":"Feature","geometry":{"type":"LineString","coordinates":[[-41.330102,-21.737013],[-41.32957,-21.737107],[-41.326331,-21.734326],[-41.326344,-21.733875]]},"properties":{"nome":"F8","tipo":"distribuicao","bairro":"S\u00c3O JOS\u00c9"}},{"type":"Feature","geometry":{"type":"LineString","coordinates":[[-41.330118,-21.737027],[-41.329621,-21.737083],[-41.326721,-21.734588],[-41.326936,-21.734369]]},"properties":{"nome":"F7","tipo":"distribuicao","bairro":"S\u00c3O JOS\u00c9"}},{"type":"Feature","geometry":{"type":"LineString","coordinates":[[-41.330111,-21.737013],[-41.329673,-21.737058],[-41.327267,-21.735004],[-41.327465,-21.734813]]},"properties":{"nome":"F6","tipo":"distribuicao","bairro":"S\u00c3O JOS\u00c9"}},{"type":"Feature","geometry":{"type":"LineString","coordinates":[[-41.330113,-21.737041],[-41.329714,-21.737029],[-41.327919,-21.735496],[-41.32809,-21.735326]]},"properties":{"nome":"F5","tipo":"distribuicao","bairro":"S\u00c3O JOS\u00c9"}},{"type":"Feature","geometry":{"type":"LineString","coordinates":[[-41.330107,-21.737022],[-41.329765,-21.737004],[-41.328469,-21.73591],[-41.328617,-21.735758]]},"properties":{"nome":"F4","tipo":"distribuicao","bairro":"S\u00c3O JOS\u00c9"}},{"type":"Feature","geometry":{"type":"LineString","coordinates":[[-41.330107,-21.737011],[-41.329804,-21.736972],[-41.329005,-21.736307],[-41.32912,-21.73619]]},"properties":{"nome":"F3","tipo":"distribuicao","bairro":"S\u00c3O JOS\u00c9"}},{"type":"Feature","geometry":{"type":"LineString","coordinates":[[-41.330115,-21.737031],[-41.329844,-21.736938],[-41.329521,-21.736672],[-41.329598,-21.736596]]},"properties":{"nome":"F2","tipo":"distribuicao","bairro":"S\u00c3O JOS\u00c9"}},{"type":"Feature","geometry":{"type":"LineString","coordinates":[[-41.325497,-21.735157],[-41.324997,-21.735083],[-41.323988,-21.732989],[-41.325058,-21.732763],[-41.325138,-21.73303]]},"properties":{"nome":"F6","tipo":"distribuicao","bairro":"S\u00c3O JOS\u00c9"}},{"type":"Feature","geometry":{"type":"LineString","coordinates":[[-41.325494,-21.735139],[-41.325063,-21.735069],[-41.324228,-21.733333],[-41.324567,-21.733236]]},"properties":{"nome":"F5","tipo":"distribuicao","bairro":"S\u00c3O JOS\u00c9"}},{"type":"Feature","geometry":{"type":"LineString","coordinates":[[-41.325494,-21.735142],[-41.325134,-21.735052],[-41.324585,-21.73395],[-41.324842,-21.733877]]},"properties":{"nome":"F4","tipo":"distribuicao","bairro":"S\u00c3O JOS\u00c9"}},{"type":"Feature","geometry":{"type":"LineString","coordinates":[[-41.325495,-21.735131],[-41.325203,-21.73505],[-41.324888,-21.734419],[-41.325095,-21.734355]]},"properties":{"nome":"F3","tipo":"distribuicao","bairro":"S\u00c3O JOS\u00c9"}},{"type":"Feature","geometry":{"type":"LineString","coordinates":[[-41.325499,-21.735127],[-41.325273,-21.735055],[-41.325233,-21.734983],[-41.325373,-21.734931]]},"properties":{"nome":"F2","tipo":"distribuicao","bairro":"S\u00c3O JOS\u00c9"}},{"type":"Feature","geometry":{"type":"LineString","coordinates":[[-41.325481,-21.735154],[-41.324991,-21.735871],[-41.328635,-21.739568],[-41.329441,-21.738723]]},"properties":{"nome":"F12","tipo":"distribuicao","bairro":"S\u00c3O JOS\u00c9"}},{"type":"Feature","geometry":{"type":"LineString","coordinates":[[-41.325492,-21.735166],[-41.325072,-21.73588],[-41.328227,-21.739008],[-41.328918,-21.738258]]},"properties":{"nome":"F11","tipo":"distribuicao","bairro":"S\u00c3O JOS\u00c9"}},{"type":"Feature","geometry":{"type":"LineString","coordinates":[[-41.3255,-21.735162],[-41.32515,-21.735878],[-41.327937,-21.738581],[-41.328531,-21.737958]]},"properties":{"nome":"F10","tipo":"distribuicao","bairro":"S\u00c3O JOS\u00c9"}},{"type":"Feature","geometry":{"type":"LineString","coordinates":[[-41.325511,-21.735145],[-41.325224,-21.735877],[-41.327783,-21.738312],[-41.328305,-21.737766]]},"properties":{"nome":"F9","tipo":"distribuicao","bairro":"S\u00c3O JOS\u00c9"}},{"type":"Feature","geometry":{"type":"LineString","coordinates":[[-41.325506,-21.735158],[-41.325323,-21.735876],[-41.327276,-21.737709],[-41.327713,-21.73726]]},"properties":{"nome":"F8","tipo":"distribuicao","bairro":"S\u00c3O JOS\u00c9"}},{"type":"Feature","geometry":{"type":"LineString","coordinates":[[-41.325497,-21.735146],[-41.325388,-21.735848],[-41.326924,-21.73728],[-41.327285,-21.73691]]},"properties":{"nome":"F7","tipo":"distribuicao","bairro":"S\u00c3O JOS\u00c9"}},{"type":"Feature","geometry":{"type":"LineString","coordinates":[[-41.325496,-21.735164],[-41.325456,-21.735811],[-41.32656,-21.736846],[-41.326858,-21.736552]]},"properties":{"nome":"F6","tipo":"distribuicao","bairro":"S\u00c3O JOS\u00c9"}},{"type":"Feature","geometry":{"type":"LineString","coordinates":[[-41.325506,-21.735155],[-41.325537,-21.735773],[-41.32634,-21.736539],[-41.326562,-21.736313]]},"properties":{"nome":"F5","tipo":"distribuicao","bairro":"S\u00c3O JOS\u00c9"}},{"type":"Feature","geometry":{"type":"LineString","coordinates":[[-41.325508,-21.735169],[-41.325596,-21.735741],[-41.32613,-21.73625],[-41.326285,-21.736084]]},"properties":{"nome":"F4","tipo":"distribuicao","bairro":"S\u00c3O JOS\u00c9"}},{"type":"Feature","geometry":{"type":"LineString","coordinates":[[-41.325507,-21.735156],[-41.325637,-21.735683],[-41.32569,-21.735735],[-41.325787,-21.73563]]},"properties":{"nome":"F3","tipo":"distribuicao","bairro":"S\u00c3O JOS\u00c9"}},{"type":"Feature","geometry":{"type":"LineString","coordinates":[[-41.328242,-21.736549],[-41.328219,-21.737128],[-41.329617,-21.738247],[-41.329918,-21.737934]]},"properties":{"nome":"F6","tipo":"distribuicao","bairro":"S\u00c3O JOS\u00c9"}},{"type":"Feature","geometry":{"type":"LineString","coordinates":[[-41.328256,-21.736558],[-41.328327,-21.737062],[-41.329154,-21.737736],[-41.329382,-21.73748]]},"properties":{"nome":"F5","tipo":"distribuicao","bairro":"S\u00c3O JOS\u00c9"}},{"type":"Feature","geometry":{"type":"LineString","coordinates":[[-41.328264,-21.736553],[-41.328417,-21.736994],[-41.328678,-21.737207],[-41.328844,-21.737041]]},"properties":{"nome":"F4","tipo":"distribuicao","bairro":"S\u00c3O JOS\u00c9"}},{"type":"Feature","geometry":{"type":"LineString","coordinates":[[-41.328259,-21.736557],[-41.32765,-21.736708],[-41.326126,-21.735406],[-41.326478,-21.735052]]},"properties":{"nome":"F6","tipo":"distribuicao","bairro":"S\u00c3O JOS\u00c9"}},{"type":"Feature","geometry":{"type":"LineString","coordinates":[[-41.328256,-21.736549],[-41.327746,-21.736626],[-41.326798,-21.735831],[-41.327021,-21.735589]]},"properties":{"nome":"F5","tipo":"distribuicao","bairro":"S\u00c3O JOS\u00c9"}},{"type":"Feature","geometry":{"type":"LineString","coordinates":[[-41.328256,-21.736549],[-41.327828,-21.736558],[-41.327254,-21.736078],[-41.327463,-21.735857]]},"properties":{"nome":"F4","tipo":"distribuicao","bairro":"S\u00c3O JOS\u00c9"}},{"type":"Feature","geometry":{"type":"LineString","coordinates":[[-41.328253,-21.736542],[-41.327915,-21.736494],[-41.327575,-21.736225],[-41.327717,-21.736078]]},"properties":{"nome":"F3","tipo":"distribuicao","bairro":"S\u00c3O JOS\u00c9"}},{"type":"Feature","geometry":{"type":"LineString","coordinates":[[-41.331349,-21.739318],[-41.331232,-21.739501],[-41.331407,-21.739736]]},"properties":{"nome":"F12","tipo":"distribuicao","bairro":"S\u00c3O JOS\u00c9"}},{"type":"Feature","geometry":{"type":"LineString","coordinates":[[-41.331407,-21.739736],[-41.331297,-21.739521],[-41.331434,-21.7393]]},"properties":{"nome":"F11","tipo":"distribuicao","bairro":"S\u00c3O JOS\u00c9"}},{"type":"Feature","geometry":{"type":"LineString","coordinates":[[-41.331408,-21.739725],[-41.331362,-21.73955],[-41.331482,-21.73934],[-41.331676,-21.739208]]},"properties":{"nome":"F10","tipo":"distribuicao","bairro":"S\u00c3O JOS\u00c9"}},{"type":"Feature","geometry":{"type":"LineString","coordinates":[[-41.331433,-21.739305],[-41.330945,-21.738901],[-41.331023,-21.73882]]},"properties":{"nome":"F5","tipo":"distribuicao","bairro":"S\u00c3O JOS\u00c9"}},{"type":"Feature","geometry":{"type":"LineString","coordinates":[[-41.331349,-21.739318],[-41.330356,-21.738497],[-41.330482,-21.738373]]},"properties":{"nome":"F6","tipo":"distribuicao","bairro":"S\u00c3O JOS\u00c9"}},{"type":"Feature","geometry":{"type":"LineString","coordinates":[[-41.331403,-21.739738],[-41.331143,-21.739736],[-41.331059,-21.739826],[-41.330199,-21.73912],[-41.330066,-21.73925]]},"properties":{"nome":"F12","tipo":"distribuicao","bairro":"S\u00c3O JOS\u00c9"}},{"type":"Feature","geometry":{"type":"LineString","coordinates":[[-41.331397,-21.739739],[-41.331178,-21.739785],[-41.331062,-21.739906],[-41.330713,-21.739615],[-41.330621,-21.739713]]},"properties":{"nome":"F11","tipo":"distribuicao","bairro":"S\u00c3O JOS\u00c9"}},{"type":"Feature","geometry":{"type":"LineString","coordinates":[[-41.3314,-21.739739],[-41.331214,-21.739833],[-41.331116,-21.739936],[-41.331146,-21.740127]]},"properties":{"nome":"F10","tipo":"distribuicao","bairro":"S\u00c3O JOS\u00c9"}},{"type":"Feature","geometry":{"type":"LineString","coordinates":[[-41.333393,-21.734933],[-41.333305,-21.73512],[-41.332688,-21.735313],[-41.332641,-21.735158]]},"properties":{"nome":"F6","tipo":"distribuicao","bairro":"S\u00c3O JOS\u00c9"}},{"type":"Feature","geometry":{"type":"LineString","coordinates":[[-41.333396,-21.734934],[-41.333564,-21.735065],[-41.33366,-21.73536]]},"properties":{"nome":"F5","tipo":"distribuicao","bairro":"S\u00c3O JOS\u00c9"}},{"type":"Feature","geometry":{"type":"LineString","coordinates":[[-41.333396,-21.734934],[-41.333509,-21.735095],[-41.333565,-21.735291],[-41.332725,-21.735529],[-41.332756,-21.735627]]},"properties":{"nome":"F6","tipo":"distribuicao","bairro":"S\u00c3O JOS\u00c9"}},{"type":"Feature","geometry":{"type":"LineString","coordinates":[[-41.33058,-21.733359],[-41.330786,-21.733646],[-41.332707,-21.733035],[-41.332619,-21.732775]]},"properties":{"nome":"F6","tipo":"distribuicao","bairro":"S\u00c3O JOS\u00c9"}},{"type":"Feature","geometry":{"type":"LineString","coordinates":[[-41.330579,-21.733351],[-41.330799,-21.733559],[-41.332159,-21.733127],[-41.332099,-21.732929]]},"properties":{"nome":"F5","tipo":"distribuicao","bairro":"S\u00c3O JOS\u00c9"}},{"type":"Feature","geometry":{"type":"LineString","coordinates":[[-41.330578,-21.733347],[-41.3308,-21.73348],[-41.331179,-21.733363],[-41.331149,-21.733222]]},"properties":{"nome":"F4","tipo":"distribuicao","bairro":"S\u00c3O JOS\u00c9"}},{"type":"Feature","geometry":{"type":"LineString","coordinates":[[-41.330581,-21.733361],[-41.330618,-21.733762],[-41.3297,-21.734736],[-41.328658,-21.735015],[-41.328564,-21.734623]]},"properties":{"nome":"F6","tipo":"distribuicao","bairro":"S\u00c3O JOS\u00c9"}},{"type":"Feature","geometry":{"type":"LineString","coordinates":[[-41.330581,-21.733362],[-41.330575,-21.733669],[-41.329646,-21.734634],[-41.329388,-21.734705],[-41.329301,-21.734447]]},"properties":{"nome":"F5","tipo":"distribuicao","bairro":"S\u00c3O JOS\u00c9"}},{"type":"Feature","geometry":{"type":"LineString","coordinates":[[-41.330573,-21.733362],[-41.33053,-21.733593],[-41.330067,-21.734075],[-41.329936,-21.733976]]},"properties":{"nome":"F4","tipo":"distribuicao","bairro":"S\u00c3O JOS\u00c9"}},{"type":"Feature","geometry":{"type":"LineString","coordinates":[[-41.330364,-21.73266],[-41.330557,-21.732601],[-41.331854,-21.732193],[-41.331936,-21.732393]]},"properties":{"nome":"F6","tipo":"distribuicao","bairro":"S\u00c3O JOS\u00c9"}},{"type":"Feature","geometry":{"type":"LineString","coordinates":[[-41.330375,-21.732651],[-41.330562,-21.732659],[-41.331063,-21.732495],[-41.331117,-21.732651]]},"properties":{"nome":"F5","tipo":"distribuicao","bairro":"S\u00c3O JOS\u00c9"}},{"type":"Feature","geometry":{"type":"LineString","coordinates":[[-41.330455,-21.731815],[-41.332187,-21.731276],[-41.332498,-21.73191],[-41.332361,-21.731958]]},"properties":{"nome":"F6","tipo":"distribuicao","bairro":"S\u00c3O JOS\u00c9"}},{"type":"Feature","geometry":{"type":"LineString","coordinates":[[-41.330546,-21.731861],[-41.331781,-21.731477],[-41.331856,-21.731703]]},"properties":{"nome":"F5","tipo":"distribuicao","bairro":"S\u00c3O JOS\u00c9"}},{"type":"Feature","geometry":{"type":"LineString","coordinates":[[-41.330627,-21.731911],[-41.330877,-21.731829],[-41.330942,-21.732015]]},"properties":{"nome":"F4","tipo":"distribuicao","bairro":"S\u00c3O JOS\u00c9"}},{"type":"Feature","geometry":{"type":"LineString","coordinates":[[-41.330364,-21.732625],[-41.330501,-21.7324],[-41.330388,-21.731888],[-41.330276,-21.731897]]},"properties":{"nome":"F9","tipo":"distribuicao","bairro":"S\u00c3O JOS\u00c9"}},{"type":"Feature","geometry":{"type":"LineString","coordinates":[[-41.330364,-21.732625],[-41.330739,-21.732349],[-41.330632,-21.73191]]},"properties":{"nome":"F10","tipo":"distribuicao","bairro":"S\u00c3O JOS\u00c9"}},{"type":"Feature","geometry":{"type":"LineString","coordinates":[[-41.330364,-21.732625],[-41.330665,-21.732368],[-41.330547,-21.731863]]},"properties":{"nome":"F11","tipo":"distribuicao","bairro":"S\u00c3O JOS\u00c9"}},{"type":"Feature","geometry":{"type":"LineString","coordinates":[[-41.330364,-21.732625],[-41.330582,-21.732393],[-41.33045,-21.731817]]},"properties":{"nome":"F12","tipo":"distribuicao","bairro":"S\u00c3O JOS\u00c9"}},{"type":"Feature","geometry":{"type":"LineString","coordinates":[[-41.329036,-21.732603],[-41.329366,-21.732675],[-41.329446,-21.733027],[-41.328923,-21.733587],[-41.328809,-21.733466]]},"properties":{"nome":"F6","tipo":"distribuicao","bairro":"S\u00c3O JOS\u00c9"}},{"type":"Feature","geometry":{"type":"LineString","coordinates":[[-41.329036,-21.732603],[-41.329298,-21.732702],[-41.329352,-21.732934],[-41.329261,-21.732956]]},"properties":{"nome":"F5","tipo":"distribuicao","bairro":"S\u00c3O JOS\u00c9"}},{"type":"Feature","geometry":{"type":"LineString","coordinates":[[-41.329036,-21.732604],[-41.328984,-21.732832],[-41.328366,-21.732966],[-41.328581,-21.733872],[-41.328387,-21.733914]]},"properties":{"nome":"F6","tipo":"distribuicao","bairro":"S\u00c3O JOS\u00c9"}},{"type":"Feature","geometry":{"type":"LineString","coordinates":[[-41.329033,-21.732603],[-41.328967,-21.732773],[-41.328292,-21.732921],[-41.328326,-21.733064],[-41.328187,-21.733094]]},"properties":{"nome":"F5","tipo":"distribuicao","bairro":"S\u00c3O JOS\u00c9"}},{"type":"Feature","geometry":{"type":"LineString","coordinates":[[-41.329032,-21.732601],[-41.328939,-21.732725],[-41.32853,-21.732813],[-41.328513,-21.732727]]},"properties":{"nome":"F4","tipo":"distribuicao","bairro":"S\u00c3O JOS\u00c9"}},{"type":"Feature","geometry":{"type":"LineString","coordinates":[[-41.329034,-21.732601],[-41.329451,-21.732585],[-41.329656,-21.732532],[-41.32964,-21.732461]]},"properties":{"nome":"F6","tipo":"distribuicao","bairro":"S\u00c3O JOS\u00c9"}},{"type":"Feature","geometry":{"type":"LineString","coordinates":[[-41.327657,-21.732906],[-41.327633,-21.733189],[-41.327861,-21.734047],[-41.32757,-21.73411]]},"properties":{"nome":"F6","tipo":"distribuicao","bairro":"S\u00c3O JOS\u00c9"}},{"type":"Feature","geometry":{"type":"LineString","coordinates":[[-41.327664,-21.732912],[-41.327563,-21.733186],[-41.327667,-21.733527],[-41.327451,-21.733572]]},"properties":{"nome":"F5","tipo":"distribuicao","bairro":"S\u00c3O JOS\u00c9"}},{"type":"Feature","geometry":{"type":"LineString","coordinates":[[-41.327668,-21.732909],[-41.327188,-21.733244],[-41.326325,-21.733444],[-41.326709,-21.733754],[-41.326627,-21.733834]]},"properties":{"nome":"F5","tipo":"distribuicao","bairro":"S\u00c3O JOS\u00c9"}},{"type":"Feature","geometry":{"type":"LineString","coordinates":[[-41.327654,-21.732912],[-41.327186,-21.733195],[-41.326254,-21.733391],[-41.326038,-21.733358]]},"properties":{"nome":"F4","tipo":"distribuicao","bairro":"S\u00c3O JOS\u00c9"}},{"type":"Feature","geometry":{"type":"LineString","coordinates":[[-41.327667,-21.732908],[-41.327222,-21.733127],[-41.326826,-21.733214],[-41.326789,-21.733076]]},"properties":{"nome":"F3","tipo":"distribuicao","bairro":"S\u00c3O JOS\u00c9"}},{"type":"Feature","geometry":{"type":"LineString","coordinates":[[-41.327666,-21.732911],[-41.327194,-21.733305],[-41.32645,-21.733468],[-41.327181,-21.734067],[-41.327045,-21.734201]]},"properties":{"nome":"F6","tipo":"distribuicao","bairro":"S\u00c3O JOS\u00c9"}},{"type":"Feature","geometry":{"type":"LineString","coordinates":[[-41.326838,-21.732901],[-41.327015,-21.732389],[-41.329577,-21.731897]]},"properties":{"nome":"F12","tipo":"distribuicao","bairro":"S\u00c3O JOS\u00c9"}},{"type":"Feature","geometry":{"type":"LineString","coordinates":[[-41.329572,-21.731898],[-41.3302,-21.731785],[-41.330402,-21.732796],[-41.329864,-21.733323],[-41.329759,-21.733208]]},"properties":{"nome":"F6","tipo":"distribuicao","bairro":"S\u00c3O JOS\u00c9"}},{"type":"Feature","geometry":{"type":"LineString","coordinates":[[-41.326836,-21.732897],[-41.327025,-21.732448],[-41.330144,-21.731846],[-41.330312,-21.732681],[-41.330206,-21.732734]]},"properties":{"nome":"F4","tipo":"distribuicao","bairro":"S\u00c3O JOS\u00c9"}},{"type":"Feature","geometry":{"type":"LineString","coordinates":[[-41.326838,-21.732907],[-41.327017,-21.73252],[-41.329591,-21.732006],[-41.329666,-21.732278]]},"properties":{"nome":"F10","tipo":"distribuicao","bairro":"S\u00c3O JOS\u00c9"}},{"type":"Feature","geometry":{"type":"LineString","coordinates":[[-41.326836,-21.732893],[-41.327028,-21.732583],[-41.329102,-21.732171],[-41.32916,-21.732404]]},"properties":{"nome":"F9","tipo":"distribuicao","bairro":"S\u00c3O JOS\u00c9"}},{"type":"Feature","geometry":{"type":"LineString","coordinates":[[-41.32684,-21.732898],[-41.327036,-21.732638],[-41.328772,-21.732293],[-41.328828,-21.732478]]},"properties":{"nome":"F8","tipo":"distribuicao","bairro":"S\u00c3O JOS\u00c9"}},{"type":"Feature","geometry":{"type":"LineString","coordinates":[[-41.32684,-21.732898],[-41.327038,-21.732696],[-41.328151,-21.732466],[-41.328188,-21.732608]]},"properties":{"nome":"F7","tipo":"distribuicao","bairro":"S\u00c3O JOS\u00c9"}},{"type":"Feature","geometry":{"type":"LineString","coordinates":[[-41.326848,-21.732903],[-41.327055,-21.732741],[-41.327429,-21.732664],[-41.327461,-21.732779]]},"properties":{"nome":"F6","tipo":"distribuicao","bairro":"S\u00c3O JOS\u00c9"}},{"type":"Feature","geometry":{"type":"LineString","coordinates":[[-41.326842,-21.732892],[-41.326645,-21.733393],[-41.326073,-21.733514],[-41.325759,-21.732404],[-41.325055,-21.732552],[-41.325005,-21.732341]]},"properties":{"nome":"F6","tipo":"distribuicao","bairro":"S\u00c3O JOS\u00c9"}},{"type":"Feature","geometry":{"type":"LineString","coordinates":[[-41.326838,-21.732895],[-41.326637,-21.733337],[-41.326112,-21.733445],[-41.325803,-21.732321],[-41.325678,-21.732348],[-41.325647,-21.732216]]},"properties":{"nome":"F5","tipo":"distribuicao","bairro":"S\u00c3O JOS\u00c9"}},{"type":"Feature","geometry":{"type":"LineString","coordinates":[[-41.326848,-21.732892],[-41.326628,-21.733276],[-41.326153,-21.733369],[-41.325873,-21.732304],[-41.326135,-21.732094]]},"properties":{"nome":"F4","tipo":"distribuicao","bairro":"S\u00c3O JOS\u00c9"}},{"type":"Feature","geometry":{"type":"LineString","coordinates":[[-41.326844,-21.732898],[-41.326623,-21.733212],[-41.326204,-21.733297],[-41.326024,-21.732603],[-41.326261,-21.732555]]},"properties":{"nome":"F3","tipo":"distribuicao","bairro":"S\u00c3O JOS\u00c9"}},{"type":"Feature","geometry":{"type":"LineString","coordinates":[[-41.326838,-21.732894],[-41.326648,-21.733141],[-41.326252,-21.733218],[-41.326172,-21.732889],[-41.326331,-21.732856]]},"properties":{"nome":"F2","tipo":"distribuicao","bairro":"S\u00c3O JOS\u00c9"}},{"type":"Feature","geometry":{"type":"LineString","coordinates":[[-41.330331,-21.733393],[-41.33063,-21.73324],[-41.330315,-21.731655],[-41.326992,-21.732254],[-41.326843,-21.732898]]},"properties":{"nome":"F5","tipo":"distribuicao","bairro":"S\u00c3O JOS\u00c9"}},{"type":"Feature","geometry":{"type":"LineString","coordinates":[[-41.329746,-21.733209],[-41.329872,-21.733412],[-41.330477,-21.732816],[-41.33026,-21.731718],[-41.329565,-21.731844]]},"properties":{"nome":"F3","tipo":"distribuicao","bairro":"S\u00c3O JOS\u00c9"}},{"type":"Feature","geometry":{"type":"LineString","coordinates":[[-41.329567,-21.731843],[-41.327013,-21.732322],[-41.326843,-21.732898]]},"properties":{"nome":"F4","tipo":"distribuicao","bairro":"S\u00c3O JOS\u00c9"}},{"type":"Feature","geometry":{"type":"LineString","coordinates":[[-41.329971,-21.729067],[-41.329935,-21.728928],[-41.329619,-21.728547],[-41.330084,-21.72818],[-41.329544,-21.727347],[-41.329718,-21.727239]]},"properties":{"nome":"F6","tipo":"distribuicao","bairro":"S\u00c3O JOS\u00c9"}},{"type":"Feature","geometry":{"type":"LineString","coordinates":[[-41.329967,-21.729072],[-41.329987,-21.728917],[-41.329697,-21.728565],[-41.330176,-21.728196],[-41.329901,-21.727759],[-41.329974,-21.727718]]},"properties":{"nome":"F5","tipo":"distribuicao","bairro":"S\u00c3O JOS\u00c9"}},{"type":"Feature","geometry":{"type":"LineString","coordinates":[[-41.329946,-21.729105],[-41.330051,-21.728902],[-41.329777,-21.728568],[-41.330159,-21.728279],[-41.330386,-21.728317]]},"properties":{"nome":"F2","tipo":"distribuicao","bairro":"S\u00c3O JOS\u00c9"}},{"type":"Feature","geometry":{"type":"LineString","coordinates":[[-41.329974,-21.729083],[-41.330111,-21.728873],[-41.329883,-21.728583],[-41.330182,-21.728349],[-41.330472,-21.728734],[-41.33059,-21.728658]]},"properties":{"nome":"F4","tipo":"distribuicao","bairro":"S\u00c3O JOS\u00c9"}},{"type":"Feature","geometry":{"type":"LineString","coordinates":[[-41.329953,-21.729089],[-41.32948,-21.728889],[-41.329242,-21.728638],[-41.329021,-21.728836],[-41.328839,-21.728667]]},"properties":{"nome":"F6","tipo":"distribuicao","bairro":"S\u00c3O JOS\u00c9"}},{"type":"Feature","geometry":{"type":"LineString","coordinates":[[-41.329951,-21.729095],[-41.329526,-21.728831],[-41.329299,-21.72858],[-41.329404,-21.728498]]},"properties":{"nome":"F5","tipo":"distribuicao","bairro":"S\u00c3O JOS\u00c9"}},{"type":"Feature","geometry":{"type":"LineString","coordinates":[[-41.329977,-21.729083],[-41.329563,-21.729101],[-41.329354,-21.729264],[-41.329282,-21.729189]]},"properties":{"nome":"F6","tipo":"distribuicao","bairro":"S\u00c3O JOS\u00c9"}},{"type":"Feature","geometry":{"type":"LineString","coordinates":[[-41.328104,-21.729555],[-41.327793,-21.729442],[-41.325951,-21.731179],[-41.326279,-21.731507]]},"properties":{"nome":"F6","tipo":"distribuicao","bairro":"S\u00c3O JOS\u00c9"}},{"type":"Feature","geometry":{"type":"LineString","coordinates":[[-41.328113,-21.729563],[-41.327837,-21.729485],[-41.326388,-21.730857],[-41.326677,-21.731141]]},"properties":{"nome":"F5","tipo":"distribuicao","bairro":"S\u00c3O JOS\u00c9"}},{"type":"Feature","geometry":{"type":"LineString","coordinates":[[-41.328106,-21.729557],[-41.327884,-21.729517],[-41.327166,-21.730203],[-41.32744,-21.730459]]},"properties":{"nome":"F4","tipo":"distribuicao","bairro":"S\u00c3O JOS\u00c9"}},{"type":"Feature","geometry":{"type":"LineString","coordinates":[[-41.328106,-21.729561],[-41.327939,-21.729543],[-41.327728,-21.729743],[-41.327876,-21.729884]]},"properties":{"nome":"F3","tipo":"distribuicao","bairro":"S\u00c3O JOS\u00c9"}},{"type":"Feature","geometry":{"type":"LineString","coordinates":[[-41.328108,-21.729555],[-41.328295,-21.729527],[-41.328477,-21.729628],[-41.328576,-21.729534],[-41.328668,-21.729621]]},"properties":{"nome":"F6","tipo":"distribuicao","bairro":"S\u00c3O JOS\u00c9"}},{"type":"Feature","geometry":{"type":"LineString","coordinates":[[-41.328104,-21.729555],[-41.327955,-21.729269],[-41.32818,-21.729043],[-41.328329,-21.729172]]},"properties":{"nome":"F6","tipo":"distribuicao","bairro":"S\u00c3O JOS\u00c9"}},{"type":"Feature","geometry":{"type":"LineString","coordinates":[[-41.328085,-21.729546],[-41.328215,-21.729697],[-41.328291,-21.729741],[-41.328233,-21.729815]]},"properties":{"nome":"F6","tipo":"distribuicao","bairro":"S\u00c3O JOS\u00c9"}},{"type":"Feature","geometry":{"type":"LineString","coordinates":[[-41.329504,-21.730823],[-41.329201,-21.730783],[-41.327814,-21.732061],[-41.328026,-21.732268]]},"properties":{"nome":"F6","tipo":"distribuicao","bairro":"S\u00c3O JOS\u00c9"}},{"type":"Feature","geometry":{"type":"LineString","coordinates":[[-41.329526,-21.730837],[-41.329245,-21.730824],[-41.328393,-21.731624],[-41.328528,-21.731747]]},"properties":{"nome":"F5","tipo":"distribuicao","bairro":"S\u00c3O JOS\u00c9"}},{"type":"Feature","geometry":{"type":"LineString","coordinates":[[-41.329525,-21.730851],[-41.329297,-21.730855],[-41.328975,-21.731148],[-41.329101,-21.731263]]},"properties":{"nome":"F4","tipo":"distribuicao","bairro":"S\u00c3O JOS\u00c9"}},{"type":"Feature","geometry":{"type":"LineString","coordinates":[[-41.329511,-21.730831],[-41.329471,-21.731271],[-41.329931,-21.731818],[-41.330534,-21.731344],[-41.330624,-21.731451]]},"properties":{"nome":"F6","tipo":"distribuicao","bairro":"S\u00c3O JOS\u00c9"}},{"type":"Feature","geometry":{"type":"LineString","coordinates":[[-41.32951,-21.730819],[-41.329577,-21.731146],[-41.329847,-21.731473],[-41.329967,-21.731368]]},"properties":{"nome":"F4","tipo":"distribuicao","bairro":"S\u00c3O JOS\u00c9"}},{"type":"Feature","geometry":{"type":"LineString","coordinates":[[-41.329511,-21.730831],[-41.32952,-21.731209],[-41.329851,-21.731613],[-41.330562,-21.731052],[-41.330353,-21.730816]]},"properties":{"nome":"F5","tipo":"distribuicao","bairro":"S\u00c3O JOS\u00c9"}},{"type":"Feature","geometry":{"type":"LineString","coordinates":[[-41.329525,-21.73082],[-41.330014,-21.730436],[-41.329896,-21.730298]]},"properties":{"nome":"F6","tipo":"distribuicao","bairro":"S\u00c3O JOS\u00c9"}},{"type":"Feature","geometry":{"type":"LineString","coordinates":[[-41.329013,-21.730222],[-41.329323,-21.730889],[-41.327619,-21.732467],[-41.327301,-21.732159]]},"properties":{"nome":"F6","tipo":"distribuicao","bairro":"S\u00c3O JOS\u00c9"}},{"type":"Feature","geometry":{"type":"LineString","coordinates":[[-41.329016,-21.73023],[-41.329273,-21.730817],[-41.327843,-21.732144],[-41.327597,-21.731907]]},"properties":{"nome":"F5","tipo":"distribuicao","bairro":"S\u00c3O JOS\u00c9"}},{"type":"Feature","geometry":{"type":"LineString","coordinates":[[-41.329022,-21.730231],[-41.329223,-21.730745],[-41.328254,-21.731629],[-41.328085,-21.731439]]},"properties":{"nome":"F4","tipo":"distribuicao","bairro":"S\u00c3O JOS\u00c9"}},{"type":"Feature","geometry":{"type":"LineString","coordinates":[[-41.32903,-21.730256],[-41.329173,-21.730684],[-41.328915,-21.730916],[-41.3288,-21.73079]]},"properties":{"nome":"F3","tipo":"distribuicao","bairro":"S\u00c3O JOS\u00c9"}},{"type":"Feature","geometry":{"type":"LineString","coordinates":[[-41.329052,-21.730226],[-41.329253,-21.730177],[-41.329441,-21.730034],[-41.329343,-21.729938]]},"properties":{"nome":"F5","tipo":"distribuicao","bairro":"S\u00c3O JOS\u00c9"}},{"type":"Feature","geometry":{"type":"LineString","coordinates":[[-41.329013,-21.730227],[-41.32934,-21.730239],[-41.330305,-21.729497]]},"properties":{"nome":"F6","tipo":"distribuicao","bairro":"S\u00c3O JOS\u00c9"}},{"type":"Feature","geometry":{"type":"LineString","coordinates":[[-41.329032,-21.730211],[-41.328709,-21.730163],[-41.328415,-21.730448],[-41.32854,-21.730565]]},"properties":{"nome":"F6","tipo":"distribuicao","bairro":"S\u00c3O JOS\u00c9"}},{"type":"Feature","geometry":{"type":"LineString","coordinates":[[-41.327569,-21.730982],[-41.32762,-21.731277],[-41.327914,-21.731017],[-41.327982,-21.731081]]},"properties":{"nome":"F6","tipo":"distribuicao","bairro":"S\u00c3O JOS\u00c9"}},{"type":"Feature","geometry":{"type":"LineString","coordinates":[[-41.327573,-21.730937],[-41.327561,-21.731276],[-41.327468,-21.731365],[-41.327575,-21.731466]]},"properties":{"nome":"F5","tipo":"distribuicao","bairro":"S\u00c3O JOS\u00c9"}},{"type":"Feature","geometry":{"type":"LineString","coordinates":[[-41.327568,-21.730989],[-41.327505,-21.731254],[-41.32697,-21.731759],[-41.327055,-21.731944]]},"properties":{"nome":"F4","tipo":"distribuicao","bairro":"S\u00c3O JOS\u00c9"}},{"type":"Feature","geometry":{"type":"LineString","coordinates":[[-41.327571,-21.730977],[-41.327457,-21.731229],[-41.327155,-21.731508],[-41.327083,-21.731433]]},"properties":{"nome":"F3","tipo":"distribuicao","bairro":"S\u00c3O JOS\u00c9"}},{"type":"Feature","geometry":{"type":"LineString","coordinates":[[-41.32758,-21.730986],[-41.327708,-21.730987],[-41.328408,-21.730348],[-41.328318,-21.730264]]},"properties":{"nome":"F6","tipo":"distribuicao","bairro":"S\u00c3O JOS\u00c9"}},{"type":"Feature","geometry":{"type":"LineString","coordinates":[[-41.327575,-21.730977],[-41.32761,-21.730835],[-41.328135,-21.730328],[-41.328047,-21.730246]]},"properties":{"nome":"F6","tipo":"distribuicao","bairro":"S\u00c3O JOS\u00c9"}},{"type":"Feature","geometry":{"type":"LineString","coordinates":[[-41.327567,-21.73098],[-41.32755,-21.730828],[-41.327614,-21.730764],[-41.327555,-21.730702]]},"properties":{"nome":"F5","tipo":"distribuicao","bairro":"S\u00c3O JOS\u00c9"}},{"type":"Feature","geometry":{"type":"LineString","coordinates":[[-41.331507,-21.730805],[-41.331733,-21.730816],[-41.331976,-21.730626],[-41.332584,-21.731295],[-41.332763,-21.731704],[-41.332947,-21.731634]]},"properties":{"nome":"F6","tipo":"distribuicao","bairro":"S\u00c3O JOS\u00c9"}},{"type":"Feature","geometry":{"type":"LineString","coordinates":[[-41.3315,-21.730797],[-41.331699,-21.730774],[-41.331991,-21.730548],[-41.332467,-21.731075],[-41.332587,-21.73098]]},"properties":{"nome":"F5","tipo":"distribuicao","bairro":"S\u00c3O JOS\u00c9"}},{"type":"Feature","geometry":{"type":"LineString","coordinates":[[-41.331502,-21.730801],[-41.331488,-21.730492],[-41.331693,-21.730323],[-41.330927,-21.729481],[-41.33113,-21.729326]]},"properties":{"nome":"F4","tipo":"distribuicao","bairro":"S\u00c3O JOS\u00c9"}},{"type":"Feature","geometry":{"type":"LineString","coordinates":[[-41.331502,-21.730801],[-41.331528,-21.73053],[-41.331771,-21.730321],[-41.331422,-21.72995],[-41.331542,-21.729857]]},"properties":{"nome":"F3","tipo":"distribuicao","bairro":"S\u00c3O JOS\u00c9"}},{"type":"Feature","geometry":{"type":"LineString","coordinates":[[-41.331512,-21.730802],[-41.331569,-21.73056],[-41.331809,-21.730353],[-41.331993,-21.730337]]},"properties":{"nome":"F2","tipo":"distribuicao","bairro":"S\u00c3O JOS\u00c9"}},{"type":"Feature","geometry":{"type":"LineString","coordinates":[[-41.331493,-21.730814],[-41.331487,-21.731057],[-41.331877,-21.731498],[-41.332022,-21.731389]]},"properties":{"nome":"F6","tipo":"distribuicao","bairro":"S\u00c3O JOS\u00c9"}},{"type":"Feature","geometry":{"type":"LineString","coordinates":[[-41.331493,-21.73081],[-41.331214,-21.730781],[-41.330757,-21.73028],[-41.330922,-21.730158]]},"properties":{"nome":"F6","tipo":"distribuicao","bairro":"S\u00c3O JOS\u00c9"}},{"type":"Feature","geometry":{"type":"LineString","coordinates":[[-41.32741,-21.729148],[-41.327708,-21.729041],[-41.328024,-21.728744],[-41.327888,-21.728631]]},"properties":{"nome":"F4","tipo":"distribuicao","bairro":"S\u00c3O JOS\u00c9"}},{"type":"Feature","geometry":{"type":"LineString","coordinates":[[-41.327399,-21.729155],[-41.327747,-21.729081],[-41.328498,-21.728382],[-41.328315,-21.728219]]},"properties":{"nome":"F5","tipo":"distribuicao","bairro":"S\u00c3O JOS\u00c9"}},{"type":"Feature","geometry":{"type":"LineString","coordinates":[[-41.3274,-21.729146],[-41.327795,-21.729124],[-41.329084,-21.727906],[-41.328859,-21.727713]]},"properties":{"nome":"F6","tipo":"distribuicao","bairro":"S\u00c3O JOS\u00c9"}},{"type":"Feature","geometry":{"type":"LineString","coordinates":[[-41.327396,-21.729139],[-41.327211,-21.729143],[-41.326985,-21.729002],[-41.327643,-21.728366],[-41.327739,-21.728439]]},"properties":{"nome":"F4","tipo":"distribuicao","bairro":"S\u00c3O JOS\u00c9"}},{"type":"Feature","geometry":{"type":"LineString","coordinates":[[-41.327389,-21.72915],[-41.327178,-21.729188],[-41.326909,-21.729004],[-41.328043,-21.727883],[-41.328195,-21.728013]]},"properties":{"nome":"F5","tipo":"distribuicao","bairro":"S\u00c3O JOS\u00c9"}},{"type":"Feature","geometry":{"type":"LineString","coordinates":[[-41.327389,-21.72915],[-41.327159,-21.729249],[-41.326817,-21.729017],[-41.328488,-21.72738],[-41.328675,-21.727543]]},"properties":{"nome":"F6","tipo":"distribuicao","bairro":"S\u00c3O JOS\u00c9"}},{"type":"Feature","geometry":{"type":"LineString","coordinates":[[-41.327389,-21.72915],[-41.327431,-21.729411],[-41.327659,-21.72955],[-41.327766,-21.729374]]},"properties":{"nome":"F6","tipo":"distribuicao","bairro":"S\u00c3O JOS\u00c9"}},{"type":"Feature","geometry":{"type":"LineString","coordinates":[[-41.326279,-21.724006],[-41.326132,-21.724154],[-41.325164,-21.723906],[-41.325223,-21.723709]]},"properties":{"nome":"F6","tipo":"distribuicao","bairro":"S\u00c3O JOS\u00c9"}},{"type":"Feature","geometry":{"type":"LineString","coordinates":[[-41.326275,-21.723998],[-41.326141,-21.724106],[-41.325563,-21.723954],[-41.325602,-21.723824]]},"properties":{"nome":"F5","tipo":"distribuicao","bairro":"S\u00c3O JOS\u00c9"}},{"type":"Feature","geometry":{"type":"LineString","coordinates":[[-41.326275,-21.724005],[-41.326402,-21.724218],[-41.326667,-21.724277],[-41.326711,-21.724127]]},"properties":{"nome":"F6","tipo":"distribuicao","bairro":"S\u00c3O JOS\u00c9"}},{"type":"Feature","geometry":{"type":"LineString","coordinates":[[-41.326275,-21.724001],[-41.326192,-21.72383],[-41.326315,-21.723404]]},"properties":{"nome":"F11","tipo":"distribuicao","bairro":"S\u00c3O JOS\u00c9"}},{"type":"Feature","geometry":{"type":"LineString","coordinates":[[-41.326273,-21.724003],[-41.326133,-21.723818],[-41.326242,-21.723446]]},"properties":{"nome":"F12","tipo":"distribuicao","bairro":"S\u00c3O JOS\u00c9"}},{"type":"Feature","geometry":{"type":"LineString","coordinates":[[-41.326312,-21.723409],[-41.32579,-21.723275],[-41.325814,-21.723197]]},"properties":{"nome":"F5","tipo":"distribuicao","bairro":"S\u00c3O JOS\u00c9"}},{"type":"Feature","geometry":{"type":"LineString","coordinates":[[-41.326242,-21.723444],[-41.325782,-21.723325],[-41.325751,-21.723421],[-41.326111,-21.723508]]},"properties":{"nome":"F6","tipo":"distribuicao","bairro":"S\u00c3O JOS\u00c9"}},{"type":"Feature","geometry":{"type":"LineString","coordinates":[[-41.326281,-21.724012],[-41.326251,-21.723858],[-41.326378,-21.723427],[-41.326496,-21.723385]]},"properties":{"nome":"F10","tipo":"distribuicao","bairro":"S\u00c3O JOS\u00c9"}},{"type":"Feature","geometry":{"type":"LineString","coordinates":[[-41.326283,-21.724011],[-41.3263,-21.723874],[-41.326419,-21.723476]]},"properties":{"nome":"F9","tipo":"distribuicao","bairro":"S\u00c3O JOS\u00c9"}},{"type":"Feature","geometry":{"type":"LineString","coordinates":[[-41.326418,-21.72348],[-41.327129,-21.723667],[-41.327159,-21.723567]]},"properties":{"nome":"F6","tipo":"distribuicao","bairro":"S\u00c3O JOS\u00c9"}},{"type":"Feature","geometry":{"type":"LineString","coordinates":[[-41.325936,-21.725354],[-41.326078,-21.725514],[-41.326411,-21.725609],[-41.32646,-21.725448]]},"properties":{"nome":"F6","tipo":"distribuicao","bairro":"S\u00c3O JOS\u00c9"}},{"type":"Feature","geometry":{"type":"LineString","coordinates":[[-41.325931,-21.725362],[-41.32575,-21.725501],[-41.324759,-21.725246],[-41.324816,-21.725078]]},"properties":{"nome":"F6","tipo":"distribuicao","bairro":"S\u00c3O JOS\u00c9"}},{"type":"Feature","geometry":{"type":"LineString","coordinates":[[-41.325936,-21.725363],[-41.325771,-21.725439],[-41.325472,-21.725364],[-41.325514,-21.72523]]},"properties":{"nome":"F5","tipo":"distribuicao","bairro":"S\u00c3O JOS\u00c9"}},{"type":"Feature","geometry":{"type":"LineString","coordinates":[[-41.325933,-21.725365],[-41.325709,-21.725073],[-41.325795,-21.724779]]},"properties":{"nome":"F12","tipo":"distribuicao","bairro":"S\u00c3O JOS\u00c9"}},{"type":"Feature","geometry":{"type":"LineString","coordinates":[[-41.325929,-21.725361],[-41.325776,-21.725092],[-41.325883,-21.724727]]},"properties":{"nome":"F11","tipo":"distribuicao","bairro":"S\u00c3O JOS\u00c9"}},{"type":"Feature","geometry":{"type":"LineString","coordinates":[[-41.325795,-21.724779],[-41.32512,-21.72459],[-41.32518,-21.724412]]},"properties":{"nome":"F6","tipo":"distribuicao","bairro":"S\u00c3O JOS\u00c9"}},{"type":"Feature","geometry":{"type":"LineString","coordinates":[[-41.325881,-21.724726],[-41.325699,-21.724676],[-41.325729,-21.724565]]},"properties":{"nome":"F5","tipo":"distribuicao","bairro":"S\u00c3O JOS\u00c9"}},{"type":"Feature","geometry":{"type":"LineString","coordinates":[[-41.325932,-21.725357],[-41.325841,-21.725109],[-41.325935,-21.724776],[-41.326051,-21.724657]]},"properties":{"nome":"F10","tipo":"distribuicao","bairro":"S\u00c3O JOS\u00c9"}},{"type":"Feature","geometry":{"type":"LineString","coordinates":[[-41.325927,-21.725358],[-41.325902,-21.725122],[-41.325995,-21.724808]]},"properties":{"nome":"F9","tipo":"distribuicao","bairro":"S\u00c3O JOS\u00c9"}},{"type":"Feature","geometry":{"type":"LineString","coordinates":[[-41.325992,-21.72481],[-41.326505,-21.72495],[-41.326559,-21.724773]]},"properties":{"nome":"F6","tipo":"distribuicao","bairro":"S\u00c3O JOS\u00c9"}},{"type":"Feature","geometry":{"type":"LineString","coordinates":[[-41.32462,-21.72556],[-41.324356,-21.725698],[-41.324158,-21.726321]]},"properties":{"nome":"F12","tipo":"distribuicao","bairro":"S\u00c3O JOS\u00c9"}},{"type":"Feature","geometry":{"type":"LineString","coordinates":[[-41.324158,-21.726321],[-41.325123,-21.726588],[-41.325164,-21.726465]]},"properties":{"nome":"F6","tipo":"distribuicao","bairro":"S\u00c3O JOS\u00c9"}},{"type":"Feature","geometry":{"type":"LineString","coordinates":[[-41.324622,-21.725546],[-41.324289,-21.725677],[-41.324035,-21.726473],[-41.324326,-21.726548]]},"properties":{"nome":"F11","tipo":"distribuicao","bairro":"S\u00c3O JOS\u00c9"}},{"type":"Feature","geometry":{"type":"LineString","coordinates":[[-41.324625,-21.725565],[-41.324424,-21.725719],[-41.324265,-21.726194],[-41.324409,-21.726218]]},"properties":{"nome":"F10","tipo":"distribuicao","bairro":"S\u00c3O JOS\u00c9"}},{"type":"Feature","geometry":{"type":"LineString","coordinates":[[-41.324629,-21.725563],[-41.324677,-21.725988],[-41.325635,-21.726249]]},"properties":{"nome":"F12","tipo":"distribuicao","bairro":"S\u00c3O JOS\u00c9"}},{"type":"Feature","geometry":{"type":"LineString","coordinates":[[-41.325629,-21.726247],[-41.326633,-21.726514],[-41.326734,-21.726201]]},"properties":{"nome":"F6","tipo":"distribuicao","bairro":"S\u00c3O JOS\u00c9"}},{"type":"Feature","geometry":{"type":"LineString","coordinates":[[-41.324626,-21.725562],[-41.324698,-21.725922],[-41.325665,-21.726183]]},"properties":{"nome":"F11","tipo":"distribuicao","bairro":"S\u00c3O JOS\u00c9"}},{"type":"Feature","geometry":{"type":"LineString","coordinates":[[-41.325659,-21.726181],[-41.326344,-21.72637],[-41.326421,-21.726111]]},"properties":{"nome":"F5","tipo":"distribuicao","bairro":"S\u00c3O JOS\u00c9"}},{"type":"Feature","geometry":{"type":"LineString","coordinates":[[-41.324622,-21.725564],[-41.324722,-21.725863],[-41.325684,-21.72612],[-41.325762,-21.725897]]},"properties":{"nome":"F10","tipo":"distribuicao","bairro":"S\u00c3O JOS\u00c9"}},{"type":"Feature","geometry":{"type":"LineString","coordinates":[[-41.324628,-21.725562],[-41.324749,-21.725814],[-41.325294,-21.72596],[-41.325337,-21.725822]]},"properties":{"nome":"F9","tipo":"distribuicao","bairro":"S\u00c3O JOS\u00c9"}},{"type":"Feature","geometry":{"type":"LineString","coordinates":[[-41.324141,-21.727122],[-41.324281,-21.727121],[-41.325267,-21.727054],[-41.325257,-21.726906]]},"properties":{"nome":"F6","tipo":"distribuicao","bairro":"S\u00c3O JOS\u00c9"}},{"type":"Feature","geometry":{"type":"LineString","coordinates":[[-41.324147,-21.727118],[-41.324255,-21.727083],[-41.324627,-21.727055],[-41.324618,-21.726968]]},"properties":{"nome":"F5","tipo":"distribuicao","bairro":"S\u00c3O JOS\u00c9"}},{"type":"Feature","geometry":{"type":"LineString","coordinates":[[-41.324146,-21.727116],[-41.324036,-21.727079],[-41.322647,-21.726535],[-41.321996,-21.726629],[-41.322017,-21.726751]]},"properties":{"nome":"F6","tipo":"distribuicao","bairro":"S\u00c3O JOS\u00c9"}},{"type":"Feature","geometry":{"type":"LineString","coordinates":[[-41.324145,-21.72712],[-41.324022,-21.727117],[-41.323248,-21.726815],[-41.323193,-21.726944]]},"properties":{"nome":"F5","tipo":"distribuicao","bairro":"S\u00c3O JOS\u00c9"}},{"type":"Feature","geometry":{"type":"LineString","coordinates":[[-41.32414,-21.727122],[-41.324022,-21.727161],[-41.323553,-21.726976],[-41.323512,-21.727073]]},"properties":{"nome":"F4","tipo":"distribuicao","bairro":"S\u00c3O JOS\u00c9"}},{"type":"Feature","geometry":{"type":"LineString","coordinates":[[-41.324134,-21.727119],[-41.324219,-21.727252],[-41.324654,-21.727473],[-41.324598,-21.727569]]},"properties":{"nome":"F12","tipo":"distribuicao","bairro":"S\u00c3O JOS\u00c9"}},{"type":"Feature","geometry":{"type":"LineString","coordinates":[[-41.326951,-21.728664],[-41.327137,-21.728642],[-41.327914,-21.727883],[-41.3278,-21.727768]]},"properties":{"nome":"F6","tipo":"distribuicao","bairro":"S\u00c3O JOS\u00c9"}},{"type":"Feature","geometry":{"type":"LineString","coordinates":[[-41.326958,-21.728654],[-41.327109,-21.728601],[-41.327418,-21.728295],[-41.327325,-21.728218]]},"properties":{"nome":"F5","tipo":"distribuicao","bairro":"S\u00c3O JOS\u00c9"}},{"type":"Feature","geometry":{"type":"LineString","coordinates":[[-41.326949,-21.728662],[-41.327042,-21.728919],[-41.326758,-21.729261],[-41.325982,-21.729469],[-41.324377,-21.728112],[-41.324622,-21.727883]]},"properties":{"nome":"F6","tipo":"distribuicao","bairro":"S\u00c3O JOS\u00c9"}},{"type":"Feature","geometry":{"type":"LineString","coordinates":[[-41.326953,-21.728643],[-41.326996,-21.728899],[-41.326718,-21.729224],[-41.326002,-21.729415],[-41.324883,-21.728468],[-41.325059,-21.728292]]},"properties":{"nome":"F5","tipo":"distribuicao","bairro":"S\u00c3O JOS\u00c9"}},{"type":"Feature","geometry":{"type":"LineString","coordinates":[[-41.326955,-21.728661],[-41.326955,-21.728871],[-41.326684,-21.729186],[-41.326018,-21.729363],[-41.325418,-21.728848],[-41.325523,-21.72876]]},"properties":{"nome":"F4","tipo":"distribuicao","bairro":"S\u00c3O JOS\u00c9"}},{"type":"Feature","geometry":{"type":"LineString","coordinates":[[-41.326956,-21.728664],[-41.326911,-21.728851],[-41.326643,-21.729146],[-41.326046,-21.729303],[-41.326064,-21.729108]]},"properties":{"nome":"F3","tipo":"distribuicao","bairro":"S\u00c3O JOS\u00c9"}},{"type":"Feature","geometry":{"type":"LineString","coordinates":[[-41.326945,-21.728665],[-41.326867,-21.728835],[-41.32664,-21.729067],[-41.326581,-21.728997]]},"properties":{"nome":"F2","tipo":"distribuicao","bairro":"S\u00c3O JOS\u00c9"}},{"type":"Feature","geometry":{"type":"LineString","coordinates":[[-41.325129,-21.727843],[-41.325413,-21.727903],[-41.325746,-21.728081],[-41.325685,-21.72817]]},"properties":{"nome":"F4","tipo":"distribuicao","bairro":"S\u00c3O JOS\u00c9"}},{"type":"Feature","geometry":{"type":"LineString","coordinates":[[-41.325125,-21.727838],[-41.325434,-21.727859],[-41.325772,-21.728037],[-41.326495,-21.727767],[-41.326548,-21.727886]]},"properties":{"nome":"F5","tipo":"distribuicao","bairro":"S\u00c3O JOS\u00c9"}},{"type":"Feature","geometry":{"type":"LineString","coordinates":[[-41.32512,-21.727837],[-41.325463,-21.727813],[-41.325762,-21.727971],[-41.326912,-21.727554],[-41.326968,-21.727707]]},"properties":{"nome":"F6","tipo":"distribuicao","bairro":"S\u00c3O JOS\u00c9"}},{"type":"Feature","geometry":{"type":"LineString","coordinates":[[-41.325127,-21.727846],[-41.32528,-21.728084],[-41.326515,-21.728793],[-41.326582,-21.728689]]},"properties":{"nome":"F3","tipo":"distribuicao","bairro":"S\u00c3O JOS\u00c9"}},{"type":"Feature","geometry":{"type":"LineString","coordinates":[[-41.325117,-21.727847],[-41.325267,-21.727389],[-41.326806,-21.726899],[-41.326884,-21.727177]]},"properties":{"nome":"F6","tipo":"distribuicao","bairro":"S\u00c3O JOS\u00c9"}},{"type":"Feature","geometry":{"type":"LineString","coordinates":[[-41.325121,-21.727843],[-41.325317,-21.727438],[-41.326387,-21.727105],[-41.326456,-21.727295]]},"properties":{"nome":"F5","tipo":"distribuicao","bairro":"S\u00c3O JOS\u00c9"}},{"type":"Feature","geometry":{"type":"LineString","coordinates":[[-41.32513,-21.727845],[-41.325368,-21.727491],[-41.32586,-21.727337],[-41.325915,-21.727467]]},"properties":{"nome":"F4","tipo":"distribuicao","bairro":"S\u00c3O JOS\u00c9"}},{"type":"Feature","geometry":{"type":"LineString","coordinates":[[-41.327972,-21.726759],[-41.328001,-21.726968],[-41.32827,-21.727056],[-41.327589,-21.727352],[-41.327647,-21.727467]]},"properties":{"nome":"F6","tipo":"distribuicao","bairro":"S\u00c3O JOS\u00c9"}},{"type":"Feature","geometry":{"type":"LineString","coordinates":[[-41.327977,-21.726761],[-41.328034,-21.726931],[-41.328383,-21.727049],[-41.328062,-21.727194],[-41.328102,-21.72728]]},"properties":{"nome":"F5","tipo":"distribuicao","bairro":"S\u00c3O JOS\u00c9"}},{"type":"Feature","geometry":{"type":"LineString","coordinates":[[-41.327976,-21.726763],[-41.328072,-21.7269],[-41.328438,-21.727016],[-41.328565,-21.72696]]},"properties":{"nome":"F4","tipo":"distribuicao","bairro":"S\u00c3O JOS\u00c9"}},{"type":"Feature","geometry":{"type":"LineString","coordinates":[[-41.327979,-21.726761],[-41.327774,-21.726962],[-41.327304,-21.726838],[-41.325975,-21.726998],[-41.325926,-21.72655],[-41.326401,-21.726505]]},"properties":{"nome":"F6","tipo":"distribuicao","bairro":"S\u00c3O JOS\u00c9"}},{"type":"Feature","geometry":{"type":"LineString","coordinates":[[-41.327989,-21.726765],[-41.327766,-21.726918],[-41.327305,-21.726792],[-41.326061,-21.726936],[-41.326048,-21.726772]]},"properties":{"nome":"F5","tipo":"distribuicao","bairro":"S\u00c3O JOS\u00c9"}},{"type":"Feature","geometry":{"type":"LineString","coordinates":[[-41.32798,-21.726771],[-41.327773,-21.726878],[-41.327299,-21.726736],[-41.326736,-21.726807],[-41.326728,-21.726708]]},"properties":{"nome":"F4","tipo":"distribuicao","bairro":"S\u00c3O JOS\u00c9"}},{"type":"Feature","geometry":{"type":"LineString","coordinates":[[-41.327974,-21.72676],[-41.327799,-21.72684],[-41.327316,-21.726692],[-41.327325,-21.726576]]},"properties":{"nome":"F3","tipo":"distribuicao","bairro":"S\u00c3O JOS\u00c9"}},{"type":"Feature","geometry":{"type":"LineString","coordinates":[[-41.324096,-21.724527],[-41.324168,-21.724626],[-41.324388,-21.724613],[-41.324402,-21.725158],[-41.324535,-21.725156]]},"properties":{"nome":"F6","tipo":"distribuicao","bairro":"S\u00c3O JOS\u00c9"}},{"type":"Feature","geometry":{"type":"LineString","coordinates":[[-41.324097,-21.724526],[-41.323679,-21.724795],[-41.323752,-21.725403],[-41.323608,-21.725418]]},"properties":{"nome":"F4","tipo":"distribuicao","bairro":"S\u00c3O JOS\u00c9"}},{"type":"Feature","geometry":{"type":"LineString","coordinates":[[-41.324099,-21.72452],[-41.324212,-21.724343],[-41.32409,-21.723037],[-41.32384,-21.723072]]},"properties":{"nome":"F6","tipo":"distribuicao","bairro":"S\u00c3O JOS\u00c9"}},{"type":"Feature","geometry":{"type":"LineString","coordinates":[[-41.324095,-21.724518],[-41.324114,-21.724368],[-41.32406,-21.723744],[-41.323906,-21.723757]]},"properties":{"nome":"F5","tipo":"distribuicao","bairro":"S\u00c3O JOS\u00c9"}},{"type":"Feature","geometry":{"type":"LineString","coordinates":[[-41.324098,-21.724518],[-41.323688,-21.724708],[-41.323522,-21.724723]]},"properties":{"nome":"F3","tipo":"distribuicao","bairro":"S\u00c3O JOS\u00c9"}},{"type":"Feature","geometry":{"type":"LineString","coordinates":[[-41.324095,-21.724527],[-41.323846,-21.724837],[-41.323975,-21.726097],[-41.323905,-21.726854],[-41.323691,-21.72686]]},"properties":{"nome":"F6","tipo":"distribuicao","bairro":"S\u00c3O JOS\u00c9"}},{"type":"Feature","geometry":{"type":"LineString","coordinates":[[-41.324097,-21.724521],[-41.323759,-21.724839],[-41.323899,-21.726122],[-41.323704,-21.726132]]},"properties":{"nome":"F5","tipo":"distribuicao","bairro":"S\u00c3O JOS\u00c9"}},{"type":"Feature","geometry":{"type":"LineString","coordinates":[[-41.322304,-21.723824],[-41.322904,-21.723603],[-41.322881,-21.723007],[-41.32294,-21.72296]]},"properties":{"nome":"F12","tipo":"distribuicao","bairro":"S\u00c3O JOS\u00c9"}},{"type":"Feature","geometry":{"type":"LineString","coordinates":[[-41.322937,-21.722963],[-41.323043,-21.724032],[-41.323425,-21.723995]]},"properties":{"nome":"F6","tipo":"distribuicao","bairro":"S\u00c3O JOS\u00c9"}},{"type":"Feature","geometry":{"type":"LineString","coordinates":[[-41.322298,-21.72382],[-41.322854,-21.723586],[-41.322828,-21.72299],[-41.322985,-21.722751]]},"properties":{"nome":"F11","tipo":"distribuicao","bairro":"S\u00c3O JOS\u00c9"}},{"type":"Feature","geometry":{"type":"LineString","coordinates":[[-41.32299,-21.722748],[-41.32308,-21.723693],[-41.323378,-21.723655]]},"properties":{"nome":"F5","tipo":"distribuicao","bairro":"S\u00c3O JOS\u00c9"}},{"type":"Feature","geometry":{"type":"LineString","coordinates":[[-41.322299,-21.723827],[-41.322803,-21.723567],[-41.322767,-21.722974],[-41.323027,-21.722611]]},"properties":{"nome":"F10","tipo":"distribuicao","bairro":"S\u00c3O JOS\u00c9"}},{"type":"Feature","geometry":{"type":"LineString","coordinates":[[-41.323033,-21.722618],[-41.323078,-21.72297],[-41.32329,-21.722944]]},"properties":{"nome":"F4","tipo":"distribuicao","bairro":"S\u00c3O JOS\u00c9"}},{"type":"Feature","geometry":{"type":"LineString","coordinates":[[-41.322293,-21.723823],[-41.322748,-21.723556],[-41.322702,-21.722967],[-41.323014,-21.722513],[-41.323112,-21.7225]]},"properties":{"nome":"F9","tipo":"distribuicao","bairro":"S\u00c3O JOS\u00c9"}},{"type":"Feature","geometry":{"type":"LineString","coordinates":[[-41.323111,-21.722497],[-41.323126,-21.722615],[-41.323244,-21.722607]]},"properties":{"nome":"F3","tipo":"distribuicao","bairro":"S\u00c3O JOS\u00c9"}},{"type":"Feature","geometry":{"type":"LineString","coordinates":[[-41.3223,-21.723825],[-41.322679,-21.723551],[-41.322631,-21.72295],[-41.322954,-21.722521],[-41.323008,-21.721896],[-41.323138,-21.721889]]},"properties":{"nome":"F7","tipo":"distribuicao","bairro":"S\u00c3O JOS\u00c9"}},{"type":"Feature","geometry":{"type":"LineString","coordinates":[[-41.322298,-21.72383],[-41.322617,-21.723555],[-41.322568,-21.722939],[-41.3229,-21.722498],[-41.322954,-21.721831],[-41.322869,-21.721169],[-41.323054,-21.721149]]},"properties":{"nome":"F8","tipo":"distribuicao","bairro":"S\u00c3O JOS\u00c9"}},{"type":"Feature","geometry":{"type":"LineString","coordinates":[[-41.322294,-21.72383],[-41.322569,-21.72356],[-41.322515,-21.722933],[-41.322854,-21.722482],[-41.322902,-21.721833],[-41.322736,-21.721857]]},"properties":{"nome":"F6","tipo":"distribuicao","bairro":"S\u00c3O JOS\u00c9"}},{"type":"Feature","geometry":{"type":"LineString","coordinates":[[-41.322299,-21.723825],[-41.322513,-21.723554],[-41.322453,-21.722908],[-41.322734,-21.722546],[-41.322598,-21.722448]]},"properties":{"nome":"F5","tipo":"distribuicao","bairro":"S\u00c3O JOS\u00c9"}},{"type":"Feature","geometry":{"type":"LineString","coordinates":[[-41.322301,-21.723825],[-41.32246,-21.723544],[-41.322395,-21.722909],[-41.322183,-21.722936]]},"properties":{"nome":"F4","tipo":"distribuicao","bairro":"S\u00c3O JOS\u00c9"}},{"type":"Feature","geometry":{"type":"LineString","coordinates":[[-41.322288,-21.723824],[-41.322412,-21.723535],[-41.322395,-21.723345],[-41.322242,-21.723364]]},"properties":{"nome":"F3","tipo":"distribuicao","bairro":"S\u00c3O JOS\u00c9"}},{"type":"Feature","geometry":{"type":"LineString","coordinates":[[-41.322311,-21.723822],[-41.322494,-21.723952],[-41.322519,-21.724177],[-41.322366,-21.724191]]},"properties":{"nome":"F3","tipo":"distribuicao","bairro":"S\u00c3O JOS\u00c9"}},{"type":"Feature","geometry":{"type":"LineString","coordinates":[[-41.322262,-21.725007],[-41.322745,-21.725181],[-41.32296,-21.726516],[-41.322463,-21.726542]]},"properties":{"nome":"F6","tipo":"distribuicao","bairro":"S\u00c3O JOS\u00c9"}},{"type":"Feature","geometry":{"type":"LineString","coordinates":[[-41.322264,-21.725046],[-41.322666,-21.725203],[-41.322734,-21.725607],[-41.322321,-21.725641]]},"properties":{"nome":"F5","tipo":"distribuicao","bairro":"S\u00c3O JOS\u00c9"}},{"type":"Feature","geometry":{"type":"LineString","coordinates":[[-41.322255,-21.725031],[-41.323005,-21.724683],[-41.322621,-21.722896],[-41.321618,-21.722238],[-41.321413,-21.722453]]},"properties":{"nome":"F6","tipo":"distribuicao","bairro":"S\u00c3O JOS\u00c9"}},{"type":"Feature","geometry":{"type":"LineString","coordinates":[[-41.322275,-21.725011],[-41.322879,-21.724687],[-41.322565,-21.722961],[-41.321966,-21.722905]]},"properties":{"nome":"F5","tipo":"distribuicao","bairro":"S\u00c3O JOS\u00c9"}},{"type":"Feature","geometry":{"type":"LineString","coordinates":[[-41.322266,-21.725003],[-41.322786,-21.724675],[-41.322535,-21.723236],[-41.322028,-21.723282]]},"properties":{"nome":"F4","tipo":"distribuicao","bairro":"S\u00c3O JOS\u00c9"}},{"type":"Feature","geometry":{"type":"LineString","coordinates":[[-41.322238,-21.725017],[-41.322685,-21.724666],[-41.322613,-21.724169],[-41.322165,-21.724217]]},"properties":{"nome":"F3","tipo":"distribuicao","bairro":"S\u00c3O JOS\u00c9"}},{"type":"Feature","geometry":{"type":"LineString","coordinates":[[-41.322259,-21.725027],[-41.322067,-21.725343],[-41.321821,-21.725379],[-41.321849,-21.725657]]},"properties":{"nome":"F12","tipo":"distribuicao","bairro":"S\u00c3O JOS\u00c9"}},{"type":"Feature","geometry":{"type":"LineString","coordinates":[[-41.321849,-21.725651],[-41.321921,-21.726334],[-41.321154,-21.726681],[-41.3199,-21.725025],[-41.318243,-21.723326],[-41.318485,-21.723079]]},"properties":{"nome":"F6","tipo":"distribuicao","bairro":"S\u00c3O JOS\u00c9"}},{"type":"Feature","geometry":{"type":"LineString","coordinates":[[-41.32227,-21.72502],[-41.322066,-21.725272],[-41.32174,-21.725322],[-41.321778,-21.725678]]},"properties":{"nome":"F11","tipo":"distribuicao","bairro":"S\u00c3O JOS\u00c9"}},{"type":"Feature","geometry":{"type":"LineString","coordinates":[[-41.321776,-21.725673],[-41.321855,-21.726302],[-41.321177,-21.726593],[-41.319952,-21.724984],[-41.318688,-21.723691],[-41.318938,-21.723456]]},"properties":{"nome":"F5","tipo":"distribuicao","bairro":"S\u00c3O JOS\u00c9"}},{"type":"Feature","geometry":{"type":"LineString","coordinates":[[-41.322265,-21.725032],[-41.322079,-21.725202],[-41.321664,-21.725269],[-41.321717,-21.725692]]},"properties":{"nome":"F10","tipo":"distribuicao","bairro":"S\u00c3O JOS\u00c9"}},{"type":"Feature","geometry":{"type":"LineString","coordinates":[[-41.321713,-21.725685],[-41.321783,-21.72627],[-41.321198,-21.726512],[-41.320003,-21.724941],[-41.319278,-21.724191],[-41.319511,-21.724001]]},"properties":{"nome":"F4","tipo":"distribuicao","bairro":"S\u00c3O JOS\u00c9"}},{"type":"Feature","geometry":{"type":"LineString","coordinates":[[-41.322251,-21.725033],[-41.322099,-21.725128],[-41.321581,-21.725217],[-41.321635,-21.725706]]},"properties":{"nome":"F9","tipo":"distribuicao","bairro":"S\u00c3O JOS\u00c9"}},{"type":"Feature","geometry":{"type":"LineString","coordinates":[[-41.321635,-21.725703],[-41.321703,-21.726226],[-41.321217,-21.72643],[-41.320064,-21.724898],[-41.320231,-21.724778]]},"properties":{"nome":"F3","tipo":"distribuicao","bairro":"S\u00c3O JOS\u00c9"}},{"type":"Feature","geometry":{"type":"LineString","coordinates":[[-41.322257,-21.725032],[-41.322044,-21.725079],[-41.321503,-21.725158],[-41.321563,-21.725724]]},"properties":{"nome":"F8","tipo":"distribuicao","bairro":"S\u00c3O JOS\u00c9"}},{"type":"Feature","geometry":{"type":"LineString","coordinates":[[-41.321563,-21.725721],[-41.321627,-21.726177],[-41.32123,-21.726338],[-41.320764,-21.725709],[-41.320913,-21.725611]]},"properties":{"nome":"F2","tipo":"distribuicao","bairro":"S\u00c3O JOS\u00c9"}},{"type":"Feature","geometry":{"type":"LineString","coordinates":[[-41.322269,-21.725028],[-41.322054,-21.725016],[-41.32141,-21.725103],[-41.3215,-21.725733],[-41.321345,-21.725767]]},"properties":{"nome":"F7","tipo":"distribuicao","bairro":"S\u00c3O JOS\u00c9"}},{"type":"Feature","geometry":{"type":"LineString","coordinates":[[-41.322261,-21.725022],[-41.322061,-21.724965],[-41.321213,-21.725048]]},"properties":{"nome":"F6","tipo":"distribuicao","bairro":"S\u00c3O JOS\u00c9"}},{"type":"Feature","geometry":{"type":"LineString","coordinates":[[-41.322256,-21.72501],[-41.322076,-21.724906],[-41.321436,-21.724976],[-41.321417,-21.724828]]},"properties":{"nome":"F5","tipo":"distribuicao","bairro":"S\u00c3O JOS\u00c9"}},{"type":"Feature","geometry":{"type":"LineString","coordinates":[[-41.322258,-21.725028],[-41.322142,-21.724891],[-41.322122,-21.724758]]},"properties":{"nome":"F4","tipo":"distribuicao","bairro":"S\u00c3O JOS\u00c9"}},{"type":"Feature","geometry":{"type":"LineString","coordinates":[[-41.320876,-21.722199],[-41.320678,-21.722527],[-41.319287,-21.723439],[-41.319075,-21.723191]]},"properties":{"nome":"F6","tipo":"distribuicao","bairro":"S\u00c3O JOS\u00c9"}},{"type":"Feature","geometry":{"type":"LineString","coordinates":[[-41.320882,-21.722186],[-41.320656,-21.722457],[-41.31964,-21.7231],[-41.319483,-21.722902]]},"properties":{"nome":"F5","tipo":"distribuicao","bairro":"S\u00c3O JOS\u00c9"}},{"type":"Feature","geometry":{"type":"LineString","coordinates":[[-41.320858,-21.72221],[-41.320688,-21.722357],[-41.320101,-21.722713],[-41.31999,-21.722537]]},"properties":{"nome":"F4","tipo":"distribuicao","bairro":"S\u00c3O JOS\u00c9"}},{"type":"Feature","geometry":{"type":"LineString","coordinates":[[-41.320878,-21.722192],[-41.320452,-21.72242],[-41.320369,-21.722255]]},"properties":{"nome":"F3","tipo":"distribuicao","bairro":"S\u00c3O JOS\u00c9"}},{"type":"Feature","geometry":{"type":"LineString","coordinates":[[-41.32088,-21.722199],[-41.320618,-21.72281],[-41.320785,-21.724381],[-41.321148,-21.724346]]},"properties":{"nome":"F6","tipo":"distribuicao","bairro":"S\u00c3O JOS\u00c9"}},{"type":"Feature","geometry":{"type":"LineString","coordinates":[[-41.320873,-21.722203],[-41.320696,-21.722784],[-41.320791,-21.723655],[-41.321065,-21.723618]]},"properties":{"nome":"F5","tipo":"distribuicao","bairro":"S\u00c3O JOS\u00c9"}},{"type":"Feature","geometry":{"type":"LineString","coordinates":[[-41.320883,-21.722199],[-41.320769,-21.72278],[-41.320793,-21.722954],[-41.320953,-21.722935]]},"properties":{"nome":"F4","tipo":"distribuicao","bairro":"S\u00c3O JOS\u00c9"}},{"type":"Feature","geometry":{"type":"LineString","coordinates":[[-41.319421,-21.72066],[-41.319564,-21.720815],[-41.319842,-21.720898],[-41.319908,-21.720721]]},"properties":{"nome":"F2","tipo":"distribuicao","bairro":"S\u00c3O JOS\u00c9"}},{"type":"Feature","geometry":{"type":"LineString","coordinates":[[-41.319415,-21.720656],[-41.319556,-21.720854],[-41.320447,-21.721104],[-41.320516,-21.7209]]},"properties":{"nome":"F3","tipo":"distribuicao","bairro":"S\u00c3O JOS\u00c9"}},{"type":"Feature","geometry":{"type":"LineString","coordinates":[[-41.319425,-21.720659],[-41.319544,-21.720893],[-41.320569,-21.721184],[-41.320599,-21.721487],[-41.320781,-21.721499]]},"properties":{"nome":"F4","tipo":"distribuicao","bairro":"S\u00c3O JOS\u00c9"}},{"type":"Feature","geometry":{"type":"LineString","coordinates":[[-41.319423,-21.720648],[-41.319528,-21.720932],[-41.320518,-21.721213],[-41.320541,-21.721621],[-41.320916,-21.721625],[-41.320845,-21.721002],[-41.321228,-21.721128],[-41.32137,-21.721078]]},"properties":{"nome":"F5","tipo":"distribuicao","bairro":"S\u00c3O JOS\u00c9"}},{"type":"Feature","geometry":{"type":"LineString","coordinates":[[-41.319423,-21.720654],[-41.319517,-21.720975],[-41.320464,-21.721248],[-41.320484,-21.721679],[-41.321002,-21.721683],[-41.320914,-21.721088],[-41.32115,-21.721175],[-41.321079,-21.721644],[-41.321152,-21.721655]]},"properties":{"nome":"F6","tipo":"distribuicao","bairro":"S\u00c3O JOS\u00c9"}},{"type":"Feature","geometry":{"type":"LineString","coordinates":[[-41.319421,-21.720654],[-41.319262,-21.720733],[-41.318968,-21.720642],[-41.31902,-21.720523]]},"properties":{"nome":"F11","tipo":"distribuicao","bairro":"S\u00c3O JOS\u00c9"}},{"type":"Feature","geometry":{"type":"LineString","coordinates":[[-41.319422,-21.720652],[-41.319238,-21.720785],[-41.318609,-21.720591],[-41.318673,-21.720425]]},"properties":{"nome":"F12","tipo":"distribuicao","bairro":"S\u00c3O JOS\u00c9"}},{"type":"Feature","geometry":{"type":"LineString","coordinates":[[-41.318073,-21.7213],[-41.318557,-21.721055],[-41.32032,-21.721556],[-41.320208,-21.721957]]},"properties":{"nome":"F6","tipo":"distribuicao","bairro":"S\u00c3O JOS\u00c9"}},{"type":"Feature","geometry":{"type":"LineString","coordinates":[[-41.318055,-21.721286],[-41.318179,-21.720735],[-41.318021,-21.720705]]},"properties":{"nome":"F6","tipo":"distribuicao","bairro":"S\u00c3O JOS\u00c9"}},{"type":"Feature","geometry":{"type":"LineString","coordinates":[[-41.318059,-21.72134],[-41.318109,-21.721521],[-41.318065,-21.721809],[-41.317865,-21.721764]]},"properties":{"nome":"F6","tipo":"distribuicao","bairro":"S\u00c3O JOS\u00c9"}},{"type":"Feature","geometry":{"type":"LineString","coordinates":[[-41.318074,-21.721307],[-41.317699,-21.721358],[-41.317378,-21.721258],[-41.317449,-21.721051]]},"properties":{"nome":"F6","tipo":"distribuicao","bairro":"S\u00c3O JOS\u00c9"}},{"type":"Feature","geometry":{"type":"LineString","coordinates":[[-41.318081,-21.721305],[-41.318524,-21.721126],[-41.319761,-21.721474],[-41.319655,-21.721792]]},"properties":{"nome":"F5","tipo":"distribuicao","bairro":"S\u00c3O JOS\u00c9"}},{"type":"Feature","geometry":{"type":"LineString","coordinates":[[-41.318088,-21.721325],[-41.318498,-21.721196],[-41.319003,-21.721343],[-41.31892,-21.721596]]},"properties":{"nome":"F4","tipo":"distribuicao","bairro":"S\u00c3O JOS\u00c9"}},{"type":"Feature","geometry":{"type":"LineString","coordinates":[[-41.318084,-21.721323],[-41.318482,-21.721262],[-41.318662,-21.721314],[-41.318609,-21.721493]]},"properties":{"nome":"F3","tipo":"distribuicao","bairro":"S\u00c3O JOS\u00c9"}},{"type":"Feature","geometry":{"type":"LineString","coordinates":[[-41.343569,-21.728587],[-41.34349,-21.728644],[-41.342671,-21.728295],[-41.342723,-21.728202]]},"properties":{"nome":"F6","tipo":"distribuicao","bairro":"S\u00c3O JOS\u00c9"}},{"type":"Feature","geometry":{"type":"LineString","coordinates":[[-41.343589,-21.728574],[-41.343824,-21.728599],[-41.344369,-21.728824],[-41.344328,-21.728924]]},"properties":{"nome":"F6","tipo":"distribuicao","bairro":"S\u00c3O JOS\u00c9"}},{"type":"Feature","geometry":{"type":"LineString","coordinates":[[-41.343569,-21.728564],[-41.343777,-21.72857],[-41.343871,-21.728367],[-41.343585,-21.728243],[-41.343626,-21.728158]]},"properties":{"nome":"F9","tipo":"distribuicao","bairro":"S\u00c3O JOS\u00c9"}},{"type":"Feature","geometry":{"type":"LineString","coordinates":[[-41.343569,-21.728564],[-41.343748,-21.728541],[-41.343823,-21.728387],[-41.343569,-21.728285]]},"properties":{"nome":"F10","tipo":"distribuicao","bairro":"S\u00c3O JOS\u00c9"}},{"type":"Feature","geometry":{"type":"LineString","coordinates":[[-41.343567,-21.728284],[-41.34287,-21.727982],[-41.342933,-21.727847]]},"properties":{"nome":"F4","tipo":"distribuicao","bairro":"S\u00c3O JOS\u00c9"}},{"type":"Feature","geometry":{"type":"LineString","coordinates":[[-41.343569,-21.728564],[-41.343725,-21.728521],[-41.343778,-21.728407],[-41.34356,-21.728317]]},"properties":{"nome":"F11","tipo":"distribuicao","bairro":"S\u00c3O JOS\u00c9"}},{"type":"Feature","geometry":{"type":"LineString","coordinates":[[-41.343561,-21.72832],[-41.341997,-21.727649],[-41.342078,-21.727478]]},"properties":{"nome":"F5","tipo":"distribuicao","bairro":"S\u00c3O JOS\u00c9"}},{"type":"Feature","geometry":{"type":"LineString","coordinates":[[-41.343569,-21.728564],[-41.343704,-21.728495],[-41.343737,-21.728426],[-41.343553,-21.728356]]},"properties":{"nome":"F12","tipo":"distribuicao","bairro":"S\u00c3O JOS\u00c9"}},{"type":"Feature","geometry":{"type":"LineString","coordinates":[[-41.343556,-21.72836],[-41.341679,-21.727557],[-41.341302,-21.728308],[-41.341212,-21.728275]]},"properties":{"nome":"F6","tipo":"distribuicao","bairro":"S\u00c3O JOS\u00c9"}},{"type":"Feature","geometry":{"type":"LineString","coordinates":[[-41.343578,-21.728587],[-41.343583,-21.728639],[-41.343692,-21.728694],[-41.343602,-21.728853],[-41.343229,-21.728695],[-41.343162,-21.728818]]},"properties":{"nome":"F9","tipo":"distribuicao","bairro":"S\u00c3O JOS\u00c9"}},{"type":"Feature","geometry":{"type":"LineString","coordinates":[[-41.343573,-21.728582],[-41.343565,-21.728656],[-41.343657,-21.728703],[-41.343593,-21.728817],[-41.343243,-21.728662]]},"properties":{"nome":"F10","tipo":"distribuicao","bairro":"S\u00c3O JOS\u00c9"}},{"type":"Feature","geometry":{"type":"LineString","coordinates":[[-41.343244,-21.728665],[-41.342643,-21.728408],[-41.342569,-21.728559]]},"properties":{"nome":"F6","tipo":"distribuicao","bairro":"S\u00c3O JOS\u00c9"}},{"type":"Feature","geometry":{"type":"LineString","coordinates":[[-41.343577,-21.728589],[-41.343608,-21.728635],[-41.343721,-21.728687],[-41.343607,-21.728894],[-41.34329,-21.728755]]},"properties":{"nome":"F12","tipo":"distribuicao","bairro":"S\u00c3O JOS\u00c9"}},{"type":"Feature","geometry":{"type":"LineString","coordinates":[[-41.343289,-21.728757],[-41.343208,-21.72891],[-41.343504,-21.729052],[-41.343394,-21.729264],[-41.342717,-21.72896],[-41.342677,-21.729026]]},"properties":{"nome":"F6","tipo":"distribuicao","bairro":"S\u00c3O JOS\u00c9"}},{"type":"Feature","geometry":{"type":"LineString","coordinates":[[-41.343577,-21.728589],[-41.343623,-21.72863],[-41.343752,-21.728689],[-41.343619,-21.728932],[-41.343304,-21.72879]]},"properties":{"nome":"F11","tipo":"distribuicao","bairro":"S\u00c3O JOS\u00c9"}},{"type":"Feature","geometry":{"type":"LineString","coordinates":[[-41.343307,-21.728795],[-41.343296,-21.728825],[-41.34419,-21.729199],[-41.344166,-21.729263]]},"properties":{"nome":"F6","tipo":"distribuicao","bairro":"S\u00c3O JOS\u00c9"}},{"type":"Feature","geometry":{"type":"LineString","coordinates":[[-41.344629,-21.727766],[-41.344627,-21.727831],[-41.345062,-21.728024],[-41.345088,-21.727969]]},"properties":{"nome":"F4","tipo":"distribuicao","bairro":"S\u00c3O JOS\u00c9"}},{"type":"Feature","geometry":{"type":"LineString","coordinates":[[-41.344629,-21.727766],[-41.344606,-21.727857],[-41.345604,-21.728304],[-41.345654,-21.728219]]},"properties":{"nome":"F5","tipo":"distribuicao","bairro":"S\u00c3O JOS\u00c9"}},{"type":"Feature","geometry":{"type":"LineString","coordinates":[[-41.344629,-21.727766],[-41.344581,-21.727881],[-41.346156,-21.728581],[-41.346218,-21.728462]]},"properties":{"nome":"F6","tipo":"distribuicao","bairro":"S\u00c3O JOS\u00c9"}},{"type":"Feature","geometry":{"type":"LineString","coordinates":[[-41.344648,-21.727771],[-41.344724,-21.727669],[-41.344833,-21.72754],[-41.345186,-21.727699],[-41.34523,-21.727614]]},"properties":{"nome":"F5","tipo":"distribuicao","bairro":"S\u00c3O JOS\u00c9"}},{"type":"Feature","geometry":{"type":"LineString","coordinates":[[-41.344648,-21.727771],[-41.344743,-21.727691],[-41.344846,-21.727584],[-41.346032,-21.728113],[-41.346097,-21.72799]]},"properties":{"nome":"F6","tipo":"distribuicao","bairro":"S\u00c3O JOS\u00c9"}},{"type":"Feature","geometry":{"type":"LineString","coordinates":[[-41.34464,-21.727772],[-41.344545,-21.727814],[-41.343792,-21.727477],[-41.343829,-21.72741]]},"properties":{"nome":"F8","tipo":"distribuicao","bairro":"S\u00c3O JOS\u00c9"}},{"type":"Feature","geometry":{"type":"LineString","coordinates":[[-41.34464,-21.727772],[-41.344534,-21.72784],[-41.343775,-21.727514]]},"properties":{"nome":"F9","tipo":"distribuicao","bairro":"S\u00c3O JOS\u00c9"}},{"type":"Feature","geometry":{"type":"LineString","coordinates":[[-41.34378,-21.727514],[-41.342961,-21.727147],[-41.343008,-21.727049]]},"properties":{"nome":"F5","tipo":"distribuicao","bairro":"S\u00c3O JOS\u00c9"}},{"type":"Feature","geometry":{"type":"LineString","coordinates":[[-41.34464,-21.727772],[-41.344538,-21.727869],[-41.343764,-21.727543]]},"properties":{"nome":"F10","tipo":"distribuicao","bairro":"S\u00c3O JOS\u00c9"}},{"type":"Feature","geometry":{"type":"LineString","coordinates":[[-41.343764,-21.727545],[-41.342362,-21.726923],[-41.342428,-21.726784]]},"properties":{"nome":"F6","tipo":"distribuicao","bairro":"S\u00c3O JOS\u00c9"}},{"type":"Feature","geometry":{"type":"LineString","coordinates":[[-41.34462,-21.727776],[-41.344676,-21.727569],[-41.343915,-21.727226]]},"properties":{"nome":"F11","tipo":"distribuicao","bairro":"S\u00c3O JOS\u00c9"}},{"type":"Feature","geometry":{"type":"LineString","coordinates":[[-41.343927,-21.727227],[-41.343114,-21.726859],[-41.343186,-21.7267]]},"properties":{"nome":"F5","tipo":"distribuicao","bairro":"S\u00c3O JOS\u00c9"}},{"type":"Feature","geometry":{"type":"LineString","coordinates":[[-41.34462,-21.727776],[-41.344615,-21.727598],[-41.343898,-21.727271]]},"properties":{"nome":"F12","tipo":"distribuicao","bairro":"S\u00c3O JOS\u00c9"}},{"type":"Feature","geometry":{"type":"LineString","coordinates":[[-41.343894,-21.727272],[-41.342508,-21.726653],[-41.342607,-21.726439]]},"properties":{"nome":"F6","tipo":"distribuicao","bairro":"S\u00c3O JOS\u00c9"}},{"type":"Feature","geometry":{"type":"LineString","coordinates":[[-41.344911,-21.7283],[-41.344948,-21.728525],[-41.346539,-21.729275],[-41.346625,-21.729061]]},"properties":{"nome":"F7","tipo":"distribuicao","bairro":"S\u00c3O JOS\u00c9"}},{"type":"Feature","geometry":{"type":"LineString","coordinates":[[-41.344931,-21.728327],[-41.344998,-21.728446],[-41.345429,-21.728637],[-41.34547,-21.728546]]},"properties":{"nome":"F8","tipo":"distribuicao","bairro":"S\u00c3O JOS\u00c9"}},{"type":"Feature","geometry":{"type":"LineString","coordinates":[[-41.34491,-21.728304],[-41.344987,-21.728474],[-41.345974,-21.728928],[-41.346037,-21.728805]]},"properties":{"nome":"F9","tipo":"distribuicao","bairro":"S\u00c3O JOS\u00c9"}},{"type":"Feature","geometry":{"type":"LineString","coordinates":[[-41.344911,-21.7283],[-41.34497,-21.7285],[-41.346528,-21.72922],[-41.346607,-21.729064]]},"properties":{"nome":"F10","tipo":"distribuicao","bairro":"S\u00c3O JOS\u00c9"}},{"type":"Feature","geometry":{"type":"LineString","coordinates":[[-41.34491,-21.728304],[-41.344921,-21.728548],[-41.346524,-21.729303]]},"properties":{"nome":"F11","tipo":"distribuicao","bairro":"S\u00c3O JOS\u00c9"}},{"type":"Feature","geometry":{"type":"LineString","coordinates":[[-41.346521,-21.729304],[-41.346737,-21.729268],[-41.347043,-21.728509],[-41.346875,-21.728436]]},"properties":{"nome":"F6","tipo":"distribuicao","bairro":"S\u00c3O JOS\u00c9"}},{"type":"Feature","geometry":{"type":"LineString","coordinates":[[-41.344903,-21.7283],[-41.344909,-21.728577],[-41.346512,-21.729337]]},"properties":{"nome":"F12","tipo":"distribuicao","bairro":"S\u00c3O JOS\u00c9"}},{"type":"Feature","geometry":{"type":"LineString","coordinates":[[-41.346507,-21.729335],[-41.347178,-21.72935],[-41.347465,-21.728603],[-41.347347,-21.728562]]},"properties":{"nome":"F6","tipo":"distribuicao","bairro":"S\u00c3O JOS\u00c9"}},{"type":"Feature","geometry":{"type":"LineString","coordinates":[[-41.34491,-21.728306],[-41.344847,-21.728367],[-41.34438,-21.728153],[-41.3444,-21.728069]]},"properties":{"nome":"F8","tipo":"distribuicao","bairro":"S\u00c3O JOS\u00c9"}},{"type":"Feature","geometry":{"type":"LineString","coordinates":[[-41.34491,-21.728306],[-41.344843,-21.728395],[-41.344367,-21.728183]]},"properties":{"nome":"F11","tipo":"distribuicao","bairro":"S\u00c3O JOS\u00c9"}},{"type":"Feature","geometry":{"type":"LineString","coordinates":[[-41.344368,-21.728184],[-41.343336,-21.727716],[-41.34339,-21.727631]]},"properties":{"nome":"F5","tipo":"distribuicao","bairro":"S\u00c3O JOS\u00c9"}},{"type":"Feature","geometry":{"type":"LineString","coordinates":[[-41.34491,-21.728306],[-41.344832,-21.728421],[-41.344357,-21.728212]]},"properties":{"nome":"F12","tipo":"distribuicao","bairro":"S\u00c3O JOS\u00c9"}},{"type":"Feature","geometry":{"type":"LineString","coordinates":[[-41.344359,-21.728213],[-41.342485,-21.727379],[-41.342537,-21.727255]]},"properties":{"nome":"F6","tipo":"distribuicao","bairro":"S\u00c3O JOS\u00c9"}},{"type":"Feature","geometry":{"type":"LineString","coordinates":[[-41.34491,-21.728306],[-41.344824,-21.728456],[-41.344343,-21.728247]]},"properties":{"nome":"F9","tipo":"distribuicao","bairro":"S\u00c3O JOS\u00c9"}},{"type":"Feature","geometry":{"type":"LineString","coordinates":[[-41.34491,-21.728306],[-41.344824,-21.728482],[-41.344332,-21.728274]]},"properties":{"nome":"F7","tipo":"distribuicao","bairro":"S\u00c3O JOS\u00c9"}},{"type":"Feature","geometry":{"type":"LineString","coordinates":[[-41.344344,-21.728248],[-41.344154,-21.728164],[-41.344092,-21.728292],[-41.344268,-21.72837],[-41.344243,-21.728418]]},"properties":{"nome":"F5","tipo":"distribuicao","bairro":"S\u00c3O JOS\u00c9"}},{"type":"Feature","geometry":{"type":"LineString","coordinates":[[-41.34491,-21.728306],[-41.344827,-21.728513],[-41.344321,-21.728298]]},"properties":{"nome":"F10","tipo":"distribuicao","bairro":"S\u00c3O JOS\u00c9"}},{"type":"Feature","geometry":{"type":"LineString","coordinates":[[-41.344321,-21.7283],[-41.344225,-21.728255],[-41.34421,-21.728282],[-41.344831,-21.728554],[-41.344885,-21.728704]]},"properties":{"nome":"F6","tipo":"distribuicao","bairro":"S\u00c3O JOS\u00c9"}},{"type":"Feature","geometry":{"type":"LineString","coordinates":[[-41.344333,-21.728275],[-41.344172,-21.728201],[-41.344133,-21.728276],[-41.344335,-21.728367],[-41.344242,-21.728422]]},"properties":{"nome":"F4","tipo":"distribuicao","bairro":"S\u00c3O JOS\u00c9"}},{"type":"Feature","geometry":{"type":"LineString","coordinates":[[-41.339034,-21.726478],[-41.338933,-21.726408],[-41.338185,-21.727304]]},"properties":{"nome":"F1","tipo":"distribuicao","bairro":"S\u00c3O JOS\u00c9"}},{"type":"Feature","geometry":{"type":"LineString","coordinates":[[-41.339037,-21.726472],[-41.338951,-21.726313],[-41.338182,-21.727239]]},"properties":{"nome":"F5","tipo":"distribuicao","bairro":"S\u00c3O JOS\u00c9"}},{"type":"Feature","geometry":{"type":"LineString","coordinates":[[-41.337961,-21.727039],[-41.33768,-21.72744],[-41.338032,-21.727787],[-41.336884,-21.728589],[-41.337002,-21.728728]]},"properties":{"nome":"F4","tipo":"distribuicao","bairro":"S\u00c3O JOS\u00c9"}},{"type":"Feature","geometry":{"type":"LineString","coordinates":[[-41.337965,-21.727039],[-41.337839,-21.727315],[-41.338207,-21.727674],[-41.339008,-21.726799],[-41.339168,-21.726967]]},"properties":{"nome":"F3","tipo":"distribuicao","bairro":"S\u00c3O JOS\u00c9"}},{"type":"Feature","geometry":{"type":"LineString","coordinates":[[-41.339161,-21.726961],[-41.339002,-21.726888],[-41.338201,-21.727739]]},"properties":{"nome":"F6","tipo":"distribuicao","bairro":"S\u00c3O JOS\u00c9"}},{"type":"Feature","geometry":{"type":"LineString","coordinates":[[-41.338235,-21.72791],[-41.338169,-21.727835],[-41.338161,-21.727772],[-41.337964,-21.727577]]},"properties":{"nome":"F1","tipo":"distribuicao","bairro":"S\u00c3O JOS\u00c9"}},{"type":"Feature","geometry":{"type":"LineString","coordinates":[[-41.338844,-21.726027],[-41.3389,-21.726143],[-41.338221,-21.726921],[-41.337971,-21.727037]]},"properties":{"nome":"F5","tipo":"distribuicao","bairro":"S\u00c3O JOS\u00c9"}},{"type":"Feature","geometry":{"type":"LineString","coordinates":[[-41.338844,-21.726027],[-41.33898,-21.726123],[-41.338255,-21.726951],[-41.337971,-21.727037]]},"properties":{"nome":"F6","tipo":"distribuicao","bairro":"S\u00c3O JOS\u00c9"}},{"type":"Feature","geometry":{"type":"LineString","coordinates":[[-41.337004,-21.728721],[-41.336972,-21.728579],[-41.338102,-21.727793]]},"properties":{"nome":"F6","tipo":"distribuicao","bairro":"S\u00c3O JOS\u00c9"}},{"type":"Feature","geometry":{"type":"LineString","coordinates":[[-41.337964,-21.72704],[-41.337979,-21.727113],[-41.338188,-21.727303]]},"properties":{"nome":"F10","tipo":"distribuicao","bairro":"S\u00c3O JOS\u00c9"}},{"type":"Feature","geometry":{"type":"LineString","coordinates":[[-41.337968,-21.727037],[-41.337928,-21.727186],[-41.338197,-21.727436]]},"properties":{"nome":"F9","tipo":"distribuicao","bairro":"S\u00c3O JOS\u00c9"}},{"type":"Feature","geometry":{"type":"LineString","coordinates":[[-41.337958,-21.727043],[-41.337807,-21.727354],[-41.338,-21.727544]]},"properties":{"nome":"F11","tipo":"distribuicao","bairro":"S\u00c3O JOS\u00c9"}},{"type":"Feature","geometry":{"type":"LineString","coordinates":[[-41.337964,-21.727036],[-41.337763,-21.727385],[-41.337964,-21.727579]]},"properties":{"nome":"F8","tipo":"distribuicao","bairro":"S\u00c3O JOS\u00c9"}},{"type":"Feature","geometry":{"type":"LineString","coordinates":[[-41.337966,-21.727035],[-41.33772,-21.727415],[-41.337919,-21.727609]]},"properties":{"nome":"F12","tipo":"distribuicao","bairro":"S\u00c3O JOS\u00c9"}},{"type":"Feature","geometry":{"type":"LineString","coordinates":[[-41.337999,-21.727543],[-41.3382,-21.72774]]},"properties":{"nome":"F2","tipo":"distribuicao","bairro":"S\u00c3O JOS\u00c9"}},{"type":"Feature","geometry":{"type":"LineString","coordinates":[[-41.337919,-21.727607],[-41.338102,-21.727793]]},"properties":{"nome":"F5","tipo":"distribuicao","bairro":"S\u00c3O JOS\u00c9"}},{"type":"Feature","geometry":{"type":"LineString","coordinates":[[-41.337974,-21.72705],[-41.33818,-21.727243]]},"properties":{"nome":"F7","tipo":"distribuicao","bairro":"S\u00c3O JOS\u00c9"}},{"type":"Feature","geometry":{"type":"LineString","coordinates":[[-41.337967,-21.727038],[-41.337968,-21.727167],[-41.33818,-21.727356],[-41.338199,-21.727436]]},"properties":{"nome":"F6","tipo":"distribuicao","bairro":"S\u00c3O JOS\u00c9"}},{"type":"Feature","geometry":{"type":"LineString","coordinates":[[-41.335014,-21.714917],[-41.335373,-21.714997],[-41.334575,-21.718178],[-41.334909,-21.718581]]},"properties":{"nome":"F6","tipo":"distribuicao","bairro":"S\u00c3O JOS\u00c9"}},{"type":"Feature","geometry":{"type":"LineString","coordinates":[[-41.335014,-21.714917],[-41.335277,-21.715102],[-41.33451,-21.71816],[-41.334898,-21.718585]]},"properties":{"nome":"F3","tipo":"distribuicao","bairro":"S\u00c3O JOS\u00c9"}},{"type":"Feature","geometry":{"type":"LineString","coordinates":[[-41.33615,-21.715318],[-41.336464,-21.715366],[-41.33603,-21.717121],[-41.335407,-21.717469],[-41.335148,-21.718445],[-41.334909,-21.718581]]},"properties":{"nome":"F6","tipo":"distribuicao","bairro":"S\u00c3O JOS\u00c9"}},{"type":"Feature","geometry":{"type":"LineString","coordinates":[[-41.335715,-21.714833],[-41.335478,-21.714854],[-41.334636,-21.718195],[-41.334905,-21.71857]]},"properties":{"nome":"F1","tipo":"distribuicao","bairro":"S\u00c3O JOS\u00c9"}},{"type":"Feature","geometry":{"type":"LineString","coordinates":[[-41.335715,-21.714833],[-41.335526,-21.714947],[-41.334693,-21.718251],[-41.334905,-21.71857]]},"properties":{"nome":"F5","tipo":"distribuicao","bairro":"S\u00c3O JOS\u00c9"}},{"type":"Feature","geometry":{"type":"LineString","coordinates":[[-41.335948,-21.716586],[-41.336082,-21.716608],[-41.335966,-21.717071],[-41.335351,-21.717401],[-41.335086,-21.718417],[-41.33492,-21.71857]]},"properties":{"nome":"F5","tipo":"distribuicao","bairro":"S\u00c3O JOS\u00c9"}},{"type":"Feature","geometry":{"type":"LineString","coordinates":[[-41.335459,-21.716602],[-41.335216,-21.716646],[-41.334799,-21.718304],[-41.33492,-21.718577]]},"properties":{"nome":"F2","tipo":"distribuicao","bairro":"S\u00c3O JOS\u00c9"}},{"type":"Feature","geometry":{"type":"LineString","coordinates":[[-41.335449,-21.716592],[-41.335162,-21.716588],[-41.334744,-21.718277],[-41.334905,-21.718567]]},"properties":{"nome":"F4","tipo":"distribuicao","bairro":"S\u00c3O JOS\u00c9"}},{"type":"Feature","geometry":{"type":"LineString","coordinates":[[-41.334917,-21.71859],[-41.335035,-21.718761],[-41.334954,-21.719085],[-41.335108,-21.719276],[-41.335295,-21.718528],[-41.335405,-21.718485]]},"properties":{"nome":"F5","tipo":"distribuicao","bairro":"S\u00c3O JOS\u00c9"}},{"type":"Feature","geometry":{"type":"LineString","coordinates":[[-41.334917,-21.71859],[-41.335088,-21.718752],[-41.335005,-21.719067],[-41.335084,-21.719168],[-41.33526,-21.718457],[-41.335405,-21.718485]]},"properties":{"nome":"F6","tipo":"distribuicao","bairro":"S\u00c3O JOS\u00c9"}},{"type":"Feature","geometry":{"type":"LineString","coordinates":[[-41.334903,-21.718567],[-41.334499,-21.719035],[-41.336537,-21.721353],[-41.336816,-21.721261]]},"properties":{"nome":"F5","tipo":"distribuicao","bairro":"S\u00c3O JOS\u00c9"}},{"type":"Feature","geometry":{"type":"LineString","coordinates":[[-41.334903,-21.718567],[-41.3344,-21.719039],[-41.336527,-21.721456],[-41.336816,-21.721261]]},"properties":{"nome":"F6","tipo":"distribuicao","bairro":"S\u00c3O JOS\u00c9"}},{"type":"Feature","geometry":{"type":"LineString","coordinates":[[-41.323854,-21.718351],[-41.32427,-21.718632],[-41.324332,-21.71905],[-41.324544,-21.719581],[-41.325356,-21.720137],[-41.325295,-21.720287]]},"properties":{"nome":"F6","tipo":"distribuicao","bairro":"S\u00c3O JOS\u00c9"}},{"type":"Feature","geometry":{"type":"LineString","coordinates":[[-41.323864,-21.718396],[-41.324185,-21.718651],[-41.324243,-21.719069],[-41.324473,-21.719632],[-41.324749,-21.719851],[-41.324578,-21.7201]]},"properties":{"nome":"F5","tipo":"distribuicao","bairro":"S\u00c3O JOS\u00c9"}},{"type":"Feature","geometry":{"type":"LineString","coordinates":[[-41.323814,-21.718387],[-41.324097,-21.718674],[-41.324173,-21.71912],[-41.324385,-21.719657],[-41.324106,-21.719764]]},"properties":{"nome":"F4","tipo":"distribuicao","bairro":"S\u00c3O JOS\u00c9"}},{"type":"Feature","geometry":{"type":"LineString","coordinates":[[-41.323821,-21.718405],[-41.324018,-21.718696],[-41.324073,-21.719064],[-41.323884,-21.719078]]},"properties":{"nome":"F3","tipo":"distribuicao","bairro":"S\u00c3O JOS\u00c9"}},{"type":"Feature","geometry":{"type":"LineString","coordinates":[[-41.323835,-21.718383],[-41.323583,-21.718174],[-41.323476,-21.717201],[-41.323664,-21.717177]]},"properties":{"nome":"F6","tipo":"distribuicao","bairro":"S\u00c3O JOS\u00c9"}},{"type":"Feature","geometry":{"type":"LineString","coordinates":[[-41.323823,-21.71837],[-41.323514,-21.7182],[-41.323378,-21.71703],[-41.323903,-21.716984],[-41.323956,-21.717398]]},"properties":{"nome":"F6","tipo":"distribuicao","bairro":"S\u00c3O JOS\u00c9"}},{"type":"Feature","geometry":{"type":"LineString","coordinates":[[-41.323831,-21.718374],[-41.323666,-21.718173],[-41.323611,-21.717716],[-41.323773,-21.717692]]},"properties":{"nome":"F4","tipo":"distribuicao","bairro":"S\u00c3O JOS\u00c9"}},{"type":"Feature","geometry":{"type":"LineString","coordinates":[[-41.322801,-21.718859],[-41.32312,-21.718425],[-41.322984,-21.717299],[-41.322628,-21.717325]]},"properties":{"nome":"F12","tipo":"distribuicao","bairro":"S\u00c3O JOS\u00c9"}},{"type":"Feature","geometry":{"type":"LineString","coordinates":[[-41.322798,-21.718859],[-41.322345,-21.719275],[-41.322512,-21.720533],[-41.322944,-21.720483]]},"properties":{"nome":"F6","tipo":"distribuicao","bairro":"S\u00c3O JOS\u00c9"}},{"type":"Feature","geometry":{"type":"LineString","coordinates":[[-41.322797,-21.718859],[-41.322467,-21.71929],[-41.322504,-21.719618],[-41.32285,-21.719585]]},"properties":{"nome":"F5","tipo":"distribuicao","bairro":"S\u00c3O JOS\u00c9"}},{"type":"Feature","geometry":{"type":"LineString","coordinates":[[-41.322796,-21.718856],[-41.322981,-21.718424],[-41.322951,-21.718111],[-41.322719,-21.718131]]},"properties":{"nome":"F5","tipo":"distribuicao","bairro":"S\u00c3O JOS\u00c9"}},{"type":"Feature","geometry":{"type":"LineString","coordinates":[[-41.322799,-21.718856],[-41.32297,-21.719005],[-41.323319,-21.718966],[-41.323284,-21.718689]]},"properties":{"nome":"F12","tipo":"distribuicao","bairro":"S\u00c3O JOS\u00c9"}},{"type":"Feature","geometry":{"type":"LineString","coordinates":[[-41.322796,-21.718858],[-41.322586,-21.718578],[-41.322152,-21.718621],[-41.32217,-21.718806]]},"properties":{"nome":"F12","tipo":"distribuicao","bairro":"S\u00c3O JOS\u00c9"}},{"type":"Feature","geometry":{"type":"LineString","coordinates":[[-41.321602,-21.718976],[-41.321861,-21.718707],[-41.321664,-21.717105],[-41.321363,-21.717147]]},"properties":{"nome":"F6","tipo":"distribuicao","bairro":"S\u00c3O JOS\u00c9"}},{"type":"Feature","geometry":{"type":"LineString","coordinates":[[-41.321605,-21.718968],[-41.321926,-21.71923],[-41.322105,-21.720718],[-41.321814,-21.720757]]},"properties":{"nome":"F6","tipo":"distribuicao","bairro":"S\u00c3O JOS\u00c9"}},{"type":"Feature","geometry":{"type":"LineString","coordinates":[[-41.321597,-21.718975],[-41.321835,-21.719199],[-41.321973,-21.720308],[-41.321755,-21.72033]]},"properties":{"nome":"F5","tipo":"distribuicao","bairro":"S\u00c3O JOS\u00c9"}},{"type":"Feature","geometry":{"type":"LineString","coordinates":[[-41.321602,-21.718979],[-41.321783,-21.718722],[-41.321651,-21.717614],[-41.321426,-21.717641]]},"properties":{"nome":"F5","tipo":"distribuicao","bairro":"S\u00c3O JOS\u00c9"}},{"type":"Feature","geometry":{"type":"LineString","coordinates":[[-41.3216,-21.718975],[-41.321707,-21.718723],[-41.321685,-21.71849],[-41.321542,-21.718512]]},"properties":{"nome":"F4","tipo":"distribuicao","bairro":"S\u00c3O JOS\u00c9"}},{"type":"Feature","geometry":{"type":"LineString","coordinates":[[-41.321593,-21.718979],[-41.321755,-21.719185],[-41.321821,-21.719681],[-41.321688,-21.719698]]},"properties":{"nome":"F4","tipo":"distribuicao","bairro":"S\u00c3O JOS\u00c9"}},{"type":"Feature","geometry":{"type":"LineString","coordinates":[[-41.320472,-21.719095],[-41.320152,-21.719373],[-41.320299,-21.720525],[-41.320665,-21.720476]]},"properties":{"nome":"F6","tipo":"distribuicao","bairro":"S\u00c3O JOS\u00c9"}},{"type":"Feature","geometry":{"type":"LineString","coordinates":[[-41.320487,-21.719104],[-41.320753,-21.719222],[-41.321057,-21.71918],[-41.321028,-21.718925]]},"properties":{"nome":"F6","tipo":"distribuicao","bairro":"S\u00c3O JOS\u00c9"}},{"type":"Feature","geometry":{"type":"LineString","coordinates":[[-41.320499,-21.719138],[-41.32076,-21.71871],[-41.320602,-21.717609],[-41.320303,-21.71765]]},"properties":{"nome":"F6","tipo":"distribuicao","bairro":"S\u00c3O JOS\u00c9"}},{"type":"Feature","geometry":{"type":"LineString","coordinates":[[-41.320492,-21.719127],[-41.320662,-21.718733],[-41.320619,-21.718419],[-41.320418,-21.718442]]},"properties":{"nome":"F5","tipo":"distribuicao","bairro":"S\u00c3O JOS\u00c9"}},{"type":"Feature","geometry":{"type":"LineString","coordinates":[[-41.320498,-21.719116],[-41.320245,-21.719363],[-41.320341,-21.720147],[-41.320583,-21.720111]]},"properties":{"nome":"F5","tipo":"distribuicao","bairro":"S\u00c3O JOS\u00c9"}},{"type":"Feature","geometry":{"type":"LineString","coordinates":[[-41.32048,-21.719126],[-41.320333,-21.719388],[-41.320357,-21.719516],[-41.320544,-21.719483]]},"properties":{"nome":"F4","tipo":"distribuicao","bairro":"S\u00c3O JOS\u00c9"}},{"type":"Feature","geometry":{"type":"LineString","coordinates":[[-41.320499,-21.719133],[-41.320341,-21.719115],[-41.319809,-21.719194],[-41.31979,-21.719062]]},"properties":{"nome":"F12","tipo":"distribuicao","bairro":"S\u00c3O JOS\u00c9"}},{"type":"Feature","geometry":{"type":"LineString","coordinates":[[-41.319373,-21.719044],[-41.318899,-21.718872],[-41.318752,-21.717888],[-41.318655,-21.717668]]},"properties":{"nome":"F6","tipo":"distribuicao","bairro":"S\u00c3O JOS\u00c9"}},{"type":"Feature","geometry":{"type":"LineString","coordinates":[[-41.319344,-21.719016],[-41.318981,-21.718862],[-41.318823,-21.717873],[-41.319182,-21.717558]]},"properties":{"nome":"F5","tipo":"distribuicao","bairro":"S\u00c3O JOS\u00c9"}},{"type":"Feature","geometry":{"type":"LineString","coordinates":[[-41.31938,-21.719049],[-41.319058,-21.718865],[-41.3189,-21.717873],[-41.319313,-21.71783]]},"properties":{"nome":"F4","tipo":"distribuicao","bairro":"S\u00c3O JOS\u00c9"}},{"type":"Feature","geometry":{"type":"LineString","coordinates":[[-41.319313,-21.717827],[-41.319718,-21.717775],[-41.319742,-21.71792]]},"properties":{"nome":"F6","tipo":"distribuicao","bairro":"S\u00c3O JOS\u00c9"}},{"type":"Feature","geometry":{"type":"LineString","coordinates":[[-41.319383,-21.719046],[-41.319122,-21.71887],[-41.31901,-21.718114],[-41.319262,-21.71808]]},"properties":{"nome":"F3","tipo":"distribuicao","bairro":"S\u00c3O JOS\u00c9"}},{"type":"Feature","geometry":{"type":"LineString","coordinates":[[-41.319384,-21.719055],[-41.319185,-21.718866],[-41.319155,-21.718674],[-41.319331,-21.718672]]},"properties":{"nome":"F2","tipo":"distribuicao","bairro":"S\u00c3O JOS\u00c9"}},{"type":"Feature","geometry":{"type":"LineString","coordinates":[[-41.319335,-21.719036],[-41.319656,-21.719332],[-41.319774,-21.720279],[-41.319546,-21.720316]]},"properties":{"nome":"F12","tipo":"distribuicao","bairro":"S\u00c3O JOS\u00c9"}},{"type":"Feature","geometry":{"type":"LineString","coordinates":[[-41.319379,-21.719043],[-41.319585,-21.719352],[-41.319635,-21.719686],[-41.319441,-21.719697]]},"properties":{"nome":"F11","tipo":"distribuicao","bairro":"S\u00c3O JOS\u00c9"}},{"type":"Feature","geometry":{"type":"LineString","coordinates":[[-41.318109,-21.720079],[-41.31813,-21.719955],[-41.317831,-21.717924],[-41.31811,-21.717886]]},"properties":{"nome":"F6","tipo":"distribuicao","bairro":"S\u00c3O JOS\u00c9"}},{"type":"Feature","geometry":{"type":"LineString","coordinates":[[-41.318117,-21.720082],[-41.318181,-21.719955],[-41.317985,-21.718611],[-41.318212,-21.71859]]},"properties":{"nome":"F5","tipo":"distribuicao","bairro":"S\u00c3O JOS\u00c9"}},{"type":"Feature","geometry":{"type":"LineString","coordinates":[[-41.318098,-21.720085],[-41.318231,-21.719968],[-41.318136,-21.719338],[-41.318295,-21.719321]]},"properties":{"nome":"F4","tipo":"distribuicao","bairro":"S\u00c3O JOS\u00c9"}},{"type":"Feature","geometry":{"type":"LineString","coordinates":[[-41.318123,-21.720072],[-41.318289,-21.719981],[-41.318273,-21.719858],[-41.318361,-21.71984]]},"properties":{"nome":"F3","tipo":"distribuicao","bairro":"S\u00c3O JOS\u00c9"}},{"type":"Feature","geometry":{"type":"LineString","coordinates":[[-41.318124,-21.720067],[-41.317939,-21.719744],[-41.317399,-21.719582],[-41.317321,-21.719041],[-41.317151,-21.719064]]},"properties":{"nome":"F6","tipo":"distribuicao","bairro":"S\u00c3O JOS\u00c9"}},{"type":"Feature","geometry":{"type":"LineString","coordinates":[[-41.318113,-21.720071],[-41.31792,-21.719808],[-41.3174,-21.71965],[-41.317251,-21.719752]]},"properties":{"nome":"F5","tipo":"distribuicao","bairro":"S\u00c3O JOS\u00c9"}},{"type":"Feature","geometry":{"type":"LineString","coordinates":[[-41.318111,-21.720078],[-41.3179,-21.719872],[-41.317698,-21.719808],[-41.317657,-21.719948]]},"properties":{"nome":"F5","tipo":"distribuicao","bairro":"S\u00c3O JOS\u00c9"}},{"type":"Feature","geometry":{"type":"LineString","coordinates":[[-41.316194,-21.71958],[-41.316457,-21.719836],[-41.316686,-21.719902],[-41.316768,-21.719779]]},"properties":{"nome":"F6","tipo":"distribuicao","bairro":"S\u00c3O JOS\u00c9"}},{"type":"Feature","geometry":{"type":"LineString","coordinates":[[-41.316192,-21.719589],[-41.315799,-21.719625],[-41.315502,-21.719533],[-41.315549,-21.719404]]},"properties":{"nome":"F6","tipo":"distribuicao","bairro":"S\u00c3O JOS\u00c9"}},{"type":"Feature","geometry":{"type":"LineString","coordinates":[[-41.316185,-21.719584],[-41.316215,-21.719839],[-41.316171,-21.71995],[-41.315976,-21.719883]]},"properties":{"nome":"F6","tipo":"distribuicao","bairro":"S\u00c3O JOS\u00c9"}},{"type":"Feature","geometry":{"type":"LineString","coordinates":[[-41.316192,-21.719558],[-41.316416,-21.71937],[-41.316259,-21.718171],[-41.315929,-21.718215]]},"properties":{"nome":"F6","tipo":"distribuicao","bairro":"S\u00c3O JOS\u00c9"}},{"type":"Feature","geometry":{"type":"LineString","coordinates":[[-41.316181,-21.719585],[-41.316335,-21.719334],[-41.316195,-21.71838],[-41.315957,-21.71841]]},"properties":{"nome":"F5","tipo":"distribuicao","bairro":"S\u00c3O JOS\u00c9"}},{"type":"Feature","geometry":{"type":"LineString","coordinates":[[-41.316194,-21.71958],[-41.316263,-21.71933],[-41.316222,-21.719052],[-41.316056,-21.719076]]},"properties":{"nome":"F4","tipo":"distribuicao","bairro":"S\u00c3O JOS\u00c9"}},{"type":"Feature","geometry":{"type":"LineString","coordinates":[[-41.315041,-21.719241],[-41.315316,-21.719773],[-41.317187,-21.720378],[-41.317006,-21.720979]]},"properties":{"nome":"F6","tipo":"distribuicao","bairro":"S\u00c3O JOS\u00c9"}},{"type":"Feature","geometry":{"type":"LineString","coordinates":[[-41.315033,-21.719234],[-41.315204,-21.72],[-41.316258,-21.720335],[-41.316142,-21.720736]]},"properties":{"nome":"F5","tipo":"distribuicao","bairro":"S\u00c3O JOS\u00c9"}},{"type":"Feature","geometry":{"type":"LineString","coordinates":[[-41.315035,-21.719249],[-41.314393,-21.719311],[-41.313373,-21.719029],[-41.313485,-21.718735]]},"properties":{"nome":"F6","tipo":"distribuicao","bairro":"S\u00c3O JOS\u00c9"}},{"type":"Feature","geometry":{"type":"LineString","coordinates":[[-41.315043,-21.71923],[-41.314955,-21.719682],[-41.31482,-21.719637]]},"properties":{"nome":"F3","tipo":"distribuicao","bairro":"S\u00c3O JOS\u00c9"}},{"type":"Feature","geometry":{"type":"LineString","coordinates":[[-41.315038,-21.719237],[-41.315103,-21.72015],[-41.315256,-21.720201],[-41.315195,-21.720413]]},"properties":{"nome":"F4","tipo":"distribuicao","bairro":"S\u00c3O JOS\u00c9"}},{"type":"Feature","geometry":{"type":"LineString","coordinates":[[-41.315026,-21.719252],[-41.314393,-21.71923],[-41.314188,-21.719174],[-41.314256,-21.719003]]},"properties":{"nome":"F5","tipo":"distribuicao","bairro":"S\u00c3O JOS\u00c9"}},{"type":"Feature","geometry":{"type":"LineString","coordinates":[[-41.317748,-21.717568],[-41.31779,-21.717769],[-41.316073,-21.718076]]},"properties":{"nome":"F6","tipo":"distribuicao","bairro":"S\u00c3O JOS\u00c9"}},{"type":"Feature","geometry":{"type":"LineString","coordinates":[[-41.317017,-21.718104],[-41.316868,-21.718129],[-41.316853,-21.717991],[-41.316084,-21.718132]]},"properties":{"nome":"F4","tipo":"distribuicao","bairro":"S\u00c3O JOS\u00c9"}},{"type":"Feature","geometry":{"type":"LineString","coordinates":[[-41.31706,-21.718409],[-41.316845,-21.71844],[-41.316788,-21.718067],[-41.316107,-21.718194]]},"properties":{"nome":"F5","tipo":"distribuicao","bairro":"S\u00c3O JOS\u00c9"}},{"type":"Feature","geometry":{"type":"LineString","coordinates":[[-41.317047,-21.718411],[-41.316792,-21.718522],[-41.316732,-21.71815],[-41.315404,-21.718379],[-41.315444,-21.718806],[-41.315034,-21.719238]]},"properties":{"nome":"F2","tipo":"distribuicao","bairro":"S\u00c3O JOS\u00c9"}},{"type":"Feature","geometry":{"type":"LineString","coordinates":[[-41.316819,-21.717729],[-41.316845,-21.717884],[-41.31606,-21.71802]]},"properties":{"nome":"F3","tipo":"distribuicao","bairro":"S\u00c3O JOS\u00c9"}},{"type":"Feature","geometry":{"type":"LineString","coordinates":[[-41.315042,-21.719232],[-41.314985,-21.718803],[-41.314922,-21.718416],[-41.314758,-21.718445]]},"properties":{"nome":"F5","tipo":"distribuicao","bairro":"S\u00c3O JOS\u00c9"}},{"type":"Feature","geometry":{"type":"LineString","coordinates":[[-41.315037,-21.719233],[-41.315043,-21.718807],[-41.314948,-21.718173],[-41.314751,-21.718203]]},"properties":{"nome":"F6","tipo":"distribuicao","bairro":"S\u00c3O JOS\u00c9"}},{"type":"Feature","geometry":{"type":"LineString","coordinates":[[-41.315037,-21.719241],[-41.315094,-21.718809],[-41.315009,-21.718109],[-41.315381,-21.718037],[-41.315366,-21.717963]]},"properties":{"nome":"F7","tipo":"distribuicao","bairro":"S\u00c3O JOS\u00c9"}},{"type":"Feature","geometry":{"type":"LineString","coordinates":[[-41.315046,-21.719229],[-41.315149,-21.71881],[-41.315062,-21.718146],[-41.316116,-21.717953],[-41.316102,-21.717849]]},"properties":{"nome":"F8","tipo":"distribuicao","bairro":"S\u00c3O JOS\u00c9"}},{"type":"Feature","geometry":{"type":"LineString","coordinates":[[-41.315038,-21.719237],[-41.315209,-21.718808],[-41.315124,-21.718196],[-41.316069,-21.718019]]},"properties":{"nome":"F9","tipo":"distribuicao","bairro":"S\u00c3O JOS\u00c9"}},{"type":"Feature","geometry":{"type":"LineString","coordinates":[[-41.315038,-21.719237],[-41.31531,-21.718808],[-41.315259,-21.718287],[-41.31609,-21.718131]]},"properties":{"nome":"F10","tipo":"distribuicao","bairro":"S\u00c3O JOS\u00c9"}},{"type":"Feature","geometry":{"type":"LineString","coordinates":[[-41.31504,-21.719235],[-41.315377,-21.718805],[-41.315333,-21.71833],[-41.316116,-21.718192]]},"properties":{"nome":"F11","tipo":"distribuicao","bairro":"S\u00c3O JOS\u00c9"}},{"type":"Feature","geometry":{"type":"LineString","coordinates":[[-41.315037,-21.719229],[-41.315259,-21.718811],[-41.315186,-21.718239],[-41.316073,-21.718072]]},"properties":{"nome":"F12","tipo":"distribuicao","bairro":"S\u00c3O JOS\u00c9"}},{"type":"Feature","geometry":{"type":"LineString","coordinates":[[-41.316205,-21.71669],[-41.316581,-21.716903],[-41.317336,-21.71674],[-41.317449,-21.717086],[-41.317656,-21.71703]]},"properties":{"nome":"F12","tipo":"distribuicao","bairro":"S\u00c3O JOS\u00c9"}},{"type":"Feature","geometry":{"type":"LineString","coordinates":[[-41.3162,-21.71668],[-41.316574,-21.716832],[-41.317361,-21.716664],[-41.317409,-21.716505]]},"properties":{"nome":"F11","tipo":"distribuicao","bairro":"S\u00c3O JOS\u00c9"}},{"type":"Feature","geometry":{"type":"LineString","coordinates":[[-41.316198,-21.716686],[-41.31659,-21.716766],[-41.316808,-21.71672],[-41.316778,-21.716581]]},"properties":{"nome":"F10","tipo":"distribuicao","bairro":"S\u00c3O JOS\u00c9"}},{"type":"Feature","geometry":{"type":"LineString","coordinates":[[-41.316214,-21.71669],[-41.316025,-21.716842],[-41.315773,-21.716897],[-41.315667,-21.716788]]},"properties":{"nome":"F11","tipo":"distribuicao","bairro":"S\u00c3O JOS\u00c9"}},{"type":"Feature","geometry":{"type":"LineString","coordinates":[[-41.316211,-21.716698],[-41.31604,-21.716913],[-41.315787,-21.71696]]},"properties":{"nome":"F12","tipo":"distribuicao","bairro":"S\u00c3O JOS\u00c9"}},{"type":"Feature","geometry":{"type":"LineString","coordinates":[[-41.315752,-21.717423],[-41.315863,-21.717407],[-41.31579,-21.716965]]},"properties":{"nome":"F6","tipo":"distribuicao","bairro":"S\u00c3O JOS\u00c9"}},{"type":"Feature","geometry":{"type":"LineString","coordinates":[[-41.313705,-21.715787],[-41.313948,-21.715302],[-41.315125,-21.714843],[-41.315847,-21.716165],[-41.315566,-21.716266]]},"properties":{"nome":"F6","tipo":"distribuicao","bairro":"S\u00c3O JOS\u00c9"}},{"type":"Feature","geometry":{"type":"LineString","coordinates":[[-41.313704,-21.715822],[-41.313434,-21.715643],[-41.312681,-21.715958],[-41.312784,-21.716201]]},"properties":{"nome":"F6","tipo":"distribuicao","bairro":"S\u00c3O JOS\u00c9"}},{"type":"Feature","geometry":{"type":"LineString","coordinates":[[-41.313707,-21.715821],[-41.313482,-21.715731],[-41.313184,-21.715853],[-41.313255,-21.716004]]},"properties":{"nome":"F5","tipo":"distribuicao","bairro":"S\u00c3O JOS\u00c9"}},{"type":"Feature","geometry":{"type":"LineString","coordinates":[[-41.313695,-21.715796],[-41.313969,-21.715371],[-41.315079,-21.714944],[-41.315504,-21.715766],[-41.31537,-21.715829]]},"properties":{"nome":"F5","tipo":"distribuicao","bairro":"S\u00c3O JOS\u00c9"}},{"type":"Feature","geometry":{"type":"LineString","coordinates":[[-41.313696,-21.715789],[-41.313994,-21.715459],[-41.314976,-21.715072],[-41.315094,-21.715286]]},"properties":{"nome":"F4","tipo":"distribuicao","bairro":"S\u00c3O JOS\u00c9"}},{"type":"Feature","geometry":{"type":"LineString","coordinates":[[-41.313709,-21.715781],[-41.314002,-21.715529],[-41.314258,-21.715425],[-41.314321,-21.715559]]},"properties":{"nome":"F3","tipo":"distribuicao","bairro":"S\u00c3O JOS\u00c9"}},{"type":"Feature","geometry":{"type":"LineString","coordinates":[[-41.315975,-21.71571],[-41.316155,-21.715412],[-41.316676,-21.7152]]},"properties":{"nome":"F5","tipo":"distribuicao","bairro":"S\u00c3O JOS\u00c9"}},{"type":"Feature","geometry":{"type":"LineString","coordinates":[[-41.315981,-21.715731],[-41.316128,-21.715346],[-41.316872,-21.715048],[-41.316999,-21.715305]]},"properties":{"nome":"F6","tipo":"distribuicao","bairro":"S\u00c3O JOS\u00c9"}},{"type":"Feature","geometry":{"type":"LineString","coordinates":[[-41.315973,-21.71574],[-41.316193,-21.71547],[-41.316575,-21.715308],[-41.316632,-21.715452]]},"properties":{"nome":"F4","tipo":"distribuicao","bairro":"S\u00c3O JOS\u00c9"}},{"type":"Feature","geometry":{"type":"LineString","coordinates":[[-41.315985,-21.715739],[-41.316154,-21.71579],[-41.316222,-21.715944],[-41.316128,-21.715985]]},"properties":{"nome":"F6","tipo":"distribuicao","bairro":"S\u00c3O JOS\u00c9"}},{"type":"Feature","geometry":{"type":"LineString","coordinates":[[-41.315981,-21.715737],[-41.315751,-21.715685],[-41.315606,-21.715411],[-41.315755,-21.715353]]},"properties":{"nome":"F6","tipo":"distribuicao","bairro":"S\u00c3O JOS\u00c9"}},{"type":"Feature","geometry":{"type":"LineString","coordinates":[[-41.316867,-21.71595],[-41.316982,-21.715896],[-41.316671,-21.715204]]},"properties":{"nome":"F6","tipo":"distribuicao","bairro":"S\u00c3O JOS\u00c9"}},{"type":"Feature","geometry":{"type":"LineString","coordinates":[[-41.314381,-21.71645],[-41.314297,-21.716875],[-41.313344,-21.717292],[-41.31345,-21.717504]]},"properties":{"nome":"F6","tipo":"distribuicao","bairro":"S\u00c3O JOS\u00c9"}},{"type":"Feature","geometry":{"type":"LineString","coordinates":[[-41.314388,-21.716402],[-41.314371,-21.716923],[-41.314003,-21.71708],[-41.314085,-21.71725]]},"properties":{"nome":"F5","tipo":"distribuicao","bairro":"S\u00c3O JOS\u00c9"}},{"type":"Feature","geometry":{"type":"LineString","coordinates":[[-41.31439,-21.716457],[-41.314442,-21.716911],[-41.314517,-21.71706]]},"properties":{"nome":"F4","tipo":"distribuicao","bairro":"S\u00c3O JOS\u00c9"}},{"type":"Feature","geometry":{"type":"LineString","coordinates":[[-41.314688,-21.71686],[-41.314977,-21.716742],[-41.315038,-21.716868]]},"properties":{"nome":"F6","tipo":"distribuicao","bairro":"S\u00c3O JOS\u00c9"}},{"type":"Feature","geometry":{"type":"LineString","coordinates":[[-41.314387,-21.71645],[-41.314571,-21.716609],[-41.314689,-21.716863]]},"properties":{"nome":"F3","tipo":"distribuicao","bairro":"S\u00c3O JOS\u00c9"}},{"type":"Feature","geometry":{"type":"LineString","coordinates":[[-41.31439,-21.716452],[-41.314102,-21.716746],[-41.313295,-21.717075],[-41.313196,-21.716872]]},"properties":{"nome":"F6","tipo":"distribuicao","bairro":"S\u00c3O JOS\u00c9"}},{"type":"Feature","geometry":{"type":"LineString","coordinates":[[-41.314387,-21.71645],[-41.314713,-21.716431],[-41.315004,-21.716317],[-41.314931,-21.716148]]},"properties":{"nome":"F6","tipo":"distribuicao","bairro":"S\u00c3O JOS\u00c9"}},{"type":"Feature","geometry":{"type":"LineString","coordinates":[[-41.314381,-21.716461],[-41.314059,-21.716675],[-41.313855,-21.71676],[-41.313791,-21.716617]]},"properties":{"nome":"F5","tipo":"distribuicao","bairro":"S\u00c3O JOS\u00c9"}},{"type":"Feature","geometry":{"type":"LineString","coordinates":[[-41.329449,-21.715989],[-41.332119,-21.715557],[-41.332423,-21.718694],[-41.329361,-21.719401],[-41.329216,-21.719003]]},"properties":{"nome":"F12","tipo":"distribuicao","bairro":"S\u00c3O JOS\u00c9"}},{"type":"Feature","geometry":{"type":"LineString","coordinates":[[-41.329423,-21.715995],[-41.331989,-21.715718],[-41.332308,-21.718623],[-41.329962,-21.719179],[-41.329866,-21.718846]]},"properties":{"nome":"F11","tipo":"distribuicao","bairro":"S\u00c3O JOS\u00c9"}},{"type":"Feature","geometry":{"type":"LineString","coordinates":[[-41.329456,-21.716013],[-41.331879,-21.715856],[-41.332191,-21.71856],[-41.330477,-21.718966],[-41.330356,-21.71844]]},"properties":{"nome":"F10","tipo":"distribuicao","bairro":"S\u00c3O JOS\u00c9"}},{"type":"Feature","geometry":{"type":"LineString","coordinates":[[-41.329453,-21.715998],[-41.331749,-21.715966],[-41.332049,-21.718466],[-41.330999,-21.718729],[-41.330889,-21.718021]]},"properties":{"nome":"F9","tipo":"distribuicao","bairro":"S\u00c3O JOS\u00c9"}},{"type":"Feature","geometry":{"type":"LineString","coordinates":[[-41.329395,-21.71602],[-41.331617,-21.716089],[-41.331827,-21.717711],[-41.331305,-21.717771]]},"properties":{"nome":"F8","tipo":"distribuicao","bairro":"S\u00c3O JOS\u00c9"}},{"type":"Feature","geometry":{"type":"LineString","coordinates":[[-41.329438,-21.716029],[-41.331494,-21.71621],[-41.331648,-21.717302],[-41.331456,-21.717331]]},"properties":{"nome":"F7","tipo":"distribuicao","bairro":"S\u00c3O JOS\u00c9"}},{"type":"Feature","geometry":{"type":"LineString","coordinates":[[-41.329444,-21.716001],[-41.330872,-21.716305],[-41.330741,-21.716785]]},"properties":{"nome":"F6","tipo":"distribuicao","bairro":"S\u00c3O JOS\u00c9"}},{"type":"Feature","geometry":{"type":"LineString","coordinates":[[-41.329419,-21.716014],[-41.330349,-21.716262],[-41.330054,-21.716702]]},"properties":{"nome":"F5","tipo":"distribuicao","bairro":"S\u00c3O JOS\u00c9"}},{"type":"Feature","geometry":{"type":"LineString","coordinates":[[-41.329434,-21.716029],[-41.330109,-21.71628],[-41.330104,-21.716414],[-41.329537,-21.716504]]},"properties":{"nome":"F4","tipo":"distribuicao","bairro":"S\u00c3O JOS\u00c9"}},{"type":"Feature","geometry":{"type":"LineString","coordinates":[[-41.32945,-21.716005],[-41.32931,-21.716245],[-41.329193,-21.716386],[-41.329283,-21.716454],[-41.329259,-21.716433]]},"properties":{"nome":"F6","tipo":"distribuicao","bairro":"S\u00c3O JOS\u00c9"}},{"type":"Feature","geometry":{"type":"LineString","coordinates":[[-41.32945,-21.716005],[-41.329269,-21.716221],[-41.329007,-21.716548],[-41.328928,-21.716495],[-41.32909,-21.716286],[-41.329032,-21.716235]]},"properties":{"nome":"F5","tipo":"distribuicao","bairro":"S\u00c3O JOS\u00c9"}},{"type":"Feature","geometry":{"type":"LineString","coordinates":[[-41.329446,-21.715983],[-41.330364,-21.715611],[-41.330449,-21.715234],[-41.330297,-21.714243],[-41.329963,-21.713743],[-41.328178,-21.714901],[-41.328326,-21.715157]]},"properties":{"nome":"F6","tipo":"distribuicao","bairro":"S\u00c3O JOS\u00c9"}},{"type":"Feature","geometry":{"type":"LineString","coordinates":[[-41.32945,-21.71598],[-41.330262,-21.715603],[-41.330342,-21.715209],[-41.330201,-21.714287],[-41.329932,-21.71389],[-41.328867,-21.714567],[-41.329009,-21.714744]]},"properties":{"nome":"F5","tipo":"distribuicao","bairro":"S\u00c3O JOS\u00c9"}},{"type":"Feature","geometry":{"type":"LineString","coordinates":[[-41.329453,-21.715985],[-41.330126,-21.715611],[-41.330221,-21.71522],[-41.3301,-21.714341],[-41.329742,-21.714432]]},"properties":{"nome":"F4","tipo":"distribuicao","bairro":"S\u00c3O JOS\u00c9"}},{"type":"Feature","geometry":{"type":"LineString","coordinates":[[-41.329443,-21.715989],[-41.329997,-21.715595],[-41.330091,-21.715237],[-41.329722,-21.715297]]},"properties":{"nome":"F3","tipo":"distribuicao","bairro":"S\u00c3O JOS\u00c9"}},{"type":"Feature","geometry":{"type":"LineString","coordinates":[[-41.329782,-21.718055],[-41.329672,-21.717743],[-41.330407,-21.716931],[-41.330696,-21.717062]]},"properties":{"nome":"F6","tipo":"distribuicao","bairro":"S\u00c3O JOS\u00c9"}},{"type":"Feature","geometry":{"type":"LineString","coordinates":[[-41.329785,-21.718057],[-41.329725,-21.717792],[-41.330159,-21.717306],[-41.330342,-21.71745]]},"properties":{"nome":"F5","tipo":"distribuicao","bairro":"S\u00c3O JOS\u00c9"}},{"type":"Feature","geometry":{"type":"LineString","coordinates":[[-41.329786,-21.718056],[-41.329773,-21.717819],[-41.329911,-21.717664],[-41.330044,-21.717767]]},"properties":{"nome":"F4","tipo":"distribuicao","bairro":"S\u00c3O JOS\u00c9"}},{"type":"Feature","geometry":{"type":"LineString","coordinates":[[-41.329783,-21.718059],[-41.329544,-21.71806],[-41.329225,-21.718409],[-41.329355,-21.718519]]},"properties":{"nome":"F4","tipo":"distribuicao","bairro":"S\u00c3O JOS\u00c9"}},{"type":"Feature","geometry":{"type":"LineString","coordinates":[[-41.329783,-21.718056],[-41.329503,-21.718018],[-41.328821,-21.718755],[-41.328997,-21.718901]]},"properties":{"nome":"F5","tipo":"distribuicao","bairro":"S\u00c3O JOS\u00c9"}},{"type":"Feature","geometry":{"type":"LineString","coordinates":[[-41.329784,-21.718057],[-41.329448,-21.717968],[-41.32835,-21.719156],[-41.328337,-21.719267]]},"properties":{"nome":"F6","tipo":"distribuicao","bairro":"S\u00c3O JOS\u00c9"}},{"type":"Feature","geometry":{"type":"LineString","coordinates":[[-41.328699,-21.717675],[-41.32895,-21.717695],[-41.329401,-21.717192],[-41.329252,-21.717075]]},"properties":{"nome":"F6","tipo":"distribuicao","bairro":"S\u00c3O JOS\u00c9"}},{"type":"Feature","geometry":{"type":"LineString","coordinates":[[-41.328697,-21.717673],[-41.328921,-21.717638],[-41.329028,-21.717518],[-41.328923,-21.717432]]},"properties":{"nome":"F5","tipo":"distribuicao","bairro":"S\u00c3O JOS\u00c9"}},{"type":"Feature","geometry":{"type":"LineString","coordinates":[[-41.328699,-21.717663],[-41.328774,-21.717992],[-41.327958,-21.718889],[-41.327708,-21.718683]]},"properties":{"nome":"F6","tipo":"distribuicao","bairro":"S\u00c3O JOS\u00c9"}},{"type":"Feature","geometry":{"type":"LineString","coordinates":[[-41.328698,-21.717669],[-41.328712,-21.717973],[-41.328179,-21.71856],[-41.327999,-21.718406]]},"properties":{"nome":"F5","tipo":"distribuicao","bairro":"S\u00c3O JOS\u00c9"}},{"type":"Feature","geometry":{"type":"LineString","coordinates":[[-41.328693,-21.717665],[-41.328658,-21.717947],[-41.32838,-21.718255],[-41.328246,-21.718147]]},"properties":{"nome":"F4","tipo":"distribuicao","bairro":"S\u00c3O JOS\u00c9"}},{"type":"Feature","geometry":{"type":"LineString","coordinates":[[-41.328694,-21.717639],[-41.328683,-21.717506],[-41.328549,-21.717394],[-41.328464,-21.71749]]},"properties":{"nome":"F6","tipo":"distribuicao","bairro":"S\u00c3O JOS\u00c9"}},{"type":"Feature","geometry":{"type":"LineString","coordinates":[[-41.327807,-21.716951],[-41.327721,-21.716637],[-41.328824,-21.715452],[-41.329089,-21.715644]]},"properties":{"nome":"F6","tipo":"distribuicao","bairro":"S\u00c3O JOS\u00c9"}},{"type":"Feature","geometry":{"type":"LineString","coordinates":[[-41.327833,-21.717015],[-41.327772,-21.716678],[-41.328431,-21.715972],[-41.328636,-21.716136]]},"properties":{"nome":"F5","tipo":"distribuicao","bairro":"S\u00c3O JOS\u00c9"}},{"type":"Feature","geometry":{"type":"LineString","coordinates":[[-41.327837,-21.717011],[-41.327831,-21.716713],[-41.328087,-21.716431],[-41.32825,-21.716557]]},"properties":{"nome":"F4","tipo":"distribuicao","bairro":"S\u00c3O JOS\u00c9"}},{"type":"Feature","geometry":{"type":"LineString","coordinates":[[-41.327823,-21.717017],[-41.327514,-21.716952],[-41.326786,-21.717719],[-41.327023,-21.717905]]},"properties":{"nome":"F6","tipo":"distribuicao","bairro":"S\u00c3O JOS\u00c9"}},{"type":"Feature","geometry":{"type":"LineString","coordinates":[[-41.327803,-21.71701],[-41.327569,-21.717],[-41.327301,-21.717283],[-41.327463,-21.717407]]},"properties":{"nome":"F5","tipo":"distribuicao","bairro":"S\u00c3O JOS\u00c9"}},{"type":"Feature","geometry":{"type":"LineString","coordinates":[[-41.326729,-21.718821],[-41.326489,-21.71898],[-41.326528,-21.719318],[-41.327137,-21.719507],[-41.327169,-21.7194]]},"properties":{"nome":"F6","tipo":"distribuicao","bairro":"S\u00c3O JOS\u00c9"}},{"type":"Feature","geometry":{"type":"LineString","coordinates":[[-41.32672,-21.718819],[-41.326549,-21.718984],[-41.326581,-21.719201],[-41.326719,-21.719197]]},"properties":{"nome":"F5","tipo":"distribuicao","bairro":"S\u00c3O JOS\u00c9"}},{"type":"Feature","geometry":{"type":"LineString","coordinates":[[-41.326733,-21.718823],[-41.326712,-21.718604],[-41.326914,-21.718336],[-41.327143,-21.718507]]},"properties":{"nome":"F6","tipo":"distribuicao","bairro":"S\u00c3O JOS\u00c9"}},{"type":"Feature","geometry":{"type":"LineString","coordinates":[[-41.326736,-21.718828],[-41.326477,-21.718905],[-41.326002,-21.718762],[-41.326084,-21.718547],[-41.326348,-21.718261],[-41.326563,-21.718394]]},"properties":{"nome":"F6","tipo":"distribuicao","bairro":"S\u00c3O JOS\u00c9"}},{"type":"Feature","geometry":{"type":"LineString","coordinates":[[-41.326725,-21.718825],[-41.326505,-21.718849],[-41.326125,-21.718738],[-41.326155,-21.718651]]},"properties":{"nome":"F5","tipo":"distribuicao","bairro":"S\u00c3O JOS\u00c9"}},{"type":"Feature","geometry":{"type":"LineString","coordinates":[[-41.327538,-21.72025],[-41.327267,-21.720468],[-41.324512,-21.719671],[-41.324649,-21.719271]]},"properties":{"nome":"F6","tipo":"distribuicao","bairro":"S\u00c3O JOS\u00c9"}},{"type":"Feature","geometry":{"type":"LineString","coordinates":[[-41.327541,-21.720239],[-41.327289,-21.720401],[-41.325169,-21.7198],[-41.325296,-21.719476]]},"properties":{"nome":"F5","tipo":"distribuicao","bairro":"S\u00c3O JOS\u00c9"}},{"type":"Feature","geometry":{"type":"LineString","coordinates":[[-41.327542,-21.720245],[-41.327319,-21.720345],[-41.325854,-21.71993],[-41.325961,-21.719674]]},"properties":{"nome":"F4","tipo":"distribuicao","bairro":"S\u00c3O JOS\u00c9"}},{"type":"Feature","geometry":{"type":"LineString","coordinates":[[-41.327531,-21.72024],[-41.327321,-21.720284],[-41.326572,-21.720075],[-41.326648,-21.719861]]},"properties":{"nome":"F3","tipo":"distribuicao","bairro":"S\u00c3O JOS\u00c9"}},{"type":"Feature","geometry":{"type":"LineString","coordinates":[[-41.327533,-21.720237],[-41.327325,-21.720227],[-41.327205,-21.720194],[-41.327253,-21.720058]]},"properties":{"nome":"F2","tipo":"distribuicao","bairro":"S\u00c3O JOS\u00c9"}},{"type":"Feature","geometry":{"type":"LineString","coordinates":[[-41.327529,-21.720251],[-41.327832,-21.720174],[-41.32808,-21.719418],[-41.327818,-21.719335]]},"properties":{"nome":"F12","tipo":"distribuicao","bairro":"S\u00c3O JOS\u00c9"}},{"type":"Feature","geometry":{"type":"LineString","coordinates":[[-41.327524,-21.720238],[-41.327754,-21.720122],[-41.327875,-21.719756],[-41.327715,-21.719712]]},"properties":{"nome":"F11","tipo":"distribuicao","bairro":"S\u00c3O JOS\u00c9"}},{"type":"Feature","geometry":{"type":"LineString","coordinates":[[-41.326002,-21.721237],[-41.326159,-21.72147],[-41.326739,-21.721623],[-41.326788,-21.721465]]},"properties":{"nome":"F6","tipo":"distribuicao","bairro":"S\u00c3O JOS\u00c9"}},{"type":"Feature","geometry":{"type":"LineString","coordinates":[[-41.325984,-21.721243],[-41.325742,-21.721392],[-41.324975,-21.721185],[-41.325037,-21.720982]]},"properties":{"nome":"F6","tipo":"distribuicao","bairro":"S\u00c3O JOS\u00c9"}},{"type":"Feature","geometry":{"type":"LineString","coordinates":[[-41.325993,-21.721243],[-41.325761,-21.72133],[-41.325511,-21.721258],[-41.32555,-21.721125]]},"properties":{"nome":"F5","tipo":"distribuicao","bairro":"S\u00c3O JOS\u00c9"}},{"type":"Feature","geometry":{"type":"LineString","coordinates":[[-41.32599,-21.721236],[-41.326407,-21.721063],[-41.326473,-21.720884],[-41.327157,-21.721073]]},"properties":{"nome":"F12","tipo":"distribuicao","bairro":"S\u00c3O JOS\u00c9"}},{"type":"Feature","geometry":{"type":"LineString","coordinates":[[-41.327155,-21.721071],[-41.327384,-21.721135],[-41.327328,-21.721294],[-41.327555,-21.721346]]},"properties":{"nome":"F6","tipo":"distribuicao","bairro":"S\u00c3O JOS\u00c9"}},{"type":"Feature","geometry":{"type":"LineString","coordinates":[[-41.325995,-21.721255],[-41.32635,-21.721025],[-41.326429,-21.720804],[-41.327177,-21.721011],[-41.327244,-21.720821]]},"properties":{"nome":"F11","tipo":"distribuicao","bairro":"S\u00c3O JOS\u00c9"}},{"type":"Feature","geometry":{"type":"LineString","coordinates":[[-41.325991,-21.72124],[-41.326286,-21.721008],[-41.326373,-21.720721],[-41.326717,-21.720822],[-41.326752,-21.720695]]},"properties":{"nome":"F10","tipo":"distribuicao","bairro":"S\u00c3O JOS\u00c9"}},{"type":"Feature","geometry":{"type":"LineString","coordinates":[[-41.325991,-21.721231],[-41.326213,-21.720987],[-41.326302,-21.720704],[-41.326167,-21.720561]]},"properties":{"nome":"F9","tipo":"distribuicao","bairro":"S\u00c3O JOS\u00c9"}},{"type":"Feature","geometry":{"type":"LineString","coordinates":[[-41.325857,-21.721899],[-41.326221,-21.721584],[-41.327979,-21.722022],[-41.327732,-21.722869],[-41.327532,-21.722819]]},"properties":{"nome":"F6","tipo":"distribuicao","bairro":"S\u00c3O JOS\u00c9"}},{"type":"Feature","geometry":{"type":"LineString","coordinates":[[-41.325875,-21.721903],[-41.326223,-21.721657],[-41.327633,-21.72201],[-41.327549,-21.722284]]},"properties":{"nome":"F5","tipo":"distribuicao","bairro":"S\u00c3O JOS\u00c9"}},{"type":"Feature","geometry":{"type":"LineString","coordinates":[[-41.325889,-21.721905],[-41.326238,-21.721731],[-41.327097,-21.721952],[-41.32702,-21.722203]]},"properties":{"nome":"F4","tipo":"distribuicao","bairro":"S\u00c3O JOS\u00c9"}},{"type":"Feature","geometry":{"type":"LineString","coordinates":[[-41.325914,-21.721919],[-41.326246,-21.721793],[-41.326617,-21.721892],[-41.326552,-21.722072]]},"properties":{"nome":"F3","tipo":"distribuicao","bairro":"S\u00c3O JOS\u00c9"}},{"type":"Feature","geometry":{"type":"LineString","coordinates":[[-41.325838,-21.721872],[-41.325583,-21.72148],[-41.325184,-21.721383],[-41.324886,-21.722356],[-41.325079,-21.722407]]},"properties":{"nome":"F6","tipo":"distribuicao","bairro":"S\u00c3O JOS\u00c9"}},{"type":"Feature","geometry":{"type":"LineString","coordinates":[[-41.325841,-21.721887],[-41.325565,-21.721571],[-41.325325,-21.721507],[-41.325239,-21.721743]]},"properties":{"nome":"F5","tipo":"distribuicao","bairro":"S\u00c3O JOS\u00c9"}},{"type":"Feature","geometry":{"type":"LineString","coordinates":[[-41.325591,-21.722547],[-41.325667,-21.722649],[-41.326642,-21.722898],[-41.326675,-21.722803]]},"properties":{"nome":"F6","tipo":"distribuicao","bairro":"S\u00c3O JOS\u00c9"}},{"type":"Feature","geometry":{"type":"LineString","coordinates":[[-41.325592,-21.722541],[-41.325653,-21.722693],[-41.326165,-21.722821],[-41.326117,-21.722966],[-41.326261,-21.722998]]},"properties":{"nome":"F5","tipo":"distribuicao","bairro":"S\u00c3O JOS\u00c9"}},{"type":"Feature","geometry":{"type":"LineString","coordinates":[[-41.32559,-21.72254],[-41.325786,-21.722466],[-41.326022,-21.722526],[-41.325991,-21.722633]]},"properties":{"nome":"F4","tipo":"distribuicao","bairro":"S\u00c3O JOS\u00c9"}},{"type":"Feature","geometry":{"type":"LineString","coordinates":[[-41.325589,-21.722545],[-41.325808,-21.722426],[-41.326267,-21.72254],[-41.326328,-21.722331],[-41.326427,-21.722357]]},"properties":{"nome":"F3","tipo":"distribuicao","bairro":"S\u00c3O JOS\u00c9"}},{"type":"Feature","geometry":{"type":"LineString","coordinates":[[-41.325583,-21.722538],[-41.325376,-21.722541],[-41.325342,-21.722633],[-41.325021,-21.722552],[-41.324831,-21.723215],[-41.32496,-21.723235]]},"properties":{"nome":"F6","tipo":"distribuicao","bairro":"S\u00c3O JOS\u00c9"}},{"type":"Feature","geometry":{"type":"LineString","coordinates":[[-41.325594,-21.722543],[-41.325414,-21.72258],[-41.325378,-21.722685],[-41.32517,-21.722637],[-41.325117,-21.722811]]},"properties":{"nome":"F5","tipo":"distribuicao","bairro":"S\u00c3O JOS\u00c9"}},{"type":"Feature","geometry":{"type":"LineString","coordinates":[[-41.325589,-21.722544],[-41.325598,-21.72284],[-41.325484,-21.723247],[-41.325349,-21.723213]]},"properties":{"nome":"F4","tipo":"distribuicao","bairro":"S\u00c3O JOS\u00c9"}},{"type":"Feature","geometry":{"type":"LineString","coordinates":[[-41.324598,-21.722128],[-41.324336,-21.721861],[-41.324318,-21.720719],[-41.324521,-21.720721]]},"properties":{"nome":"F6","tipo":"distribuicao","bairro":"S\u00c3O JOS\u00c9"}},{"type":"Feature","geometry":{"type":"LineString","coordinates":[[-41.32459,-21.722113],[-41.324019,-21.722039],[-41.324014,-21.722184]]},"properties":{"nome":"F6","tipo":"distribuicao","bairro":"S\u00c3O JOS\u00c9"}},{"type":"Feature","geometry":{"type":"LineString","coordinates":[[-41.324582,-21.722128],[-41.324275,-21.722418],[-41.324286,-21.723878],[-41.324593,-21.723881]]},"properties":{"nome":"F6","tipo":"distribuicao","bairro":"S\u00c3O JOS\u00c9"}},{"type":"Feature","geometry":{"type":"LineString","coordinates":[[-41.32459,-21.722121],[-41.324357,-21.722418],[-41.324364,-21.723478],[-41.324593,-21.723473]]},"properties":{"nome":"F5","tipo":"distribuicao","bairro":"S\u00c3O JOS\u00c9"}},{"type":"Feature","geometry":{"type":"LineString","coordinates":[[-41.32461,-21.722128],[-41.324426,-21.72188],[-41.324417,-21.721237],[-41.3246,-21.721231]]},"properties":{"nome":"F5","tipo":"distribuicao","bairro":"S\u00c3O JOS\u00c9"}},{"type":"Feature","geometry":{"type":"LineString","coordinates":[[-41.324598,-21.722132],[-41.324443,-21.722437],[-41.324443,-21.72273],[-41.324591,-21.722735]]},"properties":{"nome":"F4","tipo":"distribuicao","bairro":"S\u00c3O JOS\u00c9"}},{"type":"Feature","geometry":{"type":"LineString","coordinates":[[-41.324172,-21.719357],[-41.323949,-21.718878],[-41.324507,-21.718272],[-41.324314,-21.716755],[-41.324757,-21.716709]]},"properties":{"nome":"F6","tipo":"distribuicao","bairro":"S\u00c3O JOS\u00c9"}},{"type":"Feature","geometry":{"type":"LineString","coordinates":[[-41.324187,-21.719361],[-41.323625,-21.719334],[-41.322451,-21.720589],[-41.322817,-21.720916]]},"properties":{"nome":"F6","tipo":"distribuicao","bairro":"S\u00c3O JOS\u00c9"}},{"type":"Feature","geometry":{"type":"LineString","coordinates":[[-41.324192,-21.719369],[-41.324015,-21.718953],[-41.324616,-21.718313],[-41.324501,-21.717393],[-41.324803,-21.717353]]},"properties":{"nome":"F5","tipo":"distribuicao","bairro":"S\u00c3O JOS\u00c9"}},{"type":"Feature","geometry":{"type":"LineString","coordinates":[[-41.32418,-21.719367],[-41.323692,-21.719402],[-41.323016,-21.720112],[-41.323295,-21.720341]]},"properties":{"nome":"F5","tipo":"distribuicao","bairro":"S\u00c3O JOS\u00c9"}},{"type":"Feature","geometry":{"type":"LineString","coordinates":[[-41.324185,-21.71938],[-41.32377,-21.719445],[-41.323568,-21.719646],[-41.323768,-21.719813]]},"properties":{"nome":"F4","tipo":"distribuicao","bairro":"S\u00c3O JOS\u00c9"}},{"type":"Feature","geometry":{"type":"LineString","coordinates":[[-41.324192,-21.719357],[-41.324078,-21.719024],[-41.324675,-21.718374],[-41.324915,-21.718355]]},"properties":{"nome":"F4","tipo":"distribuicao","bairro":"S\u00c3O JOS\u00c9"}},{"type":"Feature","geometry":{"type":"LineString","coordinates":[[-41.324193,-21.719367],[-41.324137,-21.719105],[-41.324495,-21.718722],[-41.324661,-21.718882]]},"properties":{"nome":"F3","tipo":"distribuicao","bairro":"S\u00c3O JOS\u00c9"}},{"type":"Feature","geometry":{"type":"LineString","coordinates":[[-41.325684,-21.717803],[-41.326161,-21.717741],[-41.327505,-21.716362],[-41.327254,-21.716153]]},"properties":{"nome":"F6","tipo":"distribuicao","bairro":"S\u00c3O JOS\u00c9"}},{"type":"Feature","geometry":{"type":"LineString","coordinates":[[-41.325701,-21.717809],[-41.325589,-21.717639],[-41.325443,-21.71655],[-41.325838,-21.716485]]},"properties":{"nome":"F6","tipo":"distribuicao","bairro":"S\u00c3O JOS\u00c9"}},{"type":"Feature","geometry":{"type":"LineString","coordinates":[[-41.325687,-21.717809],[-41.326102,-21.717693],[-41.326907,-21.716877],[-41.326734,-21.716722]]},"properties":{"nome":"F5","tipo":"distribuicao","bairro":"S\u00c3O JOS\u00c9"}},{"type":"Feature","geometry":{"type":"LineString","coordinates":[[-41.325693,-21.717799],[-41.326058,-21.717632],[-41.32632,-21.717369],[-41.326202,-21.717265]]},"properties":{"nome":"F4","tipo":"distribuicao","bairro":"S\u00c3O JOS\u00c9"}},{"type":"Feature","geometry":{"type":"LineString","coordinates":[[-41.325692,-21.717801],[-41.325622,-21.717253],[-41.325892,-21.717212]]},"properties":{"nome":"F5","tipo":"distribuicao","bairro":"S\u00c3O JOS\u00c9"}},{"type":"Feature","geometry":{"type":"LineString","coordinates":[[-41.32261,-21.716689],[-41.322208,-21.717083],[-41.318727,-21.717703],[-41.318676,-21.717407]]},"properties":{"nome":"F6","tipo":"distribuicao","bairro":"S\u00c3O JOS\u00c9"}},{"type":"Feature","geometry":{"type":"LineString","coordinates":[[-41.322611,-21.716685],[-41.322199,-21.717042],[-41.319546,-21.717511],[-41.319505,-21.717254]]},"properties":{"nome":"F5","tipo":"distribuicao","bairro":"S\u00c3O JOS\u00c9"}},{"type":"Feature","geometry":{"type":"LineString","coordinates":[[-41.322608,-21.716687],[-41.322196,-21.716996],[-41.32039,-21.717316],[-41.320347,-21.717083]]},"properties":{"nome":"F4","tipo":"distribuicao","bairro":"S\u00c3O JOS\u00c9"}},{"type":"Feature","geometry":{"type":"LineString","coordinates":[[-41.322611,-21.716685],[-41.322195,-21.716952],[-41.321203,-21.717126],[-41.321173,-21.716945]]},"properties":{"nome":"F3","tipo":"distribuicao","bairro":"S\u00c3O JOS\u00c9"}},{"type":"Feature","geometry":{"type":"LineString","coordinates":[[-41.322613,-21.716682],[-41.322189,-21.716902],[-41.321879,-21.716955],[-41.321856,-21.716833]]},"properties":{"nome":"F2","tipo":"distribuicao","bairro":"S\u00c3O JOS\u00c9"}},{"type":"Feature","geometry":{"type":"LineString","coordinates":[[-41.322609,-21.716689],[-41.323312,-21.717234],[-41.329395,-21.716286],[-41.32926,-21.715502]]},"properties":{"nome":"F12","tipo":"distribuicao","bairro":"S\u00c3O JOS\u00c9"}},{"type":"Feature","geometry":{"type":"LineString","coordinates":[[-41.322612,-21.716688],[-41.323305,-21.717159],[-41.328801,-21.716295],[-41.328671,-21.715608]]},"properties":{"nome":"F11","tipo":"distribuicao","bairro":"S\u00c3O JOS\u00c9"}},{"type":"Feature","geometry":{"type":"LineString","coordinates":[[-41.32261,-21.716687],[-41.323291,-21.717087],[-41.327828,-21.716365],[-41.327717,-21.715789]]},"properties":{"nome":"F10","tipo":"distribuicao","bairro":"S\u00c3O JOS\u00c9"}},{"type":"Feature","geometry":{"type":"LineString","coordinates":[[-41.322612,-21.716687],[-41.323275,-21.717023],[-41.327025,-21.716417],[-41.326928,-21.715918]]},"properties":{"nome":"F9","tipo":"distribuicao","bairro":"S\u00c3O JOS\u00c9"}},{"type":"Feature","geometry":{"type":"LineString","coordinates":[[-41.32261,-21.716688],[-41.323265,-21.716959],[-41.326523,-21.71643],[-41.326448,-21.716009]]},"properties":{"nome":"F8","tipo":"distribuicao","bairro":"S\u00c3O JOS\u00c9"}},{"type":"Feature","geometry":{"type":"LineString","coordinates":[[-41.322609,-21.716688],[-41.323252,-21.716898],[-41.325553,-21.716522],[-41.325498,-21.71617]]},"properties":{"nome":"F7","tipo":"distribuicao","bairro":"S\u00c3O JOS\u00c9"}},{"type":"Feature","geometry":{"type":"LineString","coordinates":[[-41.322614,-21.716688],[-41.323253,-21.716833],[-41.324818,-21.716581],[-41.324764,-21.716313]]},"properties":{"nome":"F6","tipo":"distribuicao","bairro":"S\u00c3O JOS\u00c9"}},{"type":"Feature","geometry":{"type":"LineString","coordinates":[[-41.322613,-21.716689],[-41.323255,-21.716766],[-41.324064,-21.71664],[-41.32403,-21.716442]]},"properties":{"nome":"F5","tipo":"distribuicao","bairro":"S\u00c3O JOS\u00c9"}},{"type":"Feature","geometry":{"type":"LineString","coordinates":[[-41.322613,-21.71669],[-41.323246,-21.716705],[-41.323412,-21.716682],[-41.323387,-21.716547]]},"properties":{"nome":"F4","tipo":"distribuicao","bairro":"S\u00c3O JOS\u00c9"}},{"type":"Feature","geometry":{"type":"LineString","coordinates":[[-41.323824,-21.715564],[-41.324025,-21.715248],[-41.324703,-21.715022],[-41.324796,-21.715736],[-41.324665,-21.71575]]},"properties":{"nome":"F6","tipo":"distribuicao","bairro":"S\u00c3O JOS\u00c9"}},{"type":"Feature","geometry":{"type":"LineString","coordinates":[[-41.32383,-21.715563],[-41.323993,-21.71519],[-41.325109,-21.714832],[-41.32518,-21.715287]]},"properties":{"nome":"F5","tipo":"distribuicao","bairro":"S\u00c3O JOS\u00c9"}},{"type":"Feature","geometry":{"type":"LineString","coordinates":[[-41.323825,-21.715568],[-41.324039,-21.715319],[-41.324399,-21.7152],[-41.324442,-21.715392]]},"properties":{"nome":"F4","tipo":"distribuicao","bairro":"S\u00c3O JOS\u00c9"}},{"type":"Feature","geometry":{"type":"LineString","coordinates":[[-41.32383,-21.715565],[-41.323442,-21.715355],[-41.322723,-21.715641],[-41.322756,-21.715402],[-41.322601,-21.715415]]},"properties":{"nome":"F6","tipo":"distribuicao","bairro":"S\u00c3O JOS\u00c9"}},{"type":"Feature","geometry":{"type":"LineString","coordinates":[[-41.323837,-21.71558],[-41.323481,-21.715407],[-41.321877,-21.716045],[-41.322169,-21.71633]]},"properties":{"nome":"F5","tipo":"distribuicao","bairro":"S\u00c3O JOS\u00c9"}},{"type":"Feature","geometry":{"type":"LineString","coordinates":[[-41.323831,-21.715561],[-41.323507,-21.715458],[-41.322452,-21.715876],[-41.322486,-21.716042]]},"properties":{"nome":"F4","tipo":"distribuicao","bairro":"S\u00c3O JOS\u00c9"}},{"type":"Feature","geometry":{"type":"LineString","coordinates":[[-41.32383,-21.715567],[-41.323518,-21.715513],[-41.323094,-21.715692],[-41.323137,-21.715843]]},"properties":{"nome":"F3","tipo":"distribuicao","bairro":"S\u00c3O JOS\u00c9"}},{"type":"Feature","geometry":{"type":"LineString","coordinates":[[-41.325861,-21.715096],[-41.32618,-21.714869],[-41.326151,-21.71479],[-41.326603,-21.714474],[-41.327118,-21.714625],[-41.32773,-21.715099],[-41.327842,-21.714959]]},"properties":{"nome":"F6","tipo":"distribuicao","bairro":"S\u00c3O JOS\u00c9"}},{"type":"Feature","geometry":{"type":"LineString","coordinates":[[-41.325858,-21.715094],[-41.326102,-21.714887],[-41.326066,-21.714763],[-41.326584,-21.714406],[-41.327134,-21.714569],[-41.327198,-21.714437]]},"properties":{"nome":"F5","tipo":"distribuicao","bairro":"S\u00c3O JOS\u00c9"}},{"type":"Feature","geometry":{"type":"LineString","coordinates":[[-41.325878,-21.715088],[-41.32603,-21.714887],[-41.325998,-21.714723],[-41.326373,-21.71446],[-41.326321,-21.714321]]},"properties":{"nome":"F4","tipo":"distribuicao","bairro":"S\u00c3O JOS\u00c9"}},{"type":"Feature","geometry":{"type":"LineString","coordinates":[[-41.325855,-21.715092],[-41.325972,-21.714897],[-41.325946,-21.714728],[-41.325766,-21.714766]]},"properties":{"nome":"F3","tipo":"distribuicao","bairro":"S\u00c3O JOS\u00c9"}},{"type":"Feature","geometry":{"type":"LineString","coordinates":[[-41.325851,-21.715075],[-41.326196,-21.715364],[-41.327183,-21.715571],[-41.327249,-21.715418]]},"properties":{"nome":"F6","tipo":"distribuicao","bairro":"S\u00c3O JOS\u00c9"}},{"type":"Feature","geometry":{"type":"LineString","coordinates":[[-41.325852,-21.71509],[-41.326239,-21.715305],[-41.326513,-21.715366],[-41.326563,-21.715227]]},"properties":{"nome":"F5","tipo":"distribuicao","bairro":"S\u00c3O JOS\u00c9"}},{"type":"Feature","geometry":{"type":"LineString","coordinates":[[-41.325861,-21.715096],[-41.326054,-21.715421],[-41.326075,-21.715611],[-41.325915,-21.715641]]},"properties":{"nome":"F6","tipo":"distribuicao","bairro":"S\u00c3O JOS\u00c9"}},{"type":"Feature","geometry":{"type":"LineString","coordinates":[[-41.321845,-21.716658],[-41.322384,-21.715946],[-41.329083,-21.714799],[-41.329196,-21.715359]]},"properties":{"nome":"F12","tipo":"distribuicao","bairro":"S\u00c3O JOS\u00c9"}},{"type":"Feature","geometry":{"type":"LineString","coordinates":[[-41.321844,-21.716658],[-41.322383,-21.716009],[-41.328375,-21.715019],[-41.328462,-21.715472]]},"properties":{"nome":"F11","tipo":"distribuicao","bairro":"S\u00c3O JOS\u00c9"}},{"type":"Feature","geometry":{"type":"LineString","coordinates":[[-41.321844,-21.716658],[-41.322392,-21.716066],[-41.327554,-21.715219],[-41.327618,-21.715633]]},"properties":{"nome":"F10","tipo":"distribuicao","bairro":"S\u00c3O JOS\u00c9"}},{"type":"Feature","geometry":{"type":"LineString","coordinates":[[-41.321846,-21.716658],[-41.322386,-21.716133],[-41.326765,-21.715425],[-41.326821,-21.715758]]},"properties":{"nome":"F9","tipo":"distribuicao","bairro":"S\u00c3O JOS\u00c9"}},{"type":"Feature","geometry":{"type":"LineString","coordinates":[[-41.321846,-21.716658],[-41.322385,-21.716199],[-41.326004,-21.715614],[-41.326053,-21.715908]]},"properties":{"nome":"F8","tipo":"distribuicao","bairro":"S\u00c3O JOS\u00c9"}},{"type":"Feature","geometry":{"type":"LineString","coordinates":[[-41.321846,-21.716658],[-41.322378,-21.71627],[-41.325296,-21.715782],[-41.325335,-21.716042]]},"properties":{"nome":"F7","tipo":"distribuicao","bairro":"S\u00c3O JOS\u00c9"}},{"type":"Feature","geometry":{"type":"LineString","coordinates":[[-41.321845,-21.716658],[-41.322402,-21.716329],[-41.324521,-21.715972],[-41.324556,-21.716169]]},"properties":{"nome":"F6","tipo":"distribuicao","bairro":"S\u00c3O JOS\u00c9"}},{"type":"Feature","geometry":{"type":"LineString","coordinates":[[-41.321844,-21.716659],[-41.322397,-21.716393],[-41.32374,-21.716161],[-41.323757,-21.716295]]},"properties":{"nome":"F5","tipo":"distribuicao","bairro":"S\u00c3O JOS\u00c9"}},{"type":"Feature","geometry":{"type":"LineString","coordinates":[[-41.321844,-21.716658],[-41.322338,-21.716466],[-41.32273,-21.71639],[-41.322754,-21.716503]]},"properties":{"nome":"F4","tipo":"distribuicao","bairro":"S\u00c3O JOS\u00c9"}},{"type":"Feature","geometry":{"type":"LineString","coordinates":[[-41.321843,-21.716659],[-41.321287,-21.716198],[-41.317778,-21.716835],[-41.317873,-21.717334]]},"properties":{"nome":"F12","tipo":"distribuicao","bairro":"S\u00c3O JOS\u00c9"}},{"type":"Feature","geometry":{"type":"LineString","coordinates":[[-41.321845,-21.716658],[-41.321318,-21.716299],[-41.31929,-21.716662],[-41.319367,-21.717087]]},"properties":{"nome":"F10","tipo":"distribuicao","bairro":"S\u00c3O JOS\u00c9"}},{"type":"Feature","geometry":{"type":"LineString","coordinates":[[-41.321845,-21.716659],[-41.321342,-21.716413],[-41.320213,-21.716602],[-41.320269,-21.716916]]},"properties":{"nome":"F9","tipo":"distribuicao","bairro":"S\u00c3O JOS\u00c9"}},{"type":"Feature","geometry":{"type":"LineString","coordinates":[[-41.321845,-21.71666],[-41.321376,-21.716506],[-41.321132,-21.716545],[-41.321165,-21.716756]]},"properties":{"nome":"F8","tipo":"distribuicao","bairro":"S\u00c3O JOS\u00c9"}},{"type":"Feature","geometry":{"type":"LineString","coordinates":[[-41.323347,-21.713543],[-41.323575,-21.713902],[-41.323318,-21.714222],[-41.322991,-21.714957],[-41.320574,-21.715343],[-41.320523,-21.715042]]},"properties":{"nome":"F6","tipo":"distribuicao","bairro":"S\u00c3O JOS\u00c9"}},{"type":"Feature","geometry":{"type":"LineString","coordinates":[[-41.323346,-21.713541],[-41.323507,-21.713882],[-41.32327,-21.71419],[-41.322951,-21.714898],[-41.321494,-21.715135],[-41.321463,-21.714949]]},"properties":{"nome":"F5","tipo":"distribuicao","bairro":"S\u00c3O JOS\u00c9"}},{"type":"Feature","geometry":{"type":"LineString","coordinates":[[-41.323346,-21.713539],[-41.323443,-21.713865],[-41.323235,-21.71416],[-41.322915,-21.714846],[-41.322092,-21.714987],[-41.322074,-21.714854]]},"properties":{"nome":"F4","tipo":"distribuicao","bairro":"S\u00c3O JOS\u00c9"}},{"type":"Feature","geometry":{"type":"LineString","coordinates":[[-41.323345,-21.713533],[-41.323379,-21.713861],[-41.323189,-21.714137],[-41.322904,-21.714736],[-41.322669,-21.714765]]},"properties":{"nome":"F3","tipo":"distribuicao","bairro":"S\u00c3O JOS\u00c9"}},{"type":"Feature","geometry":{"type":"LineString","coordinates":[[-41.323343,-21.713541],[-41.322947,-21.713396],[-41.322649,-21.713442],[-41.322681,-21.713699]]},"properties":{"nome":"F4","tipo":"distribuicao","bairro":"S\u00c3O JOS\u00c9"}},{"type":"Feature","geometry":{"type":"LineString","coordinates":[[-41.323347,-21.713539],[-41.322948,-21.713338],[-41.322567,-21.713395],[-41.322678,-21.713705]]},"properties":{"nome":"F5","tipo":"distribuicao","bairro":"S\u00c3O JOS\u00c9"}},{"type":"Feature","geometry":{"type":"LineString","coordinates":[[-41.323344,-21.71354],[-41.322938,-21.713286],[-41.322042,-21.71343],[-41.32212,-21.713799]]},"properties":{"nome":"F6","tipo":"distribuicao","bairro":"S\u00c3O JOS\u00c9"}},{"type":"Feature","geometry":{"type":"LineString","coordinates":[[-41.323356,-21.713533],[-41.324232,-21.713544],[-41.324702,-21.713114],[-41.324684,-21.712333]]},"properties":{"nome":"F10","tipo":"distribuicao","bairro":"S\u00c3O JOS\u00c9"}},{"type":"Feature","geometry":{"type":"LineString","coordinates":[[-41.324678,-21.712341],[-41.324627,-21.710697],[-41.323365,-21.710858]]},"properties":{"nome":"F4","tipo":"distribuicao","bairro":"S\u00c3O JOS\u00c9"}},{"type":"Feature","geometry":{"type":"LineString","coordinates":[[-41.323337,-21.713542],[-41.324155,-21.713503],[-41.324608,-21.713108],[-41.324582,-21.712328]]},"properties":{"nome":"F9","tipo":"distribuicao","bairro":"S\u00c3O JOS\u00c9"}},{"type":"Feature","geometry":{"type":"LineString","coordinates":[[-41.324583,-21.712331],[-41.32455,-21.711389],[-41.323355,-21.711559]]},"properties":{"nome":"F3","tipo":"distribuicao","bairro":"S\u00c3O JOS\u00c9"}},{"type":"Feature","geometry":{"type":"LineString","coordinates":[[-41.323345,-21.713541],[-41.324088,-21.713469],[-41.324498,-21.713097],[-41.324487,-21.712333]]},"properties":{"nome":"F8","tipo":"distribuicao","bairro":"S\u00c3O JOS\u00c9"}},{"type":"Feature","geometry":{"type":"LineString","coordinates":[[-41.323353,-21.713537],[-41.324026,-21.713428],[-41.32441,-21.713088],[-41.324398,-21.712345]]},"properties":{"nome":"F7","tipo":"distribuicao","bairro":"S\u00c3O JOS\u00c9"}},{"type":"Feature","geometry":{"type":"LineString","coordinates":[[-41.324484,-21.712341],[-41.324473,-21.712013],[-41.322729,-21.712319],[-41.322771,-21.712625]]},"properties":{"nome":"F6","tipo":"distribuicao","bairro":"S\u00c3O JOS\u00c9"}},{"type":"Feature","geometry":{"type":"LineString","coordinates":[[-41.324395,-21.712353],[-41.324387,-21.712106],[-41.323276,-21.712298],[-41.323314,-21.712522]]},"properties":{"nome":"F5","tipo":"distribuicao","bairro":"S\u00c3O JOS\u00c9"}},{"type":"Feature","geometry":{"type":"LineString","coordinates":[[-41.323345,-21.713535],[-41.323931,-21.713415],[-41.324323,-21.713074],[-41.32431,-21.712353],[-41.324092,-21.712385]]},"properties":{"nome":"F6","tipo":"distribuicao","bairro":"S\u00c3O JOS\u00c9"}},{"type":"Feature","geometry":{"type":"LineString","coordinates":[[-41.323346,-21.713542],[-41.32389,-21.71337],[-41.324062,-21.713212],[-41.323871,-21.713065]]},"properties":{"nome":"F5","tipo":"distribuicao","bairro":"S\u00c3O JOS\u00c9"}},{"type":"Feature","geometry":{"type":"LineString","coordinates":[[-41.323347,-21.713543],[-41.32332,-21.713845],[-41.323149,-21.714102],[-41.322973,-21.714052]]},"properties":{"nome":"F2","tipo":"distribuicao","bairro":"S\u00c3O JOS\u00c9"}},{"type":"Feature","geometry":{"type":"LineString","coordinates":[[-41.320881,-21.713348],[-41.320667,-21.713061],[-41.32081,-21.712718],[-41.321672,-21.712259],[-41.322272,-21.712193]]},"properties":{"nome":"F5","tipo":"distribuicao","bairro":"S\u00c3O JOS\u00c9"}},{"type":"Feature","geometry":{"type":"LineString","coordinates":[[-41.320877,-21.713346],[-41.320614,-21.713035],[-41.320765,-21.71268],[-41.321647,-21.712215],[-41.322167,-21.712153],[-41.322305,-21.711677],[-41.322412,-21.711689]]},"properties":{"nome":"F6","tipo":"distribuicao","bairro":"S\u00c3O JOS\u00c9"}},{"type":"Feature","geometry":{"type":"LineString","coordinates":[[-41.320884,-21.713353],[-41.320716,-21.713085],[-41.320856,-21.712749],[-41.321499,-21.712405],[-41.321534,-21.712528]]},"properties":{"nome":"F4","tipo":"distribuicao","bairro":"S\u00c3O JOS\u00c9"}},{"type":"Feature","geometry":{"type":"LineString","coordinates":[[-41.320883,-21.713352],[-41.320767,-21.713125],[-41.320897,-21.712787],[-41.321005,-21.712874]]},"properties":{"nome":"F3","tipo":"distribuicao","bairro":"S\u00c3O JOS\u00c9"}},{"type":"Feature","geometry":{"type":"LineString","coordinates":[[-41.320879,-21.713352],[-41.320713,-21.713467],[-41.320691,-21.713607],[-41.320855,-21.71363]]},"properties":{"nome":"F5","tipo":"distribuicao","bairro":"S\u00c3O JOS\u00c9"}},{"type":"Feature","geometry":{"type":"LineString","coordinates":[[-41.320882,-21.713348],[-41.320637,-21.713467],[-41.320532,-21.714001],[-41.320676,-21.714084]]},"properties":{"nome":"F6","tipo":"distribuicao","bairro":"S\u00c3O JOS\u00c9"}},{"type":"Feature","geometry":{"type":"LineString","coordinates":[[-41.320186,-21.716726],[-41.32045,-21.716267],[-41.320282,-21.71483],[-41.320221,-21.71467]]},"properties":{"nome":"F6","tipo":"distribuicao","bairro":"S\u00c3O JOS\u00c9"}},{"type":"Feature","geometry":{"type":"LineString","coordinates":[[-41.320183,-21.716721],[-41.32039,-21.716285],[-41.320265,-21.715254],[-41.320001,-21.715298]]},"properties":{"nome":"F5","tipo":"distribuicao","bairro":"S\u00c3O JOS\u00c9"}},{"type":"Feature","geometry":{"type":"LineString","coordinates":[[-41.320185,-21.716722],[-41.320322,-21.716304],[-41.320246,-21.715655],[-41.320049,-21.715687]]},"properties":{"nome":"F4","tipo":"distribuicao","bairro":"S\u00c3O JOS\u00c9"}},{"type":"Feature","geometry":{"type":"LineString","coordinates":[[-41.320182,-21.716713],[-41.320262,-21.716347],[-41.32023,-21.716072],[-41.320102,-21.716095]]},"properties":{"nome":"F3","tipo":"distribuicao","bairro":"S\u00c3O JOS\u00c9"}},{"type":"Feature","geometry":{"type":"LineString","coordinates":[[-41.320188,-21.716716],[-41.320467,-21.716491],[-41.320721,-21.716581],[-41.320667,-21.716717]]},"properties":{"nome":"F6","tipo":"distribuicao","bairro":"S\u00c3O JOS\u00c9"}},{"type":"Feature","geometry":{"type":"LineString","coordinates":[[-41.320178,-21.716717],[-41.319986,-21.716833],[-41.319637,-21.716896],[-41.319843,-21.715967],[-41.319678,-21.715934]]},"properties":{"nome":"F6","tipo":"distribuicao","bairro":"S\u00c3O JOS\u00c9"}},{"type":"Feature","geometry":{"type":"LineString","coordinates":[[-41.320183,-21.716719],[-41.320016,-21.71689],[-41.319558,-21.716976],[-41.319608,-21.716768],[-41.319499,-21.716742]]},"properties":{"nome":"F5","tipo":"distribuicao","bairro":"S\u00c3O JOS\u00c9"}},{"type":"Feature","geometry":{"type":"LineString","coordinates":[[-41.320988,-21.714137],[-41.321344,-21.714542],[-41.321576,-21.716153],[-41.321247,-21.716193]]},"properties":{"nome":"F6","tipo":"distribuicao","bairro":"S\u00c3O JOS\u00c9"}},{"type":"Feature","geometry":{"type":"LineString","coordinates":[[-41.320995,-21.71414],[-41.32126,-21.714546],[-41.321406,-21.715596],[-41.32118,-21.715617]]},"properties":{"nome":"F5","tipo":"distribuicao","bairro":"S\u00c3O JOS\u00c9"}},{"type":"Feature","geometry":{"type":"LineString","coordinates":[[-41.320988,-21.714144],[-41.321188,-21.714529],[-41.321231,-21.714862],[-41.321087,-21.714874]]},"properties":{"nome":"F4","tipo":"distribuicao","bairro":"S\u00c3O JOS\u00c9"}},{"type":"Feature","geometry":{"type":"LineString","coordinates":[[-41.320988,-21.714142],[-41.321331,-21.714211],[-41.321567,-21.714176],[-41.321516,-21.713911]]},"properties":{"nome":"F6","tipo":"distribuicao","bairro":"S\u00c3O JOS\u00c9"}},{"type":"Feature","geometry":{"type":"LineString","coordinates":[[-41.320993,-21.714133],[-41.321198,-21.713805],[-41.321444,-21.713681],[-41.322121,-21.712969],[-41.322016,-21.712801]]},"properties":{"nome":"F6","tipo":"distribuicao","bairro":"S\u00c3O JOS\u00c9"}},{"type":"Feature","geometry":{"type":"LineString","coordinates":[[-41.320994,-21.714126],[-41.321177,-21.713784],[-41.321399,-21.713625],[-41.32183,-21.713171],[-41.321683,-21.713032]]},"properties":{"nome":"F5","tipo":"distribuicao","bairro":"S\u00c3O JOS\u00c9"}},{"type":"Feature","geometry":{"type":"LineString","coordinates":[[-41.320991,-21.714127],[-41.321155,-21.713773],[-41.321361,-21.713569],[-41.321246,-21.713467]]},"properties":{"nome":"F4","tipo":"distribuicao","bairro":"S\u00c3O JOS\u00c9"}},{"type":"Feature","geometry":{"type":"LineString","coordinates":[[-41.310872,-21.715531],[-41.311018,-21.715263],[-41.310637,-21.71448],[-41.309979,-21.714732],[-41.310032,-21.71485]]},"properties":{"nome":"F6","tipo":"distribuicao","bairro":"S\u00c3O JOS\u00c9"}},{"type":"Feature","geometry":{"type":"LineString","coordinates":[[-41.310878,-21.715529],[-41.310963,-21.715282],[-41.310654,-21.714661],[-41.310487,-21.714722]]},"properties":{"nome":"F5","tipo":"distribuicao","bairro":"S\u00c3O JOS\u00c9"}},{"type":"Feature","geometry":{"type":"LineString","coordinates":[[-41.310871,-21.715528],[-41.310922,-21.715318],[-41.310814,-21.715104],[-41.310685,-21.715162]]},"properties":{"nome":"F3","tipo":"distribuicao","bairro":"S\u00c3O JOS\u00c9"}},{"type":"Feature","geometry":{"type":"LineString","coordinates":[[-41.310873,-21.715525],[-41.310743,-21.71571],[-41.310882,-21.716016],[-41.310683,-21.716101],[-41.310726,-21.716196]]},"properties":{"nome":"F6","tipo":"distribuicao","bairro":"S\u00c3O JOS\u00c9"}},{"type":"Feature","geometry":{"type":"LineString","coordinates":[[-41.310871,-21.71553],[-41.310802,-21.715691],[-41.310938,-21.715994],[-41.31107,-21.715936]]},"properties":{"nome":"F5","tipo":"distribuicao","bairro":"S\u00c3O JOS\u00c9"}},{"type":"Feature","geometry":{"type":"LineString","coordinates":[[-41.310875,-21.71553],[-41.310641,-21.715527],[-41.310445,-21.715611],[-41.310398,-21.715516]]},"properties":{"nome":"F6","tipo":"distribuicao","bairro":"S\u00c3O JOS\u00c9"}},{"type":"Feature","geometry":{"type":"LineString","coordinates":[[-41.312257,-21.716523],[-41.312645,-21.716718],[-41.313089,-21.717659],[-41.312876,-21.717751]]},"properties":{"nome":"F6","tipo":"distribuicao","bairro":"S\u00c3O JOS\u00c9"}},{"type":"Feature","geometry":{"type":"LineString","coordinates":[[-41.312254,-21.716522],[-41.312583,-21.716738],[-41.312811,-21.717221],[-41.312183,-21.717466],[-41.312073,-21.717233]]},"properties":{"nome":"F5","tipo":"distribuicao","bairro":"S\u00c3O JOS\u00c9"}},{"type":"Feature","geometry":{"type":"LineString","coordinates":[[-41.312251,-21.716521],[-41.31252,-21.716756],[-41.31269,-21.717116],[-41.312563,-21.717165]]},"properties":{"nome":"F4","tipo":"distribuicao","bairro":"S\u00c3O JOS\u00c9"}},{"type":"Feature","geometry":{"type":"LineString","coordinates":[[-41.312251,-21.716529],[-41.312031,-21.716638],[-41.311546,-21.716832],[-41.31149,-21.716724]]},"properties":{"nome":"F6","tipo":"distribuicao","bairro":"S\u00c3O JOS\u00c9"}},{"type":"Feature","geometry":{"type":"LineString","coordinates":[[-41.312262,-21.716517],[-41.312412,-21.716239],[-41.312079,-21.71551],[-41.311363,-21.715794],[-41.311417,-21.715909]]},"properties":{"nome":"F6","tipo":"distribuicao","bairro":"S\u00c3O JOS\u00c9"}},{"type":"Feature","geometry":{"type":"LineString","coordinates":[[-41.312258,-21.716522],[-41.312357,-21.716258],[-41.312084,-21.715656],[-41.311906,-21.715726]]},"properties":{"nome":"F5","tipo":"distribuicao","bairro":"S\u00c3O JOS\u00c9"}},{"type":"Feature","geometry":{"type":"LineString","coordinates":[[-41.312252,-21.716519],[-41.312306,-21.716288],[-41.312248,-21.716159],[-41.312106,-21.716217]]},"properties":{"nome":"F4","tipo":"distribuicao","bairro":"S\u00c3O JOS\u00c9"}},{"type":"Feature","geometry":{"type":"LineString","coordinates":[[-41.313583,-21.715032],[-41.313346,-21.715357],[-41.312582,-21.715665],[-41.312494,-21.715483]]},"properties":{"nome":"F6","tipo":"distribuicao","bairro":"S\u00c3O JOS\u00c9"}},{"type":"Feature","geometry":{"type":"LineString","coordinates":[[-41.313577,-21.715034],[-41.313332,-21.715287],[-41.312978,-21.715433],[-41.312913,-21.715303]]},"properties":{"nome":"F5","tipo":"distribuicao","bairro":"S\u00c3O JOS\u00c9"}},{"type":"Feature","geometry":{"type":"LineString","coordinates":[[-41.313577,-21.715029],[-41.313985,-21.715205],[-41.31493,-21.7148],[-41.314021,-21.714312],[-41.313519,-21.714396],[-41.313087,-21.714725],[-41.313241,-21.714813]]},"properties":{"nome":"F6","tipo":"distribuicao","bairro":"S\u00c3O JOS\u00c9"}},{"type":"Feature","geometry":{"type":"LineString","coordinates":[[-41.313577,-21.715031],[-41.313956,-21.715148],[-41.314801,-21.714788],[-41.314006,-21.714371],[-41.31368,-21.714418],[-41.313721,-21.714521]]},"properties":{"nome":"F5","tipo":"distribuicao","bairro":"S\u00c3O JOS\u00c9"}},{"type":"Feature","geometry":{"type":"LineString","coordinates":[[-41.313584,-21.715023],[-41.313922,-21.715091],[-41.314446,-21.714888],[-41.314343,-21.714667]]},"properties":{"nome":"F4","tipo":"distribuicao","bairro":"S\u00c3O JOS\u00c9"}},{"type":"Feature","geometry":{"type":"LineString","coordinates":[[-41.313589,-21.715023],[-41.313898,-21.715035],[-41.31415,-21.714937],[-41.314105,-21.714829]]},"properties":{"nome":"F3","tipo":"distribuicao","bairro":"S\u00c3O JOS\u00c9"}},{"type":"Feature","geometry":{"type":"LineString","coordinates":[[-41.329304,-21.730587],[-41.329275,-21.730821],[-41.330009,-21.73185],[-41.33027,-21.732035],[-41.328802,-21.732256],[-41.329031,-21.732605]]},"properties":{"nome":"F3","tipo":"distribuicao","bairro":"S\u00c3O JOS\u00c9"}},{"type":"Feature","geometry":{"type":"LineString","coordinates":[[-41.331774,-21.725051],[-41.331505,-21.725058],[-41.331308,-21.725009],[-41.33001,-21.722996],[-41.332259,-21.722126],[-41.332585,-21.722647],[-41.332243,-21.723026],[-41.33265,-21.72305],[-41.332716,-21.723164],[-41.333443,-21.724384],[-41.333638,-21.724095]]},"properties":{"nome":"F6","tipo":"distribuicao","bairro":"S\u00c3O JOS\u00c9"}},{"type":"Feature","geometry":{"type":"LineString","coordinates":[[-41.336494,-21.725481],[-41.336634,-21.725609],[-41.336843,-21.725403],[-41.337024,-21.725147],[-41.336939,-21.724984]]},"properties":{"nome":"F1","tipo":"distribuicao","bairro":"S\u00c3O JOS\u00c9"}},{"type":"Feature","geometry":{"type":"LineString","coordinates":[[-41.336502,-21.725501],[-41.336644,-21.725736],[-41.337282,-21.724984],[-41.337782,-21.724158],[-41.337822,-21.723996],[-41.338006,-21.724071]]},"properties":{"nome":"F4","tipo":"distribuicao","bairro":"S\u00c3O JOS\u00c9"}},{"type":"Feature","geometry":{"type":"LineString","coordinates":[[-41.336476,-21.72548],[-41.33625,-21.725573],[-41.336229,-21.725537],[-41.336346,-21.725368]]},"properties":{"nome":"F2","tipo":"distribuicao","bairro":"S\u00c3O JOS\u00c9"}},{"type":"Feature","geometry":{"type":"LineString","coordinates":[[-41.331783,-21.725052],[-41.331897,-21.725234],[-41.332199,-21.725094],[-41.33296,-21.726377],[-41.334125,-21.726364]]},"properties":{"nome":"F5","tipo":"distribuicao","bairro":"S\u00c3O JOS\u00c9"}},{"type":"Feature","geometry":{"type":"LineString","coordinates":[[-41.331803,-21.725071],[-41.331916,-21.725134],[-41.332265,-21.724999],[-41.332842,-21.725992],[-41.333109,-21.725869]]},"properties":{"nome":"F7","tipo":"distribuicao","bairro":"S\u00c3O JOS\u00c9"}},{"type":"Feature","geometry":{"type":"LineString","coordinates":[[-41.331772,-21.725061],[-41.331371,-21.724951],[-41.330163,-21.723052],[-41.331813,-21.722391],[-41.331931,-21.722583]]},"properties":{"nome":"F8","tipo":"distribuicao","bairro":"S\u00c3O JOS\u00c9"}},{"type":"Feature","geometry":{"type":"LineString","coordinates":[[-41.3318,-21.725062],[-41.331423,-21.724878],[-41.330406,-21.723274],[-41.330694,-21.72331]]},"properties":{"nome":"F9","tipo":"distribuicao","bairro":"S\u00c3O JOS\u00c9"}},{"type":"Feature","geometry":{"type":"LineString","coordinates":[[-41.331771,-21.72506],[-41.331659,-21.724691],[-41.331904,-21.724672],[-41.331831,-21.724993]]},"properties":{"nome":"F10","tipo":"distribuicao","bairro":"S\u00c3O JOS\u00c9"}},{"type":"Feature","geometry":{"type":"LineString","coordinates":[[-41.331808,-21.725064],[-41.33167,-21.72545],[-41.329944,-21.726369],[-41.329783,-21.72618]]},"properties":{"nome":"F12","tipo":"distribuicao","bairro":"S\u00c3O JOS\u00c9"}},{"type":"Feature","geometry":{"type":"LineString","coordinates":[[-41.331784,-21.725056],[-41.331586,-21.725407],[-41.330481,-21.725991],[-41.330407,-21.72581]]},"properties":{"nome":"F11","tipo":"distribuicao","bairro":"S\u00c3O JOS\u00c9"}},{"type":"Feature","geometry":{"type":"LineString","coordinates":[[-41.327364,-21.729106],[-41.327518,-21.72906],[-41.327528,-21.729148],[-41.327392,-21.729141]]},"properties":{"nome":"F12","tipo":"distribuicao","bairro":"S\u00c3O JOS\u00c9"}},{"type":"Feature","geometry":{"type":"LineString","coordinates":[[-41.327385,-21.729134],[-41.327516,-21.729211],[-41.327825,-21.729207],[-41.328317,-21.729458],[-41.32824,-21.72962]]},"properties":{"nome":"F7","tipo":"distribuicao","bairro":"S\u00c3O JOS\u00c9"}},{"type":"Feature","geometry":{"type":"LineString","coordinates":[[-41.327384,-21.729141],[-41.327527,-21.729177],[-41.327881,-21.729159],[-41.328182,-21.72893],[-41.329135,-21.728969],[-41.329974,-21.729081]]},"properties":{"nome":"F6","tipo":"distribuicao","bairro":"S\u00c3O JOS\u00c9"}},{"type":"Feature","geometry":{"type":"LineString","coordinates":[[-41.32929,-21.730584],[-41.329212,-21.730825],[-41.329964,-21.731906],[-41.330245,-21.732004],[-41.328733,-21.732196],[-41.327461,-21.732775],[-41.327754,-21.732887]]},"properties":{"nome":"F4","tipo":"distribuicao","bairro":"S\u00c3O JOS\u00c9"}},{"type":"Feature","geometry":{"type":"LineString","coordinates":[[-41.329303,-21.730562],[-41.329138,-21.730839],[-41.329879,-21.731953],[-41.330239,-21.732008],[-41.329731,-21.732002],[-41.328684,-21.732115],[-41.326514,-21.732804],[-41.326733,-21.732915]]},"properties":{"nome":"F5","tipo":"distribuicao","bairro":"S\u00c3O JOS\u00c9"}},{"type":"Feature","geometry":{"type":"LineString","coordinates":[[-41.329323,-21.73061],[-41.32963,-21.730719],[-41.330477,-21.731852],[-41.330611,-21.73273],[-41.330357,-21.732655]]},"properties":{"nome":"F2","tipo":"distribuicao","bairro":"S\u00c3O JOS\u00c9"}},{"type":"Feature","geometry":{"type":"LineString","coordinates":[[-41.32931,-21.730604],[-41.329723,-21.730621],[-41.330618,-21.731803],[-41.33085,-21.733529],[-41.330576,-21.733353]]},"properties":{"nome":"F1","tipo":"distribuicao","bairro":"S\u00c3O JOS\u00c9"}},{"type":"Feature","geometry":{"type":"LineString","coordinates":[[-41.329337,-21.730609],[-41.329655,-21.730853],[-41.329527,-21.730882]]},"properties":{"nome":"F6","tipo":"distribuicao","bairro":"S\u00c3O JOS\u00c9"}},{"type":"Feature","geometry":{"type":"LineString","coordinates":[[-41.329351,-21.730597],[-41.329311,-21.730365],[-41.329143,-21.730184],[-41.329102,-21.730315]]},"properties":{"nome":"F9","tipo":"distribuicao","bairro":"S\u00c3O JOS\u00c9"}},{"type":"Feature","geometry":{"type":"LineString","coordinates":[[-41.329338,-21.730598],[-41.32941,-21.730277],[-41.330362,-21.729525],[-41.331397,-21.731119],[-41.331542,-21.730791]]},"properties":{"nome":"F5","tipo":"distribuicao","bairro":"S\u00c3O JOS\u00c9"}},{"type":"Feature","geometry":{"type":"LineString","coordinates":[[-41.329339,-21.730606],[-41.32873,-21.730147],[-41.327635,-21.731233],[-41.327575,-21.730929]]},"properties":{"nome":"F10","tipo":"distribuicao","bairro":"S\u00c3O JOS\u00c9"}},{"type":"Feature","geometry":{"type":"LineString","coordinates":[[-41.332705,-21.737534],[-41.332515,-21.737315],[-41.332429,-21.736558],[-41.331937,-21.735896],[-41.330772,-21.734628],[-41.331219,-21.73452]]},"properties":{"nome":"F1","tipo":"distribuicao","bairro":"S\u00c3O JOS\u00c9"}},{"type":"Feature","geometry":{"type":"LineString","coordinates":[[-41.332715,-21.737534],[-41.332585,-21.737302],[-41.332511,-21.736515],[-41.332042,-21.735854],[-41.331428,-21.735161],[-41.33183,-21.734964]]},"properties":{"nome":"F2","tipo":"distribuicao","bairro":"S\u00c3O JOS\u00c9"}},{"type":"Feature","geometry":{"type":"LineString","coordinates":[[-41.332685,-21.737545],[-41.332433,-21.737283],[-41.33171,-21.736465],[-41.331398,-21.736523]]},"properties":{"nome":"F3","tipo":"distribuicao","bairro":"S\u00c3O JOS\u00c9"}},{"type":"Feature","geometry":{"type":"LineString","coordinates":[[-41.332689,-21.737546],[-41.332488,-21.737718],[-41.332159,-21.738406],[-41.332095,-21.73855],[-41.332094,-21.738175],[-41.331527,-21.737678],[-41.330776,-21.737335]]},"properties":{"nome":"F5","tipo":"distribuicao","bairro":"S\u00c3O JOS\u00c9"}},{"type":"Feature","geometry":{"type":"LineString","coordinates":[[-41.332706,-21.737548],[-41.332525,-21.737773],[-41.332085,-21.738609],[-41.332069,-21.738484],[-41.331993,-21.738431],[-41.330067,-21.736863],[-41.330116,-21.737027]]},"properties":{"nome":"F5","tipo":"distribuicao","bairro":"S\u00c3O JOS\u00c9"}},{"type":"Feature","geometry":{"type":"LineString","coordinates":[[-41.332682,-21.73754],[-41.332198,-21.738933],[-41.328163,-21.735831],[-41.328252,-21.736539]]},"properties":{"nome":"F7","tipo":"distribuicao","bairro":"S\u00c3O JOS\u00c9"}},{"type":"Feature","geometry":{"type":"LineString","coordinates":[[-41.332698,-21.737555],[-41.331986,-21.739986],[-41.331403,-21.739735]]},"properties":{"nome":"F8","tipo":"distribuicao","bairro":"S\u00c3O JOS\u00c9"}},{"type":"Feature","geometry":{"type":"LineString","coordinates":[[-41.332726,-21.737519],[-41.331937,-21.740843],[-41.328822,-21.739457],[-41.325014,-21.736206],[-41.324393,-21.734887],[-41.325506,-21.735151]]},"properties":{"nome":"F6","tipo":"distribuicao","bairro":"S\u00c3O JOS\u00c9"}},{"type":"Feature","geometry":{"type":"LineString","coordinates":[[-41.325533,-21.722403],[-41.325629,-21.721726],[-41.325828,-21.721885]]},"properties":{"nome":"F8","tipo":"distribuicao","bairro":"S\u00c3O JOS\u00c9"}},{"type":"Feature","geometry":{"type":"LineString","coordinates":[[-41.325546,-21.722361],[-41.325468,-21.722194],[-41.325691,-21.720927],[-41.325961,-21.721239]]},"properties":{"nome":"F7","tipo":"distribuicao","bairro":"S\u00c3O JOS\u00c9"}},{"type":"Feature","geometry":{"type":"LineString","coordinates":[[-41.325523,-21.722406],[-41.332831,-21.718443],[-41.331396,-21.715355],[-41.32943,-21.715903]]},"properties":{"nome":"F1","tipo":"distribuicao","bairro":"S\u00c3O JOS\u00c9"}},{"type":"Feature","geometry":{"type":"LineString","coordinates":[[-41.325568,-21.722274],[-41.330585,-21.7191],[-41.329735,-21.717969]]},"properties":{"nome":"F2","tipo":"distribuicao","bairro":"S\u00c3O JOS\u00c9"}},{"type":"Feature","geometry":{"type":"LineString","coordinates":[[-41.325576,-21.722293],[-41.329584,-21.719297],[-41.328686,-21.71765]]},"properties":{"nome":"F3","tipo":"distribuicao","bairro":"S\u00c3O JOS\u00c9"}},{"type":"Feature","geometry":{"type":"LineString","coordinates":[[-41.32551,-21.722334],[-41.328877,-21.719224],[-41.32784,-21.717012]]},"properties":{"nome":"F4","tipo":"distribuicao","bairro":"S\u00c3O JOS\u00c9"}},{"type":"Feature","geometry":{"type":"LineString","coordinates":[[-41.325443,-21.722376],[-41.325341,-21.718553],[-41.326714,-21.718777]]},"properties":{"nome":"F5","tipo":"distribuicao","bairro":"S\u00c3O JOS\u00c9"}},{"type":"Feature","geometry":{"type":"LineString","coordinates":[[-41.325529,-21.722335],[-41.325545,-21.719312],[-41.32755,-21.720218]]},"properties":{"nome":"F6","tipo":"distribuicao","bairro":"S\u00c3O JOS\u00c9"}},{"type":"Feature","geometry":{"type":"LineString","coordinates":[[-41.324643,-21.727592],[-41.328661,-21.724382],[-41.32627,-21.723988]]},"properties":{"nome":"F1","tipo":"distribuicao","bairro":"S\u00c3O JOS\u00c9"}},{"type":"Feature","geometry":{"type":"LineString","coordinates":[[-41.324663,-21.727543],[-41.327143,-21.725071],[-41.325963,-21.725354]]},"properties":{"nome":"F2","tipo":"distribuicao","bairro":"S\u00c3O JOS\u00c9"}},{"type":"Feature","geometry":{"type":"LineString","coordinates":[[-41.32458,-21.72757],[-41.326066,-21.725684],[-41.324665,-21.725626]]},"properties":{"nome":"F3","tipo":"distribuicao","bairro":"S\u00c3O JOS\u00c9"}},{"type":"Feature","geometry":{"type":"LineString","coordinates":[[-41.32455,-21.727579],[-41.324847,-21.72649],[-41.324124,-21.727084]]},"properties":{"nome":"F4","tipo":"distribuicao","bairro":"S\u00c3O JOS\u00c9"}},{"type":"Feature","geometry":{"type":"LineString","coordinates":[[-41.324621,-21.727558],[-41.324626,-21.728022],[-41.326522,-21.729378],[-41.327176,-21.728818],[-41.326949,-21.728651]]},"properties":{"nome":"F5","tipo":"distribuicao","bairro":"S\u00c3O JOS\u00c9"}},{"type":"Feature","geometry":{"type":"LineString","coordinates":[[-41.324664,-21.727619],[-41.324778,-21.727983],[-41.325647,-21.728573],[-41.329393,-21.726956],[-41.328054,-21.726529],[-41.327974,-21.726751]]},"properties":{"nome":"F7","tipo":"distribuicao","bairro":"S\u00c3O JOS\u00c9"}},{"type":"Feature","geometry":{"type":"LineString","coordinates":[[-41.324632,-21.727552],[-41.324824,-21.727909],[-41.325003,-21.728034],[-41.325133,-21.727857]]},"properties":{"nome":"F6","tipo":"distribuicao","bairro":"S\u00c3O JOS\u00c9"}},{"type":"Feature","geometry":{"type":"LineString","coordinates":[[-41.322403,-21.724541],[-41.322947,-21.724152],[-41.324089,-21.724519]]},"properties":{"nome":"F1","tipo":"distribuicao","bairro":"S\u00c3O JOS\u00c9"}},{"type":"Feature","geometry":{"type":"LineString","coordinates":[[-41.322403,-21.724543],[-41.321755,-21.723872],[-41.322267,-21.723812]]},"properties":{"nome":"F2","tipo":"distribuicao","bairro":"S\u00c3O JOS\u00c9"}},{"type":"Feature","geometry":{"type":"LineString","coordinates":[[-41.3224,-21.724553],[-41.322731,-21.724973],[-41.322262,-21.725022]]},"properties":{"nome":"F3","tipo":"distribuicao","bairro":"S\u00c3O JOS\u00c9"}},{"type":"Feature","geometry":{"type":"LineString","coordinates":[[-41.320877,-21.722008],[-41.321208,-21.722033],[-41.321228,-21.722171],[-41.320894,-21.722197]]},"properties":{"nome":"F4","tipo":"distribuicao","bairro":"S\u00c3O JOS\u00c9"}},{"type":"Feature","geometry":{"type":"LineString","coordinates":[[-41.320909,-21.722013],[-41.320527,-21.722211],[-41.318006,-21.722147],[-41.318062,-21.721322]]},"properties":{"nome":"F6","tipo":"distribuicao","bairro":"S\u00c3O JOS\u00c9"}},{"type":"Feature","geometry":{"type":"LineString","coordinates":[[-41.318103,-21.720218],[-41.318382,-21.721132],[-41.323865,-21.721201],[-41.32361,-21.718444],[-41.323825,-21.718392]]},"properties":{"nome":"F1","tipo":"distribuicao","bairro":"S\u00c3O JOS\u00c9"}},{"type":"Feature","geometry":{"type":"LineString","coordinates":[[-41.318127,-21.720218],[-41.318443,-21.721065],[-41.323315,-21.721137],[-41.322994,-21.718816],[-41.322775,-21.718868]]},"properties":{"nome":"F2","tipo":"distribuicao","bairro":"S\u00c3O JOS\u00c9"}},{"type":"Feature","geometry":{"type":"LineString","coordinates":[[-41.318141,-21.720178],[-41.318484,-21.72098],[-41.321976,-21.721027],[-41.321804,-21.7191],[-41.321573,-21.719112]]},"properties":{"nome":"F3","tipo":"distribuicao","bairro":"S\u00c3O JOS\u00c9"}},{"type":"Feature","geometry":{"type":"LineString","coordinates":[[-41.31817,-21.720161],[-41.318557,-21.720887],[-41.321175,-21.720892],[-41.320853,-21.719049],[-41.320484,-21.719092]]},"properties":{"nome":"F4","tipo":"distribuicao","bairro":"S\u00c3O JOS\u00c9"}},{"type":"Feature","geometry":{"type":"LineString","coordinates":[[-41.318196,-21.720169],[-41.318602,-21.720797],[-41.320032,-21.720755],[-41.319798,-21.718837],[-41.319344,-21.719]]},"properties":{"nome":"F5","tipo":"distribuicao","bairro":"S\u00c3O JOS\u00c9"}},{"type":"Feature","geometry":{"type":"LineString","coordinates":[[-41.318123,-21.720237],[-41.317802,-21.720216],[-41.317783,-21.719717],[-41.318106,-21.720116]]},"properties":{"nome":"F6","tipo":"distribuicao","bairro":"S\u00c3O JOS\u00c9"}},{"type":"Feature","geometry":{"type":"LineString","coordinates":[[-41.31811,-21.720256],[-41.317704,-21.72029],[-41.316197,-21.719813],[-41.316179,-21.719555]]},"properties":{"nome":"F7","tipo":"distribuicao","bairro":"S\u00c3O JOS\u00c9"}},{"type":"Feature","geometry":{"type":"LineString","coordinates":[[-41.318096,-21.720259],[-41.317579,-21.720574],[-41.315281,-21.719872],[-41.31504,-21.719237]]},"properties":{"nome":"F8","tipo":"distribuicao","bairro":"S\u00c3O JOS\u00c9"}},{"type":"Feature","geometry":{"type":"LineString","coordinates":[[-41.312306,-21.718342],[-41.312941,-21.71755],[-41.321361,-21.715831],[-41.321775,-21.716312],[-41.321843,-21.71573],[-41.324977,-21.714434],[-41.325824,-21.715122]]},"properties":{"nome":"F3","tipo":"distribuicao","bairro":"S\u00c3O JOS\u00c9"}},{"type":"Feature","geometry":{"type":"LineString","coordinates":[[-41.312306,-21.718338],[-41.313006,-21.717647],[-41.321371,-21.715974],[-41.321813,-21.716445],[-41.321926,-21.7158],[-41.323579,-21.715144],[-41.323653,-21.715574]]},"properties":{"nome":"F4","tipo":"distribuicao","bairro":"S\u00c3O JOS\u00c9"}},{"type":"Feature","geometry":{"type":"LineString","coordinates":[[-41.312304,-21.718341],[-41.312869,-21.717475],[-41.318534,-21.716236],[-41.321432,-21.715703],[-41.321691,-21.716011],[-41.321794,-21.715629],[-41.323905,-21.714702],[-41.323984,-21.713442],[-41.323348,-21.713536]]},"properties":{"nome":"F5","tipo":"distribuicao","bairro":"S\u00c3O JOS\u00c9"}},{"type":"Feature","geometry":{"type":"LineString","coordinates":[[-41.312307,-21.718342],[-41.313045,-21.717733],[-41.3189,-21.716598],[-41.32132,-21.716107],[-41.321837,-21.716642]]},"properties":{"nome":"F2","tipo":"distribuicao","bairro":"S\u00c3O JOS\u00c9"}},{"type":"Feature","geometry":{"type":"LineString","coordinates":[[-41.312306,-21.718338],[-41.313102,-21.717977],[-41.319826,-21.716795],[-41.320167,-21.716887],[-41.320041,-21.716659],[-41.320138,-21.716501]]},"properties":{"nome":"F6","tipo":"distribuicao","bairro":"S\u00c3O JOS\u00c9"}},{"type":"Feature","geometry":{"type":"LineString","coordinates":[[-41.312308,-21.718339],[-41.312612,-21.718228],[-41.312624,-21.718295]]},"properties":{"nome":"F9","tipo":"distribuicao","bairro":"S\u00c3O JOS\u00c9"}},{"type":"Feature","geometry":{"type":"LineString","coordinates":[[-41.321088,-21.716958],[-41.320765,-21.71673],[-41.320429,-21.714234],[-41.320997,-21.714143]]},"properties":{"nome":"F8","tipo":"distribuicao","bairro":"S\u00c3O JOS\u00c9"}},{"type":"Feature","geometry":{"type":"LineString","coordinates":[[-41.312309,-21.718339],[-41.313086,-21.717875],[-41.319747,-21.716732],[-41.320029,-21.716773],[-41.319925,-21.716596],[-41.320106,-21.713284],[-41.320883,-21.713374]]},"properties":{"nome":"F7","tipo":"distribuicao","bairro":"S\u00c3O JOS\u00c9"}},{"type":"Feature","geometry":{"type":"LineString","coordinates":[[-41.32113,-21.71698],[-41.3214,-21.717233],[-41.322592,-21.71704],[-41.32257,-21.716701]]},"properties":{"nome":"F1","tipo":"distribuicao","bairro":"S\u00c3O JOS\u00c9"}},{"type":"Feature","geometry":{"type":"LineString","coordinates":[[-41.32405,-21.719733],[-41.324729,-21.719422],[-41.32427,-21.719254]]},"properties":{"nome":"F11","tipo":"distribuicao","bairro":"S\u00c3O JOS\u00c9"}},{"type":"Feature","geometry":{"type":"LineString","coordinates":[[-41.325629,-21.717784],[-41.326743,-21.718663],[-41.324036,-21.71974]]},"properties":{"nome":"F12","tipo":"distribuicao","bairro":"S\u00c3O JOS\u00c9"}},{"type":"Feature","geometry":{"type":"LineString","coordinates":[[-41.32561,-21.722399],[-41.325783,-21.722447],[-41.325763,-21.722579],[-41.325587,-21.722416]]},"properties":{"nome":"F9","tipo":"distribuicao","bairro":"S\u00c3O JOS\u00c9"}},{"type":"Feature","geometry":{"type":"LineString","coordinates":[[-41.3256,-21.7224],[-41.32482,-21.721797],[-41.324619,-21.721975]]},"properties":{"nome":"F 10","tipo":"distribuicao","bairro":"S\u00c3O JOS\u00c9"}},{"type":"Feature","geometry":{"type":"LineString","coordinates":[[-41.312302,-21.718341],[-41.309902,-21.716857],[-41.314274,-21.715271],[-41.313596,-21.714997]]},"properties":{"nome":"F12","tipo":"distribuicao","bairro":"S\u00c3O JOS\u00c9"}},{"type":"Feature","geometry":{"type":"LineString","coordinates":[[-41.312305,-21.718343],[-41.309584,-21.716872],[-41.31183,-21.715994],[-41.310815,-21.71551]]},"properties":{"nome":"F10","tipo":"distribuicao","bairro":"S\u00c3O JOS\u00c9"}},{"type":"Feature","geometry":{"type":"LineString","coordinates":[[-41.312302,-21.718343],[-41.310834,-21.71729],[-41.3122,-21.716892],[-41.312115,-21.716428]]},"properties":{"nome":"F11","tipo":"distribuicao","bairro":"S\u00c3O JOS\u00c9"}},{"type":"Feature","geometry":{"type":"Point","coordinates":[-41.336768,-21.726842]},"properties":{"nome":"021","tipo":"ponto","bairro":"S\u00c3O JOS\u00c9"}},{"type":"Feature","geometry":{"type":"Point","coordinates":[-41.333528,-21.723913]},"properties":{"nome":"0014","tipo":"ponto","bairro":"S\u00c3O JOS\u00c9"}},{"type":"Feature","geometry":{"type":"Point","coordinates":[-41.33342,-21.723753]},"properties":{"nome":"0024","tipo":"ponto","bairro":"S\u00c3O JOS\u00c9"}},{"type":"Feature","geometry":{"type":"Point","coordinates":[-41.333228,-21.723477]},"properties":{"nome":"0034","tipo":"ponto","bairro":"S\u00c3O JOS\u00c9"}},{"type":"Feature","geometry":{"type":"Point","coordinates":[-41.333066,-21.723156]},"properties":{"nome":"0044","tipo":"ponto","bairro":"S\u00c3O JOS\u00c9"}},{"type":"Feature","geometry":{"type":"Point","coordinates":[-41.332897,-21.722872]},"properties":{"nome":"0054","tipo":"ponto","bairro":"S\u00c3O JOS\u00c9"}},{"type":"Feature","geometry":{"type":"Point","coordinates":[-41.332768,-21.722641]},"properties":{"nome":"0064","tipo":"ponto","bairro":"S\u00c3O JOS\u00c9"}},{"type":"Feature","geometry":{"type":"Point","coordinates":[-41.332675,-21.722462]},"properties":{"nome":"0074","tipo":"ponto","bairro":"S\u00c3O JOS\u00c9"}},{"type":"Feature","geometry":{"type":"Point","coordinates":[-41.33255,-21.722325]},"properties":{"nome":"0084","tipo":"ponto","bairro":"S\u00c3O JOS\u00c9"}},{"type":"Feature","geometry":{"type":"Point","coordinates":[-41.332441,-21.722181]},"properties":{"nome":"0094","tipo":"ponto","bairro":"S\u00c3O JOS\u00c9"}},{"type":"Feature","geometry":{"type":"Point","coordinates":[-41.332246,-21.721847]},"properties":{"nome":"0104","tipo":"ponto","bairro":"S\u00c3O JOS\u00c9"}},{"type":"Feature","geometry":{"type":"Point","coordinates":[-41.332065,-21.72155]},"properties":{"nome":"0114","tipo":"ponto","bairro":"S\u00c3O JOS\u00c9"}},{"type":"Feature","geometry":{"type":"Point","coordinates":[-41.331887,-21.72123]},"properties":{"nome":"0124","tipo":"ponto","bairro":"S\u00c3O JOS\u00c9"}},{"type":"Feature","geometry":{"type":"Point","coordinates":[-41.332914,-21.724279]},"properties":{"nome":"0244","tipo":"ponto","bairro":"S\u00c3O JOS\u00c9"}},{"type":"Feature","geometry":{"type":"Point","coordinates":[-41.332786,-21.724039]},"properties":{"nome":"0254","tipo":"ponto","bairro":"S\u00c3O JOS\u00c9"}},{"type":"Feature","geometry":{"type":"Point","coordinates":[-41.332643,-21.72378]},"properties":{"nome":"0264","tipo":"ponto","bairro":"S\u00c3O JOS\u00c9"}},{"type":"Feature","geometry":{"type":"Point","coordinates":[-41.332541,-21.723634]},"properties":{"nome":"0274","tipo":"ponto","bairro":"S\u00c3O JOS\u00c9"}},{"type":"Feature","geometry":{"type":"Point","coordinates":[-41.332422,-21.723446]},"properties":{"nome":"0284","tipo":"ponto","bairro":"S\u00c3O JOS\u00c9"}},{"type":"Feature","geometry":{"type":"Point","coordinates":[-41.332308,-21.723189]},"properties":{"nome":"0294","tipo":"ponto","bairro":"S\u00c3O JOS\u00c9"}},{"type":"Feature","geometry":{"type":"Point","coordinates":[-41.332233,-21.723047]},"properties":{"nome":"0303","tipo":"ponto","bairro":"S\u00c3O JOS\u00c9"}},{"type":"Feature","geometry":{"type":"Point","coordinates":[-41.332072,-21.722806]},"properties":{"nome":"0313","tipo":"ponto","bairro":"S\u00c3O JOS\u00c9"}},{"type":"Feature","geometry":{"type":"Point","coordinates":[-41.331992,-21.722674]},"properties":{"nome":"0323","tipo":"ponto","bairro":"S\u00c3O JOS\u00c9"}},{"type":"Feature","geometry":{"type":"Point","coordinates":[-41.331914,-21.722543]},"properties":{"nome":"0333","tipo":"ponto","bairro":"S\u00c3O JOS\u00c9"}},{"type":"Feature","geometry":{"type":"Point","coordinates":[-41.331793,-21.722314]},"properties":{"nome":"0343","tipo":"ponto","bairro":"S\u00c3O JOS\u00c9"}},{"type":"Feature","geometry":{"type":"Point","coordinates":[-41.331711,-21.722172]},"properties":{"nome":"0353","tipo":"ponto","bairro":"S\u00c3O JOS\u00c9"}},{"type":"Feature","geometry":{"type":"Point","coordinates":[-41.331608,-21.722012]},"properties":{"nome":"0363","tipo":"ponto","bairro":"S\u00c3O JOS\u00c9"}},{"type":"Feature","geometry":{"type":"Point","coordinates":[-41.331454,-21.72174]},"properties":{"nome":"0373","tipo":"ponto","bairro":"S\u00c3O JOS\u00c9"}},{"type":"Feature","geometry":{"type":"Point","coordinates":[-41.331272,-21.721466]},"properties":{"nome":"0383","tipo":"ponto","bairro":"S\u00c3O JOS\u00c9"}},{"type":"Feature","geometry":{"type":"Point","coordinates":[-41.331103,-21.721185]},"properties":{"nome":"0393","tipo":"ponto","bairro":"S\u00c3O JOS\u00c9"}},{"type":"Feature","geometry":{"type":"Point","coordinates":[-41.333884,-21.726262]},"properties":{"nome":"0552","tipo":"ponto","bairro":"S\u00c3O JOS\u00c9"}},{"type":"Feature","geometry":{"type":"Point","coordinates":[-41.333745,-21.726231]},"properties":{"nome":"0562","tipo":"ponto","bairro":"S\u00c3O JOS\u00c9"}},{"type":"Feature","geometry":{"type":"Point","coordinates":[-41.333515,-21.726188]},"properties":{"nome":"0572","tipo":"ponto","bairro":"S\u00c3O JOS\u00c9"}},{"type":"Feature","geometry":{"type":"Point","coordinates":[-41.333338,-21.726153]},"properties":{"nome":"0582","tipo":"ponto","bairro":"S\u00c3O JOS\u00c9"}},{"type":"Feature","geometry":{"type":"Point","coordinates":[-41.333245,-21.726166]},"properties":{"nome":"0592","tipo":"ponto","bairro":"S\u00c3O JOS\u00c9"}},{"type":"Feature","geometry":{"type":"Point","coordinates":[-41.333256,-21.726283]},"properties":{"nome":"0602","tipo":"ponto","bairro":"S\u00c3O JOS\u00c9"}},{"type":"Feature","geometry":{"type":"Point","coordinates":[-41.333337,-21.72645]},"properties":{"nome":"0612","tipo":"ponto","bairro":"S\u00c3O JOS\u00c9"}},{"type":"Feature","geometry":{"type":"Point","coordinates":[-41.333418,-21.726619]},"properties":{"nome":"0622","tipo":"ponto","bairro":"S\u00c3O JOS\u00c9"}},{"type":"Feature","geometry":{"type":"Point","coordinates":[-41.333551,-21.726946]},"properties":{"nome":"0632","tipo":"ponto","bairro":"S\u00c3O JOS\u00c9"}},{"type":"Feature","geometry":{"type":"Point","coordinates":[-41.333652,-21.727285]},"properties":{"nome":"0641","tipo":"ponto","bairro":"S\u00c3O JOS\u00c9"}},{"type":"Feature","geometry":{"type":"Point","coordinates":[-41.333753,-21.727584]},"properties":{"nome":"0651","tipo":"ponto","bairro":"S\u00c3O JOS\u00c9"}},{"type":"Feature","geometry":{"type":"Point","coordinates":[-41.333858,-21.727959]},"properties":{"nome":"0661","tipo":"ponto","bairro":"S\u00c3O JOS\u00c9"}},{"type":"Feature","geometry":{"type":"Point","coordinates":[-41.333966,-21.728334]},"properties":{"nome":"0671","tipo":"ponto","bairro":"S\u00c3O JOS\u00c9"}},{"type":"Feature","geometry":{"type":"Point","coordinates":[-41.334066,-21.728628]},"properties":{"nome":"0681","tipo":"ponto","bairro":"S\u00c3O JOS\u00c9"}},{"type":"Feature","geometry":{"type":"Point","coordinates":[-41.334207,-21.728942]},"properties":{"nome":"0691","tipo":"ponto","bairro":"S\u00c3O JOS\u00c9"}},{"type":"Feature","geometry":{"type":"Point","coordinates":[-41.334056,-21.724737]},"properties":{"nome":"0013","tipo":"ponto","bairro":"S\u00c3O JOS\u00c9"}},{"type":"Feature","geometry":{"type":"Point","coordinates":[-41.33418,-21.724923]},"properties":{"nome":"0023","tipo":"ponto","bairro":"S\u00c3O JOS\u00c9"}},{"type":"Feature","geometry":{"type":"Point","coordinates":[-41.332633,-21.726676]},"properties":{"nome":"0133","tipo":"ponto","bairro":"S\u00c3O JOS\u00c9"}},{"type":"Feature","geometry":{"type":"Point","coordinates":[-41.332428,-21.726316]},"properties":{"nome":"0143","tipo":"ponto","bairro":"S\u00c3O JOS\u00c9"}},{"type":"Feature","geometry":{"type":"Point","coordinates":[-41.332427,-21.726219]},"properties":{"nome":"0153","tipo":"ponto","bairro":"S\u00c3O JOS\u00c9"}},{"type":"Feature","geometry":{"type":"Point","coordinates":[-41.332308,-21.726038]},"properties":{"nome":"0163","tipo":"ponto","bairro":"S\u00c3O JOS\u00c9"}},{"type":"Feature","geometry":{"type":"Point","coordinates":[-41.331435,-21.726455]},"properties":{"nome":"0173","tipo":"ponto","bairro":"S\u00c3O JOS\u00c9"}},{"type":"Feature","geometry":{"type":"Point","coordinates":[-41.331592,-21.726397]},"properties":{"nome":"0183","tipo":"ponto","bairro":"S\u00c3O JOS\u00c9"}},{"type":"Feature","geometry":{"type":"Point","coordinates":[-41.331868,-21.726252]},"properties":{"nome":"0193","tipo":"ponto","bairro":"S\u00c3O JOS\u00c9"}},{"type":"Feature","geometry":{"type":"Point","coordinates":[-41.332174,-21.726105]},"properties":{"nome":"0203","tipo":"ponto","bairro":"S\u00c3O JOS\u00c9"}},{"type":"Feature","geometry":{"type":"Point","coordinates":[-41.332183,-21.72577]},"properties":{"nome":"0213","tipo":"ponto","bairro":"S\u00c3O JOS\u00c9"}},{"type":"Feature","geometry":{"type":"Point","coordinates":[-41.332098,-21.725635]},"properties":{"nome":"0223","tipo":"ponto","bairro":"S\u00c3O JOS\u00c9"}},{"type":"Feature","geometry":{"type":"Point","coordinates":[-41.331994,-21.725457]},"properties":{"nome":"0233","tipo":"ponto","bairro":"S\u00c3O JOS\u00c9"}},{"type":"Feature","geometry":{"type":"Point","coordinates":[-41.331925,-21.725331]},"properties":{"nome":"0243","tipo":"ponto","bairro":"S\u00c3O JOS\u00c9"}},{"type":"Feature","geometry":{"type":"Point","coordinates":[-41.331794,-21.725137]},"properties":{"nome":"0253","tipo":"ponto","bairro":"S\u00c3O JOS\u00c9"}},{"type":"Feature","geometry":{"type":"Point","coordinates":[-41.331781,-21.725087]},"properties":{"nome":"0263","tipo":"ponto","bairro":"S\u00c3O JOS\u00c9"}},{"type":"Feature","geometry":{"type":"Point","coordinates":[-41.336876,-21.726927]},"properties":{"nome":"022","tipo":"ponto","bairro":"S\u00c3O JOS\u00c9"}},{"type":"Feature","geometry":{"type":"Point","coordinates":[-41.334491,-21.723801]},"properties":{"nome":"0012","tipo":"ponto","bairro":"S\u00c3O JOS\u00c9"}},{"type":"Feature","geometry":{"type":"Point","coordinates":[-41.334648,-21.723982]},"properties":{"nome":"0022","tipo":"ponto","bairro":"S\u00c3O JOS\u00c9"}},{"type":"Feature","geometry":{"type":"Point","coordinates":[-41.334812,-21.724229]},"properties":{"nome":"0032","tipo":"ponto","bairro":"S\u00c3O JOS\u00c9"}},{"type":"Feature","geometry":{"type":"Point","coordinates":[-41.334984,-21.724547]},"properties":{"nome":"0042","tipo":"ponto","bairro":"S\u00c3O JOS\u00c9"}},{"type":"Feature","geometry":{"type":"Point","coordinates":[-41.335145,-21.724846]},"properties":{"nome":"0052","tipo":"ponto","bairro":"S\u00c3O JOS\u00c9"}},{"type":"Feature","geometry":{"type":"Point","coordinates":[-41.335299,-21.72517]},"properties":{"nome":"0062","tipo":"ponto","bairro":"S\u00c3O JOS\u00c9"}},{"type":"Feature","geometry":{"type":"Point","coordinates":[-41.335449,-21.725446]},"properties":{"nome":"0072","tipo":"ponto","bairro":"S\u00c3O JOS\u00c9"}},{"type":"Feature","geometry":{"type":"Point","coordinates":[-41.335601,-21.725742]},"properties":{"nome":"0082","tipo":"ponto","bairro":"S\u00c3O JOS\u00c9"}},{"type":"Feature","geometry":{"type":"Point","coordinates":[-41.334858,-21.726141]},"properties":{"nome":"0092","tipo":"ponto","bairro":"S\u00c3O JOS\u00c9"}},{"type":"Feature","geometry":{"type":"Point","coordinates":[-41.334662,-21.725811]},"properties":{"nome":"0102","tipo":"ponto","bairro":"S\u00c3O JOS\u00c9"}},{"type":"Feature","geometry":{"type":"Point","coordinates":[-41.334464,-21.72548]},"properties":{"nome":"0112","tipo":"ponto","bairro":"S\u00c3O JOS\u00c9"}},{"type":"Feature","geometry":{"type":"Point","coordinates":[-41.33428,-21.725165]},"properties":{"nome":"0122","tipo":"ponto","bairro":"S\u00c3O JOS\u00c9"}},{"type":"Feature","geometry":{"type":"Point","coordinates":[-41.334141,-21.724913]},"properties":{"nome":"0132","tipo":"ponto","bairro":"S\u00c3O JOS\u00c9"}},{"type":"Feature","geometry":{"type":"Point","coordinates":[-41.334027,-21.72473]},"properties":{"nome":"0142","tipo":"ponto","bairro":"S\u00c3O JOS\u00c9"}},{"type":"Feature","geometry":{"type":"Point","coordinates":[-41.333735,-21.72422]},"properties":{"nome":"0152","tipo":"ponto","bairro":"S\u00c3O JOS\u00c9"}},{"type":"Feature","geometry":{"type":"Point","coordinates":[-41.333619,-21.724093]},"properties":{"nome":"0162","tipo":"ponto","bairro":"S\u00c3O JOS\u00c9"}},{"type":"Feature","geometry":{"type":"Point","coordinates":[-41.333463,-21.724138]},"properties":{"nome":"0172","tipo":"ponto","bairro":"S\u00c3O JOS\u00c9"}},{"type":"Feature","geometry":{"type":"Point","coordinates":[-41.333204,-21.724241]},"properties":{"nome":"0182","tipo":"ponto","bairro":"S\u00c3O JOS\u00c9"}},{"type":"Feature","geometry":{"type":"Point","coordinates":[-41.332872,-21.724452]},"properties":{"nome":"0192","tipo":"ponto","bairro":"S\u00c3O JOS\u00c9"}},{"type":"Feature","geometry":{"type":"Point","coordinates":[-41.33306,-21.72447]},"properties":{"nome":"0202","tipo":"ponto","bairro":"S\u00c3O JOS\u00c9"}},{"type":"Feature","geometry":{"type":"Point","coordinates":[-41.333185,-21.724686]},"properties":{"nome":"0212","tipo":"ponto","bairro":"S\u00c3O JOS\u00c9"}},{"type":"Feature","geometry":{"type":"Point","coordinates":[-41.333276,-21.72485]},"properties":{"nome":"0222","tipo":"ponto","bairro":"S\u00c3O JOS\u00c9"}},{"type":"Feature","geometry":{"type":"Point","coordinates":[-41.333423,-21.72514]},"properties":{"nome":"0232","tipo":"ponto","bairro":"S\u00c3O JOS\u00c9"}},{"type":"Feature","geometry":{"type":"Point","coordinates":[-41.333515,-21.725291]},"properties":{"nome":"0242","tipo":"ponto","bairro":"S\u00c3O JOS\u00c9"}},{"type":"Feature","geometry":{"type":"Point","coordinates":[-41.333612,-21.725457]},"properties":{"nome":"0252","tipo":"ponto","bairro":"S\u00c3O JOS\u00c9"}},{"type":"Feature","geometry":{"type":"Point","coordinates":[-41.333693,-21.725583]},"properties":{"nome":"0262","tipo":"ponto","bairro":"S\u00c3O JOS\u00c9"}},{"type":"Feature","geometry":{"type":"Point","coordinates":[-41.333809,-21.725784]},"properties":{"nome":"0272","tipo":"ponto","bairro":"S\u00c3O JOS\u00c9"}},{"type":"Feature","geometry":{"type":"Point","coordinates":[-41.333932,-21.726041]},"properties":{"nome":"0282","tipo":"ponto","bairro":"S\u00c3O JOS\u00c9"}},{"type":"Feature","geometry":{"type":"Point","coordinates":[-41.33397,-21.726104]},"properties":{"nome":"0292","tipo":"ponto","bairro":"S\u00c3O JOS\u00c9"}},{"type":"Feature","geometry":{"type":"Point","coordinates":[-41.334056,-21.726358]},"properties":{"nome":"0302","tipo":"ponto","bairro":"S\u00c3O JOS\u00c9"}},{"type":"Feature","geometry":{"type":"Point","coordinates":[-41.334118,-21.726514]},"properties":{"nome":"0312","tipo":"ponto","bairro":"S\u00c3O JOS\u00c9"}},{"type":"Feature","geometry":{"type":"Point","coordinates":[-41.334191,-21.726742]},"properties":{"nome":"0322","tipo":"ponto","bairro":"S\u00c3O JOS\u00c9"}},{"type":"Feature","geometry":{"type":"Point","coordinates":[-41.334312,-21.727117]},"properties":{"nome":"0332","tipo":"ponto","bairro":"S\u00c3O JOS\u00c9"}},{"type":"Feature","geometry":{"type":"Point","coordinates":[-41.334424,-21.727432]},"properties":{"nome":"0342","tipo":"ponto","bairro":"S\u00c3O JOS\u00c9"}},{"type":"Feature","geometry":{"type":"Point","coordinates":[-41.33451,-21.727687]},"properties":{"nome":"0352","tipo":"ponto","bairro":"S\u00c3O JOS\u00c9"}},{"type":"Feature","geometry":{"type":"Point","coordinates":[-41.334633,-21.727918]},"properties":{"nome":"0362","tipo":"ponto","bairro":"S\u00c3O JOS\u00c9"}},{"type":"Feature","geometry":{"type":"Point","coordinates":[-41.334462,-21.727385]},"properties":{"nome":"0372","tipo":"ponto","bairro":"S\u00c3O JOS\u00c9"}},{"type":"Feature","geometry":{"type":"Point","coordinates":[-41.334784,-21.727268]},"properties":{"nome":"0382","tipo":"ponto","bairro":"S\u00c3O JOS\u00c9"}},{"type":"Feature","geometry":{"type":"Point","coordinates":[-41.335125,-21.727139]},"properties":{"nome":"0392","tipo":"ponto","bairro":"S\u00c3O JOS\u00c9"}},{"type":"Feature","geometry":{"type":"Point","coordinates":[-41.335429,-21.727015]},"properties":{"nome":"0402","tipo":"ponto","bairro":"S\u00c3O JOS\u00c9"}},{"type":"Feature","geometry":{"type":"Point","coordinates":[-41.335664,-21.726931]},"properties":{"nome":"0412","tipo":"ponto","bairro":"S\u00c3O JOS\u00c9"}},{"type":"Feature","geometry":{"type":"Point","coordinates":[-41.334923,-21.726263]},"properties":{"nome":"0511","tipo":"ponto","bairro":"S\u00c3O JOS\u00c9"}},{"type":"Feature","geometry":{"type":"Point","coordinates":[-41.335092,-21.726266]},"properties":{"nome":"0521","tipo":"ponto","bairro":"S\u00c3O JOS\u00c9"}},{"type":"Feature","geometry":{"type":"Point","coordinates":[-41.335283,-21.726529]},"properties":{"nome":"0531","tipo":"ponto","bairro":"S\u00c3O JOS\u00c9"}},{"type":"Feature","geometry":{"type":"Point","coordinates":[-41.33561,-21.725887]},"properties":{"nome":"0561","tipo":"ponto","bairro":"S\u00c3O JOS\u00c9"}},{"type":"Feature","geometry":{"type":"Point","coordinates":[-41.335438,-21.726024]},"properties":{"nome":"0571","tipo":"ponto","bairro":"S\u00c3O JOS\u00c9"}},{"type":"Feature","geometry":{"type":"Point","coordinates":[-41.335278,-21.726125]},"properties":{"nome":"0581","tipo":"ponto","bairro":"S\u00c3O JOS\u00c9"}},{"type":"Feature","geometry":{"type":"Point","coordinates":[-41.33508,-21.726235]},"properties":{"nome":"0591","tipo":"ponto","bairro":"S\u00c3O JOS\u00c9"}},{"type":"Feature","geometry":{"type":"Point","coordinates":[-41.334601,-21.727019]},"properties":{"nome":"0601","tipo":"ponto","bairro":"S\u00c3O JOS\u00c9"}},{"type":"Feature","geometry":{"type":"Point","coordinates":[-41.334698,-21.726975]},"properties":{"nome":"0611","tipo":"ponto","bairro":"S\u00c3O JOS\u00c9"}},{"type":"Feature","geometry":{"type":"Point","coordinates":[-41.334884,-21.7269]},"properties":{"nome":"0621","tipo":"ponto","bairro":"S\u00c3O JOS\u00c9"}},{"type":"Feature","geometry":{"type":"Point","coordinates":[-41.337058,-21.727098]},"properties":{"nome":"023","tipo":"ponto","bairro":"S\u00c3O JOS\u00c9"}},{"type":"Feature","geometry":{"type":"Point","coordinates":[-41.337252,-21.727274]},"properties":{"nome":"024","tipo":"ponto","bairro":"S\u00c3O JOS\u00c9"}},{"type":"Feature","geometry":{"type":"Point","coordinates":[-41.337281,-21.726447]},"properties":{"nome":"025","tipo":"ponto","bairro":"S\u00c3O JOS\u00c9"}},{"type":"Feature","geometry":{"type":"Point","coordinates":[-41.337486,-21.726238]},"properties":{"nome":"026","tipo":"ponto","bairro":"S\u00c3O JOS\u00c9"}},{"type":"Feature","geometry":{"type":"Point","coordinates":[-41.337661,-21.726001]},"properties":{"nome":"027","tipo":"ponto","bairro":"S\u00c3O JOS\u00c9"}},{"type":"Feature","geometry":{"type":"Point","coordinates":[-41.337863,-21.72583]},"properties":{"nome":"028","tipo":"ponto","bairro":"S\u00c3O JOS\u00c9"}},{"type":"Feature","geometry":{"type":"Point","coordinates":[-41.33802,-21.725596]},"properties":{"nome":"029","tipo":"ponto","bairro":"S\u00c3O JOS\u00c9"}},{"type":"Feature","geometry":{"type":"Point","coordinates":[-41.338193,-21.72537]},"properties":{"nome":"030","tipo":"ponto","bairro":"S\u00c3O JOS\u00c9"}},{"type":"Feature","geometry":{"type":"Point","coordinates":[-41.338299,-21.725191]},"properties":{"nome":"031","tipo":"ponto","bairro":"S\u00c3O JOS\u00c9"}},{"type":"Feature","geometry":{"type":"Point","coordinates":[-41.338363,-21.725051]},"properties":{"nome":"032","tipo":"ponto","bairro":"S\u00c3O JOS\u00c9"}},{"type":"Feature","geometry":{"type":"Point","coordinates":[-41.338515,-21.724872]},"properties":{"nome":"033","tipo":"ponto","bairro":"S\u00c3O JOS\u00c9"}},{"type":"Feature","geometry":{"type":"Point","coordinates":[-41.336402,-21.725443]},"properties":{"nome":"0011","tipo":"ponto","bairro":"S\u00c3O JOS\u00c9"}},{"type":"Feature","geometry":{"type":"Point","coordinates":[-41.336344,-21.725337]},"properties":{"nome":"0021","tipo":"ponto","bairro":"S\u00c3O JOS\u00c9"}},{"type":"Feature","geometry":{"type":"Point","coordinates":[-41.336178,-21.725047]},"properties":{"nome":"0031","tipo":"ponto","bairro":"S\u00c3O JOS\u00c9"}},{"type":"Feature","geometry":{"type":"Point","coordinates":[-41.336038,-21.72471]},"properties":{"nome":"0041","tipo":"ponto","bairro":"S\u00c3O JOS\u00c9"}},{"type":"Feature","geometry":{"type":"Point","coordinates":[-41.335884,-21.724435]},"properties":{"nome":"0051","tipo":"ponto","bairro":"S\u00c3O JOS\u00c9"}},{"type":"Feature","geometry":{"type":"Point","coordinates":[-41.335692,-21.724039]},"properties":{"nome":"0061","tipo":"ponto","bairro":"S\u00c3O JOS\u00c9"}},{"type":"Feature","geometry":{"type":"Point","coordinates":[-41.335612,-21.723898]},"properties":{"nome":"0071","tipo":"ponto","bairro":"S\u00c3O JOS\u00c9"}},{"type":"Feature","geometry":{"type":"Point","coordinates":[-41.335532,-21.723727]},"properties":{"nome":"0081","tipo":"ponto","bairro":"S\u00c3O JOS\u00c9"}},{"type":"Feature","geometry":{"type":"Point","coordinates":[-41.335393,-21.723437]},"properties":{"nome":"0091","tipo":"ponto","bairro":"S\u00c3O JOS\u00c9"}},{"type":"Feature","geometry":{"type":"Point","coordinates":[-41.335246,-21.723146]},"properties":{"nome":"0101","tipo":"ponto","bairro":"S\u00c3O JOS\u00c9"}},{"type":"Feature","geometry":{"type":"Point","coordinates":[-41.335116,-21.722935]},"properties":{"nome":"0111","tipo":"ponto","bairro":"S\u00c3O JOS\u00c9"}},{"type":"Feature","geometry":{"type":"Point","coordinates":[-41.336471,-21.725519]},"properties":{"nome":"0121","tipo":"ponto","bairro":"S\u00c3O JOS\u00c9"}},{"type":"Feature","geometry":{"type":"Point","coordinates":[-41.336601,-21.72565]},"properties":{"nome":"0131","tipo":"ponto","bairro":"S\u00c3O JOS\u00c9"}},{"type":"Feature","geometry":{"type":"Point","coordinates":[-41.336774,-21.725863]},"properties":{"nome":"0141","tipo":"ponto","bairro":"S\u00c3O JOS\u00c9"}},{"type":"Feature","geometry":{"type":"Point","coordinates":[-41.336935,-21.726103]},"properties":{"nome":"0151","tipo":"ponto","bairro":"S\u00c3O JOS\u00c9"}},{"type":"Feature","geometry":{"type":"Point","coordinates":[-41.336985,-21.726177]},"properties":{"nome":"0161","tipo":"ponto","bairro":"S\u00c3O JOS\u00c9"}},{"type":"Feature","geometry":{"type":"Point","coordinates":[-41.33703,-21.72625]},"properties":{"nome":"017","tipo":"ponto","bairro":"S\u00c3O JOS\u00c9"}},{"type":"Feature","geometry":{"type":"Point","coordinates":[-41.337203,-21.726568]},"properties":{"nome":"018","tipo":"ponto","bairro":"S\u00c3O JOS\u00c9"}},{"type":"Feature","geometry":{"type":"Point","coordinates":[-41.336973,-21.726677]},"properties":{"nome":"019","tipo":"ponto","bairro":"S\u00c3O JOS\u00c9"}},{"type":"Feature","geometry":{"type":"Point","coordinates":[-41.33671,-21.726843]},"properties":{"nome":"020","tipo":"ponto","bairro":"S\u00c3O JOS\u00c9"}},{"type":"Feature","geometry":{"type":"Point","coordinates":[-41.338433,-21.724705]},"properties":{"nome":"0341","tipo":"ponto","bairro":"S\u00c3O JOS\u00c9"}},{"type":"Feature","geometry":{"type":"Point","coordinates":[-41.338342,-21.724574]},"properties":{"nome":"0351","tipo":"ponto","bairro":"S\u00c3O JOS\u00c9"}},{"type":"Feature","geometry":{"type":"Point","coordinates":[-41.338224,-21.72437]},"properties":{"nome":"0361","tipo":"ponto","bairro":"S\u00c3O JOS\u00c9"}},{"type":"Feature","geometry":{"type":"Point","coordinates":[-41.338199,-21.724545]},"properties":{"nome":"0371","tipo":"ponto","bairro":"S\u00c3O JOS\u00c9"}},{"type":"Feature","geometry":{"type":"Point","coordinates":[-41.338145,-21.724609]},"properties":{"nome":"0381","tipo":"ponto","bairro":"S\u00c3O JOS\u00c9"}},{"type":"Feature","geometry":{"type":"Point","coordinates":[-41.338002,-21.724829]},"properties":{"nome":"0391","tipo":"ponto","bairro":"S\u00c3O JOS\u00c9"}},{"type":"Feature","geometry":{"type":"Point","coordinates":[-41.33787,-21.725059]},"properties":{"nome":"0401","tipo":"ponto","bairro":"S\u00c3O JOS\u00c9"}},{"type":"Feature","geometry":{"type":"Point","coordinates":[-41.337709,-21.725294]},"properties":{"nome":"0411","tipo":"ponto","bairro":"S\u00c3O JOS\u00c9"}},{"type":"Feature","geometry":{"type":"Point","coordinates":[-41.337516,-21.725543]},"properties":{"nome":"0421","tipo":"ponto","bairro":"S\u00c3O JOS\u00c9"}},{"type":"Feature","geometry":{"type":"Point","coordinates":[-41.337356,-21.725695]},"properties":{"nome":"0431","tipo":"ponto","bairro":"S\u00c3O JOS\u00c9"}},{"type":"Feature","geometry":{"type":"Point","coordinates":[-41.337275,-21.725809]},"properties":{"nome":"044","tipo":"ponto","bairro":"S\u00c3O JOS\u00c9"}},{"type":"Feature","geometry":{"type":"Point","coordinates":[-41.337103,-21.725977]},"properties":{"nome":"045","tipo":"ponto","bairro":"S\u00c3O JOS\u00c9"}},{"type":"Feature","geometry":{"type":"Point","coordinates":[-41.33683,-21.726233]},"properties":{"nome":"046","tipo":"ponto","bairro":"S\u00c3O JOS\u00c9"}},{"type":"Feature","geometry":{"type":"Point","coordinates":[-41.336835,-21.726228]},"properties":{"nome":"047","tipo":"ponto","bairro":"S\u00c3O JOS\u00c9"}},{"type":"Feature","geometry":{"type":"Point","coordinates":[-41.336598,-21.726386]},"properties":{"nome":"048","tipo":"ponto","bairro":"S\u00c3O JOS\u00c9"}},{"type":"Feature","geometry":{"type":"Point","coordinates":[-41.336361,-21.726529]},"properties":{"nome":"049","tipo":"ponto","bairro":"S\u00c3O JOS\u00c9"}},{"type":"Feature","geometry":{"type":"Point","coordinates":[-41.336076,-21.726648]},"properties":{"nome":"050","tipo":"ponto","bairro":"S\u00c3O JOS\u00c9"}},{"type":"Feature","geometry":{"type":"Point","coordinates":[-41.335886,-21.726776]},"properties":{"nome":"051","tipo":"ponto","bairro":"S\u00c3O JOS\u00c9"}},{"type":"Feature","geometry":{"type":"Point","coordinates":[-41.335779,-21.72637]},"properties":{"nome":"052","tipo":"ponto","bairro":"S\u00c3O JOS\u00c9"}},{"type":"Feature","geometry":{"type":"Point","coordinates":[-41.336013,-21.726214]},"properties":{"nome":"053","tipo":"ponto","bairro":"S\u00c3O JOS\u00c9"}},{"type":"Feature","geometry":{"type":"Point","coordinates":[-41.336236,-21.72606]},"properties":{"nome":"054","tipo":"ponto","bairro":"S\u00c3O JOS\u00c9"}},{"type":"Feature","geometry":{"type":"Point","coordinates":[-41.336513,-21.725932]},"properties":{"nome":"055","tipo":"ponto","bairro":"S\u00c3O JOS\u00c9"}},{"type":"Feature","geometry":{"type":"Point","coordinates":[-41.336861,-21.725701]},"properties":{"nome":"056","tipo":"ponto","bairro":"S\u00c3O JOS\u00c9"}},{"type":"Feature","geometry":{"type":"Point","coordinates":[-41.337058,-21.725474]},"properties":{"nome":"057","tipo":"ponto","bairro":"S\u00c3O JOS\u00c9"}},{"type":"Feature","geometry":{"type":"Point","coordinates":[-41.33726,-21.725258]},"properties":{"nome":"058","tipo":"ponto","bairro":"S\u00c3O JOS\u00c9"}},{"type":"Feature","geometry":{"type":"Point","coordinates":[-41.337443,-21.725029]},"properties":{"nome":"059","tipo":"ponto","bairro":"S\u00c3O JOS\u00c9"}},{"type":"Feature","geometry":{"type":"Point","coordinates":[-41.337614,-21.724766]},"properties":{"nome":"060","tipo":"ponto","bairro":"S\u00c3O JOS\u00c9"}},{"type":"Feature","geometry":{"type":"Point","coordinates":[-41.337729,-21.724558]},"properties":{"nome":"061","tipo":"ponto","bairro":"S\u00c3O JOS\u00c9"}},{"type":"Feature","geometry":{"type":"Point","coordinates":[-41.337881,-21.724272]},"properties":{"nome":"062","tipo":"ponto","bairro":"S\u00c3O JOS\u00c9"}},{"type":"Feature","geometry":{"type":"Point","coordinates":[-41.338004,-21.724067]},"properties":{"nome":"063","tipo":"ponto","bairro":"S\u00c3O JOS\u00c9"}},{"type":"Feature","geometry":{"type":"Point","coordinates":[-41.33813,-21.724221]},"properties":{"nome":"064","tipo":"ponto","bairro":"S\u00c3O JOS\u00c9"}},{"type":"Feature","geometry":{"type":"Point","coordinates":[-41.337808,-21.723786]},"properties":{"nome":"065","tipo":"ponto","bairro":"S\u00c3O JOS\u00c9"}},{"type":"Feature","geometry":{"type":"Point","coordinates":[-41.337759,-21.723694]},"properties":{"nome":"066","tipo":"ponto","bairro":"S\u00c3O JOS\u00c9"}},{"type":"Feature","geometry":{"type":"Point","coordinates":[-41.337653,-21.723793]},"properties":{"nome":"067","tipo":"ponto","bairro":"S\u00c3O JOS\u00c9"}},{"type":"Feature","geometry":{"type":"Point","coordinates":[-41.337599,-21.72396]},"properties":{"nome":"068","tipo":"ponto","bairro":"S\u00c3O JOS\u00c9"}},{"type":"Feature","geometry":{"type":"Point","coordinates":[-41.337528,-21.724081]},"properties":{"nome":"069","tipo":"ponto","bairro":"S\u00c3O JOS\u00c9"}},{"type":"Feature","geometry":{"type":"Point","coordinates":[-41.336439,-21.725437]},"properties":{"nome":"001","tipo":"ponto","bairro":"S\u00c3O JOS\u00c9"}},{"type":"Feature","geometry":{"type":"Point","coordinates":[-41.336552,-21.725428]},"properties":{"nome":"002","tipo":"ponto","bairro":"S\u00c3O JOS\u00c9"}},{"type":"Feature","geometry":{"type":"Point","coordinates":[-41.336613,-21.725348]},"properties":{"nome":"003","tipo":"ponto","bairro":"S\u00c3O JOS\u00c9"}},{"type":"Feature","geometry":{"type":"Point","coordinates":[-41.336779,-21.725158]},"properties":{"nome":"004","tipo":"ponto","bairro":"S\u00c3O JOS\u00c9"}},{"type":"Feature","geometry":{"type":"Point","coordinates":[-41.336886,-21.724929]},"properties":{"nome":"005","tipo":"ponto","bairro":"S\u00c3O JOS\u00c9"}},{"type":"Feature","geometry":{"type":"Point","coordinates":[-41.33683,-21.724789]},"properties":{"nome":"006","tipo":"ponto","bairro":"S\u00c3O JOS\u00c9"}},{"type":"Feature","geometry":{"type":"Point","coordinates":[-41.336755,-21.724626]},"properties":{"nome":"007","tipo":"ponto","bairro":"S\u00c3O JOS\u00c9"}},{"type":"Feature","geometry":{"type":"Point","coordinates":[-41.33663,-21.724397]},"properties":{"nome":"008","tipo":"ponto","bairro":"S\u00c3O JOS\u00c9"}},{"type":"Feature","geometry":{"type":"Point","coordinates":[-41.336469,-21.724046]},"properties":{"nome":"009","tipo":"ponto","bairro":"S\u00c3O JOS\u00c9"}},{"type":"Feature","geometry":{"type":"Point","coordinates":[-41.336323,-21.723778]},"properties":{"nome":"010","tipo":"ponto","bairro":"S\u00c3O JOS\u00c9"}},{"type":"Feature","geometry":{"type":"Point","coordinates":[-41.336179,-21.723482]},"properties":{"nome":"011","tipo":"ponto","bairro":"S\u00c3O JOS\u00c9"}},{"type":"Feature","geometry":{"type":"Point","coordinates":[-41.33616,-21.723302]},"properties":{"nome":"012","tipo":"ponto","bairro":"S\u00c3O JOS\u00c9"}},{"type":"Feature","geometry":{"type":"Point","coordinates":[-41.336073,-21.723255]},"properties":{"nome":"014","tipo":"ponto","bairro":"S\u00c3O JOS\u00c9"}},{"type":"Feature","geometry":{"type":"Point","coordinates":[-41.335779,-21.723042]},"properties":{"nome":"015","tipo":"ponto","bairro":"S\u00c3O JOS\u00c9"}},{"type":"Feature","geometry":{"type":"Point","coordinates":[-41.33548,-21.722831]},"properties":{"nome":"016","tipo":"ponto","bairro":"S\u00c3O JOS\u00c9"}},{"type":"Feature","geometry":{"type":"Point","coordinates":[-41.336605,-21.725365]},"properties":{"nome":"034","tipo":"ponto","bairro":"S\u00c3O JOS\u00c9"}},{"type":"Feature","geometry":{"type":"Point","coordinates":[-41.336731,-21.725212]},"properties":{"nome":"035","tipo":"ponto","bairro":"S\u00c3O JOS\u00c9"}},{"type":"Feature","geometry":{"type":"Point","coordinates":[-41.336897,-21.725031]},"properties":{"nome":"036","tipo":"ponto","bairro":"S\u00c3O JOS\u00c9"}},{"type":"Feature","geometry":{"type":"Point","coordinates":[-41.337147,-21.724692]},"properties":{"nome":"037","tipo":"ponto","bairro":"S\u00c3O JOS\u00c9"}},{"type":"Feature","geometry":{"type":"Point","coordinates":[-41.337341,-21.724383]},"properties":{"nome":"038","tipo":"ponto","bairro":"S\u00c3O JOS\u00c9"}},{"type":"Feature","geometry":{"type":"Point","coordinates":[-41.33743,-21.724238]},"properties":{"nome":"039","tipo":"ponto","bairro":"S\u00c3O JOS\u00c9"}},{"type":"Feature","geometry":{"type":"Point","coordinates":[-41.337319,-21.724165]},"properties":{"nome":"040","tipo":"ponto","bairro":"S\u00c3O JOS\u00c9"}},{"type":"Feature","geometry":{"type":"Point","coordinates":[-41.336991,-21.723906]},"properties":{"nome":"041","tipo":"ponto","bairro":"S\u00c3O JOS\u00c9"}},{"type":"Feature","geometry":{"type":"Point","coordinates":[-41.336715,-21.723699]},"properties":{"nome":"042","tipo":"ponto","bairro":"S\u00c3O JOS\u00c9"}},{"type":"Feature","geometry":{"type":"Point","coordinates":[-41.336393,-21.723458]},"properties":{"nome":"043","tipo":"ponto","bairro":"S\u00c3O JOS\u00c9"}},{"type":"Feature","geometry":{"type":"Point","coordinates":[-41.335193,-21.714427]},"properties":{"nome":"0014","tipo":"ponto","bairro":"S\u00c3O JOS\u00c9"}},{"type":"Feature","geometry":{"type":"Point","coordinates":[-41.335548,-21.714286]},"properties":{"nome":"0024","tipo":"ponto","bairro":"S\u00c3O JOS\u00c9"}},{"type":"Feature","geometry":{"type":"Point","coordinates":[-41.335279,-21.714289]},"properties":{"nome":"0034","tipo":"ponto","bairro":"S\u00c3O JOS\u00c9"}},{"type":"Feature","geometry":{"type":"Point","coordinates":[-41.335184,-21.714287]},"properties":{"nome":"0044","tipo":"ponto","bairro":"S\u00c3O JOS\u00c9"}},{"type":"Feature","geometry":{"type":"Point","coordinates":[-41.334996,-21.714422]},"properties":{"nome":"0054","tipo":"ponto","bairro":"S\u00c3O JOS\u00c9"}},{"type":"Feature","geometry":{"type":"Point","coordinates":[-41.335001,-21.714516]},"properties":{"nome":"0064","tipo":"ponto","bairro":"S\u00c3O JOS\u00c9"}},{"type":"Feature","geometry":{"type":"Point","coordinates":[-41.335009,-21.714762]},"properties":{"nome":"0074","tipo":"ponto","bairro":"S\u00c3O JOS\u00c9"}},{"type":"Feature","geometry":{"type":"Point","coordinates":[-41.335028,-21.71489]},"properties":{"nome":"0084","tipo":"ponto","bairro":"S\u00c3O JOS\u00c9"}},{"type":"Feature","geometry":{"type":"Point","coordinates":[-41.335443,-21.71473]},"properties":{"nome":"0104","tipo":"ponto","bairro":"S\u00c3O JOS\u00c9"}},{"type":"Feature","geometry":{"type":"Point","coordinates":[-41.335503,-21.715116]},"properties":{"nome":"0124","tipo":"ponto","bairro":"S\u00c3O JOS\u00c9"}},{"type":"Feature","geometry":{"type":"Point","coordinates":[-41.335662,-21.71431]},"properties":{"nome":"0144","tipo":"ponto","bairro":"S\u00c3O JOS\u00c9"}},{"type":"Feature","geometry":{"type":"Point","coordinates":[-41.335649,-21.714307]},"properties":{"nome":"0154","tipo":"ponto","bairro":"S\u00c3O JOS\u00c9"}},{"type":"Feature","geometry":{"type":"Point","coordinates":[-41.335675,-21.714482]},"properties":{"nome":"0164","tipo":"ponto","bairro":"S\u00c3O JOS\u00c9"}},{"type":"Feature","geometry":{"type":"Point","coordinates":[-41.335681,-21.714673]},"properties":{"nome":"0174","tipo":"ponto","bairro":"S\u00c3O JOS\u00c9"}},{"type":"Feature","geometry":{"type":"Point","coordinates":[-41.335697,-21.714813]},"properties":{"nome":"0184","tipo":"ponto","bairro":"S\u00c3O JOS\u00c9"}},{"type":"Feature","geometry":{"type":"Point","coordinates":[-41.335698,-21.715402]},"properties":{"nome":"0204","tipo":"ponto","bairro":"S\u00c3O JOS\u00c9"}},{"type":"Feature","geometry":{"type":"Point","coordinates":[-41.336115,-21.71429]},"properties":{"nome":"0214","tipo":"ponto","bairro":"S\u00c3O JOS\u00c9"}},{"type":"Feature","geometry":{"type":"Point","coordinates":[-41.336114,-21.714413]},"properties":{"nome":"0224","tipo":"ponto","bairro":"S\u00c3O JOS\u00c9"}},{"type":"Feature","geometry":{"type":"Point","coordinates":[-41.336126,-21.715054]},"properties":{"nome":"0244","tipo":"ponto","bairro":"S\u00c3O JOS\u00c9"}},{"type":"Feature","geometry":{"type":"Point","coordinates":[-41.336192,-21.715462]},"properties":{"nome":"0264","tipo":"ponto","bairro":"S\u00c3O JOS\u00c9"}},{"type":"Feature","geometry":{"type":"Point","coordinates":[-41.336135,-21.715714]},"properties":{"nome":"0274","tipo":"ponto","bairro":"S\u00c3O JOS\u00c9"}},{"type":"Feature","geometry":{"type":"Point","coordinates":[-41.335973,-21.716312]},"properties":{"nome":"0294","tipo":"ponto","bairro":"S\u00c3O JOS\u00c9"}},{"type":"Feature","geometry":{"type":"Point","coordinates":[-41.335917,-21.71657]},"properties":{"nome":"0304","tipo":"ponto","bairro":"S\u00c3O JOS\u00c9"}},{"type":"Feature","geometry":{"type":"Point","coordinates":[-41.335827,-21.71687]},"properties":{"nome":"0314","tipo":"ponto","bairro":"S\u00c3O JOS\u00c9"}},{"type":"Feature","geometry":{"type":"Point","coordinates":[-41.335189,-21.717268]},"properties":{"nome":"0334","tipo":"ponto","bairro":"S\u00c3O JOS\u00c9"}},{"type":"Feature","geometry":{"type":"Point","coordinates":[-41.33566,-21.715654]},"properties":{"nome":"0344","tipo":"ponto","bairro":"S\u00c3O JOS\u00c9"}},{"type":"Feature","geometry":{"type":"Point","coordinates":[-41.33553,-21.716282]},"properties":{"nome":"0364","tipo":"ponto","bairro":"S\u00c3O JOS\u00c9"}},{"type":"Feature","geometry":{"type":"Point","coordinates":[-41.335455,-21.716522]},"properties":{"nome":"0374","tipo":"ponto","bairro":"S\u00c3O JOS\u00c9"}},{"type":"Feature","geometry":{"type":"Point","coordinates":[-41.3354,-21.716758]},"properties":{"nome":"0384","tipo":"ponto","bairro":"S\u00c3O JOS\u00c9"}},{"type":"Feature","geometry":{"type":"Point","coordinates":[-41.335328,-21.717002]},"properties":{"nome":"0394","tipo":"ponto","bairro":"S\u00c3O JOS\u00c9"}},{"type":"Feature","geometry":{"type":"Point","coordinates":[-41.335166,-21.71745]},"properties":{"nome":"0404","tipo":"ponto","bairro":"S\u00c3O JOS\u00c9"}},{"type":"Feature","geometry":{"type":"Point","coordinates":[-41.335294,-21.717631]},"properties":{"nome":"0414","tipo":"ponto","bairro":"S\u00c3O JOS\u00c9"}},{"type":"Feature","geometry":{"type":"Point","coordinates":[-41.335135,-21.717637]},"properties":{"nome":"0424","tipo":"ponto","bairro":"S\u00c3O JOS\u00c9"}},{"type":"Feature","geometry":{"type":"Point","coordinates":[-41.334989,-21.718249]},"properties":{"nome":"0444","tipo":"ponto","bairro":"S\u00c3O JOS\u00c9"}},{"type":"Feature","geometry":{"type":"Point","coordinates":[-41.334902,-21.718556]},"properties":{"nome":"0454","tipo":"ponto","bairro":"S\u00c3O JOS\u00c9"}},{"type":"Feature","geometry":{"type":"Point","coordinates":[-41.33483,-21.718873]},"properties":{"nome":"0464","tipo":"ponto","bairro":"S\u00c3O JOS\u00c9"}},{"type":"Feature","geometry":{"type":"Point","coordinates":[-41.334815,-21.719084]},"properties":{"nome":"0474","tipo":"ponto","bairro":"S\u00c3O JOS\u00c9"}},{"type":"Feature","geometry":{"type":"Point","coordinates":[-41.335198,-21.719325]},"properties":{"nome":"0494","tipo":"ponto","bairro":"S\u00c3O JOS\u00c9"}},{"type":"Feature","geometry":{"type":"Point","coordinates":[-41.335348,-21.718715]},"properties":{"nome":"0514","tipo":"ponto","bairro":"S\u00c3O JOS\u00c9"}},{"type":"Feature","geometry":{"type":"Point","coordinates":[-41.335441,-21.718466]},"properties":{"nome":"0524","tipo":"ponto","bairro":"S\u00c3O JOS\u00c9"}},{"type":"Feature","geometry":{"type":"Point","coordinates":[-41.335488,-21.718216]},"properties":{"nome":"0534","tipo":"ponto","bairro":"S\u00c3O JOS\u00c9"}},{"type":"Feature","geometry":{"type":"Point","coordinates":[-41.335532,-21.71809]},"properties":{"nome":"0544","tipo":"ponto","bairro":"S\u00c3O JOS\u00c9"}},{"type":"Feature","geometry":{"type":"Point","coordinates":[-41.335939,-21.71891]},"properties":{"nome":"0554","tipo":"ponto","bairro":"S\u00c3O JOS\u00c9"}},{"type":"Feature","geometry":{"type":"Point","coordinates":[-41.336199,-21.719339]},"properties":{"nome":"0574","tipo":"ponto","bairro":"S\u00c3O JOS\u00c9"}},{"type":"Feature","geometry":{"type":"Point","coordinates":[-41.336394,-21.719654]},"properties":{"nome":"0584","tipo":"ponto","bairro":"S\u00c3O JOS\u00c9"}},{"type":"Feature","geometry":{"type":"Point","coordinates":[-41.336649,-21.720447]},"properties":{"nome":"0614","tipo":"ponto","bairro":"S\u00c3O JOS\u00c9"}},{"type":"Feature","geometry":{"type":"Point","coordinates":[-41.336855,-21.720439]},"properties":{"nome":"0624","tipo":"ponto","bairro":"S\u00c3O JOS\u00c9"}},{"type":"Feature","geometry":{"type":"Point","coordinates":[-41.337006,-21.720648]},"properties":{"nome":"0634","tipo":"ponto","bairro":"S\u00c3O JOS\u00c9"}},{"type":"Feature","geometry":{"type":"Point","coordinates":[-41.337179,-21.72093]},"properties":{"nome":"0644","tipo":"ponto","bairro":"S\u00c3O JOS\u00c9"}},{"type":"Feature","geometry":{"type":"Point","coordinates":[-41.337506,-21.721473]},"properties":{"nome":"0664","tipo":"ponto","bairro":"S\u00c3O JOS\u00c9"}},{"type":"Feature","geometry":{"type":"Point","coordinates":[-41.337675,-21.721764]},"properties":{"nome":"0674","tipo":"ponto","bairro":"S\u00c3O JOS\u00c9"}},{"type":"Feature","geometry":{"type":"Point","coordinates":[-41.337859,-21.722023]},"properties":{"nome":"0684","tipo":"ponto","bairro":"S\u00c3O JOS\u00c9"}},{"type":"Feature","geometry":{"type":"Point","coordinates":[-41.337852,-21.722026]},"properties":{"nome":"0694","tipo":"ponto","bairro":"S\u00c3O JOS\u00c9"}},{"type":"Feature","geometry":{"type":"Point","coordinates":[-41.338037,-21.722292]},"properties":{"nome":"0704","tipo":"ponto","bairro":"S\u00c3O JOS\u00c9"}},{"type":"Feature","geometry":{"type":"Point","coordinates":[-41.338117,-21.722451]},"properties":{"nome":"0714","tipo":"ponto","bairro":"S\u00c3O JOS\u00c9"}},{"type":"Feature","geometry":{"type":"Point","coordinates":[-41.335988,-21.720221]},"properties":{"nome":"0724","tipo":"ponto","bairro":"S\u00c3O JOS\u00c9"}},{"type":"Feature","geometry":{"type":"Point","coordinates":[-41.335526,-21.719831]},"properties":{"nome":"0734","tipo":"ponto","bairro":"S\u00c3O JOS\u00c9"}},{"type":"Feature","geometry":{"type":"Point","coordinates":[-41.336265,-21.720487]},"properties":{"nome":"0744","tipo":"ponto","bairro":"S\u00c3O JOS\u00c9"}},{"type":"Feature","geometry":{"type":"Point","coordinates":[-41.336434,-21.720573]},"properties":{"nome":"0754","tipo":"ponto","bairro":"S\u00c3O JOS\u00c9"}},{"type":"Feature","geometry":{"type":"Point","coordinates":[-41.336682,-21.721005]},"properties":{"nome":"0774","tipo":"ponto","bairro":"S\u00c3O JOS\u00c9"}},{"type":"Feature","geometry":{"type":"Point","coordinates":[-41.336819,-21.721279]},"properties":{"nome":"0784","tipo":"ponto","bairro":"S\u00c3O JOS\u00c9"}},{"type":"Feature","geometry":{"type":"Point","coordinates":[-41.336875,-21.721385]},"properties":{"nome":"0794","tipo":"ponto","bairro":"S\u00c3O JOS\u00c9"}},{"type":"Feature","geometry":{"type":"Point","coordinates":[-41.336862,-21.722004]},"properties":{"nome":"0804","tipo":"ponto","bairro":"S\u00c3O JOS\u00c9"}},{"type":"Feature","geometry":{"type":"Point","coordinates":[-41.336908,-21.722057]},"properties":{"nome":"0814","tipo":"ponto","bairro":"S\u00c3O JOS\u00c9"}},{"type":"Feature","geometry":{"type":"Point","coordinates":[-41.337123,-21.722203]},"properties":{"nome":"0824","tipo":"ponto","bairro":"S\u00c3O JOS\u00c9"}},{"type":"Feature","geometry":{"type":"Point","coordinates":[-41.337393,-21.722405]},"properties":{"nome":"0844","tipo":"ponto","bairro":"S\u00c3O JOS\u00c9"}},{"type":"Feature","geometry":{"type":"Point","coordinates":[-41.337595,-21.722545]},"properties":{"nome":"0854","tipo":"ponto","bairro":"S\u00c3O JOS\u00c9"}},{"type":"Feature","geometry":{"type":"Point","coordinates":[-41.337836,-21.722741]},"properties":{"nome":"0864","tipo":"ponto","bairro":"S\u00c3O JOS\u00c9"}},{"type":"Feature","geometry":{"type":"Point","coordinates":[-41.33812,-21.722928]},"properties":{"nome":"0874","tipo":"ponto","bairro":"S\u00c3O JOS\u00c9"}},{"type":"Feature","geometry":{"type":"Point","coordinates":[-41.337555,-21.72253]},"properties":{"nome":"0884","tipo":"ponto","bairro":"S\u00c3O JOS\u00c9"}},{"type":"Feature","geometry":{"type":"Point","coordinates":[-41.337331,-21.722792]},"properties":{"nome":"0904","tipo":"ponto","bairro":"S\u00c3O JOS\u00c9"}},{"type":"Feature","geometry":{"type":"Point","coordinates":[-41.336338,-21.722204]},"properties":{"nome":"0914","tipo":"ponto","bairro":"S\u00c3O JOS\u00c9"}},{"type":"Feature","geometry":{"type":"Point","coordinates":[-41.336343,-21.722216]},"properties":{"nome":"0924","tipo":"ponto","bairro":"S\u00c3O JOS\u00c9"}},{"type":"Feature","geometry":{"type":"Point","coordinates":[-41.336412,-21.722278]},"properties":{"nome":"0934","tipo":"ponto","bairro":"S\u00c3O JOS\u00c9"}},{"type":"Feature","geometry":{"type":"Point","coordinates":[-41.336639,-21.722424]},"properties":{"nome":"0944","tipo":"ponto","bairro":"S\u00c3O JOS\u00c9"}},{"type":"Feature","geometry":{"type":"Point","coordinates":[-41.337125,-21.722793]},"properties":{"nome":"0964","tipo":"ponto","bairro":"S\u00c3O JOS\u00c9"}},{"type":"Feature","geometry":{"type":"Point","coordinates":[-41.33724,-21.722869]},"properties":{"nome":"0974","tipo":"ponto","bairro":"S\u00c3O JOS\u00c9"}},{"type":"Feature","geometry":{"type":"Point","coordinates":[-41.337456,-21.723016]},"properties":{"nome":"0984","tipo":"ponto","bairro":"S\u00c3O JOS\u00c9"}},{"type":"Feature","geometry":{"type":"Point","coordinates":[-41.337658,-21.723182]},"properties":{"nome":"0994","tipo":"ponto","bairro":"S\u00c3O JOS\u00c9"}},{"type":"Feature","geometry":{"type":"Point","coordinates":[-41.337927,-21.723364]},"properties":{"nome":"1004","tipo":"ponto","bairro":"S\u00c3O JOS\u00c9"}},{"type":"Feature","geometry":{"type":"Point","coordinates":[-41.339827,-21.722292]},"properties":{"nome":"1014","tipo":"ponto","bairro":"S\u00c3O JOS\u00c9"}},{"type":"Feature","geometry":{"type":"Point","coordinates":[-41.33984,-21.722307]},"properties":{"nome":"1024","tipo":"ponto","bairro":"S\u00c3O JOS\u00c9"}},{"type":"Feature","geometry":{"type":"Point","coordinates":[-41.339422,-21.722511]},"properties":{"nome":"1044","tipo":"ponto","bairro":"S\u00c3O JOS\u00c9"}},{"type":"Feature","geometry":{"type":"Point","coordinates":[-41.339201,-21.722626]},"properties":{"nome":"1054","tipo":"ponto","bairro":"S\u00c3O JOS\u00c9"}},{"type":"Feature","geometry":{"type":"Point","coordinates":[-41.339068,-21.72271]},"properties":{"nome":"1064","tipo":"ponto","bairro":"S\u00c3O JOS\u00c9"}},{"type":"Feature","geometry":{"type":"Point","coordinates":[-41.33872,-21.723026]},"properties":{"nome":"1094","tipo":"ponto","bairro":"S\u00c3O JOS\u00c9"}},{"type":"Feature","geometry":{"type":"Point","coordinates":[-41.338383,-21.722718]},"properties":{"nome":"1104","tipo":"ponto","bairro":"S\u00c3O JOS\u00c9"}},{"type":"Feature","geometry":{"type":"Point","coordinates":[-41.338535,-21.72318]},"properties":{"nome":"1114","tipo":"ponto","bairro":"S\u00c3O JOS\u00c9"}},{"type":"Feature","geometry":{"type":"Point","coordinates":[-41.338326,-21.723309]},"properties":{"nome":"1124","tipo":"ponto","bairro":"S\u00c3O JOS\u00c9"}},{"type":"Feature","geometry":{"type":"Point","coordinates":[-41.338121,-21.723425]},"properties":{"nome":"1134","tipo":"ponto","bairro":"S\u00c3O JOS\u00c9"}},{"type":"Feature","geometry":{"type":"Point","coordinates":[-41.337889,-21.723556]},"properties":{"nome":"1154","tipo":"ponto","bairro":"S\u00c3O JOS\u00c9"}},{"type":"Feature","geometry":{"type":"Point","coordinates":[-41.339972,-21.7269]},"properties":{"nome":"0011","tipo":"ponto","bairro":"S\u00c3O JOS\u00c9"}},{"type":"Feature","geometry":{"type":"Point","coordinates":[-41.339918,-21.72683]},"properties":{"nome":"0021","tipo":"ponto","bairro":"S\u00c3O JOS\u00c9"}},{"type":"Feature","geometry":{"type":"Point","coordinates":[-41.339427,-21.726592]},"properties":{"nome":"0042","tipo":"ponto","bairro":"S\u00c3O JOS\u00c9"}},{"type":"Feature","geometry":{"type":"Point","coordinates":[-41.339364,-21.726641]},"properties":{"nome":"0051","tipo":"ponto","bairro":"S\u00c3O JOS\u00c9"}},{"type":"Feature","geometry":{"type":"Point","coordinates":[-41.339301,-21.726723]},"properties":{"nome":"0061","tipo":"ponto","bairro":"S\u00c3O JOS\u00c9"}},{"type":"Feature","geometry":{"type":"Point","coordinates":[-41.339445,-21.726886]},"properties":{"nome":"0071","tipo":"ponto","bairro":"S\u00c3O JOS\u00c9"}},{"type":"Feature","geometry":{"type":"Point","coordinates":[-41.339575,-21.727057]},"properties":{"nome":"0081","tipo":"ponto","bairro":"S\u00c3O JOS\u00c9"}},{"type":"Feature","geometry":{"type":"Point","coordinates":[-41.339098,-21.726959]},"properties":{"nome":"0091","tipo":"ponto","bairro":"S\u00c3O JOS\u00c9"}},{"type":"Feature","geometry":{"type":"Point","coordinates":[-41.339016,-21.727038]},"properties":{"nome":"0101","tipo":"ponto","bairro":"S\u00c3O JOS\u00c9"}},{"type":"Feature","geometry":{"type":"Point","coordinates":[-41.339161,-21.727207]},"properties":{"nome":"0111","tipo":"ponto","bairro":"S\u00c3O JOS\u00c9"}},{"type":"Feature","geometry":{"type":"Point","coordinates":[-41.338907,-21.727233]},"properties":{"nome":"0121","tipo":"ponto","bairro":"S\u00c3O JOS\u00c9"}},{"type":"Feature","geometry":{"type":"Point","coordinates":[-41.338775,-21.72742]},"properties":{"nome":"0131","tipo":"ponto","bairro":"S\u00c3O JOS\u00c9"}},{"type":"Feature","geometry":{"type":"Point","coordinates":[-41.338506,-21.727639]},"properties":{"nome":"0141","tipo":"ponto","bairro":"S\u00c3O JOS\u00c9"}},{"type":"Feature","geometry":{"type":"Point","coordinates":[-41.338394,-21.727784]},"properties":{"nome":"0151","tipo":"ponto","bairro":"S\u00c3O JOS\u00c9"}},{"type":"Feature","geometry":{"type":"Point","coordinates":[-41.338213,-21.727893]},"properties":{"nome":"0161","tipo":"ponto","bairro":"S\u00c3O JOS\u00c9"}},{"type":"Feature","geometry":{"type":"Point","coordinates":[-41.337891,-21.728073]},"properties":{"nome":"0171","tipo":"ponto","bairro":"S\u00c3O JOS\u00c9"}},{"type":"Feature","geometry":{"type":"Point","coordinates":[-41.337491,-21.728306]},"properties":{"nome":"0191","tipo":"ponto","bairro":"S\u00c3O JOS\u00c9"}},{"type":"Feature","geometry":{"type":"Point","coordinates":[-41.337229,-21.728505]},"properties":{"nome":"0201","tipo":"ponto","bairro":"S\u00c3O JOS\u00c9"}},{"type":"Feature","geometry":{"type":"Point","coordinates":[-41.336971,-21.728735]},"properties":{"nome":"0211","tipo":"ponto","bairro":"S\u00c3O JOS\u00c9"}},{"type":"Feature","geometry":{"type":"Point","coordinates":[-41.336752,-21.728918]},"properties":{"nome":"0221","tipo":"ponto","bairro":"S\u00c3O JOS\u00c9"}},{"type":"Feature","geometry":{"type":"Point","coordinates":[-41.336474,-21.729086]},"properties":{"nome":"0231","tipo":"ponto","bairro":"S\u00c3O JOS\u00c9"}},{"type":"Feature","geometry":{"type":"Point","coordinates":[-41.336226,-21.729239]},"properties":{"nome":"0241","tipo":"ponto","bairro":"S\u00c3O JOS\u00c9"}},{"type":"Feature","geometry":{"type":"Point","coordinates":[-41.338084,-21.727424]},"properties":{"nome":"0271","tipo":"ponto","bairro":"S\u00c3O JOS\u00c9"}},{"type":"Feature","geometry":{"type":"Point","coordinates":[-41.338004,-21.727568]},"properties":{"nome":"0281","tipo":"ponto","bairro":"S\u00c3O JOS\u00c9"}},{"type":"Feature","geometry":{"type":"Point","coordinates":[-41.337778,-21.727672]},"properties":{"nome":"029","tipo":"ponto","bairro":"S\u00c3O JOS\u00c9"}},{"type":"Feature","geometry":{"type":"Point","coordinates":[-41.33758,-21.727818]},"properties":{"nome":"030","tipo":"ponto","bairro":"S\u00c3O JOS\u00c9"}},{"type":"Feature","geometry":{"type":"Point","coordinates":[-41.337536,-21.727573]},"properties":{"nome":"031","tipo":"ponto","bairro":"S\u00c3O JOS\u00c9"}},{"type":"Feature","geometry":{"type":"Point","coordinates":[-41.337415,-21.727456]},"properties":{"nome":"032","tipo":"ponto","bairro":"S\u00c3O JOS\u00c9"}},{"type":"Feature","geometry":{"type":"Point","coordinates":[-41.337231,-21.727286]},"properties":{"nome":"033","tipo":"ponto","bairro":"S\u00c3O JOS\u00c9"}},{"type":"Feature","geometry":{"type":"Point","coordinates":[-41.337021,-21.727103]},"properties":{"nome":"034","tipo":"ponto","bairro":"S\u00c3O JOS\u00c9"}},{"type":"Feature","geometry":{"type":"Point","coordinates":[-41.336879,-21.726938]},"properties":{"nome":"035","tipo":"ponto","bairro":"S\u00c3O JOS\u00c9"}},{"type":"Feature","geometry":{"type":"Point","coordinates":[-41.338182,-21.727416]},"properties":{"nome":"036","tipo":"ponto","bairro":"S\u00c3O JOS\u00c9"}},{"type":"Feature","geometry":{"type":"Point","coordinates":[-41.338262,-21.727352]},"properties":{"nome":"037","tipo":"ponto","bairro":"S\u00c3O JOS\u00c9"}},{"type":"Feature","geometry":{"type":"Point","coordinates":[-41.338648,-21.726908]},"properties":{"nome":"039","tipo":"ponto","bairro":"S\u00c3O JOS\u00c9"}},{"type":"Feature","geometry":{"type":"Point","coordinates":[-41.338839,-21.726716]},"properties":{"nome":"040","tipo":"ponto","bairro":"S\u00c3O JOS\u00c9"}},{"type":"Feature","geometry":{"type":"Point","coordinates":[-41.338966,-21.726512]},"properties":{"nome":"041","tipo":"ponto","bairro":"S\u00c3O JOS\u00c9"}},{"type":"Feature","geometry":{"type":"Point","coordinates":[-41.339041,-21.726479]},"properties":{"nome":"042","tipo":"ponto","bairro":"S\u00c3O JOS\u00c9"}},{"type":"Feature","geometry":{"type":"Point","coordinates":[-41.339219,-21.726263]},"properties":{"nome":"043","tipo":"ponto","bairro":"S\u00c3O JOS\u00c9"}},{"type":"Feature","geometry":{"type":"Point","coordinates":[-41.339433,-21.726291]},"properties":{"nome":"044","tipo":"ponto","bairro":"S\u00c3O JOS\u00c9"}},{"type":"Feature","geometry":{"type":"Point","coordinates":[-41.339324,-21.72615]},"properties":{"nome":"045","tipo":"ponto","bairro":"S\u00c3O JOS\u00c9"}},{"type":"Feature","geometry":{"type":"Point","coordinates":[-41.339094,-21.72583]},"properties":{"nome":"047","tipo":"ponto","bairro":"S\u00c3O JOS\u00c9"}},{"type":"Feature","geometry":{"type":"Point","coordinates":[-41.338853,-21.726026]},"properties":{"nome":"048","tipo":"ponto","bairro":"S\u00c3O JOS\u00c9"}},{"type":"Feature","geometry":{"type":"Point","coordinates":[-41.338476,-21.726412]},"properties":{"nome":"050","tipo":"ponto","bairro":"S\u00c3O JOS\u00c9"}},{"type":"Feature","geometry":{"type":"Point","coordinates":[-41.338327,-21.726619]},"properties":{"nome":"051","tipo":"ponto","bairro":"S\u00c3O JOS\u00c9"}},{"type":"Feature","geometry":{"type":"Point","coordinates":[-41.338154,-21.726872]},"properties":{"nome":"052","tipo":"ponto","bairro":"S\u00c3O JOS\u00c9"}},{"type":"Feature","geometry":{"type":"Point","coordinates":[-41.33781,-21.727182]},"properties":{"nome":"054","tipo":"ponto","bairro":"S\u00c3O JOS\u00c9"}},{"type":"Feature","geometry":{"type":"Point","coordinates":[-41.337717,-21.727211]},"properties":{"nome":"057","tipo":"ponto","bairro":"S\u00c3O JOS\u00c9"}},{"type":"Feature","geometry":{"type":"Point","coordinates":[-41.33748,-21.727107]},"properties":{"nome":"058","tipo":"ponto","bairro":"S\u00c3O JOS\u00c9"}},{"type":"Feature","geometry":{"type":"Point","coordinates":[-41.337491,-21.726912]},"properties":{"nome":"060","tipo":"ponto","bairro":"S\u00c3O JOS\u00c9"}},{"type":"Feature","geometry":{"type":"Point","coordinates":[-41.33731,-21.726917]},"properties":{"nome":"061","tipo":"ponto","bairro":"S\u00c3O JOS\u00c9"}},{"type":"Feature","geometry":{"type":"Point","coordinates":[-41.33676,-21.726835]},"properties":{"nome":"062","tipo":"ponto","bairro":"S\u00c3O JOS\u00c9"}},{"type":"Feature","geometry":{"type":"Point","coordinates":[-41.336756,-21.726844]},"properties":{"nome":"063","tipo":"ponto","bairro":"S\u00c3O JOS\u00c9"}},{"type":"Feature","geometry":{"type":"Point","coordinates":[-41.336699,-21.726836]},"properties":{"nome":"064","tipo":"ponto","bairro":"S\u00c3O JOS\u00c9"}},{"type":"Feature","geometry":{"type":"Point","coordinates":[-41.336623,-21.726913]},"properties":{"nome":"065","tipo":"ponto","bairro":"S\u00c3O JOS\u00c9"}},{"type":"Feature","geometry":{"type":"Point","coordinates":[-41.336967,-21.726686]},"properties":{"nome":"066","tipo":"ponto","bairro":"S\u00c3O JOS\u00c9"}},{"type":"Feature","geometry":{"type":"Point","coordinates":[-41.337606,-21.726769]},"properties":{"nome":"067","tipo":"ponto","bairro":"S\u00c3O JOS\u00c9"}},{"type":"Feature","geometry":{"type":"Point","coordinates":[-41.3376,-21.726745]},"properties":{"nome":"068","tipo":"ponto","bairro":"S\u00c3O JOS\u00c9"}},{"type":"Feature","geometry":{"type":"Point","coordinates":[-41.337953,-21.726339]},"properties":{"nome":"070","tipo":"ponto","bairro":"S\u00c3O JOS\u00c9"}},{"type":"Feature","geometry":{"type":"Point","coordinates":[-41.338103,-21.726205]},"properties":{"nome":"071","tipo":"ponto","bairro":"S\u00c3O JOS\u00c9"}},{"type":"Feature","geometry":{"type":"Point","coordinates":[-41.338277,-21.72602]},"properties":{"nome":"072","tipo":"ponto","bairro":"S\u00c3O JOS\u00c9"}},{"type":"Feature","geometry":{"type":"Point","coordinates":[-41.338456,-21.725817]},"properties":{"nome":"073","tipo":"ponto","bairro":"S\u00c3O JOS\u00c9"}},{"type":"Feature","geometry":{"type":"Point","coordinates":[-41.338644,-21.725611]},"properties":{"nome":"074","tipo":"ponto","bairro":"S\u00c3O JOS\u00c9"}},{"type":"Feature","geometry":{"type":"Point","coordinates":[-41.338707,-21.725521]},"properties":{"nome":"075","tipo":"ponto","bairro":"S\u00c3O JOS\u00c9"}},{"type":"Feature","geometry":{"type":"Point","coordinates":[-41.338997,-21.725585]},"properties":{"nome":"076","tipo":"ponto","bairro":"S\u00c3O JOS\u00c9"}},{"type":"Feature","geometry":{"type":"Point","coordinates":[-41.338711,-21.725223]},"properties":{"nome":"077","tipo":"ponto","bairro":"S\u00c3O JOS\u00c9"}},{"type":"Feature","geometry":{"type":"Point","coordinates":[-41.338673,-21.725174]},"properties":{"nome":"078","tipo":"ponto","bairro":"S\u00c3O JOS\u00c9"}},{"type":"Feature","geometry":{"type":"Point","coordinates":[-41.338505,-21.724904]},"properties":{"nome":"079","tipo":"ponto","bairro":"S\u00c3O JOS\u00c9"}},{"type":"Feature","geometry":{"type":"Point","coordinates":[-41.338302,-21.725075]},"properties":{"nome":"080","tipo":"ponto","bairro":"S\u00c3O JOS\u00c9"}},{"type":"Feature","geometry":{"type":"Point","coordinates":[-41.338279,-21.72521]},"properties":{"nome":"081","tipo":"ponto","bairro":"S\u00c3O JOS\u00c9"}},{"type":"Feature","geometry":{"type":"Point","coordinates":[-41.337804,-21.725789]},"properties":{"nome":"084","tipo":"ponto","bairro":"S\u00c3O JOS\u00c9"}},{"type":"Feature","geometry":{"type":"Point","coordinates":[-41.337839,-21.72583]},"properties":{"nome":"085","tipo":"ponto","bairro":"S\u00c3O JOS\u00c9"}},{"type":"Feature","geometry":{"type":"Point","coordinates":[-41.337639,-21.725986]},"properties":{"nome":"086","tipo":"ponto","bairro":"S\u00c3O JOS\u00c9"}},{"type":"Feature","geometry":{"type":"Point","coordinates":[-41.337498,-21.726241]},"properties":{"nome":"087","tipo":"ponto","bairro":"S\u00c3O JOS\u00c9"}},{"type":"Feature","geometry":{"type":"Point","coordinates":[-41.337166,-21.726572]},"properties":{"nome":"089","tipo":"ponto","bairro":"S\u00c3O JOS\u00c9"}},{"type":"Feature","geometry":{"type":"Point","coordinates":[-41.337254,-21.726723]},"properties":{"nome":"090","tipo":"ponto","bairro":"S\u00c3O JOS\u00c9"}},{"type":"Feature","geometry":{"type":"Point","coordinates":[-41.336922,-21.726115]},"properties":{"nome":"093","tipo":"ponto","bairro":"S\u00c3O JOS\u00c9"}},{"type":"Feature","geometry":{"type":"Point","coordinates":[-41.336848,-21.726273]},"properties":{"nome":"094","tipo":"ponto","bairro":"S\u00c3O JOS\u00c9"}},{"type":"Feature","geometry":{"type":"Point","coordinates":[-41.33659,-21.726434]},"properties":{"nome":"095","tipo":"ponto","bairro":"S\u00c3O JOS\u00c9"}},{"type":"Feature","geometry":{"type":"Point","coordinates":[-41.336326,-21.726541]},"properties":{"nome":"096","tipo":"ponto","bairro":"S\u00c3O JOS\u00c9"}},{"type":"Feature","geometry":{"type":"Point","coordinates":[-41.336045,-21.726684]},"properties":{"nome":"097","tipo":"ponto","bairro":"S\u00c3O JOS\u00c9"}},{"type":"Feature","geometry":{"type":"Point","coordinates":[-41.335942,-21.72678]},"properties":{"nome":"098","tipo":"ponto","bairro":"S\u00c3O JOS\u00c9"}},{"type":"Feature","geometry":{"type":"Point","coordinates":[-41.337089,-21.725985]},"properties":{"nome":"099","tipo":"ponto","bairro":"S\u00c3O JOS\u00c9"}},{"type":"Feature","geometry":{"type":"Point","coordinates":[-41.337393,-21.72567]},"properties":{"nome":"101","tipo":"ponto","bairro":"S\u00c3O JOS\u00c9"}},{"type":"Feature","geometry":{"type":"Point","coordinates":[-41.337523,-21.725566]},"properties":{"nome":"102","tipo":"ponto","bairro":"S\u00c3O JOS\u00c9"}},{"type":"Feature","geometry":{"type":"Point","coordinates":[-41.337724,-21.725325]},"properties":{"nome":"103","tipo":"ponto","bairro":"S\u00c3O JOS\u00c9"}},{"type":"Feature","geometry":{"type":"Point","coordinates":[-41.337877,-21.725064]},"properties":{"nome":"104","tipo":"ponto","bairro":"S\u00c3O JOS\u00c9"}},{"type":"Feature","geometry":{"type":"Point","coordinates":[-41.338024,-21.724846]},"properties":{"nome":"105","tipo":"ponto","bairro":"S\u00c3O JOS\u00c9"}},{"type":"Feature","geometry":{"type":"Point","coordinates":[-41.338095,-21.724648]},"properties":{"nome":"106","tipo":"ponto","bairro":"S\u00c3O JOS\u00c9"}},{"type":"Feature","geometry":{"type":"Point","coordinates":[-41.338429,-21.724748]},"properties":{"nome":"107","tipo":"ponto","bairro":"S\u00c3O JOS\u00c9"}},{"type":"Feature","geometry":{"type":"Point","coordinates":[-41.338431,-21.724734]},"properties":{"nome":"108","tipo":"ponto","bairro":"S\u00c3O JOS\u00c9"}},{"type":"Feature","geometry":{"type":"Point","coordinates":[-41.338207,-21.724356]},"properties":{"nome":"110","tipo":"ponto","bairro":"S\u00c3O JOS\u00c9"}},{"type":"Feature","geometry":{"type":"Point","coordinates":[-41.337979,-21.724104]},"properties":{"nome":"112","tipo":"ponto","bairro":"S\u00c3O JOS\u00c9"}},{"type":"Feature","geometry":{"type":"Point","coordinates":[-41.337879,-21.724308]},"properties":{"nome":"113","tipo":"ponto","bairro":"S\u00c3O JOS\u00c9"}},{"type":"Feature","geometry":{"type":"Point","coordinates":[-41.337727,-21.724569]},"properties":{"nome":"114","tipo":"ponto","bairro":"S\u00c3O JOS\u00c9"}},{"type":"Feature","geometry":{"type":"Point","coordinates":[-41.337417,-21.725038]},"properties":{"nome":"116","tipo":"ponto","bairro":"S\u00c3O JOS\u00c9"}},{"type":"Feature","geometry":{"type":"Point","coordinates":[-41.33725,-21.725264]},"properties":{"nome":"117","tipo":"ponto","bairro":"S\u00c3O JOS\u00c9"}},{"type":"Feature","geometry":{"type":"Point","coordinates":[-41.337045,-21.725484]},"properties":{"nome":"118","tipo":"ponto","bairro":"S\u00c3O JOS\u00c9"}},{"type":"Feature","geometry":{"type":"Point","coordinates":[-41.336754,-21.725862]},"properties":{"nome":"120","tipo":"ponto","bairro":"S\u00c3O JOS\u00c9"}},{"type":"Feature","geometry":{"type":"Point","coordinates":[-41.336524,-21.725965]},"properties":{"nome":"121","tipo":"ponto","bairro":"S\u00c3O JOS\u00c9"}},{"type":"Feature","geometry":{"type":"Point","coordinates":[-41.336248,-21.726102]},"properties":{"nome":"122","tipo":"ponto","bairro":"S\u00c3O JOS\u00c9"}},{"type":"Feature","geometry":{"type":"Point","coordinates":[-41.335988,-21.726211]},"properties":{"nome":"123","tipo":"ponto","bairro":"S\u00c3O JOS\u00c9"}},{"type":"Feature","geometry":{"type":"Point","coordinates":[-41.335744,-21.726324]},"properties":{"nome":"124","tipo":"ponto","bairro":"S\u00c3O JOS\u00c9"}},{"type":"Feature","geometry":{"type":"Point","coordinates":[-41.335646,-21.726443]},"properties":{"nome":"125","tipo":"ponto","bairro":"S\u00c3O JOS\u00c9"}},{"type":"Feature","geometry":{"type":"Point","coordinates":[-41.33564,-21.726451]},"properties":{"nome":"126","tipo":"ponto","bairro":"S\u00c3O JOS\u00c9"}},{"type":"Feature","geometry":{"type":"Point","coordinates":[-41.336598,-21.725654]},"properties":{"nome":"127","tipo":"ponto","bairro":"S\u00c3O JOS\u00c9"}},{"type":"Feature","geometry":{"type":"Point","coordinates":[-41.336478,-21.725458]},"properties":{"nome":"129","tipo":"ponto","bairro":"S\u00c3O JOS\u00c9"}},{"type":"Feature","geometry":{"type":"Point","coordinates":[-41.337742,-21.723689]},"properties":{"nome":"131","tipo":"ponto","bairro":"S\u00c3O JOS\u00c9"}},{"type":"Feature","geometry":{"type":"Point","coordinates":[-41.338312,-21.724344]},"properties":{"nome":"132","tipo":"ponto","bairro":"S\u00c3O JOS\u00c9"}},{"type":"Feature","geometry":{"type":"Point","coordinates":[-41.338695,-21.724144]},"properties":{"nome":"134","tipo":"ponto","bairro":"S\u00c3O JOS\u00c9"}},{"type":"Feature","geometry":{"type":"Point","coordinates":[-41.338916,-21.723998]},"properties":{"nome":"135","tipo":"ponto","bairro":"S\u00c3O JOS\u00c9"}},{"type":"Feature","geometry":{"type":"Point","coordinates":[-41.339121,-21.723896]},"properties":{"nome":"136","tipo":"ponto","bairro":"S\u00c3O JOS\u00c9"}},{"type":"Feature","geometry":{"type":"Point","coordinates":[-41.339196,-21.723818]},"properties":{"nome":"137","tipo":"ponto","bairro":"S\u00c3O JOS\u00c9"}},{"type":"Feature","geometry":{"type":"Point","coordinates":[-41.338017,-21.724027]},"properties":{"nome":"138","tipo":"ponto","bairro":"S\u00c3O JOS\u00c9"}},{"type":"Feature","geometry":{"type":"Point","coordinates":[-41.338414,-21.723791]},"properties":{"nome":"140","tipo":"ponto","bairro":"S\u00c3O JOS\u00c9"}},{"type":"Feature","geometry":{"type":"Point","coordinates":[-41.338579,-21.723673]},"properties":{"nome":"141","tipo":"ponto","bairro":"S\u00c3O JOS\u00c9"}},{"type":"Feature","geometry":{"type":"Point","coordinates":[-41.338687,-21.723614]},"properties":{"nome":"142","tipo":"ponto","bairro":"S\u00c3O JOS\u00c9"}},{"type":"Feature","geometry":{"type":"Point","coordinates":[-41.338841,-21.723001]},"properties":{"nome":"143","tipo":"ponto","bairro":"S\u00c3O JOS\u00c9"}},{"type":"Feature","geometry":{"type":"Point","coordinates":[-41.339004,-21.72313]},"properties":{"nome":"144","tipo":"ponto","bairro":"S\u00c3O JOS\u00c9"}},{"type":"Feature","geometry":{"type":"Point","coordinates":[-41.339711,-21.722942]},"properties":{"nome":"146","tipo":"ponto","bairro":"S\u00c3O JOS\u00c9"}},{"type":"Feature","geometry":{"type":"Point","coordinates":[-41.340192,-21.722626]},"properties":{"nome":"147","tipo":"ponto","bairro":"S\u00c3O JOS\u00c9"}},{"type":"Feature","geometry":{"type":"Point","coordinates":[-41.340174,-21.722619]},"properties":{"nome":"148","tipo":"ponto","bairro":"S\u00c3O JOS\u00c9"}},{"type":"Feature","geometry":{"type":"Point","coordinates":[-41.340294,-21.722545]},"properties":{"nome":"149","tipo":"ponto","bairro":"S\u00c3O JOS\u00c9"}},{"type":"Feature","geometry":{"type":"Point","coordinates":[-41.34032,-21.722499]},"properties":{"nome":"150","tipo":"ponto","bairro":"S\u00c3O JOS\u00c9"}},{"type":"Feature","geometry":{"type":"Point","coordinates":[-41.340172,-21.722296]},"properties":{"nome":"151","tipo":"ponto","bairro":"S\u00c3O JOS\u00c9"}},{"type":"Feature","geometry":{"type":"Point","coordinates":[-41.340091,-21.722155]},"properties":{"nome":"152","tipo":"ponto","bairro":"S\u00c3O JOS\u00c9"}},{"type":"Feature","geometry":{"type":"Point","coordinates":[-41.340215,-21.722309]},"properties":{"nome":"153","tipo":"ponto","bairro":"S\u00c3O JOS\u00c9"}},{"type":"Feature","geometry":{"type":"Point","coordinates":[-41.3316,-21.724888]},"properties":{"nome":"00110","tipo":"ponto","bairro":"S\u00c3O JOS\u00c9"}},{"type":"Feature","geometry":{"type":"Point","coordinates":[-41.331538,-21.724775]},"properties":{"nome":"00210","tipo":"ponto","bairro":"S\u00c3O JOS\u00c9"}},{"type":"Feature","geometry":{"type":"Point","coordinates":[-41.331264,-21.724331]},"properties":{"nome":"00510","tipo":"ponto","bairro":"S\u00c3O JOS\u00c9"}},{"type":"Feature","geometry":{"type":"Point","coordinates":[-41.330885,-21.723794]},"properties":{"nome":"00810","tipo":"ponto","bairro":"S\u00c3O JOS\u00c9"}},{"type":"Feature","geometry":{"type":"Point","coordinates":[-41.330826,-21.723475]},"properties":{"nome":"00910","tipo":"ponto","bairro":"S\u00c3O JOS\u00c9"}},{"type":"Feature","geometry":{"type":"Point","coordinates":[-41.330692,-21.723319]},"properties":{"nome":"0119","tipo":"ponto","bairro":"S\u00c3O JOS\u00c9"}},{"type":"Feature","geometry":{"type":"Point","coordinates":[-41.330585,-21.723181]},"properties":{"nome":"0129","tipo":"ponto","bairro":"S\u00c3O JOS\u00c9"}},{"type":"Feature","geometry":{"type":"Point","coordinates":[-41.330574,-21.723129]},"properties":{"nome":"0139","tipo":"ponto","bairro":"S\u00c3O JOS\u00c9"}},{"type":"Feature","geometry":{"type":"Point","coordinates":[-41.330461,-21.722984]},"properties":{"nome":"0149","tipo":"ponto","bairro":"S\u00c3O JOS\u00c9"}},{"type":"Feature","geometry":{"type":"Point","coordinates":[-41.330336,-21.722693]},"properties":{"nome":"0169","tipo":"ponto","bairro":"S\u00c3O JOS\u00c9"}},{"type":"Feature","geometry":{"type":"Point","coordinates":[-41.330231,-21.722564]},"properties":{"nome":"0179","tipo":"ponto","bairro":"S\u00c3O JOS\u00c9"}},{"type":"Feature","geometry":{"type":"Point","coordinates":[-41.330042,-21.722241]},"properties":{"nome":"0189","tipo":"ponto","bairro":"S\u00c3O JOS\u00c9"}},{"type":"Feature","geometry":{"type":"Point","coordinates":[-41.332544,-21.723834]},"properties":{"nome":"0199","tipo":"ponto","bairro":"S\u00c3O JOS\u00c9"}},{"type":"Feature","geometry":{"type":"Point","coordinates":[-41.332074,-21.724011]},"properties":{"nome":"0229","tipo":"ponto","bairro":"S\u00c3O JOS\u00c9"}},{"type":"Feature","geometry":{"type":"Point","coordinates":[-41.331918,-21.724099]},"properties":{"nome":"0239","tipo":"ponto","bairro":"S\u00c3O JOS\u00c9"}},{"type":"Feature","geometry":{"type":"Point","coordinates":[-41.331522,-21.724371]},"properties":{"nome":"0249","tipo":"ponto","bairro":"S\u00c3O JOS\u00c9"}},{"type":"Feature","geometry":{"type":"Point","coordinates":[-41.331313,-21.724441]},"properties":{"nome":"0269","tipo":"ponto","bairro":"S\u00c3O JOS\u00c9"}},{"type":"Feature","geometry":{"type":"Point","coordinates":[-41.331182,-21.724536]},"properties":{"nome":"0279","tipo":"ponto","bairro":"S\u00c3O JOS\u00c9"}},{"type":"Feature","geometry":{"type":"Point","coordinates":[-41.330682,-21.724769]},"properties":{"nome":"0299","tipo":"ponto","bairro":"S\u00c3O JOS\u00c9"}},{"type":"Feature","geometry":{"type":"Point","coordinates":[-41.33051,-21.724887]},"properties":{"nome":"0308","tipo":"ponto","bairro":"S\u00c3O JOS\u00c9"}},{"type":"Feature","geometry":{"type":"Point","coordinates":[-41.330192,-21.72503]},"properties":{"nome":"0318","tipo":"ponto","bairro":"S\u00c3O JOS\u00c9"}},{"type":"Feature","geometry":{"type":"Point","coordinates":[-41.329473,-21.725445]},"properties":{"nome":"0338","tipo":"ponto","bairro":"S\u00c3O JOS\u00c9"}},{"type":"Feature","geometry":{"type":"Point","coordinates":[-41.328883,-21.724938]},"properties":{"nome":"0348","tipo":"ponto","bairro":"S\u00c3O JOS\u00c9"}},{"type":"Feature","geometry":{"type":"Point","coordinates":[-41.328613,-21.725076]},"properties":{"nome":"0358","tipo":"ponto","bairro":"S\u00c3O JOS\u00c9"}},{"type":"Feature","geometry":{"type":"Point","coordinates":[-41.328786,-21.725013]},"properties":{"nome":"0368","tipo":"ponto","bairro":"S\u00c3O JOS\u00c9"}},{"type":"Feature","geometry":{"type":"Point","coordinates":[-41.32898,-21.724882]},"properties":{"nome":"0378","tipo":"ponto","bairro":"S\u00c3O JOS\u00c9"}},{"type":"Feature","geometry":{"type":"Point","coordinates":[-41.32926,-21.72475]},"properties":{"nome":"0388","tipo":"ponto","bairro":"S\u00c3O JOS\u00c9"}},{"type":"Feature","geometry":{"type":"Point","coordinates":[-41.32945,-21.724652]},"properties":{"nome":"0398","tipo":"ponto","bairro":"S\u00c3O JOS\u00c9"}},{"type":"Feature","geometry":{"type":"Point","coordinates":[-41.329903,-21.724422]},"properties":{"nome":"0427","tipo":"ponto","bairro":"S\u00c3O JOS\u00c9"}},{"type":"Feature","geometry":{"type":"Point","coordinates":[-41.330085,-21.724324]},"properties":{"nome":"0437","tipo":"ponto","bairro":"S\u00c3O JOS\u00c9"}},{"type":"Feature","geometry":{"type":"Point","coordinates":[-41.330371,-21.724174]},"properties":{"nome":"0447","tipo":"ponto","bairro":"S\u00c3O JOS\u00c9"}},{"type":"Feature","geometry":{"type":"Point","coordinates":[-41.330604,-21.724028]},"properties":{"nome":"0457","tipo":"ponto","bairro":"S\u00c3O JOS\u00c9"}},{"type":"Feature","geometry":{"type":"Point","coordinates":[-41.331095,-21.723816]},"properties":{"nome":"0477","tipo":"ponto","bairro":"S\u00c3O JOS\u00c9"}},{"type":"Feature","geometry":{"type":"Point","coordinates":[-41.331195,-21.723775]},"properties":{"nome":"0487","tipo":"ponto","bairro":"S\u00c3O JOS\u00c9"}},{"type":"Feature","geometry":{"type":"Point","coordinates":[-41.331324,-21.723692]},"properties":{"nome":"0497","tipo":"ponto","bairro":"S\u00c3O JOS\u00c9"}},{"type":"Feature","geometry":{"type":"Point","coordinates":[-41.331874,-21.723373]},"properties":{"nome":"0527","tipo":"ponto","bairro":"S\u00c3O JOS\u00c9"}},{"type":"Feature","geometry":{"type":"Point","coordinates":[-41.332182,-21.723232]},"properties":{"nome":"0537","tipo":"ponto","bairro":"S\u00c3O JOS\u00c9"}},{"type":"Feature","geometry":{"type":"Point","coordinates":[-41.332309,-21.722406]},"properties":{"nome":"0547","tipo":"ponto","bairro":"S\u00c3O JOS\u00c9"}},{"type":"Feature","geometry":{"type":"Point","coordinates":[-41.332219,-21.722465]},"properties":{"nome":"0557","tipo":"ponto","bairro":"S\u00c3O JOS\u00c9"}},{"type":"Feature","geometry":{"type":"Point","coordinates":[-41.331946,-21.722599]},"properties":{"nome":"0577","tipo":"ponto","bairro":"S\u00c3O JOS\u00c9"}},{"type":"Feature","geometry":{"type":"Point","coordinates":[-41.331861,-21.722669]},"properties":{"nome":"0587","tipo":"ponto","bairro":"S\u00c3O JOS\u00c9"}},{"type":"Feature","geometry":{"type":"Point","coordinates":[-41.331326,-21.722923]},"properties":{"nome":"0607","tipo":"ponto","bairro":"S\u00c3O JOS\u00c9"}},{"type":"Feature","geometry":{"type":"Point","coordinates":[-41.331244,-21.722958]},"properties":{"nome":"0617","tipo":"ponto","bairro":"S\u00c3O JOS\u00c9"}},{"type":"Feature","geometry":{"type":"Point","coordinates":[-41.330591,-21.723313]},"properties":{"nome":"0637","tipo":"ponto","bairro":"S\u00c3O JOS\u00c9"}},{"type":"Feature","geometry":{"type":"Point","coordinates":[-41.330401,-21.723419]},"properties":{"nome":"0656","tipo":"ponto","bairro":"S\u00c3O JOS\u00c9"}},{"type":"Feature","geometry":{"type":"Point","coordinates":[-41.330151,-21.723536]},"properties":{"nome":"0666","tipo":"ponto","bairro":"S\u00c3O JOS\u00c9"}},{"type":"Feature","geometry":{"type":"Point","coordinates":[-41.330073,-21.723603]},"properties":{"nome":"0676","tipo":"ponto","bairro":"S\u00c3O JOS\u00c9"}},{"type":"Feature","geometry":{"type":"Point","coordinates":[-41.329949,-21.723632]},"properties":{"nome":"0687","tipo":"ponto","bairro":"S\u00c3O JOS\u00c9"}},{"type":"Feature","geometry":{"type":"Point","coordinates":[-41.329678,-21.723792]},"properties":{"nome":"0696","tipo":"ponto","bairro":"S\u00c3O JOS\u00c9"}},{"type":"Feature","geometry":{"type":"Point","coordinates":[-41.329386,-21.723932]},"properties":{"nome":"0706","tipo":"ponto","bairro":"S\u00c3O JOS\u00c9"}},{"type":"Feature","geometry":{"type":"Point","coordinates":[-41.331131,-21.722671]},"properties":{"nome":"0716","tipo":"ponto","bairro":"S\u00c3O JOS\u00c9"}},{"type":"Feature","geometry":{"type":"Point","coordinates":[-41.331063,-21.722588]},"properties":{"nome":"0726","tipo":"ponto","bairro":"S\u00c3O JOS\u00c9"}},{"type":"Feature","geometry":{"type":"Point","coordinates":[-41.331026,-21.722481]},"properties":{"nome":"0736","tipo":"ponto","bairro":"S\u00c3O JOS\u00c9"}},{"type":"Feature","geometry":{"type":"Point","coordinates":[-41.330813,-21.722061]},"properties":{"nome":"0756","tipo":"ponto","bairro":"S\u00c3O JOS\u00c9"}},{"type":"Feature","geometry":{"type":"Point","coordinates":[-41.330704,-21.721876]},"properties":{"nome":"0765","tipo":"ponto","bairro":"S\u00c3O JOS\u00c9"}},{"type":"Feature","geometry":{"type":"Point","coordinates":[-41.33057,-21.721702]},"properties":{"nome":"0775","tipo":"ponto","bairro":"S\u00c3O JOS\u00c9"}},{"type":"Feature","geometry":{"type":"Point","coordinates":[-41.330161,-21.725486]},"properties":{"nome":"0785","tipo":"ponto","bairro":"S\u00c3O JOS\u00c9"}},{"type":"Feature","geometry":{"type":"Point","coordinates":[-41.329363,-21.724164]},"properties":{"nome":"0794","tipo":"ponto","bairro":"S\u00c3O JOS\u00c9"}},{"type":"Feature","geometry":{"type":"Point","coordinates":[-41.329387,-21.724222]},"properties":{"nome":"0804","tipo":"ponto","bairro":"S\u00c3O JOS\u00c9"}},{"type":"Feature","geometry":{"type":"Point","coordinates":[-41.329526,-21.724383]},"properties":{"nome":"0814","tipo":"ponto","bairro":"S\u00c3O JOS\u00c9"}},{"type":"Feature","geometry":{"type":"Point","coordinates":[-41.329664,-21.724647]},"properties":{"nome":"0834","tipo":"ponto","bairro":"S\u00c3O JOS\u00c9"}},{"type":"Feature","geometry":{"type":"Point","coordinates":[-41.329757,-21.724803]},"properties":{"nome":"0843","tipo":"ponto","bairro":"S\u00c3O JOS\u00c9"}},{"type":"Feature","geometry":{"type":"Point","coordinates":[-41.330307,-21.725775]},"properties":{"nome":"0882","tipo":"ponto","bairro":"S\u00c3O JOS\u00c9"}},{"type":"Feature","geometry":{"type":"Point","coordinates":[-41.330364,-21.725835]},"properties":{"nome":"0892","tipo":"ponto","bairro":"S\u00c3O JOS\u00c9"}},{"type":"Feature","geometry":{"type":"Point","coordinates":[-41.330605,-21.726338]},"properties":{"nome":"0912","tipo":"ponto","bairro":"S\u00c3O JOS\u00c9"}},{"type":"Feature","geometry":{"type":"Point","coordinates":[-41.330758,-21.726545]},"properties":{"nome":"0922","tipo":"ponto","bairro":"S\u00c3O JOS\u00c9"}},{"type":"Feature","geometry":{"type":"Point","coordinates":[-41.331051,-21.726838]},"properties":{"nome":"0932","tipo":"ponto","bairro":"S\u00c3O JOS\u00c9"}},{"type":"Feature","geometry":{"type":"Point","coordinates":[-41.331064,-21.726839]},"properties":{"nome":"0942","tipo":"ponto","bairro":"S\u00c3O JOS\u00c9"}},{"type":"Feature","geometry":{"type":"Point","coordinates":[-41.330531,-21.727135]},"properties":{"nome":"0952","tipo":"ponto","bairro":"S\u00c3O JOS\u00c9"}},{"type":"Feature","geometry":{"type":"Point","coordinates":[-41.33042,-21.726982]},"properties":{"nome":"0962","tipo":"ponto","bairro":"S\u00c3O JOS\u00c9"}},{"type":"Feature","geometry":{"type":"Point","coordinates":[-41.330162,-21.726561]},"properties":{"nome":"0981","tipo":"ponto","bairro":"S\u00c3O JOS\u00c9"}},{"type":"Feature","geometry":{"type":"Point","coordinates":[-41.329916,-21.726168]},"properties":{"nome":"0991","tipo":"ponto","bairro":"S\u00c3O JOS\u00c9"}},{"type":"Feature","geometry":{"type":"Point","coordinates":[-41.329927,-21.726156]},"properties":{"nome":"1001","tipo":"ponto","bairro":"S\u00c3O JOS\u00c9"}},{"type":"Feature","geometry":{"type":"Point","coordinates":[-41.329315,-21.726034]},"properties":{"nome":"1012","tipo":"ponto","bairro":"S\u00c3O JOS\u00c9"}},{"type":"Feature","geometry":{"type":"Point","coordinates":[-41.329057,-21.725903]},"properties":{"nome":"1022","tipo":"ponto","bairro":"S\u00c3O JOS\u00c9"}},{"type":"Feature","geometry":{"type":"Point","coordinates":[-41.328665,-21.725791]},"properties":{"nome":"1032","tipo":"ponto","bairro":"S\u00c3O JOS\u00c9"}},{"type":"Feature","geometry":{"type":"Point","coordinates":[-41.328701,-21.725771]},"properties":{"nome":"1042","tipo":"ponto","bairro":"S\u00c3O JOS\u00c9"}},{"type":"Feature","geometry":{"type":"Point","coordinates":[-41.328381,-21.725639]},"properties":{"nome":"1051","tipo":"ponto","bairro":"S\u00c3O JOS\u00c9"}},{"type":"Feature","geometry":{"type":"Point","coordinates":[-41.329153,-21.726472]},"properties":{"nome":"1061","tipo":"ponto","bairro":"S\u00c3O JOS\u00c9"}},{"type":"Feature","geometry":{"type":"Point","coordinates":[-41.329082,-21.726444]},"properties":{"nome":"1071","tipo":"ponto","bairro":"S\u00c3O JOS\u00c9"}},{"type":"Feature","geometry":{"type":"Point","coordinates":[-41.328586,-21.726251]},"properties":{"nome":"1091","tipo":"ponto","bairro":"S\u00c3O JOS\u00c9"}},{"type":"Feature","geometry":{"type":"Point","coordinates":[-41.328295,-21.726116]},"properties":{"nome":"1101","tipo":"ponto","bairro":"S\u00c3O JOS\u00c9"}},{"type":"Feature","geometry":{"type":"Point","coordinates":[-41.328167,-21.726082]},"properties":{"nome":"1112","tipo":"ponto","bairro":"S\u00c3O JOS\u00c9"}},{"type":"Feature","geometry":{"type":"Point","coordinates":[-41.328892,-21.726714]},"properties":{"nome":"1122","tipo":"ponto","bairro":"S\u00c3O JOS\u00c9"}},{"type":"Feature","geometry":{"type":"Point","coordinates":[-41.328713,-21.726669]},"properties":{"nome":"1131","tipo":"ponto","bairro":"S\u00c3O JOS\u00c9"}},{"type":"Feature","geometry":{"type":"Point","coordinates":[-41.328459,-21.726574]},"properties":{"nome":"1141","tipo":"ponto","bairro":"S\u00c3O JOS\u00c9"}},{"type":"Feature","geometry":{"type":"Point","coordinates":[-41.328291,-21.726452]},"properties":{"nome":"1151","tipo":"ponto","bairro":"S\u00c3O JOS\u00c9"}},{"type":"Feature","geometry":{"type":"Point","coordinates":[-41.328159,-21.726443]},"properties":{"nome":"1161","tipo":"ponto","bairro":"S\u00c3O JOS\u00c9"}},{"type":"Feature","geometry":{"type":"Point","coordinates":[-41.328085,-21.726429]},"properties":{"nome":"1171","tipo":"ponto","bairro":"S\u00c3O JOS\u00c9"}},{"type":"Feature","geometry":{"type":"Point","coordinates":[-41.327896,-21.726338]},"properties":{"nome":"1181","tipo":"ponto","bairro":"S\u00c3O JOS\u00c9"}},{"type":"Feature","geometry":{"type":"Point","coordinates":[-41.329016,-21.726709]},"properties":{"nome":"1191","tipo":"ponto","bairro":"S\u00c3O JOS\u00c9"}},{"type":"Feature","geometry":{"type":"Point","coordinates":[-41.329295,-21.726487]},"properties":{"nome":"1212","tipo":"ponto","bairro":"S\u00c3O JOS\u00c9"}},{"type":"Feature","geometry":{"type":"Point","coordinates":[-41.32943,-21.726386]},"properties":{"nome":"1221","tipo":"ponto","bairro":"S\u00c3O JOS\u00c9"}},{"type":"Feature","geometry":{"type":"Point","coordinates":[-41.329446,-21.72638]},"properties":{"nome":"1231","tipo":"ponto","bairro":"S\u00c3O JOS\u00c9"}},{"type":"Feature","geometry":{"type":"Point","coordinates":[-41.329763,-21.726179]},"properties":{"nome":"1241","tipo":"ponto","bairro":"S\u00c3O JOS\u00c9"}},{"type":"Feature","geometry":{"type":"Point","coordinates":[-41.329894,-21.72611]},"properties":{"nome":"1251","tipo":"ponto","bairro":"S\u00c3O JOS\u00c9"}},{"type":"Feature","geometry":{"type":"Point","coordinates":[-41.329977,-21.726057]},"properties":{"nome":"1261","tipo":"ponto","bairro":"S\u00c3O JOS\u00c9"}},{"type":"Feature","geometry":{"type":"Point","coordinates":[-41.330219,-21.725897]},"properties":{"nome":"1271","tipo":"ponto","bairro":"S\u00c3O JOS\u00c9"}},{"type":"Feature","geometry":{"type":"Point","coordinates":[-41.330266,-21.725881]},"properties":{"nome":"1281","tipo":"ponto","bairro":"S\u00c3O JOS\u00c9"}},{"type":"Feature","geometry":{"type":"Point","coordinates":[-41.330321,-21.725841]},"properties":{"nome":"1291","tipo":"ponto","bairro":"S\u00c3O JOS\u00c9"}},{"type":"Feature","geometry":{"type":"Point","coordinates":[-41.330568,-21.725697]},"properties":{"nome":"1301","tipo":"ponto","bairro":"S\u00c3O JOS\u00c9"}},{"type":"Feature","geometry":{"type":"Point","coordinates":[-41.334044,-21.72631]},"properties":{"nome":"1322","tipo":"ponto","bairro":"S\u00c3O JOS\u00c9"}},{"type":"Feature","geometry":{"type":"Point","coordinates":[-41.333877,-21.726257]},"properties":{"nome":"1331","tipo":"ponto","bairro":"S\u00c3O JOS\u00c9"}},{"type":"Feature","geometry":{"type":"Point","coordinates":[-41.33366,-21.726192]},"properties":{"nome":"1341","tipo":"ponto","bairro":"S\u00c3O JOS\u00c9"}},{"type":"Feature","geometry":{"type":"Point","coordinates":[-41.333174,-21.726057]},"properties":{"nome":"1361","tipo":"ponto","bairro":"S\u00c3O JOS\u00c9"}},{"type":"Feature","geometry":{"type":"Point","coordinates":[-41.33308,-21.72585]},"properties":{"nome":"1381","tipo":"ponto","bairro":"S\u00c3O JOS\u00c9"}},{"type":"Feature","geometry":{"type":"Point","coordinates":[-41.333038,-21.725793]},"properties":{"nome":"1391","tipo":"ponto","bairro":"S\u00c3O JOS\u00c9"}},{"type":"Feature","geometry":{"type":"Point","coordinates":[-41.332877,-21.725493]},"properties":{"nome":"1421","tipo":"ponto","bairro":"S\u00c3O JOS\u00c9"}},{"type":"Feature","geometry":{"type":"Point","coordinates":[-41.33268,-21.725108]},"properties":{"nome":"1431","tipo":"ponto","bairro":"S\u00c3O JOS\u00c9"}},{"type":"Feature","geometry":{"type":"Point","coordinates":[-41.332527,-21.724862]},"properties":{"nome":"1442","tipo":"ponto","bairro":"S\u00c3O JOS\u00c9"}},{"type":"Feature","geometry":{"type":"Point","coordinates":[-41.331836,-21.724965]},"properties":{"nome":"1461","tipo":"ponto","bairro":"S\u00c3O JOS\u00c9"}},{"type":"Feature","geometry":{"type":"Point","coordinates":[-41.331995,-21.724881]},"properties":{"nome":"1481","tipo":"ponto","bairro":"S\u00c3O JOS\u00c9"}},{"type":"Feature","geometry":{"type":"Point","coordinates":[-41.331928,-21.724941]},"properties":{"nome":"1491","tipo":"ponto","bairro":"S\u00c3O JOS\u00c9"}},{"type":"Feature","geometry":{"type":"Point","coordinates":[-41.331771,-21.725026]},"properties":{"nome":"1512","tipo":"ponto","bairro":"S\u00c3O JOS\u00c9"}},{"type":"Feature","geometry":{"type":"Point","coordinates":[-41.331404,-21.725198]},"properties":{"nome":"1531","tipo":"ponto","bairro":"S\u00c3O JOS\u00c9"}},{"type":"Feature","geometry":{"type":"Point","coordinates":[-41.331246,-21.725318]},"properties":{"nome":"1542","tipo":"ponto","bairro":"S\u00c3O JOS\u00c9"}},{"type":"Feature","geometry":{"type":"Point","coordinates":[-41.330965,-21.725446]},"properties":{"nome":"1551","tipo":"ponto","bairro":"S\u00c3O JOS\u00c9"}},{"type":"Feature","geometry":{"type":"Point","coordinates":[-41.330876,-21.7255]},"properties":{"nome":"1561","tipo":"ponto","bairro":"S\u00c3O JOS\u00c9"}},{"type":"Feature","geometry":{"type":"Point","coordinates":[-41.330648,-21.725627]},"properties":{"nome":"1571","tipo":"ponto","bairro":"S\u00c3O JOS\u00c9"}},{"type":"Feature","geometry":{"type":"Point","coordinates":[-41.329656,-21.726199]},"properties":{"nome":"1582","tipo":"ponto","bairro":"S\u00c3O JOS\u00c9"}},{"type":"Feature","geometry":{"type":"Point","coordinates":[-41.328995,-21.726621]},"properties":{"nome":"1591","tipo":"ponto","bairro":"S\u00c3O JOS\u00c9"}},{"type":"Feature","geometry":{"type":"Point","coordinates":[-41.328826,-21.72674]},"properties":{"nome":"1601","tipo":"ponto","bairro":"S\u00c3O JOS\u00c9"}},{"type":"Feature","geometry":{"type":"Point","coordinates":[-41.328608,-21.726923]},"properties":{"nome":"1621","tipo":"ponto","bairro":"S\u00c3O JOS\u00c9"}},{"type":"Feature","geometry":{"type":"Point","coordinates":[-41.32796,-21.727594]},"properties":{"nome":"1651","tipo":"ponto","bairro":"S\u00c3O JOS\u00c9"}},{"type":"Feature","geometry":{"type":"Point","coordinates":[-41.327787,-21.727756]},"properties":{"nome":"1661","tipo":"ponto","bairro":"S\u00c3O JOS\u00c9"}},{"type":"Feature","geometry":{"type":"Point","coordinates":[-41.327564,-21.727959]},"properties":{"nome":"1671","tipo":"ponto","bairro":"S\u00c3O JOS\u00c9"}},{"type":"Feature","geometry":{"type":"Point","coordinates":[-41.326856,-21.728757]},"properties":{"nome":"1711","tipo":"ponto","bairro":"S\u00c3O JOS\u00c9"}},{"type":"Feature","geometry":{"type":"Point","coordinates":[-41.326956,-21.728667]},"properties":{"nome":"1722","tipo":"ponto","bairro":"S\u00c3O JOS\u00c9"}},{"type":"Feature","geometry":{"type":"Point","coordinates":[-41.321803,-21.726777]},"properties":{"nome":"1731","tipo":"ponto","bairro":"S\u00c3O JOS\u00c9"}},{"type":"Feature","geometry":{"type":"Point","coordinates":[-41.32201,-21.726746]},"properties":{"nome":"1741","tipo":"ponto","bairro":"S\u00c3O JOS\u00c9"}},{"type":"Feature","geometry":{"type":"Point","coordinates":[-41.322604,-21.726653]},"properties":{"nome":"1771","tipo":"ponto","bairro":"S\u00c3O JOS\u00c9"}},{"type":"Feature","geometry":{"type":"Point","coordinates":[-41.322688,-21.726679]},"properties":{"nome":"1781","tipo":"ponto","bairro":"S\u00c3O JOS\u00c9"}},{"type":"Feature","geometry":{"type":"Point","coordinates":[-41.322934,-21.726831]},"properties":{"nome":"1801","tipo":"ponto","bairro":"S\u00c3O JOS\u00c9"}},{"type":"Feature","geometry":{"type":"Point","coordinates":[-41.323267,-21.726952]},"properties":{"nome":"1821","tipo":"ponto","bairro":"S\u00c3O JOS\u00c9"}},{"type":"Feature","geometry":{"type":"Point","coordinates":[-41.323512,-21.727071]},"properties":{"nome":"1842","tipo":"ponto","bairro":"S\u00c3O JOS\u00c9"}},{"type":"Feature","geometry":{"type":"Point","coordinates":[-41.324034,-21.727292]},"properties":{"nome":"1861","tipo":"ponto","bairro":"S\u00c3O JOS\u00c9"}},{"type":"Feature","geometry":{"type":"Point","coordinates":[-41.324452,-21.727491]},"properties":{"nome":"1891","tipo":"ponto","bairro":"S\u00c3O JOS\u00c9"}},{"type":"Feature","geometry":{"type":"Point","coordinates":[-41.324854,-21.727705]},"properties":{"nome":"1902","tipo":"ponto","bairro":"S\u00c3O JOS\u00c9"}},{"type":"Feature","geometry":{"type":"Point","coordinates":[-41.324948,-21.727752]},"properties":{"nome":"1912","tipo":"ponto","bairro":"S\u00c3O JOS\u00c9"}},{"type":"Feature","geometry":{"type":"Point","coordinates":[-41.32513,-21.727855]},"properties":{"nome":"1921","tipo":"ponto","bairro":"S\u00c3O JOS\u00c9"}},{"type":"Feature","geometry":{"type":"Point","coordinates":[-41.325261,-21.727932]},"properties":{"nome":"1931","tipo":"ponto","bairro":"S\u00c3O JOS\u00c9"}},{"type":"Feature","geometry":{"type":"Point","coordinates":[-41.325659,-21.728143]},"properties":{"nome":"1941","tipo":"ponto","bairro":"S\u00c3O JOS\u00c9"}},{"type":"Feature","geometry":{"type":"Point","coordinates":[-41.325858,-21.72831]},"properties":{"nome":"1962","tipo":"ponto","bairro":"S\u00c3O JOS\u00c9"}},{"type":"Feature","geometry":{"type":"Point","coordinates":[-41.32589,-21.728302]},"properties":{"nome":"1971","tipo":"ponto","bairro":"S\u00c3O JOS\u00c9"}},{"type":"Feature","geometry":{"type":"Point","coordinates":[-41.32613,-21.728388]},"properties":{"nome":"1981","tipo":"ponto","bairro":"S\u00c3O JOS\u00c9"}},{"type":"Feature","geometry":{"type":"Point","coordinates":[-41.326404,-21.728611]},"properties":{"nome":"2001","tipo":"ponto","bairro":"S\u00c3O JOS\u00c9"}},{"type":"Feature","geometry":{"type":"Point","coordinates":[-41.326647,-21.72874]},"properties":{"nome":"2022","tipo":"ponto","bairro":"S\u00c3O JOS\u00c9"}},{"type":"Feature","geometry":{"type":"Point","coordinates":[-41.327042,-21.728967]},"properties":{"nome":"2041","tipo":"ponto","bairro":"S\u00c3O JOS\u00c9"}},{"type":"Feature","geometry":{"type":"Point","coordinates":[-41.327365,-21.729124]},"properties":{"nome":"2061","tipo":"ponto","bairro":"S\u00c3O JOS\u00c9"}},{"type":"Feature","geometry":{"type":"Point","coordinates":[-41.327494,-21.72926]},"properties":{"nome":"2071","tipo":"ponto","bairro":"S\u00c3O JOS\u00c9"}},{"type":"Feature","geometry":{"type":"Point","coordinates":[-41.327543,-21.729285]},"properties":{"nome":"2081","tipo":"ponto","bairro":"S\u00c3O JOS\u00c9"}},{"type":"Feature","geometry":{"type":"Point","coordinates":[-41.328238,-21.729628]},"properties":{"nome":"2111","tipo":"ponto","bairro":"S\u00c3O JOS\u00c9"}},{"type":"Feature","geometry":{"type":"Point","coordinates":[-41.328807,-21.730018]},"properties":{"nome":"2142","tipo":"ponto","bairro":"S\u00c3O JOS\u00c9"}},{"type":"Feature","geometry":{"type":"Point","coordinates":[-41.329098,-21.730309]},"properties":{"nome":"2171","tipo":"ponto","bairro":"S\u00c3O JOS\u00c9"}},{"type":"Feature","geometry":{"type":"Point","coordinates":[-41.329159,-21.730389]},"properties":{"nome":"2181","tipo":"ponto","bairro":"S\u00c3O JOS\u00c9"}},{"type":"Feature","geometry":{"type":"Point","coordinates":[-41.329362,-21.730663]},"properties":{"nome":"2201","tipo":"ponto","bairro":"S\u00c3O JOS\u00c9"}},{"type":"Feature","geometry":{"type":"Point","coordinates":[-41.329517,-21.73089]},"properties":{"nome":"2221","tipo":"ponto","bairro":"S\u00c3O JOS\u00c9"}},{"type":"Feature","geometry":{"type":"Point","coordinates":[-41.329908,-21.731305]},"properties":{"nome":"2241","tipo":"ponto","bairro":"S\u00c3O JOS\u00c9"}},{"type":"Feature","geometry":{"type":"Point","coordinates":[-41.329958,-21.73138]},"properties":{"nome":"2251","tipo":"ponto","bairro":"S\u00c3O JOS\u00c9"}},{"type":"Feature","geometry":{"type":"Point","coordinates":[-41.330221,-21.731776]},"properties":{"nome":"2271","tipo":"ponto","bairro":"S\u00c3O JOS\u00c9"}},{"type":"Feature","geometry":{"type":"Point","coordinates":[-41.330309,-21.7323]},"properties":{"nome":"2291","tipo":"ponto","bairro":"S\u00c3O JOS\u00c9"}},{"type":"Feature","geometry":{"type":"Point","coordinates":[-41.330342,-21.732415]},"properties":{"nome":"2301","tipo":"ponto","bairro":"S\u00c3O JOS\u00c9"}},{"type":"Feature","geometry":{"type":"Point","coordinates":[-41.330378,-21.732524]},"properties":{"nome":"2311","tipo":"ponto","bairro":"S\u00c3O JOS\u00c9"}},{"type":"Feature","geometry":{"type":"Point","coordinates":[-41.330397,-21.732956]},"properties":{"nome":"2331","tipo":"ponto","bairro":"S\u00c3O JOS\u00c9"}},{"type":"Feature","geometry":{"type":"Point","coordinates":[-41.330641,-21.733863]},"properties":{"nome":"2381","tipo":"ponto","bairro":"S\u00c3O JOS\u00c9"}},{"type":"Feature","geometry":{"type":"Point","coordinates":[-41.330788,-21.734106]},"properties":{"nome":"2391","tipo":"ponto","bairro":"S\u00c3O JOS\u00c9"}},{"type":"Feature","geometry":{"type":"Point","coordinates":[-41.330983,-21.734315]},"properties":{"nome":"2411","tipo":"ponto","bairro":"S\u00c3O JOS\u00c9"}},{"type":"Feature","geometry":{"type":"Point","coordinates":[-41.331211,-21.734487]},"properties":{"nome":"2421","tipo":"ponto","bairro":"S\u00c3O JOS\u00c9"}},{"type":"Feature","geometry":{"type":"Point","coordinates":[-41.33171,-21.734948]},"properties":{"nome":"2441","tipo":"ponto","bairro":"S\u00c3O JOS\u00c9"}},{"type":"Feature","geometry":{"type":"Point","coordinates":[-41.331661,-21.734835]},"properties":{"nome":"2451","tipo":"ponto","bairro":"S\u00c3O JOS\u00c9"}},{"type":"Feature","geometry":{"type":"Point","coordinates":[-41.332084,-21.735133]},"properties":{"nome":"2471","tipo":"ponto","bairro":"S\u00c3O JOS\u00c9"}},{"type":"Feature","geometry":{"type":"Point","coordinates":[-41.332157,-21.73522]},"properties":{"nome":"2491","tipo":"ponto","bairro":"S\u00c3O JOS\u00c9"}},{"type":"Feature","geometry":{"type":"Point","coordinates":[-41.332274,-21.73549]},"properties":{"nome":"2501","tipo":"ponto","bairro":"S\u00c3O JOS\u00c9"}},{"type":"Feature","geometry":{"type":"Point","coordinates":[-41.332376,-21.735738]},"properties":{"nome":"2511","tipo":"ponto","bairro":"S\u00c3O JOS\u00c9"}},{"type":"Feature","geometry":{"type":"Point","coordinates":[-41.332478,-21.735994]},"properties":{"nome":"2531","tipo":"ponto","bairro":"S\u00c3O JOS\u00c9"}},{"type":"Feature","geometry":{"type":"Point","coordinates":[-41.332495,-21.736043]},"properties":{"nome":"2541","tipo":"ponto","bairro":"S\u00c3O JOS\u00c9"}},{"type":"Feature","geometry":{"type":"Point","coordinates":[-41.332745,-21.736625]},"properties":{"nome":"2551","tipo":"ponto","bairro":"S\u00c3O JOS\u00c9"}},{"type":"Feature","geometry":{"type":"Point","coordinates":[-41.332811,-21.73696]},"properties":{"nome":"2571","tipo":"ponto","bairro":"S\u00c3O JOS\u00c9"}},{"type":"Feature","geometry":{"type":"Point","coordinates":[-41.332817,-21.737326]},"properties":{"nome":"2591","tipo":"ponto","bairro":"S\u00c3O JOS\u00c9"}},{"type":"Feature","geometry":{"type":"Point","coordinates":[-41.33282,-21.737366]},"properties":{"nome":"2601","tipo":"ponto","bairro":"S\u00c3O JOS\u00c9"}},{"type":"Feature","geometry":{"type":"Point","coordinates":[-41.332742,-21.737558]},"properties":{"nome":"2611","tipo":"ponto","bairro":"S\u00c3O JOS\u00c9"}},{"type":"Feature","geometry":{"type":"Point","coordinates":[-41.332705,-21.737718]},"properties":{"nome":"2621","tipo":"ponto","bairro":"S\u00c3O JOS\u00c9"}},{"type":"Feature","geometry":{"type":"Point","coordinates":[-41.332603,-21.738008]},"properties":{"nome":"2631","tipo":"ponto","bairro":"S\u00c3O JOS\u00c9"}},{"type":"Feature","geometry":{"type":"Point","coordinates":[-41.331848,-21.734904]},"properties":{"nome":"00111","tipo":"ponto","bairro":"S\u00c3O JOS\u00c9"}},{"type":"Feature","geometry":{"type":"Point","coordinates":[-41.331874,-21.734887]},"properties":{"nome":"00211","tipo":"ponto","bairro":"S\u00c3O JOS\u00c9"}},{"type":"Feature","geometry":{"type":"Point","coordinates":[-41.33238,-21.734753]},"properties":{"nome":"00311","tipo":"ponto","bairro":"S\u00c3O JOS\u00c9"}},{"type":"Feature","geometry":{"type":"Point","coordinates":[-41.332901,-21.734593]},"properties":{"nome":"00511","tipo":"ponto","bairro":"S\u00c3O JOS\u00c9"}},{"type":"Feature","geometry":{"type":"Point","coordinates":[-41.33325,-21.734499]},"properties":{"nome":"00611","tipo":"ponto","bairro":"S\u00c3O JOS\u00c9"}},{"type":"Feature","geometry":{"type":"Point","coordinates":[-41.333538,-21.734417]},"properties":{"nome":"00711","tipo":"ponto","bairro":"S\u00c3O JOS\u00c9"}},{"type":"Feature","geometry":{"type":"Point","coordinates":[-41.331197,-21.734404]},"properties":{"nome":"00811","tipo":"ponto","bairro":"S\u00c3O JOS\u00c9"}},{"type":"Feature","geometry":{"type":"Point","coordinates":[-41.331209,-21.7344]},"properties":{"nome":"00911","tipo":"ponto","bairro":"S\u00c3O JOS\u00c9"}},{"type":"Feature","geometry":{"type":"Point","coordinates":[-41.33141,-21.73432]},"properties":{"nome":"01010","tipo":"ponto","bairro":"S\u00c3O JOS\u00c9"}},{"type":"Feature","geometry":{"type":"Point","coordinates":[-41.331591,-21.734255]},"properties":{"nome":"01110","tipo":"ponto","bairro":"S\u00c3O JOS\u00c9"}},{"type":"Feature","geometry":{"type":"Point","coordinates":[-41.331933,-21.734159]},"properties":{"nome":"01310","tipo":"ponto","bairro":"S\u00c3O JOS\u00c9"}},{"type":"Feature","geometry":{"type":"Point","coordinates":[-41.332265,-21.734048]},"properties":{"nome":"01410","tipo":"ponto","bairro":"S\u00c3O JOS\u00c9"}},{"type":"Feature","geometry":{"type":"Point","coordinates":[-41.33252,-21.733962]},"properties":{"nome":"01510","tipo":"ponto","bairro":"S\u00c3O JOS\u00c9"}},{"type":"Feature","geometry":{"type":"Point","coordinates":[-41.332588,-21.733951]},"properties":{"nome":"01610","tipo":"ponto","bairro":"S\u00c3O JOS\u00c9"}},{"type":"Feature","geometry":{"type":"Point","coordinates":[-41.332911,-21.733839]},"properties":{"nome":"01810","tipo":"ponto","bairro":"S\u00c3O JOS\u00c9"}},{"type":"Feature","geometry":{"type":"Point","coordinates":[-41.333086,-21.733789]},"properties":{"nome":"01910","tipo":"ponto","bairro":"S\u00c3O JOS\u00c9"}},{"type":"Feature","geometry":{"type":"Point","coordinates":[-41.330725,-21.733938]},"properties":{"nome":"02010","tipo":"ponto","bairro":"S\u00c3O JOS\u00c9"}},{"type":"Feature","geometry":{"type":"Point","coordinates":[-41.330901,-21.73387]},"properties":{"nome":"02110","tipo":"ponto","bairro":"S\u00c3O JOS\u00c9"}},{"type":"Feature","geometry":{"type":"Point","coordinates":[-41.33111,-21.733808]},"properties":{"nome":"02210","tipo":"ponto","bairro":"S\u00c3O JOS\u00c9"}},{"type":"Feature","geometry":{"type":"Point","coordinates":[-41.33138,-21.733693]},"properties":{"nome":"02310","tipo":"ponto","bairro":"S\u00c3O JOS\u00c9"}},{"type":"Feature","geometry":{"type":"Point","coordinates":[-41.331484,-21.733682]},"properties":{"nome":"02410","tipo":"ponto","bairro":"S\u00c3O JOS\u00c9"}},{"type":"Feature","geometry":{"type":"Point","coordinates":[-41.331642,-21.733667]},"properties":{"nome":"02510","tipo":"ponto","bairro":"S\u00c3O JOS\u00c9"}},{"type":"Feature","geometry":{"type":"Point","coordinates":[-41.332094,-21.733531]},"properties":{"nome":"02710","tipo":"ponto","bairro":"S\u00c3O JOS\u00c9"}},{"type":"Feature","geometry":{"type":"Point","coordinates":[-41.332175,-21.733486]},"properties":{"nome":"02810","tipo":"ponto","bairro":"S\u00c3O JOS\u00c9"}},{"type":"Feature","geometry":{"type":"Point","coordinates":[-41.332451,-21.733423]},"properties":{"nome":"02910","tipo":"ponto","bairro":"S\u00c3O JOS\u00c9"}},{"type":"Feature","geometry":{"type":"Point","coordinates":[-41.332572,-21.73337]},"properties":{"nome":"0309","tipo":"ponto","bairro":"S\u00c3O JOS\u00c9"}},{"type":"Feature","geometry":{"type":"Point","coordinates":[-41.332784,-21.733274]},"properties":{"nome":"0319","tipo":"ponto","bairro":"S\u00c3O JOS\u00c9"}},{"type":"Feature","geometry":{"type":"Point","coordinates":[-41.332864,-21.7333]},"properties":{"nome":"0329","tipo":"ponto","bairro":"S\u00c3O JOS\u00c9"}},{"type":"Feature","geometry":{"type":"Point","coordinates":[-41.330564,-21.733358]},"properties":{"nome":"0339","tipo":"ponto","bairro":"S\u00c3O JOS\u00c9"}},{"type":"Feature","geometry":{"type":"Point","coordinates":[-41.330834,-21.73326]},"properties":{"nome":"0349","tipo":"ponto","bairro":"S\u00c3O JOS\u00c9"}},{"type":"Feature","geometry":{"type":"Point","coordinates":[-41.331138,-21.733213]},"properties":{"nome":"0359","tipo":"ponto","bairro":"S\u00c3O JOS\u00c9"}},{"type":"Feature","geometry":{"type":"Point","coordinates":[-41.33124,-21.733154]},"properties":{"nome":"0369","tipo":"ponto","bairro":"S\u00c3O JOS\u00c9"}},{"type":"Feature","geometry":{"type":"Point","coordinates":[-41.331562,-21.733059]},"properties":{"nome":"0389","tipo":"ponto","bairro":"S\u00c3O JOS\u00c9"}},{"type":"Feature","geometry":{"type":"Point","coordinates":[-41.331801,-21.732982]},"properties":{"nome":"0399","tipo":"ponto","bairro":"S\u00c3O JOS\u00c9"}},{"type":"Feature","geometry":{"type":"Point","coordinates":[-41.331978,-21.732937]},"properties":{"nome":"0409","tipo":"ponto","bairro":"S\u00c3O JOS\u00c9"}},{"type":"Feature","geometry":{"type":"Point","coordinates":[-41.332121,-21.732909]},"properties":{"nome":"0419","tipo":"ponto","bairro":"S\u00c3O JOS\u00c9"}},{"type":"Feature","geometry":{"type":"Point","coordinates":[-41.332267,-21.73285]},"properties":{"nome":"0428","tipo":"ponto","bairro":"S\u00c3O JOS\u00c9"}},{"type":"Feature","geometry":{"type":"Point","coordinates":[-41.332375,-21.732795]},"properties":{"nome":"0438","tipo":"ponto","bairro":"S\u00c3O JOS\u00c9"}},{"type":"Feature","geometry":{"type":"Point","coordinates":[-41.332581,-21.732774]},"properties":{"nome":"0448","tipo":"ponto","bairro":"S\u00c3O JOS\u00c9"}},{"type":"Feature","geometry":{"type":"Point","coordinates":[-41.332618,-21.732756]},"properties":{"nome":"0458","tipo":"ponto","bairro":"S\u00c3O JOS\u00c9"}},{"type":"Feature","geometry":{"type":"Point","coordinates":[-41.332081,-21.732339]},"properties":{"nome":"0468","tipo":"ponto","bairro":"S\u00c3O JOS\u00c9"}},{"type":"Feature","geometry":{"type":"Point","coordinates":[-41.331937,-21.732394]},"properties":{"nome":"0478","tipo":"ponto","bairro":"S\u00c3O JOS\u00c9"}},{"type":"Feature","geometry":{"type":"Point","coordinates":[-41.331706,-21.732458]},"properties":{"nome":"0488","tipo":"ponto","bairro":"S\u00c3O JOS\u00c9"}},{"type":"Feature","geometry":{"type":"Point","coordinates":[-41.331296,-21.732612]},"properties":{"nome":"0508","tipo":"ponto","bairro":"S\u00c3O JOS\u00c9"}},{"type":"Feature","geometry":{"type":"Point","coordinates":[-41.331111,-21.732663]},"properties":{"nome":"0518","tipo":"ponto","bairro":"S\u00c3O JOS\u00c9"}},{"type":"Feature","geometry":{"type":"Point","coordinates":[-41.330906,-21.732709]},"properties":{"nome":"0528","tipo":"ponto","bairro":"S\u00c3O JOS\u00c9"}},{"type":"Feature","geometry":{"type":"Point","coordinates":[-41.330718,-21.73279]},"properties":{"nome":"0538","tipo":"ponto","bairro":"S\u00c3O JOS\u00c9"}},{"type":"Feature","geometry":{"type":"Point","coordinates":[-41.330353,-21.732184]},"properties":{"nome":"0548","tipo":"ponto","bairro":"S\u00c3O JOS\u00c9"}},{"type":"Feature","geometry":{"type":"Point","coordinates":[-41.330278,-21.73202]},"properties":{"nome":"0558","tipo":"ponto","bairro":"S\u00c3O JOS\u00c9"}},{"type":"Feature","geometry":{"type":"Point","coordinates":[-41.330635,-21.732067]},"properties":{"nome":"0568","tipo":"ponto","bairro":"S\u00c3O JOS\u00c9"}},{"type":"Feature","geometry":{"type":"Point","coordinates":[-41.330729,-21.732063]},"properties":{"nome":"0578","tipo":"ponto","bairro":"S\u00c3O JOS\u00c9"}},{"type":"Feature","geometry":{"type":"Point","coordinates":[-41.330931,-21.732004]},"properties":{"nome":"0588","tipo":"ponto","bairro":"S\u00c3O JOS\u00c9"}},{"type":"Feature","geometry":{"type":"Point","coordinates":[-41.331121,-21.731951]},"properties":{"nome":"0598","tipo":"ponto","bairro":"S\u00c3O JOS\u00c9"}},{"type":"Feature","geometry":{"type":"Point","coordinates":[-41.331481,-21.7318]},"properties":{"nome":"0618","tipo":"ponto","bairro":"S\u00c3O JOS\u00c9"}},{"type":"Feature","geometry":{"type":"Point","coordinates":[-41.331851,-21.731697]},"properties":{"nome":"0628","tipo":"ponto","bairro":"S\u00c3O JOS\u00c9"}},{"type":"Feature","geometry":{"type":"Point","coordinates":[-41.331881,-21.731691]},"properties":{"nome":"0638","tipo":"ponto","bairro":"S\u00c3O JOS\u00c9"}},{"type":"Feature","geometry":{"type":"Point","coordinates":[-41.332231,-21.731563]},"properties":{"nome":"0657","tipo":"ponto","bairro":"S\u00c3O JOS\u00c9"}},{"type":"Feature","geometry":{"type":"Point","coordinates":[-41.332241,-21.731579]},"properties":{"nome":"0667","tipo":"ponto","bairro":"S\u00c3O JOS\u00c9"}},{"type":"Feature","geometry":{"type":"Point","coordinates":[-41.332597,-21.731463]},"properties":{"nome":"0677","tipo":"ponto","bairro":"S\u00c3O JOS\u00c9"}},{"type":"Feature","geometry":{"type":"Point","coordinates":[-41.331773,-21.730513]},"properties":{"nome":"0688","tipo":"ponto","bairro":"S\u00c3O JOS\u00c9"}},{"type":"Feature","geometry":{"type":"Point","coordinates":[-41.331323,-21.730904]},"properties":{"nome":"0707","tipo":"ponto","bairro":"S\u00c3O JOS\u00c9"}},{"type":"Feature","geometry":{"type":"Point","coordinates":[-41.331236,-21.730935]},"properties":{"nome":"0717","tipo":"ponto","bairro":"S\u00c3O JOS\u00c9"}},{"type":"Feature","geometry":{"type":"Point","coordinates":[-41.331085,-21.73111]},"properties":{"nome":"0727","tipo":"ponto","bairro":"S\u00c3O JOS\u00c9"}},{"type":"Feature","geometry":{"type":"Point","coordinates":[-41.330934,-21.731223]},"properties":{"nome":"0737","tipo":"ponto","bairro":"S\u00c3O JOS\u00c9"}},{"type":"Feature","geometry":{"type":"Point","coordinates":[-41.330748,-21.731377]},"properties":{"nome":"0757","tipo":"ponto","bairro":"S\u00c3O JOS\u00c9"}},{"type":"Feature","geometry":{"type":"Point","coordinates":[-41.330606,-21.731469]},"properties":{"nome":"0766","tipo":"ponto","bairro":"S\u00c3O JOS\u00c9"}},{"type":"Feature","geometry":{"type":"Point","coordinates":[-41.3304,-21.731621]},"properties":{"nome":"0776","tipo":"ponto","bairro":"S\u00c3O JOS\u00c9"}},{"type":"Feature","geometry":{"type":"Point","coordinates":[-41.330303,-21.731742]},"properties":{"nome":"0786","tipo":"ponto","bairro":"S\u00c3O JOS\u00c9"}},{"type":"Feature","geometry":{"type":"Point","coordinates":[-41.330283,-21.731721]},"properties":{"nome":"0795","tipo":"ponto","bairro":"S\u00c3O JOS\u00c9"}},{"type":"Feature","geometry":{"type":"Point","coordinates":[-41.329881,-21.731219]},"properties":{"nome":"0805","tipo":"ponto","bairro":"S\u00c3O JOS\u00c9"}},{"type":"Feature","geometry":{"type":"Point","coordinates":[-41.329894,-21.731201]},"properties":{"nome":"0815","tipo":"ponto","bairro":"S\u00c3O JOS\u00c9"}},{"type":"Feature","geometry":{"type":"Point","coordinates":[-41.330022,-21.731082]},"properties":{"nome":"0825","tipo":"ponto","bairro":"S\u00c3O JOS\u00c9"}},{"type":"Feature","geometry":{"type":"Point","coordinates":[-41.3302,-21.730897]},"properties":{"nome":"0835","tipo":"ponto","bairro":"S\u00c3O JOS\u00c9"}},{"type":"Feature","geometry":{"type":"Point","coordinates":[-41.330308,-21.730831]},"properties":{"nome":"0844","tipo":"ponto","bairro":"S\u00c3O JOS\u00c9"}},{"type":"Feature","geometry":{"type":"Point","coordinates":[-41.330679,-21.730493]},"properties":{"nome":"0863","tipo":"ponto","bairro":"S\u00c3O JOS\u00c9"}},{"type":"Feature","geometry":{"type":"Point","coordinates":[-41.330823,-21.730426]},"properties":{"nome":"0873","tipo":"ponto","bairro":"S\u00c3O JOS\u00c9"}},{"type":"Feature","geometry":{"type":"Point","coordinates":[-41.331073,-21.73023]},"properties":{"nome":"0893","tipo":"ponto","bairro":"S\u00c3O JOS\u00c9"}},{"type":"Feature","geometry":{"type":"Point","coordinates":[-41.331085,-21.730205]},"properties":{"nome":"0903","tipo":"ponto","bairro":"S\u00c3O JOS\u00c9"}},{"type":"Feature","geometry":{"type":"Point","coordinates":[-41.331309,-21.73004]},"properties":{"nome":"0913","tipo":"ponto","bairro":"S\u00c3O JOS\u00c9"}},{"type":"Feature","geometry":{"type":"Point","coordinates":[-41.33138,-21.729955]},"properties":{"nome":"0923","tipo":"ponto","bairro":"S\u00c3O JOS\u00c9"}},{"type":"Feature","geometry":{"type":"Point","coordinates":[-41.331429,-21.7291]},"properties":{"nome":"0933","tipo":"ponto","bairro":"S\u00c3O JOS\u00c9"}},{"type":"Feature","geometry":{"type":"Point","coordinates":[-41.331378,-21.729134]},"properties":{"nome":"0943","tipo":"ponto","bairro":"S\u00c3O JOS\u00c9"}},{"type":"Feature","geometry":{"type":"Point","coordinates":[-41.330921,-21.729499]},"properties":{"nome":"0963","tipo":"ponto","bairro":"S\u00c3O JOS\u00c9"}},{"type":"Feature","geometry":{"type":"Point","coordinates":[-41.330886,-21.729527]},"properties":{"nome":"0972","tipo":"ponto","bairro":"S\u00c3O JOS\u00c9"}},{"type":"Feature","geometry":{"type":"Point","coordinates":[-41.330701,-21.72971]},"properties":{"nome":"0982","tipo":"ponto","bairro":"S\u00c3O JOS\u00c9"}},{"type":"Feature","geometry":{"type":"Point","coordinates":[-41.33049,-21.729838]},"properties":{"nome":"1002","tipo":"ponto","bairro":"S\u00c3O JOS\u00c9"}},{"type":"Feature","geometry":{"type":"Point","coordinates":[-41.330366,-21.729935]},"properties":{"nome":"1013","tipo":"ponto","bairro":"S\u00c3O JOS\u00c9"}},{"type":"Feature","geometry":{"type":"Point","coordinates":[-41.330053,-21.730186]},"properties":{"nome":"1033","tipo":"ponto","bairro":"S\u00c3O JOS\u00c9"}},{"type":"Feature","geometry":{"type":"Point","coordinates":[-41.329889,-21.730336]},"properties":{"nome":"1043","tipo":"ponto","bairro":"S\u00c3O JOS\u00c9"}},{"type":"Feature","geometry":{"type":"Point","coordinates":[-41.329777,-21.730395]},"properties":{"nome":"1052","tipo":"ponto","bairro":"S\u00c3O JOS\u00c9"}},{"type":"Feature","geometry":{"type":"Point","coordinates":[-41.329538,-21.730625]},"properties":{"nome":"1062","tipo":"ponto","bairro":"S\u00c3O JOS\u00c9"}},{"type":"Feature","geometry":{"type":"Point","coordinates":[-41.329106,-21.730084]},"properties":{"nome":"1082","tipo":"ponto","bairro":"S\u00c3O JOS\u00c9"}},{"type":"Feature","geometry":{"type":"Point","coordinates":[-41.329326,-21.729895]},"properties":{"nome":"1092","tipo":"ponto","bairro":"S\u00c3O JOS\u00c9"}},{"type":"Feature","geometry":{"type":"Point","coordinates":[-41.329501,-21.729761]},"properties":{"nome":"1102","tipo":"ponto","bairro":"S\u00c3O JOS\u00c9"}},{"type":"Feature","geometry":{"type":"Point","coordinates":[-41.329758,-21.729565]},"properties":{"nome":"1123","tipo":"ponto","bairro":"S\u00c3O JOS\u00c9"}},{"type":"Feature","geometry":{"type":"Point","coordinates":[-41.329868,-21.729481]},"properties":{"nome":"1132","tipo":"ponto","bairro":"S\u00c3O JOS\u00c9"}},{"type":"Feature","geometry":{"type":"Point","coordinates":[-41.330144,-21.729208]},"properties":{"nome":"1152","tipo":"ponto","bairro":"S\u00c3O JOS\u00c9"}},{"type":"Feature","geometry":{"type":"Point","coordinates":[-41.330288,-21.72916]},"properties":{"nome":"1162","tipo":"ponto","bairro":"S\u00c3O JOS\u00c9"}},{"type":"Feature","geometry":{"type":"Point","coordinates":[-41.330351,-21.728999]},"properties":{"nome":"1172","tipo":"ponto","bairro":"S\u00c3O JOS\u00c9"}},{"type":"Feature","geometry":{"type":"Point","coordinates":[-41.330514,-21.728984]},"properties":{"nome":"1182","tipo":"ponto","bairro":"S\u00c3O JOS\u00c9"}},{"type":"Feature","geometry":{"type":"Point","coordinates":[-41.330109,-21.728508]},"properties":{"nome":"1202","tipo":"ponto","bairro":"S\u00c3O JOS\u00c9"}},{"type":"Feature","geometry":{"type":"Point","coordinates":[-41.329897,-21.728675]},"properties":{"nome":"1213","tipo":"ponto","bairro":"S\u00c3O JOS\u00c9"}},{"type":"Feature","geometry":{"type":"Point","coordinates":[-41.329552,-21.728982]},"properties":{"nome":"1232","tipo":"ponto","bairro":"S\u00c3O JOS\u00c9"}},{"type":"Feature","geometry":{"type":"Point","coordinates":[-41.329417,-21.729047]},"properties":{"nome":"1242","tipo":"ponto","bairro":"S\u00c3O JOS\u00c9"}},{"type":"Feature","geometry":{"type":"Point","coordinates":[-41.329265,-21.729179]},"properties":{"nome":"1252","tipo":"ponto","bairro":"S\u00c3O JOS\u00c9"}},{"type":"Feature","geometry":{"type":"Point","coordinates":[-41.328998,-21.729377]},"properties":{"nome":"1272","tipo":"ponto","bairro":"S\u00c3O JOS\u00c9"}},{"type":"Feature","geometry":{"type":"Point","coordinates":[-41.328923,-21.729442]},"properties":{"nome":"1282","tipo":"ponto","bairro":"S\u00c3O JOS\u00c9"}},{"type":"Feature","geometry":{"type":"Point","coordinates":[-41.328706,-21.729615]},"properties":{"nome":"1292","tipo":"ponto","bairro":"S\u00c3O JOS\u00c9"}},{"type":"Feature","geometry":{"type":"Point","coordinates":[-41.328049,-21.729459]},"properties":{"nome":"1313","tipo":"ponto","bairro":"S\u00c3O JOS\u00c9"}},{"type":"Feature","geometry":{"type":"Point","coordinates":[-41.328106,-21.729394]},"properties":{"nome":"1323","tipo":"ponto","bairro":"S\u00c3O JOS\u00c9"}},{"type":"Feature","geometry":{"type":"Point","coordinates":[-41.328317,-21.72917]},"properties":{"nome":"1332","tipo":"ponto","bairro":"S\u00c3O JOS\u00c9"}},{"type":"Feature","geometry":{"type":"Point","coordinates":[-41.328543,-21.72894]},"properties":{"nome":"1352","tipo":"ponto","bairro":"S\u00c3O JOS\u00c9"}},{"type":"Feature","geometry":{"type":"Point","coordinates":[-41.328822,-21.728662]},"properties":{"nome":"1362","tipo":"ponto","bairro":"S\u00c3O JOS\u00c9"}},{"type":"Feature","geometry":{"type":"Point","coordinates":[-41.329027,-21.728417]},"properties":{"nome":"1372","tipo":"ponto","bairro":"S\u00c3O JOS\u00c9"}},{"type":"Feature","geometry":{"type":"Point","coordinates":[-41.329499,-21.727935]},"properties":{"nome":"1402","tipo":"ponto","bairro":"S\u00c3O JOS\u00c9"}},{"type":"Feature","geometry":{"type":"Point","coordinates":[-41.329742,-21.727682]},"properties":{"nome":"1412","tipo":"ponto","bairro":"S\u00c3O JOS\u00c9"}},{"type":"Feature","geometry":{"type":"Point","coordinates":[-41.327179,-21.728935]},"properties":{"nome":"1432","tipo":"ponto","bairro":"S\u00c3O JOS\u00c9"}},{"type":"Feature","geometry":{"type":"Point","coordinates":[-41.327455,-21.72867]},"properties":{"nome":"1443","tipo":"ponto","bairro":"S\u00c3O JOS\u00c9"}},{"type":"Feature","geometry":{"type":"Point","coordinates":[-41.327733,-21.728448]},"properties":{"nome":"1452","tipo":"ponto","bairro":"S\u00c3O JOS\u00c9"}},{"type":"Feature","geometry":{"type":"Point","coordinates":[-41.328162,-21.728003]},"properties":{"nome":"1472","tipo":"ponto","bairro":"S\u00c3O JOS\u00c9"}},{"type":"Feature","geometry":{"type":"Point","coordinates":[-41.32841,-21.727773]},"properties":{"nome":"1482","tipo":"ponto","bairro":"S\u00c3O JOS\u00c9"}},{"type":"Feature","geometry":{"type":"Point","coordinates":[-41.328644,-21.727503]},"properties":{"nome":"1492","tipo":"ponto","bairro":"S\u00c3O JOS\u00c9"}},{"type":"Feature","geometry":{"type":"Point","coordinates":[-41.328878,-21.727307]},"properties":{"nome":"1502","tipo":"ponto","bairro":"S\u00c3O JOS\u00c9"}},{"type":"Feature","geometry":{"type":"Point","coordinates":[-41.328952,-21.727245]},"properties":{"nome":"1513","tipo":"ponto","bairro":"S\u00c3O JOS\u00c9"}},{"type":"Feature","geometry":{"type":"Point","coordinates":[-41.327365,-21.729096]},"properties":{"nome":"1522","tipo":"ponto","bairro":"S\u00c3O JOS\u00c9"}},{"type":"Feature","geometry":{"type":"Point","coordinates":[-41.327603,-21.728843]},"properties":{"nome":"1532","tipo":"ponto","bairro":"S\u00c3O JOS\u00c9"}},{"type":"Feature","geometry":{"type":"Point","coordinates":[-41.327846,-21.72858]},"properties":{"nome":"1552","tipo":"ponto","bairro":"S\u00c3O JOS\u00c9"}},{"type":"Feature","geometry":{"type":"Point","coordinates":[-41.328039,-21.728435]},"properties":{"nome":"1562","tipo":"ponto","bairro":"S\u00c3O JOS\u00c9"}},{"type":"Feature","geometry":{"type":"Point","coordinates":[-41.328118,-21.728318]},"properties":{"nome":"1572","tipo":"ponto","bairro":"S\u00c3O JOS\u00c9"}},{"type":"Feature","geometry":{"type":"Point","coordinates":[-41.328282,-21.728209]},"properties":{"nome":"1583","tipo":"ponto","bairro":"S\u00c3O JOS\u00c9"}},{"type":"Feature","geometry":{"type":"Point","coordinates":[-41.328435,-21.728058]},"properties":{"nome":"1592","tipo":"ponto","bairro":"S\u00c3O JOS\u00c9"}},{"type":"Feature","geometry":{"type":"Point","coordinates":[-41.328483,-21.728041]},"properties":{"nome":"1602","tipo":"ponto","bairro":"S\u00c3O JOS\u00c9"}},{"type":"Feature","geometry":{"type":"Point","coordinates":[-41.32871,-21.727854]},"properties":{"nome":"1613","tipo":"ponto","bairro":"S\u00c3O JOS\u00c9"}},{"type":"Feature","geometry":{"type":"Point","coordinates":[-41.328688,-21.727828]},"properties":{"nome":"1622","tipo":"ponto","bairro":"S\u00c3O JOS\u00c9"}},{"type":"Feature","geometry":{"type":"Point","coordinates":[-41.328852,-21.727719]},"properties":{"nome":"1632","tipo":"ponto","bairro":"S\u00c3O JOS\u00c9"}},{"type":"Feature","geometry":{"type":"Point","coordinates":[-41.328934,-21.727643]},"properties":{"nome":"1642","tipo":"ponto","bairro":"S\u00c3O JOS\u00c9"}},{"type":"Feature","geometry":{"type":"Point","coordinates":[-41.329002,-21.727547]},"properties":{"nome":"1652","tipo":"ponto","bairro":"S\u00c3O JOS\u00c9"}},{"type":"Feature","geometry":{"type":"Point","coordinates":[-41.329405,-21.728439]},"properties":{"nome":"1672","tipo":"ponto","bairro":"S\u00c3O JOS\u00c9"}},{"type":"Feature","geometry":{"type":"Point","coordinates":[-41.32977,-21.728875]},"properties":{"nome":"1692","tipo":"ponto","bairro":"S\u00c3O JOS\u00c9"}},{"type":"Feature","geometry":{"type":"Point","coordinates":[-41.329966,-21.729069]},"properties":{"nome":"1712","tipo":"ponto","bairro":"S\u00c3O JOS\u00c9"}},{"type":"Feature","geometry":{"type":"Point","coordinates":[-41.330214,-21.729336]},"properties":{"nome":"1732","tipo":"ponto","bairro":"S\u00c3O JOS\u00c9"}},{"type":"Feature","geometry":{"type":"Point","coordinates":[-41.330215,-21.729334]},"properties":{"nome":"1742","tipo":"ponto","bairro":"S\u00c3O JOS\u00c9"}},{"type":"Feature","geometry":{"type":"Point","coordinates":[-41.330269,-21.729417]},"properties":{"nome":"1752","tipo":"ponto","bairro":"S\u00c3O JOS\u00c9"}},{"type":"Feature","geometry":{"type":"Point","coordinates":[-41.330358,-21.729506]},"properties":{"nome":"1763","tipo":"ponto","bairro":"S\u00c3O JOS\u00c9"}},{"type":"Feature","geometry":{"type":"Point","coordinates":[-41.330686,-21.729796]},"properties":{"nome":"1772","tipo":"ponto","bairro":"S\u00c3O JOS\u00c9"}},{"type":"Feature","geometry":{"type":"Point","coordinates":[-41.330662,-21.729828]},"properties":{"nome":"1792","tipo":"ponto","bairro":"S\u00c3O JOS\u00c9"}},{"type":"Feature","geometry":{"type":"Point","coordinates":[-41.330826,-21.730012]},"properties":{"nome":"1802","tipo":"ponto","bairro":"S\u00c3O JOS\u00c9"}},{"type":"Feature","geometry":{"type":"Point","coordinates":[-41.331024,-21.730263]},"properties":{"nome":"1822","tipo":"ponto","bairro":"S\u00c3O JOS\u00c9"}},{"type":"Feature","geometry":{"type":"Point","coordinates":[-41.331069,-21.730294]},"properties":{"nome":"1832","tipo":"ponto","bairro":"S\u00c3O JOS\u00c9"}},{"type":"Feature","geometry":{"type":"Point","coordinates":[-41.331297,-21.730501]},"properties":{"nome":"1852","tipo":"ponto","bairro":"S\u00c3O JOS\u00c9"}},{"type":"Feature","geometry":{"type":"Point","coordinates":[-41.331541,-21.730798]},"properties":{"nome":"1872","tipo":"ponto","bairro":"S\u00c3O JOS\u00c9"}},{"type":"Feature","geometry":{"type":"Point","coordinates":[-41.33164,-21.730868]},"properties":{"nome":"1882","tipo":"ponto","bairro":"S\u00c3O JOS\u00c9"}},{"type":"Feature","geometry":{"type":"Point","coordinates":[-41.331804,-21.731064]},"properties":{"nome":"1892","tipo":"ponto","bairro":"S\u00c3O JOS\u00c9"}},{"type":"Feature","geometry":{"type":"Point","coordinates":[-41.331965,-21.731301]},"properties":{"nome":"1913","tipo":"ponto","bairro":"S\u00c3O JOS\u00c9"}},{"type":"Feature","geometry":{"type":"Point","coordinates":[-41.332242,-21.73165]},"properties":{"nome":"1932","tipo":"ponto","bairro":"S\u00c3O JOS\u00c9"}},{"type":"Feature","geometry":{"type":"Point","coordinates":[-41.332383,-21.731897]},"properties":{"nome":"1942","tipo":"ponto","bairro":"S\u00c3O JOS\u00c9"}},{"type":"Feature","geometry":{"type":"Point","coordinates":[-41.332619,-21.732242]},"properties":{"nome":"1952","tipo":"ponto","bairro":"S\u00c3O JOS\u00c9"}},{"type":"Feature","geometry":{"type":"Point","coordinates":[-41.332591,-21.732228]},"properties":{"nome":"1963","tipo":"ponto","bairro":"S\u00c3O JOS\u00c9"}},{"type":"Feature","geometry":{"type":"Point","coordinates":[-41.333127,-21.731949]},"properties":{"nome":"1992","tipo":"ponto","bairro":"S\u00c3O JOS\u00c9"}},{"type":"Feature","geometry":{"type":"Point","coordinates":[-41.333102,-21.731918]},"properties":{"nome":"2002","tipo":"ponto","bairro":"S\u00c3O JOS\u00c9"}},{"type":"Feature","geometry":{"type":"Point","coordinates":[-41.332973,-21.731644]},"properties":{"nome":"2012","tipo":"ponto","bairro":"S\u00c3O JOS\u00c9"}},{"type":"Feature","geometry":{"type":"Point","coordinates":[-41.332983,-21.731628]},"properties":{"nome":"2023","tipo":"ponto","bairro":"S\u00c3O JOS\u00c9"}},{"type":"Feature","geometry":{"type":"Point","coordinates":[-41.33291,-21.731479]},"properties":{"nome":"2032","tipo":"ponto","bairro":"S\u00c3O JOS\u00c9"}},{"type":"Feature","geometry":{"type":"Point","coordinates":[-41.332833,-21.731333]},"properties":{"nome":"2042","tipo":"ponto","bairro":"S\u00c3O JOS\u00c9"}},{"type":"Feature","geometry":{"type":"Point","coordinates":[-41.332666,-21.731051]},"properties":{"nome":"2062","tipo":"ponto","bairro":"S\u00c3O JOS\u00c9"}},{"type":"Feature","geometry":{"type":"Point","coordinates":[-41.332604,-21.730977]},"properties":{"nome":"2072","tipo":"ponto","bairro":"S\u00c3O JOS\u00c9"}},{"type":"Feature","geometry":{"type":"Point","coordinates":[-41.332428,-21.730772]},"properties":{"nome":"2082","tipo":"ponto","bairro":"S\u00c3O JOS\u00c9"}},{"type":"Feature","geometry":{"type":"Point","coordinates":[-41.332276,-21.7306]},"properties":{"nome":"2092","tipo":"ponto","bairro":"S\u00c3O JOS\u00c9"}},{"type":"Feature","geometry":{"type":"Point","coordinates":[-41.332205,-21.730519]},"properties":{"nome":"2104","tipo":"ponto","bairro":"S\u00c3O JOS\u00c9"}},{"type":"Feature","geometry":{"type":"Point","coordinates":[-41.33199,-21.73033]},"properties":{"nome":"2112","tipo":"ponto","bairro":"S\u00c3O JOS\u00c9"}},{"type":"Feature","geometry":{"type":"Point","coordinates":[-41.331982,-21.730285]},"properties":{"nome":"2122","tipo":"ponto","bairro":"S\u00c3O JOS\u00c9"}},{"type":"Feature","geometry":{"type":"Point","coordinates":[-41.331734,-21.730039]},"properties":{"nome":"2143","tipo":"ponto","bairro":"S\u00c3O JOS\u00c9"}},{"type":"Feature","geometry":{"type":"Point","coordinates":[-41.331745,-21.730022]},"properties":{"nome":"2152","tipo":"ponto","bairro":"S\u00c3O JOS\u00c9"}},{"type":"Feature","geometry":{"type":"Point","coordinates":[-41.331577,-21.72982]},"properties":{"nome":"2162","tipo":"ponto","bairro":"S\u00c3O JOS\u00c9"}},{"type":"Feature","geometry":{"type":"Point","coordinates":[-41.331569,-21.7298]},"properties":{"nome":"2172","tipo":"ponto","bairro":"S\u00c3O JOS\u00c9"}},{"type":"Feature","geometry":{"type":"Point","coordinates":[-41.331421,-21.729675]},"properties":{"nome":"2182","tipo":"ponto","bairro":"S\u00c3O JOS\u00c9"}},{"type":"Feature","geometry":{"type":"Point","coordinates":[-41.331395,-21.729603]},"properties":{"nome":"2192","tipo":"ponto","bairro":"S\u00c3O JOS\u00c9"}},{"type":"Feature","geometry":{"type":"Point","coordinates":[-41.331106,-21.729327]},"properties":{"nome":"2202","tipo":"ponto","bairro":"S\u00c3O JOS\u00c9"}},{"type":"Feature","geometry":{"type":"Point","coordinates":[-41.332293,-21.738403]},"properties":{"nome":"00112","tipo":"ponto","bairro":"S\u00c3O JOS\u00c9"}},{"type":"Feature","geometry":{"type":"Point","coordinates":[-41.332423,-21.738414]},"properties":{"nome":"00212","tipo":"ponto","bairro":"S\u00c3O JOS\u00c9"}},{"type":"Feature","geometry":{"type":"Point","coordinates":[-41.332072,-21.738716]},"properties":{"nome":"00312","tipo":"ponto","bairro":"S\u00c3O JOS\u00c9"}},{"type":"Feature","geometry":{"type":"Point","coordinates":[-41.331981,-21.738811]},"properties":{"nome":"00412","tipo":"ponto","bairro":"S\u00c3O JOS\u00c9"}},{"type":"Feature","geometry":{"type":"Point","coordinates":[-41.331685,-21.739206]},"properties":{"nome":"00612","tipo":"ponto","bairro":"S\u00c3O JOS\u00c9"}},{"type":"Feature","geometry":{"type":"Point","coordinates":[-41.33139,-21.739744]},"properties":{"nome":"00812","tipo":"ponto","bairro":"S\u00c3O JOS\u00c9"}},{"type":"Feature","geometry":{"type":"Point","coordinates":[-41.331232,-21.740053]},"properties":{"nome":"00912","tipo":"ponto","bairro":"S\u00c3O JOS\u00c9"}},{"type":"Feature","geometry":{"type":"Point","coordinates":[-41.331112,-21.740469]},"properties":{"nome":"01111","tipo":"ponto","bairro":"S\u00c3O JOS\u00c9"}},{"type":"Feature","geometry":{"type":"Point","coordinates":[-41.330957,-21.740874]},"properties":{"nome":"01311","tipo":"ponto","bairro":"S\u00c3O JOS\u00c9"}},{"type":"Feature","geometry":{"type":"Point","coordinates":[-41.330659,-21.741513]},"properties":{"nome":"01511","tipo":"ponto","bairro":"S\u00c3O JOS\u00c9"}},{"type":"Feature","geometry":{"type":"Point","coordinates":[-41.330171,-21.733714]},"properties":{"nome":"03710","tipo":"ponto","bairro":"S\u00c3O JOS\u00c9"}},{"type":"Feature","geometry":{"type":"Point","coordinates":[-41.329904,-21.733958]},"properties":{"nome":"03810","tipo":"ponto","bairro":"S\u00c3O JOS\u00c9"}},{"type":"Feature","geometry":{"type":"Point","coordinates":[-41.329675,-21.734184]},"properties":{"nome":"03910","tipo":"ponto","bairro":"S\u00c3O JOS\u00c9"}},{"type":"Feature","geometry":{"type":"Point","coordinates":[-41.329333,-21.734416]},"properties":{"nome":"04110","tipo":"ponto","bairro":"S\u00c3O JOS\u00c9"}},{"type":"Feature","geometry":{"type":"Point","coordinates":[-41.328773,-21.734567]},"properties":{"nome":"0439","tipo":"ponto","bairro":"S\u00c3O JOS\u00c9"}},{"type":"Feature","geometry":{"type":"Point","coordinates":[-41.328573,-21.734567]},"properties":{"nome":"0449","tipo":"ponto","bairro":"S\u00c3O JOS\u00c9"}},{"type":"Feature","geometry":{"type":"Point","coordinates":[-41.328168,-21.734682]},"properties":{"nome":"0469","tipo":"ponto","bairro":"S\u00c3O JOS\u00c9"}},{"type":"Feature","geometry":{"type":"Point","coordinates":[-41.327991,-21.734738]},"properties":{"nome":"0479","tipo":"ponto","bairro":"S\u00c3O JOS\u00c9"}},{"type":"Feature","geometry":{"type":"Point","coordinates":[-41.327902,-21.734737]},"properties":{"nome":"0489","tipo":"ponto","bairro":"S\u00c3O JOS\u00c9"}},{"type":"Feature","geometry":{"type":"Point","coordinates":[-41.327815,-21.73477]},"properties":{"nome":"0499","tipo":"ponto","bairro":"S\u00c3O JOS\u00c9"}},{"type":"Feature","geometry":{"type":"Point","coordinates":[-41.329729,-21.732439]},"properties":{"nome":"0529","tipo":"ponto","bairro":"S\u00c3O JOS\u00c9"}},{"type":"Feature","geometry":{"type":"Point","coordinates":[-41.329598,-21.732335]},"properties":{"nome":"0539","tipo":"ponto","bairro":"S\u00c3O JOS\u00c9"}},{"type":"Feature","geometry":{"type":"Point","coordinates":[-41.329599,-21.732476]},"properties":{"nome":"0549","tipo":"ponto","bairro":"S\u00c3O JOS\u00c9"}},{"type":"Feature","geometry":{"type":"Point","coordinates":[-41.329035,-21.732525]},"properties":{"nome":"0589","tipo":"ponto","bairro":"S\u00c3O JOS\u00c9"}},{"type":"Feature","geometry":{"type":"Point","coordinates":[-41.329008,-21.732611]},"properties":{"nome":"0599","tipo":"ponto","bairro":"S\u00c3O JOS\u00c9"}},{"type":"Feature","geometry":{"type":"Point","coordinates":[-41.328822,-21.732664]},"properties":{"nome":"0609","tipo":"ponto","bairro":"S\u00c3O JOS\u00c9"}},{"type":"Feature","geometry":{"type":"Point","coordinates":[-41.328448,-21.732729]},"properties":{"nome":"0629","tipo":"ponto","bairro":"S\u00c3O JOS\u00c9"}},{"type":"Feature","geometry":{"type":"Point","coordinates":[-41.327891,-21.732843]},"properties":{"nome":"0648","tipo":"ponto","bairro":"S\u00c3O JOS\u00c9"}},{"type":"Feature","geometry":{"type":"Point","coordinates":[-41.327076,-21.733016]},"properties":{"nome":"0668","tipo":"ponto","bairro":"S\u00c3O JOS\u00c9"}},{"type":"Feature","geometry":{"type":"Point","coordinates":[-41.326979,-21.732983]},"properties":{"nome":"0678","tipo":"ponto","bairro":"S\u00c3O JOS\u00c9"}},{"type":"Feature","geometry":{"type":"Point","coordinates":[-41.326874,-21.733044]},"properties":{"nome":"0689","tipo":"ponto","bairro":"S\u00c3O JOS\u00c9"}},{"type":"Feature","geometry":{"type":"Point","coordinates":[-41.32639,-21.733131]},"properties":{"nome":"0708","tipo":"ponto","bairro":"S\u00c3O JOS\u00c9"}},{"type":"Feature","geometry":{"type":"Point","coordinates":[-41.326274,-21.733166]},"properties":{"nome":"0718","tipo":"ponto","bairro":"S\u00c3O JOS\u00c9"}},{"type":"Feature","geometry":{"type":"Point","coordinates":[-41.326012,-21.733278]},"properties":{"nome":"0728","tipo":"ponto","bairro":"S\u00c3O JOS\u00c9"}},{"type":"Feature","geometry":{"type":"Point","coordinates":[-41.32593,-21.733016]},"properties":{"nome":"0738","tipo":"ponto","bairro":"S\u00c3O JOS\u00c9"}},{"type":"Feature","geometry":{"type":"Point","coordinates":[-41.326471,-21.732887]},"properties":{"nome":"0758","tipo":"ponto","bairro":"S\u00c3O JOS\u00c9"}},{"type":"Feature","geometry":{"type":"Point","coordinates":[-41.326565,-21.732898]},"properties":{"nome":"0767","tipo":"ponto","bairro":"S\u00c3O JOS\u00c9"}},{"type":"Feature","geometry":{"type":"Point","coordinates":[-41.326734,-21.732869]},"properties":{"nome":"0777","tipo":"ponto","bairro":"S\u00c3O JOS\u00c9"}},{"type":"Feature","geometry":{"type":"Point","coordinates":[-41.326963,-21.732806]},"properties":{"nome":"0787","tipo":"ponto","bairro":"S\u00c3O JOS\u00c9"}},{"type":"Feature","geometry":{"type":"Point","coordinates":[-41.327247,-21.732729]},"properties":{"nome":"0806","tipo":"ponto","bairro":"S\u00c3O JOS\u00c9"}},{"type":"Feature","geometry":{"type":"Point","coordinates":[-41.327278,-21.732833]},"properties":{"nome":"0816","tipo":"ponto","bairro":"S\u00c3O JOS\u00c9"}},{"type":"Feature","geometry":{"type":"Point","coordinates":[-41.327424,-21.732812]},"properties":{"nome":"0826","tipo":"ponto","bairro":"S\u00c3O JOS\u00c9"}},{"type":"Feature","geometry":{"type":"Point","coordinates":[-41.327982,-21.732606]},"properties":{"nome":"0836","tipo":"ponto","bairro":"S\u00c3O JOS\u00c9"}},{"type":"Feature","geometry":{"type":"Point","coordinates":[-41.328165,-21.732563]},"properties":{"nome":"0845","tipo":"ponto","bairro":"S\u00c3O JOS\u00c9"}},{"type":"Feature","geometry":{"type":"Point","coordinates":[-41.32871,-21.732501]},"properties":{"nome":"0864","tipo":"ponto","bairro":"S\u00c3O JOS\u00c9"}},{"type":"Feature","geometry":{"type":"Point","coordinates":[-41.329005,-21.732398]},"properties":{"nome":"0874","tipo":"ponto","bairro":"S\u00c3O JOS\u00c9"}},{"type":"Feature","geometry":{"type":"Point","coordinates":[-41.329093,-21.73237]},"properties":{"nome":"0884","tipo":"ponto","bairro":"S\u00c3O JOS\u00c9"}},{"type":"Feature","geometry":{"type":"Point","coordinates":[-41.32946,-21.732279]},"properties":{"nome":"0894","tipo":"ponto","bairro":"S\u00c3O JOS\u00c9"}},{"type":"Feature","geometry":{"type":"Point","coordinates":[-41.329628,-21.732282]},"properties":{"nome":"0904","tipo":"ponto","bairro":"S\u00c3O JOS\u00c9"}},{"type":"Feature","geometry":{"type":"Point","coordinates":[-41.32971,-21.732257]},"properties":{"nome":"0914","tipo":"ponto","bairro":"S\u00c3O JOS\u00c9"}},{"type":"Feature","geometry":{"type":"Point","coordinates":[-41.329788,-21.732243]},"properties":{"nome":"0924","tipo":"ponto","bairro":"S\u00c3O JOS\u00c9"}},{"type":"Feature","geometry":{"type":"Point","coordinates":[-41.32929,-21.731828]},"properties":{"nome":"0934","tipo":"ponto","bairro":"S\u00c3O JOS\u00c9"}},{"type":"Feature","geometry":{"type":"Point","coordinates":[-41.329441,-21.731724]},"properties":{"nome":"0944","tipo":"ponto","bairro":"S\u00c3O JOS\u00c9"}},{"type":"Feature","geometry":{"type":"Point","coordinates":[-41.329536,-21.73176]},"properties":{"nome":"0954","tipo":"ponto","bairro":"S\u00c3O JOS\u00c9"}},{"type":"Feature","geometry":{"type":"Point","coordinates":[-41.329491,-21.731662]},"properties":{"nome":"0964","tipo":"ponto","bairro":"S\u00c3O JOS\u00c9"}},{"type":"Feature","geometry":{"type":"Point","coordinates":[-41.329482,-21.731608]},"properties":{"nome":"0973","tipo":"ponto","bairro":"S\u00c3O JOS\u00c9"}},{"type":"Feature","geometry":{"type":"Point","coordinates":[-41.329499,-21.731594]},"properties":{"nome":"0983","tipo":"ponto","bairro":"S\u00c3O JOS\u00c9"}},{"type":"Feature","geometry":{"type":"Point","coordinates":[-41.329245,-21.731121]},"properties":{"nome":"1014","tipo":"ponto","bairro":"S\u00c3O JOS\u00c9"}},{"type":"Feature","geometry":{"type":"Point","coordinates":[-41.329076,-21.731238]},"properties":{"nome":"1024","tipo":"ponto","bairro":"S\u00c3O JOS\u00c9"}},{"type":"Feature","geometry":{"type":"Point","coordinates":[-41.328938,-21.731366]},"properties":{"nome":"1034","tipo":"ponto","bairro":"S\u00c3O JOS\u00c9"}},{"type":"Feature","geometry":{"type":"Point","coordinates":[-41.328638,-21.731627]},"properties":{"nome":"1053","tipo":"ponto","bairro":"S\u00c3O JOS\u00c9"}},{"type":"Feature","geometry":{"type":"Point","coordinates":[-41.328516,-21.73174]},"properties":{"nome":"1063","tipo":"ponto","bairro":"S\u00c3O JOS\u00c9"}},{"type":"Feature","geometry":{"type":"Point","coordinates":[-41.328397,-21.731865]},"properties":{"nome":"1073","tipo":"ponto","bairro":"S\u00c3O JOS\u00c9"}},{"type":"Feature","geometry":{"type":"Point","coordinates":[-41.328218,-21.732026]},"properties":{"nome":"1083","tipo":"ponto","bairro":"S\u00c3O JOS\u00c9"}},{"type":"Feature","geometry":{"type":"Point","coordinates":[-41.327992,-21.732237]},"properties":{"nome":"1093","tipo":"ponto","bairro":"S\u00c3O JOS\u00c9"}},{"type":"Feature","geometry":{"type":"Point","coordinates":[-41.327687,-21.73251]},"properties":{"nome":"1114","tipo":"ponto","bairro":"S\u00c3O JOS\u00c9"}},{"type":"Feature","geometry":{"type":"Point","coordinates":[-41.327593,-21.732605]},"properties":{"nome":"1124","tipo":"ponto","bairro":"S\u00c3O JOS\u00c9"}},{"type":"Feature","geometry":{"type":"Point","coordinates":[-41.329197,-21.730748]},"properties":{"nome":"1143","tipo":"ponto","bairro":"S\u00c3O JOS\u00c9"}},{"type":"Feature","geometry":{"type":"Point","coordinates":[-41.329047,-21.730873]},"properties":{"nome":"1153","tipo":"ponto","bairro":"S\u00c3O JOS\u00c9"}},{"type":"Feature","geometry":{"type":"Point","coordinates":[-41.328988,-21.730951]},"properties":{"nome":"1163","tipo":"ponto","bairro":"S\u00c3O JOS\u00c9"}},{"type":"Feature","geometry":{"type":"Point","coordinates":[-41.328724,-21.73116]},"properties":{"nome":"1173","tipo":"ponto","bairro":"S\u00c3O JOS\u00c9"}},{"type":"Feature","geometry":{"type":"Point","coordinates":[-41.328496,-21.731341]},"properties":{"nome":"1183","tipo":"ponto","bairro":"S\u00c3O JOS\u00c9"}},{"type":"Feature","geometry":{"type":"Point","coordinates":[-41.32901,-21.730557]},"properties":{"nome":"1193","tipo":"ponto","bairro":"S\u00c3O JOS\u00c9"}},{"type":"Feature","geometry":{"type":"Point","coordinates":[-41.329006,-21.730556]},"properties":{"nome":"1203","tipo":"ponto","bairro":"S\u00c3O JOS\u00c9"}},{"type":"Feature","geometry":{"type":"Point","coordinates":[-41.328816,-21.730759]},"properties":{"nome":"1214","tipo":"ponto","bairro":"S\u00c3O JOS\u00c9"}},{"type":"Feature","geometry":{"type":"Point","coordinates":[-41.328479,-21.731027]},"properties":{"nome":"1223","tipo":"ponto","bairro":"S\u00c3O JOS\u00c9"}},{"type":"Feature","geometry":{"type":"Point","coordinates":[-41.328481,-21.731025]},"properties":{"nome":"1233","tipo":"ponto","bairro":"S\u00c3O JOS\u00c9"}},{"type":"Feature","geometry":{"type":"Point","coordinates":[-41.32825,-21.731275]},"properties":{"nome":"1253","tipo":"ponto","bairro":"S\u00c3O JOS\u00c9"}},{"type":"Feature","geometry":{"type":"Point","coordinates":[-41.328061,-21.73144]},"properties":{"nome":"1263","tipo":"ponto","bairro":"S\u00c3O JOS\u00c9"}},{"type":"Feature","geometry":{"type":"Point","coordinates":[-41.327945,-21.731556]},"properties":{"nome":"1273","tipo":"ponto","bairro":"S\u00c3O JOS\u00c9"}},{"type":"Feature","geometry":{"type":"Point","coordinates":[-41.327844,-21.731661]},"properties":{"nome":"1283","tipo":"ponto","bairro":"S\u00c3O JOS\u00c9"}},{"type":"Feature","geometry":{"type":"Point","coordinates":[-41.32774,-21.731751]},"properties":{"nome":"1293","tipo":"ponto","bairro":"S\u00c3O JOS\u00c9"}},{"type":"Feature","geometry":{"type":"Point","coordinates":[-41.327566,-21.731906]},"properties":{"nome":"1303","tipo":"ponto","bairro":"S\u00c3O JOS\u00c9"}},{"type":"Feature","geometry":{"type":"Point","coordinates":[-41.327394,-21.732095]},"properties":{"nome":"1314","tipo":"ponto","bairro":"S\u00c3O JOS\u00c9"}},{"type":"Feature","geometry":{"type":"Point","coordinates":[-41.327281,-21.732132]},"properties":{"nome":"1324","tipo":"ponto","bairro":"S\u00c3O JOS\u00c9"}},{"type":"Feature","geometry":{"type":"Point","coordinates":[-41.327135,-21.732276]},"properties":{"nome":"1333","tipo":"ponto","bairro":"S\u00c3O JOS\u00c9"}},{"type":"Feature","geometry":{"type":"Point","coordinates":[-41.327096,-21.732348]},"properties":{"nome":"1343","tipo":"ponto","bairro":"S\u00c3O JOS\u00c9"}},{"type":"Feature","geometry":{"type":"Point","coordinates":[-41.327148,-21.732442]},"properties":{"nome":"1353","tipo":"ponto","bairro":"S\u00c3O JOS\u00c9"}},{"type":"Feature","geometry":{"type":"Point","coordinates":[-41.327173,-21.732619]},"properties":{"nome":"1363","tipo":"ponto","bairro":"S\u00c3O JOS\u00c9"}},{"type":"Feature","geometry":{"type":"Point","coordinates":[-41.326977,-21.732363]},"properties":{"nome":"1373","tipo":"ponto","bairro":"S\u00c3O JOS\u00c9"}},{"type":"Feature","geometry":{"type":"Point","coordinates":[-41.326779,-21.732153]},"properties":{"nome":"1383","tipo":"ponto","bairro":"S\u00c3O JOS\u00c9"}},{"type":"Feature","geometry":{"type":"Point","coordinates":[-41.326824,-21.732132]},"properties":{"nome":"1393","tipo":"ponto","bairro":"S\u00c3O JOS\u00c9"}},{"type":"Feature","geometry":{"type":"Point","coordinates":[-41.327007,-21.731946]},"properties":{"nome":"1403","tipo":"ponto","bairro":"S\u00c3O JOS\u00c9"}},{"type":"Feature","geometry":{"type":"Point","coordinates":[-41.326998,-21.731929]},"properties":{"nome":"1413","tipo":"ponto","bairro":"S\u00c3O JOS\u00c9"}},{"type":"Feature","geometry":{"type":"Point","coordinates":[-41.327138,-21.731817]},"properties":{"nome":"1423","tipo":"ponto","bairro":"S\u00c3O JOS\u00c9"}},{"type":"Feature","geometry":{"type":"Point","coordinates":[-41.327306,-21.731653]},"properties":{"nome":"1433","tipo":"ponto","bairro":"S\u00c3O JOS\u00c9"}},{"type":"Feature","geometry":{"type":"Point","coordinates":[-41.327347,-21.731623]},"properties":{"nome":"1444","tipo":"ponto","bairro":"S\u00c3O JOS\u00c9"}},{"type":"Feature","geometry":{"type":"Point","coordinates":[-41.327545,-21.731431]},"properties":{"nome":"1453","tipo":"ponto","bairro":"S\u00c3O JOS\u00c9"}},{"type":"Feature","geometry":{"type":"Point","coordinates":[-41.327663,-21.731295]},"properties":{"nome":"1463","tipo":"ponto","bairro":"S\u00c3O JOS\u00c9"}},{"type":"Feature","geometry":{"type":"Point","coordinates":[-41.327958,-21.731015]},"properties":{"nome":"1483","tipo":"ponto","bairro":"S\u00c3O JOS\u00c9"}},{"type":"Feature","geometry":{"type":"Point","coordinates":[-41.328203,-21.730805]},"properties":{"nome":"1493","tipo":"ponto","bairro":"S\u00c3O JOS\u00c9"}},{"type":"Feature","geometry":{"type":"Point","coordinates":[-41.328485,-21.730572]},"properties":{"nome":"1503","tipo":"ponto","bairro":"S\u00c3O JOS\u00c9"}},{"type":"Feature","geometry":{"type":"Point","coordinates":[-41.328764,-21.730252]},"properties":{"nome":"1514","tipo":"ponto","bairro":"S\u00c3O JOS\u00c9"}},{"type":"Feature","geometry":{"type":"Point","coordinates":[-41.326778,-21.731696]},"properties":{"nome":"1523","tipo":"ponto","bairro":"S\u00c3O JOS\u00c9"}},{"type":"Feature","geometry":{"type":"Point","coordinates":[-41.326817,-21.731656]},"properties":{"nome":"1533","tipo":"ponto","bairro":"S\u00c3O JOS\u00c9"}},{"type":"Feature","geometry":{"type":"Point","coordinates":[-41.327049,-21.731429]},"properties":{"nome":"1544","tipo":"ponto","bairro":"S\u00c3O JOS\u00c9"}},{"type":"Feature","geometry":{"type":"Point","coordinates":[-41.327239,-21.731222]},"properties":{"nome":"1553","tipo":"ponto","bairro":"S\u00c3O JOS\u00c9"}},{"type":"Feature","geometry":{"type":"Point","coordinates":[-41.327567,-21.730925]},"properties":{"nome":"1573","tipo":"ponto","bairro":"S\u00c3O JOS\u00c9"}},{"type":"Feature","geometry":{"type":"Point","coordinates":[-41.32785,-21.730666]},"properties":{"nome":"1584","tipo":"ponto","bairro":"S\u00c3O JOS\u00c9"}},{"type":"Feature","geometry":{"type":"Point","coordinates":[-41.328043,-21.730468]},"properties":{"nome":"1593","tipo":"ponto","bairro":"S\u00c3O JOS\u00c9"}},{"type":"Feature","geometry":{"type":"Point","coordinates":[-41.328335,-21.730242]},"properties":{"nome":"1603","tipo":"ponto","bairro":"S\u00c3O JOS\u00c9"}},{"type":"Feature","geometry":{"type":"Point","coordinates":[-41.328471,-21.730111]},"properties":{"nome":"1614","tipo":"ponto","bairro":"S\u00c3O JOS\u00c9"}},{"type":"Feature","geometry":{"type":"Point","coordinates":[-41.328288,-21.729859]},"properties":{"nome":"1623","tipo":"ponto","bairro":"S\u00c3O JOS\u00c9"}},{"type":"Feature","geometry":{"type":"Point","coordinates":[-41.328137,-21.730094]},"properties":{"nome":"1633","tipo":"ponto","bairro":"S\u00c3O JOS\u00c9"}},{"type":"Feature","geometry":{"type":"Point","coordinates":[-41.32784,-21.730374]},"properties":{"nome":"1643","tipo":"ponto","bairro":"S\u00c3O JOS\u00c9"}},{"type":"Feature","geometry":{"type":"Point","coordinates":[-41.327521,-21.730627]},"properties":{"nome":"1663","tipo":"ponto","bairro":"S\u00c3O JOS\u00c9"}},{"type":"Feature","geometry":{"type":"Point","coordinates":[-41.327479,-21.730792]},"properties":{"nome":"1673","tipo":"ponto","bairro":"S\u00c3O JOS\u00c9"}},{"type":"Feature","geometry":{"type":"Point","coordinates":[-41.328248,-21.729824]},"properties":{"nome":"1683","tipo":"ponto","bairro":"S\u00c3O JOS\u00c9"}},{"type":"Feature","geometry":{"type":"Point","coordinates":[-41.328,-21.730214]},"properties":{"nome":"1693","tipo":"ponto","bairro":"S\u00c3O JOS\u00c9"}},{"type":"Feature","geometry":{"type":"Point","coordinates":[-41.327658,-21.730398]},"properties":{"nome":"1703","tipo":"ponto","bairro":"S\u00c3O JOS\u00c9"}},{"type":"Feature","geometry":{"type":"Point","coordinates":[-41.327388,-21.730615]},"properties":{"nome":"1713","tipo":"ponto","bairro":"S\u00c3O JOS\u00c9"}},{"type":"Feature","geometry":{"type":"Point","coordinates":[-41.327069,-21.730903]},"properties":{"nome":"1724","tipo":"ponto","bairro":"S\u00c3O JOS\u00c9"}},{"type":"Feature","geometry":{"type":"Point","coordinates":[-41.326764,-21.731018]},"properties":{"nome":"1733","tipo":"ponto","bairro":"S\u00c3O JOS\u00c9"}},{"type":"Feature","geometry":{"type":"Point","coordinates":[-41.326551,-21.731368]},"properties":{"nome":"1743","tipo":"ponto","bairro":"S\u00c3O JOS\u00c9"}},{"type":"Feature","geometry":{"type":"Point","coordinates":[-41.326316,-21.731607]},"properties":{"nome":"1753","tipo":"ponto","bairro":"S\u00c3O JOS\u00c9"}},{"type":"Feature","geometry":{"type":"Point","coordinates":[-41.326037,-21.731574]},"properties":{"nome":"1764","tipo":"ponto","bairro":"S\u00c3O JOS\u00c9"}},{"type":"Feature","geometry":{"type":"Point","coordinates":[-41.326194,-21.731545]},"properties":{"nome":"1773","tipo":"ponto","bairro":"S\u00c3O JOS\u00c9"}},{"type":"Feature","geometry":{"type":"Point","coordinates":[-41.326437,-21.731327]},"properties":{"nome":"1783","tipo":"ponto","bairro":"S\u00c3O JOS\u00c9"}},{"type":"Feature","geometry":{"type":"Point","coordinates":[-41.326673,-21.731163]},"properties":{"nome":"1793","tipo":"ponto","bairro":"S\u00c3O JOS\u00c9"}},{"type":"Feature","geometry":{"type":"Point","coordinates":[-41.326884,-21.730925]},"properties":{"nome":"1803","tipo":"ponto","bairro":"S\u00c3O JOS\u00c9"}},{"type":"Feature","geometry":{"type":"Point","coordinates":[-41.32714,-21.730698]},"properties":{"nome":"1823","tipo":"ponto","bairro":"S\u00c3O JOS\u00c9"}},{"type":"Feature","geometry":{"type":"Point","coordinates":[-41.327315,-21.73053]},"properties":{"nome":"1833","tipo":"ponto","bairro":"S\u00c3O JOS\u00c9"}},{"type":"Feature","geometry":{"type":"Point","coordinates":[-41.327568,-21.730308]},"properties":{"nome":"1844","tipo":"ponto","bairro":"S\u00c3O JOS\u00c9"}},{"type":"Feature","geometry":{"type":"Point","coordinates":[-41.327635,-21.730067]},"properties":{"nome":"1853","tipo":"ponto","bairro":"S\u00c3O JOS\u00c9"}},{"type":"Feature","geometry":{"type":"Point","coordinates":[-41.327867,-21.72988]},"properties":{"nome":"1863","tipo":"ponto","bairro":"S\u00c3O JOS\u00c9"}},{"type":"Feature","geometry":{"type":"Point","coordinates":[-41.328035,-21.729698]},"properties":{"nome":"1883","tipo":"ponto","bairro":"S\u00c3O JOS\u00c9"}},{"type":"Feature","geometry":{"type":"Point","coordinates":[-41.327517,-21.729651]},"properties":{"nome":"1893","tipo":"ponto","bairro":"S\u00c3O JOS\u00c9"}},{"type":"Feature","geometry":{"type":"Point","coordinates":[-41.327469,-21.729641]},"properties":{"nome":"1904","tipo":"ponto","bairro":"S\u00c3O JOS\u00c9"}},{"type":"Feature","geometry":{"type":"Point","coordinates":[-41.327138,-21.729964]},"properties":{"nome":"1914","tipo":"ponto","bairro":"S\u00c3O JOS\u00c9"}},{"type":"Feature","geometry":{"type":"Point","coordinates":[-41.32698,-21.730145]},"properties":{"nome":"1923","tipo":"ponto","bairro":"S\u00c3O JOS\u00c9"}},{"type":"Feature","geometry":{"type":"Point","coordinates":[-41.326917,-21.730197]},"properties":{"nome":"1933","tipo":"ponto","bairro":"S\u00c3O JOS\u00c9"}},{"type":"Feature","geometry":{"type":"Point","coordinates":[-41.326387,-21.730679]},"properties":{"nome":"1953","tipo":"ponto","bairro":"S\u00c3O JOS\u00c9"}},{"type":"Feature","geometry":{"type":"Point","coordinates":[-41.326184,-21.730805]},"properties":{"nome":"1964","tipo":"ponto","bairro":"S\u00c3O JOS\u00c9"}},{"type":"Feature","geometry":{"type":"Point","coordinates":[-41.325786,-21.731231]},"properties":{"nome":"1983","tipo":"ponto","bairro":"S\u00c3O JOS\u00c9"}},{"type":"Feature","geometry":{"type":"Point","coordinates":[-41.325512,-21.731492]},"properties":{"nome":"1993","tipo":"ponto","bairro":"S\u00c3O JOS\u00c9"}},{"type":"Feature","geometry":{"type":"Point","coordinates":[-41.325322,-21.731699]},"properties":{"nome":"2003","tipo":"ponto","bairro":"S\u00c3O JOS\u00c9"}},{"type":"Feature","geometry":{"type":"Point","coordinates":[-41.325252,-21.7317]},"properties":{"nome":"2013","tipo":"ponto","bairro":"S\u00c3O JOS\u00c9"}},{"type":"Feature","geometry":{"type":"Point","coordinates":[-41.325103,-21.731844]},"properties":{"nome":"2024","tipo":"ponto","bairro":"S\u00c3O JOS\u00c9"}},{"type":"Feature","geometry":{"type":"Point","coordinates":[-41.324847,-21.732083]},"properties":{"nome":"2043","tipo":"ponto","bairro":"S\u00c3O JOS\u00c9"}},{"type":"Feature","geometry":{"type":"Point","coordinates":[-41.324789,-21.732093]},"properties":{"nome":"2053","tipo":"ponto","bairro":"S\u00c3O JOS\u00c9"}},{"type":"Feature","geometry":{"type":"Point","coordinates":[-41.324605,-21.732263]},"properties":{"nome":"2063","tipo":"ponto","bairro":"S\u00c3O JOS\u00c9"}},{"type":"Feature","geometry":{"type":"Point","coordinates":[-41.326577,-21.729039]},"properties":{"nome":"00213","tipo":"ponto","bairro":"S\u00c3O JOS\u00c9"}},{"type":"Feature","geometry":{"type":"Point","coordinates":[-41.326475,-21.728904]},"properties":{"nome":"00313","tipo":"ponto","bairro":"S\u00c3O JOS\u00c9"}},{"type":"Feature","geometry":{"type":"Point","coordinates":[-41.326236,-21.729052]},"properties":{"nome":"00413","tipo":"ponto","bairro":"S\u00c3O JOS\u00c9"}},{"type":"Feature","geometry":{"type":"Point","coordinates":[-41.325593,-21.729571]},"properties":{"nome":"00613","tipo":"ponto","bairro":"S\u00c3O JOS\u00c9"}},{"type":"Feature","geometry":{"type":"Point","coordinates":[-41.325841,-21.729334]},"properties":{"nome":"00713","tipo":"ponto","bairro":"S\u00c3O JOS\u00c9"}},{"type":"Feature","geometry":{"type":"Point","coordinates":[-41.326044,-21.729055]},"properties":{"nome":"00813","tipo":"ponto","bairro":"S\u00c3O JOS\u00c9"}},{"type":"Feature","geometry":{"type":"Point","coordinates":[-41.325782,-21.728934]},"properties":{"nome":"01012","tipo":"ponto","bairro":"S\u00c3O JOS\u00c9"}},{"type":"Feature","geometry":{"type":"Point","coordinates":[-41.3255,-21.728713]},"properties":{"nome":"01112","tipo":"ponto","bairro":"S\u00c3O JOS\u00c9"}},{"type":"Feature","geometry":{"type":"Point","coordinates":[-41.325304,-21.728527]},"properties":{"nome":"01212","tipo":"ponto","bairro":"S\u00c3O JOS\u00c9"}},{"type":"Feature","geometry":{"type":"Point","coordinates":[-41.325092,-21.728306]},"properties":{"nome":"01312","tipo":"ponto","bairro":"S\u00c3O JOS\u00c9"}},{"type":"Feature","geometry":{"type":"Point","coordinates":[-41.324585,-21.727835]},"properties":{"nome":"01612","tipo":"ponto","bairro":"S\u00c3O JOS\u00c9"}},{"type":"Feature","geometry":{"type":"Point","coordinates":[-41.32407,-21.727718]},"properties":{"nome":"01912","tipo":"ponto","bairro":"S\u00c3O JOS\u00c9"}},{"type":"Feature","geometry":{"type":"Point","coordinates":[-41.324065,-21.727752]},"properties":{"nome":"02012","tipo":"ponto","bairro":"S\u00c3O JOS\u00c9"}},{"type":"Feature","geometry":{"type":"Point","coordinates":[-41.324131,-21.727981]},"properties":{"nome":"02112","tipo":"ponto","bairro":"S\u00c3O JOS\u00c9"}},{"type":"Feature","geometry":{"type":"Point","coordinates":[-41.324098,-21.728107]},"properties":{"nome":"02212","tipo":"ponto","bairro":"S\u00c3O JOS\u00c9"}},{"type":"Feature","geometry":{"type":"Point","coordinates":[-41.324131,-21.728186]},"properties":{"nome":"02312","tipo":"ponto","bairro":"S\u00c3O JOS\u00c9"}},{"type":"Feature","geometry":{"type":"Point","coordinates":[-41.324099,-21.728415]},"properties":{"nome":"02512","tipo":"ponto","bairro":"S\u00c3O JOS\u00c9"}},{"type":"Feature","geometry":{"type":"Point","coordinates":[-41.32413,-21.728572]},"properties":{"nome":"02612","tipo":"ponto","bairro":"S\u00c3O JOS\u00c9"}},{"type":"Feature","geometry":{"type":"Point","coordinates":[-41.324141,-21.728759]},"properties":{"nome":"02712","tipo":"ponto","bairro":"S\u00c3O JOS\u00c9"}},{"type":"Feature","geometry":{"type":"Point","coordinates":[-41.324156,-21.728814]},"properties":{"nome":"02812","tipo":"ponto","bairro":"S\u00c3O JOS\u00c9"}},{"type":"Feature","geometry":{"type":"Point","coordinates":[-41.324209,-21.728918]},"properties":{"nome":"02912","tipo":"ponto","bairro":"S\u00c3O JOS\u00c9"}},{"type":"Feature","geometry":{"type":"Point","coordinates":[-41.324457,-21.729134]},"properties":{"nome":"03011","tipo":"ponto","bairro":"S\u00c3O JOS\u00c9"}},{"type":"Feature","geometry":{"type":"Point","coordinates":[-41.324639,-21.729305]},"properties":{"nome":"03111","tipo":"ponto","bairro":"S\u00c3O JOS\u00c9"}},{"type":"Feature","geometry":{"type":"Point","coordinates":[-41.324832,-21.729509]},"properties":{"nome":"03211","tipo":"ponto","bairro":"S\u00c3O JOS\u00c9"}},{"type":"Feature","geometry":{"type":"Point","coordinates":[-41.324152,-21.728912]},"properties":{"nome":"03311","tipo":"ponto","bairro":"S\u00c3O JOS\u00c9"}},{"type":"Feature","geometry":{"type":"Point","coordinates":[-41.324247,-21.729139]},"properties":{"nome":"03411","tipo":"ponto","bairro":"S\u00c3O JOS\u00c9"}},{"type":"Feature","geometry":{"type":"Point","coordinates":[-41.324213,-21.729168]},"properties":{"nome":"03511","tipo":"ponto","bairro":"S\u00c3O JOS\u00c9"}},{"type":"Feature","geometry":{"type":"Point","coordinates":[-41.324434,-21.729641]},"properties":{"nome":"03711","tipo":"ponto","bairro":"S\u00c3O JOS\u00c9"}},{"type":"Feature","geometry":{"type":"Point","coordinates":[-41.324571,-21.729704]},"properties":{"nome":"03811","tipo":"ponto","bairro":"S\u00c3O JOS\u00c9"}},{"type":"Feature","geometry":{"type":"Point","coordinates":[-41.32454,-21.729769]},"properties":{"nome":"03911","tipo":"ponto","bairro":"S\u00c3O JOS\u00c9"}},{"type":"Feature","geometry":{"type":"Point","coordinates":[-41.324628,-21.729792]},"properties":{"nome":"04011","tipo":"ponto","bairro":"S\u00c3O JOS\u00c9"}},{"type":"Feature","geometry":{"type":"Point","coordinates":[-41.3249,-21.729983]},"properties":{"nome":"04111","tipo":"ponto","bairro":"S\u00c3O JOS\u00c9"}},{"type":"Feature","geometry":{"type":"Point","coordinates":[-41.325015,-21.730078]},"properties":{"nome":"04210","tipo":"ponto","bairro":"S\u00c3O JOS\u00c9"}},{"type":"Feature","geometry":{"type":"Point","coordinates":[-41.325119,-21.729934]},"properties":{"nome":"04310","tipo":"ponto","bairro":"S\u00c3O JOS\u00c9"}},{"type":"Feature","geometry":{"type":"Point","coordinates":[-41.325035,-21.730134]},"properties":{"nome":"04410","tipo":"ponto","bairro":"S\u00c3O JOS\u00c9"}},{"type":"Feature","geometry":{"type":"Point","coordinates":[-41.325118,-21.730329]},"properties":{"nome":"04510","tipo":"ponto","bairro":"S\u00c3O JOS\u00c9"}},{"type":"Feature","geometry":{"type":"Point","coordinates":[-41.325286,-21.730532]},"properties":{"nome":"04710","tipo":"ponto","bairro":"S\u00c3O JOS\u00c9"}},{"type":"Feature","geometry":{"type":"Point","coordinates":[-41.325436,-21.730336]},"properties":{"nome":"04810","tipo":"ponto","bairro":"S\u00c3O JOS\u00c9"}},{"type":"Feature","geometry":{"type":"Point","coordinates":[-41.325557,-21.730221]},"properties":{"nome":"04910","tipo":"ponto","bairro":"S\u00c3O JOS\u00c9"}},{"type":"Feature","geometry":{"type":"Point","coordinates":[-41.325454,-21.730124]},"properties":{"nome":"05010","tipo":"ponto","bairro":"S\u00c3O JOS\u00c9"}},{"type":"Feature","geometry":{"type":"Point","coordinates":[-41.32536,-21.730614]},"properties":{"nome":"05110","tipo":"ponto","bairro":"S\u00c3O JOS\u00c9"}},{"type":"Feature","geometry":{"type":"Point","coordinates":[-41.32539,-21.730652]},"properties":{"nome":"05210","tipo":"ponto","bairro":"S\u00c3O JOS\u00c9"}},{"type":"Feature","geometry":{"type":"Point","coordinates":[-41.325475,-21.730735]},"properties":{"nome":"05310","tipo":"ponto","bairro":"S\u00c3O JOS\u00c9"}},{"type":"Feature","geometry":{"type":"Point","coordinates":[-41.325521,-21.730676]},"properties":{"nome":"05410","tipo":"ponto","bairro":"S\u00c3O JOS\u00c9"}},{"type":"Feature","geometry":{"type":"Point","coordinates":[-41.32569,-21.730493]},"properties":{"nome":"05510","tipo":"ponto","bairro":"S\u00c3O JOS\u00c9"}},{"type":"Feature","geometry":{"type":"Point","coordinates":[-41.32593,-21.730286]},"properties":{"nome":"05610","tipo":"ponto","bairro":"S\u00c3O JOS\u00c9"}},{"type":"Feature","geometry":{"type":"Point","coordinates":[-41.32607,-21.730186]},"properties":{"nome":"05710","tipo":"ponto","bairro":"S\u00c3O JOS\u00c9"}},{"type":"Feature","geometry":{"type":"Point","coordinates":[-41.326127,-21.730127]},"properties":{"nome":"05810","tipo":"ponto","bairro":"S\u00c3O JOS\u00c9"}},{"type":"Feature","geometry":{"type":"Point","coordinates":[-41.325826,-21.731112]},"properties":{"nome":"06010","tipo":"ponto","bairro":"S\u00c3O JOS\u00c9"}},{"type":"Feature","geometry":{"type":"Point","coordinates":[-41.325891,-21.731199]},"properties":{"nome":"06210","tipo":"ponto","bairro":"S\u00c3O JOS\u00c9"}},{"type":"Feature","geometry":{"type":"Point","coordinates":[-41.325967,-21.731367]},"properties":{"nome":"06310","tipo":"ponto","bairro":"S\u00c3O JOS\u00c9"}},{"type":"Feature","geometry":{"type":"Point","coordinates":[-41.325977,-21.7315]},"properties":{"nome":"0649","tipo":"ponto","bairro":"S\u00c3O JOS\u00c9"}},{"type":"Feature","geometry":{"type":"Point","coordinates":[-41.325998,-21.731552]},"properties":{"nome":"0659","tipo":"ponto","bairro":"S\u00c3O JOS\u00c9"}},{"type":"Feature","geometry":{"type":"Point","coordinates":[-41.326115,-21.732093]},"properties":{"nome":"06810","tipo":"ponto","bairro":"S\u00c3O JOS\u00c9"}},{"type":"Feature","geometry":{"type":"Point","coordinates":[-41.326134,-21.732166]},"properties":{"nome":"0699","tipo":"ponto","bairro":"S\u00c3O JOS\u00c9"}},{"type":"Feature","geometry":{"type":"Point","coordinates":[-41.326172,-21.732254]},"properties":{"nome":"0709","tipo":"ponto","bairro":"S\u00c3O JOS\u00c9"}},{"type":"Feature","geometry":{"type":"Point","coordinates":[-41.326277,-21.732588]},"properties":{"nome":"0719","tipo":"ponto","bairro":"S\u00c3O JOS\u00c9"}},{"type":"Feature","geometry":{"type":"Point","coordinates":[-41.3263,-21.732676]},"properties":{"nome":"0729","tipo":"ponto","bairro":"S\u00c3O JOS\u00c9"}},{"type":"Feature","geometry":{"type":"Point","coordinates":[-41.325984,-21.732118]},"properties":{"nome":"0759","tipo":"ponto","bairro":"S\u00c3O JOS\u00c9"}},{"type":"Feature","geometry":{"type":"Point","coordinates":[-41.325662,-21.732182]},"properties":{"nome":"0768","tipo":"ponto","bairro":"S\u00c3O JOS\u00c9"}},{"type":"Feature","geometry":{"type":"Point","coordinates":[-41.325314,-21.732272]},"properties":{"nome":"0788","tipo":"ponto","bairro":"S\u00c3O JOS\u00c9"}},{"type":"Feature","geometry":{"type":"Point","coordinates":[-41.325005,-21.732332]},"properties":{"nome":"0797","tipo":"ponto","bairro":"S\u00c3O JOS\u00c9"}},{"type":"Feature","geometry":{"type":"Point","coordinates":[-41.324625,-21.732409]},"properties":{"nome":"0807","tipo":"ponto","bairro":"S\u00c3O JOS\u00c9"}},{"type":"Feature","geometry":{"type":"Point","coordinates":[-41.324458,-21.732463]},"properties":{"nome":"0817","tipo":"ponto","bairro":"S\u00c3O JOS\u00c9"}},{"type":"Feature","geometry":{"type":"Point","coordinates":[-41.324299,-21.732492]},"properties":{"nome":"0827","tipo":"ponto","bairro":"S\u00c3O JOS\u00c9"}},{"type":"Feature","geometry":{"type":"Point","coordinates":[-41.323854,-21.728177]},"properties":{"nome":"0837","tipo":"ponto","bairro":"S\u00c3O JOS\u00c9"}},{"type":"Feature","geometry":{"type":"Point","coordinates":[-41.32354,-21.7282]},"properties":{"nome":"0846","tipo":"ponto","bairro":"S\u00c3O JOS\u00c9"}},{"type":"Feature","geometry":{"type":"Point","coordinates":[-41.323495,-21.728181]},"properties":{"nome":"0856","tipo":"ponto","bairro":"S\u00c3O JOS\u00c9"}},{"type":"Feature","geometry":{"type":"Point","coordinates":[-41.323609,-21.728409]},"properties":{"nome":"0865","tipo":"ponto","bairro":"S\u00c3O JOS\u00c9"}},{"type":"Feature","geometry":{"type":"Point","coordinates":[-41.323593,-21.728591]},"properties":{"nome":"0875","tipo":"ponto","bairro":"S\u00c3O JOS\u00c9"}},{"type":"Feature","geometry":{"type":"Point","coordinates":[-41.32363,-21.72865]},"properties":{"nome":"0885","tipo":"ponto","bairro":"S\u00c3O JOS\u00c9"}},{"type":"Feature","geometry":{"type":"Point","coordinates":[-41.323983,-21.728794]},"properties":{"nome":"0895","tipo":"ponto","bairro":"S\u00c3O JOS\u00c9"}},{"type":"Feature","geometry":{"type":"Point","coordinates":[-41.323808,-21.728856]},"properties":{"nome":"0905","tipo":"ponto","bairro":"S\u00c3O JOS\u00c9"}},{"type":"Feature","geometry":{"type":"Point","coordinates":[-41.323817,-21.728626]},"properties":{"nome":"0915","tipo":"ponto","bairro":"S\u00c3O JOS\u00c9"}},{"type":"Feature","geometry":{"type":"Point","coordinates":[-41.323662,-21.728844]},"properties":{"nome":"0925","tipo":"ponto","bairro":"S\u00c3O JOS\u00c9"}},{"type":"Feature","geometry":{"type":"Point","coordinates":[-41.323675,-21.729182]},"properties":{"nome":"0935","tipo":"ponto","bairro":"S\u00c3O JOS\u00c9"}},{"type":"Feature","geometry":{"type":"Point","coordinates":[-41.324002,-21.729223]},"properties":{"nome":"0945","tipo":"ponto","bairro":"S\u00c3O JOS\u00c9"}},{"type":"Feature","geometry":{"type":"Point","coordinates":[-41.323726,-21.72929]},"properties":{"nome":"0955","tipo":"ponto","bairro":"S\u00c3O JOS\u00c9"}},{"type":"Feature","geometry":{"type":"Point","coordinates":[-41.323686,-21.729331]},"properties":{"nome":"0965","tipo":"ponto","bairro":"S\u00c3O JOS\u00c9"}},{"type":"Feature","geometry":{"type":"Point","coordinates":[-41.323754,-21.729408]},"properties":{"nome":"0974","tipo":"ponto","bairro":"S\u00c3O JOS\u00c9"}},{"type":"Feature","geometry":{"type":"Point","coordinates":[-41.323825,-21.729513]},"properties":{"nome":"0984","tipo":"ponto","bairro":"S\u00c3O JOS\u00c9"}},{"type":"Feature","geometry":{"type":"Point","coordinates":[-41.324002,-21.729806]},"properties":{"nome":"0994","tipo":"ponto","bairro":"S\u00c3O JOS\u00c9"}},{"type":"Feature","geometry":{"type":"Point","coordinates":[-41.324122,-21.730079]},"properties":{"nome":"1004","tipo":"ponto","bairro":"S\u00c3O JOS\u00c9"}},{"type":"Feature","geometry":{"type":"Point","coordinates":[-41.3243,-21.729952]},"properties":{"nome":"1015","tipo":"ponto","bairro":"S\u00c3O JOS\u00c9"}},{"type":"Feature","geometry":{"type":"Point","coordinates":[-41.324396,-21.73001]},"properties":{"nome":"1025","tipo":"ponto","bairro":"S\u00c3O JOS\u00c9"}},{"type":"Feature","geometry":{"type":"Point","coordinates":[-41.324147,-21.730283]},"properties":{"nome":"1035","tipo":"ponto","bairro":"S\u00c3O JOS\u00c9"}},{"type":"Feature","geometry":{"type":"Point","coordinates":[-41.324101,-21.730442]},"properties":{"nome":"1045","tipo":"ponto","bairro":"S\u00c3O JOS\u00c9"}},{"type":"Feature","geometry":{"type":"Point","coordinates":[-41.324231,-21.730714]},"properties":{"nome":"1064","tipo":"ponto","bairro":"S\u00c3O JOS\u00c9"}},{"type":"Feature","geometry":{"type":"Point","coordinates":[-41.324441,-21.730534]},"properties":{"nome":"1074","tipo":"ponto","bairro":"S\u00c3O JOS\u00c9"}},{"type":"Feature","geometry":{"type":"Point","coordinates":[-41.324712,-21.730275]},"properties":{"nome":"1084","tipo":"ponto","bairro":"S\u00c3O JOS\u00c9"}},{"type":"Feature","geometry":{"type":"Point","coordinates":[-41.324735,-21.730264]},"properties":{"nome":"1094","tipo":"ponto","bairro":"S\u00c3O JOS\u00c9"}},{"type":"Feature","geometry":{"type":"Point","coordinates":[-41.324314,-21.731]},"properties":{"nome":"1104","tipo":"ponto","bairro":"S\u00c3O JOS\u00c9"}},{"type":"Feature","geometry":{"type":"Point","coordinates":[-41.325083,-21.73057]},"properties":{"nome":"1115","tipo":"ponto","bairro":"S\u00c3O JOS\u00c9"}},{"type":"Feature","geometry":{"type":"Point","coordinates":[-41.324991,-21.73064]},"properties":{"nome":"1125","tipo":"ponto","bairro":"S\u00c3O JOS\u00c9"}},{"type":"Feature","geometry":{"type":"Point","coordinates":[-41.324745,-21.730843]},"properties":{"nome":"1134","tipo":"ponto","bairro":"S\u00c3O JOS\u00c9"}},{"type":"Feature","geometry":{"type":"Point","coordinates":[-41.324643,-21.730973]},"properties":{"nome":"1144","tipo":"ponto","bairro":"S\u00c3O JOS\u00c9"}},{"type":"Feature","geometry":{"type":"Point","coordinates":[-41.324396,-21.731225]},"properties":{"nome":"1154","tipo":"ponto","bairro":"S\u00c3O JOS\u00c9"}},{"type":"Feature","geometry":{"type":"Point","coordinates":[-41.324444,-21.731374]},"properties":{"nome":"1164","tipo":"ponto","bairro":"S\u00c3O JOS\u00c9"}},{"type":"Feature","geometry":{"type":"Point","coordinates":[-41.32452,-21.731497]},"properties":{"nome":"1174","tipo":"ponto","bairro":"S\u00c3O JOS\u00c9"}},{"type":"Feature","geometry":{"type":"Point","coordinates":[-41.324666,-21.731515]},"properties":{"nome":"1184","tipo":"ponto","bairro":"S\u00c3O JOS\u00c9"}},{"type":"Feature","geometry":{"type":"Point","coordinates":[-41.324872,-21.731342]},"properties":{"nome":"1194","tipo":"ponto","bairro":"S\u00c3O JOS\u00c9"}},{"type":"Feature","geometry":{"type":"Point","coordinates":[-41.325061,-21.731197]},"properties":{"nome":"1204","tipo":"ponto","bairro":"S\u00c3O JOS\u00c9"}},{"type":"Feature","geometry":{"type":"Point","coordinates":[-41.325283,-21.730977]},"properties":{"nome":"1215","tipo":"ponto","bairro":"S\u00c3O JOS\u00c9"}},{"type":"Feature","geometry":{"type":"Point","coordinates":[-41.324953,-21.731513]},"properties":{"nome":"1224","tipo":"ponto","bairro":"S\u00c3O JOS\u00c9"}},{"type":"Feature","geometry":{"type":"Point","coordinates":[-41.325047,-21.731577]},"properties":{"nome":"1234","tipo":"ponto","bairro":"S\u00c3O JOS\u00c9"}},{"type":"Feature","geometry":{"type":"Point","coordinates":[-41.328469,-21.734283]},"properties":{"nome":"1244","tipo":"ponto","bairro":"S\u00c3O JOS\u00c9"}},{"type":"Feature","geometry":{"type":"Point","coordinates":[-41.328389,-21.734181]},"properties":{"nome":"1254","tipo":"ponto","bairro":"S\u00c3O JOS\u00c9"}},{"type":"Feature","geometry":{"type":"Point","coordinates":[-41.328306,-21.733884]},"properties":{"nome":"1264","tipo":"ponto","bairro":"S\u00c3O JOS\u00c9"}},{"type":"Feature","geometry":{"type":"Point","coordinates":[-41.328197,-21.73358]},"properties":{"nome":"1284","tipo":"ponto","bairro":"S\u00c3O JOS\u00c9"}},{"type":"Feature","geometry":{"type":"Point","coordinates":[-41.328199,-21.733335]},"properties":{"nome":"1294","tipo":"ponto","bairro":"S\u00c3O JOS\u00c9"}},{"type":"Feature","geometry":{"type":"Point","coordinates":[-41.328161,-21.73325]},"properties":{"nome":"1304","tipo":"ponto","bairro":"S\u00c3O JOS\u00c9"}},{"type":"Feature","geometry":{"type":"Point","coordinates":[-41.328102,-21.733106]},"properties":{"nome":"1315","tipo":"ponto","bairro":"S\u00c3O JOS\u00c9"}},{"type":"Feature","geometry":{"type":"Point","coordinates":[-41.32805,-21.732851]},"properties":{"nome":"1325","tipo":"ponto","bairro":"S\u00c3O JOS\u00c9"}},{"type":"Feature","geometry":{"type":"Point","coordinates":[-41.330277,-21.733321]},"properties":{"nome":"1344","tipo":"ponto","bairro":"S\u00c3O JOS\u00c9"}},{"type":"Feature","geometry":{"type":"Point","coordinates":[-41.330177,-21.732765]},"properties":{"nome":"1364","tipo":"ponto","bairro":"S\u00c3O JOS\u00c9"}},{"type":"Feature","geometry":{"type":"Point","coordinates":[-41.330178,-21.732772]},"properties":{"nome":"1374","tipo":"ponto","bairro":"S\u00c3O JOS\u00c9"}},{"type":"Feature","geometry":{"type":"Point","coordinates":[-41.330127,-21.732422]},"properties":{"nome":"1394","tipo":"ponto","bairro":"S\u00c3O JOS\u00c9"}},{"type":"Feature","geometry":{"type":"Point","coordinates":[-41.329277,-21.730783]},"properties":{"nome":"1404","tipo":"ponto","bairro":"S\u00c3O JOS\u00c9"}},{"type":"Feature","geometry":{"type":"Point","coordinates":[-41.329014,-21.730492]},"properties":{"nome":"1424","tipo":"ponto","bairro":"S\u00c3O JOS\u00c9"}},{"type":"Feature","geometry":{"type":"Point","coordinates":[-41.328494,-21.730005]},"properties":{"nome":"1454","tipo":"ponto","bairro":"S\u00c3O JOS\u00c9"}},{"type":"Feature","geometry":{"type":"Point","coordinates":[-41.3284,-21.729953]},"properties":{"nome":"1464","tipo":"ponto","bairro":"S\u00c3O JOS\u00c9"}},{"type":"Feature","geometry":{"type":"Point","coordinates":[-41.328246,-21.729806]},"properties":{"nome":"1474","tipo":"ponto","bairro":"S\u00c3O JOS\u00c9"}},{"type":"Feature","geometry":{"type":"Point","coordinates":[-41.328221,-21.729825]},"properties":{"nome":"1484","tipo":"ponto","bairro":"S\u00c3O JOS\u00c9"}},{"type":"Feature","geometry":{"type":"Point","coordinates":[-41.328068,-21.729739]},"properties":{"nome":"1494","tipo":"ponto","bairro":"S\u00c3O JOS\u00c9"}},{"type":"Feature","geometry":{"type":"Point","coordinates":[-41.325953,-21.733267]},"properties":{"nome":"1524","tipo":"ponto","bairro":"S\u00c3O JOS\u00c9"}},{"type":"Feature","geometry":{"type":"Point","coordinates":[-41.325945,-21.733302]},"properties":{"nome":"1534","tipo":"ponto","bairro":"S\u00c3O JOS\u00c9"}},{"type":"Feature","geometry":{"type":"Point","coordinates":[-41.32602,-21.733352]},"properties":{"nome":"1545","tipo":"ponto","bairro":"S\u00c3O JOS\u00c9"}},{"type":"Feature","geometry":{"type":"Point","coordinates":[-41.326382,-21.73361]},"properties":{"nome":"1554","tipo":"ponto","bairro":"S\u00c3O JOS\u00c9"}},{"type":"Feature","geometry":{"type":"Point","coordinates":[-41.326626,-21.73384]},"properties":{"nome":"1564","tipo":"ponto","bairro":"S\u00c3O JOS\u00c9"}},{"type":"Feature","geometry":{"type":"Point","coordinates":[-41.326902,-21.734074]},"properties":{"nome":"1585","tipo":"ponto","bairro":"S\u00c3O JOS\u00c9"}},{"type":"Feature","geometry":{"type":"Point","coordinates":[-41.327081,-21.734208]},"properties":{"nome":"1594","tipo":"ponto","bairro":"S\u00c3O JOS\u00c9"}},{"type":"Feature","geometry":{"type":"Point","coordinates":[-41.327184,-21.734326]},"properties":{"nome":"1604","tipo":"ponto","bairro":"S\u00c3O JOS\u00c9"}},{"type":"Feature","geometry":{"type":"Point","coordinates":[-41.327338,-21.734427]},"properties":{"nome":"1615","tipo":"ponto","bairro":"S\u00c3O JOS\u00c9"}},{"type":"Feature","geometry":{"type":"Point","coordinates":[-41.327452,-21.734549]},"properties":{"nome":"1624","tipo":"ponto","bairro":"S\u00c3O JOS\u00c9"}},{"type":"Feature","geometry":{"type":"Point","coordinates":[-41.327763,-21.734786]},"properties":{"nome":"1654","tipo":"ponto","bairro":"S\u00c3O JOS\u00c9"}},{"type":"Feature","geometry":{"type":"Point","coordinates":[-41.32801,-21.735059]},"properties":{"nome":"1664","tipo":"ponto","bairro":"S\u00c3O JOS\u00c9"}},{"type":"Feature","geometry":{"type":"Point","coordinates":[-41.328386,-21.735337]},"properties":{"nome":"1674","tipo":"ponto","bairro":"S\u00c3O JOS\u00c9"}},{"type":"Feature","geometry":{"type":"Point","coordinates":[-41.328541,-21.735527]},"properties":{"nome":"1684","tipo":"ponto","bairro":"S\u00c3O JOS\u00c9"}},{"type":"Feature","geometry":{"type":"Point","coordinates":[-41.328899,-21.735806]},"properties":{"nome":"1704","tipo":"ponto","bairro":"S\u00c3O JOS\u00c9"}},{"type":"Feature","geometry":{"type":"Point","coordinates":[-41.329288,-21.736078]},"properties":{"nome":"1725","tipo":"ponto","bairro":"S\u00c3O JOS\u00c9"}},{"type":"Feature","geometry":{"type":"Point","coordinates":[-41.329429,-21.73628]},"properties":{"nome":"1734","tipo":"ponto","bairro":"S\u00c3O JOS\u00c9"}},{"type":"Feature","geometry":{"type":"Point","coordinates":[-41.329783,-21.736545]},"properties":{"nome":"1744","tipo":"ponto","bairro":"S\u00c3O JOS\u00c9"}},{"type":"Feature","geometry":{"type":"Point","coordinates":[-41.329954,-21.736704]},"properties":{"nome":"1754","tipo":"ponto","bairro":"S\u00c3O JOS\u00c9"}},{"type":"Feature","geometry":{"type":"Point","coordinates":[-41.330246,-21.736943]},"properties":{"nome":"1765","tipo":"ponto","bairro":"S\u00c3O JOS\u00c9"}},{"type":"Feature","geometry":{"type":"Point","coordinates":[-41.330769,-21.737333]},"properties":{"nome":"1784","tipo":"ponto","bairro":"S\u00c3O JOS\u00c9"}},{"type":"Feature","geometry":{"type":"Point","coordinates":[-41.331041,-21.737562]},"properties":{"nome":"1794","tipo":"ponto","bairro":"S\u00c3O JOS\u00c9"}},{"type":"Feature","geometry":{"type":"Point","coordinates":[-41.33128,-21.737772]},"properties":{"nome":"1804","tipo":"ponto","bairro":"S\u00c3O JOS\u00c9"}},{"type":"Feature","geometry":{"type":"Point","coordinates":[-41.331658,-21.738117]},"properties":{"nome":"1824","tipo":"ponto","bairro":"S\u00c3O JOS\u00c9"}},{"type":"Feature","geometry":{"type":"Point","coordinates":[-41.331943,-21.738312]},"properties":{"nome":"1834","tipo":"ponto","bairro":"S\u00c3O JOS\u00c9"}},{"type":"Feature","geometry":{"type":"Point","coordinates":[-41.33208,-21.738652]},"properties":{"nome":"1854","tipo":"ponto","bairro":"S\u00c3O JOS\u00c9"}},{"type":"Feature","geometry":{"type":"Point","coordinates":[-41.332013,-21.738597]},"properties":{"nome":"1864","tipo":"ponto","bairro":"S\u00c3O JOS\u00c9"}},{"type":"Feature","geometry":{"type":"Point","coordinates":[-41.331816,-21.738437]},"properties":{"nome":"1874","tipo":"ponto","bairro":"S\u00c3O JOS\u00c9"}},{"type":"Feature","geometry":{"type":"Point","coordinates":[-41.331526,-21.738228]},"properties":{"nome":"1884","tipo":"ponto","bairro":"S\u00c3O JOS\u00c9"}},{"type":"Feature","geometry":{"type":"Point","coordinates":[-41.33114,-21.737893]},"properties":{"nome":"1905","tipo":"ponto","bairro":"S\u00c3O JOS\u00c9"}},{"type":"Feature","geometry":{"type":"Point","coordinates":[-41.330866,-21.737709]},"properties":{"nome":"1915","tipo":"ponto","bairro":"S\u00c3O JOS\u00c9"}},{"type":"Feature","geometry":{"type":"Point","coordinates":[-41.330754,-21.737625]},"properties":{"nome":"1924","tipo":"ponto","bairro":"S\u00c3O JOS\u00c9"}},{"type":"Feature","geometry":{"type":"Point","coordinates":[-41.330514,-21.737318]},"properties":{"nome":"1944","tipo":"ponto","bairro":"S\u00c3O JOS\u00c9"}},{"type":"Feature","geometry":{"type":"Point","coordinates":[-41.330364,-21.737237]},"properties":{"nome":"1954","tipo":"ponto","bairro":"S\u00c3O JOS\u00c9"}},{"type":"Feature","geometry":{"type":"Point","coordinates":[-41.330115,-21.737049]},"properties":{"nome":"1974","tipo":"ponto","bairro":"S\u00c3O JOS\u00c9"}},{"type":"Feature","geometry":{"type":"Point","coordinates":[-41.329825,-21.736838]},"properties":{"nome":"1984","tipo":"ponto","bairro":"S\u00c3O JOS\u00c9"}},{"type":"Feature","geometry":{"type":"Point","coordinates":[-41.329586,-21.736599]},"properties":{"nome":"1994","tipo":"ponto","bairro":"S\u00c3O JOS\u00c9"}},{"type":"Feature","geometry":{"type":"Point","coordinates":[-41.329325,-21.736425]},"properties":{"nome":"2004","tipo":"ponto","bairro":"S\u00c3O JOS\u00c9"}},{"type":"Feature","geometry":{"type":"Point","coordinates":[-41.328962,-21.736109]},"properties":{"nome":"2025","tipo":"ponto","bairro":"S\u00c3O JOS\u00c9"}},{"type":"Feature","geometry":{"type":"Point","coordinates":[-41.328856,-21.735979]},"properties":{"nome":"2034","tipo":"ponto","bairro":"S\u00c3O JOS\u00c9"}},{"type":"Feature","geometry":{"type":"Point","coordinates":[-41.328622,-21.735792]},"properties":{"nome":"2054","tipo":"ponto","bairro":"S\u00c3O JOS\u00c9"}},{"type":"Feature","geometry":{"type":"Point","coordinates":[-41.328337,-21.735573]},"properties":{"nome":"2064","tipo":"ponto","bairro":"S\u00c3O JOS\u00c9"}},{"type":"Feature","geometry":{"type":"Point","coordinates":[-41.328077,-21.735338]},"properties":{"nome":"2073","tipo":"ponto","bairro":"S\u00c3O JOS\u00c9"}},{"type":"Feature","geometry":{"type":"Point","coordinates":[-41.327846,-21.735143]},"properties":{"nome":"2083","tipo":"ponto","bairro":"S\u00c3O JOS\u00c9"}},{"type":"Feature","geometry":{"type":"Point","coordinates":[-41.327607,-21.734937]},"properties":{"nome":"2093","tipo":"ponto","bairro":"S\u00c3O JOS\u00c9"}},{"type":"Feature","geometry":{"type":"Point","coordinates":[-41.327452,-21.734825]},"properties":{"nome":"2105","tipo":"ponto","bairro":"S\u00c3O JOS\u00c9"}},{"type":"Feature","geometry":{"type":"Point","coordinates":[-41.327269,-21.734709]},"properties":{"nome":"2113","tipo":"ponto","bairro":"S\u00c3O JOS\u00c9"}},{"type":"Feature","geometry":{"type":"Point","coordinates":[-41.327033,-21.734526]},"properties":{"nome":"2123","tipo":"ponto","bairro":"S\u00c3O JOS\u00c9"}},{"type":"Feature","geometry":{"type":"Point","coordinates":[-41.326878,-21.734358]},"properties":{"nome":"2133","tipo":"ponto","bairro":"S\u00c3O JOS\u00c9"}},{"type":"Feature","geometry":{"type":"Point","coordinates":[-41.326801,-21.734289]},"properties":{"nome":"2144","tipo":"ponto","bairro":"S\u00c3O JOS\u00c9"}},{"type":"Feature","geometry":{"type":"Point","coordinates":[-41.326637,-21.734134]},"properties":{"nome":"2153","tipo":"ponto","bairro":"S\u00c3O JOS\u00c9"}},{"type":"Feature","geometry":{"type":"Point","coordinates":[-41.32633,-21.733895]},"properties":{"nome":"2173","tipo":"ponto","bairro":"S\u00c3O JOS\u00c9"}},{"type":"Feature","geometry":{"type":"Point","coordinates":[-41.326227,-21.733796]},"properties":{"nome":"2183","tipo":"ponto","bairro":"S\u00c3O JOS\u00c9"}},{"type":"Feature","geometry":{"type":"Point","coordinates":[-41.326107,-21.733693]},"properties":{"nome":"2193","tipo":"ponto","bairro":"S\u00c3O JOS\u00c9"}},{"type":"Feature","geometry":{"type":"Point","coordinates":[-41.325814,-21.733488]},"properties":{"nome":"2203","tipo":"ponto","bairro":"S\u00c3O JOS\u00c9"}},{"type":"Feature","geometry":{"type":"Point","coordinates":[-41.325618,-21.733313]},"properties":{"nome":"2212","tipo":"ponto","bairro":"S\u00c3O JOS\u00c9"}},{"type":"Feature","geometry":{"type":"Point","coordinates":[-41.327644,-21.734454]},"properties":{"nome":"2222","tipo":"ponto","bairro":"S\u00c3O JOS\u00c9"}},{"type":"Feature","geometry":{"type":"Point","coordinates":[-41.327614,-21.734331]},"properties":{"nome":"2232","tipo":"ponto","bairro":"S\u00c3O JOS\u00c9"}},{"type":"Feature","geometry":{"type":"Point","coordinates":[-41.327565,-21.734142]},"properties":{"nome":"2242","tipo":"ponto","bairro":"S\u00c3O JOS\u00c9"}},{"type":"Feature","geometry":{"type":"Point","coordinates":[-41.327528,-21.734047]},"properties":{"nome":"2252","tipo":"ponto","bairro":"S\u00c3O JOS\u00c9"}},{"type":"Feature","geometry":{"type":"Point","coordinates":[-41.327454,-21.733821]},"properties":{"nome":"2262","tipo":"ponto","bairro":"S\u00c3O JOS\u00c9"}},{"type":"Feature","geometry":{"type":"Point","coordinates":[-41.327422,-21.733674]},"properties":{"nome":"2272","tipo":"ponto","bairro":"S\u00c3O JOS\u00c9"}},{"type":"Feature","geometry":{"type":"Point","coordinates":[-41.327429,-21.733596]},"properties":{"nome":"2282","tipo":"ponto","bairro":"S\u00c3O JOS\u00c9"}},{"type":"Feature","geometry":{"type":"Point","coordinates":[-41.327378,-21.733372]},"properties":{"nome":"2292","tipo":"ponto","bairro":"S\u00c3O JOS\u00c9"}},{"type":"Feature","geometry":{"type":"Point","coordinates":[-41.329453,-21.735759]},"properties":{"nome":"2332","tipo":"ponto","bairro":"S\u00c3O JOS\u00c9"}},{"type":"Feature","geometry":{"type":"Point","coordinates":[-41.329663,-21.735555]},"properties":{"nome":"2342","tipo":"ponto","bairro":"S\u00c3O JOS\u00c9"}},{"type":"Feature","geometry":{"type":"Point","coordinates":[-41.329926,-21.735179]},"properties":{"nome":"2362","tipo":"ponto","bairro":"S\u00c3O JOS\u00c9"}},{"type":"Feature","geometry":{"type":"Point","coordinates":[-41.330085,-21.735114]},"properties":{"nome":"2372","tipo":"ponto","bairro":"S\u00c3O JOS\u00c9"}},{"type":"Feature","geometry":{"type":"Point","coordinates":[-41.330906,-21.737143]},"properties":{"nome":"2402","tipo":"ponto","bairro":"S\u00c3O JOS\u00c9"}},{"type":"Feature","geometry":{"type":"Point","coordinates":[-41.331052,-21.736964]},"properties":{"nome":"2412","tipo":"ponto","bairro":"S\u00c3O JOS\u00c9"}},{"type":"Feature","geometry":{"type":"Point","coordinates":[-41.331282,-21.736713]},"properties":{"nome":"2422","tipo":"ponto","bairro":"S\u00c3O JOS\u00c9"}},{"type":"Feature","geometry":{"type":"Point","coordinates":[-41.331528,-21.736425]},"properties":{"nome":"2442","tipo":"ponto","bairro":"S\u00c3O JOS\u00c9"}},{"type":"Feature","geometry":{"type":"Point","coordinates":[-41.331704,-21.736348]},"properties":{"nome":"2462","tipo":"ponto","bairro":"S\u00c3O JOS\u00c9"}},{"type":"Feature","geometry":{"type":"Point","coordinates":[-41.332,-21.73624]},"properties":{"nome":"2472","tipo":"ponto","bairro":"S\u00c3O JOS\u00c9"}},{"type":"Feature","geometry":{"type":"Point","coordinates":[-41.332265,-21.737323]},"properties":{"nome":"2502","tipo":"ponto","bairro":"S\u00c3O JOS\u00c9"}},{"type":"Feature","geometry":{"type":"Point","coordinates":[-41.331738,-21.736888]},"properties":{"nome":"2522","tipo":"ponto","bairro":"S\u00c3O JOS\u00c9"}},{"type":"Feature","geometry":{"type":"Point","coordinates":[-41.33137,-21.7365]},"properties":{"nome":"2542","tipo":"ponto","bairro":"S\u00c3O JOS\u00c9"}},{"type":"Feature","geometry":{"type":"Point","coordinates":[-41.331284,-21.736394]},"properties":{"nome":"2552","tipo":"ponto","bairro":"S\u00c3O JOS\u00c9"}},{"type":"Feature","geometry":{"type":"Point","coordinates":[-41.331229,-21.736361]},"properties":{"nome":"2563","tipo":"ponto","bairro":"S\u00c3O JOS\u00c9"}},{"type":"Feature","geometry":{"type":"Point","coordinates":[-41.330944,-21.736147]},"properties":{"nome":"2572","tipo":"ponto","bairro":"S\u00c3O JOS\u00c9"}},{"type":"Feature","geometry":{"type":"Point","coordinates":[-41.330892,-21.736093]},"properties":{"nome":"2583","tipo":"ponto","bairro":"S\u00c3O JOS\u00c9"}},{"type":"Feature","geometry":{"type":"Point","coordinates":[-41.330932,-21.736069]},"properties":{"nome":"2592","tipo":"ponto","bairro":"S\u00c3O JOS\u00c9"}},{"type":"Feature","geometry":{"type":"Point","coordinates":[-41.331147,-21.735939]},"properties":{"nome":"2602","tipo":"ponto","bairro":"S\u00c3O JOS\u00c9"}},{"type":"Feature","geometry":{"type":"Point","coordinates":[-41.331251,-21.735901]},"properties":{"nome":"2612","tipo":"ponto","bairro":"S\u00c3O JOS\u00c9"}},{"type":"Feature","geometry":{"type":"Point","coordinates":[-41.331382,-21.735813]},"properties":{"nome":"2622","tipo":"ponto","bairro":"S\u00c3O JOS\u00c9"}},{"type":"Feature","geometry":{"type":"Point","coordinates":[-41.331662,-21.735686]},"properties":{"nome":"2632","tipo":"ponto","bairro":"S\u00c3O JOS\u00c9"}},{"type":"Feature","geometry":{"type":"Point","coordinates":[-41.33165,-21.735708]},"properties":{"nome":"2643","tipo":"ponto","bairro":"S\u00c3O JOS\u00c9"}},{"type":"Feature","geometry":{"type":"Point","coordinates":[-41.331712,-21.735673]},"properties":{"nome":"2651","tipo":"ponto","bairro":"S\u00c3O JOS\u00c9"}},{"type":"Feature","geometry":{"type":"Point","coordinates":[-41.330836,-21.736007]},"properties":{"nome":"2661","tipo":"ponto","bairro":"S\u00c3O JOS\u00c9"}},{"type":"Feature","geometry":{"type":"Point","coordinates":[-41.330672,-21.735873]},"properties":{"nome":"2671","tipo":"ponto","bairro":"S\u00c3O JOS\u00c9"}},{"type":"Feature","geometry":{"type":"Point","coordinates":[-41.330435,-21.735708]},"properties":{"nome":"2691","tipo":"ponto","bairro":"S\u00c3O JOS\u00c9"}},{"type":"Feature","geometry":{"type":"Point","coordinates":[-41.330338,-21.735633]},"properties":{"nome":"2701","tipo":"ponto","bairro":"S\u00c3O JOS\u00c9"}},{"type":"Feature","geometry":{"type":"Point","coordinates":[-41.330249,-21.735527]},"properties":{"nome":"2711","tipo":"ponto","bairro":"S\u00c3O JOS\u00c9"}},{"type":"Feature","geometry":{"type":"Point","coordinates":[-41.330108,-21.735428]},"properties":{"nome":"2721","tipo":"ponto","bairro":"S\u00c3O JOS\u00c9"}},{"type":"Feature","geometry":{"type":"Point","coordinates":[-41.329835,-21.735212]},"properties":{"nome":"2741","tipo":"ponto","bairro":"S\u00c3O JOS\u00c9"}},{"type":"Feature","geometry":{"type":"Point","coordinates":[-41.329797,-21.735186]},"properties":{"nome":"2751","tipo":"ponto","bairro":"S\u00c3O JOS\u00c9"}},{"type":"Feature","geometry":{"type":"Point","coordinates":[-41.329691,-21.735102]},"properties":{"nome":"2762","tipo":"ponto","bairro":"S\u00c3O JOS\u00c9"}},{"type":"Feature","geometry":{"type":"Point","coordinates":[-41.329545,-21.73494]},"properties":{"nome":"2781","tipo":"ponto","bairro":"S\u00c3O JOS\u00c9"}},{"type":"Feature","geometry":{"type":"Point","coordinates":[-41.329499,-21.734921]},"properties":{"nome":"2792","tipo":"ponto","bairro":"S\u00c3O JOS\u00c9"}},{"type":"Feature","geometry":{"type":"Point","coordinates":[-41.329007,-21.734598]},"properties":{"nome":"2811","tipo":"ponto","bairro":"S\u00c3O JOS\u00c9"}},{"type":"Feature","geometry":{"type":"Point","coordinates":[-41.324295,-21.732718]},"properties":{"nome":"00214","tipo":"ponto","bairro":"S\u00c3O JOS\u00c9"}},{"type":"Feature","geometry":{"type":"Point","coordinates":[-41.324491,-21.733092]},"properties":{"nome":"00314","tipo":"ponto","bairro":"S\u00c3O JOS\u00c9"}},{"type":"Feature","geometry":{"type":"Point","coordinates":[-41.32456,-21.733019]},"properties":{"nome":"00414","tipo":"ponto","bairro":"S\u00c3O JOS\u00c9"}},{"type":"Feature","geometry":{"type":"Point","coordinates":[-41.32507,-21.73295]},"properties":{"nome":"00614","tipo":"ponto","bairro":"S\u00c3O JOS\u00c9"}},{"type":"Feature","geometry":{"type":"Point","coordinates":[-41.325141,-21.733027]},"properties":{"nome":"00714","tipo":"ponto","bairro":"S\u00c3O JOS\u00c9"}},{"type":"Feature","geometry":{"type":"Point","coordinates":[-41.325324,-21.733224]},"properties":{"nome":"00814","tipo":"ponto","bairro":"S\u00c3O JOS\u00c9"}},{"type":"Feature","geometry":{"type":"Point","coordinates":[-41.324547,-21.733186]},"properties":{"nome":"00914","tipo":"ponto","bairro":"S\u00c3O JOS\u00c9"}},{"type":"Feature","geometry":{"type":"Point","coordinates":[-41.324627,-21.733399]},"properties":{"nome":"01013","tipo":"ponto","bairro":"S\u00c3O JOS\u00c9"}},{"type":"Feature","geometry":{"type":"Point","coordinates":[-41.324834,-21.733884]},"properties":{"nome":"01213","tipo":"ponto","bairro":"S\u00c3O JOS\u00c9"}},{"type":"Feature","geometry":{"type":"Point","coordinates":[-41.324967,-21.734124]},"properties":{"nome":"01313","tipo":"ponto","bairro":"S\u00c3O JOS\u00c9"}},{"type":"Feature","geometry":{"type":"Point","coordinates":[-41.325009,-21.734218]},"properties":{"nome":"01413","tipo":"ponto","bairro":"S\u00c3O JOS\u00c9"}},{"type":"Feature","geometry":{"type":"Point","coordinates":[-41.32509,-21.734355]},"properties":{"nome":"01513","tipo":"ponto","bairro":"S\u00c3O JOS\u00c9"}},{"type":"Feature","geometry":{"type":"Point","coordinates":[-41.325208,-21.734582]},"properties":{"nome":"01613","tipo":"ponto","bairro":"S\u00c3O JOS\u00c9"}},{"type":"Feature","geometry":{"type":"Point","coordinates":[-41.325428,-21.734784]},"properties":{"nome":"01713","tipo":"ponto","bairro":"S\u00c3O JOS\u00c9"}},{"type":"Feature","geometry":{"type":"Point","coordinates":[-41.325467,-21.734743]},"properties":{"nome":"01813","tipo":"ponto","bairro":"S\u00c3O JOS\u00c9"}},{"type":"Feature","geometry":{"type":"Point","coordinates":[-41.325702,-21.734457]},"properties":{"nome":"01913","tipo":"ponto","bairro":"S\u00c3O JOS\u00c9"}},{"type":"Feature","geometry":{"type":"Point","coordinates":[-41.325906,-21.734234]},"properties":{"nome":"02113","tipo":"ponto","bairro":"S\u00c3O JOS\u00c9"}},{"type":"Feature","geometry":{"type":"Point","coordinates":[-41.326071,-21.73405]},"properties":{"nome":"02213","tipo":"ponto","bairro":"S\u00c3O JOS\u00c9"}},{"type":"Feature","geometry":{"type":"Point","coordinates":[-41.326247,-21.733869]},"properties":{"nome":"02313","tipo":"ponto","bairro":"S\u00c3O JOS\u00c9"}},{"type":"Feature","geometry":{"type":"Point","coordinates":[-41.325843,-21.734217]},"properties":{"nome":"02413","tipo":"ponto","bairro":"S\u00c3O JOS\u00c9"}},{"type":"Feature","geometry":{"type":"Point","coordinates":[-41.325608,-21.734035]},"properties":{"nome":"02513","tipo":"ponto","bairro":"S\u00c3O JOS\u00c9"}},{"type":"Feature","geometry":{"type":"Point","coordinates":[-41.325517,-21.733967]},"properties":{"nome":"02613","tipo":"ponto","bairro":"S\u00c3O JOS\u00c9"}},{"type":"Feature","geometry":{"type":"Point","coordinates":[-41.325389,-21.733857]},"properties":{"nome":"02713","tipo":"ponto","bairro":"S\u00c3O JOS\u00c9"}},{"type":"Feature","geometry":{"type":"Point","coordinates":[-41.325345,-21.733758]},"properties":{"nome":"02813","tipo":"ponto","bairro":"S\u00c3O JOS\u00c9"}},{"type":"Feature","geometry":{"type":"Point","coordinates":[-41.325379,-21.734878]},"properties":{"nome":"02913","tipo":"ponto","bairro":"S\u00c3O JOS\u00c9"}},{"type":"Feature","geometry":{"type":"Point","coordinates":[-41.32546,-21.735106]},"properties":{"nome":"03012","tipo":"ponto","bairro":"S\u00c3O JOS\u00c9"}},{"type":"Feature","geometry":{"type":"Point","coordinates":[-41.325498,-21.735159]},"properties":{"nome":"03112","tipo":"ponto","bairro":"S\u00c3O JOS\u00c9"}},{"type":"Feature","geometry":{"type":"Point","coordinates":[-41.325771,-21.735644]},"properties":{"nome":"03312","tipo":"ponto","bairro":"S\u00c3O JOS\u00c9"}},{"type":"Feature","geometry":{"type":"Point","coordinates":[-41.325975,-21.735809]},"properties":{"nome":"03412","tipo":"ponto","bairro":"S\u00c3O JOS\u00c9"}},{"type":"Feature","geometry":{"type":"Point","coordinates":[-41.326037,-21.735951]},"properties":{"nome":"03512","tipo":"ponto","bairro":"S\u00c3O JOS\u00c9"}},{"type":"Feature","geometry":{"type":"Point","coordinates":[-41.326289,-21.736066]},"properties":{"nome":"03612","tipo":"ponto","bairro":"S\u00c3O JOS\u00c9"}},{"type":"Feature","geometry":{"type":"Point","coordinates":[-41.32641,-21.736165]},"properties":{"nome":"03712","tipo":"ponto","bairro":"S\u00c3O JOS\u00c9"}},{"type":"Feature","geometry":{"type":"Point","coordinates":[-41.326566,-21.736304]},"properties":{"nome":"03812","tipo":"ponto","bairro":"S\u00c3O JOS\u00c9"}},{"type":"Feature","geometry":{"type":"Point","coordinates":[-41.326803,-21.736508]},"properties":{"nome":"04012","tipo":"ponto","bairro":"S\u00c3O JOS\u00c9"}},{"type":"Feature","geometry":{"type":"Point","coordinates":[-41.32681,-21.73653]},"properties":{"nome":"04112","tipo":"ponto","bairro":"S\u00c3O JOS\u00c9"}},{"type":"Feature","geometry":{"type":"Point","coordinates":[-41.327078,-21.736751]},"properties":{"nome":"04211","tipo":"ponto","bairro":"S\u00c3O JOS\u00c9"}},{"type":"Feature","geometry":{"type":"Point","coordinates":[-41.32724,-21.736904]},"properties":{"nome":"04311","tipo":"ponto","bairro":"S\u00c3O JOS\u00c9"}},{"type":"Feature","geometry":{"type":"Point","coordinates":[-41.327417,-21.737011]},"properties":{"nome":"04411","tipo":"ponto","bairro":"S\u00c3O JOS\u00c9"}},{"type":"Feature","geometry":{"type":"Point","coordinates":[-41.32739,-21.737017]},"properties":{"nome":"04511","tipo":"ponto","bairro":"S\u00c3O JOS\u00c9"}},{"type":"Feature","geometry":{"type":"Point","coordinates":[-41.327968,-21.73749]},"properties":{"nome":"04811","tipo":"ponto","bairro":"S\u00c3O JOS\u00c9"}},{"type":"Feature","geometry":{"type":"Point","coordinates":[-41.328128,-21.737633]},"properties":{"nome":"04911","tipo":"ponto","bairro":"S\u00c3O JOS\u00c9"}},{"type":"Feature","geometry":{"type":"Point","coordinates":[-41.328262,-21.737762]},"properties":{"nome":"05011","tipo":"ponto","bairro":"S\u00c3O JOS\u00c9"}},{"type":"Feature","geometry":{"type":"Point","coordinates":[-41.328519,-21.737973]},"properties":{"nome":"05211","tipo":"ponto","bairro":"S\u00c3O JOS\u00c9"}},{"type":"Feature","geometry":{"type":"Point","coordinates":[-41.328671,-21.73806]},"properties":{"nome":"05311","tipo":"ponto","bairro":"S\u00c3O JOS\u00c9"}},{"type":"Feature","geometry":{"type":"Point","coordinates":[-41.32891,-21.738284]},"properties":{"nome":"05411","tipo":"ponto","bairro":"S\u00c3O JOS\u00c9"}},{"type":"Feature","geometry":{"type":"Point","coordinates":[-41.329454,-21.738684]},"properties":{"nome":"05611","tipo":"ponto","bairro":"S\u00c3O JOS\u00c9"}},{"type":"Feature","geometry":{"type":"Point","coordinates":[-41.329483,-21.738783]},"properties":{"nome":"05711","tipo":"ponto","bairro":"S\u00c3O JOS\u00c9"}},{"type":"Feature","geometry":{"type":"Point","coordinates":[-41.329716,-21.738989]},"properties":{"nome":"05811","tipo":"ponto","bairro":"S\u00c3O JOS\u00c9"}},{"type":"Feature","geometry":{"type":"Point","coordinates":[-41.330051,-21.739249]},"properties":{"nome":"06011","tipo":"ponto","bairro":"S\u00c3O JOS\u00c9"}},{"type":"Feature","geometry":{"type":"Point","coordinates":[-41.330327,-21.73947]},"properties":{"nome":"06111","tipo":"ponto","bairro":"S\u00c3O JOS\u00c9"}},{"type":"Feature","geometry":{"type":"Point","coordinates":[-41.33063,-21.73971]},"properties":{"nome":"06211","tipo":"ponto","bairro":"S\u00c3O JOS\u00c9"}},{"type":"Feature","geometry":{"type":"Point","coordinates":[-41.330847,-21.739924]},"properties":{"nome":"06311","tipo":"ponto","bairro":"S\u00c3O JOS\u00c9"}},{"type":"Feature","geometry":{"type":"Point","coordinates":[-41.33275,-21.738287]},"properties":{"nome":"06610","tipo":"ponto","bairro":"S\u00c3O JOS\u00c9"}},{"type":"Feature","geometry":{"type":"Point","coordinates":[-41.33267,-21.738089]},"properties":{"nome":"06710","tipo":"ponto","bairro":"S\u00c3O JOS\u00c9"}},{"type":"Feature","geometry":{"type":"Point","coordinates":[-41.332752,-21.738106]},"properties":{"nome":"06811","tipo":"ponto","bairro":"S\u00c3O JOS\u00c9"}},{"type":"Feature","geometry":{"type":"Point","coordinates":[-41.332865,-21.738116]},"properties":{"nome":"06910","tipo":"ponto","bairro":"S\u00c3O JOS\u00c9"}},{"type":"Feature","geometry":{"type":"Point","coordinates":[-41.333034,-21.738133]},"properties":{"nome":"07010","tipo":"ponto","bairro":"S\u00c3O JOS\u00c9"}},{"type":"Feature","geometry":{"type":"Point","coordinates":[-41.333506,-21.738142]},"properties":{"nome":"07210","tipo":"ponto","bairro":"S\u00c3O JOS\u00c9"}},{"type":"Feature","geometry":{"type":"Point","coordinates":[-41.333579,-21.738174]},"properties":{"nome":"07310","tipo":"ponto","bairro":"S\u00c3O JOS\u00c9"}},{"type":"Feature","geometry":{"type":"Point","coordinates":[-41.333787,-21.738189]},"properties":{"nome":"07410","tipo":"ponto","bairro":"S\u00c3O JOS\u00c9"}},{"type":"Feature","geometry":{"type":"Point","coordinates":[-41.334065,-21.738182]},"properties":{"nome":"0769","tipo":"ponto","bairro":"S\u00c3O JOS\u00c9"}},{"type":"Feature","geometry":{"type":"Point","coordinates":[-41.334223,-21.738186]},"properties":{"nome":"0779","tipo":"ponto","bairro":"S\u00c3O JOS\u00c9"}},{"type":"Feature","geometry":{"type":"Point","coordinates":[-41.333735,-21.737909]},"properties":{"nome":"0789","tipo":"ponto","bairro":"S\u00c3O JOS\u00c9"}},{"type":"Feature","geometry":{"type":"Point","coordinates":[-41.33371,-21.73761]},"properties":{"nome":"0798","tipo":"ponto","bairro":"S\u00c3O JOS\u00c9"}},{"type":"Feature","geometry":{"type":"Point","coordinates":[-41.333699,-21.737463]},"properties":{"nome":"0808","tipo":"ponto","bairro":"S\u00c3O JOS\u00c9"}},{"type":"Feature","geometry":{"type":"Point","coordinates":[-41.331426,-21.739199]},"properties":{"nome":"0828","tipo":"ponto","bairro":"S\u00c3O JOS\u00c9"}},{"type":"Feature","geometry":{"type":"Point","coordinates":[-41.331201,-21.739047]},"properties":{"nome":"0838","tipo":"ponto","bairro":"S\u00c3O JOS\u00c9"}},{"type":"Feature","geometry":{"type":"Point","coordinates":[-41.331023,-21.738853]},"properties":{"nome":"0847","tipo":"ponto","bairro":"S\u00c3O JOS\u00c9"}},{"type":"Feature","geometry":{"type":"Point","coordinates":[-41.330412,-21.738403]},"properties":{"nome":"0866","tipo":"ponto","bairro":"S\u00c3O JOS\u00c9"}},{"type":"Feature","geometry":{"type":"Point","coordinates":[-41.330247,-21.738233]},"properties":{"nome":"0876","tipo":"ponto","bairro":"S\u00c3O JOS\u00c9"}},{"type":"Feature","geometry":{"type":"Point","coordinates":[-41.329928,-21.737918]},"properties":{"nome":"0896","tipo":"ponto","bairro":"S\u00c3O JOS\u00c9"}},{"type":"Feature","geometry":{"type":"Point","coordinates":[-41.329549,-21.737689]},"properties":{"nome":"0906","tipo":"ponto","bairro":"S\u00c3O JOS\u00c9"}},{"type":"Feature","geometry":{"type":"Point","coordinates":[-41.329348,-21.737493]},"properties":{"nome":"0916","tipo":"ponto","bairro":"S\u00c3O JOS\u00c9"}},{"type":"Feature","geometry":{"type":"Point","coordinates":[-41.329084,-21.737275]},"properties":{"nome":"0936","tipo":"ponto","bairro":"S\u00c3O JOS\u00c9"}},{"type":"Feature","geometry":{"type":"Point","coordinates":[-41.328819,-21.737034]},"properties":{"nome":"0946","tipo":"ponto","bairro":"S\u00c3O JOS\u00c9"}},{"type":"Feature","geometry":{"type":"Point","coordinates":[-41.328706,-21.736983]},"properties":{"nome":"0956","tipo":"ponto","bairro":"S\u00c3O JOS\u00c9"}},{"type":"Feature","geometry":{"type":"Point","coordinates":[-41.328384,-21.73666]},"properties":{"nome":"0975","tipo":"ponto","bairro":"S\u00c3O JOS\u00c9"}},{"type":"Feature","geometry":{"type":"Point","coordinates":[-41.32825,-21.736561]},"properties":{"nome":"0985","tipo":"ponto","bairro":"S\u00c3O JOS\u00c9"}},{"type":"Feature","geometry":{"type":"Point","coordinates":[-41.327974,-21.736309]},"properties":{"nome":"0995","tipo":"ponto","bairro":"S\u00c3O JOS\u00c9"}},{"type":"Feature","geometry":{"type":"Point","coordinates":[-41.327703,-21.73606]},"properties":{"nome":"1016","tipo":"ponto","bairro":"S\u00c3O JOS\u00c9"}},{"type":"Feature","geometry":{"type":"Point","coordinates":[-41.327373,-21.735845]},"properties":{"nome":"1026","tipo":"ponto","bairro":"S\u00c3O JOS\u00c9"}},{"type":"Feature","geometry":{"type":"Point","coordinates":[-41.32711,-21.735687]},"properties":{"nome":"1036","tipo":"ponto","bairro":"S\u00c3O JOS\u00c9"}},{"type":"Feature","geometry":{"type":"Point","coordinates":[-41.327017,-21.735561]},"properties":{"nome":"1046","tipo":"ponto","bairro":"S\u00c3O JOS\u00c9"}},{"type":"Feature","geometry":{"type":"Point","coordinates":[-41.326897,-21.735464]},"properties":{"nome":"1055","tipo":"ponto","bairro":"S\u00c3O JOS\u00c9"}},{"type":"Feature","geometry":{"type":"Point","coordinates":[-41.326672,-21.735232]},"properties":{"nome":"1065","tipo":"ponto","bairro":"S\u00c3O JOS\u00c9"}},{"type":"Feature","geometry":{"type":"Point","coordinates":[-41.326473,-21.735013]},"properties":{"nome":"1075","tipo":"ponto","bairro":"S\u00c3O JOS\u00c9"}},{"type":"Feature","geometry":{"type":"Point","coordinates":[-41.326718,-21.734682]},"properties":{"nome":"1105","tipo":"ponto","bairro":"S\u00c3O JOS\u00c9"}},{"type":"Feature","geometry":{"type":"Point","coordinates":[-41.326959,-21.734434]},"properties":{"nome":"1116","tipo":"ponto","bairro":"S\u00c3O JOS\u00c9"}},{"type":"Feature","geometry":{"type":"Point","coordinates":[-41.327294,-21.734958]},"properties":{"nome":"1126","tipo":"ponto","bairro":"S\u00c3O JOS\u00c9"}},{"type":"Feature","geometry":{"type":"Point","coordinates":[-41.327382,-21.73494]},"properties":{"nome":"1135","tipo":"ponto","bairro":"S\u00c3O JOS\u00c9"}},{"type":"Feature","geometry":{"type":"Point","coordinates":[-41.327371,-21.734987]},"properties":{"nome":"1145","tipo":"ponto","bairro":"S\u00c3O JOS\u00c9"}},{"type":"Feature","geometry":{"type":"Point","coordinates":[-41.327494,-21.735131]},"properties":{"nome":"1155","tipo":"ponto","bairro":"S\u00c3O JOS\u00c9"}},{"type":"Feature","geometry":{"type":"Point","coordinates":[-41.327717,-21.735306]},"properties":{"nome":"1165","tipo":"ponto","bairro":"S\u00c3O JOS\u00c9"}},{"type":"Feature","geometry":{"type":"Point","coordinates":[-41.327839,-21.735423]},"properties":{"nome":"1175","tipo":"ponto","bairro":"S\u00c3O JOS\u00c9"}},{"type":"Feature","geometry":{"type":"Point","coordinates":[-41.327051,-21.735217]},"properties":{"nome":"1195","tipo":"ponto","bairro":"S\u00c3O JOS\u00c9"}},{"type":"Feature","geometry":{"type":"Point","coordinates":[-41.326899,-21.735352]},"properties":{"nome":"1205","tipo":"ponto","bairro":"S\u00c3O JOS\u00c9"}},{"type":"Feature","geometry":{"type":"Point","coordinates":[-41.328957,-21.736218]},"properties":{"nome":"1225","tipo":"ponto","bairro":"S\u00c3O JOS\u00c9"}},{"type":"Feature","geometry":{"type":"Point","coordinates":[-41.328877,-21.736303]},"properties":{"nome":"1235","tipo":"ponto","bairro":"S\u00c3O JOS\u00c9"}},{"type":"Feature","geometry":{"type":"Point","coordinates":[-41.32833,-21.736813]},"properties":{"nome":"1265","tipo":"ponto","bairro":"S\u00c3O JOS\u00c9"}},{"type":"Feature","geometry":{"type":"Point","coordinates":[-41.328055,-21.736997]},"properties":{"nome":"1275","tipo":"ponto","bairro":"S\u00c3O JOS\u00c9"}},{"type":"Feature","geometry":{"type":"Point","coordinates":[-41.327862,-21.73721]},"properties":{"nome":"1285","tipo":"ponto","bairro":"S\u00c3O JOS\u00c9"}},{"type":"Feature","geometry":{"type":"Point","coordinates":[-41.329582,-21.73846]},"properties":{"nome":"1295","tipo":"ponto","bairro":"S\u00c3O JOS\u00c9"}},{"type":"Feature","geometry":{"type":"Point","coordinates":[-41.329728,-21.738326]},"properties":{"nome":"1305","tipo":"ponto","bairro":"S\u00c3O JOS\u00c9"}},{"type":"Feature","geometry":{"type":"Point","coordinates":[-41.330055,-21.73799]},"properties":{"nome":"1326","tipo":"ponto","bairro":"S\u00c3O JOS\u00c9"}},{"type":"Feature","geometry":{"type":"Point","coordinates":[-41.330227,-21.737813]},"properties":{"nome":"1335","tipo":"ponto","bairro":"S\u00c3O JOS\u00c9"}},{"type":"Feature","geometry":{"type":"Point","coordinates":[-41.330362,-21.73765]},"properties":{"nome":"1355","tipo":"ponto","bairro":"S\u00c3O JOS\u00c9"}},{"type":"Feature","geometry":{"type":"Point","coordinates":[-41.324122,-21.732313]},"properties":{"nome":"00115","tipo":"ponto","bairro":"S\u00c3O JOS\u00c9"}},{"type":"Feature","geometry":{"type":"Point","coordinates":[-41.323884,-21.731469]},"properties":{"nome":"00315","tipo":"ponto","bairro":"S\u00c3O JOS\u00c9"}},{"type":"Feature","geometry":{"type":"Point","coordinates":[-41.323751,-21.731172]},"properties":{"nome":"00415","tipo":"ponto","bairro":"S\u00c3O JOS\u00c9"}},{"type":"Feature","geometry":{"type":"Point","coordinates":[-41.323448,-21.730534]},"properties":{"nome":"00615","tipo":"ponto","bairro":"S\u00c3O JOS\u00c9"}},{"type":"Feature","geometry":{"type":"Point","coordinates":[-41.323168,-21.72992]},"properties":{"nome":"00815","tipo":"ponto","bairro":"S\u00c3O JOS\u00c9"}},{"type":"Feature","geometry":{"type":"Point","coordinates":[-41.323105,-21.729769]},"properties":{"nome":"00915","tipo":"ponto","bairro":"S\u00c3O JOS\u00c9"}},{"type":"Feature","geometry":{"type":"Point","coordinates":[-41.323049,-21.729468]},"properties":{"nome":"01114","tipo":"ponto","bairro":"S\u00c3O JOS\u00c9"}},{"type":"Feature","geometry":{"type":"Point","coordinates":[-41.322964,-21.729184]},"properties":{"nome":"01214","tipo":"ponto","bairro":"S\u00c3O JOS\u00c9"}},{"type":"Feature","geometry":{"type":"Point","coordinates":[-41.322672,-21.728665]},"properties":{"nome":"01414","tipo":"ponto","bairro":"S\u00c3O JOS\u00c9"}},{"type":"Feature","geometry":{"type":"Point","coordinates":[-41.32265,-21.728496]},"properties":{"nome":"01514","tipo":"ponto","bairro":"S\u00c3O JOS\u00c9"}},{"type":"Feature","geometry":{"type":"Point","coordinates":[-41.322585,-21.728335]},"properties":{"nome":"01614","tipo":"ponto","bairro":"S\u00c3O JOS\u00c9"}},{"type":"Feature","geometry":{"type":"Point","coordinates":[-41.322386,-21.727951]},"properties":{"nome":"01814","tipo":"ponto","bairro":"S\u00c3O JOS\u00c9"}},{"type":"Feature","geometry":{"type":"Point","coordinates":[-41.322377,-21.7276]},"properties":{"nome":"02014","tipo":"ponto","bairro":"S\u00c3O JOS\u00c9"}},{"type":"Feature","geometry":{"type":"Point","coordinates":[-41.322551,-21.727588]},"properties":{"nome":"02114","tipo":"ponto","bairro":"S\u00c3O JOS\u00c9"}},{"type":"Feature","geometry":{"type":"Point","coordinates":[-41.32278,-21.727563]},"properties":{"nome":"02214","tipo":"ponto","bairro":"S\u00c3O JOS\u00c9"}},{"type":"Feature","geometry":{"type":"Point","coordinates":[-41.323189,-21.727601]},"properties":{"nome":"02414","tipo":"ponto","bairro":"S\u00c3O JOS\u00c9"}},{"type":"Feature","geometry":{"type":"Point","coordinates":[-41.322063,-21.727384]},"properties":{"nome":"02514","tipo":"ponto","bairro":"S\u00c3O JOS\u00c9"}},{"type":"Feature","geometry":{"type":"Point","coordinates":[-41.322001,-21.727274]},"properties":{"nome":"02614","tipo":"ponto","bairro":"S\u00c3O JOS\u00c9"}},{"type":"Feature","geometry":{"type":"Point","coordinates":[-41.323608,-21.727011]},"properties":{"nome":"02814","tipo":"ponto","bairro":"S\u00c3O JOS\u00c9"}},{"type":"Feature","geometry":{"type":"Point","coordinates":[-41.323684,-21.726852]},"properties":{"nome":"02914","tipo":"ponto","bairro":"S\u00c3O JOS\u00c9"}},{"type":"Feature","geometry":{"type":"Point","coordinates":[-41.323697,-21.726484]},"properties":{"nome":"03113","tipo":"ponto","bairro":"S\u00c3O JOS\u00c9"}},{"type":"Feature","geometry":{"type":"Point","coordinates":[-41.323671,-21.726146]},"properties":{"nome":"03313","tipo":"ponto","bairro":"S\u00c3O JOS\u00c9"}},{"type":"Feature","geometry":{"type":"Point","coordinates":[-41.323645,-21.725783]},"properties":{"nome":"03413","tipo":"ponto","bairro":"S\u00c3O JOS\u00c9"}},{"type":"Feature","geometry":{"type":"Point","coordinates":[-41.323637,-21.725667]},"properties":{"nome":"03513","tipo":"ponto","bairro":"S\u00c3O JOS\u00c9"}},{"type":"Feature","geometry":{"type":"Point","coordinates":[-41.32359,-21.725436]},"properties":{"nome":"03613","tipo":"ponto","bairro":"S\u00c3O JOS\u00c9"}},{"type":"Feature","geometry":{"type":"Point","coordinates":[-41.323538,-21.725077]},"properties":{"nome":"03813","tipo":"ponto","bairro":"S\u00c3O JOS\u00c9"}},{"type":"Feature","geometry":{"type":"Point","coordinates":[-41.323475,-21.724708]},"properties":{"nome":"03913","tipo":"ponto","bairro":"S\u00c3O JOS\u00c9"}},{"type":"Feature","geometry":{"type":"Point","coordinates":[-41.323466,-21.724447]},"properties":{"nome":"04113","tipo":"ponto","bairro":"S\u00c3O JOS\u00c9"}},{"type":"Feature","geometry":{"type":"Point","coordinates":[-41.323423,-21.72438]},"properties":{"nome":"04212","tipo":"ponto","bairro":"S\u00c3O JOS\u00c9"}},{"type":"Feature","geometry":{"type":"Point","coordinates":[-41.323416,-21.724324]},"properties":{"nome":"04312","tipo":"ponto","bairro":"S\u00c3O JOS\u00c9"}},{"type":"Feature","geometry":{"type":"Point","coordinates":[-41.323408,-21.724007]},"properties":{"nome":"04412","tipo":"ponto","bairro":"S\u00c3O JOS\u00c9"}},{"type":"Feature","geometry":{"type":"Point","coordinates":[-41.323393,-21.723829]},"properties":{"nome":"04512","tipo":"ponto","bairro":"S\u00c3O JOS\u00c9"}},{"type":"Feature","geometry":{"type":"Point","coordinates":[-41.323358,-21.723652]},"properties":{"nome":"04612","tipo":"ponto","bairro":"S\u00c3O JOS\u00c9"}},{"type":"Feature","geometry":{"type":"Point","coordinates":[-41.323308,-21.723306]},"properties":{"nome":"04812","tipo":"ponto","bairro":"S\u00c3O JOS\u00c9"}},{"type":"Feature","geometry":{"type":"Point","coordinates":[-41.323244,-21.7229]},"properties":{"nome":"04912","tipo":"ponto","bairro":"S\u00c3O JOS\u00c9"}},{"type":"Feature","geometry":{"type":"Point","coordinates":[-41.323243,-21.722766]},"properties":{"nome":"05012","tipo":"ponto","bairro":"S\u00c3O JOS\u00c9"}},{"type":"Feature","geometry":{"type":"Point","coordinates":[-41.32319,-21.722587]},"properties":{"nome":"05112","tipo":"ponto","bairro":"S\u00c3O JOS\u00c9"}},{"type":"Feature","geometry":{"type":"Point","coordinates":[-41.323144,-21.722216]},"properties":{"nome":"05212","tipo":"ponto","bairro":"S\u00c3O JOS\u00c9"}},{"type":"Feature","geometry":{"type":"Point","coordinates":[-41.3231,-21.721856]},"properties":{"nome":"05412","tipo":"ponto","bairro":"S\u00c3O JOS\u00c9"}},{"type":"Feature","geometry":{"type":"Point","coordinates":[-41.323011,-21.721143]},"properties":{"nome":"05712","tipo":"ponto","bairro":"S\u00c3O JOS\u00c9"}},{"type":"Feature","geometry":{"type":"Point","coordinates":[-41.32296,-21.720482]},"properties":{"nome":"05912","tipo":"ponto","bairro":"S\u00c3O JOS\u00c9"}},{"type":"Feature","geometry":{"type":"Point","coordinates":[-41.322857,-21.719574]},"properties":{"nome":"06212","tipo":"ponto","bairro":"S\u00c3O JOS\u00c9"}},{"type":"Feature","geometry":{"type":"Point","coordinates":[-41.322801,-21.719358]},"properties":{"nome":"06312","tipo":"ponto","bairro":"S\u00c3O JOS\u00c9"}},{"type":"Feature","geometry":{"type":"Point","coordinates":[-41.322804,-21.718992]},"properties":{"nome":"06411","tipo":"ponto","bairro":"S\u00c3O JOS\u00c9"}},{"type":"Feature","geometry":{"type":"Point","coordinates":[-41.322732,-21.71862]},"properties":{"nome":"06611","tipo":"ponto","bairro":"S\u00c3O JOS\u00c9"}},{"type":"Feature","geometry":{"type":"Point","coordinates":[-41.322755,-21.718464]},"properties":{"nome":"06711","tipo":"ponto","bairro":"S\u00c3O JOS\u00c9"}},{"type":"Feature","geometry":{"type":"Point","coordinates":[-41.32268,-21.718112]},"properties":{"nome":"06911","tipo":"ponto","bairro":"S\u00c3O JOS\u00c9"}},{"type":"Feature","geometry":{"type":"Point","coordinates":[-41.32268,-21.71792]},"properties":{"nome":"07011","tipo":"ponto","bairro":"S\u00c3O JOS\u00c9"}},{"type":"Feature","geometry":{"type":"Point","coordinates":[-41.322642,-21.717765]},"properties":{"nome":"07111","tipo":"ponto","bairro":"S\u00c3O JOS\u00c9"}},{"type":"Feature","geometry":{"type":"Point","coordinates":[-41.322585,-21.717318]},"properties":{"nome":"07311","tipo":"ponto","bairro":"S\u00c3O JOS\u00c9"}},{"type":"Feature","geometry":{"type":"Point","coordinates":[-41.32257,-21.717212]},"properties":{"nome":"07411","tipo":"ponto","bairro":"S\u00c3O JOS\u00c9"}},{"type":"Feature","geometry":{"type":"Point","coordinates":[-41.322549,-21.716957]},"properties":{"nome":"07511","tipo":"ponto","bairro":"S\u00c3O JOS\u00c9"}},{"type":"Feature","geometry":{"type":"Point","coordinates":[-41.322544,-21.716717]},"properties":{"nome":"07610","tipo":"ponto","bairro":"S\u00c3O JOS\u00c9"}},{"type":"Feature","geometry":{"type":"Point","coordinates":[-41.324644,-21.725651]},"properties":{"nome":"07710","tipo":"ponto","bairro":"S\u00c3O JOS\u00c9"}},{"type":"Feature","geometry":{"type":"Point","coordinates":[-41.324995,-21.725758]},"properties":{"nome":"07810","tipo":"ponto","bairro":"S\u00c3O JOS\u00c9"}},{"type":"Feature","geometry":{"type":"Point","coordinates":[-41.325387,-21.725804]},"properties":{"nome":"0809","tipo":"ponto","bairro":"S\u00c3O JOS\u00c9"}},{"type":"Feature","geometry":{"type":"Point","coordinates":[-41.32554,-21.725894]},"properties":{"nome":"0819","tipo":"ponto","bairro":"S\u00c3O JOS\u00c9"}},{"type":"Feature","geometry":{"type":"Point","coordinates":[-41.325914,-21.725973]},"properties":{"nome":"0839","tipo":"ponto","bairro":"S\u00c3O JOS\u00c9"}},{"type":"Feature","geometry":{"type":"Point","coordinates":[-41.32602,-21.726002]},"properties":{"nome":"0848","tipo":"ponto","bairro":"S\u00c3O JOS\u00c9"}},{"type":"Feature","geometry":{"type":"Point","coordinates":[-41.326371,-21.726112]},"properties":{"nome":"0858","tipo":"ponto","bairro":"S\u00c3O JOS\u00c9"}},{"type":"Feature","geometry":{"type":"Point","coordinates":[-41.326744,-21.726215]},"properties":{"nome":"0877","tipo":"ponto","bairro":"S\u00c3O JOS\u00c9"}},{"type":"Feature","geometry":{"type":"Point","coordinates":[-41.327036,-21.726294]},"properties":{"nome":"0887","tipo":"ponto","bairro":"S\u00c3O JOS\u00c9"}},{"type":"Feature","geometry":{"type":"Point","coordinates":[-41.326393,-21.726501]},"properties":{"nome":"0907","tipo":"ponto","bairro":"S\u00c3O JOS\u00c9"}},{"type":"Feature","geometry":{"type":"Point","coordinates":[-41.324456,-21.726272]},"properties":{"nome":"0917","tipo":"ponto","bairro":"S\u00c3O JOS\u00c9"}},{"type":"Feature","geometry":{"type":"Point","coordinates":[-41.324825,-21.726354]},"properties":{"nome":"0927","tipo":"ponto","bairro":"S\u00c3O JOS\u00c9"}},{"type":"Feature","geometry":{"type":"Point","coordinates":[-41.325145,-21.726453]},"properties":{"nome":"0937","tipo":"ponto","bairro":"S\u00c3O JOS\u00c9"}},{"type":"Feature","geometry":{"type":"Point","coordinates":[-41.325545,-21.72655]},"properties":{"nome":"0947","tipo":"ponto","bairro":"S\u00c3O JOS\u00c9"}},{"type":"Feature","geometry":{"type":"Point","coordinates":[-41.325734,-21.726618]},"properties":{"nome":"0957","tipo":"ponto","bairro":"S\u00c3O JOS\u00c9"}},{"type":"Feature","geometry":{"type":"Point","coordinates":[-41.324313,-21.727024]},"properties":{"nome":"0967","tipo":"ponto","bairro":"S\u00c3O JOS\u00c9"}},{"type":"Feature","geometry":{"type":"Point","coordinates":[-41.324355,-21.726966]},"properties":{"nome":"0976","tipo":"ponto","bairro":"S\u00c3O JOS\u00c9"}},{"type":"Feature","geometry":{"type":"Point","coordinates":[-41.324633,-21.726939]},"properties":{"nome":"0986","tipo":"ponto","bairro":"S\u00c3O JOS\u00c9"}},{"type":"Feature","geometry":{"type":"Point","coordinates":[-41.3249,-21.726941]},"properties":{"nome":"0996","tipo":"ponto","bairro":"S\u00c3O JOS\u00c9"}},{"type":"Feature","geometry":{"type":"Point","coordinates":[-41.325214,-21.726888]},"properties":{"nome":"1006","tipo":"ponto","bairro":"S\u00c3O JOS\u00c9"}},{"type":"Feature","geometry":{"type":"Point","coordinates":[-41.325625,-21.726838]},"properties":{"nome":"1017","tipo":"ponto","bairro":"S\u00c3O JOS\u00c9"}},{"type":"Feature","geometry":{"type":"Point","coordinates":[-41.326006,-21.726779]},"properties":{"nome":"1037","tipo":"ponto","bairro":"S\u00c3O JOS\u00c9"}},{"type":"Feature","geometry":{"type":"Point","coordinates":[-41.32628,-21.726747]},"properties":{"nome":"1047","tipo":"ponto","bairro":"S\u00c3O JOS\u00c9"}},{"type":"Feature","geometry":{"type":"Point","coordinates":[-41.326356,-21.72673]},"properties":{"nome":"1056","tipo":"ponto","bairro":"S\u00c3O JOS\u00c9"}},{"type":"Feature","geometry":{"type":"Point","coordinates":[-41.326482,-21.726718]},"properties":{"nome":"1066","tipo":"ponto","bairro":"S\u00c3O JOS\u00c9"}},{"type":"Feature","geometry":{"type":"Point","coordinates":[-41.326698,-21.726759]},"properties":{"nome":"1076","tipo":"ponto","bairro":"S\u00c3O JOS\u00c9"}},{"type":"Feature","geometry":{"type":"Point","coordinates":[-41.327138,-21.726629]},"properties":{"nome":"1086","tipo":"ponto","bairro":"S\u00c3O JOS\u00c9"}},{"type":"Feature","geometry":{"type":"Point","coordinates":[-41.327333,-21.726594]},"properties":{"nome":"1096","tipo":"ponto","bairro":"S\u00c3O JOS\u00c9"}},{"type":"Feature","geometry":{"type":"Point","coordinates":[-41.327528,-21.726622]},"properties":{"nome":"1106","tipo":"ponto","bairro":"S\u00c3O JOS\u00c9"}},{"type":"Feature","geometry":{"type":"Point","coordinates":[-41.327688,-21.726662]},"properties":{"nome":"1117","tipo":"ponto","bairro":"S\u00c3O JOS\u00c9"}},{"type":"Feature","geometry":{"type":"Point","coordinates":[-41.327944,-21.726745]},"properties":{"nome":"1127","tipo":"ponto","bairro":"S\u00c3O JOS\u00c9"}},{"type":"Feature","geometry":{"type":"Point","coordinates":[-41.328579,-21.726968]},"properties":{"nome":"1146","tipo":"ponto","bairro":"S\u00c3O JOS\u00c9"}},{"type":"Feature","geometry":{"type":"Point","coordinates":[-41.328121,-21.727297]},"properties":{"nome":"1156","tipo":"ponto","bairro":"S\u00c3O JOS\u00c9"}},{"type":"Feature","geometry":{"type":"Point","coordinates":[-41.327852,-21.727409]},"properties":{"nome":"1166","tipo":"ponto","bairro":"S\u00c3O JOS\u00c9"}},{"type":"Feature","geometry":{"type":"Point","coordinates":[-41.327724,-21.727482]},"properties":{"nome":"1176","tipo":"ponto","bairro":"S\u00c3O JOS\u00c9"}},{"type":"Feature","geometry":{"type":"Point","coordinates":[-41.327679,-21.727455]},"properties":{"nome":"1186","tipo":"ponto","bairro":"S\u00c3O JOS\u00c9"}},{"type":"Feature","geometry":{"type":"Point","coordinates":[-41.327443,-21.727546]},"properties":{"nome":"1196","tipo":"ponto","bairro":"S\u00c3O JOS\u00c9"}},{"type":"Feature","geometry":{"type":"Point","coordinates":[-41.326987,-21.727714]},"properties":{"nome":"1217","tipo":"ponto","bairro":"S\u00c3O JOS\u00c9"}},{"type":"Feature","geometry":{"type":"Point","coordinates":[-41.32682,-21.727741]},"properties":{"nome":"1226","tipo":"ponto","bairro":"S\u00c3O JOS\u00c9"}},{"type":"Feature","geometry":{"type":"Point","coordinates":[-41.326656,-21.727818]},"properties":{"nome":"1236","tipo":"ponto","bairro":"S\u00c3O JOS\u00c9"}},{"type":"Feature","geometry":{"type":"Point","coordinates":[-41.326563,-21.72788]},"properties":{"nome":"1246","tipo":"ponto","bairro":"S\u00c3O JOS\u00c9"}},{"type":"Feature","geometry":{"type":"Point","coordinates":[-41.326301,-21.727979]},"properties":{"nome":"1266","tipo":"ponto","bairro":"S\u00c3O JOS\u00c9"}},{"type":"Feature","geometry":{"type":"Point","coordinates":[-41.326031,-21.728104]},"properties":{"nome":"1276","tipo":"ponto","bairro":"S\u00c3O JOS\u00c9"}},{"type":"Feature","geometry":{"type":"Point","coordinates":[-41.325816,-21.728187]},"properties":{"nome":"1286","tipo":"ponto","bairro":"S\u00c3O JOS\u00c9"}},{"type":"Feature","geometry":{"type":"Point","coordinates":[-41.325796,-21.728193]},"properties":{"nome":"1296","tipo":"ponto","bairro":"S\u00c3O JOS\u00c9"}},{"type":"Feature","geometry":{"type":"Point","coordinates":[-41.325151,-21.727807]},"properties":{"nome":"1306","tipo":"ponto","bairro":"S\u00c3O JOS\u00c9"}},{"type":"Feature","geometry":{"type":"Point","coordinates":[-41.32557,-21.727661]},"properties":{"nome":"1317","tipo":"ponto","bairro":"S\u00c3O JOS\u00c9"}},{"type":"Feature","geometry":{"type":"Point","coordinates":[-41.325925,-21.727486]},"properties":{"nome":"1327","tipo":"ponto","bairro":"S\u00c3O JOS\u00c9"}},{"type":"Feature","geometry":{"type":"Point","coordinates":[-41.326007,-21.727443]},"properties":{"nome":"1336","tipo":"ponto","bairro":"S\u00c3O JOS\u00c9"}},{"type":"Feature","geometry":{"type":"Point","coordinates":[-41.326186,-21.727416]},"properties":{"nome":"1346","tipo":"ponto","bairro":"S\u00c3O JOS\u00c9"}},{"type":"Feature","geometry":{"type":"Point","coordinates":[-41.326448,-21.727302]},"properties":{"nome":"1366","tipo":"ponto","bairro":"S\u00c3O JOS\u00c9"}},{"type":"Feature","geometry":{"type":"Point","coordinates":[-41.326733,-21.727194]},"properties":{"nome":"1375","tipo":"ponto","bairro":"S\u00c3O JOS\u00c9"}},{"type":"Feature","geometry":{"type":"Point","coordinates":[-41.326885,-21.727173]},"properties":{"nome":"1385","tipo":"ponto","bairro":"S\u00c3O JOS\u00c9"}},{"type":"Feature","geometry":{"type":"Point","coordinates":[-41.326935,-21.727155]},"properties":{"nome":"1395","tipo":"ponto","bairro":"S\u00c3O JOS\u00c9"}},{"type":"Feature","geometry":{"type":"Point","coordinates":[-41.324073,-21.727289]},"properties":{"nome":"1405","tipo":"ponto","bairro":"S\u00c3O JOS\u00c9"}},{"type":"Feature","geometry":{"type":"Point","coordinates":[-41.324082,-21.727281]},"properties":{"nome":"1415","tipo":"ponto","bairro":"S\u00c3O JOS\u00c9"}},{"type":"Feature","geometry":{"type":"Point","coordinates":[-41.324077,-21.727279]},"properties":{"nome":"1425","tipo":"ponto","bairro":"S\u00c3O JOS\u00c9"}},{"type":"Feature","geometry":{"type":"Point","coordinates":[-41.324125,-21.727115]},"properties":{"nome":"1435","tipo":"ponto","bairro":"S\u00c3O JOS\u00c9"}},{"type":"Feature","geometry":{"type":"Point","coordinates":[-41.324293,-21.726529]},"properties":{"nome":"1465","tipo":"ponto","bairro":"S\u00c3O JOS\u00c9"}},{"type":"Feature","geometry":{"type":"Point","coordinates":[-41.324405,-21.726198]},"properties":{"nome":"1475","tipo":"ponto","bairro":"S\u00c3O JOS\u00c9"}},{"type":"Feature","geometry":{"type":"Point","coordinates":[-41.324406,-21.726187]},"properties":{"nome":"1485","tipo":"ponto","bairro":"S\u00c3O JOS\u00c9"}},{"type":"Feature","geometry":{"type":"Point","coordinates":[-41.324524,-21.726061]},"properties":{"nome":"1495","tipo":"ponto","bairro":"S\u00c3O JOS\u00c9"}},{"type":"Feature","geometry":{"type":"Point","coordinates":[-41.324546,-21.725849]},"properties":{"nome":"1505","tipo":"ponto","bairro":"S\u00c3O JOS\u00c9"}},{"type":"Feature","geometry":{"type":"Point","coordinates":[-41.324544,-21.725783]},"properties":{"nome":"1516","tipo":"ponto","bairro":"S\u00c3O JOS\u00c9"}},{"type":"Feature","geometry":{"type":"Point","coordinates":[-41.324659,-21.725234]},"properties":{"nome":"1535","tipo":"ponto","bairro":"S\u00c3O JOS\u00c9"}},{"type":"Feature","geometry":{"type":"Point","coordinates":[-41.324687,-21.725223]},"properties":{"nome":"1546","tipo":"ponto","bairro":"S\u00c3O JOS\u00c9"}},{"type":"Feature","geometry":{"type":"Point","coordinates":[-41.324837,-21.724951]},"properties":{"nome":"1575","tipo":"ponto","bairro":"S\u00c3O JOS\u00c9"}},{"type":"Feature","geometry":{"type":"Point","coordinates":[-41.324933,-21.724593]},"properties":{"nome":"1595","tipo":"ponto","bairro":"S\u00c3O JOS\u00c9"}},{"type":"Feature","geometry":{"type":"Point","coordinates":[-41.325003,-21.724244]},"properties":{"nome":"1625","tipo":"ponto","bairro":"S\u00c3O JOS\u00c9"}},{"type":"Feature","geometry":{"type":"Point","coordinates":[-41.325206,-21.723708]},"properties":{"nome":"1655","tipo":"ponto","bairro":"S\u00c3O JOS\u00c9"}},{"type":"Feature","geometry":{"type":"Point","coordinates":[-41.32522,-21.723583]},"properties":{"nome":"1665","tipo":"ponto","bairro":"S\u00c3O JOS\u00c9"}},{"type":"Feature","geometry":{"type":"Point","coordinates":[-41.32522,-21.723561]},"properties":{"nome":"1675","tipo":"ponto","bairro":"S\u00c3O JOS\u00c9"}},{"type":"Feature","geometry":{"type":"Point","coordinates":[-41.325415,-21.722891]},"properties":{"nome":"1705","tipo":"ponto","bairro":"S\u00c3O JOS\u00c9"}},{"type":"Feature","geometry":{"type":"Point","coordinates":[-41.325439,-21.722841]},"properties":{"nome":"1715","tipo":"ponto","bairro":"S\u00c3O JOS\u00c9"}},{"type":"Feature","geometry":{"type":"Point","coordinates":[-41.325181,-21.722829]},"properties":{"nome":"1726","tipo":"ponto","bairro":"S\u00c3O JOS\u00c9"}},{"type":"Feature","geometry":{"type":"Point","coordinates":[-41.325135,-21.722796]},"properties":{"nome":"1735","tipo":"ponto","bairro":"S\u00c3O JOS\u00c9"}},{"type":"Feature","geometry":{"type":"Point","coordinates":[-41.324891,-21.722745]},"properties":{"nome":"1745","tipo":"ponto","bairro":"S\u00c3O JOS\u00c9"}},{"type":"Feature","geometry":{"type":"Point","coordinates":[-41.324781,-21.72269]},"properties":{"nome":"1755","tipo":"ponto","bairro":"S\u00c3O JOS\u00c9"}},{"type":"Feature","geometry":{"type":"Point","coordinates":[-41.325094,-21.722997]},"properties":{"nome":"1766","tipo":"ponto","bairro":"S\u00c3O JOS\u00c9"}},{"type":"Feature","geometry":{"type":"Point","coordinates":[-41.324971,-21.723254]},"properties":{"nome":"1775","tipo":"ponto","bairro":"S\u00c3O JOS\u00c9"}},{"type":"Feature","geometry":{"type":"Point","coordinates":[-41.325566,-21.722425]},"properties":{"nome":"1795","tipo":"ponto","bairro":"S\u00c3O JOS\u00c9"}},{"type":"Feature","geometry":{"type":"Point","coordinates":[-41.325614,-21.722313]},"properties":{"nome":"1805","tipo":"ponto","bairro":"S\u00c3O JOS\u00c9"}},{"type":"Feature","geometry":{"type":"Point","coordinates":[-41.325759,-21.721818]},"properties":{"nome":"1835","tipo":"ponto","bairro":"S\u00c3O JOS\u00c9"}},{"type":"Feature","geometry":{"type":"Point","coordinates":[-41.325826,-21.721548]},"properties":{"nome":"1846","tipo":"ponto","bairro":"S\u00c3O JOS\u00c9"}},{"type":"Feature","geometry":{"type":"Point","coordinates":[-41.325946,-21.721183]},"properties":{"nome":"1865","tipo":"ponto","bairro":"S\u00c3O JOS\u00c9"}},{"type":"Feature","geometry":{"type":"Point","coordinates":[-41.325988,-21.721032]},"properties":{"nome":"1875","tipo":"ponto","bairro":"S\u00c3O JOS\u00c9"}},{"type":"Feature","geometry":{"type":"Point","coordinates":[-41.326042,-21.72092]},"properties":{"nome":"1885","tipo":"ponto","bairro":"S\u00c3O JOS\u00c9"}},{"type":"Feature","geometry":{"type":"Point","coordinates":[-41.325694,-21.720473]},"properties":{"nome":"1906","tipo":"ponto","bairro":"S\u00c3O JOS\u00c9"}},{"type":"Feature","geometry":{"type":"Point","coordinates":[-41.325585,-21.720788]},"properties":{"nome":"1916","tipo":"ponto","bairro":"S\u00c3O JOS\u00c9"}},{"type":"Feature","geometry":{"type":"Point","coordinates":[-41.325565,-21.720917]},"properties":{"nome":"1925","tipo":"ponto","bairro":"S\u00c3O JOS\u00c9"}},{"type":"Feature","geometry":{"type":"Point","coordinates":[-41.325477,-21.721255]},"properties":{"nome":"1945","tipo":"ponto","bairro":"S\u00c3O JOS\u00c9"}},{"type":"Feature","geometry":{"type":"Point","coordinates":[-41.325436,-21.721391]},"properties":{"nome":"1955","tipo":"ponto","bairro":"S\u00c3O JOS\u00c9"}},{"type":"Feature","geometry":{"type":"Point","coordinates":[-41.32535,-21.721572]},"properties":{"nome":"1966","tipo":"ponto","bairro":"S\u00c3O JOS\u00c9"}},{"type":"Feature","geometry":{"type":"Point","coordinates":[-41.325255,-21.72192]},"properties":{"nome":"1985","tipo":"ponto","bairro":"S\u00c3O JOS\u00c9"}},{"type":"Feature","geometry":{"type":"Point","coordinates":[-41.325234,-21.721998]},"properties":{"nome":"1995","tipo":"ponto","bairro":"S\u00c3O JOS\u00c9"}},{"type":"Feature","geometry":{"type":"Point","coordinates":[-41.325161,-21.722228]},"properties":{"nome":"2005","tipo":"ponto","bairro":"S\u00c3O JOS\u00c9"}},{"type":"Feature","geometry":{"type":"Point","coordinates":[-41.324716,-21.722198]},"properties":{"nome":"2026","tipo":"ponto","bairro":"S\u00c3O JOS\u00c9"}},{"type":"Feature","geometry":{"type":"Point","coordinates":[-41.324819,-21.721826]},"properties":{"nome":"2035","tipo":"ponto","bairro":"S\u00c3O JOS\u00c9"}},{"type":"Feature","geometry":{"type":"Point","coordinates":[-41.324848,-21.721741]},"properties":{"nome":"2045","tipo":"ponto","bairro":"S\u00c3O JOS\u00c9"}},{"type":"Feature","geometry":{"type":"Point","coordinates":[-41.324987,-21.721408]},"properties":{"nome":"2065","tipo":"ponto","bairro":"S\u00c3O JOS\u00c9"}},{"type":"Feature","geometry":{"type":"Point","coordinates":[-41.32502,-21.72127]},"properties":{"nome":"2074","tipo":"ponto","bairro":"S\u00c3O JOS\u00c9"}},{"type":"Feature","geometry":{"type":"Point","coordinates":[-41.32507,-21.721106]},"properties":{"nome":"2084","tipo":"ponto","bairro":"S\u00c3O JOS\u00c9"}},{"type":"Feature","geometry":{"type":"Point","coordinates":[-41.325187,-21.720776]},"properties":{"nome":"2106","tipo":"ponto","bairro":"S\u00c3O JOS\u00c9"}},{"type":"Feature","geometry":{"type":"Point","coordinates":[-41.325241,-21.720664]},"properties":{"nome":"2114","tipo":"ponto","bairro":"S\u00c3O JOS\u00c9"}},{"type":"Feature","geometry":{"type":"Point","coordinates":[-41.325306,-21.720311]},"properties":{"nome":"2124","tipo":"ponto","bairro":"S\u00c3O JOS\u00c9"}},{"type":"Feature","geometry":{"type":"Point","coordinates":[-41.324918,-21.72029]},"properties":{"nome":"2134","tipo":"ponto","bairro":"S\u00c3O JOS\u00c9"}},{"type":"Feature","geometry":{"type":"Point","coordinates":[-41.324814,-21.720572]},"properties":{"nome":"2145","tipo":"ponto","bairro":"S\u00c3O JOS\u00c9"}},{"type":"Feature","geometry":{"type":"Point","coordinates":[-41.324547,-21.720386]},"properties":{"nome":"2154","tipo":"ponto","bairro":"S\u00c3O JOS\u00c9"}},{"type":"Feature","geometry":{"type":"Point","coordinates":[-41.324543,-21.72069]},"properties":{"nome":"2164","tipo":"ponto","bairro":"S\u00c3O JOS\u00c9"}},{"type":"Feature","geometry":{"type":"Point","coordinates":[-41.324595,-21.72095]},"properties":{"nome":"2174","tipo":"ponto","bairro":"S\u00c3O JOS\u00c9"}},{"type":"Feature","geometry":{"type":"Point","coordinates":[-41.324602,-21.721253]},"properties":{"nome":"2184","tipo":"ponto","bairro":"S\u00c3O JOS\u00c9"}},{"type":"Feature","geometry":{"type":"Point","coordinates":[-41.324603,-21.721309]},"properties":{"nome":"2194","tipo":"ponto","bairro":"S\u00c3O JOS\u00c9"}},{"type":"Feature","geometry":{"type":"Point","coordinates":[-41.324617,-21.721948]},"properties":{"nome":"2223","tipo":"ponto","bairro":"S\u00c3O JOS\u00c9"}},{"type":"Feature","geometry":{"type":"Point","coordinates":[-41.324602,-21.72235]},"properties":{"nome":"2243","tipo":"ponto","bairro":"S\u00c3O JOS\u00c9"}},{"type":"Feature","geometry":{"type":"Point","coordinates":[-41.324621,-21.722393]},"properties":{"nome":"2253","tipo":"ponto","bairro":"S\u00c3O JOS\u00c9"}},{"type":"Feature","geometry":{"type":"Point","coordinates":[-41.324619,-21.722673]},"properties":{"nome":"2263","tipo":"ponto","bairro":"S\u00c3O JOS\u00c9"}},{"type":"Feature","geometry":{"type":"Point","coordinates":[-41.324603,-21.722682]},"properties":{"nome":"2273","tipo":"ponto","bairro":"S\u00c3O JOS\u00c9"}},{"type":"Feature","geometry":{"type":"Point","coordinates":[-41.324609,-21.722963]},"properties":{"nome":"2283","tipo":"ponto","bairro":"S\u00c3O JOS\u00c9"}},{"type":"Feature","geometry":{"type":"Point","coordinates":[-41.324603,-21.723199]},"properties":{"nome":"2293","tipo":"ponto","bairro":"S\u00c3O JOS\u00c9"}},{"type":"Feature","geometry":{"type":"Point","coordinates":[-41.324596,-21.723694]},"properties":{"nome":"2323","tipo":"ponto","bairro":"S\u00c3O JOS\u00c9"}},{"type":"Feature","geometry":{"type":"Point","coordinates":[-41.324584,-21.723767]},"properties":{"nome":"2333","tipo":"ponto","bairro":"S\u00c3O JOS\u00c9"}},{"type":"Feature","geometry":{"type":"Point","coordinates":[-41.324602,-21.723974]},"properties":{"nome":"2343","tipo":"ponto","bairro":"S\u00c3O JOS\u00c9"}},{"type":"Feature","geometry":{"type":"Point","coordinates":[-41.324638,-21.724027]},"properties":{"nome":"2353","tipo":"ponto","bairro":"S\u00c3O JOS\u00c9"}},{"type":"Feature","geometry":{"type":"Point","coordinates":[-41.324518,-21.724511]},"properties":{"nome":"2363","tipo":"ponto","bairro":"S\u00c3O JOS\u00c9"}},{"type":"Feature","geometry":{"type":"Point","coordinates":[-41.324557,-21.724834]},"properties":{"nome":"2383","tipo":"ponto","bairro":"S\u00c3O JOS\u00c9"}},{"type":"Feature","geometry":{"type":"Point","coordinates":[-41.324563,-21.725124]},"properties":{"nome":"2393","tipo":"ponto","bairro":"S\u00c3O JOS\u00c9"}},{"type":"Feature","geometry":{"type":"Point","coordinates":[-41.324539,-21.725144]},"properties":{"nome":"2403","tipo":"ponto","bairro":"S\u00c3O JOS\u00c9"}},{"type":"Feature","geometry":{"type":"Point","coordinates":[-41.324533,-21.725422]},"properties":{"nome":"2413","tipo":"ponto","bairro":"S\u00c3O JOS\u00c9"}},{"type":"Feature","geometry":{"type":"Point","coordinates":[-41.324548,-21.72547]},"properties":{"nome":"2423","tipo":"ponto","bairro":"S\u00c3O JOS\u00c9"}},{"type":"Feature","geometry":{"type":"Point","coordinates":[-41.32456,-21.725515]},"properties":{"nome":"2433","tipo":"ponto","bairro":"S\u00c3O JOS\u00c9"}},{"type":"Feature","geometry":{"type":"Point","coordinates":[-41.32578,-21.725891]},"properties":{"nome":"2443","tipo":"ponto","bairro":"S\u00c3O JOS\u00c9"}},{"type":"Feature","geometry":{"type":"Point","coordinates":[-41.325869,-21.725544]},"properties":{"nome":"2453","tipo":"ponto","bairro":"S\u00c3O JOS\u00c9"}},{"type":"Feature","geometry":{"type":"Point","coordinates":[-41.325991,-21.72526]},"properties":{"nome":"2473","tipo":"ponto","bairro":"S\u00c3O JOS\u00c9"}},{"type":"Feature","geometry":{"type":"Point","coordinates":[-41.326167,-21.724617]},"properties":{"nome":"2503","tipo":"ponto","bairro":"S\u00c3O JOS\u00c9"}},{"type":"Feature","geometry":{"type":"Point","coordinates":[-41.326225,-21.724419]},"properties":{"nome":"2513","tipo":"ponto","bairro":"S\u00c3O JOS\u00c9"}},{"type":"Feature","geometry":{"type":"Point","coordinates":[-41.3263,-21.724166]},"properties":{"nome":"2523","tipo":"ponto","bairro":"S\u00c3O JOS\u00c9"}},{"type":"Feature","geometry":{"type":"Point","coordinates":[-41.326366,-21.723971]},"properties":{"nome":"2543","tipo":"ponto","bairro":"S\u00c3O JOS\u00c9"}},{"type":"Feature","geometry":{"type":"Point","coordinates":[-41.32639,-21.7239]},"properties":{"nome":"2553","tipo":"ponto","bairro":"S\u00c3O JOS\u00c9"}},{"type":"Feature","geometry":{"type":"Point","coordinates":[-41.326413,-21.723838]},"properties":{"nome":"2564","tipo":"ponto","bairro":"S\u00c3O JOS\u00c9"}},{"type":"Feature","geometry":{"type":"Point","coordinates":[-41.326569,-21.72335]},"properties":{"nome":"2584","tipo":"ponto","bairro":"S\u00c3O JOS\u00c9"}},{"type":"Feature","geometry":{"type":"Point","coordinates":[-41.326596,-21.723179]},"properties":{"nome":"2593","tipo":"ponto","bairro":"S\u00c3O JOS\u00c9"}},{"type":"Feature","geometry":{"type":"Point","coordinates":[-41.326703,-21.722885]},"properties":{"nome":"2603","tipo":"ponto","bairro":"S\u00c3O JOS\u00c9"}},{"type":"Feature","geometry":{"type":"Point","coordinates":[-41.326794,-21.722573]},"properties":{"nome":"2633","tipo":"ponto","bairro":"S\u00c3O JOS\u00c9"}},{"type":"Feature","geometry":{"type":"Point","coordinates":[-41.326877,-21.722299]},"properties":{"nome":"2644","tipo":"ponto","bairro":"S\u00c3O JOS\u00c9"}},{"type":"Feature","geometry":{"type":"Point","coordinates":[-41.326448,-21.722375]},"properties":{"nome":"2652","tipo":"ponto","bairro":"S\u00c3O JOS\u00c9"}},{"type":"Feature","geometry":{"type":"Point","coordinates":[-41.326423,-21.722474]},"properties":{"nome":"2662","tipo":"ponto","bairro":"S\u00c3O JOS\u00c9"}},{"type":"Feature","geometry":{"type":"Point","coordinates":[-41.326392,-21.722617]},"properties":{"nome":"2672","tipo":"ponto","bairro":"S\u00c3O JOS\u00c9"}},{"type":"Feature","geometry":{"type":"Point","coordinates":[-41.326324,-21.722781]},"properties":{"nome":"2682","tipo":"ponto","bairro":"S\u00c3O JOS\u00c9"}},{"type":"Feature","geometry":{"type":"Point","coordinates":[-41.326244,-21.722992]},"properties":{"nome":"2692","tipo":"ponto","bairro":"S\u00c3O JOS\u00c9"}},{"type":"Feature","geometry":{"type":"Point","coordinates":[-41.326213,-21.723162]},"properties":{"nome":"2702","tipo":"ponto","bairro":"S\u00c3O JOS\u00c9"}},{"type":"Feature","geometry":{"type":"Point","coordinates":[-41.326099,-21.723504]},"properties":{"nome":"2712","tipo":"ponto","bairro":"S\u00c3O JOS\u00c9"}},{"type":"Feature","geometry":{"type":"Point","coordinates":[-41.326036,-21.723774]},"properties":{"nome":"2722","tipo":"ponto","bairro":"S\u00c3O JOS\u00c9"}},{"type":"Feature","geometry":{"type":"Point","coordinates":[-41.325634,-21.723692]},"properties":{"nome":"2732","tipo":"ponto","bairro":"S\u00c3O JOS\u00c9"}},{"type":"Feature","geometry":{"type":"Point","coordinates":[-41.325694,-21.723437]},"properties":{"nome":"2742","tipo":"ponto","bairro":"S\u00c3O JOS\u00c9"}},{"type":"Feature","geometry":{"type":"Point","coordinates":[-41.325699,-21.723433]},"properties":{"nome":"2752","tipo":"ponto","bairro":"S\u00c3O JOS\u00c9"}},{"type":"Feature","geometry":{"type":"Point","coordinates":[-41.325856,-21.722867]},"properties":{"nome":"2772","tipo":"ponto","bairro":"S\u00c3O JOS\u00c9"}},{"type":"Feature","geometry":{"type":"Point","coordinates":[-41.325943,-21.722733]},"properties":{"nome":"2782","tipo":"ponto","bairro":"S\u00c3O JOS\u00c9"}},{"type":"Feature","geometry":{"type":"Point","coordinates":[-41.326041,-21.722339]},"properties":{"nome":"2803","tipo":"ponto","bairro":"S\u00c3O JOS\u00c9"}},{"type":"Feature","geometry":{"type":"Point","coordinates":[-41.326078,-21.722259]},"properties":{"nome":"2812","tipo":"ponto","bairro":"S\u00c3O JOS\u00c9"}},{"type":"Feature","geometry":{"type":"Point","coordinates":[-41.327314,-21.723524]},"properties":{"nome":"2821","tipo":"ponto","bairro":"S\u00c3O JOS\u00c9"}},{"type":"Feature","geometry":{"type":"Point","coordinates":[-41.327339,-21.723488]},"properties":{"nome":"2831","tipo":"ponto","bairro":"S\u00c3O JOS\u00c9"}},{"type":"Feature","geometry":{"type":"Point","coordinates":[-41.327395,-21.723151]},"properties":{"nome":"2841","tipo":"ponto","bairro":"S\u00c3O JOS\u00c9"}},{"type":"Feature","geometry":{"type":"Point","coordinates":[-41.327532,-21.722824]},"properties":{"nome":"2861","tipo":"ponto","bairro":"S\u00c3O JOS\u00c9"}},{"type":"Feature","geometry":{"type":"Point","coordinates":[-41.327626,-21.72246]},"properties":{"nome":"2871","tipo":"ponto","bairro":"S\u00c3O JOS\u00c9"}},{"type":"Feature","geometry":{"type":"Point","coordinates":[-41.327521,-21.72228]},"properties":{"nome":"2881","tipo":"ponto","bairro":"S\u00c3O JOS\u00c9"}},{"type":"Feature","geometry":{"type":"Point","coordinates":[-41.32751,-21.722063]},"properties":{"nome":"2893","tipo":"ponto","bairro":"S\u00c3O JOS\u00c9"}},{"type":"Feature","geometry":{"type":"Point","coordinates":[-41.327502,-21.72168]},"properties":{"nome":"2911","tipo":"ponto","bairro":"S\u00c3O JOS\u00c9"}},{"type":"Feature","geometry":{"type":"Point","coordinates":[-41.327525,-21.721334]},"properties":{"nome":"2921","tipo":"ponto","bairro":"S\u00c3O JOS\u00c9"}},{"type":"Feature","geometry":{"type":"Point","coordinates":[-41.327553,-21.721075]},"properties":{"nome":"2931","tipo":"ponto","bairro":"S\u00c3O JOS\u00c9"}},{"type":"Feature","geometry":{"type":"Point","coordinates":[-41.327555,-21.721003]},"properties":{"nome":"2941","tipo":"ponto","bairro":"S\u00c3O JOS\u00c9"}},{"type":"Feature","geometry":{"type":"Point","coordinates":[-41.327248,-21.720812]},"properties":{"nome":"2951","tipo":"ponto","bairro":"S\u00c3O JOS\u00c9"}},{"type":"Feature","geometry":{"type":"Point","coordinates":[-41.326885,-21.720768]},"properties":{"nome":"2961","tipo":"ponto","bairro":"S\u00c3O JOS\u00c9"}},{"type":"Feature","geometry":{"type":"Point","coordinates":[-41.326767,-21.720709]},"properties":{"nome":"2971","tipo":"ponto","bairro":"S\u00c3O JOS\u00c9"}},{"type":"Feature","geometry":{"type":"Point","coordinates":[-41.326131,-21.720583]},"properties":{"nome":"2991","tipo":"ponto","bairro":"S\u00c3O JOS\u00c9"}},{"type":"Feature","geometry":{"type":"Point","coordinates":[-41.3258,-21.720477]},"properties":{"nome":"3001","tipo":"ponto","bairro":"S\u00c3O JOS\u00c9"}},{"type":"Feature","geometry":{"type":"Point","coordinates":[-41.32518,-21.720313]},"properties":{"nome":"3021","tipo":"ponto","bairro":"S\u00c3O JOS\u00c9"}},{"type":"Feature","geometry":{"type":"Point","coordinates":[-41.324887,-21.720223]},"properties":{"nome":"3031","tipo":"ponto","bairro":"S\u00c3O JOS\u00c9"}},{"type":"Feature","geometry":{"type":"Point","coordinates":[-41.324611,-21.720135]},"properties":{"nome":"3041","tipo":"ponto","bairro":"S\u00c3O JOS\u00c9"}},{"type":"Feature","geometry":{"type":"Point","coordinates":[-41.324379,-21.72008]},"properties":{"nome":"3051","tipo":"ponto","bairro":"S\u00c3O JOS\u00c9"}},{"type":"Feature","geometry":{"type":"Point","coordinates":[-41.32467,-21.720892]},"properties":{"nome":"3071","tipo":"ponto","bairro":"S\u00c3O JOS\u00c9"}},{"type":"Feature","geometry":{"type":"Point","coordinates":[-41.325394,-21.721076]},"properties":{"nome":"3101","tipo":"ponto","bairro":"S\u00c3O JOS\u00c9"}},{"type":"Feature","geometry":{"type":"Point","coordinates":[-41.325523,-21.721129]},"properties":{"nome":"3111","tipo":"ponto","bairro":"S\u00c3O JOS\u00c9"}},{"type":"Feature","geometry":{"type":"Point","coordinates":[-41.325987,-21.721206]},"properties":{"nome":"3132","tipo":"ponto","bairro":"S\u00c3O JOS\u00c9"}},{"type":"Feature","geometry":{"type":"Point","coordinates":[-41.326533,-21.7214]},"properties":{"nome":"3151","tipo":"ponto","bairro":"S\u00c3O JOS\u00c9"}},{"type":"Feature","geometry":{"type":"Point","coordinates":[-41.326808,-21.72146]},"properties":{"nome":"3161","tipo":"ponto","bairro":"S\u00c3O JOS\u00c9"}},{"type":"Feature","geometry":{"type":"Point","coordinates":[-41.326866,-21.721475]},"properties":{"nome":"3172","tipo":"ponto","bairro":"S\u00c3O JOS\u00c9"}},{"type":"Feature","geometry":{"type":"Point","coordinates":[-41.327202,-21.72228]},"properties":{"nome":"3181","tipo":"ponto","bairro":"S\u00c3O JOS\u00c9"}},{"type":"Feature","geometry":{"type":"Point","coordinates":[-41.326891,-21.722172]},"properties":{"nome":"3201","tipo":"ponto","bairro":"S\u00c3O JOS\u00c9"}},{"type":"Feature","geometry":{"type":"Point","coordinates":[-41.326539,-21.722085]},"properties":{"nome":"3211","tipo":"ponto","bairro":"S\u00c3O JOS\u00c9"}},{"type":"Feature","geometry":{"type":"Point","coordinates":[-41.326152,-21.721982]},"properties":{"nome":"3231","tipo":"ponto","bairro":"S\u00c3O JOS\u00c9"}},{"type":"Feature","geometry":{"type":"Point","coordinates":[-41.325536,-21.721797]},"properties":{"nome":"325","tipo":"ponto","bairro":"S\u00c3O JOS\u00c9"}},{"type":"Feature","geometry":{"type":"Point","coordinates":[-41.325252,-21.721734]},"properties":{"nome":"326","tipo":"ponto","bairro":"S\u00c3O JOS\u00c9"}},{"type":"Feature","geometry":{"type":"Point","coordinates":[-41.324868,-21.721625]},"properties":{"nome":"328","tipo":"ponto","bairro":"S\u00c3O JOS\u00c9"}},{"type":"Feature","geometry":{"type":"Point","coordinates":[-41.324676,-21.721561]},"properties":{"nome":"329","tipo":"ponto","bairro":"S\u00c3O JOS\u00c9"}},{"type":"Feature","geometry":{"type":"Point","coordinates":[-41.322795,-21.721999]},"properties":{"nome":"330","tipo":"ponto","bairro":"S\u00c3O JOS\u00c9"}},{"type":"Feature","geometry":{"type":"Point","coordinates":[-41.323001,-21.722036]},"properties":{"nome":"331","tipo":"ponto","bairro":"S\u00c3O JOS\u00c9"}},{"type":"Feature","geometry":{"type":"Point","coordinates":[-41.323624,-21.72207]},"properties":{"nome":"333","tipo":"ponto","bairro":"S\u00c3O JOS\u00c9"}},{"type":"Feature","geometry":{"type":"Point","coordinates":[-41.323994,-21.722137]},"properties":{"nome":"334","tipo":"ponto","bairro":"S\u00c3O JOS\u00c9"}},{"type":"Feature","geometry":{"type":"Point","coordinates":[-41.32399,-21.722158]},"properties":{"nome":"335","tipo":"ponto","bairro":"S\u00c3O JOS\u00c9"}},{"type":"Feature","geometry":{"type":"Point","coordinates":[-41.323967,-21.722182]},"properties":{"nome":"336","tipo":"ponto","bairro":"S\u00c3O JOS\u00c9"}},{"type":"Feature","geometry":{"type":"Point","coordinates":[-41.324023,-21.722475]},"properties":{"nome":"337","tipo":"ponto","bairro":"S\u00c3O JOS\u00c9"}},{"type":"Feature","geometry":{"type":"Point","coordinates":[-41.324167,-21.722173]},"properties":{"nome":"338","tipo":"ponto","bairro":"S\u00c3O JOS\u00c9"}},{"type":"Feature","geometry":{"type":"Point","coordinates":[-41.324597,-21.722225]},"properties":{"nome":"340","tipo":"ponto","bairro":"S\u00c3O JOS\u00c9"}},{"type":"Feature","geometry":{"type":"Point","coordinates":[-41.32466,-21.722232]},"properties":{"nome":"341","tipo":"ponto","bairro":"S\u00c3O JOS\u00c9"}},{"type":"Feature","geometry":{"type":"Point","coordinates":[-41.325042,-21.722337]},"properties":{"nome":"343","tipo":"ponto","bairro":"S\u00c3O JOS\u00c9"}},{"type":"Feature","geometry":{"type":"Point","coordinates":[-41.325074,-21.722336]},"properties":{"nome":"344","tipo":"ponto","bairro":"S\u00c3O JOS\u00c9"}},{"type":"Feature","geometry":{"type":"Point","coordinates":[-41.325336,-21.722405]},"properties":{"nome":"345","tipo":"ponto","bairro":"S\u00c3O JOS\u00c9"}},{"type":"Feature","geometry":{"type":"Point","coordinates":[-41.325537,-21.722472]},"properties":{"nome":"347","tipo":"ponto","bairro":"S\u00c3O JOS\u00c9"}},{"type":"Feature","geometry":{"type":"Point","coordinates":[-41.325586,-21.722485]},"properties":{"nome":"348","tipo":"ponto","bairro":"S\u00c3O JOS\u00c9"}},{"type":"Feature","geometry":{"type":"Point","coordinates":[-41.325739,-21.722521]},"properties":{"nome":"349","tipo":"ponto","bairro":"S\u00c3O JOS\u00c9"}},{"type":"Feature","geometry":{"type":"Point","coordinates":[-41.325895,-21.72255]},"properties":{"nome":"350","tipo":"ponto","bairro":"S\u00c3O JOS\u00c9"}},{"type":"Feature","geometry":{"type":"Point","coordinates":[-41.326017,-21.7226]},"properties":{"nome":"351","tipo":"ponto","bairro":"S\u00c3O JOS\u00c9"}},{"type":"Feature","geometry":{"type":"Point","coordinates":[-41.326391,-21.722686]},"properties":{"nome":"353","tipo":"ponto","bairro":"S\u00c3O JOS\u00c9"}},{"type":"Feature","geometry":{"type":"Point","coordinates":[-41.326632,-21.722777]},"properties":{"nome":"354","tipo":"ponto","bairro":"S\u00c3O JOS\u00c9"}},{"type":"Feature","geometry":{"type":"Point","coordinates":[-41.327195,-21.723636]},"properties":{"nome":"355","tipo":"ponto","bairro":"S\u00c3O JOS\u00c9"}},{"type":"Feature","geometry":{"type":"Point","coordinates":[-41.327155,-21.723535]},"properties":{"nome":"356","tipo":"ponto","bairro":"S\u00c3O JOS\u00c9"}},{"type":"Feature","geometry":{"type":"Point","coordinates":[-41.326807,-21.723458]},"properties":{"nome":"358","tipo":"ponto","bairro":"S\u00c3O JOS\u00c9"}},{"type":"Feature","geometry":{"type":"Point","coordinates":[-41.326195,-21.723288]},"properties":{"nome":"360","tipo":"ponto","bairro":"S\u00c3O JOS\u00c9"}},{"type":"Feature","geometry":{"type":"Point","coordinates":[-41.325781,-21.72317]},"properties":{"nome":"362","tipo":"ponto","bairro":"S\u00c3O JOS\u00c9"}},{"type":"Feature","geometry":{"type":"Point","coordinates":[-41.325672,-21.723149]},"properties":{"nome":"363","tipo":"ponto","bairro":"S\u00c3O JOS\u00c9"}},{"type":"Feature","geometry":{"type":"Point","coordinates":[-41.325471,-21.723083]},"properties":{"nome":"364","tipo":"ponto","bairro":"S\u00c3O JOS\u00c9"}},{"type":"Feature","geometry":{"type":"Point","coordinates":[-41.324632,-21.723527]},"properties":{"nome":"365","tipo":"ponto","bairro":"S\u00c3O JOS\u00c9"}},{"type":"Feature","geometry":{"type":"Point","coordinates":[-41.324885,-21.723617]},"properties":{"nome":"366","tipo":"ponto","bairro":"S\u00c3O JOS\u00c9"}},{"type":"Feature","geometry":{"type":"Point","coordinates":[-41.324991,-21.723633]},"properties":{"nome":"367","tipo":"ponto","bairro":"S\u00c3O JOS\u00c9"}},{"type":"Feature","geometry":{"type":"Point","coordinates":[-41.325213,-21.723688]},"properties":{"nome":"369","tipo":"ponto","bairro":"S\u00c3O JOS\u00c9"}},{"type":"Feature","geometry":{"type":"Point","coordinates":[-41.325258,-21.723708]},"properties":{"nome":"370","tipo":"ponto","bairro":"S\u00c3O JOS\u00c9"}},{"type":"Feature","geometry":{"type":"Point","coordinates":[-41.325466,-21.723766]},"properties":{"nome":"371","tipo":"ponto","bairro":"S\u00c3O JOS\u00c9"}},{"type":"Feature","geometry":{"type":"Point","coordinates":[-41.325594,-21.723808]},"properties":{"nome":"372","tipo":"ponto","bairro":"S\u00c3O JOS\u00c9"}},{"type":"Feature","geometry":{"type":"Point","coordinates":[-41.325959,-21.723922]},"properties":{"nome":"374","tipo":"ponto","bairro":"S\u00c3O JOS\u00c9"}},{"type":"Feature","geometry":{"type":"Point","coordinates":[-41.326463,-21.724025]},"properties":{"nome":"376","tipo":"ponto","bairro":"S\u00c3O JOS\u00c9"}},{"type":"Feature","geometry":{"type":"Point","coordinates":[-41.326633,-21.724062]},"properties":{"nome":"377","tipo":"ponto","bairro":"S\u00c3O JOS\u00c9"}},{"type":"Feature","geometry":{"type":"Point","coordinates":[-41.326727,-21.7241]},"properties":{"nome":"378","tipo":"ponto","bairro":"S\u00c3O JOS\u00c9"}},{"type":"Feature","geometry":{"type":"Point","coordinates":[-41.326916,-21.724147]},"properties":{"nome":"379","tipo":"ponto","bairro":"S\u00c3O JOS\u00c9"}},{"type":"Feature","geometry":{"type":"Point","coordinates":[-41.325007,-21.724352]},"properties":{"nome":"380","tipo":"ponto","bairro":"S\u00c3O JOS\u00c9"}},{"type":"Feature","geometry":{"type":"Point","coordinates":[-41.325439,-21.724446]},"properties":{"nome":"381","tipo":"ponto","bairro":"S\u00c3O JOS\u00c9"}},{"type":"Feature","geometry":{"type":"Point","coordinates":[-41.325696,-21.724535]},"properties":{"nome":"382","tipo":"ponto","bairro":"S\u00c3O JOS\u00c9"}},{"type":"Feature","geometry":{"type":"Point","coordinates":[-41.325896,-21.724598]},"properties":{"nome":"383","tipo":"ponto","bairro":"S\u00c3O JOS\u00c9"}},{"type":"Feature","geometry":{"type":"Point","coordinates":[-41.326389,-21.724677]},"properties":{"nome":"385","tipo":"ponto","bairro":"S\u00c3O JOS\u00c9"}},{"type":"Feature","geometry":{"type":"Point","coordinates":[-41.326578,-21.724772]},"properties":{"nome":"386","tipo":"ponto","bairro":"S\u00c3O JOS\u00c9"}},{"type":"Feature","geometry":{"type":"Point","coordinates":[-41.326732,-21.724803]},"properties":{"nome":"387","tipo":"ponto","bairro":"S\u00c3O JOS\u00c9"}},{"type":"Feature","geometry":{"type":"Point","coordinates":[-41.326704,-21.725032]},"properties":{"nome":"388","tipo":"ponto","bairro":"S\u00c3O JOS\u00c9"}},{"type":"Feature","geometry":{"type":"Point","coordinates":[-41.326612,-21.725473]},"properties":{"nome":"389","tipo":"ponto","bairro":"S\u00c3O JOS\u00c9"}},{"type":"Feature","geometry":{"type":"Point","coordinates":[-41.326455,-21.72545]},"properties":{"nome":"390","tipo":"ponto","bairro":"S\u00c3O JOS\u00c9"}},{"type":"Feature","geometry":{"type":"Point","coordinates":[-41.326201,-21.725385]},"properties":{"nome":"391","tipo":"ponto","bairro":"S\u00c3O JOS\u00c9"}},{"type":"Feature","geometry":{"type":"Point","coordinates":[-41.325823,-21.725319]},"properties":{"nome":"393","tipo":"ponto","bairro":"S\u00c3O JOS\u00c9"}},{"type":"Feature","geometry":{"type":"Point","coordinates":[-41.3255,-21.725246]},"properties":{"nome":"394","tipo":"ponto","bairro":"S\u00c3O JOS\u00c9"}},{"type":"Feature","geometry":{"type":"Point","coordinates":[-41.325176,-21.725142]},"properties":{"nome":"395","tipo":"ponto","bairro":"S\u00c3O JOS\u00c9"}},{"type":"Feature","geometry":{"type":"Point","coordinates":[-41.324838,-21.72507]},"properties":{"nome":"396","tipo":"ponto","bairro":"S\u00c3O JOS\u00c9"}},{"type":"Feature","geometry":{"type":"Point","coordinates":[-41.32451,-21.724518]},"properties":{"nome":"397","tipo":"ponto","bairro":"S\u00c3O JOS\u00c9"}},{"type":"Feature","geometry":{"type":"Point","coordinates":[-41.324489,-21.724491]},"properties":{"nome":"398","tipo":"ponto","bairro":"S\u00c3O JOS\u00c9"}},{"type":"Feature","geometry":{"type":"Point","coordinates":[-41.324263,-21.724529]},"properties":{"nome":"399","tipo":"ponto","bairro":"S\u00c3O JOS\u00c9"}},{"type":"Feature","geometry":{"type":"Point","coordinates":[-41.324128,-21.724478]},"properties":{"nome":"400","tipo":"ponto","bairro":"S\u00c3O JOS\u00c9"}},{"type":"Feature","geometry":{"type":"Point","coordinates":[-41.324099,-21.724482]},"properties":{"nome":"401","tipo":"ponto","bairro":"S\u00c3O JOS\u00c9"}},{"type":"Feature","geometry":{"type":"Point","coordinates":[-41.323968,-21.724427]},"properties":{"nome":"403","tipo":"ponto","bairro":"S\u00c3O JOS\u00c9"}},{"type":"Feature","geometry":{"type":"Point","coordinates":[-41.32397,-21.724215]},"properties":{"nome":"404","tipo":"ponto","bairro":"S\u00c3O JOS\u00c9"}},{"type":"Feature","geometry":{"type":"Point","coordinates":[-41.323936,-21.723753]},"properties":{"nome":"406","tipo":"ponto","bairro":"S\u00c3O JOS\u00c9"}},{"type":"Feature","geometry":{"type":"Point","coordinates":[-41.323944,-21.723737]},"properties":{"nome":"407","tipo":"ponto","bairro":"S\u00c3O JOS\u00c9"}},{"type":"Feature","geometry":{"type":"Point","coordinates":[-41.323874,-21.723397]},"properties":{"nome":"408","tipo":"ponto","bairro":"S\u00c3O JOS\u00c9"}},{"type":"Feature","geometry":{"type":"Point","coordinates":[-41.323866,-21.723373]},"properties":{"nome":"409","tipo":"ponto","bairro":"S\u00c3O JOS\u00c9"}},{"type":"Feature","geometry":{"type":"Point","coordinates":[-41.323842,-21.723099]},"properties":{"nome":"410","tipo":"ponto","bairro":"S\u00c3O JOS\u00c9"}},{"type":"Feature","geometry":{"type":"Point","coordinates":[-41.323836,-21.723007]},"properties":{"nome":"4111","tipo":"ponto","bairro":"S\u00c3O JOS\u00c9"}},{"type":"Feature","geometry":{"type":"Point","coordinates":[-41.323803,-21.722709]},"properties":{"nome":"412","tipo":"ponto","bairro":"S\u00c3O JOS\u00c9"}},{"type":"Feature","geometry":{"type":"Point","coordinates":[-41.32376,-21.72455]},"properties":{"nome":"414","tipo":"ponto","bairro":"S\u00c3O JOS\u00c9"}},{"type":"Feature","geometry":{"type":"Point","coordinates":[-41.323345,-21.72459]},"properties":{"nome":"416","tipo":"ponto","bairro":"S\u00c3O JOS\u00c9"}},{"type":"Feature","geometry":{"type":"Point","coordinates":[-41.323064,-21.724629]},"properties":{"nome":"417","tipo":"ponto","bairro":"S\u00c3O JOS\u00c9"}},{"type":"Feature","geometry":{"type":"Point","coordinates":[-41.322895,-21.72467]},"properties":{"nome":"418","tipo":"ponto","bairro":"S\u00c3O JOS\u00c9"}},{"type":"Feature","geometry":{"type":"Point","coordinates":[-41.322824,-21.724661]},"properties":{"nome":"419","tipo":"ponto","bairro":"S\u00c3O JOS\u00c9"}},{"type":"Feature","geometry":{"type":"Point","coordinates":[-41.322383,-21.726457]},"properties":{"nome":"422","tipo":"ponto","bairro":"S\u00c3O JOS\u00c9"}},{"type":"Feature","geometry":{"type":"Point","coordinates":[-41.322371,-21.726285]},"properties":{"nome":"423","tipo":"ponto","bairro":"S\u00c3O JOS\u00c9"}},{"type":"Feature","geometry":{"type":"Point","coordinates":[-41.322364,-21.726213]},"properties":{"nome":"424","tipo":"ponto","bairro":"S\u00c3O JOS\u00c9"}},{"type":"Feature","geometry":{"type":"Point","coordinates":[-41.322357,-21.725969]},"properties":{"nome":"425","tipo":"ponto","bairro":"S\u00c3O JOS\u00c9"}},{"type":"Feature","geometry":{"type":"Point","coordinates":[-41.322361,-21.72595]},"properties":{"nome":"426","tipo":"ponto","bairro":"S\u00c3O JOS\u00c9"}},{"type":"Feature","geometry":{"type":"Point","coordinates":[-41.32233,-21.725656]},"properties":{"nome":"427","tipo":"ponto","bairro":"S\u00c3O JOS\u00c9"}},{"type":"Feature","geometry":{"type":"Point","coordinates":[-41.32232,-21.725598]},"properties":{"nome":"428","tipo":"ponto","bairro":"S\u00c3O JOS\u00c9"}},{"type":"Feature","geometry":{"type":"Point","coordinates":[-41.3223,-21.725364]},"properties":{"nome":"429","tipo":"ponto","bairro":"S\u00c3O JOS\u00c9"}},{"type":"Feature","geometry":{"type":"Point","coordinates":[-41.322236,-21.725009]},"properties":{"nome":"430","tipo":"ponto","bairro":"S\u00c3O JOS\u00c9"}},{"type":"Feature","geometry":{"type":"Point","coordinates":[-41.322245,-21.724935]},"properties":{"nome":"431","tipo":"ponto","bairro":"S\u00c3O JOS\u00c9"}},{"type":"Feature","geometry":{"type":"Point","coordinates":[-41.32222,-21.724502]},"properties":{"nome":"433","tipo":"ponto","bairro":"S\u00c3O JOS\u00c9"}},{"type":"Feature","geometry":{"type":"Point","coordinates":[-41.322179,-21.724293]},"properties":{"nome":"434","tipo":"ponto","bairro":"S\u00c3O JOS\u00c9"}},{"type":"Feature","geometry":{"type":"Point","coordinates":[-41.322158,-21.724183]},"properties":{"nome":"435","tipo":"ponto","bairro":"S\u00c3O JOS\u00c9"}},{"type":"Feature","geometry":{"type":"Point","coordinates":[-41.322107,-21.723961]},"properties":{"nome":"436","tipo":"ponto","bairro":"S\u00c3O JOS\u00c9"}},{"type":"Feature","geometry":{"type":"Point","coordinates":[-41.32211,-21.723904]},"properties":{"nome":"437","tipo":"ponto","bairro":"S\u00c3O JOS\u00c9"}},{"type":"Feature","geometry":{"type":"Point","coordinates":[-41.322029,-21.723311]},"properties":{"nome":"439","tipo":"ponto","bairro":"S\u00c3O JOS\u00c9"}},{"type":"Feature","geometry":{"type":"Point","coordinates":[-41.322028,-21.723291]},"properties":{"nome":"440","tipo":"ponto","bairro":"S\u00c3O JOS\u00c9"}},{"type":"Feature","geometry":{"type":"Point","coordinates":[-41.321989,-21.723021]},"properties":{"nome":"441","tipo":"ponto","bairro":"S\u00c3O JOS\u00c9"}},{"type":"Feature","geometry":{"type":"Point","coordinates":[-41.322007,-21.722965]},"properties":{"nome":"442","tipo":"ponto","bairro":"S\u00c3O JOS\u00c9"}},{"type":"Feature","geometry":{"type":"Point","coordinates":[-41.321967,-21.722899]},"properties":{"nome":"443","tipo":"ponto","bairro":"S\u00c3O JOS\u00c9"}},{"type":"Feature","geometry":{"type":"Point","coordinates":[-41.3219,-21.722839]},"properties":{"nome":"444","tipo":"ponto","bairro":"S\u00c3O JOS\u00c9"}},{"type":"Feature","geometry":{"type":"Point","coordinates":[-41.321646,-21.72265]},"properties":{"nome":"445","tipo":"ponto","bairro":"S\u00c3O JOS\u00c9"}},{"type":"Feature","geometry":{"type":"Point","coordinates":[-41.321417,-21.72244]},"properties":{"nome":"446","tipo":"ponto","bairro":"S\u00c3O JOS\u00c9"}},{"type":"Feature","geometry":{"type":"Point","coordinates":[-41.32136,-21.722373]},"properties":{"nome":"447","tipo":"ponto","bairro":"S\u00c3O JOS\u00c9"}},{"type":"Feature","geometry":{"type":"Point","coordinates":[-41.321185,-21.721855]},"properties":{"nome":"448","tipo":"ponto","bairro":"S\u00c3O JOS\u00c9"}},{"type":"Feature","geometry":{"type":"Point","coordinates":[-41.321148,-21.721646]},"properties":{"nome":"449","tipo":"ponto","bairro":"S\u00c3O JOS\u00c9"}},{"type":"Feature","geometry":{"type":"Point","coordinates":[-41.322603,-21.721431]},"properties":{"nome":"451","tipo":"ponto","bairro":"S\u00c3O JOS\u00c9"}},{"type":"Feature","geometry":{"type":"Point","coordinates":[-41.322652,-21.721525]},"properties":{"nome":"452","tipo":"ponto","bairro":"S\u00c3O JOS\u00c9"}},{"type":"Feature","geometry":{"type":"Point","coordinates":[-41.322722,-21.722124]},"properties":{"nome":"454","tipo":"ponto","bairro":"S\u00c3O JOS\u00c9"}},{"type":"Feature","geometry":{"type":"Point","coordinates":[-41.322622,-21.722431]},"properties":{"nome":"455","tipo":"ponto","bairro":"S\u00c3O JOS\u00c9"}},{"type":"Feature","geometry":{"type":"Point","coordinates":[-41.322419,-21.722641]},"properties":{"nome":"456","tipo":"ponto","bairro":"S\u00c3O JOS\u00c9"}},{"type":"Feature","geometry":{"type":"Point","coordinates":[-41.322155,-21.722975]},"properties":{"nome":"457","tipo":"ponto","bairro":"S\u00c3O JOS\u00c9"}},{"type":"Feature","geometry":{"type":"Point","coordinates":[-41.322168,-21.722942]},"properties":{"nome":"458","tipo":"ponto","bairro":"S\u00c3O JOS\u00c9"}},{"type":"Feature","geometry":{"type":"Point","coordinates":[-41.322244,-21.723364]},"properties":{"nome":"460","tipo":"ponto","bairro":"S\u00c3O JOS\u00c9"}},{"type":"Feature","geometry":{"type":"Point","coordinates":[-41.322265,-21.723493]},"properties":{"nome":"461","tipo":"ponto","bairro":"S\u00c3O JOS\u00c9"}},{"type":"Feature","geometry":{"type":"Point","coordinates":[-41.32231,-21.723846]},"properties":{"nome":"462","tipo":"ponto","bairro":"S\u00c3O JOS\u00c9"}},{"type":"Feature","geometry":{"type":"Point","coordinates":[-41.322347,-21.724174]},"properties":{"nome":"463","tipo":"ponto","bairro":"S\u00c3O JOS\u00c9"}},{"type":"Feature","geometry":{"type":"Point","coordinates":[-41.322379,-21.72452]},"properties":{"nome":"464","tipo":"ponto","bairro":"S\u00c3O JOS\u00c9"}},{"type":"Feature","geometry":{"type":"Point","coordinates":[-41.32244,-21.724869]},"properties":{"nome":"466","tipo":"ponto","bairro":"S\u00c3O JOS\u00c9"}},{"type":"Feature","geometry":{"type":"Point","coordinates":[-41.322497,-21.725194]},"properties":{"nome":"467","tipo":"ponto","bairro":"S\u00c3O JOS\u00c9"}},{"type":"Feature","geometry":{"type":"Point","coordinates":[-41.322523,-21.725575]},"properties":{"nome":"468","tipo":"ponto","bairro":"S\u00c3O JOS\u00c9"}},{"type":"Feature","geometry":{"type":"Point","coordinates":[-41.32253,-21.725677]},"properties":{"nome":"469","tipo":"ponto","bairro":"S\u00c3O JOS\u00c9"}},{"type":"Feature","geometry":{"type":"Point","coordinates":[-41.322571,-21.725929]},"properties":{"nome":"470","tipo":"ponto","bairro":"S\u00c3O JOS\u00c9"}},{"type":"Feature","geometry":{"type":"Point","coordinates":[-41.322575,-21.725927]},"properties":{"nome":"471","tipo":"ponto","bairro":"S\u00c3O JOS\u00c9"}},{"type":"Feature","geometry":{"type":"Point","coordinates":[-41.322612,-21.726298]},"properties":{"nome":"473","tipo":"ponto","bairro":"S\u00c3O JOS\u00c9"}},{"type":"Feature","geometry":{"type":"Point","coordinates":[-41.322657,-21.726659]},"properties":{"nome":"475","tipo":"ponto","bairro":"S\u00c3O JOS\u00c9"}},{"type":"Feature","geometry":{"type":"Point","coordinates":[-41.322117,-21.724747]},"properties":{"nome":"476","tipo":"ponto","bairro":"S\u00c3O JOS\u00c9"}},{"type":"Feature","geometry":{"type":"Point","coordinates":[-41.321918,-21.724763]},"properties":{"nome":"477","tipo":"ponto","bairro":"S\u00c3O JOS\u00c9"}},{"type":"Feature","geometry":{"type":"Point","coordinates":[-41.321377,-21.724799]},"properties":{"nome":"479","tipo":"ponto","bairro":"S\u00c3O JOS\u00c9"}},{"type":"Feature","geometry":{"type":"Point","coordinates":[-41.321309,-21.724796]},"properties":{"nome":"480","tipo":"ponto","bairro":"S\u00c3O JOS\u00c9"}},{"type":"Feature","geometry":{"type":"Point","coordinates":[-41.321751,-21.726776]},"properties":{"nome":"481","tipo":"ponto","bairro":"S\u00c3O JOS\u00c9"}},{"type":"Feature","geometry":{"type":"Point","coordinates":[-41.321537,-21.726428]},"properties":{"nome":"482","tipo":"ponto","bairro":"S\u00c3O JOS\u00c9"}},{"type":"Feature","geometry":{"type":"Point","coordinates":[-41.321377,-21.726155]},"properties":{"nome":"483","tipo":"ponto","bairro":"S\u00c3O JOS\u00c9"}},{"type":"Feature","geometry":{"type":"Point","coordinates":[-41.321339,-21.725762]},"properties":{"nome":"484","tipo":"ponto","bairro":"S\u00c3O JOS\u00c9"}},{"type":"Feature","geometry":{"type":"Point","coordinates":[-41.321304,-21.725577]},"properties":{"nome":"485","tipo":"ponto","bairro":"S\u00c3O JOS\u00c9"}},{"type":"Feature","geometry":{"type":"Point","coordinates":[-41.321288,-21.725412]},"properties":{"nome":"486","tipo":"ponto","bairro":"S\u00c3O JOS\u00c9"}},{"type":"Feature","geometry":{"type":"Point","coordinates":[-41.321211,-21.72506]},"properties":{"nome":"488","tipo":"ponto","bairro":"S\u00c3O JOS\u00c9"}},{"type":"Feature","geometry":{"type":"Point","coordinates":[-41.321208,-21.72469]},"properties":{"nome":"490","tipo":"ponto","bairro":"S\u00c3O JOS\u00c9"}},{"type":"Feature","geometry":{"type":"Point","coordinates":[-41.321196,-21.72451]},"properties":{"nome":"491","tipo":"ponto","bairro":"S\u00c3O JOS\u00c9"}},{"type":"Feature","geometry":{"type":"Point","coordinates":[-41.321147,-21.724344]},"properties":{"nome":"492","tipo":"ponto","bairro":"S\u00c3O JOS\u00c9"}},{"type":"Feature","geometry":{"type":"Point","coordinates":[-41.321152,-21.724213]},"properties":{"nome":"493","tipo":"ponto","bairro":"S\u00c3O JOS\u00c9"}},{"type":"Feature","geometry":{"type":"Point","coordinates":[-41.321153,-21.723947]},"properties":{"nome":"494","tipo":"ponto","bairro":"S\u00c3O JOS\u00c9"}},{"type":"Feature","geometry":{"type":"Point","coordinates":[-41.321058,-21.723627]},"properties":{"nome":"496","tipo":"ponto","bairro":"S\u00c3O JOS\u00c9"}},{"type":"Feature","geometry":{"type":"Point","coordinates":[-41.321063,-21.723447]},"properties":{"nome":"497","tipo":"ponto","bairro":"S\u00c3O JOS\u00c9"}},{"type":"Feature","geometry":{"type":"Point","coordinates":[-41.321021,-21.72326]},"properties":{"nome":"498","tipo":"ponto","bairro":"S\u00c3O JOS\u00c9"}},{"type":"Feature","geometry":{"type":"Point","coordinates":[-41.32098,-21.723049]},"properties":{"nome":"499","tipo":"ponto","bairro":"S\u00c3O JOS\u00c9"}},{"type":"Feature","geometry":{"type":"Point","coordinates":[-41.320971,-21.722928]},"properties":{"nome":"500","tipo":"ponto","bairro":"S\u00c3O JOS\u00c9"}},{"type":"Feature","geometry":{"type":"Point","coordinates":[-41.320959,-21.722781]},"properties":{"nome":"501","tipo":"ponto","bairro":"S\u00c3O JOS\u00c9"}},{"type":"Feature","geometry":{"type":"Point","coordinates":[-41.320913,-21.722402]},"properties":{"nome":"503","tipo":"ponto","bairro":"S\u00c3O JOS\u00c9"}},{"type":"Feature","geometry":{"type":"Point","coordinates":[-41.320855,-21.72187]},"properties":{"nome":"508","tipo":"ponto","bairro":"S\u00c3O JOS\u00c9"}},{"type":"Feature","geometry":{"type":"Point","coordinates":[-41.320828,-21.721713]},"properties":{"nome":"509","tipo":"ponto","bairro":"S\u00c3O JOS\u00c9"}},{"type":"Feature","geometry":{"type":"Point","coordinates":[-41.320799,-21.721506]},"properties":{"nome":"510","tipo":"ponto","bairro":"S\u00c3O JOS\u00c9"}},{"type":"Feature","geometry":{"type":"Point","coordinates":[-41.320795,-21.721368]},"properties":{"nome":"511","tipo":"ponto","bairro":"S\u00c3O JOS\u00c9"}},{"type":"Feature","geometry":{"type":"Point","coordinates":[-41.320728,-21.720808]},"properties":{"nome":"513","tipo":"ponto","bairro":"S\u00c3O JOS\u00c9"}},{"type":"Feature","geometry":{"type":"Point","coordinates":[-41.320668,-21.720496]},"properties":{"nome":"514","tipo":"ponto","bairro":"S\u00c3O JOS\u00c9"}},{"type":"Feature","geometry":{"type":"Point","coordinates":[-41.320606,-21.720147]},"properties":{"nome":"515","tipo":"ponto","bairro":"S\u00c3O JOS\u00c9"}},{"type":"Feature","geometry":{"type":"Point","coordinates":[-41.320575,-21.719806]},"properties":{"nome":"517","tipo":"ponto","bairro":"S\u00c3O JOS\u00c9"}},{"type":"Feature","geometry":{"type":"Point","coordinates":[-41.320553,-21.719509]},"properties":{"nome":"518","tipo":"ponto","bairro":"S\u00c3O JOS\u00c9"}},{"type":"Feature","geometry":{"type":"Point","coordinates":[-41.32052,-21.71929]},"properties":{"nome":"519","tipo":"ponto","bairro":"S\u00c3O JOS\u00c9"}},{"type":"Feature","geometry":{"type":"Point","coordinates":[-41.320457,-21.718928]},"properties":{"nome":"521","tipo":"ponto","bairro":"S\u00c3O JOS\u00c9"}},{"type":"Feature","geometry":{"type":"Point","coordinates":[-41.320425,-21.718478]},"properties":{"nome":"523","tipo":"ponto","bairro":"S\u00c3O JOS\u00c9"}},{"type":"Feature","geometry":{"type":"Point","coordinates":[-41.320349,-21.718029]},"properties":{"nome":"525","tipo":"ponto","bairro":"S\u00c3O JOS\u00c9"}},{"type":"Feature","geometry":{"type":"Point","coordinates":[-41.320325,-21.717925]},"properties":{"nome":"526","tipo":"ponto","bairro":"S\u00c3O JOS\u00c9"}},{"type":"Feature","geometry":{"type":"Point","coordinates":[-41.320332,-21.717887]},"properties":{"nome":"527","tipo":"ponto","bairro":"S\u00c3O JOS\u00c9"}},{"type":"Feature","geometry":{"type":"Point","coordinates":[-41.320305,-21.717673]},"properties":{"nome":"528","tipo":"ponto","bairro":"S\u00c3O JOS\u00c9"}},{"type":"Feature","geometry":{"type":"Point","coordinates":[-41.3203,-21.717371]},"properties":{"nome":"529","tipo":"ponto","bairro":"S\u00c3O JOS\u00c9"}},{"type":"Feature","geometry":{"type":"Point","coordinates":[-41.320288,-21.717219]},"properties":{"nome":"530","tipo":"ponto","bairro":"S\u00c3O JOS\u00c9"}},{"type":"Feature","geometry":{"type":"Point","coordinates":[-41.320591,-21.722089]},"properties":{"nome":"531","tipo":"ponto","bairro":"S\u00c3O JOS\u00c9"}},{"type":"Feature","geometry":{"type":"Point","coordinates":[-41.32043,-21.722037]},"properties":{"nome":"532","tipo":"ponto","bairro":"S\u00c3O JOS\u00c9"}},{"type":"Feature","geometry":{"type":"Point","coordinates":[-41.320212,-21.721975]},"properties":{"nome":"533","tipo":"ponto","bairro":"S\u00c3O JOS\u00c9"}},{"type":"Feature","geometry":{"type":"Point","coordinates":[-41.319839,-21.721851]},"properties":{"nome":"535","tipo":"ponto","bairro":"S\u00c3O JOS\u00c9"}},{"type":"Feature","geometry":{"type":"Point","coordinates":[-41.319654,-21.721808]},"properties":{"nome":"536","tipo":"ponto","bairro":"S\u00c3O JOS\u00c9"}},{"type":"Feature","geometry":{"type":"Point","coordinates":[-41.319477,-21.721767]},"properties":{"nome":"537","tipo":"ponto","bairro":"S\u00c3O JOS\u00c9"}},{"type":"Feature","geometry":{"type":"Point","coordinates":[-41.319084,-21.721645]},"properties":{"nome":"539","tipo":"ponto","bairro":"S\u00c3O JOS\u00c9"}},{"type":"Feature","geometry":{"type":"Point","coordinates":[-41.318948,-21.721583]},"properties":{"nome":"540","tipo":"ponto","bairro":"S\u00c3O JOS\u00c9"}},{"type":"Feature","geometry":{"type":"Point","coordinates":[-41.318737,-21.721524]},"properties":{"nome":"541","tipo":"ponto","bairro":"S\u00c3O JOS\u00c9"}},{"type":"Feature","geometry":{"type":"Point","coordinates":[-41.31864,-21.721502]},"properties":{"nome":"542","tipo":"ponto","bairro":"S\u00c3O JOS\u00c9"}},{"type":"Feature","geometry":{"type":"Point","coordinates":[-41.318354,-21.721411]},"properties":{"nome":"543","tipo":"ponto","bairro":"S\u00c3O JOS\u00c9"}},{"type":"Feature","geometry":{"type":"Point","coordinates":[-41.318093,-21.721329]},"properties":{"nome":"544","tipo":"ponto","bairro":"S\u00c3O JOS\u00c9"}},{"type":"Feature","geometry":{"type":"Point","coordinates":[-41.317815,-21.7212]},"properties":{"nome":"545","tipo":"ponto","bairro":"S\u00c3O JOS\u00c9"}},{"type":"Feature","geometry":{"type":"Point","coordinates":[-41.317728,-21.721162]},"properties":{"nome":"546","tipo":"ponto","bairro":"S\u00c3O JOS\u00c9"}},{"type":"Feature","geometry":{"type":"Point","coordinates":[-41.317454,-21.721079]},"properties":{"nome":"547","tipo":"ponto","bairro":"S\u00c3O JOS\u00c9"}},{"type":"Feature","geometry":{"type":"Point","coordinates":[-41.317275,-21.721028]},"properties":{"nome":"548","tipo":"ponto","bairro":"S\u00c3O JOS\u00c9"}},{"type":"Feature","geometry":{"type":"Point","coordinates":[-41.317012,-21.721007]},"properties":{"nome":"549","tipo":"ponto","bairro":"S\u00c3O JOS\u00c9"}},{"type":"Feature","geometry":{"type":"Point","coordinates":[-41.316657,-21.720904]},"properties":{"nome":"551","tipo":"ponto","bairro":"S\u00c3O JOS\u00c9"}},{"type":"Feature","geometry":{"type":"Point","coordinates":[-41.316394,-21.720822]},"properties":{"nome":"552","tipo":"ponto","bairro":"S\u00c3O JOS\u00c9"}},{"type":"Feature","geometry":{"type":"Point","coordinates":[-41.316153,-21.720752]},"properties":{"nome":"553","tipo":"ponto","bairro":"S\u00c3O JOS\u00c9"}},{"type":"Feature","geometry":{"type":"Point","coordinates":[-41.315949,-21.720682]},"properties":{"nome":"554","tipo":"ponto","bairro":"S\u00c3O JOS\u00c9"}},{"type":"Feature","geometry":{"type":"Point","coordinates":[-41.315704,-21.7206]},"properties":{"nome":"556","tipo":"ponto","bairro":"S\u00c3O JOS\u00c9"}},{"type":"Feature","geometry":{"type":"Point","coordinates":[-41.315542,-21.720562]},"properties":{"nome":"557","tipo":"ponto","bairro":"S\u00c3O JOS\u00c9"}},{"type":"Feature","geometry":{"type":"Point","coordinates":[-41.315201,-21.72046]},"properties":{"nome":"558","tipo":"ponto","bairro":"S\u00c3O JOS\u00c9"}},{"type":"Feature","geometry":{"type":"Point","coordinates":[-41.315546,-21.720486]},"properties":{"nome":"559","tipo":"ponto","bairro":"S\u00c3O JOS\u00c9"}},{"type":"Feature","geometry":{"type":"Point","coordinates":[-41.315448,-21.720464]},"properties":{"nome":"560","tipo":"ponto","bairro":"S\u00c3O JOS\u00c9"}},{"type":"Feature","geometry":{"type":"Point","coordinates":[-41.315019,-21.720317]},"properties":{"nome":"562","tipo":"ponto","bairro":"S\u00c3O JOS\u00c9"}},{"type":"Feature","geometry":{"type":"Point","coordinates":[-41.314706,-21.720234]},"properties":{"nome":"564","tipo":"ponto","bairro":"S\u00c3O JOS\u00c9"}},{"type":"Feature","geometry":{"type":"Point","coordinates":[-41.314604,-21.7202]},"properties":{"nome":"565","tipo":"ponto","bairro":"S\u00c3O JOS\u00c9"}},{"type":"Feature","geometry":{"type":"Point","coordinates":[-41.314722,-21.719901]},"properties":{"nome":"566","tipo":"ponto","bairro":"S\u00c3O JOS\u00c9"}},{"type":"Feature","geometry":{"type":"Point","coordinates":[-41.314784,-21.719594]},"properties":{"nome":"567","tipo":"ponto","bairro":"S\u00c3O JOS\u00c9"}},{"type":"Feature","geometry":{"type":"Point","coordinates":[-41.315999,-21.71988]},"properties":{"nome":"570","tipo":"ponto","bairro":"S\u00c3O JOS\u00c9"}},{"type":"Feature","geometry":{"type":"Point","coordinates":[-41.315928,-21.720039]},"properties":{"nome":"571","tipo":"ponto","bairro":"S\u00c3O JOS\u00c9"}},{"type":"Feature","geometry":{"type":"Point","coordinates":[-41.31589,-21.720223]},"properties":{"nome":"572","tipo":"ponto","bairro":"S\u00c3O JOS\u00c9"}},{"type":"Feature","geometry":{"type":"Point","coordinates":[-41.315747,-21.72067]},"properties":{"nome":"574","tipo":"ponto","bairro":"S\u00c3O JOS\u00c9"}},{"type":"Feature","geometry":{"type":"Point","coordinates":[-41.315662,-21.720988]},"properties":{"nome":"576","tipo":"ponto","bairro":"S\u00c3O JOS\u00c9"}},{"type":"Feature","geometry":{"type":"Point","coordinates":[-41.317734,-21.722361]},"properties":{"nome":"577","tipo":"ponto","bairro":"S\u00c3O JOS\u00c9"}},{"type":"Feature","geometry":{"type":"Point","coordinates":[-41.317777,-21.722041]},"properties":{"nome":"578","tipo":"ponto","bairro":"S\u00c3O JOS\u00c9"}},{"type":"Feature","geometry":{"type":"Point","coordinates":[-41.317828,-21.721769]},"properties":{"nome":"579","tipo":"ponto","bairro":"S\u00c3O JOS\u00c9"}},{"type":"Feature","geometry":{"type":"Point","coordinates":[-41.317909,-21.721318]},"properties":{"nome":"581","tipo":"ponto","bairro":"S\u00c3O JOS\u00c9"}},{"type":"Feature","geometry":{"type":"Point","coordinates":[-41.317936,-21.721076]},"properties":{"nome":"583","tipo":"ponto","bairro":"S\u00c3O JOS\u00c9"}},{"type":"Feature","geometry":{"type":"Point","coordinates":[-41.317957,-21.720916]},"properties":{"nome":"584","tipo":"ponto","bairro":"S\u00c3O JOS\u00c9"}},{"type":"Feature","geometry":{"type":"Point","coordinates":[-41.317991,-21.720689]},"properties":{"nome":"585","tipo":"ponto","bairro":"S\u00c3O JOS\u00c9"}},{"type":"Feature","geometry":{"type":"Point","coordinates":[-41.318065,-21.720424]},"properties":{"nome":"586","tipo":"ponto","bairro":"S\u00c3O JOS\u00c9"}},{"type":"Feature","geometry":{"type":"Point","coordinates":[-41.318086,-21.720357]},"properties":{"nome":"587","tipo":"ponto","bairro":"S\u00c3O JOS\u00c9"}},{"type":"Feature","geometry":{"type":"Point","coordinates":[-41.320373,-21.722272]},"properties":{"nome":"589","tipo":"ponto","bairro":"S\u00c3O JOS\u00c9"}},{"type":"Feature","geometry":{"type":"Point","coordinates":[-41.320191,-21.722383]},"properties":{"nome":"590","tipo":"ponto","bairro":"S\u00c3O JOS\u00c9"}},{"type":"Feature","geometry":{"type":"Point","coordinates":[-41.31998,-21.722547]},"properties":{"nome":"591","tipo":"ponto","bairro":"S\u00c3O JOS\u00c9"}},{"type":"Feature","geometry":{"type":"Point","coordinates":[-41.31974,-21.722679]},"properties":{"nome":"593","tipo":"ponto","bairro":"S\u00c3O JOS\u00c9"}},{"type":"Feature","geometry":{"type":"Point","coordinates":[-41.319562,-21.722818]},"properties":{"nome":"594","tipo":"ponto","bairro":"S\u00c3O JOS\u00c9"}},{"type":"Feature","geometry":{"type":"Point","coordinates":[-41.319461,-21.722876]},"properties":{"nome":"595","tipo":"ponto","bairro":"S\u00c3O JOS\u00c9"}},{"type":"Feature","geometry":{"type":"Point","coordinates":[-41.319215,-21.723079]},"properties":{"nome":"596","tipo":"ponto","bairro":"S\u00c3O JOS\u00c9"}},{"type":"Feature","geometry":{"type":"Point","coordinates":[-41.319063,-21.723167]},"properties":{"nome":"597","tipo":"ponto","bairro":"S\u00c3O JOS\u00c9"}},{"type":"Feature","geometry":{"type":"Point","coordinates":[-41.318886,-21.723322]},"properties":{"nome":"598","tipo":"ponto","bairro":"S\u00c3O JOS\u00c9"}},{"type":"Feature","geometry":{"type":"Point","coordinates":[-41.321233,-21.726027]},"properties":{"nome":"599","tipo":"ponto","bairro":"S\u00c3O JOS\u00c9"}},{"type":"Feature","geometry":{"type":"Point","coordinates":[-41.320983,-21.725669]},"properties":{"nome":"600","tipo":"ponto","bairro":"S\u00c3O JOS\u00c9"}},{"type":"Feature","geometry":{"type":"Point","coordinates":[-41.320929,-21.725602]},"properties":{"nome":"601","tipo":"ponto","bairro":"S\u00c3O JOS\u00c9"}},{"type":"Feature","geometry":{"type":"Point","coordinates":[-41.320797,-21.725391]},"properties":{"nome":"602","tipo":"ponto","bairro":"S\u00c3O JOS\u00c9"}},{"type":"Feature","geometry":{"type":"Point","coordinates":[-41.320717,-21.725295]},"properties":{"nome":"603","tipo":"ponto","bairro":"S\u00c3O JOS\u00c9"}},{"type":"Feature","geometry":{"type":"Point","coordinates":[-41.320504,-21.72506]},"properties":{"nome":"604","tipo":"ponto","bairro":"S\u00c3O JOS\u00c9"}},{"type":"Feature","geometry":{"type":"Point","coordinates":[-41.320495,-21.725047]},"properties":{"nome":"605","tipo":"ponto","bairro":"S\u00c3O JOS\u00c9"}},{"type":"Feature","geometry":{"type":"Point","coordinates":[-41.320242,-21.724763]},"properties":{"nome":"607","tipo":"ponto","bairro":"S\u00c3O JOS\u00c9"}},{"type":"Feature","geometry":{"type":"Point","coordinates":[-41.320145,-21.724667]},"properties":{"nome":"608","tipo":"ponto","bairro":"S\u00c3O JOS\u00c9"}},{"type":"Feature","geometry":{"type":"Point","coordinates":[-41.31991,-21.72441]},"properties":{"nome":"609","tipo":"ponto","bairro":"S\u00c3O JOS\u00c9"}},{"type":"Feature","geometry":{"type":"Point","coordinates":[-41.319513,-21.723998]},"properties":{"nome":"611","tipo":"ponto","bairro":"S\u00c3O JOS\u00c9"}},{"type":"Feature","geometry":{"type":"Point","coordinates":[-41.319353,-21.723866]},"properties":{"nome":"612","tipo":"ponto","bairro":"S\u00c3O JOS\u00c9"}},{"type":"Feature","geometry":{"type":"Point","coordinates":[-41.319175,-21.723682]},"properties":{"nome":"613","tipo":"ponto","bairro":"S\u00c3O JOS\u00c9"}},{"type":"Feature","geometry":{"type":"Point","coordinates":[-41.318784,-21.723332]},"properties":{"nome":"615","tipo":"ponto","bairro":"S\u00c3O JOS\u00c9"}},{"type":"Feature","geometry":{"type":"Point","coordinates":[-41.318613,-21.723192]},"properties":{"nome":"616","tipo":"ponto","bairro":"S\u00c3O JOS\u00c9"}},{"type":"Feature","geometry":{"type":"Point","coordinates":[-41.318506,-21.723068]},"properties":{"nome":"617","tipo":"ponto","bairro":"S\u00c3O JOS\u00c9"}},{"type":"Feature","geometry":{"type":"Point","coordinates":[-41.317985,-21.722667]},"properties":{"nome":"620","tipo":"ponto","bairro":"S\u00c3O JOS\u00c9"}},{"type":"Feature","geometry":{"type":"Point","coordinates":[-41.317869,-21.722576]},"properties":{"nome":"621","tipo":"ponto","bairro":"S\u00c3O JOS\u00c9"}},{"type":"Feature","geometry":{"type":"Point","coordinates":[-41.317769,-21.722472]},"properties":{"nome":"622","tipo":"ponto","bairro":"S\u00c3O JOS\u00c9"}},{"type":"Feature","geometry":{"type":"Point","coordinates":[-41.317512,-21.722348]},"properties":{"nome":"623","tipo":"ponto","bairro":"S\u00c3O JOS\u00c9"}},{"type":"Feature","geometry":{"type":"Point","coordinates":[-41.317154,-21.722079]},"properties":{"nome":"624","tipo":"ponto","bairro":"S\u00c3O JOS\u00c9"}},{"type":"Feature","geometry":{"type":"Point","coordinates":[-41.31692,-21.721931]},"properties":{"nome":"625","tipo":"ponto","bairro":"S\u00c3O JOS\u00c9"}},{"type":"Feature","geometry":{"type":"Point","coordinates":[-41.316839,-21.72187]},"properties":{"nome":"626","tipo":"ponto","bairro":"S\u00c3O JOS\u00c9"}},{"type":"Feature","geometry":{"type":"Point","coordinates":[-41.316726,-21.721819]},"properties":{"nome":"627","tipo":"ponto","bairro":"S\u00c3O JOS\u00c9"}},{"type":"Feature","geometry":{"type":"Point","coordinates":[-41.316555,-21.72168]},"properties":{"nome":"628","tipo":"ponto","bairro":"S\u00c3O JOS\u00c9"}},{"type":"Feature","geometry":{"type":"Point","coordinates":[-41.316249,-21.721472]},"properties":{"nome":"629","tipo":"ponto","bairro":"S\u00c3O JOS\u00c9"}},{"type":"Feature","geometry":{"type":"Point","coordinates":[-41.315944,-21.721259]},"properties":{"nome":"630","tipo":"ponto","bairro":"S\u00c3O JOS\u00c9"}},{"type":"Feature","geometry":{"type":"Point","coordinates":[-41.315902,-21.721191]},"properties":{"nome":"631","tipo":"ponto","bairro":"S\u00c3O JOS\u00c9"}},{"type":"Feature","geometry":{"type":"Point","coordinates":[-41.315566,-21.720992]},"properties":{"nome":"632","tipo":"ponto","bairro":"S\u00c3O JOS\u00c9"}},{"type":"Feature","geometry":{"type":"Point","coordinates":[-41.315543,-21.721007]},"properties":{"nome":"633","tipo":"ponto","bairro":"S\u00c3O JOS\u00c9"}},{"type":"Feature","geometry":{"type":"Point","coordinates":[-41.315253,-21.720787]},"properties":{"nome":"634","tipo":"ponto","bairro":"S\u00c3O JOS\u00c9"}},{"type":"Feature","geometry":{"type":"Point","coordinates":[-41.315193,-21.720756]},"properties":{"nome":"635","tipo":"ponto","bairro":"S\u00c3O JOS\u00c9"}},{"type":"Feature","geometry":{"type":"Point","coordinates":[-41.314971,-21.720605]},"properties":{"nome":"636","tipo":"ponto","bairro":"S\u00c3O JOS\u00c9"}},{"type":"Feature","geometry":{"type":"Point","coordinates":[-41.314879,-21.720532]},"properties":{"nome":"637","tipo":"ponto","bairro":"S\u00c3O JOS\u00c9"}},{"type":"Feature","geometry":{"type":"Point","coordinates":[-41.314582,-21.720301]},"properties":{"nome":"639","tipo":"ponto","bairro":"S\u00c3O JOS\u00c9"}},{"type":"Feature","geometry":{"type":"Point","coordinates":[-41.320603,-21.72103]},"properties":{"nome":"640","tipo":"ponto","bairro":"S\u00c3O JOS\u00c9"}},{"type":"Feature","geometry":{"type":"Point","coordinates":[-41.320213,-21.720863]},"properties":{"nome":"641","tipo":"ponto","bairro":"S\u00c3O JOS\u00c9"}},{"type":"Feature","geometry":{"type":"Point","coordinates":[-41.319866,-21.720777]},"properties":{"nome":"642","tipo":"ponto","bairro":"S\u00c3O JOS\u00c9"}},{"type":"Feature","geometry":{"type":"Point","coordinates":[-41.31942,-21.72066]},"properties":{"nome":"643","tipo":"ponto","bairro":"S\u00c3O JOS\u00c9"}},{"type":"Feature","geometry":{"type":"Point","coordinates":[-41.319005,-21.72056]},"properties":{"nome":"644","tipo":"ponto","bairro":"S\u00c3O JOS\u00c9"}},{"type":"Feature","geometry":{"type":"Point","coordinates":[-41.318598,-21.720426]},"properties":{"nome":"645","tipo":"ponto","bairro":"S\u00c3O JOS\u00c9"}},{"type":"Feature","geometry":{"type":"Point","coordinates":[-41.317775,-21.720193]},"properties":{"nome":"647","tipo":"ponto","bairro":"S\u00c3O JOS\u00c9"}},{"type":"Feature","geometry":{"type":"Point","coordinates":[-41.317479,-21.720076]},"properties":{"nome":"648","tipo":"ponto","bairro":"S\u00c3O JOS\u00c9"}},{"type":"Feature","geometry":{"type":"Point","coordinates":[-41.317157,-21.719969]},"properties":{"nome":"649","tipo":"ponto","bairro":"S\u00c3O JOS\u00c9"}},{"type":"Feature","geometry":{"type":"Point","coordinates":[-41.316784,-21.719858]},"properties":{"nome":"650","tipo":"ponto","bairro":"S\u00c3O JOS\u00c9"}},{"type":"Feature","geometry":{"type":"Point","coordinates":[-41.316441,-21.719739]},"properties":{"nome":"651","tipo":"ponto","bairro":"S\u00c3O JOS\u00c9"}},{"type":"Feature","geometry":{"type":"Point","coordinates":[-41.315602,-21.719515]},"properties":{"nome":"653","tipo":"ponto","bairro":"S\u00c3O JOS\u00c9"}},{"type":"Feature","geometry":{"type":"Point","coordinates":[-41.315156,-21.719351]},"properties":{"nome":"654","tipo":"ponto","bairro":"S\u00c3O JOS\u00c9"}},{"type":"Feature","geometry":{"type":"Point","coordinates":[-41.314474,-21.719123]},"properties":{"nome":"656","tipo":"ponto","bairro":"S\u00c3O JOS\u00c9"}},{"type":"Feature","geometry":{"type":"Point","coordinates":[-41.314116,-21.71903]},"properties":{"nome":"657","tipo":"ponto","bairro":"S\u00c3O JOS\u00c9"}},{"type":"Feature","geometry":{"type":"Point","coordinates":[-41.313775,-21.718929]},"properties":{"nome":"658","tipo":"ponto","bairro":"S\u00c3O JOS\u00c9"}},{"type":"Feature","geometry":{"type":"Point","coordinates":[-41.313385,-21.71877]},"properties":{"nome":"659","tipo":"ponto","bairro":"S\u00c3O JOS\u00c9"}},{"type":"Feature","geometry":{"type":"Point","coordinates":[-41.313693,-21.718731]},"properties":{"nome":"660","tipo":"ponto","bairro":"S\u00c3O JOS\u00c9"}},{"type":"Feature","geometry":{"type":"Point","coordinates":[-41.314054,-21.718872]},"properties":{"nome":"661","tipo":"ponto","bairro":"S\u00c3O JOS\u00c9"}},{"type":"Feature","geometry":{"type":"Point","coordinates":[-41.314429,-21.71898]},"properties":{"nome":"662","tipo":"ponto","bairro":"S\u00c3O JOS\u00c9"}},{"type":"Feature","geometry":{"type":"Point","coordinates":[-41.315109,-21.719193]},"properties":{"nome":"664","tipo":"ponto","bairro":"S\u00c3O JOS\u00c9"}},{"type":"Feature","geometry":{"type":"Point","coordinates":[-41.315442,-21.719274]},"properties":{"nome":"665","tipo":"ponto","bairro":"S\u00c3O JOS\u00c9"}},{"type":"Feature","geometry":{"type":"Point","coordinates":[-41.316173,-21.719505]},"properties":{"nome":"667","tipo":"ponto","bairro":"S\u00c3O JOS\u00c9"}},{"type":"Feature","geometry":{"type":"Point","coordinates":[-41.316571,-21.719636]},"properties":{"nome":"668","tipo":"ponto","bairro":"S\u00c3O JOS\u00c9"}},{"type":"Feature","geometry":{"type":"Point","coordinates":[-41.316942,-21.719763]},"properties":{"nome":"669","tipo":"ponto","bairro":"S\u00c3O JOS\u00c9"}},{"type":"Feature","geometry":{"type":"Point","coordinates":[-41.31763,-21.719943]},"properties":{"nome":"671","tipo":"ponto","bairro":"S\u00c3O JOS\u00c9"}},{"type":"Feature","geometry":{"type":"Point","coordinates":[-41.318063,-21.720088]},"properties":{"nome":"672","tipo":"ponto","bairro":"S\u00c3O JOS\u00c9"}},{"type":"Feature","geometry":{"type":"Point","coordinates":[-41.318766,-21.720299]},"properties":{"nome":"674","tipo":"ponto","bairro":"S\u00c3O JOS\u00c9"}},{"type":"Feature","geometry":{"type":"Point","coordinates":[-41.319167,-21.720382]},"properties":{"nome":"675","tipo":"ponto","bairro":"S\u00c3O JOS\u00c9"}},{"type":"Feature","geometry":{"type":"Point","coordinates":[-41.319978,-21.720667]},"properties":{"nome":"677","tipo":"ponto","bairro":"S\u00c3O JOS\u00c9"}},{"type":"Feature","geometry":{"type":"Point","coordinates":[-41.32083,-21.720879]},"properties":{"nome":"679","tipo":"ponto","bairro":"S\u00c3O JOS\u00c9"}},{"type":"Feature","geometry":{"type":"Point","coordinates":[-41.32079,-21.720969]},"properties":{"nome":"680","tipo":"ponto","bairro":"S\u00c3O JOS\u00c9"}},{"type":"Feature","geometry":{"type":"Point","coordinates":[-41.320974,-21.720928]},"properties":{"nome":"681","tipo":"ponto","bairro":"S\u00c3O JOS\u00c9"}},{"type":"Feature","geometry":{"type":"Point","coordinates":[-41.321306,-21.721046]},"properties":{"nome":"683","tipo":"ponto","bairro":"S\u00c3O JOS\u00c9"}},{"type":"Feature","geometry":{"type":"Point","coordinates":[-41.321443,-21.721051]},"properties":{"nome":"684","tipo":"ponto","bairro":"S\u00c3O JOS\u00c9"}},{"type":"Feature","geometry":{"type":"Point","coordinates":[-41.321874,-21.721055]},"properties":{"nome":"686","tipo":"ponto","bairro":"S\u00c3O JOS\u00c9"}},{"type":"Feature","geometry":{"type":"Point","coordinates":[-41.320602,-21.720917]},"properties":{"nome":"687","tipo":"ponto","bairro":"S\u00c3O JOS\u00c9"}},{"type":"Feature","geometry":{"type":"Point","coordinates":[-41.320492,-21.720895]},"properties":{"nome":"688","tipo":"ponto","bairro":"S\u00c3O JOS\u00c9"}},{"type":"Feature","geometry":{"type":"Point","coordinates":[-41.320235,-21.720827]},"properties":{"nome":"689","tipo":"ponto","bairro":"S\u00c3O JOS\u00c9"}},{"type":"Feature","geometry":{"type":"Point","coordinates":[-41.31986,-21.720692]},"properties":{"nome":"691","tipo":"ponto","bairro":"S\u00c3O JOS\u00c9"}},{"type":"Feature","geometry":{"type":"Point","coordinates":[-41.319581,-21.72063]},"properties":{"nome":"692","tipo":"ponto","bairro":"S\u00c3O JOS\u00c9"}},{"type":"Feature","geometry":{"type":"Point","coordinates":[-41.319456,-21.720597]},"properties":{"nome":"693","tipo":"ponto","bairro":"S\u00c3O JOS\u00c9"}},{"type":"Feature","geometry":{"type":"Point","coordinates":[-41.319306,-21.72056]},"properties":{"nome":"694","tipo":"ponto","bairro":"S\u00c3O JOS\u00c9"}},{"type":"Feature","geometry":{"type":"Point","coordinates":[-41.319101,-21.720475]},"properties":{"nome":"695","tipo":"ponto","bairro":"S\u00c3O JOS\u00c9"}},{"type":"Feature","geometry":{"type":"Point","coordinates":[-41.318998,-21.72044]},"properties":{"nome":"696","tipo":"ponto","bairro":"S\u00c3O JOS\u00c9"}},{"type":"Feature","geometry":{"type":"Point","coordinates":[-41.318721,-21.720348]},"properties":{"nome":"697","tipo":"ponto","bairro":"S\u00c3O JOS\u00c9"}},{"type":"Feature","geometry":{"type":"Point","coordinates":[-41.318338,-21.720229]},"properties":{"nome":"699","tipo":"ponto","bairro":"S\u00c3O JOS\u00c9"}},{"type":"Feature","geometry":{"type":"Point","coordinates":[-41.31812,-21.720156]},"properties":{"nome":"700","tipo":"ponto","bairro":"S\u00c3O JOS\u00c9"}},{"type":"Feature","geometry":{"type":"Point","coordinates":[-41.317948,-21.720111]},"properties":{"nome":"701","tipo":"ponto","bairro":"S\u00c3O JOS\u00c9"}},{"type":"Feature","geometry":{"type":"Point","coordinates":[-41.317724,-21.720036]},"properties":{"nome":"702","tipo":"ponto","bairro":"S\u00c3O JOS\u00c9"}},{"type":"Feature","geometry":{"type":"Point","coordinates":[-41.317559,-21.719995]},"properties":{"nome":"703","tipo":"ponto","bairro":"S\u00c3O JOS\u00c9"}},{"type":"Feature","geometry":{"type":"Point","coordinates":[-41.317173,-21.719891]},"properties":{"nome":"704","tipo":"ponto","bairro":"S\u00c3O JOS\u00c9"}},{"type":"Feature","geometry":{"type":"Point","coordinates":[-41.316972,-21.719821]},"properties":{"nome":"705","tipo":"ponto","bairro":"S\u00c3O JOS\u00c9"}},{"type":"Feature","geometry":{"type":"Point","coordinates":[-41.316779,-21.719786]},"properties":{"nome":"706","tipo":"ponto","bairro":"S\u00c3O JOS\u00c9"}},{"type":"Feature","geometry":{"type":"Point","coordinates":[-41.316601,-21.719708]},"properties":{"nome":"707","tipo":"ponto","bairro":"S\u00c3O JOS\u00c9"}},{"type":"Feature","geometry":{"type":"Point","coordinates":[-41.316421,-21.719658]},"properties":{"nome":"708","tipo":"ponto","bairro":"S\u00c3O JOS\u00c9"}},{"type":"Feature","geometry":{"type":"Point","coordinates":[-41.316192,-21.719584]},"properties":{"nome":"709","tipo":"ponto","bairro":"S\u00c3O JOS\u00c9"}},{"type":"Feature","geometry":{"type":"Point","coordinates":[-41.316028,-21.719542]},"properties":{"nome":"710","tipo":"ponto","bairro":"S\u00c3O JOS\u00c9"}},{"type":"Feature","geometry":{"type":"Point","coordinates":[-41.315666,-21.719435]},"properties":{"nome":"712","tipo":"ponto","bairro":"S\u00c3O JOS\u00c9"}},{"type":"Feature","geometry":{"type":"Point","coordinates":[-41.315539,-21.719395]},"properties":{"nome":"713","tipo":"ponto","bairro":"S\u00c3O JOS\u00c9"}},{"type":"Feature","geometry":{"type":"Point","coordinates":[-41.315239,-21.719294]},"properties":{"nome":"714","tipo":"ponto","bairro":"S\u00c3O JOS\u00c9"}},{"type":"Feature","geometry":{"type":"Point","coordinates":[-41.31506,-21.719226]},"properties":{"nome":"715","tipo":"ponto","bairro":"S\u00c3O JOS\u00c9"}},{"type":"Feature","geometry":{"type":"Point","coordinates":[-41.315022,-21.719213]},"properties":{"nome":"716","tipo":"ponto","bairro":"S\u00c3O JOS\u00c9"}},{"type":"Feature","geometry":{"type":"Point","coordinates":[-41.314851,-21.71918]},"properties":{"nome":"717","tipo":"ponto","bairro":"S\u00c3O JOS\u00c9"}},{"type":"Feature","geometry":{"type":"Point","coordinates":[-41.314624,-21.71912]},"properties":{"nome":"718","tipo":"ponto","bairro":"S\u00c3O JOS\u00c9"}},{"type":"Feature","geometry":{"type":"Point","coordinates":[-41.314411,-21.719065]},"properties":{"nome":"719","tipo":"ponto","bairro":"S\u00c3O JOS\u00c9"}},{"type":"Feature","geometry":{"type":"Point","coordinates":[-41.314232,-21.718999]},"properties":{"nome":"720","tipo":"ponto","bairro":"S\u00c3O JOS\u00c9"}},{"type":"Feature","geometry":{"type":"Point","coordinates":[-41.313838,-21.71889]},"properties":{"nome":"722","tipo":"ponto","bairro":"S\u00c3O JOS\u00c9"}},{"type":"Feature","geometry":{"type":"Point","coordinates":[-41.313695,-21.718834]},"properties":{"nome":"723","tipo":"ponto","bairro":"S\u00c3O JOS\u00c9"}},{"type":"Feature","geometry":{"type":"Point","coordinates":[-41.313501,-21.718774]},"properties":{"nome":"724","tipo":"ponto","bairro":"S\u00c3O JOS\u00c9"}},{"type":"Feature","geometry":{"type":"Point","coordinates":[-41.313123,-21.71864]},"properties":{"nome":"726","tipo":"ponto","bairro":"S\u00c3O JOS\u00c9"}},{"type":"Feature","geometry":{"type":"Point","coordinates":[-41.312927,-21.718568]},"properties":{"nome":"727","tipo":"ponto","bairro":"S\u00c3O JOS\u00c9"}},{"type":"Feature","geometry":{"type":"Point","coordinates":[-41.314809,-21.718991]},"properties":{"nome":"730","tipo":"ponto","bairro":"S\u00c3O JOS\u00c9"}},{"type":"Feature","geometry":{"type":"Point","coordinates":[-41.314818,-21.718723]},"properties":{"nome":"7311","tipo":"ponto","bairro":"S\u00c3O JOS\u00c9"}},{"type":"Feature","geometry":{"type":"Point","coordinates":[-41.314768,-21.718451]},"properties":{"nome":"732","tipo":"ponto","bairro":"S\u00c3O JOS\u00c9"}},{"type":"Feature","geometry":{"type":"Point","coordinates":[-41.314724,-21.718161]},"properties":{"nome":"733","tipo":"ponto","bairro":"S\u00c3O JOS\u00c9"}},{"type":"Feature","geometry":{"type":"Point","coordinates":[-41.31471,-21.718135]},"properties":{"nome":"734","tipo":"ponto","bairro":"S\u00c3O JOS\u00c9"}},{"type":"Feature","geometry":{"type":"Point","coordinates":[-41.315864,-21.717918]},"properties":{"nome":"735","tipo":"ponto","bairro":"S\u00c3O JOS\u00c9"}},{"type":"Feature","geometry":{"type":"Point","coordinates":[-41.315918,-21.718165]},"properties":{"nome":"736","tipo":"ponto","bairro":"S\u00c3O JOS\u00c9"}},{"type":"Feature","geometry":{"type":"Point","coordinates":[-41.315927,-21.718304]},"properties":{"nome":"737","tipo":"ponto","bairro":"S\u00c3O JOS\u00c9"}},{"type":"Feature","geometry":{"type":"Point","coordinates":[-41.315923,-21.718375]},"properties":{"nome":"738","tipo":"ponto","bairro":"S\u00c3O JOS\u00c9"}},{"type":"Feature","geometry":{"type":"Point","coordinates":[-41.315969,-21.718863]},"properties":{"nome":"740","tipo":"ponto","bairro":"S\u00c3O JOS\u00c9"}},{"type":"Feature","geometry":{"type":"Point","coordinates":[-41.316011,-21.719024]},"properties":{"nome":"741","tipo":"ponto","bairro":"S\u00c3O JOS\u00c9"}},{"type":"Feature","geometry":{"type":"Point","coordinates":[-41.316054,-21.719329]},"properties":{"nome":"742","tipo":"ponto","bairro":"S\u00c3O JOS\u00c9"}},{"type":"Feature","geometry":{"type":"Point","coordinates":[-41.31724,-21.719743]},"properties":{"nome":"743","tipo":"ponto","bairro":"S\u00c3O JOS\u00c9"}},{"type":"Feature","geometry":{"type":"Point","coordinates":[-41.31724,-21.719736]},"properties":{"nome":"744","tipo":"ponto","bairro":"S\u00c3O JOS\u00c9"}},{"type":"Feature","geometry":{"type":"Point","coordinates":[-41.317173,-21.719397]},"properties":{"nome":"745","tipo":"ponto","bairro":"S\u00c3O JOS\u00c9"}},{"type":"Feature","geometry":{"type":"Point","coordinates":[-41.317124,-21.719084]},"properties":{"nome":"746","tipo":"ponto","bairro":"S\u00c3O JOS\u00c9"}},{"type":"Feature","geometry":{"type":"Point","coordinates":[-41.317059,-21.718422]},"properties":{"nome":"748","tipo":"ponto","bairro":"S\u00c3O JOS\u00c9"}},{"type":"Feature","geometry":{"type":"Point","coordinates":[-41.317013,-21.718104]},"properties":{"nome":"749","tipo":"ponto","bairro":"S\u00c3O JOS\u00c9"}},{"type":"Feature","geometry":{"type":"Point","coordinates":[-41.316954,-21.717794]},"properties":{"nome":"750","tipo":"ponto","bairro":"S\u00c3O JOS\u00c9"}},{"type":"Feature","geometry":{"type":"Point","coordinates":[-41.316954,-21.717763]},"properties":{"nome":"751","tipo":"ponto","bairro":"S\u00c3O JOS\u00c9"}},{"type":"Feature","geometry":{"type":"Point","coordinates":[-41.318155,-21.717506]},"properties":{"nome":"752","tipo":"ponto","bairro":"S\u00c3O JOS\u00c9"}},{"type":"Feature","geometry":{"type":"Point","coordinates":[-41.318114,-21.717566]},"properties":{"nome":"753","tipo":"ponto","bairro":"S\u00c3O JOS\u00c9"}},{"type":"Feature","geometry":{"type":"Point","coordinates":[-41.318094,-21.717889]},"properties":{"nome":"754","tipo":"ponto","bairro":"S\u00c3O JOS\u00c9"}},{"type":"Feature","geometry":{"type":"Point","coordinates":[-41.318121,-21.71819]},"properties":{"nome":"755","tipo":"ponto","bairro":"S\u00c3O JOS\u00c9"}},{"type":"Feature","geometry":{"type":"Point","coordinates":[-41.318186,-21.718567]},"properties":{"nome":"756","tipo":"ponto","bairro":"S\u00c3O JOS\u00c9"}},{"type":"Feature","geometry":{"type":"Point","coordinates":[-41.318214,-21.718748]},"properties":{"nome":"757","tipo":"ponto","bairro":"S\u00c3O JOS\u00c9"}},{"type":"Feature","geometry":{"type":"Point","coordinates":[-41.318238,-21.719026]},"properties":{"nome":"759","tipo":"ponto","bairro":"S\u00c3O JOS\u00c9"}},{"type":"Feature","geometry":{"type":"Point","coordinates":[-41.31827,-21.719244]},"properties":{"nome":"760","tipo":"ponto","bairro":"S\u00c3O JOS\u00c9"}},{"type":"Feature","geometry":{"type":"Point","coordinates":[-41.318311,-21.719423]},"properties":{"nome":"761","tipo":"ponto","bairro":"S\u00c3O JOS\u00c9"}},{"type":"Feature","geometry":{"type":"Point","coordinates":[-41.318321,-21.71963]},"properties":{"nome":"762","tipo":"ponto","bairro":"S\u00c3O JOS\u00c9"}},{"type":"Feature","geometry":{"type":"Point","coordinates":[-41.318355,-21.719834]},"properties":{"nome":"763","tipo":"ponto","bairro":"S\u00c3O JOS\u00c9"}},{"type":"Feature","geometry":{"type":"Point","coordinates":[-41.318389,-21.72]},"properties":{"nome":"764","tipo":"ponto","bairro":"S\u00c3O JOS\u00c9"}},{"type":"Feature","geometry":{"type":"Point","coordinates":[-41.318394,-21.720098]},"properties":{"nome":"765","tipo":"ponto","bairro":"S\u00c3O JOS\u00c9"}},{"type":"Feature","geometry":{"type":"Point","coordinates":[-41.319555,-21.720393]},"properties":{"nome":"766","tipo":"ponto","bairro":"S\u00c3O JOS\u00c9"}},{"type":"Feature","geometry":{"type":"Point","coordinates":[-41.319528,-21.720306]},"properties":{"nome":"767","tipo":"ponto","bairro":"S\u00c3O JOS\u00c9"}},{"type":"Feature","geometry":{"type":"Point","coordinates":[-41.319487,-21.720061]},"properties":{"nome":"768","tipo":"ponto","bairro":"S\u00c3O JOS\u00c9"}},{"type":"Feature","geometry":{"type":"Point","coordinates":[-41.319448,-21.719714]},"properties":{"nome":"770","tipo":"ponto","bairro":"S\u00c3O JOS\u00c9"}},{"type":"Feature","geometry":{"type":"Point","coordinates":[-41.319396,-21.719405]},"properties":{"nome":"771","tipo":"ponto","bairro":"S\u00c3O JOS\u00c9"}},{"type":"Feature","geometry":{"type":"Point","coordinates":[-41.319354,-21.719044]},"properties":{"nome":"772","tipo":"ponto","bairro":"S\u00c3O JOS\u00c9"}},{"type":"Feature","geometry":{"type":"Point","coordinates":[-41.319325,-21.718845]},"properties":{"nome":"773","tipo":"ponto","bairro":"S\u00c3O JOS\u00c9"}},{"type":"Feature","geometry":{"type":"Point","coordinates":[-41.319311,-21.718666]},"properties":{"nome":"774","tipo":"ponto","bairro":"S\u00c3O JOS\u00c9"}},{"type":"Feature","geometry":{"type":"Point","coordinates":[-41.319279,-21.718479]},"properties":{"nome":"775","tipo":"ponto","bairro":"S\u00c3O JOS\u00c9"}},{"type":"Feature","geometry":{"type":"Point","coordinates":[-41.319246,-21.718285]},"properties":{"nome":"776","tipo":"ponto","bairro":"S\u00c3O JOS\u00c9"}},{"type":"Feature","geometry":{"type":"Point","coordinates":[-41.319235,-21.718064]},"properties":{"nome":"777","tipo":"ponto","bairro":"S\u00c3O JOS\u00c9"}},{"type":"Feature","geometry":{"type":"Point","coordinates":[-41.319171,-21.717738]},"properties":{"nome":"779","tipo":"ponto","bairro":"S\u00c3O JOS\u00c9"}},{"type":"Feature","geometry":{"type":"Point","coordinates":[-41.319118,-21.717524]},"properties":{"nome":"780","tipo":"ponto","bairro":"S\u00c3O JOS\u00c9"}},{"type":"Feature","geometry":{"type":"Point","coordinates":[-41.319117,-21.717421]},"properties":{"nome":"781","tipo":"ponto","bairro":"S\u00c3O JOS\u00c9"}},{"type":"Feature","geometry":{"type":"Point","coordinates":[-41.319132,-21.717387]},"properties":{"nome":"782","tipo":"ponto","bairro":"S\u00c3O JOS\u00c9"}},{"type":"Feature","geometry":{"type":"Point","coordinates":[-41.318957,-21.717581]},"properties":{"nome":"783","tipo":"ponto","bairro":"S\u00c3O JOS\u00c9"}},{"type":"Feature","geometry":{"type":"Point","coordinates":[-41.318609,-21.717663]},"properties":{"nome":"784","tipo":"ponto","bairro":"S\u00c3O JOS\u00c9"}},{"type":"Feature","geometry":{"type":"Point","coordinates":[-41.318275,-21.717719]},"properties":{"nome":"785","tipo":"ponto","bairro":"S\u00c3O JOS\u00c9"}},{"type":"Feature","geometry":{"type":"Point","coordinates":[-41.319311,-21.718043]},"properties":{"nome":"786","tipo":"ponto","bairro":"S\u00c3O JOS\u00c9"}},{"type":"Feature","geometry":{"type":"Point","coordinates":[-41.319427,-21.717933]},"properties":{"nome":"787","tipo":"ponto","bairro":"S\u00c3O JOS\u00c9"}},{"type":"Feature","geometry":{"type":"Point","coordinates":[-41.31971,-21.717972]},"properties":{"nome":"788","tipo":"ponto","bairro":"S\u00c3O JOS\u00c9"}},{"type":"Feature","geometry":{"type":"Point","coordinates":[-41.319716,-21.717904]},"properties":{"nome":"789","tipo":"ponto","bairro":"S\u00c3O JOS\u00c9"}},{"type":"Feature","geometry":{"type":"Point","coordinates":[-41.320061,-21.717886]},"properties":{"nome":"790","tipo":"ponto","bairro":"S\u00c3O JOS\u00c9"}},{"type":"Feature","geometry":{"type":"Point","coordinates":[-41.320115,-21.717934]},"properties":{"nome":"7911","tipo":"ponto","bairro":"S\u00c3O JOS\u00c9"}},{"type":"Feature","geometry":{"type":"Point","coordinates":[-41.31942,-21.719088]},"properties":{"nome":"7921","tipo":"ponto","bairro":"S\u00c3O JOS\u00c9"}},{"type":"Feature","geometry":{"type":"Point","coordinates":[-41.319754,-21.719037]},"properties":{"nome":"793","tipo":"ponto","bairro":"S\u00c3O JOS\u00c9"}},{"type":"Feature","geometry":{"type":"Point","coordinates":[-41.320235,-21.718999]},"properties":{"nome":"795","tipo":"ponto","bairro":"S\u00c3O JOS\u00c9"}},{"type":"Feature","geometry":{"type":"Point","coordinates":[-41.320485,-21.718964]},"properties":{"nome":"797","tipo":"ponto","bairro":"S\u00c3O JOS\u00c9"}},{"type":"Feature","geometry":{"type":"Point","coordinates":[-41.321002,-21.718896]},"properties":{"nome":"799","tipo":"ponto","bairro":"S\u00c3O JOS\u00c9"}},{"type":"Feature","geometry":{"type":"Point","coordinates":[-41.3213,-21.718897]},"properties":{"nome":"800","tipo":"ponto","bairro":"S\u00c3O JOS\u00c9"}},{"type":"Feature","geometry":{"type":"Point","coordinates":[-41.322412,-21.714777]},"properties":{"nome":"00116","tipo":"ponto","bairro":"S\u00c3O JOS\u00c9"}},{"type":"Feature","geometry":{"type":"Point","coordinates":[-41.322268,-21.714812]},"properties":{"nome":"00216","tipo":"ponto","bairro":"S\u00c3O JOS\u00c9"}},{"type":"Feature","geometry":{"type":"Point","coordinates":[-41.322065,-21.714843]},"properties":{"nome":"00316","tipo":"ponto","bairro":"S\u00c3O JOS\u00c9"}},{"type":"Feature","geometry":{"type":"Point","coordinates":[-41.321678,-21.714904]},"properties":{"nome":"00516","tipo":"ponto","bairro":"S\u00c3O JOS\u00c9"}},{"type":"Feature","geometry":{"type":"Point","coordinates":[-41.321467,-21.71494]},"properties":{"nome":"00616","tipo":"ponto","bairro":"S\u00c3O JOS\u00c9"}},{"type":"Feature","geometry":{"type":"Point","coordinates":[-41.320873,-21.714999]},"properties":{"nome":"00816","tipo":"ponto","bairro":"S\u00c3O JOS\u00c9"}},{"type":"Feature","geometry":{"type":"Point","coordinates":[-41.320552,-21.715037]},"properties":{"nome":"00916","tipo":"ponto","bairro":"S\u00c3O JOS\u00c9"}},{"type":"Feature","geometry":{"type":"Point","coordinates":[-41.320196,-21.715095]},"properties":{"nome":"01015","tipo":"ponto","bairro":"S\u00c3O JOS\u00c9"}},{"type":"Feature","geometry":{"type":"Point","coordinates":[-41.320145,-21.715111]},"properties":{"nome":"01115","tipo":"ponto","bairro":"S\u00c3O JOS\u00c9"}},{"type":"Feature","geometry":{"type":"Point","coordinates":[-41.320028,-21.715303]},"properties":{"nome":"01215","tipo":"ponto","bairro":"S\u00c3O JOS\u00c9"}},{"type":"Feature","geometry":{"type":"Point","coordinates":[-41.320019,-21.715458]},"properties":{"nome":"01315","tipo":"ponto","bairro":"S\u00c3O JOS\u00c9"}},{"type":"Feature","geometry":{"type":"Point","coordinates":[-41.320022,-21.715643]},"properties":{"nome":"01415","tipo":"ponto","bairro":"S\u00c3O JOS\u00c9"}},{"type":"Feature","geometry":{"type":"Point","coordinates":[-41.320109,-21.716046]},"properties":{"nome":"01615","tipo":"ponto","bairro":"S\u00c3O JOS\u00c9"}},{"type":"Feature","geometry":{"type":"Point","coordinates":[-41.320134,-21.716318]},"properties":{"nome":"01715","tipo":"ponto","bairro":"S\u00c3O JOS\u00c9"}},{"type":"Feature","geometry":{"type":"Point","coordinates":[-41.320155,-21.716488]},"properties":{"nome":"01815","tipo":"ponto","bairro":"S\u00c3O JOS\u00c9"}},{"type":"Feature","geometry":{"type":"Point","coordinates":[-41.320198,-21.716691]},"properties":{"nome":"01915","tipo":"ponto","bairro":"S\u00c3O JOS\u00c9"}},{"type":"Feature","geometry":{"type":"Point","coordinates":[-41.320233,-21.716868]},"properties":{"nome":"02015","tipo":"ponto","bairro":"S\u00c3O JOS\u00c9"}},{"type":"Feature","geometry":{"type":"Point","coordinates":[-41.32031,-21.716589]},"properties":{"nome":"02115","tipo":"ponto","bairro":"S\u00c3O JOS\u00c9"}},{"type":"Feature","geometry":{"type":"Point","coordinates":[-41.320683,-21.716708]},"properties":{"nome":"02215","tipo":"ponto","bairro":"S\u00c3O JOS\u00c9"}},{"type":"Feature","geometry":{"type":"Point","coordinates":[-41.319403,-21.717037]},"properties":{"nome":"02315","tipo":"ponto","bairro":"S\u00c3O JOS\u00c9"}},{"type":"Feature","geometry":{"type":"Point","coordinates":[-41.31951,-21.716672]},"properties":{"nome":"02415","tipo":"ponto","bairro":"S\u00c3O JOS\u00c9"}},{"type":"Feature","geometry":{"type":"Point","coordinates":[-41.319601,-21.716318]},"properties":{"nome":"02615","tipo":"ponto","bairro":"S\u00c3O JOS\u00c9"}},{"type":"Feature","geometry":{"type":"Point","coordinates":[-41.319699,-21.715914]},"properties":{"nome":"02715","tipo":"ponto","bairro":"S\u00c3O JOS\u00c9"}},{"type":"Feature","geometry":{"type":"Point","coordinates":[-41.31975,-21.715593]},"properties":{"nome":"02815","tipo":"ponto","bairro":"S\u00c3O JOS\u00c9"}},{"type":"Feature","geometry":{"type":"Point","coordinates":[-41.319798,-21.715456]},"properties":{"nome":"02915","tipo":"ponto","bairro":"S\u00c3O JOS\u00c9"}},{"type":"Feature","geometry":{"type":"Point","coordinates":[-41.320002,-21.714988]},"properties":{"nome":"03014","tipo":"ponto","bairro":"S\u00c3O JOS\u00c9"}},{"type":"Feature","geometry":{"type":"Point","coordinates":[-41.320216,-21.714655]},"properties":{"nome":"03114","tipo":"ponto","bairro":"S\u00c3O JOS\u00c9"}},{"type":"Feature","geometry":{"type":"Point","coordinates":[-41.320572,-21.714215]},"properties":{"nome":"03314","tipo":"ponto","bairro":"S\u00c3O JOS\u00c9"}},{"type":"Feature","geometry":{"type":"Point","coordinates":[-41.320702,-21.714104]},"properties":{"nome":"03414","tipo":"ponto","bairro":"S\u00c3O JOS\u00c9"}},{"type":"Feature","geometry":{"type":"Point","coordinates":[-41.320867,-21.713602]},"properties":{"nome":"03714","tipo":"ponto","bairro":"S\u00c3O JOS\u00c9"}},{"type":"Feature","geometry":{"type":"Point","coordinates":[-41.320889,-21.713333]},"properties":{"nome":"03814","tipo":"ponto","bairro":"S\u00c3O JOS\u00c9"}},{"type":"Feature","geometry":{"type":"Point","coordinates":[-41.32101,-21.712835]},"properties":{"nome":"04014","tipo":"ponto","bairro":"S\u00c3O JOS\u00c9"}},{"type":"Feature","geometry":{"type":"Point","coordinates":[-41.32122,-21.712698]},"properties":{"nome":"04114","tipo":"ponto","bairro":"S\u00c3O JOS\u00c9"}},{"type":"Feature","geometry":{"type":"Point","coordinates":[-41.321547,-21.712535]},"properties":{"nome":"04213","tipo":"ponto","bairro":"S\u00c3O JOS\u00c9"}},{"type":"Feature","geometry":{"type":"Point","coordinates":[-41.321946,-21.712419]},"properties":{"nome":"04313","tipo":"ponto","bairro":"S\u00c3O JOS\u00c9"}},{"type":"Feature","geometry":{"type":"Point","coordinates":[-41.322195,-21.712444]},"properties":{"nome":"04513","tipo":"ponto","bairro":"S\u00c3O JOS\u00c9"}},{"type":"Feature","geometry":{"type":"Point","coordinates":[-41.322203,-21.712381]},"properties":{"nome":"04613","tipo":"ponto","bairro":"S\u00c3O JOS\u00c9"}},{"type":"Feature","geometry":{"type":"Point","coordinates":[-41.322272,-21.712197]},"properties":{"nome":"04713","tipo":"ponto","bairro":"S\u00c3O JOS\u00c9"}},{"type":"Feature","geometry":{"type":"Point","coordinates":[-41.32233,-21.711916]},"properties":{"nome":"04913","tipo":"ponto","bairro":"S\u00c3O JOS\u00c9"}},{"type":"Feature","geometry":{"type":"Point","coordinates":[-41.322392,-21.711705]},"properties":{"nome":"05013","tipo":"ponto","bairro":"S\u00c3O JOS\u00c9"}},{"type":"Feature","geometry":{"type":"Point","coordinates":[-41.32244,-21.711651]},"properties":{"nome":"05113","tipo":"ponto","bairro":"S\u00c3O JOS\u00c9"}},{"type":"Feature","geometry":{"type":"Point","coordinates":[-41.322826,-21.711579]},"properties":{"nome":"05213","tipo":"ponto","bairro":"S\u00c3O JOS\u00c9"}},{"type":"Feature","geometry":{"type":"Point","coordinates":[-41.322995,-21.711566]},"properties":{"nome":"05313","tipo":"ponto","bairro":"S\u00c3O JOS\u00c9"}},{"type":"Feature","geometry":{"type":"Point","coordinates":[-41.323254,-21.710203]},"properties":{"nome":"05413","tipo":"ponto","bairro":"S\u00c3O JOS\u00c9"}},{"type":"Feature","geometry":{"type":"Point","coordinates":[-41.32334,-21.710309]},"properties":{"nome":"05513","tipo":"ponto","bairro":"S\u00c3O JOS\u00c9"}},{"type":"Feature","geometry":{"type":"Point","coordinates":[-41.323356,-21.710555]},"properties":{"nome":"05613","tipo":"ponto","bairro":"S\u00c3O JOS\u00c9"}},{"type":"Feature","geometry":{"type":"Point","coordinates":[-41.32337,-21.710843]},"properties":{"nome":"05713","tipo":"ponto","bairro":"S\u00c3O JOS\u00c9"}},{"type":"Feature","geometry":{"type":"Point","coordinates":[-41.32338,-21.71122]},"properties":{"nome":"05813","tipo":"ponto","bairro":"S\u00c3O JOS\u00c9"}},{"type":"Feature","geometry":{"type":"Point","coordinates":[-41.323355,-21.711535]},"properties":{"nome":"05913","tipo":"ponto","bairro":"S\u00c3O JOS\u00c9"}},{"type":"Feature","geometry":{"type":"Point","coordinates":[-41.323701,-21.712028]},"properties":{"nome":"06113","tipo":"ponto","bairro":"S\u00c3O JOS\u00c9"}},{"type":"Feature","geometry":{"type":"Point","coordinates":[-41.323821,-21.712153]},"properties":{"nome":"06213","tipo":"ponto","bairro":"S\u00c3O JOS\u00c9"}},{"type":"Feature","geometry":{"type":"Point","coordinates":[-41.323943,-21.712323]},"properties":{"nome":"06313","tipo":"ponto","bairro":"S\u00c3O JOS\u00c9"}},{"type":"Feature","geometry":{"type":"Point","coordinates":[-41.321993,-21.712801]},"properties":{"nome":"06412","tipo":"ponto","bairro":"S\u00c3O JOS\u00c9"}},{"type":"Feature","geometry":{"type":"Point","coordinates":[-41.322377,-21.712702]},"properties":{"nome":"06512","tipo":"ponto","bairro":"S\u00c3O JOS\u00c9"}},{"type":"Feature","geometry":{"type":"Point","coordinates":[-41.322787,-21.712624]},"properties":{"nome":"06712","tipo":"ponto","bairro":"S\u00c3O JOS\u00c9"}},{"type":"Feature","geometry":{"type":"Point","coordinates":[-41.32317,-21.71252]},"properties":{"nome":"06813","tipo":"ponto","bairro":"S\u00c3O JOS\u00c9"}},{"type":"Feature","geometry":{"type":"Point","coordinates":[-41.323323,-21.712516]},"properties":{"nome":"06912","tipo":"ponto","bairro":"S\u00c3O JOS\u00c9"}},{"type":"Feature","geometry":{"type":"Point","coordinates":[-41.323582,-21.712461]},"properties":{"nome":"07012","tipo":"ponto","bairro":"S\u00c3O JOS\u00c9"}},{"type":"Feature","geometry":{"type":"Point","coordinates":[-41.324109,-21.712369]},"properties":{"nome":"07212","tipo":"ponto","bairro":"S\u00c3O JOS\u00c9"}},{"type":"Feature","geometry":{"type":"Point","coordinates":[-41.324191,-21.712689]},"properties":{"nome":"07312","tipo":"ponto","bairro":"S\u00c3O JOS\u00c9"}},{"type":"Feature","geometry":{"type":"Point","coordinates":[-41.323969,-21.712931]},"properties":{"nome":"07412","tipo":"ponto","bairro":"S\u00c3O JOS\u00c9"}},{"type":"Feature","geometry":{"type":"Point","coordinates":[-41.32386,-21.713011]},"properties":{"nome":"07512","tipo":"ponto","bairro":"S\u00c3O JOS\u00c9"}},{"type":"Feature","geometry":{"type":"Point","coordinates":[-41.323615,-21.713289]},"properties":{"nome":"07611","tipo":"ponto","bairro":"S\u00c3O JOS\u00c9"}},{"type":"Feature","geometry":{"type":"Point","coordinates":[-41.323411,-21.713485]},"properties":{"nome":"07711","tipo":"ponto","bairro":"S\u00c3O JOS\u00c9"}},{"type":"Feature","geometry":{"type":"Point","coordinates":[-41.323192,-21.713717]},"properties":{"nome":"07910","tipo":"ponto","bairro":"S\u00c3O JOS\u00c9"}},{"type":"Feature","geometry":{"type":"Point","coordinates":[-41.322949,-21.714047]},"properties":{"nome":"08010","tipo":"ponto","bairro":"S\u00c3O JOS\u00c9"}},{"type":"Feature","geometry":{"type":"Point","coordinates":[-41.322812,-21.714341]},"properties":{"nome":"08110","tipo":"ponto","bairro":"S\u00c3O JOS\u00c9"}},{"type":"Feature","geometry":{"type":"Point","coordinates":[-41.322726,-21.714577]},"properties":{"nome":"08210","tipo":"ponto","bairro":"S\u00c3O JOS\u00c9"}},{"type":"Feature","geometry":{"type":"Point","coordinates":[-41.322654,-21.714718]},"properties":{"nome":"08310","tipo":"ponto","bairro":"S\u00c3O JOS\u00c9"}},{"type":"Feature","geometry":{"type":"Point","coordinates":[-41.322657,-21.714779]},"properties":{"nome":"0849","tipo":"ponto","bairro":"S\u00c3O JOS\u00c9"}},{"type":"Feature","geometry":{"type":"Point","coordinates":[-41.322611,-21.715384]},"properties":{"nome":"0908","tipo":"ponto","bairro":"S\u00c3O JOS\u00c9"}},{"type":"Feature","geometry":{"type":"Point","coordinates":[-41.322534,-21.715729]},"properties":{"nome":"0918","tipo":"ponto","bairro":"S\u00c3O JOS\u00c9"}},{"type":"Feature","geometry":{"type":"Point","coordinates":[-41.329575,-21.715566]},"properties":{"nome":"0928","tipo":"ponto","bairro":"S\u00c3O JOS\u00c9"}},{"type":"Feature","geometry":{"type":"Point","coordinates":[-41.32963,-21.715489]},"properties":{"nome":"0938","tipo":"ponto","bairro":"S\u00c3O JOS\u00c9"}},{"type":"Feature","geometry":{"type":"Point","coordinates":[-41.329719,-21.715238]},"properties":{"nome":"0948","tipo":"ponto","bairro":"S\u00c3O JOS\u00c9"}},{"type":"Feature","geometry":{"type":"Point","coordinates":[-41.329707,-21.714986]},"properties":{"nome":"0958","tipo":"ponto","bairro":"S\u00c3O JOS\u00c9"}},{"type":"Feature","geometry":{"type":"Point","coordinates":[-41.329742,-21.714755]},"properties":{"nome":"0968","tipo":"ponto","bairro":"S\u00c3O JOS\u00c9"}},{"type":"Feature","geometry":{"type":"Point","coordinates":[-41.329733,-21.714448]},"properties":{"nome":"0977","tipo":"ponto","bairro":"S\u00c3O JOS\u00c9"}},{"type":"Feature","geometry":{"type":"Point","coordinates":[-41.329621,-21.71427]},"properties":{"nome":"0987","tipo":"ponto","bairro":"S\u00c3O JOS\u00c9"}},{"type":"Feature","geometry":{"type":"Point","coordinates":[-41.329542,-21.714393]},"properties":{"nome":"0997","tipo":"ponto","bairro":"S\u00c3O JOS\u00c9"}},{"type":"Feature","geometry":{"type":"Point","coordinates":[-41.329319,-21.714502]},"properties":{"nome":"1007","tipo":"ponto","bairro":"S\u00c3O JOS\u00c9"}},{"type":"Feature","geometry":{"type":"Point","coordinates":[-41.328968,-21.714771]},"properties":{"nome":"1018","tipo":"ponto","bairro":"S\u00c3O JOS\u00c9"}},{"type":"Feature","geometry":{"type":"Point","coordinates":[-41.328722,-21.714953]},"properties":{"nome":"1028","tipo":"ponto","bairro":"S\u00c3O JOS\u00c9"}},{"type":"Feature","geometry":{"type":"Point","coordinates":[-41.328325,-21.715167]},"properties":{"nome":"1048","tipo":"ponto","bairro":"S\u00c3O JOS\u00c9"}},{"type":"Feature","geometry":{"type":"Point","coordinates":[-41.328149,-21.715274]},"properties":{"nome":"1057","tipo":"ponto","bairro":"S\u00c3O JOS\u00c9"}},{"type":"Feature","geometry":{"type":"Point","coordinates":[-41.328016,-21.715389]},"properties":{"nome":"1067","tipo":"ponto","bairro":"S\u00c3O JOS\u00c9"}},{"type":"Feature","geometry":{"type":"Point","coordinates":[-41.327953,-21.715052]},"properties":{"nome":"1077","tipo":"ponto","bairro":"S\u00c3O JOS\u00c9"}},{"type":"Feature","geometry":{"type":"Point","coordinates":[-41.327858,-21.714958]},"properties":{"nome":"1087","tipo":"ponto","bairro":"S\u00c3O JOS\u00c9"}},{"type":"Feature","geometry":{"type":"Point","coordinates":[-41.327644,-21.714724]},"properties":{"nome":"1097","tipo":"ponto","bairro":"S\u00c3O JOS\u00c9"}},{"type":"Feature","geometry":{"type":"Point","coordinates":[-41.327502,-21.714565]},"properties":{"nome":"1107","tipo":"ponto","bairro":"S\u00c3O JOS\u00c9"}},{"type":"Feature","geometry":{"type":"Point","coordinates":[-41.327143,-21.714438]},"properties":{"nome":"1128","tipo":"ponto","bairro":"S\u00c3O JOS\u00c9"}},{"type":"Feature","geometry":{"type":"Point","coordinates":[-41.327081,-21.714657]},"properties":{"nome":"1137","tipo":"ponto","bairro":"S\u00c3O JOS\u00c9"}},{"type":"Feature","geometry":{"type":"Point","coordinates":[-41.326889,-21.715091]},"properties":{"nome":"1157","tipo":"ponto","bairro":"S\u00c3O JOS\u00c9"}},{"type":"Feature","geometry":{"type":"Point","coordinates":[-41.326706,-21.71555]},"properties":{"nome":"1177","tipo":"ponto","bairro":"S\u00c3O JOS\u00c9"}},{"type":"Feature","geometry":{"type":"Point","coordinates":[-41.326653,-21.715691]},"properties":{"nome":"1187","tipo":"ponto","bairro":"S\u00c3O JOS\u00c9"}},{"type":"Feature","geometry":{"type":"Point","coordinates":[-41.32764,-21.715537]},"properties":{"nome":"1197","tipo":"ponto","bairro":"S\u00c3O JOS\u00c9"}},{"type":"Feature","geometry":{"type":"Point","coordinates":[-41.327539,-21.715483]},"properties":{"nome":"1207","tipo":"ponto","bairro":"S\u00c3O JOS\u00c9"}},{"type":"Feature","geometry":{"type":"Point","coordinates":[-41.327274,-21.715423]},"properties":{"nome":"1218","tipo":"ponto","bairro":"S\u00c3O JOS\u00c9"}},{"type":"Feature","geometry":{"type":"Point","coordinates":[-41.326906,-21.715287]},"properties":{"nome":"1227","tipo":"ponto","bairro":"S\u00c3O JOS\u00c9"}},{"type":"Feature","geometry":{"type":"Point","coordinates":[-41.326593,-21.715227]},"properties":{"nome":"1247","tipo":"ponto","bairro":"S\u00c3O JOS\u00c9"}},{"type":"Feature","geometry":{"type":"Point","coordinates":[-41.326431,-21.715151]},"properties":{"nome":"1257","tipo":"ponto","bairro":"S\u00c3O JOS\u00c9"}},{"type":"Feature","geometry":{"type":"Point","coordinates":[-41.326136,-21.715104]},"properties":{"nome":"1267","tipo":"ponto","bairro":"S\u00c3O JOS\u00c9"}},{"type":"Feature","geometry":{"type":"Point","coordinates":[-41.325949,-21.715844]},"properties":{"nome":"1277","tipo":"ponto","bairro":"S\u00c3O JOS\u00c9"}},{"type":"Feature","geometry":{"type":"Point","coordinates":[-41.325948,-21.715819]},"properties":{"nome":"1287","tipo":"ponto","bairro":"S\u00c3O JOS\u00c9"}},{"type":"Feature","geometry":{"type":"Point","coordinates":[-41.325933,-21.715647]},"properties":{"nome":"1297","tipo":"ponto","bairro":"S\u00c3O JOS\u00c9"}},{"type":"Feature","geometry":{"type":"Point","coordinates":[-41.325903,-21.715466]},"properties":{"nome":"1307","tipo":"ponto","bairro":"S\u00c3O JOS\u00c9"}},{"type":"Feature","geometry":{"type":"Point","coordinates":[-41.325861,-21.715081]},"properties":{"nome":"1328","tipo":"ponto","bairro":"S\u00c3O JOS\u00c9"}},{"type":"Feature","geometry":{"type":"Point","coordinates":[-41.325851,-21.714976]},"properties":{"nome":"1337","tipo":"ponto","bairro":"S\u00c3O JOS\u00c9"}},{"type":"Feature","geometry":{"type":"Point","coordinates":[-41.325828,-21.714795]},"properties":{"nome":"1347","tipo":"ponto","bairro":"S\u00c3O JOS\u00c9"}},{"type":"Feature","geometry":{"type":"Point","coordinates":[-41.326898,-21.714286]},"properties":{"nome":"1357","tipo":"ponto","bairro":"S\u00c3O JOS\u00c9"}},{"type":"Feature","geometry":{"type":"Point","coordinates":[-41.326682,-21.714259]},"properties":{"nome":"1367","tipo":"ponto","bairro":"S\u00c3O JOS\u00c9"}},{"type":"Feature","geometry":{"type":"Point","coordinates":[-41.326549,-21.714269]},"properties":{"nome":"1376","tipo":"ponto","bairro":"S\u00c3O JOS\u00c9"}},{"type":"Feature","geometry":{"type":"Point","coordinates":[-41.326301,-21.71428]},"properties":{"nome":"1386","tipo":"ponto","bairro":"S\u00c3O JOS\u00c9"}},{"type":"Feature","geometry":{"type":"Point","coordinates":[-41.32616,-21.714376]},"properties":{"nome":"1396","tipo":"ponto","bairro":"S\u00c3O JOS\u00c9"}},{"type":"Feature","geometry":{"type":"Point","coordinates":[-41.326052,-21.714481]},"properties":{"nome":"1406","tipo":"ponto","bairro":"S\u00c3O JOS\u00c9"}},{"type":"Feature","geometry":{"type":"Point","coordinates":[-41.325933,-21.714545]},"properties":{"nome":"1416","tipo":"ponto","bairro":"S\u00c3O JOS\u00c9"}},{"type":"Feature","geometry":{"type":"Point","coordinates":[-41.325769,-21.71474]},"properties":{"nome":"1426","tipo":"ponto","bairro":"S\u00c3O JOS\u00c9"}},{"type":"Feature","geometry":{"type":"Point","coordinates":[-41.325629,-21.714906]},"properties":{"nome":"1436","tipo":"ponto","bairro":"S\u00c3O JOS\u00c9"}},{"type":"Feature","geometry":{"type":"Point","coordinates":[-41.325518,-21.715028]},"properties":{"nome":"1447","tipo":"ponto","bairro":"S\u00c3O JOS\u00c9"}},{"type":"Feature","geometry":{"type":"Point","coordinates":[-41.325403,-21.715109]},"properties":{"nome":"1456","tipo":"ponto","bairro":"S\u00c3O JOS\u00c9"}},{"type":"Feature","geometry":{"type":"Point","coordinates":[-41.32522,-21.715252]},"properties":{"nome":"1466","tipo":"ponto","bairro":"S\u00c3O JOS\u00c9"}},{"type":"Feature","geometry":{"type":"Point","coordinates":[-41.325196,-21.715269]},"properties":{"nome":"1476","tipo":"ponto","bairro":"S\u00c3O JOS\u00c9"}},{"type":"Feature","geometry":{"type":"Point","coordinates":[-41.324816,-21.715315]},"properties":{"nome":"1486","tipo":"ponto","bairro":"S\u00c3O JOS\u00c9"}},{"type":"Feature","geometry":{"type":"Point","coordinates":[-41.324644,-21.715478]},"properties":{"nome":"1496","tipo":"ponto","bairro":"S\u00c3O JOS\u00c9"}},{"type":"Feature","geometry":{"type":"Point","coordinates":[-41.324632,-21.71573]},"properties":{"nome":"1506","tipo":"ponto","bairro":"S\u00c3O JOS\u00c9"}},{"type":"Feature","geometry":{"type":"Point","coordinates":[-41.324455,-21.715424]},"properties":{"nome":"1526","tipo":"ponto","bairro":"S\u00c3O JOS\u00c9"}},{"type":"Feature","geometry":{"type":"Point","coordinates":[-41.324141,-21.715478]},"properties":{"nome":"1536","tipo":"ponto","bairro":"S\u00c3O JOS\u00c9"}},{"type":"Feature","geometry":{"type":"Point","coordinates":[-41.32383,-21.715561]},"properties":{"nome":"1547","tipo":"ponto","bairro":"S\u00c3O JOS\u00c9"}},{"type":"Feature","geometry":{"type":"Point","coordinates":[-41.323652,-21.715655]},"properties":{"nome":"1556","tipo":"ponto","bairro":"S\u00c3O JOS\u00c9"}},{"type":"Feature","geometry":{"type":"Point","coordinates":[-41.323478,-21.7157]},"properties":{"nome":"1566","tipo":"ponto","bairro":"S\u00c3O JOS\u00c9"}},{"type":"Feature","geometry":{"type":"Point","coordinates":[-41.323186,-21.715775]},"properties":{"nome":"1576","tipo":"ponto","bairro":"S\u00c3O JOS\u00c9"}},{"type":"Feature","geometry":{"type":"Point","coordinates":[-41.322965,-21.715884]},"properties":{"nome":"1587","tipo":"ponto","bairro":"S\u00c3O JOS\u00c9"}},{"type":"Feature","geometry":{"type":"Point","coordinates":[-41.322834,-21.715901]},"properties":{"nome":"1596","tipo":"ponto","bairro":"S\u00c3O JOS\u00c9"}},{"type":"Feature","geometry":{"type":"Point","coordinates":[-41.322506,-21.716003]},"properties":{"nome":"1606","tipo":"ponto","bairro":"S\u00c3O JOS\u00c9"}},{"type":"Feature","geometry":{"type":"Point","coordinates":[-41.322479,-21.71619]},"properties":{"nome":"1617","tipo":"ponto","bairro":"S\u00c3O JOS\u00c9"}},{"type":"Feature","geometry":{"type":"Point","coordinates":[-41.322489,-21.716457]},"properties":{"nome":"1626","tipo":"ponto","bairro":"S\u00c3O JOS\u00c9"}},{"type":"Feature","geometry":{"type":"Point","coordinates":[-41.322338,-21.716161]},"properties":{"nome":"1636","tipo":"ponto","bairro":"S\u00c3O JOS\u00c9"}},{"type":"Feature","geometry":{"type":"Point","coordinates":[-41.322154,-21.71632]},"properties":{"nome":"1646","tipo":"ponto","bairro":"S\u00c3O JOS\u00c9"}},{"type":"Feature","geometry":{"type":"Point","coordinates":[-41.322102,-21.716366]},"properties":{"nome":"1656","tipo":"ponto","bairro":"S\u00c3O JOS\u00c9"}},{"type":"Feature","geometry":{"type":"Point","coordinates":[-41.321301,-21.713938]},"properties":{"nome":"1676","tipo":"ponto","bairro":"S\u00c3O JOS\u00c9"}},{"type":"Feature","geometry":{"type":"Point","coordinates":[-41.321497,-21.71389]},"properties":{"nome":"1686","tipo":"ponto","bairro":"S\u00c3O JOS\u00c9"}},{"type":"Feature","geometry":{"type":"Point","coordinates":[-41.321682,-21.713851]},"properties":{"nome":"1696","tipo":"ponto","bairro":"S\u00c3O JOS\u00c9"}},{"type":"Feature","geometry":{"type":"Point","coordinates":[-41.321858,-21.713812]},"properties":{"nome":"1706","tipo":"ponto","bairro":"S\u00c3O JOS\u00c9"}},{"type":"Feature","geometry":{"type":"Point","coordinates":[-41.322083,-21.713773]},"properties":{"nome":"1716","tipo":"ponto","bairro":"S\u00c3O JOS\u00c9"}},{"type":"Feature","geometry":{"type":"Point","coordinates":[-41.322269,-21.713725]},"properties":{"nome":"1727","tipo":"ponto","bairro":"S\u00c3O JOS\u00c9"}},{"type":"Feature","geometry":{"type":"Point","coordinates":[-41.322472,-21.713681]},"properties":{"nome":"1736","tipo":"ponto","bairro":"S\u00c3O JOS\u00c9"}},{"type":"Feature","geometry":{"type":"Point","coordinates":[-41.322662,-21.713679]},"properties":{"nome":"1746","tipo":"ponto","bairro":"S\u00c3O JOS\u00c9"}},{"type":"Feature","geometry":{"type":"Point","coordinates":[-41.321914,-21.712783]},"properties":{"nome":"1776","tipo":"ponto","bairro":"S\u00c3O JOS\u00c9"}},{"type":"Feature","geometry":{"type":"Point","coordinates":[-41.321749,-21.71296]},"properties":{"nome":"1786","tipo":"ponto","bairro":"S\u00c3O JOS\u00c9"}},{"type":"Feature","geometry":{"type":"Point","coordinates":[-41.321665,-21.713038]},"properties":{"nome":"1796","tipo":"ponto","bairro":"S\u00c3O JOS\u00c9"}},{"type":"Feature","geometry":{"type":"Point","coordinates":[-41.321523,-21.713167]},"properties":{"nome":"1806","tipo":"ponto","bairro":"S\u00c3O JOS\u00c9"}},{"type":"Feature","geometry":{"type":"Point","coordinates":[-41.321247,-21.713468]},"properties":{"nome":"1826","tipo":"ponto","bairro":"S\u00c3O JOS\u00c9"}},{"type":"Feature","geometry":{"type":"Point","coordinates":[-41.32102,-21.713715]},"properties":{"nome":"1836","tipo":"ponto","bairro":"S\u00c3O JOS\u00c9"}},{"type":"Feature","geometry":{"type":"Point","coordinates":[-41.320983,-21.713957]},"properties":{"nome":"1847","tipo":"ponto","bairro":"S\u00c3O JOS\u00c9"}},{"type":"Feature","geometry":{"type":"Point","coordinates":[-41.320964,-21.714086]},"properties":{"nome":"1856","tipo":"ponto","bairro":"S\u00c3O JOS\u00c9"}},{"type":"Feature","geometry":{"type":"Point","coordinates":[-41.320989,-21.714239]},"properties":{"nome":"1866","tipo":"ponto","bairro":"S\u00c3O JOS\u00c9"}},{"type":"Feature","geometry":{"type":"Point","coordinates":[-41.321034,-21.714488]},"properties":{"nome":"1876","tipo":"ponto","bairro":"S\u00c3O JOS\u00c9"}},{"type":"Feature","geometry":{"type":"Point","coordinates":[-41.32106,-21.714694]},"properties":{"nome":"1886","tipo":"ponto","bairro":"S\u00c3O JOS\u00c9"}},{"type":"Feature","geometry":{"type":"Point","coordinates":[-41.321106,-21.715035]},"properties":{"nome":"1907","tipo":"ponto","bairro":"S\u00c3O JOS\u00c9"}},{"type":"Feature","geometry":{"type":"Point","coordinates":[-41.321118,-21.715202]},"properties":{"nome":"1917","tipo":"ponto","bairro":"S\u00c3O JOS\u00c9"}},{"type":"Feature","geometry":{"type":"Point","coordinates":[-41.321131,-21.715346]},"properties":{"nome":"1926","tipo":"ponto","bairro":"S\u00c3O JOS\u00c9"}},{"type":"Feature","geometry":{"type":"Point","coordinates":[-41.321119,-21.715384]},"properties":{"nome":"1936","tipo":"ponto","bairro":"S\u00c3O JOS\u00c9"}},{"type":"Feature","geometry":{"type":"Point","coordinates":[-41.321162,-21.715549]},"properties":{"nome":"1946","tipo":"ponto","bairro":"S\u00c3O JOS\u00c9"}},{"type":"Feature","geometry":{"type":"Point","coordinates":[-41.321187,-21.715767]},"properties":{"nome":"1956","tipo":"ponto","bairro":"S\u00c3O JOS\u00c9"}},{"type":"Feature","geometry":{"type":"Point","coordinates":[-41.32121,-21.715926]},"properties":{"nome":"1967","tipo":"ponto","bairro":"S\u00c3O JOS\u00c9"}},{"type":"Feature","geometry":{"type":"Point","coordinates":[-41.321221,-21.716163]},"properties":{"nome":"1976","tipo":"ponto","bairro":"S\u00c3O JOS\u00c9"}},{"type":"Feature","geometry":{"type":"Point","coordinates":[-41.321238,-21.716312]},"properties":{"nome":"1996","tipo":"ponto","bairro":"S\u00c3O JOS\u00c9"}},{"type":"Feature","geometry":{"type":"Point","coordinates":[-41.321315,-21.716701]},"properties":{"nome":"2006","tipo":"ponto","bairro":"S\u00c3O JOS\u00c9"}},{"type":"Feature","geometry":{"type":"Point","coordinates":[-41.321321,-21.717036]},"properties":{"nome":"2016","tipo":"ponto","bairro":"S\u00c3O JOS\u00c9"}},{"type":"Feature","geometry":{"type":"Point","coordinates":[-41.321231,-21.717011]},"properties":{"nome":"2027","tipo":"ponto","bairro":"S\u00c3O JOS\u00c9"}},{"type":"Feature","geometry":{"type":"Point","coordinates":[-41.321324,-21.717131]},"properties":{"nome":"2036","tipo":"ponto","bairro":"S\u00c3O JOS\u00c9"}},{"type":"Feature","geometry":{"type":"Point","coordinates":[-41.321288,-21.717207]},"properties":{"nome":"2046","tipo":"ponto","bairro":"S\u00c3O JOS\u00c9"}},{"type":"Feature","geometry":{"type":"Point","coordinates":[-41.321305,-21.717353]},"properties":{"nome":"2056","tipo":"ponto","bairro":"S\u00c3O JOS\u00c9"}},{"type":"Feature","geometry":{"type":"Point","coordinates":[-41.321375,-21.717385]},"properties":{"nome":"2066","tipo":"ponto","bairro":"S\u00c3O JOS\u00c9"}},{"type":"Feature","geometry":{"type":"Point","coordinates":[-41.321397,-21.717655]},"properties":{"nome":"2075","tipo":"ponto","bairro":"S\u00c3O JOS\u00c9"}},{"type":"Feature","geometry":{"type":"Point","coordinates":[-41.321307,-21.717756]},"properties":{"nome":"2085","tipo":"ponto","bairro":"S\u00c3O JOS\u00c9"}},{"type":"Feature","geometry":{"type":"Point","coordinates":[-41.321418,-21.717809]},"properties":{"nome":"2095","tipo":"ponto","bairro":"S\u00c3O JOS\u00c9"}},{"type":"Feature","geometry":{"type":"Point","coordinates":[-41.321385,-21.71806]},"properties":{"nome":"2107","tipo":"ponto","bairro":"S\u00c3O JOS\u00c9"}},{"type":"Feature","geometry":{"type":"Point","coordinates":[-41.321524,-21.718502]},"properties":{"nome":"2125","tipo":"ponto","bairro":"S\u00c3O JOS\u00c9"}},{"type":"Feature","geometry":{"type":"Point","coordinates":[-41.321454,-21.71847]},"properties":{"nome":"2135","tipo":"ponto","bairro":"S\u00c3O JOS\u00c9"}},{"type":"Feature","geometry":{"type":"Point","coordinates":[-41.321472,-21.718824]},"properties":{"nome":"2155","tipo":"ponto","bairro":"S\u00c3O JOS\u00c9"}},{"type":"Feature","geometry":{"type":"Point","coordinates":[-41.321582,-21.718976]},"properties":{"nome":"2165","tipo":"ponto","bairro":"S\u00c3O JOS\u00c9"}},{"type":"Feature","geometry":{"type":"Point","coordinates":[-41.321524,-21.719101]},"properties":{"nome":"2175","tipo":"ponto","bairro":"S\u00c3O JOS\u00c9"}},{"type":"Feature","geometry":{"type":"Point","coordinates":[-41.32159,-21.719172]},"properties":{"nome":"2185","tipo":"ponto","bairro":"S\u00c3O JOS\u00c9"}},{"type":"Feature","geometry":{"type":"Point","coordinates":[-41.321619,-21.719351]},"properties":{"nome":"2195","tipo":"ponto","bairro":"S\u00c3O JOS\u00c9"}},{"type":"Feature","geometry":{"type":"Point","coordinates":[-41.321534,-21.719468]},"properties":{"nome":"2205","tipo":"ponto","bairro":"S\u00c3O JOS\u00c9"}},{"type":"Feature","geometry":{"type":"Point","coordinates":[-41.321641,-21.719538]},"properties":{"nome":"2214","tipo":"ponto","bairro":"S\u00c3O JOS\u00c9"}},{"type":"Feature","geometry":{"type":"Point","coordinates":[-41.321681,-21.719705]},"properties":{"nome":"2224","tipo":"ponto","bairro":"S\u00c3O JOS\u00c9"}},{"type":"Feature","geometry":{"type":"Point","coordinates":[-41.321589,-21.719757]},"properties":{"nome":"2234","tipo":"ponto","bairro":"S\u00c3O JOS\u00c9"}},{"type":"Feature","geometry":{"type":"Point","coordinates":[-41.32168,-21.720041]},"properties":{"nome":"2254","tipo":"ponto","bairro":"S\u00c3O JOS\u00c9"}},{"type":"Feature","geometry":{"type":"Point","coordinates":[-41.321605,-21.720171]},"properties":{"nome":"2264","tipo":"ponto","bairro":"S\u00c3O JOS\u00c9"}},{"type":"Feature","geometry":{"type":"Point","coordinates":[-41.32175,-21.72023]},"properties":{"nome":"2274","tipo":"ponto","bairro":"S\u00c3O JOS\u00c9"}},{"type":"Feature","geometry":{"type":"Point","coordinates":[-41.321766,-21.720331]},"properties":{"nome":"2284","tipo":"ponto","bairro":"S\u00c3O JOS\u00c9"}},{"type":"Feature","geometry":{"type":"Point","coordinates":[-41.321721,-21.720524]},"properties":{"nome":"2294","tipo":"ponto","bairro":"S\u00c3O JOS\u00c9"}},{"type":"Feature","geometry":{"type":"Point","coordinates":[-41.321768,-21.720605]},"properties":{"nome":"2304","tipo":"ponto","bairro":"S\u00c3O JOS\u00c9"}},{"type":"Feature","geometry":{"type":"Point","coordinates":[-41.321797,-21.720751]},"properties":{"nome":"2314","tipo":"ponto","bairro":"S\u00c3O JOS\u00c9"}},{"type":"Feature","geometry":{"type":"Point","coordinates":[-41.321704,-21.718864]},"properties":{"nome":"2334","tipo":"ponto","bairro":"S\u00c3O JOS\u00c9"}},{"type":"Feature","geometry":{"type":"Point","coordinates":[-41.321865,-21.718852]},"properties":{"nome":"2344","tipo":"ponto","bairro":"S\u00c3O JOS\u00c9"}},{"type":"Feature","geometry":{"type":"Point","coordinates":[-41.322109,-21.718821]},"properties":{"nome":"2354","tipo":"ponto","bairro":"S\u00c3O JOS\u00c9"}},{"type":"Feature","geometry":{"type":"Point","coordinates":[-41.322369,-21.718771]},"properties":{"nome":"2364","tipo":"ponto","bairro":"S\u00c3O JOS\u00c9"}},{"type":"Feature","geometry":{"type":"Point","coordinates":[-41.322536,-21.718757]},"properties":{"nome":"2374","tipo":"ponto","bairro":"S\u00c3O JOS\u00c9"}},{"type":"Feature","geometry":{"type":"Point","coordinates":[-41.32294,-21.718766]},"properties":{"nome":"2394","tipo":"ponto","bairro":"S\u00c3O JOS\u00c9"}},{"type":"Feature","geometry":{"type":"Point","coordinates":[-41.322929,-21.718776]},"properties":{"nome":"2404","tipo":"ponto","bairro":"S\u00c3O JOS\u00c9"}},{"type":"Feature","geometry":{"type":"Point","coordinates":[-41.323112,-21.718691]},"properties":{"nome":"2414","tipo":"ponto","bairro":"S\u00c3O JOS\u00c9"}},{"type":"Feature","geometry":{"type":"Point","coordinates":[-41.323263,-21.718683]},"properties":{"nome":"2424","tipo":"ponto","bairro":"S\u00c3O JOS\u00c9"}},{"type":"Feature","geometry":{"type":"Point","coordinates":[-41.323893,-21.719242]},"properties":{"nome":"2464","tipo":"ponto","bairro":"S\u00c3O JOS\u00c9"}},{"type":"Feature","geometry":{"type":"Point","coordinates":[-41.323897,-21.719102]},"properties":{"nome":"2474","tipo":"ponto","bairro":"S\u00c3O JOS\u00c9"}},{"type":"Feature","geometry":{"type":"Point","coordinates":[-41.32386,-21.718759]},"properties":{"nome":"2484","tipo":"ponto","bairro":"S\u00c3O JOS\u00c9"}},{"type":"Feature","geometry":{"type":"Point","coordinates":[-41.323861,-21.71856]},"properties":{"nome":"2494","tipo":"ponto","bairro":"S\u00c3O JOS\u00c9"}},{"type":"Feature","geometry":{"type":"Point","coordinates":[-41.323845,-21.718393]},"properties":{"nome":"2504","tipo":"ponto","bairro":"S\u00c3O JOS\u00c9"}},{"type":"Feature","geometry":{"type":"Point","coordinates":[-41.323751,-21.718051]},"properties":{"nome":"2524","tipo":"ponto","bairro":"S\u00c3O JOS\u00c9"}},{"type":"Feature","geometry":{"type":"Point","coordinates":[-41.323749,-21.717692]},"properties":{"nome":"2534","tipo":"ponto","bairro":"S\u00c3O JOS\u00c9"}},{"type":"Feature","geometry":{"type":"Point","coordinates":[-41.323719,-21.717474]},"properties":{"nome":"2544","tipo":"ponto","bairro":"S\u00c3O JOS\u00c9"}},{"type":"Feature","geometry":{"type":"Point","coordinates":[-41.323769,-21.717439]},"properties":{"nome":"2554","tipo":"ponto","bairro":"S\u00c3O JOS\u00c9"}},{"type":"Feature","geometry":{"type":"Point","coordinates":[-41.32397,-21.717421]},"properties":{"nome":"2565","tipo":"ponto","bairro":"S\u00c3O JOS\u00c9"}},{"type":"Feature","geometry":{"type":"Point","coordinates":[-41.324124,-21.717392]},"properties":{"nome":"2574","tipo":"ponto","bairro":"S\u00c3O JOS\u00c9"}},{"type":"Feature","geometry":{"type":"Point","coordinates":[-41.32373,-21.717409]},"properties":{"nome":"2585","tipo":"ponto","bairro":"S\u00c3O JOS\u00c9"}},{"type":"Feature","geometry":{"type":"Point","coordinates":[-41.323676,-21.717198]},"properties":{"nome":"2594","tipo":"ponto","bairro":"S\u00c3O JOS\u00c9"}},{"type":"Feature","geometry":{"type":"Point","coordinates":[-41.323643,-21.716748]},"properties":{"nome":"2614","tipo":"ponto","bairro":"S\u00c3O JOS\u00c9"}},{"type":"Feature","geometry":{"type":"Point","coordinates":[-41.323612,-21.716561]},"properties":{"nome":"2624","tipo":"ponto","bairro":"S\u00c3O JOS\u00c9"}},{"type":"Feature","geometry":{"type":"Point","coordinates":[-41.324705,-21.716358]},"properties":{"nome":"2634","tipo":"ponto","bairro":"S\u00c3O JOS\u00c9"}},{"type":"Feature","geometry":{"type":"Point","coordinates":[-41.324713,-21.716707]},"properties":{"nome":"2645","tipo":"ponto","bairro":"S\u00c3O JOS\u00c9"}},{"type":"Feature","geometry":{"type":"Point","coordinates":[-41.32474,-21.716991]},"properties":{"nome":"2653","tipo":"ponto","bairro":"S\u00c3O JOS\u00c9"}},{"type":"Feature","geometry":{"type":"Point","coordinates":[-41.32482,-21.717326]},"properties":{"nome":"2663","tipo":"ponto","bairro":"S\u00c3O JOS\u00c9"}},{"type":"Feature","geometry":{"type":"Point","coordinates":[-41.324845,-21.71769]},"properties":{"nome":"2683","tipo":"ponto","bairro":"S\u00c3O JOS\u00c9"}},{"type":"Feature","geometry":{"type":"Point","coordinates":[-41.324881,-21.718042]},"properties":{"nome":"2693","tipo":"ponto","bairro":"S\u00c3O JOS\u00c9"}},{"type":"Feature","geometry":{"type":"Point","coordinates":[-41.325861,-21.717242]},"properties":{"nome":"2723","tipo":"ponto","bairro":"S\u00c3O JOS\u00c9"}},{"type":"Feature","geometry":{"type":"Point","coordinates":[-41.325782,-21.716479]},"properties":{"nome":"2753","tipo":"ponto","bairro":"S\u00c3O JOS\u00c9"}},{"type":"Feature","geometry":{"type":"Point","coordinates":[-41.32578,-21.716185]},"properties":{"nome":"2764","tipo":"ponto","bairro":"S\u00c3O JOS\u00c9"}},{"type":"Feature","geometry":{"type":"Point","coordinates":[-41.329545,-21.715702]},"properties":{"nome":"00117","tipo":"ponto","bairro":"S\u00c3O JOS\u00c9"}},{"type":"Feature","geometry":{"type":"Point","coordinates":[-41.329442,-21.715856]},"properties":{"nome":"00217","tipo":"ponto","bairro":"S\u00c3O JOS\u00c9"}},{"type":"Feature","geometry":{"type":"Point","coordinates":[-41.329449,-21.715962]},"properties":{"nome":"00317","tipo":"ponto","bairro":"S\u00c3O JOS\u00c9"}},{"type":"Feature","geometry":{"type":"Point","coordinates":[-41.3294,-21.71622]},"properties":{"nome":"00417","tipo":"ponto","bairro":"S\u00c3O JOS\u00c9"}},{"type":"Feature","geometry":{"type":"Point","coordinates":[-41.329273,-21.716416]},"properties":{"nome":"00517","tipo":"ponto","bairro":"S\u00c3O JOS\u00c9"}},{"type":"Feature","geometry":{"type":"Point","coordinates":[-41.329139,-21.716583]},"properties":{"nome":"00617","tipo":"ponto","bairro":"S\u00c3O JOS\u00c9"}},{"type":"Feature","geometry":{"type":"Point","coordinates":[-41.329039,-21.716218]},"properties":{"nome":"00717","tipo":"ponto","bairro":"S\u00c3O JOS\u00c9"}},{"type":"Feature","geometry":{"type":"Point","coordinates":[-41.328879,-21.716363]},"properties":{"nome":"00817","tipo":"ponto","bairro":"S\u00c3O JOS\u00c9"}},{"type":"Feature","geometry":{"type":"Point","coordinates":[-41.329181,-21.715962]},"properties":{"nome":"00917","tipo":"ponto","bairro":"S\u00c3O JOS\u00c9"}},{"type":"Feature","geometry":{"type":"Point","coordinates":[-41.32577,-21.718547]},"properties":{"nome":"01116","tipo":"ponto","bairro":"S\u00c3O JOS\u00c9"}},{"type":"Feature","geometry":{"type":"Point","coordinates":[-41.326438,-21.71873]},"properties":{"nome":"01316","tipo":"ponto","bairro":"S\u00c3O JOS\u00c9"}},{"type":"Feature","geometry":{"type":"Point","coordinates":[-41.326367,-21.71865]},"properties":{"nome":"01416","tipo":"ponto","bairro":"S\u00c3O JOS\u00c9"}},{"type":"Feature","geometry":{"type":"Point","coordinates":[-41.32655,-21.718311]},"properties":{"nome":"01516","tipo":"ponto","bairro":"S\u00c3O JOS\u00c9"}},{"type":"Feature","geometry":{"type":"Point","coordinates":[-41.326739,-21.718193]},"properties":{"nome":"01616","tipo":"ponto","bairro":"S\u00c3O JOS\u00c9"}},{"type":"Feature","geometry":{"type":"Point","coordinates":[-41.326985,-21.717903]},"properties":{"nome":"01716","tipo":"ponto","bairro":"S\u00c3O JOS\u00c9"}},{"type":"Feature","geometry":{"type":"Point","coordinates":[-41.327206,-21.71762]},"properties":{"nome":"01816","tipo":"ponto","bairro":"S\u00c3O JOS\u00c9"}},{"type":"Feature","geometry":{"type":"Point","coordinates":[-41.32749,-21.717375]},"properties":{"nome":"01916","tipo":"ponto","bairro":"S\u00c3O JOS\u00c9"}},{"type":"Feature","geometry":{"type":"Point","coordinates":[-41.327585,-21.717243]},"properties":{"nome":"02016","tipo":"ponto","bairro":"S\u00c3O JOS\u00c9"}},{"type":"Feature","geometry":{"type":"Point","coordinates":[-41.327822,-21.71698]},"properties":{"nome":"02216","tipo":"ponto","bairro":"S\u00c3O JOS\u00c9"}},{"type":"Feature","geometry":{"type":"Point","coordinates":[-41.328022,-21.716768]},"properties":{"nome":"02316","tipo":"ponto","bairro":"S\u00c3O JOS\u00c9"}},{"type":"Feature","geometry":{"type":"Point","coordinates":[-41.328219,-21.716573]},"properties":{"nome":"02416","tipo":"ponto","bairro":"S\u00c3O JOS\u00c9"}},{"type":"Feature","geometry":{"type":"Point","coordinates":[-41.328371,-21.716331]},"properties":{"nome":"02516","tipo":"ponto","bairro":"S\u00c3O JOS\u00c9"}},{"type":"Feature","geometry":{"type":"Point","coordinates":[-41.328608,-21.716123]},"properties":{"nome":"02616","tipo":"ponto","bairro":"S\u00c3O JOS\u00c9"}},{"type":"Feature","geometry":{"type":"Point","coordinates":[-41.32868,-21.716054]},"properties":{"nome":"02716","tipo":"ponto","bairro":"S\u00c3O JOS\u00c9"}},{"type":"Feature","geometry":{"type":"Point","coordinates":[-41.328771,-21.715971]},"properties":{"nome":"02816","tipo":"ponto","bairro":"S\u00c3O JOS\u00c9"}},{"type":"Feature","geometry":{"type":"Point","coordinates":[-41.329028,-21.715673]},"properties":{"nome":"03015","tipo":"ponto","bairro":"S\u00c3O JOS\u00c9"}},{"type":"Feature","geometry":{"type":"Point","coordinates":[-41.329567,-21.716458]},"properties":{"nome":"03115","tipo":"ponto","bairro":"S\u00c3O JOS\u00c9"}},{"type":"Feature","geometry":{"type":"Point","coordinates":[-41.329561,-21.716712]},"properties":{"nome":"03315","tipo":"ponto","bairro":"S\u00c3O JOS\u00c9"}},{"type":"Feature","geometry":{"type":"Point","coordinates":[-41.329361,-21.71695]},"properties":{"nome":"03515","tipo":"ponto","bairro":"S\u00c3O JOS\u00c9"}},{"type":"Feature","geometry":{"type":"Point","coordinates":[-41.329223,-21.717065]},"properties":{"nome":"03615","tipo":"ponto","bairro":"S\u00c3O JOS\u00c9"}},{"type":"Feature","geometry":{"type":"Point","coordinates":[-41.32913,-21.717184]},"properties":{"nome":"03715","tipo":"ponto","bairro":"S\u00c3O JOS\u00c9"}},{"type":"Feature","geometry":{"type":"Point","coordinates":[-41.328904,-21.717413]},"properties":{"nome":"03815","tipo":"ponto","bairro":"S\u00c3O JOS\u00c9"}},{"type":"Feature","geometry":{"type":"Point","coordinates":[-41.3288,-21.71756]},"properties":{"nome":"03915","tipo":"ponto","bairro":"S\u00c3O JOS\u00c9"}},{"type":"Feature","geometry":{"type":"Point","coordinates":[-41.328703,-21.717679]},"properties":{"nome":"04015","tipo":"ponto","bairro":"S\u00c3O JOS\u00c9"}},{"type":"Feature","geometry":{"type":"Point","coordinates":[-41.328464,-21.717485]},"properties":{"nome":"04115","tipo":"ponto","bairro":"S\u00c3O JOS\u00c9"}},{"type":"Feature","geometry":{"type":"Point","coordinates":[-41.328365,-21.717426]},"properties":{"nome":"04214","tipo":"ponto","bairro":"S\u00c3O JOS\u00c9"}},{"type":"Feature","geometry":{"type":"Point","coordinates":[-41.328234,-21.718149]},"properties":{"nome":"04414","tipo":"ponto","bairro":"S\u00c3O JOS\u00c9"}},{"type":"Feature","geometry":{"type":"Point","coordinates":[-41.328132,-21.718277]},"properties":{"nome":"04514","tipo":"ponto","bairro":"S\u00c3O JOS\u00c9"}},{"type":"Feature","geometry":{"type":"Point","coordinates":[-41.327972,-21.718428]},"properties":{"nome":"04614","tipo":"ponto","bairro":"S\u00c3O JOS\u00c9"}},{"type":"Feature","geometry":{"type":"Point","coordinates":[-41.327829,-21.718567]},"properties":{"nome":"04714","tipo":"ponto","bairro":"S\u00c3O JOS\u00c9"}},{"type":"Feature","geometry":{"type":"Point","coordinates":[-41.326815,-21.718606]},"properties":{"nome":"05014","tipo":"ponto","bairro":"S\u00c3O JOS\u00c9"}},{"type":"Feature","geometry":{"type":"Point","coordinates":[-41.327147,-21.718489]},"properties":{"nome":"05114","tipo":"ponto","bairro":"S\u00c3O JOS\u00c9"}},{"type":"Feature","geometry":{"type":"Point","coordinates":[-41.327312,-21.718568]},"properties":{"nome":"05214","tipo":"ponto","bairro":"S\u00c3O JOS\u00c9"}},{"type":"Feature","geometry":{"type":"Point","coordinates":[-41.327423,-21.718633]},"properties":{"nome":"05314","tipo":"ponto","bairro":"S\u00c3O JOS\u00c9"}},{"type":"Feature","geometry":{"type":"Point","coordinates":[-41.327605,-21.71866]},"properties":{"nome":"05414","tipo":"ponto","bairro":"S\u00c3O JOS\u00c9"}},{"type":"Feature","geometry":{"type":"Point","coordinates":[-41.328143,-21.719187]},"properties":{"nome":"05714","tipo":"ponto","bairro":"S\u00c3O JOS\u00c9"}},{"type":"Feature","geometry":{"type":"Point","coordinates":[-41.328271,-21.719228]},"properties":{"nome":"05814","tipo":"ponto","bairro":"S\u00c3O JOS\u00c9"}},{"type":"Feature","geometry":{"type":"Point","coordinates":[-41.328518,-21.719182]},"properties":{"nome":"05914","tipo":"ponto","bairro":"S\u00c3O JOS\u00c9"}},{"type":"Feature","geometry":{"type":"Point","coordinates":[-41.328972,-21.718887]},"properties":{"nome":"06114","tipo":"ponto","bairro":"S\u00c3O JOS\u00c9"}},{"type":"Feature","geometry":{"type":"Point","coordinates":[-41.329076,-21.718785]},"properties":{"nome":"06214","tipo":"ponto","bairro":"S\u00c3O JOS\u00c9"}},{"type":"Feature","geometry":{"type":"Point","coordinates":[-41.329216,-21.718641]},"properties":{"nome":"06314","tipo":"ponto","bairro":"S\u00c3O JOS\u00c9"}},{"type":"Feature","geometry":{"type":"Point","coordinates":[-41.329331,-21.718512]},"properties":{"nome":"06413","tipo":"ponto","bairro":"S\u00c3O JOS\u00c9"}},{"type":"Feature","geometry":{"type":"Point","coordinates":[-41.329531,-21.718287]},"properties":{"nome":"06513","tipo":"ponto","bairro":"S\u00c3O JOS\u00c9"}},{"type":"Feature","geometry":{"type":"Point","coordinates":[-41.329718,-21.718056]},"properties":{"nome":"06713","tipo":"ponto","bairro":"S\u00c3O JOS\u00c9"}},{"type":"Feature","geometry":{"type":"Point","coordinates":[-41.329898,-21.717866]},"properties":{"nome":"06814","tipo":"ponto","bairro":"S\u00c3O JOS\u00c9"}},{"type":"Feature","geometry":{"type":"Point","coordinates":[-41.32998,-21.717761]},"properties":{"nome":"06913","tipo":"ponto","bairro":"S\u00c3O JOS\u00c9"}},{"type":"Feature","geometry":{"type":"Point","coordinates":[-41.330305,-21.717456]},"properties":{"nome":"07113","tipo":"ponto","bairro":"S\u00c3O JOS\u00c9"}},{"type":"Feature","geometry":{"type":"Point","coordinates":[-41.330429,-21.717337]},"properties":{"nome":"07213","tipo":"ponto","bairro":"S\u00c3O JOS\u00c9"}},{"type":"Feature","geometry":{"type":"Point","coordinates":[-41.330574,-21.717193]},"properties":{"nome":"07313","tipo":"ponto","bairro":"S\u00c3O JOS\u00c9"}},{"type":"Feature","geometry":{"type":"Point","coordinates":[-41.33067,-21.717083]},"properties":{"nome":"07413","tipo":"ponto","bairro":"S\u00c3O JOS\u00c9"}},{"type":"Feature","geometry":{"type":"Point","coordinates":[-41.330809,-21.716898]},"properties":{"nome":"07513","tipo":"ponto","bairro":"S\u00c3O JOS\u00c9"}},{"type":"Feature","geometry":{"type":"Point","coordinates":[-41.32978,-21.716694]},"properties":{"nome":"07612","tipo":"ponto","bairro":"S\u00c3O JOS\u00c9"}},{"type":"Feature","geometry":{"type":"Point","coordinates":[-41.330101,-21.716699]},"properties":{"nome":"07712","tipo":"ponto","bairro":"S\u00c3O JOS\u00c9"}},{"type":"Feature","geometry":{"type":"Point","coordinates":[-41.330566,-21.716742]},"properties":{"nome":"07812","tipo":"ponto","bairro":"S\u00c3O JOS\u00c9"}},{"type":"Feature","geometry":{"type":"Point","coordinates":[-41.330763,-21.716757]},"properties":{"nome":"07911","tipo":"ponto","bairro":"S\u00c3O JOS\u00c9"}},{"type":"Feature","geometry":{"type":"Point","coordinates":[-41.331201,-21.716921]},"properties":{"nome":"08011","tipo":"ponto","bairro":"S\u00c3O JOS\u00c9"}},{"type":"Feature","geometry":{"type":"Point","coordinates":[-41.33145,-21.717132]},"properties":{"nome":"08111","tipo":"ponto","bairro":"S\u00c3O JOS\u00c9"}},{"type":"Feature","geometry":{"type":"Point","coordinates":[-41.331383,-21.71723]},"properties":{"nome":"08211","tipo":"ponto","bairro":"S\u00c3O JOS\u00c9"}},{"type":"Feature","geometry":{"type":"Point","coordinates":[-41.331329,-21.71747]},"properties":{"nome":"08311","tipo":"ponto","bairro":"S\u00c3O JOS\u00c9"}},{"type":"Feature","geometry":{"type":"Point","coordinates":[-41.331267,-21.717682]},"properties":{"nome":"08410","tipo":"ponto","bairro":"S\u00c3O JOS\u00c9"}},{"type":"Feature","geometry":{"type":"Point","coordinates":[-41.330845,-21.718055]},"properties":{"nome":"0869","tipo":"ponto","bairro":"S\u00c3O JOS\u00c9"}},{"type":"Feature","geometry":{"type":"Point","coordinates":[-41.330602,-21.718172]},"properties":{"nome":"0879","tipo":"ponto","bairro":"S\u00c3O JOS\u00c9"}},{"type":"Feature","geometry":{"type":"Point","coordinates":[-41.330304,-21.71846]},"properties":{"nome":"0889","tipo":"ponto","bairro":"S\u00c3O JOS\u00c9"}},{"type":"Feature","geometry":{"type":"Point","coordinates":[-41.32984,-21.718859]},"properties":{"nome":"0909","tipo":"ponto","bairro":"S\u00c3O JOS\u00c9"}},{"type":"Feature","geometry":{"type":"Point","coordinates":[-41.329514,-21.718963]},"properties":{"nome":"0919","tipo":"ponto","bairro":"S\u00c3O JOS\u00c9"}},{"type":"Feature","geometry":{"type":"Point","coordinates":[-41.329252,-21.719003]},"properties":{"nome":"0929","tipo":"ponto","bairro":"S\u00c3O JOS\u00c9"}},{"type":"Feature","geometry":{"type":"Point","coordinates":[-41.327835,-21.719339]},"properties":{"nome":"0949","tipo":"ponto","bairro":"S\u00c3O JOS\u00c9"}},{"type":"Feature","geometry":{"type":"Point","coordinates":[-41.32773,-21.719704]},"properties":{"nome":"0969","tipo":"ponto","bairro":"S\u00c3O JOS\u00c9"}},{"type":"Feature","geometry":{"type":"Point","coordinates":[-41.327676,-21.719969]},"properties":{"nome":"0978","tipo":"ponto","bairro":"S\u00c3O JOS\u00c9"}},{"type":"Feature","geometry":{"type":"Point","coordinates":[-41.32753,-21.720244]},"properties":{"nome":"0988","tipo":"ponto","bairro":"S\u00c3O JOS\u00c9"}},{"type":"Feature","geometry":{"type":"Point","coordinates":[-41.32736,-21.720723]},"properties":{"nome":"1008","tipo":"ponto","bairro":"S\u00c3O JOS\u00c9"}},{"type":"Feature","geometry":{"type":"Point","coordinates":[-41.327593,-21.719534]},"properties":{"nome":"1019","tipo":"ponto","bairro":"S\u00c3O JOS\u00c9"}},{"type":"Feature","geometry":{"type":"Point","coordinates":[-41.327188,-21.719391]},"properties":{"nome":"1039","tipo":"ponto","bairro":"S\u00c3O JOS\u00c9"}},{"type":"Feature","geometry":{"type":"Point","coordinates":[-41.326689,-21.718962]},"properties":{"nome":"1058","tipo":"ponto","bairro":"S\u00c3O JOS\u00c9"}},{"type":"Feature","geometry":{"type":"Point","coordinates":[-41.32676,-21.719247]},"properties":{"nome":"1068","tipo":"ponto","bairro":"S\u00c3O JOS\u00c9"}},{"type":"Feature","geometry":{"type":"Point","coordinates":[-41.32676,-21.719331]},"properties":{"nome":"1078","tipo":"ponto","bairro":"S\u00c3O JOS\u00c9"}},{"type":"Feature","geometry":{"type":"Point","coordinates":[-41.326818,-21.719685]},"properties":{"nome":"1088","tipo":"ponto","bairro":"S\u00c3O JOS\u00c9"}},{"type":"Feature","geometry":{"type":"Point","coordinates":[-41.326808,-21.719728]},"properties":{"nome":"1098","tipo":"ponto","bairro":"S\u00c3O JOS\u00c9"}},{"type":"Feature","geometry":{"type":"Point","coordinates":[-41.326806,-21.719737]},"properties":{"nome":"1108","tipo":"ponto","bairro":"S\u00c3O JOS\u00c9"}},{"type":"Feature","geometry":{"type":"Point","coordinates":[-41.326908,-21.719954]},"properties":{"nome":"1129","tipo":"ponto","bairro":"S\u00c3O JOS\u00c9"}},{"type":"Feature","geometry":{"type":"Point","coordinates":[-41.326668,-21.719841]},"properties":{"nome":"1138","tipo":"ponto","bairro":"S\u00c3O JOS\u00c9"}},{"type":"Feature","geometry":{"type":"Point","coordinates":[-41.326421,-21.719785]},"properties":{"nome":"1148","tipo":"ponto","bairro":"S\u00c3O JOS\u00c9"}},{"type":"Feature","geometry":{"type":"Point","coordinates":[-41.326218,-21.719731]},"properties":{"nome":"1168","tipo":"ponto","bairro":"S\u00c3O JOS\u00c9"}},{"type":"Feature","geometry":{"type":"Point","coordinates":[-41.325954,-21.719685]},"properties":{"nome":"1178","tipo":"ponto","bairro":"S\u00c3O JOS\u00c9"}},{"type":"Feature","geometry":{"type":"Point","coordinates":[-41.325628,-21.719587]},"properties":{"nome":"1188","tipo":"ponto","bairro":"S\u00c3O JOS\u00c9"}},{"type":"Feature","geometry":{"type":"Point","coordinates":[-41.325289,-21.719505]},"properties":{"nome":"1198","tipo":"ponto","bairro":"S\u00c3O JOS\u00c9"}},{"type":"Feature","geometry":{"type":"Point","coordinates":[-41.322731,-21.721009]},"properties":{"nome":"1228","tipo":"ponto","bairro":"S\u00c3O JOS\u00c9"}},{"type":"Feature","geometry":{"type":"Point","coordinates":[-41.32276,-21.720916]},"properties":{"nome":"1238","tipo":"ponto","bairro":"S\u00c3O JOS\u00c9"}},{"type":"Feature","geometry":{"type":"Point","coordinates":[-41.323027,-21.720545]},"properties":{"nome":"1248","tipo":"ponto","bairro":"S\u00c3O JOS\u00c9"}},{"type":"Feature","geometry":{"type":"Point","coordinates":[-41.323264,-21.720299]},"properties":{"nome":"1258","tipo":"ponto","bairro":"S\u00c3O JOS\u00c9"}},{"type":"Feature","geometry":{"type":"Point","coordinates":[-41.323725,-21.719791]},"properties":{"nome":"1278","tipo":"ponto","bairro":"S\u00c3O JOS\u00c9"}},{"type":"Feature","geometry":{"type":"Point","coordinates":[-41.323914,-21.719641]},"properties":{"nome":"1288","tipo":"ponto","bairro":"S\u00c3O JOS\u00c9"}},{"type":"Feature","geometry":{"type":"Point","coordinates":[-41.324059,-21.719459]},"properties":{"nome":"1308","tipo":"ponto","bairro":"S\u00c3O JOS\u00c9"}},{"type":"Feature","geometry":{"type":"Point","coordinates":[-41.324167,-21.719326]},"properties":{"nome":"1319","tipo":"ponto","bairro":"S\u00c3O JOS\u00c9"}},{"type":"Feature","geometry":{"type":"Point","coordinates":[-41.32428,-21.719244]},"properties":{"nome":"1329","tipo":"ponto","bairro":"S\u00c3O JOS\u00c9"}},{"type":"Feature","geometry":{"type":"Point","coordinates":[-41.324515,-21.718986]},"properties":{"nome":"1348","tipo":"ponto","bairro":"S\u00c3O JOS\u00c9"}},{"type":"Feature","geometry":{"type":"Point","coordinates":[-41.324631,-21.718852]},"properties":{"nome":"1358","tipo":"ponto","bairro":"S\u00c3O JOS\u00c9"}},{"type":"Feature","geometry":{"type":"Point","coordinates":[-41.324931,-21.718541]},"properties":{"nome":"1368","tipo":"ponto","bairro":"S\u00c3O JOS\u00c9"}},{"type":"Feature","geometry":{"type":"Point","coordinates":[-41.325205,-21.718266]},"properties":{"nome":"1387","tipo":"ponto","bairro":"S\u00c3O JOS\u00c9"}},{"type":"Feature","geometry":{"type":"Point","coordinates":[-41.325403,-21.718049]},"properties":{"nome":"1397","tipo":"ponto","bairro":"S\u00c3O JOS\u00c9"}},{"type":"Feature","geometry":{"type":"Point","coordinates":[-41.325642,-21.717794]},"properties":{"nome":"1417","tipo":"ponto","bairro":"S\u00c3O JOS\u00c9"}},{"type":"Feature","geometry":{"type":"Point","coordinates":[-41.326164,-21.717209]},"properties":{"nome":"1437","tipo":"ponto","bairro":"S\u00c3O JOS\u00c9"}},{"type":"Feature","geometry":{"type":"Point","coordinates":[-41.326402,-21.716947]},"properties":{"nome":"1448","tipo":"ponto","bairro":"S\u00c3O JOS\u00c9"}},{"type":"Feature","geometry":{"type":"Point","coordinates":[-41.326662,-21.716692]},"properties":{"nome":"1457","tipo":"ponto","bairro":"S\u00c3O JOS\u00c9"}},{"type":"Feature","geometry":{"type":"Point","coordinates":[-41.326791,-21.716579]},"properties":{"nome":"1467","tipo":"ponto","bairro":"S\u00c3O JOS\u00c9"}},{"type":"Feature","geometry":{"type":"Point","coordinates":[-41.326983,-21.716371]},"properties":{"nome":"1477","tipo":"ponto","bairro":"S\u00c3O JOS\u00c9"}},{"type":"Feature","geometry":{"type":"Point","coordinates":[-41.327215,-21.71613]},"properties":{"nome":"1487","tipo":"ponto","bairro":"S\u00c3O JOS\u00c9"}},{"type":"Feature","geometry":{"type":"Point","coordinates":[-41.329476,-21.715483]},"properties":{"nome":"1507","tipo":"ponto","bairro":"S\u00c3O JOS\u00c9"}},{"type":"Feature","geometry":{"type":"Point","coordinates":[-41.329265,-21.715494]},"properties":{"nome":"1518","tipo":"ponto","bairro":"S\u00c3O JOS\u00c9"}},{"type":"Feature","geometry":{"type":"Point","coordinates":[-41.329054,-21.715558]},"properties":{"nome":"1527","tipo":"ponto","bairro":"S\u00c3O JOS\u00c9"}},{"type":"Feature","geometry":{"type":"Point","coordinates":[-41.32867,-21.715615]},"properties":{"nome":"1537","tipo":"ponto","bairro":"S\u00c3O JOS\u00c9"}},{"type":"Feature","geometry":{"type":"Point","coordinates":[-41.328058,-21.715705]},"properties":{"nome":"1557","tipo":"ponto","bairro":"S\u00c3O JOS\u00c9"}},{"type":"Feature","geometry":{"type":"Point","coordinates":[-41.3277,-21.715803]},"properties":{"nome":"1567","tipo":"ponto","bairro":"S\u00c3O JOS\u00c9"}},{"type":"Feature","geometry":{"type":"Point","coordinates":[-41.327371,-21.715829]},"properties":{"nome":"1577","tipo":"ponto","bairro":"S\u00c3O JOS\u00c9"}},{"type":"Feature","geometry":{"type":"Point","coordinates":[-41.326896,-21.715907]},"properties":{"nome":"1588","tipo":"ponto","bairro":"S\u00c3O JOS\u00c9"}},{"type":"Feature","geometry":{"type":"Point","coordinates":[-41.32637,-21.716026]},"properties":{"nome":"1597","tipo":"ponto","bairro":"S\u00c3O JOS\u00c9"}},{"type":"Feature","geometry":{"type":"Point","coordinates":[-41.326167,-21.716062]},"properties":{"nome":"1607","tipo":"ponto","bairro":"S\u00c3O JOS\u00c9"}},{"type":"Feature","geometry":{"type":"Point","coordinates":[-41.325745,-21.716127]},"properties":{"nome":"1618","tipo":"ponto","bairro":"S\u00c3O JOS\u00c9"}},{"type":"Feature","geometry":{"type":"Point","coordinates":[-41.325511,-21.716172]},"properties":{"nome":"1627","tipo":"ponto","bairro":"S\u00c3O JOS\u00c9"}},{"type":"Feature","geometry":{"type":"Point","coordinates":[-41.325137,-21.716237]},"properties":{"nome":"1647","tipo":"ponto","bairro":"S\u00c3O JOS\u00c9"}},{"type":"Feature","geometry":{"type":"Point","coordinates":[-41.324748,-21.716328]},"properties":{"nome":"1657","tipo":"ponto","bairro":"S\u00c3O JOS\u00c9"}},{"type":"Feature","geometry":{"type":"Point","coordinates":[-41.324495,-21.716361]},"properties":{"nome":"1667","tipo":"ponto","bairro":"S\u00c3O JOS\u00c9"}},{"type":"Feature","geometry":{"type":"Point","coordinates":[-41.324202,-21.716414]},"properties":{"nome":"1677","tipo":"ponto","bairro":"S\u00c3O JOS\u00c9"}},{"type":"Feature","geometry":{"type":"Point","coordinates":[-41.323977,-21.716442]},"properties":{"nome":"1687","tipo":"ponto","bairro":"S\u00c3O JOS\u00c9"}},{"type":"Feature","geometry":{"type":"Point","coordinates":[-41.323393,-21.71654]},"properties":{"nome":"1707","tipo":"ponto","bairro":"S\u00c3O JOS\u00c9"}},{"type":"Feature","geometry":{"type":"Point","coordinates":[-41.323,-21.71664]},"properties":{"nome":"1717","tipo":"ponto","bairro":"S\u00c3O JOS\u00c9"}},{"type":"Feature","geometry":{"type":"Point","coordinates":[-41.322758,-21.716662]},"properties":{"nome":"1728","tipo":"ponto","bairro":"S\u00c3O JOS\u00c9"}},{"type":"Feature","geometry":{"type":"Point","coordinates":[-41.321857,-21.716835]},"properties":{"nome":"1757","tipo":"ponto","bairro":"S\u00c3O JOS\u00c9"}},{"type":"Feature","geometry":{"type":"Point","coordinates":[-41.32119,-21.716928]},"properties":{"nome":"1777","tipo":"ponto","bairro":"S\u00c3O JOS\u00c9"}},{"type":"Feature","geometry":{"type":"Point","coordinates":[-41.320799,-21.717005]},"properties":{"nome":"1787","tipo":"ponto","bairro":"S\u00c3O JOS\u00c9"}},{"type":"Feature","geometry":{"type":"Point","coordinates":[-41.320558,-21.717052]},"properties":{"nome":"1797","tipo":"ponto","bairro":"S\u00c3O JOS\u00c9"}},{"type":"Feature","geometry":{"type":"Point","coordinates":[-41.320061,-21.717128]},"properties":{"nome":"1817","tipo":"ponto","bairro":"S\u00c3O JOS\u00c9"}},{"type":"Feature","geometry":{"type":"Point","coordinates":[-41.319715,-21.717195]},"properties":{"nome":"1837","tipo":"ponto","bairro":"S\u00c3O JOS\u00c9"}},{"type":"Feature","geometry":{"type":"Point","coordinates":[-41.319487,-21.717259]},"properties":{"nome":"1848","tipo":"ponto","bairro":"S\u00c3O JOS\u00c9"}},{"type":"Feature","geometry":{"type":"Point","coordinates":[-41.318989,-21.717311]},"properties":{"nome":"1867","tipo":"ponto","bairro":"S\u00c3O JOS\u00c9"}},{"type":"Feature","geometry":{"type":"Point","coordinates":[-41.318621,-21.717418]},"properties":{"nome":"1877","tipo":"ponto","bairro":"S\u00c3O JOS\u00c9"}},{"type":"Feature","geometry":{"type":"Point","coordinates":[-41.318601,-21.717396]},"properties":{"nome":"1887","tipo":"ponto","bairro":"S\u00c3O JOS\u00c9"}},{"type":"Feature","geometry":{"type":"Point","coordinates":[-41.318247,-21.71747]},"properties":{"nome":"1897","tipo":"ponto","bairro":"S\u00c3O JOS\u00c9"}},{"type":"Feature","geometry":{"type":"Point","coordinates":[-41.317747,-21.717545]},"properties":{"nome":"1918","tipo":"ponto","bairro":"S\u00c3O JOS\u00c9"}},{"type":"Feature","geometry":{"type":"Point","coordinates":[-41.317524,-21.717576]},"properties":{"nome":"1927","tipo":"ponto","bairro":"S\u00c3O JOS\u00c9"}},{"type":"Feature","geometry":{"type":"Point","coordinates":[-41.317162,-21.717652]},"properties":{"nome":"1937","tipo":"ponto","bairro":"S\u00c3O JOS\u00c9"}},{"type":"Feature","geometry":{"type":"Point","coordinates":[-41.316449,-21.71776]},"properties":{"nome":"1957","tipo":"ponto","bairro":"S\u00c3O JOS\u00c9"}},{"type":"Feature","geometry":{"type":"Point","coordinates":[-41.316071,-21.717855]},"properties":{"nome":"1977","tipo":"ponto","bairro":"S\u00c3O JOS\u00c9"}},{"type":"Feature","geometry":{"type":"Point","coordinates":[-41.315355,-21.717969]},"properties":{"nome":"1997","tipo":"ponto","bairro":"S\u00c3O JOS\u00c9"}},{"type":"Feature","geometry":{"type":"Point","coordinates":[-41.314982,-21.718028]},"properties":{"nome":"2007","tipo":"ponto","bairro":"S\u00c3O JOS\u00c9"}},{"type":"Feature","geometry":{"type":"Point","coordinates":[-41.314394,-21.718161]},"properties":{"nome":"2028","tipo":"ponto","bairro":"S\u00c3O JOS\u00c9"}},{"type":"Feature","geometry":{"type":"Point","coordinates":[-41.314261,-21.71815]},"properties":{"nome":"2037","tipo":"ponto","bairro":"S\u00c3O JOS\u00c9"}},{"type":"Feature","geometry":{"type":"Point","coordinates":[-41.313861,-21.718242]},"properties":{"nome":"2057","tipo":"ponto","bairro":"S\u00c3O JOS\u00c9"}},{"type":"Feature","geometry":{"type":"Point","coordinates":[-41.313616,-21.718281]},"properties":{"nome":"2067","tipo":"ponto","bairro":"S\u00c3O JOS\u00c9"}},{"type":"Feature","geometry":{"type":"Point","coordinates":[-41.313387,-21.718285]},"properties":{"nome":"2076","tipo":"ponto","bairro":"S\u00c3O JOS\u00c9"}},{"type":"Feature","geometry":{"type":"Point","coordinates":[-41.313079,-21.718364]},"properties":{"nome":"2086","tipo":"ponto","bairro":"S\u00c3O JOS\u00c9"}},{"type":"Feature","geometry":{"type":"Point","coordinates":[-41.312265,-21.718354]},"properties":{"nome":"2096","tipo":"ponto","bairro":"S\u00c3O JOS\u00c9"}},{"type":"Feature","geometry":{"type":"Point","coordinates":[-41.312599,-21.718338]},"properties":{"nome":"2108","tipo":"ponto","bairro":"S\u00c3O JOS\u00c9"}},{"type":"Feature","geometry":{"type":"Point","coordinates":[-41.312924,-21.718219]},"properties":{"nome":"2116","tipo":"ponto","bairro":"S\u00c3O JOS\u00c9"}},{"type":"Feature","geometry":{"type":"Point","coordinates":[-41.313353,-21.718138]},"properties":{"nome":"2136","tipo":"ponto","bairro":"S\u00c3O JOS\u00c9"}},{"type":"Feature","geometry":{"type":"Point","coordinates":[-41.313438,-21.718172]},"properties":{"nome":"2147","tipo":"ponto","bairro":"S\u00c3O JOS\u00c9"}},{"type":"Feature","geometry":{"type":"Point","coordinates":[-41.313711,-21.718077]},"properties":{"nome":"2156","tipo":"ponto","bairro":"S\u00c3O JOS\u00c9"}},{"type":"Feature","geometry":{"type":"Point","coordinates":[-41.314064,-21.718051]},"properties":{"nome":"2166","tipo":"ponto","bairro":"S\u00c3O JOS\u00c9"}},{"type":"Feature","geometry":{"type":"Point","coordinates":[-41.314493,-21.717975]},"properties":{"nome":"2186","tipo":"ponto","bairro":"S\u00c3O JOS\u00c9"}},{"type":"Feature","geometry":{"type":"Point","coordinates":[-41.315038,-21.717835]},"properties":{"nome":"2206","tipo":"ponto","bairro":"S\u00c3O JOS\u00c9"}},{"type":"Feature","geometry":{"type":"Point","coordinates":[-41.315154,-21.717842]},"properties":{"nome":"2215","tipo":"ponto","bairro":"S\u00c3O JOS\u00c9"}},{"type":"Feature","geometry":{"type":"Point","coordinates":[-41.315474,-21.717801]},"properties":{"nome":"2225","tipo":"ponto","bairro":"S\u00c3O JOS\u00c9"}},{"type":"Feature","geometry":{"type":"Point","coordinates":[-41.315951,-21.717683]},"properties":{"nome":"2245","tipo":"ponto","bairro":"S\u00c3O JOS\u00c9"}},{"type":"Feature","geometry":{"type":"Point","coordinates":[-41.316094,-21.717669]},"properties":{"nome":"2255","tipo":"ponto","bairro":"S\u00c3O JOS\u00c9"}},{"type":"Feature","geometry":{"type":"Point","coordinates":[-41.316335,-21.717595]},"properties":{"nome":"2265","tipo":"ponto","bairro":"S\u00c3O JOS\u00c9"}},{"type":"Feature","geometry":{"type":"Point","coordinates":[-41.316499,-21.717597]},"properties":{"nome":"2275","tipo":"ponto","bairro":"S\u00c3O JOS\u00c9"}},{"type":"Feature","geometry":{"type":"Point","coordinates":[-41.316716,-21.717552]},"properties":{"nome":"2285","tipo":"ponto","bairro":"S\u00c3O JOS\u00c9"}},{"type":"Feature","geometry":{"type":"Point","coordinates":[-41.317059,-21.717518]},"properties":{"nome":"2305","tipo":"ponto","bairro":"S\u00c3O JOS\u00c9"}},{"type":"Feature","geometry":{"type":"Point","coordinates":[-41.317307,-21.717425]},"properties":{"nome":"2315","tipo":"ponto","bairro":"S\u00c3O JOS\u00c9"}},{"type":"Feature","geometry":{"type":"Point","coordinates":[-41.317454,-21.717427]},"properties":{"nome":"2325","tipo":"ponto","bairro":"S\u00c3O JOS\u00c9"}},{"type":"Feature","geometry":{"type":"Point","coordinates":[-41.318215,-21.717285]},"properties":{"nome":"2345","tipo":"ponto","bairro":"S\u00c3O JOS\u00c9"}},{"type":"Feature","geometry":{"type":"Point","coordinates":[-41.318511,-21.717242]},"properties":{"nome":"2355","tipo":"ponto","bairro":"S\u00c3O JOS\u00c9"}},{"type":"Feature","geometry":{"type":"Point","coordinates":[-41.318824,-21.717205]},"properties":{"nome":"2365","tipo":"ponto","bairro":"S\u00c3O JOS\u00c9"}},{"type":"Feature","geometry":{"type":"Point","coordinates":[-41.319075,-21.717166]},"properties":{"nome":"2375","tipo":"ponto","bairro":"S\u00c3O JOS\u00c9"}},{"type":"Feature","geometry":{"type":"Point","coordinates":[-41.319332,-21.717105]},"properties":{"nome":"2385","tipo":"ponto","bairro":"S\u00c3O JOS\u00c9"}},{"type":"Feature","geometry":{"type":"Point","coordinates":[-41.319696,-21.717038]},"properties":{"nome":"2395","tipo":"ponto","bairro":"S\u00c3O JOS\u00c9"}},{"type":"Feature","geometry":{"type":"Point","coordinates":[-41.320236,-21.716941]},"properties":{"nome":"2415","tipo":"ponto","bairro":"S\u00c3O JOS\u00c9"}},{"type":"Feature","geometry":{"type":"Point","coordinates":[-41.320457,-21.716906]},"properties":{"nome":"2425","tipo":"ponto","bairro":"S\u00c3O JOS\u00c9"}},{"type":"Feature","geometry":{"type":"Point","coordinates":[-41.320774,-21.71682]},"properties":{"nome":"2435","tipo":"ponto","bairro":"S\u00c3O JOS\u00c9"}},{"type":"Feature","geometry":{"type":"Point","coordinates":[-41.321461,-21.71674]},"properties":{"nome":"2455","tipo":"ponto","bairro":"S\u00c3O JOS\u00c9"}},{"type":"Feature","geometry":{"type":"Point","coordinates":[-41.32183,-21.716691]},"properties":{"nome":"2475","tipo":"ponto","bairro":"S\u00c3O JOS\u00c9"}},{"type":"Feature","geometry":{"type":"Point","coordinates":[-41.322226,-21.716562]},"properties":{"nome":"2485","tipo":"ponto","bairro":"S\u00c3O JOS\u00c9"}},{"type":"Feature","geometry":{"type":"Point","coordinates":[-41.322707,-21.716514]},"properties":{"nome":"2505","tipo":"ponto","bairro":"S\u00c3O JOS\u00c9"}},{"type":"Feature","geometry":{"type":"Point","coordinates":[-41.322966,-21.716455]},"properties":{"nome":"2515","tipo":"ponto","bairro":"S\u00c3O JOS\u00c9"}},{"type":"Feature","geometry":{"type":"Point","coordinates":[-41.323331,-21.716409]},"properties":{"nome":"2525","tipo":"ponto","bairro":"S\u00c3O JOS\u00c9"}},{"type":"Feature","geometry":{"type":"Point","coordinates":[-41.323745,-21.716322]},"properties":{"nome":"2535","tipo":"ponto","bairro":"S\u00c3O JOS\u00c9"}},{"type":"Feature","geometry":{"type":"Point","coordinates":[-41.324158,-21.716242]},"properties":{"nome":"2555","tipo":"ponto","bairro":"S\u00c3O JOS\u00c9"}},{"type":"Feature","geometry":{"type":"Point","coordinates":[-41.324514,-21.716202]},"properties":{"nome":"2566","tipo":"ponto","bairro":"S\u00c3O JOS\u00c9"}},{"type":"Feature","geometry":{"type":"Point","coordinates":[-41.324711,-21.716116]},"properties":{"nome":"2575","tipo":"ponto","bairro":"S\u00c3O JOS\u00c9"}},{"type":"Feature","geometry":{"type":"Point","coordinates":[-41.32489,-21.716123]},"properties":{"nome":"2586","tipo":"ponto","bairro":"S\u00c3O JOS\u00c9"}},{"type":"Feature","geometry":{"type":"Point","coordinates":[-41.325316,-21.716046]},"properties":{"nome":"2595","tipo":"ponto","bairro":"S\u00c3O JOS\u00c9"}},{"type":"Feature","geometry":{"type":"Point","coordinates":[-41.325734,-21.715953]},"properties":{"nome":"2605","tipo":"ponto","bairro":"S\u00c3O JOS\u00c9"}},{"type":"Feature","geometry":{"type":"Point","coordinates":[-41.326052,-21.7159]},"properties":{"nome":"2625","tipo":"ponto","bairro":"S\u00c3O JOS\u00c9"}},{"type":"Feature","geometry":{"type":"Point","coordinates":[-41.326232,-21.715872]},"properties":{"nome":"2635","tipo":"ponto","bairro":"S\u00c3O JOS\u00c9"}},{"type":"Feature","geometry":{"type":"Point","coordinates":[-41.326858,-21.715755]},"properties":{"nome":"2654","tipo":"ponto","bairro":"S\u00c3O JOS\u00c9"}},{"type":"Feature","geometry":{"type":"Point","coordinates":[-41.326959,-21.715763]},"properties":{"nome":"2664","tipo":"ponto","bairro":"S\u00c3O JOS\u00c9"}},{"type":"Feature","geometry":{"type":"Point","coordinates":[-41.327177,-21.715743]},"properties":{"nome":"2674","tipo":"ponto","bairro":"S\u00c3O JOS\u00c9"}},{"type":"Feature","geometry":{"type":"Point","coordinates":[-41.327813,-21.715644]},"properties":{"nome":"2694","tipo":"ponto","bairro":"S\u00c3O JOS\u00c9"}},{"type":"Feature","geometry":{"type":"Point","coordinates":[-41.328069,-21.715545]},"properties":{"nome":"2704","tipo":"ponto","bairro":"S\u00c3O JOS\u00c9"}},{"type":"Feature","geometry":{"type":"Point","coordinates":[-41.328258,-21.715556]},"properties":{"nome":"2714","tipo":"ponto","bairro":"S\u00c3O JOS\u00c9"}},{"type":"Feature","geometry":{"type":"Point","coordinates":[-41.328451,-21.715496]},"properties":{"nome":"2724","tipo":"ponto","bairro":"S\u00c3O JOS\u00c9"}},{"type":"Feature","geometry":{"type":"Point","coordinates":[-41.328893,-21.715427]},"properties":{"nome":"2744","tipo":"ponto","bairro":"S\u00c3O JOS\u00c9"}},{"type":"Feature","geometry":{"type":"Point","coordinates":[-41.329189,-21.715359]},"properties":{"nome":"2754","tipo":"ponto","bairro":"S\u00c3O JOS\u00c9"}},{"type":"Feature","geometry":{"type":"Point","coordinates":[-41.329376,-21.715347]},"properties":{"nome":"2765","tipo":"ponto","bairro":"S\u00c3O JOS\u00c9"}},{"type":"Feature","geometry":{"type":"Point","coordinates":[-41.329352,-21.715398]},"properties":{"nome":"2773","tipo":"ponto","bairro":"S\u00c3O JOS\u00c9"}},{"type":"Feature","geometry":{"type":"Point","coordinates":[-41.312271,-21.71837]},"properties":{"nome":"00118","tipo":"ponto","bairro":"S\u00c3O JOS\u00c9"}},{"type":"Feature","geometry":{"type":"Point","coordinates":[-41.312217,-21.718329]},"properties":{"nome":"00218","tipo":"ponto","bairro":"S\u00c3O JOS\u00c9"}},{"type":"Feature","geometry":{"type":"Point","coordinates":[-41.312047,-21.718093]},"properties":{"nome":"00318","tipo":"ponto","bairro":"S\u00c3O JOS\u00c9"}},{"type":"Feature","geometry":{"type":"Point","coordinates":[-41.312176,-21.718053]},"properties":{"nome":"00418","tipo":"ponto","bairro":"S\u00c3O JOS\u00c9"}},{"type":"Feature","geometry":{"type":"Point","coordinates":[-41.312332,-21.718002]},"properties":{"nome":"00518","tipo":"ponto","bairro":"S\u00c3O JOS\u00c9"}},{"type":"Feature","geometry":{"type":"Point","coordinates":[-41.313037,-21.717701]},"properties":{"nome":"00818","tipo":"ponto","bairro":"S\u00c3O JOS\u00c9"}},{"type":"Feature","geometry":{"type":"Point","coordinates":[-41.313457,-21.717509]},"properties":{"nome":"00918","tipo":"ponto","bairro":"S\u00c3O JOS\u00c9"}},{"type":"Feature","geometry":{"type":"Point","coordinates":[-41.314076,-21.71732]},"properties":{"nome":"01117","tipo":"ponto","bairro":"S\u00c3O JOS\u00c9"}},{"type":"Feature","geometry":{"type":"Point","coordinates":[-41.314263,-21.717199]},"properties":{"nome":"01217","tipo":"ponto","bairro":"S\u00c3O JOS\u00c9"}},{"type":"Feature","geometry":{"type":"Point","coordinates":[-41.31475,-21.717012]},"properties":{"nome":"01417","tipo":"ponto","bairro":"S\u00c3O JOS\u00c9"}},{"type":"Feature","geometry":{"type":"Point","coordinates":[-41.315106,-21.716838]},"properties":{"nome":"01517","tipo":"ponto","bairro":"S\u00c3O JOS\u00c9"}},{"type":"Feature","geometry":{"type":"Point","coordinates":[-41.315402,-21.716723]},"properties":{"nome":"01617","tipo":"ponto","bairro":"S\u00c3O JOS\u00c9"}},{"type":"Feature","geometry":{"type":"Point","coordinates":[-41.315788,-21.716762]},"properties":{"nome":"01817","tipo":"ponto","bairro":"S\u00c3O JOS\u00c9"}},{"type":"Feature","geometry":{"type":"Point","coordinates":[-41.315927,-21.716741]},"properties":{"nome":"01917","tipo":"ponto","bairro":"S\u00c3O JOS\u00c9"}},{"type":"Feature","geometry":{"type":"Point","coordinates":[-41.316205,-21.71669]},"properties":{"nome":"02017","tipo":"ponto","bairro":"S\u00c3O JOS\u00c9"}},{"type":"Feature","geometry":{"type":"Point","coordinates":[-41.316764,-21.716602]},"properties":{"nome":"02217","tipo":"ponto","bairro":"S\u00c3O JOS\u00c9"}},{"type":"Feature","geometry":{"type":"Point","coordinates":[-41.317106,-21.71651]},"properties":{"nome":"02317","tipo":"ponto","bairro":"S\u00c3O JOS\u00c9"}},{"type":"Feature","geometry":{"type":"Point","coordinates":[-41.317141,-21.71647]},"properties":{"nome":"02417","tipo":"ponto","bairro":"S\u00c3O JOS\u00c9"}},{"type":"Feature","geometry":{"type":"Point","coordinates":[-41.317,-21.716202]},"properties":{"nome":"02517","tipo":"ponto","bairro":"S\u00c3O JOS\u00c9"}},{"type":"Feature","geometry":{"type":"Point","coordinates":[-41.316956,-21.716101]},"properties":{"nome":"02617","tipo":"ponto","bairro":"S\u00c3O JOS\u00c9"}},{"type":"Feature","geometry":{"type":"Point","coordinates":[-41.316877,-21.715961]},"properties":{"nome":"02717","tipo":"ponto","bairro":"S\u00c3O JOS\u00c9"}},{"type":"Feature","geometry":{"type":"Point","coordinates":[-41.316774,-21.715719]},"properties":{"nome":"02817","tipo":"ponto","bairro":"S\u00c3O JOS\u00c9"}},{"type":"Feature","geometry":{"type":"Point","coordinates":[-41.316695,-21.715544]},"properties":{"nome":"02917","tipo":"ponto","bairro":"S\u00c3O JOS\u00c9"}},{"type":"Feature","geometry":{"type":"Point","coordinates":[-41.317369,-21.716382]},"properties":{"nome":"03016","tipo":"ponto","bairro":"S\u00c3O JOS\u00c9"}},{"type":"Feature","geometry":{"type":"Point","coordinates":[-41.317363,-21.716405]},"properties":{"nome":"03116","tipo":"ponto","bairro":"S\u00c3O JOS\u00c9"}},{"type":"Feature","geometry":{"type":"Point","coordinates":[-41.317416,-21.716514]},"properties":{"nome":"03216","tipo":"ponto","bairro":"S\u00c3O JOS\u00c9"}},{"type":"Feature","geometry":{"type":"Point","coordinates":[-41.317512,-21.716724]},"properties":{"nome":"03316","tipo":"ponto","bairro":"S\u00c3O JOS\u00c9"}},{"type":"Feature","geometry":{"type":"Point","coordinates":[-41.317641,-21.717033]},"properties":{"nome":"03416","tipo":"ponto","bairro":"S\u00c3O JOS\u00c9"}},{"type":"Feature","geometry":{"type":"Point","coordinates":[-41.317179,-21.715294]},"properties":{"nome":"03516","tipo":"ponto","bairro":"S\u00c3O JOS\u00c9"}},{"type":"Feature","geometry":{"type":"Point","coordinates":[-41.317014,-21.715314]},"properties":{"nome":"03616","tipo":"ponto","bairro":"S\u00c3O JOS\u00c9"}},{"type":"Feature","geometry":{"type":"Point","coordinates":[-41.317017,-21.715213]},"properties":{"nome":"03716","tipo":"ponto","bairro":"S\u00c3O JOS\u00c9"}},{"type":"Feature","geometry":{"type":"Point","coordinates":[-41.317174,-21.714983]},"properties":{"nome":"03816","tipo":"ponto","bairro":"S\u00c3O JOS\u00c9"}},{"type":"Feature","geometry":{"type":"Point","coordinates":[-41.316942,-21.715312]},"properties":{"nome":"03916","tipo":"ponto","bairro":"S\u00c3O JOS\u00c9"}},{"type":"Feature","geometry":{"type":"Point","coordinates":[-41.316218,-21.715662]},"properties":{"nome":"04215","tipo":"ponto","bairro":"S\u00c3O JOS\u00c9"}},{"type":"Feature","geometry":{"type":"Point","coordinates":[-41.316234,-21.716177]},"properties":{"nome":"04315","tipo":"ponto","bairro":"S\u00c3O JOS\u00c9"}},{"type":"Feature","geometry":{"type":"Point","coordinates":[-41.316135,-21.716]},"properties":{"nome":"04415","tipo":"ponto","bairro":"S\u00c3O JOS\u00c9"}},{"type":"Feature","geometry":{"type":"Point","coordinates":[-41.316016,-21.715759]},"properties":{"nome":"04515","tipo":"ponto","bairro":"S\u00c3O JOS\u00c9"}},{"type":"Feature","geometry":{"type":"Point","coordinates":[-41.315948,-21.715754]},"properties":{"nome":"04715","tipo":"ponto","bairro":"S\u00c3O JOS\u00c9"}},{"type":"Feature","geometry":{"type":"Point","coordinates":[-41.315878,-21.715649]},"properties":{"nome":"04815","tipo":"ponto","bairro":"S\u00c3O JOS\u00c9"}},{"type":"Feature","geometry":{"type":"Point","coordinates":[-41.315698,-21.715353]},"properties":{"nome":"04915","tipo":"ponto","bairro":"S\u00c3O JOS\u00c9"}},{"type":"Feature","geometry":{"type":"Point","coordinates":[-41.315577,-21.715107]},"properties":{"nome":"05015","tipo":"ponto","bairro":"S\u00c3O JOS\u00c9"}},{"type":"Feature","geometry":{"type":"Point","coordinates":[-41.315562,-21.715919]},"properties":{"nome":"05215","tipo":"ponto","bairro":"S\u00c3O JOS\u00c9"}},{"type":"Feature","geometry":{"type":"Point","coordinates":[-41.315343,-21.715992]},"properties":{"nome":"05415","tipo":"ponto","bairro":"S\u00c3O JOS\u00c9"}},{"type":"Feature","geometry":{"type":"Point","coordinates":[-41.31493,-21.716164]},"properties":{"nome":"05515","tipo":"ponto","bairro":"S\u00c3O JOS\u00c9"}},{"type":"Feature","geometry":{"type":"Point","coordinates":[-41.314745,-21.716253]},"properties":{"nome":"05615","tipo":"ponto","bairro":"S\u00c3O JOS\u00c9"}},{"type":"Feature","geometry":{"type":"Point","coordinates":[-41.314559,-21.71631]},"properties":{"nome":"05715","tipo":"ponto","bairro":"S\u00c3O JOS\u00c9"}},{"type":"Feature","geometry":{"type":"Point","coordinates":[-41.314233,-21.716424]},"properties":{"nome":"05915","tipo":"ponto","bairro":"S\u00c3O JOS\u00c9"}},{"type":"Feature","geometry":{"type":"Point","coordinates":[-41.314006,-21.716545]},"properties":{"nome":"06015","tipo":"ponto","bairro":"S\u00c3O JOS\u00c9"}},{"type":"Feature","geometry":{"type":"Point","coordinates":[-41.313736,-21.71666]},"properties":{"nome":"06115","tipo":"ponto","bairro":"S\u00c3O JOS\u00c9"}},{"type":"Feature","geometry":{"type":"Point","coordinates":[-41.313184,-21.716906]},"properties":{"nome":"06315","tipo":"ponto","bairro":"S\u00c3O JOS\u00c9"}},{"type":"Feature","geometry":{"type":"Point","coordinates":[-41.312975,-21.716977]},"properties":{"nome":"06414","tipo":"ponto","bairro":"S\u00c3O JOS\u00c9"}},{"type":"Feature","geometry":{"type":"Point","coordinates":[-41.312365,-21.717134]},"properties":{"nome":"06614","tipo":"ponto","bairro":"S\u00c3O JOS\u00c9"}},{"type":"Feature","geometry":{"type":"Point","coordinates":[-41.31209,-21.717181]},"properties":{"nome":"06714","tipo":"ponto","bairro":"S\u00c3O JOS\u00c9"}},{"type":"Feature","geometry":{"type":"Point","coordinates":[-41.311735,-21.717377]},"properties":{"nome":"06815","tipo":"ponto","bairro":"S\u00c3O JOS\u00c9"}},{"type":"Feature","geometry":{"type":"Point","coordinates":[-41.311862,-21.717933]},"properties":{"nome":"07014","tipo":"ponto","bairro":"S\u00c3O JOS\u00c9"}},{"type":"Feature","geometry":{"type":"Point","coordinates":[-41.312767,-21.717809]},"properties":{"nome":"07114","tipo":"ponto","bairro":"S\u00c3O JOS\u00c9"}},{"type":"Feature","geometry":{"type":"Point","coordinates":[-41.312704,-21.717585]},"properties":{"nome":"07214","tipo":"ponto","bairro":"S\u00c3O JOS\u00c9"}},{"type":"Feature","geometry":{"type":"Point","coordinates":[-41.312643,-21.717399]},"properties":{"nome":"07314","tipo":"ponto","bairro":"S\u00c3O JOS\u00c9"}},{"type":"Feature","geometry":{"type":"Point","coordinates":[-41.312539,-21.71721]},"properties":{"nome":"07414","tipo":"ponto","bairro":"S\u00c3O JOS\u00c9"}},{"type":"Feature","geometry":{"type":"Point","coordinates":[-41.312468,-21.717044]},"properties":{"nome":"07613","tipo":"ponto","bairro":"S\u00c3O JOS\u00c9"}},{"type":"Feature","geometry":{"type":"Point","coordinates":[-41.312439,-21.716995]},"properties":{"nome":"07713","tipo":"ponto","bairro":"S\u00c3O JOS\u00c9"}},{"type":"Feature","geometry":{"type":"Point","coordinates":[-41.312348,-21.716763]},"properties":{"nome":"07813","tipo":"ponto","bairro":"S\u00c3O JOS\u00c9"}},{"type":"Feature","geometry":{"type":"Point","coordinates":[-41.312194,-21.716531]},"properties":{"nome":"07912","tipo":"ponto","bairro":"S\u00c3O JOS\u00c9"}},{"type":"Feature","geometry":{"type":"Point","coordinates":[-41.312153,-21.716333]},"properties":{"nome":"08012","tipo":"ponto","bairro":"S\u00c3O JOS\u00c9"}},{"type":"Feature","geometry":{"type":"Point","coordinates":[-41.312078,-21.716218]},"properties":{"nome":"08112","tipo":"ponto","bairro":"S\u00c3O JOS\u00c9"}},{"type":"Feature","geometry":{"type":"Point","coordinates":[-41.311837,-21.715807]},"properties":{"nome":"08212","tipo":"ponto","bairro":"S\u00c3O JOS\u00c9"}},{"type":"Feature","geometry":{"type":"Point","coordinates":[-41.313553,-21.714899]},"properties":{"nome":"08312","tipo":"ponto","bairro":"S\u00c3O JOS\u00c9"}},{"type":"Feature","geometry":{"type":"Point","coordinates":[-41.313732,-21.715035]},"properties":{"nome":"08411","tipo":"ponto","bairro":"S\u00c3O JOS\u00c9"}},{"type":"Feature","geometry":{"type":"Point","coordinates":[-41.313921,-21.715369]},"properties":{"nome":"08511","tipo":"ponto","bairro":"S\u00c3O JOS\u00c9"}},{"type":"Feature","geometry":{"type":"Point","coordinates":[-41.314017,-21.715694]},"properties":{"nome":"08710","tipo":"ponto","bairro":"S\u00c3O JOS\u00c9"}},{"type":"Feature","geometry":{"type":"Point","coordinates":[-41.314207,-21.716061]},"properties":{"nome":"08810","tipo":"ponto","bairro":"S\u00c3O JOS\u00c9"}},{"type":"Feature","geometry":{"type":"Point","coordinates":[-41.3145,-21.716643]},"properties":{"nome":"09010","tipo":"ponto","bairro":"S\u00c3O JOS\u00c9"}},{"type":"Feature","geometry":{"type":"Point","coordinates":[-41.314548,-21.716773]},"properties":{"nome":"09110","tipo":"ponto","bairro":"S\u00c3O JOS\u00c9"}},{"type":"Feature","geometry":{"type":"Point","coordinates":[-41.31463,-21.71713]},"properties":{"nome":"09310","tipo":"ponto","bairro":"S\u00c3O JOS\u00c9"}},{"type":"Feature","geometry":{"type":"Point","coordinates":[-41.31474,-21.717509]},"properties":{"nome":"09410","tipo":"ponto","bairro":"S\u00c3O JOS\u00c9"}},{"type":"Feature","geometry":{"type":"Point","coordinates":[-41.315775,-21.717665]},"properties":{"nome":"0979","tipo":"ponto","bairro":"S\u00c3O JOS\u00c9"}},{"type":"Feature","geometry":{"type":"Point","coordinates":[-41.315766,-21.717427]},"properties":{"nome":"0989","tipo":"ponto","bairro":"S\u00c3O JOS\u00c9"}},{"type":"Feature","geometry":{"type":"Point","coordinates":[-41.315715,-21.717126]},"properties":{"nome":"0999","tipo":"ponto","bairro":"S\u00c3O JOS\u00c9"}},{"type":"Feature","geometry":{"type":"Point","coordinates":[-41.315652,-21.7165]},"properties":{"nome":"10110","tipo":"ponto","bairro":"S\u00c3O JOS\u00c9"}},{"type":"Feature","geometry":{"type":"Point","coordinates":[-41.315553,-21.716212]},"properties":{"nome":"10210","tipo":"ponto","bairro":"S\u00c3O JOS\u00c9"}},{"type":"Feature","geometry":{"type":"Point","coordinates":[-41.315368,-21.715793]},"properties":{"nome":"10410","tipo":"ponto","bairro":"S\u00c3O JOS\u00c9"}},{"type":"Feature","geometry":{"type":"Point","coordinates":[-41.315242,-21.715568]},"properties":{"nome":"1059","tipo":"ponto","bairro":"S\u00c3O JOS\u00c9"}},{"type":"Feature","geometry":{"type":"Point","coordinates":[-41.314117,-21.71453]},"properties":{"nome":"1109","tipo":"ponto","bairro":"S\u00c3O JOS\u00c9"}},{"type":"Feature","geometry":{"type":"Point","coordinates":[-41.313788,-21.714476]},"properties":{"nome":"11110","tipo":"ponto","bairro":"S\u00c3O JOS\u00c9"}},{"type":"Feature","geometry":{"type":"Point","coordinates":[-41.313379,-21.71467]},"properties":{"nome":"11210","tipo":"ponto","bairro":"S\u00c3O JOS\u00c9"}},{"type":"Feature","geometry":{"type":"Point","coordinates":[-41.313247,-21.714789]},"properties":{"nome":"1139","tipo":"ponto","bairro":"S\u00c3O JOS\u00c9"}},{"type":"Feature","geometry":{"type":"Point","coordinates":[-41.314084,-21.714812]},"properties":{"nome":"1159","tipo":"ponto","bairro":"S\u00c3O JOS\u00c9"}},{"type":"Feature","geometry":{"type":"Point","coordinates":[-41.31361,-21.715017]},"properties":{"nome":"1179","tipo":"ponto","bairro":"S\u00c3O JOS\u00c9"}},{"type":"Feature","geometry":{"type":"Point","coordinates":[-41.313108,-21.715188]},"properties":{"nome":"1199","tipo":"ponto","bairro":"S\u00c3O JOS\u00c9"}},{"type":"Feature","geometry":{"type":"Point","coordinates":[-41.312943,-21.715265]},"properties":{"nome":"1209","tipo":"ponto","bairro":"S\u00c3O JOS\u00c9"}},{"type":"Feature","geometry":{"type":"Point","coordinates":[-41.312753,-21.71538]},"properties":{"nome":"12110","tipo":"ponto","bairro":"S\u00c3O JOS\u00c9"}},{"type":"Feature","geometry":{"type":"Point","coordinates":[-41.312533,-21.715437]},"properties":{"nome":"1229","tipo":"ponto","bairro":"S\u00c3O JOS\u00c9"}},{"type":"Feature","geometry":{"type":"Point","coordinates":[-41.311679,-21.715795]},"properties":{"nome":"1259","tipo":"ponto","bairro":"S\u00c3O JOS\u00c9"}},{"type":"Feature","geometry":{"type":"Point","coordinates":[-41.311427,-21.715892]},"properties":{"nome":"1269","tipo":"ponto","bairro":"S\u00c3O JOS\u00c9"}},{"type":"Feature","geometry":{"type":"Point","coordinates":[-41.31066,-21.716182]},"properties":{"nome":"1289","tipo":"ponto","bairro":"S\u00c3O JOS\u00c9"}},{"type":"Feature","geometry":{"type":"Point","coordinates":[-41.310473,-21.716269]},"properties":{"nome":"1299","tipo":"ponto","bairro":"S\u00c3O JOS\u00c9"}},{"type":"Feature","geometry":{"type":"Point","coordinates":[-41.310445,-21.716346]},"properties":{"nome":"1309","tipo":"ponto","bairro":"S\u00c3O JOS\u00c9"}},{"type":"Feature","geometry":{"type":"Point","coordinates":[-41.310612,-21.716562]},"properties":{"nome":"13110","tipo":"ponto","bairro":"S\u00c3O JOS\u00c9"}},{"type":"Feature","geometry":{"type":"Point","coordinates":[-41.311494,-21.71747]},"properties":{"nome":"1339","tipo":"ponto","bairro":"S\u00c3O JOS\u00c9"}},{"type":"Feature","geometry":{"type":"Point","coordinates":[-41.311158,-21.717167]},"properties":{"nome":"1349","tipo":"ponto","bairro":"S\u00c3O JOS\u00c9"}},{"type":"Feature","geometry":{"type":"Point","coordinates":[-41.311314,-21.716676]},"properties":{"nome":"1378","tipo":"ponto","bairro":"S\u00c3O JOS\u00c9"}},{"type":"Feature","geometry":{"type":"Point","coordinates":[-41.311713,-21.716592]},"properties":{"nome":"1398","tipo":"ponto","bairro":"S\u00c3O JOS\u00c9"}},{"type":"Feature","geometry":{"type":"Point","coordinates":[-41.311934,-21.716478]},"properties":{"nome":"1408","tipo":"ponto","bairro":"S\u00c3O JOS\u00c9"}},{"type":"Feature","geometry":{"type":"Point","coordinates":[-41.312245,-21.716353]},"properties":{"nome":"1428","tipo":"ponto","bairro":"S\u00c3O JOS\u00c9"}},{"type":"Feature","geometry":{"type":"Point","coordinates":[-41.312404,-21.716297]},"properties":{"nome":"1438","tipo":"ponto","bairro":"S\u00c3O JOS\u00c9"}},{"type":"Feature","geometry":{"type":"Point","coordinates":[-41.312792,-21.716137]},"properties":{"nome":"1449","tipo":"ponto","bairro":"S\u00c3O JOS\u00c9"}},{"type":"Feature","geometry":{"type":"Point","coordinates":[-41.313143,-21.716048]},"properties":{"nome":"1468","tipo":"ponto","bairro":"S\u00c3O JOS\u00c9"}},{"type":"Feature","geometry":{"type":"Point","coordinates":[-41.313236,-21.716012]},"properties":{"nome":"1478","tipo":"ponto","bairro":"S\u00c3O JOS\u00c9"}},{"type":"Feature","geometry":{"type":"Point","coordinates":[-41.313458,-21.715918]},"properties":{"nome":"1488","tipo":"ponto","bairro":"S\u00c3O JOS\u00c9"}},{"type":"Feature","geometry":{"type":"Point","coordinates":[-41.313715,-21.715808]},"properties":{"nome":"1498","tipo":"ponto","bairro":"S\u00c3O JOS\u00c9"}},{"type":"Feature","geometry":{"type":"Point","coordinates":[-41.314347,-21.715549]},"properties":{"nome":"1519","tipo":"ponto","bairro":"S\u00c3O JOS\u00c9"}},{"type":"Feature","geometry":{"type":"Point","coordinates":[-41.314492,-21.715519]},"properties":{"nome":"1528","tipo":"ponto","bairro":"S\u00c3O JOS\u00c9"}},{"type":"Feature","geometry":{"type":"Point","coordinates":[-41.314871,-21.715312]},"properties":{"nome":"1538","tipo":"ponto","bairro":"S\u00c3O JOS\u00c9"}},{"type":"Feature","geometry":{"type":"Point","coordinates":[-41.311332,-21.716512]},"properties":{"nome":"1549","tipo":"ponto","bairro":"S\u00c3O JOS\u00c9"}},{"type":"Feature","geometry":{"type":"Point","coordinates":[-41.311235,-21.716277]},"properties":{"nome":"1558","tipo":"ponto","bairro":"S\u00c3O JOS\u00c9"}},{"type":"Feature","geometry":{"type":"Point","coordinates":[-41.311061,-21.715916]},"properties":{"nome":"1578","tipo":"ponto","bairro":"S\u00c3O JOS\u00c9"}},{"type":"Feature","geometry":{"type":"Point","coordinates":[-41.310858,-21.715519]},"properties":{"nome":"1598","tipo":"ponto","bairro":"S\u00c3O JOS\u00c9"}},{"type":"Feature","geometry":{"type":"Point","coordinates":[-41.310669,-21.715154]},"properties":{"nome":"1619","tipo":"ponto","bairro":"S\u00c3O JOS\u00c9"}},{"type":"Feature","geometry":{"type":"Point","coordinates":[-41.310451,-21.714723]},"properties":{"nome":"1638","tipo":"ponto","bairro":"S\u00c3O JOS\u00c9"}},{"type":"Feature","geometry":{"type":"Point","coordinates":[-41.310303,-21.714731]},"properties":{"nome":"1648","tipo":"ponto","bairro":"S\u00c3O JOS\u00c9"}},{"type":"Feature","geometry":{"type":"Point","coordinates":[-41.310025,-21.714832]},"properties":{"nome":"1658","tipo":"ponto","bairro":"S\u00c3O JOS\u00c9"}},{"type":"Feature","geometry":{"type":"Point","coordinates":[-41.309731,-21.71496]},"properties":{"nome":"1668","tipo":"ponto","bairro":"S\u00c3O JOS\u00c9"}},{"type":"Feature","geometry":{"type":"Point","coordinates":[-41.309043,-21.714361]},"properties":{"nome":"1688","tipo":"ponto","bairro":"S\u00c3O JOS\u00c9"}},{"type":"Feature","geometry":{"type":"Point","coordinates":[-41.309179,-21.714674]},"properties":{"nome":"1698","tipo":"ponto","bairro":"S\u00c3O JOS\u00c9"}},{"type":"Feature","geometry":{"type":"Point","coordinates":[-41.309348,-21.714975]},"properties":{"nome":"1708","tipo":"ponto","bairro":"S\u00c3O JOS\u00c9"}},{"type":"Feature","geometry":{"type":"Point","coordinates":[-41.309513,-21.715245]},"properties":{"nome":"1718","tipo":"ponto","bairro":"S\u00c3O JOS\u00c9"}},{"type":"Feature","geometry":{"type":"Point","coordinates":[-41.309553,-21.715337]},"properties":{"nome":"1729","tipo":"ponto","bairro":"S\u00c3O JOS\u00c9"}},{"type":"Feature","geometry":{"type":"Point","coordinates":[-41.309665,-21.715476]},"properties":{"nome":"1748","tipo":"ponto","bairro":"S\u00c3O JOS\u00c9"}},{"type":"Feature","geometry":{"type":"Point","coordinates":[-41.309776,-21.715636]},"properties":{"nome":"1758","tipo":"ponto","bairro":"S\u00c3O JOS\u00c9"}},{"type":"Feature","geometry":{"type":"Point","coordinates":[-41.31008,-21.715598]},"properties":{"nome":"1769","tipo":"ponto","bairro":"S\u00c3O JOS\u00c9"}},{"type":"Feature","geometry":{"type":"Point","coordinates":[-41.310364,-21.715483]},"properties":{"nome":"1778","tipo":"ponto","bairro":"S\u00c3O JOS\u00c9"}},{"type":"Feature","geometry":{"type":"Point","coordinates":[-41.310638,-21.715393]},"properties":{"nome":"1788","tipo":"ponto","bairro":"S\u00c3O JOS\u00c9"}},{"type":"Feature","geometry":{"type":"Point","coordinates":[-41.309897,-21.715814]},"properties":{"nome":"1798","tipo":"ponto","bairro":"S\u00c3O JOS\u00c9"}},{"type":"Feature","geometry":{"type":"Point","coordinates":[-41.310043,-21.715959]},"properties":{"nome":"1808","tipo":"ponto","bairro":"S\u00c3O JOS\u00c9"}},{"type":"Feature","geometry":{"type":"Point","coordinates":[-41.310255,-21.716198]},"properties":{"nome":"1818","tipo":"ponto","bairro":"S\u00c3O JOS\u00c9"}},{"type":"Feature","geometry":{"type":"Point","coordinates":[-41.333087,-21.73814]},"properties":{"nome":"10247","tipo":"ponto","bairro":"S\u00c3O JOS\u00c9"}},{"type":"Feature","geometry":{"type":"Point","coordinates":[-41.34749,-21.726623]},"properties":{"nome":"00153","tipo":"ponto","bairro":"S\u00c3O JOS\u00c9"}},{"type":"Feature","geometry":{"type":"Point","coordinates":[-41.347755,-21.726058]},"properties":{"nome":"00253","tipo":"ponto","bairro":"S\u00c3O JOS\u00c9"}},{"type":"Feature","geometry":{"type":"Point","coordinates":[-41.348232,-21.724826]},"properties":{"nome":"00553","tipo":"ponto","bairro":"S\u00c3O JOS\u00c9"}},{"type":"Feature","geometry":{"type":"Point","coordinates":[-41.348266,-21.724731]},"properties":{"nome":"00653","tipo":"ponto","bairro":"S\u00c3O JOS\u00c9"}},{"type":"Feature","geometry":{"type":"Point","coordinates":[-41.348308,-21.724613]},"properties":{"nome":"00753","tipo":"ponto","bairro":"S\u00c3O JOS\u00c9"}},{"type":"Feature","geometry":{"type":"Point","coordinates":[-41.348414,-21.724369]},"properties":{"nome":"00853","tipo":"ponto","bairro":"S\u00c3O JOS\u00c9"}},{"type":"Feature","geometry":{"type":"Point","coordinates":[-41.348489,-21.724147]},"properties":{"nome":"00953","tipo":"ponto","bairro":"S\u00c3O JOS\u00c9"}},{"type":"Feature","geometry":{"type":"Point","coordinates":[-41.348533,-21.72404]},"properties":{"nome":"01053","tipo":"ponto","bairro":"S\u00c3O JOS\u00c9"}},{"type":"Feature","geometry":{"type":"Point","coordinates":[-41.348592,-21.72394]},"properties":{"nome":"01152","tipo":"ponto","bairro":"S\u00c3O JOS\u00c9"}},{"type":"Feature","geometry":{"type":"Point","coordinates":[-41.348636,-21.723722]},"properties":{"nome":"01253","tipo":"ponto","bairro":"S\u00c3O JOS\u00c9"}},{"type":"Feature","geometry":{"type":"Point","coordinates":[-41.348425,-21.723593]},"properties":{"nome":"01653","tipo":"ponto","bairro":"S\u00c3O JOS\u00c9"}},{"type":"Feature","geometry":{"type":"Point","coordinates":[-41.348204,-21.723522]},"properties":{"nome":"01753","tipo":"ponto","bairro":"S\u00c3O JOS\u00c9"}},{"type":"Feature","geometry":{"type":"Point","coordinates":[-41.347921,-21.723446]},"properties":{"nome":"01853","tipo":"ponto","bairro":"S\u00c3O JOS\u00c9"}},{"type":"Feature","geometry":{"type":"Point","coordinates":[-41.347567,-21.723308]},"properties":{"nome":"01953","tipo":"ponto","bairro":"S\u00c3O JOS\u00c9"}},{"type":"Feature","geometry":{"type":"Point","coordinates":[-41.347214,-21.723171]},"properties":{"nome":"02053","tipo":"ponto","bairro":"S\u00c3O JOS\u00c9"}},{"type":"Feature","geometry":{"type":"Point","coordinates":[-41.346857,-21.723052]},"properties":{"nome":"02153","tipo":"ponto","bairro":"S\u00c3O JOS\u00c9"}},{"type":"Feature","geometry":{"type":"Point","coordinates":[-41.346487,-21.722928]},"properties":{"nome":"02253","tipo":"ponto","bairro":"S\u00c3O JOS\u00c9"}},{"type":"Feature","geometry":{"type":"Point","coordinates":[-41.346145,-21.722797]},"properties":{"nome":"02353","tipo":"ponto","bairro":"S\u00c3O JOS\u00c9"}},{"type":"Feature","geometry":{"type":"Point","coordinates":[-41.345743,-21.722648]},"properties":{"nome":"02453","tipo":"ponto","bairro":"S\u00c3O JOS\u00c9"}},{"type":"Feature","geometry":{"type":"Point","coordinates":[-41.345415,-21.722521]},"properties":{"nome":"02551","tipo":"ponto","bairro":"S\u00c3O JOS\u00c9"}},{"type":"Feature","geometry":{"type":"Point","coordinates":[-41.345035,-21.722418]},"properties":{"nome":"02651","tipo":"ponto","bairro":"S\u00c3O JOS\u00c9"}},{"type":"Feature","geometry":{"type":"Point","coordinates":[-41.344308,-21.722136]},"properties":{"nome":"02751","tipo":"ponto","bairro":"S\u00c3O JOS\u00c9"}},{"type":"Feature","geometry":{"type":"Point","coordinates":[-41.34307,-21.721834]},"properties":{"nome":"03051","tipo":"ponto","bairro":"S\u00c3O JOS\u00c9"}},{"type":"Feature","geometry":{"type":"Point","coordinates":[-41.342707,-21.72175]},"properties":{"nome":"03151","tipo":"ponto","bairro":"S\u00c3O JOS\u00c9"}},{"type":"Feature","geometry":{"type":"Point","coordinates":[-41.342335,-21.72171]},"properties":{"nome":"03251","tipo":"ponto","bairro":"S\u00c3O JOS\u00c9"}},{"type":"Feature","geometry":{"type":"Point","coordinates":[-41.341901,-21.721648]},"properties":{"nome":"03351","tipo":"ponto","bairro":"S\u00c3O JOS\u00c9"}},{"type":"Feature","geometry":{"type":"Point","coordinates":[-41.341532,-21.721599]},"properties":{"nome":"03450","tipo":"ponto","bairro":"S\u00c3O JOS\u00c9"}},{"type":"Feature","geometry":{"type":"Point","coordinates":[-41.341153,-21.721589]},"properties":{"nome":"03548","tipo":"ponto","bairro":"S\u00c3O JOS\u00c9"}},{"type":"Feature","geometry":{"type":"Point","coordinates":[-41.339535,-21.722387]},"properties":{"nome":"03949","tipo":"ponto","bairro":"S\u00c3O JOS\u00c9"}},{"type":"Feature","geometry":{"type":"Point","coordinates":[-41.34641,-21.729109]},"properties":{"nome":"04149","tipo":"ponto","bairro":"S\u00c3O JOS\u00c9"}},{"type":"Feature","geometry":{"type":"Point","coordinates":[-41.346287,-21.729332]},"properties":{"nome":"04349","tipo":"ponto","bairro":"S\u00c3O JOS\u00c9"}},{"type":"Feature","geometry":{"type":"Point","coordinates":[-41.346397,-21.729372]},"properties":{"nome":"04449","tipo":"ponto","bairro":"S\u00c3O JOS\u00c9"}},{"type":"Feature","geometry":{"type":"Point","coordinates":[-41.346736,-21.729404]},"properties":{"nome":"04549","tipo":"ponto","bairro":"S\u00c3O JOS\u00c9"}},{"type":"Feature","geometry":{"type":"Point","coordinates":[-41.34617,-21.729593]},"properties":{"nome":"04749","tipo":"ponto","bairro":"S\u00c3O JOS\u00c9"}},{"type":"Feature","geometry":{"type":"Point","coordinates":[-41.346025,-21.729812]},"properties":{"nome":"04849","tipo":"ponto","bairro":"S\u00c3O JOS\u00c9"}},{"type":"Feature","geometry":{"type":"Point","coordinates":[-41.345847,-21.730155]},"properties":{"nome":"04949","tipo":"ponto","bairro":"S\u00c3O JOS\u00c9"}},{"type":"Feature","geometry":{"type":"Point","coordinates":[-41.345651,-21.730449]},"properties":{"nome":"05049","tipo":"ponto","bairro":"S\u00c3O JOS\u00c9"}},{"type":"Feature","geometry":{"type":"Point","coordinates":[-41.345477,-21.730755]},"properties":{"nome":"05149","tipo":"ponto","bairro":"S\u00c3O JOS\u00c9"}},{"type":"Feature","geometry":{"type":"Point","coordinates":[-41.345311,-21.731096]},"properties":{"nome":"05249","tipo":"ponto","bairro":"S\u00c3O JOS\u00c9"}},{"type":"Feature","geometry":{"type":"Point","coordinates":[-41.345126,-21.731391]},"properties":{"nome":"05349","tipo":"ponto","bairro":"S\u00c3O JOS\u00c9"}},{"type":"Feature","geometry":{"type":"Point","coordinates":[-41.34477,-21.731984]},"properties":{"nome":"05549","tipo":"ponto","bairro":"S\u00c3O JOS\u00c9"}},{"type":"Feature","geometry":{"type":"Point","coordinates":[-41.344483,-21.732482]},"properties":{"nome":"05749","tipo":"ponto","bairro":"S\u00c3O JOS\u00c9"}},{"type":"Feature","geometry":{"type":"Point","coordinates":[-41.344331,-21.732801]},"properties":{"nome":"05849","tipo":"ponto","bairro":"S\u00c3O JOS\u00c9"}},{"type":"Feature","geometry":{"type":"Point","coordinates":[-41.344158,-21.733061]},"properties":{"nome":"05949","tipo":"ponto","bairro":"S\u00c3O JOS\u00c9"}},{"type":"Feature","geometry":{"type":"Point","coordinates":[-41.343956,-21.733387]},"properties":{"nome":"06049","tipo":"ponto","bairro":"S\u00c3O JOS\u00c9"}},{"type":"Feature","geometry":{"type":"Point","coordinates":[-41.343773,-21.733753]},"properties":{"nome":"06148","tipo":"ponto","bairro":"S\u00c3O JOS\u00c9"}},{"type":"Feature","geometry":{"type":"Point","coordinates":[-41.343454,-21.734103]},"properties":{"nome":"06448","tipo":"ponto","bairro":"S\u00c3O JOS\u00c9"}},{"type":"Feature","geometry":{"type":"Point","coordinates":[-41.343256,-21.734335]},"properties":{"nome":"06548","tipo":"ponto","bairro":"S\u00c3O JOS\u00c9"}},{"type":"Feature","geometry":{"type":"Point","coordinates":[-41.342876,-21.73479]},"properties":{"nome":"06748","tipo":"ponto","bairro":"S\u00c3O JOS\u00c9"}},{"type":"Feature","geometry":{"type":"Point","coordinates":[-41.342708,-21.735036]},"properties":{"nome":"06848","tipo":"ponto","bairro":"S\u00c3O JOS\u00c9"}},{"type":"Feature","geometry":{"type":"Point","coordinates":[-41.342444,-21.735315]},"properties":{"nome":"07049","tipo":"ponto","bairro":"S\u00c3O JOS\u00c9"}},{"type":"Feature","geometry":{"type":"Point","coordinates":[-41.342215,-21.735649]},"properties":{"nome":"07248","tipo":"ponto","bairro":"S\u00c3O JOS\u00c9"}},{"type":"Feature","geometry":{"type":"Point","coordinates":[-41.341971,-21.735929]},"properties":{"nome":"07348","tipo":"ponto","bairro":"S\u00c3O JOS\u00c9"}},{"type":"Feature","geometry":{"type":"Point","coordinates":[-41.341873,-21.736086]},"properties":{"nome":"07448","tipo":"ponto","bairro":"S\u00c3O JOS\u00c9"}},{"type":"Feature","geometry":{"type":"Point","coordinates":[-41.341745,-21.736204]},"properties":{"nome":"07647","tipo":"ponto","bairro":"S\u00c3O JOS\u00c9"}},{"type":"Feature","geometry":{"type":"Point","coordinates":[-41.341619,-21.736402]},"properties":{"nome":"07747","tipo":"ponto","bairro":"S\u00c3O JOS\u00c9"}},{"type":"Feature","geometry":{"type":"Point","coordinates":[-41.341202,-21.736838]},"properties":{"nome":"07947","tipo":"ponto","bairro":"S\u00c3O JOS\u00c9"}},{"type":"Feature","geometry":{"type":"Point","coordinates":[-41.340228,-21.737188]},"properties":{"nome":"08246","tipo":"ponto","bairro":"S\u00c3O JOS\u00c9"}},{"type":"Feature","geometry":{"type":"Point","coordinates":[-41.339777,-21.737347]},"properties":{"nome":"08345","tipo":"ponto","bairro":"S\u00c3O JOS\u00c9"}},{"type":"Feature","geometry":{"type":"Point","coordinates":[-41.339216,-21.737429]},"properties":{"nome":"08445","tipo":"ponto","bairro":"S\u00c3O JOS\u00c9"}},{"type":"Feature","geometry":{"type":"Point","coordinates":[-41.338313,-21.737447]},"properties":{"nome":"08645","tipo":"ponto","bairro":"S\u00c3O JOS\u00c9"}},{"type":"Feature","geometry":{"type":"Point","coordinates":[-41.337795,-21.737467]},"properties":{"nome":"08744","tipo":"ponto","bairro":"S\u00c3O JOS\u00c9"}},{"type":"Feature","geometry":{"type":"Point","coordinates":[-41.337309,-21.737458]},"properties":{"nome":"08844","tipo":"ponto","bairro":"S\u00c3O JOS\u00c9"}},{"type":"Feature","geometry":{"type":"Point","coordinates":[-41.336833,-21.737518]},"properties":{"nome":"08944","tipo":"ponto","bairro":"S\u00c3O JOS\u00c9"}},{"type":"Feature","geometry":{"type":"Point","coordinates":[-41.336343,-21.737564]},"properties":{"nome":"09044","tipo":"ponto","bairro":"S\u00c3O JOS\u00c9"}},{"type":"Feature","geometry":{"type":"Point","coordinates":[-41.335874,-21.737588]},"properties":{"nome":"09144","tipo":"ponto","bairro":"S\u00c3O JOS\u00c9"}},{"type":"Feature","geometry":{"type":"Point","coordinates":[-41.335404,-21.737605]},"properties":{"nome":"09244","tipo":"ponto","bairro":"S\u00c3O JOS\u00c9"}},{"type":"Feature","geometry":{"type":"Point","coordinates":[-41.334973,-21.73781]},"properties":{"nome":"09444","tipo":"ponto","bairro":"S\u00c3O JOS\u00c9"}},{"type":"Feature","geometry":{"type":"Point","coordinates":[-41.334199,-21.738171]},"properties":{"nome":"09544","tipo":"ponto","bairro":"S\u00c3O JOS\u00c9"}},{"type":"Feature","geometry":{"type":"Point","coordinates":[-41.334047,-21.738175]},"properties":{"nome":"09644","tipo":"ponto","bairro":"S\u00c3O JOS\u00c9"}},{"type":"Feature","geometry":{"type":"Point","coordinates":[-41.333473,-21.738157]},"properties":{"nome":"10047","tipo":"ponto","bairro":"S\u00c3O JOS\u00c9"}},{"type":"Feature","geometry":{"type":"Point","coordinates":[-41.341843,-21.728647]},"properties":{"nome":"11243","tipo":"ponto","bairro":"S\u00c3O JOS\u00c9"}},{"type":"Feature","geometry":{"type":"Point","coordinates":[-41.342116,-21.728769]},"properties":{"nome":"11343","tipo":"ponto","bairro":"S\u00c3O JOS\u00c9"}},{"type":"Feature","geometry":{"type":"Point","coordinates":[-41.342392,-21.728893]},"properties":{"nome":"11443","tipo":"ponto","bairro":"S\u00c3O JOS\u00c9"}},{"type":"Feature","geometry":{"type":"Point","coordinates":[-41.342673,-21.729018]},"properties":{"nome":"11643","tipo":"ponto","bairro":"S\u00c3O JOS\u00c9"}},{"type":"Feature","geometry":{"type":"Point","coordinates":[-41.34295,-21.729141]},"properties":{"nome":"11743","tipo":"ponto","bairro":"S\u00c3O JOS\u00c9"}},{"type":"Feature","geometry":{"type":"Point","coordinates":[-41.343876,-21.729126]},"properties":{"nome":"12242","tipo":"ponto","bairro":"S\u00c3O JOS\u00c9"}},{"type":"Feature","geometry":{"type":"Point","coordinates":[-41.344159,-21.729244]},"properties":{"nome":"12342","tipo":"ponto","bairro":"S\u00c3O JOS\u00c9"}},{"type":"Feature","geometry":{"type":"Point","coordinates":[-41.344418,-21.729361]},"properties":{"nome":"12442","tipo":"ponto","bairro":"S\u00c3O JOS\u00c9"}},{"type":"Feature","geometry":{"type":"Point","coordinates":[-41.343381,-21.7289]},"properties":{"nome":"12842","tipo":"ponto","bairro":"S\u00c3O JOS\u00c9"}},{"type":"Feature","geometry":{"type":"Point","coordinates":[-41.343152,-21.728799]},"properties":{"nome":"12942","tipo":"ponto","bairro":"S\u00c3O JOS\u00c9"}},{"type":"Feature","geometry":{"type":"Point","coordinates":[-41.342836,-21.728671]},"properties":{"nome":"13042","tipo":"ponto","bairro":"S\u00c3O JOS\u00c9"}},{"type":"Feature","geometry":{"type":"Point","coordinates":[-41.342567,-21.728552]},"properties":{"nome":"13242","tipo":"ponto","bairro":"S\u00c3O JOS\u00c9"}},{"type":"Feature","geometry":{"type":"Point","coordinates":[-41.342292,-21.728421]},"properties":{"nome":"13342","tipo":"ponto","bairro":"S\u00c3O JOS\u00c9"}},{"type":"Feature","geometry":{"type":"Point","coordinates":[-41.342463,-21.728093]},"properties":{"nome":"13742","tipo":"ponto","bairro":"S\u00c3O JOS\u00c9"}},{"type":"Feature","geometry":{"type":"Point","coordinates":[-41.342727,-21.728195]},"properties":{"nome":"13842","tipo":"ponto","bairro":"S\u00c3O JOS\u00c9"}},{"type":"Feature","geometry":{"type":"Point","coordinates":[-41.342878,-21.728267]},"properties":{"nome":"14042","tipo":"ponto","bairro":"S\u00c3O JOS\u00c9"}},{"type":"Feature","geometry":{"type":"Point","coordinates":[-41.34304,-21.72834]},"properties":{"nome":"14142","tipo":"ponto","bairro":"S\u00c3O JOS\u00c9"}},{"type":"Feature","geometry":{"type":"Point","coordinates":[-41.34329,-21.72845]},"properties":{"nome":"14242","tipo":"ponto","bairro":"S\u00c3O JOS\u00c9"}},{"type":"Feature","geometry":{"type":"Point","coordinates":[-41.343577,-21.728576]},"properties":{"nome":"14342","tipo":"ponto","bairro":"S\u00c3O JOS\u00c9"}},{"type":"Feature","geometry":{"type":"Point","coordinates":[-41.344058,-21.728783]},"properties":{"nome":"14841","tipo":"ponto","bairro":"S\u00c3O JOS\u00c9"}},{"type":"Feature","geometry":{"type":"Point","coordinates":[-41.344194,-21.728842]},"properties":{"nome":"14941","tipo":"ponto","bairro":"S\u00c3O JOS\u00c9"}},{"type":"Feature","geometry":{"type":"Point","coordinates":[-41.344319,-21.728894]},"properties":{"nome":"15040","tipo":"ponto","bairro":"S\u00c3O JOS\u00c9"}},{"type":"Feature","geometry":{"type":"Point","coordinates":[-41.34452,-21.728987]},"properties":{"nome":"15141","tipo":"ponto","bairro":"S\u00c3O JOS\u00c9"}},{"type":"Feature","geometry":{"type":"Point","coordinates":[-41.344802,-21.729118]},"properties":{"nome":"15241","tipo":"ponto","bairro":"S\u00c3O JOS\u00c9"}},{"type":"Feature","geometry":{"type":"Point","coordinates":[-41.34083,-21.72807]},"properties":{"nome":"15341","tipo":"ponto","bairro":"S\u00c3O JOS\u00c9"}},{"type":"Feature","geometry":{"type":"Point","coordinates":[-41.341484,-21.727684]},"properties":{"nome":"15741","tipo":"ponto","bairro":"S\u00c3O JOS\u00c9"}},{"type":"Feature","geometry":{"type":"Point","coordinates":[-41.342318,-21.726299]},"properties":{"nome":"16539","tipo":"ponto","bairro":"S\u00c3O JOS\u00c9"}},{"type":"Feature","geometry":{"type":"Point","coordinates":[-41.342062,-21.727471]},"properties":{"nome":"16739","tipo":"ponto","bairro":"S\u00c3O JOS\u00c9"}},{"type":"Feature","geometry":{"type":"Point","coordinates":[-41.342357,-21.727595]},"properties":{"nome":"16839","tipo":"ponto","bairro":"S\u00c3O JOS\u00c9"}},{"type":"Feature","geometry":{"type":"Point","coordinates":[-41.342615,-21.727712]},"properties":{"nome":"16939","tipo":"ponto","bairro":"S\u00c3O JOS\u00c9"}},{"type":"Feature","geometry":{"type":"Point","coordinates":[-41.342925,-21.727847]},"properties":{"nome":"17139","tipo":"ponto","bairro":"S\u00c3O JOS\u00c9"}},{"type":"Feature","geometry":{"type":"Point","coordinates":[-41.343193,-21.727959]},"properties":{"nome":"17239","tipo":"ponto","bairro":"S\u00c3O JOS\u00c9"}},{"type":"Feature","geometry":{"type":"Point","coordinates":[-41.34348,-21.728085]},"properties":{"nome":"17338","tipo":"ponto","bairro":"S\u00c3O JOS\u00c9"}},{"type":"Feature","geometry":{"type":"Point","coordinates":[-41.343624,-21.728148]},"properties":{"nome":"17438","tipo":"ponto","bairro":"S\u00c3O JOS\u00c9"}},{"type":"Feature","geometry":{"type":"Point","coordinates":[-41.34376,-21.728214]},"properties":{"nome":"17538","tipo":"ponto","bairro":"S\u00c3O JOS\u00c9"}},{"type":"Feature","geometry":{"type":"Point","coordinates":[-41.344232,-21.728418]},"properties":{"nome":"18136","tipo":"ponto","bairro":"S\u00c3O JOS\u00c9"}},{"type":"Feature","geometry":{"type":"Point","coordinates":[-41.34444,-21.72851]},"properties":{"nome":"18236","tipo":"ponto","bairro":"S\u00c3O JOS\u00c9"}},{"type":"Feature","geometry":{"type":"Point","coordinates":[-41.34473,-21.728644]},"properties":{"nome":"18436","tipo":"ponto","bairro":"S\u00c3O JOS\u00c9"}},{"type":"Feature","geometry":{"type":"Point","coordinates":[-41.344875,-21.728708]},"properties":{"nome":"18536","tipo":"ponto","bairro":"S\u00c3O JOS\u00c9"}},{"type":"Feature","geometry":{"type":"Point","coordinates":[-41.345019,-21.728769]},"properties":{"nome":"18636","tipo":"ponto","bairro":"S\u00c3O JOS\u00c9"}},{"type":"Feature","geometry":{"type":"Point","coordinates":[-41.345293,-21.728884]},"properties":{"nome":"18736","tipo":"ponto","bairro":"S\u00c3O JOS\u00c9"}},{"type":"Feature","geometry":{"type":"Point","coordinates":[-41.345555,-21.729]},"properties":{"nome":"18836","tipo":"ponto","bairro":"S\u00c3O JOS\u00c9"}},{"type":"Feature","geometry":{"type":"Point","coordinates":[-41.345853,-21.72911]},"properties":{"nome":"18934","tipo":"ponto","bairro":"S\u00c3O JOS\u00c9"}},{"type":"Feature","geometry":{"type":"Point","coordinates":[-41.343952,-21.727875]},"properties":{"nome":"19434","tipo":"ponto","bairro":"S\u00c3O JOS\u00c9"}},{"type":"Feature","geometry":{"type":"Point","coordinates":[-41.343655,-21.727742]},"properties":{"nome":"19534","tipo":"ponto","bairro":"S\u00c3O JOS\u00c9"}},{"type":"Feature","geometry":{"type":"Point","coordinates":[-41.343375,-21.727615]},"properties":{"nome":"19633","tipo":"ponto","bairro":"S\u00c3O JOS\u00c9"}},{"type":"Feature","geometry":{"type":"Point","coordinates":[-41.343102,-21.727496]},"properties":{"nome":"19735","tipo":"ponto","bairro":"S\u00c3O JOS\u00c9"}},{"type":"Feature","geometry":{"type":"Point","coordinates":[-41.342817,-21.727369]},"properties":{"nome":"19934","tipo":"ponto","bairro":"S\u00c3O JOS\u00c9"}},{"type":"Feature","geometry":{"type":"Point","coordinates":[-41.342529,-21.727245]},"properties":{"nome":"20033","tipo":"ponto","bairro":"S\u00c3O JOS\u00c9"}},{"type":"Feature","geometry":{"type":"Point","coordinates":[-41.342255,-21.727129]},"properties":{"nome":"20131","tipo":"ponto","bairro":"S\u00c3O JOS\u00c9"}},{"type":"Feature","geometry":{"type":"Point","coordinates":[-41.344388,-21.728053]},"properties":{"nome":"20426","tipo":"ponto","bairro":"S\u00c3O JOS\u00c9"}},{"type":"Feature","geometry":{"type":"Point","coordinates":[-41.344599,-21.728149]},"properties":{"nome":"20525","tipo":"ponto","bairro":"S\u00c3O JOS\u00c9"}},{"type":"Feature","geometry":{"type":"Point","coordinates":[-41.344902,-21.728291]},"properties":{"nome":"20625","tipo":"ponto","bairro":"S\u00c3O JOS\u00c9"}},{"type":"Feature","geometry":{"type":"Point","coordinates":[-41.345176,-21.728416]},"properties":{"nome":"20725","tipo":"ponto","bairro":"S\u00c3O JOS\u00c9"}},{"type":"Feature","geometry":{"type":"Point","coordinates":[-41.345465,-21.728539]},"properties":{"nome":"20924","tipo":"ponto","bairro":"S\u00c3O JOS\u00c9"}},{"type":"Feature","geometry":{"type":"Point","coordinates":[-41.345756,-21.728664]},"properties":{"nome":"21024","tipo":"ponto","bairro":"S\u00c3O JOS\u00c9"}},{"type":"Feature","geometry":{"type":"Point","coordinates":[-41.346024,-21.728792]},"properties":{"nome":"21124","tipo":"ponto","bairro":"S\u00c3O JOS\u00c9"}},{"type":"Feature","geometry":{"type":"Point","coordinates":[-41.34646,-21.728566]},"properties":{"nome":"21324","tipo":"ponto","bairro":"S\u00c3O JOS\u00c9"}},{"type":"Feature","geometry":{"type":"Point","coordinates":[-41.346203,-21.728451]},"properties":{"nome":"21424","tipo":"ponto","bairro":"S\u00c3O JOS\u00c9"}},{"type":"Feature","geometry":{"type":"Point","coordinates":[-41.34592,-21.728328]},"properties":{"nome":"21525","tipo":"ponto","bairro":"S\u00c3O JOS\u00c9"}},{"type":"Feature","geometry":{"type":"Point","coordinates":[-41.345646,-21.728203]},"properties":{"nome":"21624","tipo":"ponto","bairro":"S\u00c3O JOS\u00c9"}},{"type":"Feature","geometry":{"type":"Point","coordinates":[-41.345362,-21.728082]},"properties":{"nome":"21824","tipo":"ponto","bairro":"S\u00c3O JOS\u00c9"}},{"type":"Feature","geometry":{"type":"Point","coordinates":[-41.345076,-21.727955]},"properties":{"nome":"21924","tipo":"ponto","bairro":"S\u00c3O JOS\u00c9"}},{"type":"Feature","geometry":{"type":"Point","coordinates":[-41.344799,-21.727833]},"properties":{"nome":"22023","tipo":"ponto","bairro":"S\u00c3O JOS\u00c9"}},{"type":"Feature","geometry":{"type":"Point","coordinates":[-41.344617,-21.727751]},"properties":{"nome":"22123","tipo":"ponto","bairro":"S\u00c3O JOS\u00c9"}},{"type":"Feature","geometry":{"type":"Point","coordinates":[-41.34441,-21.727646]},"properties":{"nome":"22223","tipo":"ponto","bairro":"S\u00c3O JOS\u00c9"}},{"type":"Feature","geometry":{"type":"Point","coordinates":[-41.343818,-21.727398]},"properties":{"nome":"22921","tipo":"ponto","bairro":"S\u00c3O JOS\u00c9"}},{"type":"Feature","geometry":{"type":"Point","coordinates":[-41.343541,-21.727277]},"properties":{"nome":"23020","tipo":"ponto","bairro":"S\u00c3O JOS\u00c9"}},{"type":"Feature","geometry":{"type":"Point","coordinates":[-41.343009,-21.727041]},"properties":{"nome":"23420","tipo":"ponto","bairro":"S\u00c3O JOS\u00c9"}},{"type":"Feature","geometry":{"type":"Point","coordinates":[-41.342718,-21.72691]},"properties":{"nome":"23519","tipo":"ponto","bairro":"S\u00c3O JOS\u00c9"}},{"type":"Feature","geometry":{"type":"Point","coordinates":[-41.342429,-21.726777]},"properties":{"nome":"23619","tipo":"ponto","bairro":"S\u00c3O JOS\u00c9"}},{"type":"Feature","geometry":{"type":"Point","coordinates":[-41.342144,-21.726656]},"properties":{"nome":"23719","tipo":"ponto","bairro":"S\u00c3O JOS\u00c9"}},{"type":"Feature","geometry":{"type":"Point","coordinates":[-41.342603,-21.726429]},"properties":{"nome":"23819","tipo":"ponto","bairro":"S\u00c3O JOS\u00c9"}},{"type":"Feature","geometry":{"type":"Point","coordinates":[-41.342885,-21.726559]},"properties":{"nome":"23919","tipo":"ponto","bairro":"S\u00c3O JOS\u00c9"}},{"type":"Feature","geometry":{"type":"Point","coordinates":[-41.343167,-21.726687]},"properties":{"nome":"24019","tipo":"ponto","bairro":"S\u00c3O JOS\u00c9"}},{"type":"Feature","geometry":{"type":"Point","coordinates":[-41.343427,-21.726804]},"properties":{"nome":"24119","tipo":"ponto","bairro":"S\u00c3O JOS\u00c9"}},{"type":"Feature","geometry":{"type":"Point","coordinates":[-41.343486,-21.726937]},"properties":{"nome":"24219","tipo":"ponto","bairro":"S\u00c3O JOS\u00c9"}},{"type":"Feature","geometry":{"type":"Point","coordinates":[-41.34475,-21.727384]},"properties":{"nome":"24618","tipo":"ponto","bairro":"S\u00c3O JOS\u00c9"}},{"type":"Feature","geometry":{"type":"Point","coordinates":[-41.34496,-21.727482]},"properties":{"nome":"24717","tipo":"ponto","bairro":"S\u00c3O JOS\u00c9"}},{"type":"Feature","geometry":{"type":"Point","coordinates":[-41.34523,-21.727601]},"properties":{"nome":"24817","tipo":"ponto","bairro":"S\u00c3O JOS\u00c9"}},{"type":"Feature","geometry":{"type":"Point","coordinates":[-41.34551,-21.727726]},"properties":{"nome":"24917","tipo":"ponto","bairro":"S\u00c3O JOS\u00c9"}},{"type":"Feature","geometry":{"type":"Point","coordinates":[-41.345805,-21.727854]},"properties":{"nome":"25117","tipo":"ponto","bairro":"S\u00c3O JOS\u00c9"}},{"type":"Feature","geometry":{"type":"Point","coordinates":[-41.34607,-21.727974]},"properties":{"nome":"25217","tipo":"ponto","bairro":"S\u00c3O JOS\u00c9"}},{"type":"Feature","geometry":{"type":"Point","coordinates":[-41.346349,-21.728098]},"properties":{"nome":"25317","tipo":"ponto","bairro":"S\u00c3O JOS\u00c9"}},{"type":"Feature","geometry":{"type":"Point","coordinates":[-41.346636,-21.728216]},"properties":{"nome":"25417","tipo":"ponto","bairro":"S\u00c3O JOS\u00c9"}},{"type":"Feature","geometry":{"type":"Point","coordinates":[-41.347322,-21.728533]},"properties":{"nome":"25617","tipo":"ponto","bairro":"S\u00c3O JOS\u00c9"}},{"type":"Feature","geometry":{"type":"Point","coordinates":[-41.347242,-21.728886]},"properties":{"nome":"25717","tipo":"ponto","bairro":"S\u00c3O JOS\u00c9"}},{"type":"Feature","geometry":{"type":"Point","coordinates":[-41.346946,-21.728981]},"properties":{"nome":"25817","tipo":"ponto","bairro":"S\u00c3O JOS\u00c9"}},{"type":"Feature","geometry":{"type":"Point","coordinates":[-41.346623,-21.729036]},"properties":{"nome":"25917","tipo":"ponto","bairro":"S\u00c3O JOS\u00c9"}},{"type":"Feature","geometry":{"type":"Point","coordinates":[-41.346592,-21.728885]},"properties":{"nome":"26317","tipo":"ponto","bairro":"S\u00c3O JOS\u00c9"}},{"type":"Feature","geometry":{"type":"Point","coordinates":[-41.346746,-21.728645]},"properties":{"nome":"26517","tipo":"ponto","bairro":"S\u00c3O JOS\u00c9"}},{"type":"Feature","geometry":{"type":"Point","coordinates":[-41.346866,-21.728437]},"properties":{"nome":"26617","tipo":"ponto","bairro":"S\u00c3O JOS\u00c9"}},{"type":"Feature","geometry":{"type":"Point","coordinates":[-41.346941,-21.728299]},"properties":{"nome":"26717","tipo":"ponto","bairro":"S\u00c3O JOS\u00c9"}},{"type":"Feature","geometry":{"type":"Point","coordinates":[-41.346972,-21.728215]},"properties":{"nome":"26817","tipo":"ponto","bairro":"S\u00c3O JOS\u00c9"}},{"type":"Feature","geometry":{"type":"Point","coordinates":[-41.335497,-21.715128]},"properties":{"nome":"0134","tipo":"ponto","bairro":"S\u00c3O JOS\u00c9"}},{"type":"Feature","geometry":{"type":"Point","coordinates":[-41.335693,-21.71511]},"properties":{"nome":"0194","tipo":"ponto","bairro":"S\u00c3O JOS\u00c9"}},{"type":"Feature","geometry":{"type":"Point","coordinates":[-41.336132,-21.715293]},"properties":{"nome":"0254","tipo":"ponto","bairro":"S\u00c3O JOS\u00c9"}},{"type":"Feature","geometry":{"type":"Point","coordinates":[-41.33557,-21.717061]},"properties":{"nome":"0324","tipo":"ponto","bairro":"S\u00c3O JOS\u00c9"}},{"type":"Feature","geometry":{"type":"Point","coordinates":[-41.335141,-21.719445]},"properties":{"nome":"0484","tipo":"ponto","bairro":"S\u00c3O JOS\u00c9"}},{"type":"Feature","geometry":{"type":"Point","coordinates":[-41.33653,-21.719903]},"properties":{"nome":"0594","tipo":"ponto","bairro":"S\u00c3O JOS\u00c9"}},{"type":"Feature","geometry":{"type":"Point","coordinates":[-41.336626,-21.720165]},"properties":{"nome":"0604","tipo":"ponto","bairro":"S\u00c3O JOS\u00c9"}},{"type":"Feature","geometry":{"type":"Point","coordinates":[-41.337525,-21.722544]},"properties":{"nome":"0894","tipo":"ponto","bairro":"S\u00c3O JOS\u00c9"}},{"type":"Feature","geometry":{"type":"Point","coordinates":[-41.338844,-21.722861]},"properties":{"nome":"1074","tipo":"ponto","bairro":"S\u00c3O JOS\u00c9"}},{"type":"Feature","geometry":{"type":"Point","coordinates":[-41.338665,-21.72298]},"properties":{"nome":"1084","tipo":"ponto","bairro":"S\u00c3O JOS\u00c9"}},{"type":"Feature","geometry":{"type":"Point","coordinates":[-41.33974,-21.726645]},"properties":{"nome":"0031","tipo":"ponto","bairro":"S\u00c3O JOS\u00c9"}},{"type":"Feature","geometry":{"type":"Point","coordinates":[-41.338236,-21.727607]},"properties":{"nome":"0251","tipo":"ponto","bairro":"S\u00c3O JOS\u00c9"}},{"type":"Feature","geometry":{"type":"Point","coordinates":[-41.338153,-21.727508]},"properties":{"nome":"0261","tipo":"ponto","bairro":"S\u00c3O JOS\u00c9"}},{"type":"Feature","geometry":{"type":"Point","coordinates":[-41.339144,-21.725904]},"properties":{"nome":"046","tipo":"ponto","bairro":"S\u00c3O JOS\u00c9"}},{"type":"Feature","geometry":{"type":"Point","coordinates":[-41.337947,-21.727054]},"properties":{"nome":"053","tipo":"ponto","bairro":"S\u00c3O JOS\u00c9"}},{"type":"Feature","geometry":{"type":"Point","coordinates":[-41.338032,-21.727379]},"properties":{"nome":"056","tipo":"ponto","bairro":"S\u00c3O JOS\u00c9"}},{"type":"Feature","geometry":{"type":"Point","coordinates":[-41.337618,-21.727033]},"properties":{"nome":"059","tipo":"ponto","bairro":"S\u00c3O JOS\u00c9"}},{"type":"Feature","geometry":{"type":"Point","coordinates":[-41.337318,-21.726423]},"properties":{"nome":"088","tipo":"ponto","bairro":"S\u00c3O JOS\u00c9"}},{"type":"Feature","geometry":{"type":"Point","coordinates":[-41.336972,-21.72631]},"properties":{"nome":"091","tipo":"ponto","bairro":"S\u00c3O JOS\u00c9"}},{"type":"Feature","geometry":{"type":"Point","coordinates":[-41.338327,-21.724578]},"properties":{"nome":"109","tipo":"ponto","bairro":"S\u00c3O JOS\u00c9"}},{"type":"Feature","geometry":{"type":"Point","coordinates":[-41.338085,-21.724255]},"properties":{"nome":"111","tipo":"ponto","bairro":"S\u00c3O JOS\u00c9"}},{"type":"Feature","geometry":{"type":"Point","coordinates":[-41.336849,-21.725718]},"properties":{"nome":"119","tipo":"ponto","bairro":"S\u00c3O JOS\u00c9"}},{"type":"Feature","geometry":{"type":"Point","coordinates":[-41.336459,-21.725533]},"properties":{"nome":"128","tipo":"ponto","bairro":"S\u00c3O JOS\u00c9"}},{"type":"Feature","geometry":{"type":"Point","coordinates":[-41.337883,-21.72385]},"properties":{"nome":"130","tipo":"ponto","bairro":"S\u00c3O JOS\u00c9"}},{"type":"Feature","geometry":{"type":"Point","coordinates":[-41.339215,-21.723262]},"properties":{"nome":"154","tipo":"ponto","bairro":"S\u00c3O JOS\u00c9"}},{"type":"Feature","geometry":{"type":"Point","coordinates":[-41.339122,-21.723242]},"properties":{"nome":"155","tipo":"ponto","bairro":"S\u00c3O JOS\u00c9"}},{"type":"Feature","geometry":{"type":"Point","coordinates":[-41.33137,-21.724466]},"properties":{"nome":"00410","tipo":"ponto","bairro":"S\u00c3O JOS\u00c9"}},{"type":"Feature","geometry":{"type":"Point","coordinates":[-41.331107,-21.724033]},"properties":{"nome":"00710","tipo":"ponto","bairro":"S\u00c3O JOS\u00c9"}},{"type":"Feature","geometry":{"type":"Point","coordinates":[-41.330672,-21.723395]},"properties":{"nome":"0109","tipo":"ponto","bairro":"S\u00c3O JOS\u00c9"}},{"type":"Feature","geometry":{"type":"Point","coordinates":[-41.331515,-21.72438]},"properties":{"nome":"0259","tipo":"ponto","bairro":"S\u00c3O JOS\u00c9"}},{"type":"Feature","geometry":{"type":"Point","coordinates":[-41.329838,-21.725221]},"properties":{"nome":"0328","tipo":"ponto","bairro":"S\u00c3O JOS\u00c9"}},{"type":"Feature","geometry":{"type":"Point","coordinates":[-41.329517,-21.724633]},"properties":{"nome":"0408","tipo":"ponto","bairro":"S\u00c3O JOS\u00c9"}},{"type":"Feature","geometry":{"type":"Point","coordinates":[-41.331034,-21.723843]},"properties":{"nome":"0467","tipo":"ponto","bairro":"S\u00c3O JOS\u00c9"}},{"type":"Feature","geometry":{"type":"Point","coordinates":[-41.332091,-21.722548]},"properties":{"nome":"0567","tipo":"ponto","bairro":"S\u00c3O JOS\u00c9"}},{"type":"Feature","geometry":{"type":"Point","coordinates":[-41.331003,-21.723104]},"properties":{"nome":"0627","tipo":"ponto","bairro":"S\u00c3O JOS\u00c9"}},{"type":"Feature","geometry":{"type":"Point","coordinates":[-41.329601,-21.724598]},"properties":{"nome":"0824","tipo":"ponto","bairro":"S\u00c3O JOS\u00c9"}},{"type":"Feature","geometry":{"type":"Point","coordinates":[-41.329855,-21.725034]},"properties":{"nome":"0853","tipo":"ponto","bairro":"S\u00c3O JOS\u00c9"}},{"type":"Feature","geometry":{"type":"Point","coordinates":[-41.330097,-21.725385]},"properties":{"nome":"0872","tipo":"ponto","bairro":"S\u00c3O JOS\u00c9"}},{"type":"Feature","geometry":{"type":"Point","coordinates":[-41.329019,-21.726722]},"properties":{"nome":"1201","tipo":"ponto","bairro":"S\u00c3O JOS\u00c9"}},{"type":"Feature","geometry":{"type":"Point","coordinates":[-41.333495,-21.726209]},"properties":{"nome":"1312","tipo":"ponto","bairro":"S\u00c3O JOS\u00c9"}},{"type":"Feature","geometry":{"type":"Point","coordinates":[-41.333362,-21.726182]},"properties":{"nome":"1351","tipo":"ponto","bairro":"S\u00c3O JOS\u00c9"}},{"type":"Feature","geometry":{"type":"Point","coordinates":[-41.333106,-21.725925]},"properties":{"nome":"1371","tipo":"ponto","bairro":"S\u00c3O JOS\u00c9"}},{"type":"Feature","geometry":{"type":"Point","coordinates":[-41.332483,-21.724661]},"properties":{"nome":"1451","tipo":"ponto","bairro":"S\u00c3O JOS\u00c9"}},{"type":"Feature","geometry":{"type":"Point","coordinates":[-41.331805,-21.725013]},"properties":{"nome":"1501","tipo":"ponto","bairro":"S\u00c3O JOS\u00c9"}},{"type":"Feature","geometry":{"type":"Point","coordinates":[-41.328694,-21.726851]},"properties":{"nome":"1612","tipo":"ponto","bairro":"S\u00c3O JOS\u00c9"}},{"type":"Feature","geometry":{"type":"Point","coordinates":[-41.328443,-21.727094]},"properties":{"nome":"1631","tipo":"ponto","bairro":"S\u00c3O JOS\u00c9"}},{"type":"Feature","geometry":{"type":"Point","coordinates":[-41.322232,-21.726709]},"properties":{"nome":"1762","tipo":"ponto","bairro":"S\u00c3O JOS\u00c9"}},{"type":"Feature","geometry":{"type":"Point","coordinates":[-41.323473,-21.727116]},"properties":{"nome":"1831","tipo":"ponto","bairro":"S\u00c3O JOS\u00c9"}},{"type":"Feature","geometry":{"type":"Point","coordinates":[-41.323814,-21.72723]},"properties":{"nome":"1851","tipo":"ponto","bairro":"S\u00c3O JOS\u00c9"}},{"type":"Feature","geometry":{"type":"Point","coordinates":[-41.325675,-21.728146]},"properties":{"nome":"1951","tipo":"ponto","bairro":"S\u00c3O JOS\u00c9"}},{"type":"Feature","geometry":{"type":"Point","coordinates":[-41.32655,-21.728684]},"properties":{"nome":"2011","tipo":"ponto","bairro":"S\u00c3O JOS\u00c9"}},{"type":"Feature","geometry":{"type":"Point","coordinates":[-41.327767,-21.729375]},"properties":{"nome":"2091","tipo":"ponto","bairro":"S\u00c3O JOS\u00c9"}},{"type":"Feature","geometry":{"type":"Point","coordinates":[-41.328331,-21.729692]},"properties":{"nome":"2121","tipo":"ponto","bairro":"S\u00c3O JOS\u00c9"}},{"type":"Feature","geometry":{"type":"Point","coordinates":[-41.329574,-21.730946]},"properties":{"nome":"2161","tipo":"ponto","bairro":"S\u00c3O JOS\u00c9"}},{"type":"Feature","geometry":{"type":"Point","coordinates":[-41.329286,-21.730545]},"properties":{"nome":"2191","tipo":"ponto","bairro":"S\u00c3O JOS\u00c9"}},{"type":"Feature","geometry":{"type":"Point","coordinates":[-41.329705,-21.731086]},"properties":{"nome":"2231","tipo":"ponto","bairro":"S\u00c3O JOS\u00c9"}},{"type":"Feature","geometry":{"type":"Point","coordinates":[-41.33023,-21.731762]},"properties":{"nome":"2261","tipo":"ponto","bairro":"S\u00c3O JOS\u00c9"}},{"type":"Feature","geometry":{"type":"Point","coordinates":[-41.330339,-21.732593]},"properties":{"nome":"2281","tipo":"ponto","bairro":"S\u00c3O JOS\u00c9"}},{"type":"Feature","geometry":{"type":"Point","coordinates":[-41.330359,-21.732662]},"properties":{"nome":"2321","tipo":"ponto","bairro":"S\u00c3O JOS\u00c9"}},{"type":"Feature","geometry":{"type":"Point","coordinates":[-41.330443,-21.733268]},"properties":{"nome":"2351","tipo":"ponto","bairro":"S\u00c3O JOS\u00c9"}},{"type":"Feature","geometry":{"type":"Point","coordinates":[-41.330565,-21.733728]},"properties":{"nome":"2371","tipo":"ponto","bairro":"S\u00c3O JOS\u00c9"}},{"type":"Feature","geometry":{"type":"Point","coordinates":[-41.330941,-21.734296]},"properties":{"nome":"2401","tipo":"ponto","bairro":"S\u00c3O JOS\u00c9"}},{"type":"Feature","geometry":{"type":"Point","coordinates":[-41.33183,-21.734962]},"properties":{"nome":"2461","tipo":"ponto","bairro":"S\u00c3O JOS\u00c9"}},{"type":"Feature","geometry":{"type":"Point","coordinates":[-41.332016,-21.731652]},"properties":{"nome":"0647","tipo":"ponto","bairro":"S\u00c3O JOS\u00c9"}},{"type":"Feature","geometry":{"type":"Point","coordinates":[-41.331547,-21.730755]},"properties":{"nome":"0697","tipo":"ponto","bairro":"S\u00c3O JOS\u00c9"}},{"type":"Feature","geometry":{"type":"Point","coordinates":[-41.330939,-21.730293]},"properties":{"nome":"0883","tipo":"ponto","bairro":"S\u00c3O JOS\u00c9"}},{"type":"Feature","geometry":{"type":"Point","coordinates":[-41.331158,-21.729309]},"properties":{"nome":"0953","tipo":"ponto","bairro":"S\u00c3O JOS\u00c9"}},{"type":"Feature","geometry":{"type":"Point","coordinates":[-41.330628,-21.729719]},"properties":{"nome":"0992","tipo":"ponto","bairro":"S\u00c3O JOS\u00c9"}},{"type":"Feature","geometry":{"type":"Point","coordinates":[-41.329073,-21.730082]},"properties":{"nome":"1072","tipo":"ponto","bairro":"S\u00c3O JOS\u00c9"}},{"type":"Feature","geometry":{"type":"Point","coordinates":[-41.330022,-21.729377]},"properties":{"nome":"1142","tipo":"ponto","bairro":"S\u00c3O JOS\u00c9"}},{"type":"Feature","geometry":{"type":"Point","coordinates":[-41.330127,-21.728526]},"properties":{"nome":"1192","tipo":"ponto","bairro":"S\u00c3O JOS\u00c9"}},{"type":"Feature","geometry":{"type":"Point","coordinates":[-41.329711,-21.728869]},"properties":{"nome":"1222","tipo":"ponto","bairro":"S\u00c3O JOS\u00c9"}},{"type":"Feature","geometry":{"type":"Point","coordinates":[-41.328625,-21.729662]},"properties":{"nome":"1302","tipo":"ponto","bairro":"S\u00c3O JOS\u00c9"}},{"type":"Feature","geometry":{"type":"Point","coordinates":[-41.329075,-21.728357]},"properties":{"nome":"1382","tipo":"ponto","bairro":"S\u00c3O JOS\u00c9"}},{"type":"Feature","geometry":{"type":"Point","coordinates":[-41.32977,-21.727676]},"properties":{"nome":"1422","tipo":"ponto","bairro":"S\u00c3O JOS\u00c9"}},{"type":"Feature","geometry":{"type":"Point","coordinates":[-41.329231,-21.728331]},"properties":{"nome":"1662","tipo":"ponto","bairro":"S\u00c3O JOS\u00c9"}},{"type":"Feature","geometry":{"type":"Point","coordinates":[-41.329564,-21.728681]},"properties":{"nome":"1682","tipo":"ponto","bairro":"S\u00c3O JOS\u00c9"}},{"type":"Feature","geometry":{"type":"Point","coordinates":[-41.330032,-21.729165]},"properties":{"nome":"1723","tipo":"ponto","bairro":"S\u00c3O JOS\u00c9"}},{"type":"Feature","geometry":{"type":"Point","coordinates":[-41.330669,-21.729786]},"properties":{"nome":"1782","tipo":"ponto","bairro":"S\u00c3O JOS\u00c9"}},{"type":"Feature","geometry":{"type":"Point","coordinates":[-41.330905,-21.730123]},"properties":{"nome":"1812","tipo":"ponto","bairro":"S\u00c3O JOS\u00c9"}},{"type":"Feature","geometry":{"type":"Point","coordinates":[-41.331571,-21.730773]},"properties":{"nome":"1862","tipo":"ponto","bairro":"S\u00c3O JOS\u00c9"}},{"type":"Feature","geometry":{"type":"Point","coordinates":[-41.332143,-21.731452]},"properties":{"nome":"1922","tipo":"ponto","bairro":"S\u00c3O JOS\u00c9"}},{"type":"Feature","geometry":{"type":"Point","coordinates":[-41.331502,-21.739421]},"properties":{"nome":"00712","tipo":"ponto","bairro":"S\u00c3O JOS\u00c9"}},{"type":"Feature","geometry":{"type":"Point","coordinates":[-41.331171,-21.740391]},"properties":{"nome":"01011","tipo":"ponto","bairro":"S\u00c3O JOS\u00c9"}},{"type":"Feature","geometry":{"type":"Point","coordinates":[-41.330409,-21.741756]},"properties":{"nome":"01711","tipo":"ponto","bairro":"S\u00c3O JOS\u00c9"}},{"type":"Feature","geometry":{"type":"Point","coordinates":[-41.328926,-21.734517]},"properties":{"nome":"0429","tipo":"ponto","bairro":"S\u00c3O JOS\u00c9"}},{"type":"Feature","geometry":{"type":"Point","coordinates":[-41.330149,-21.732335]},"properties":{"nome":"0509","tipo":"ponto","bairro":"S\u00c3O JOS\u00c9"}},{"type":"Feature","geometry":{"type":"Point","coordinates":[-41.329965,-21.732284]},"properties":{"nome":"0519","tipo":"ponto","bairro":"S\u00c3O JOS\u00c9"}},{"type":"Feature","geometry":{"type":"Point","coordinates":[-41.329318,-21.732559]},"properties":{"nome":"0569","tipo":"ponto","bairro":"S\u00c3O JOS\u00c9"}},{"type":"Feature","geometry":{"type":"Point","coordinates":[-41.329212,-21.732455]},"properties":{"nome":"0579","tipo":"ponto","bairro":"S\u00c3O JOS\u00c9"}},{"type":"Feature","geometry":{"type":"Point","coordinates":[-41.328199,-21.732808]},"properties":{"nome":"0639","tipo":"ponto","bairro":"S\u00c3O JOS\u00c9"}},{"type":"Feature","geometry":{"type":"Point","coordinates":[-41.327786,-21.73282]},"properties":{"nome":"0658","tipo":"ponto","bairro":"S\u00c3O JOS\u00c9"}},{"type":"Feature","geometry":{"type":"Point","coordinates":[-41.32623,-21.732962]},"properties":{"nome":"0748","tipo":"ponto","bairro":"S\u00c3O JOS\u00c9"}},{"type":"Feature","geometry":{"type":"Point","coordinates":[-41.327029,-21.732804]},"properties":{"nome":"0796","tipo":"ponto","bairro":"S\u00c3O JOS\u00c9"}},{"type":"Feature","geometry":{"type":"Point","coordinates":[-41.329712,-21.731394]},"properties":{"nome":"0993","tipo":"ponto","bairro":"S\u00c3O JOS\u00c9"}},{"type":"Feature","geometry":{"type":"Point","coordinates":[-41.329347,-21.730978]},"properties":{"nome":"1003","tipo":"ponto","bairro":"S\u00c3O JOS\u00c9"}},{"type":"Feature","geometry":{"type":"Point","coordinates":[-41.329208,-21.730689]},"properties":{"nome":"1133","tipo":"ponto","bairro":"S\u00c3O JOS\u00c9"}},{"type":"Feature","geometry":{"type":"Point","coordinates":[-41.325947,-21.731069]},"properties":{"nome":"1973","tipo":"ponto","bairro":"S\u00c3O JOS\u00c9"}},{"type":"Feature","geometry":{"type":"Point","coordinates":[-41.326703,-21.728967]},"properties":{"nome":"00113","tipo":"ponto","bairro":"S\u00c3O JOS\u00c9"}},{"type":"Feature","geometry":{"type":"Point","coordinates":[-41.325117,-21.728174]},"properties":{"nome":"01412","tipo":"ponto","bairro":"S\u00c3O JOS\u00c9"}},{"type":"Feature","geometry":{"type":"Point","coordinates":[-41.324443,-21.727682]},"properties":{"nome":"01712","tipo":"ponto","bairro":"S\u00c3O JOS\u00c9"}},{"type":"Feature","geometry":{"type":"Point","coordinates":[-41.324111,-21.727459]},"properties":{"nome":"01812","tipo":"ponto","bairro":"S\u00c3O JOS\u00c9"}},{"type":"Feature","geometry":{"type":"Point","coordinates":[-41.325825,-21.731117]},"properties":{"nome":"06110","tipo":"ponto","bairro":"S\u00c3O JOS\u00c9"}},{"type":"Feature","geometry":{"type":"Point","coordinates":[-41.326058,-21.731724]},"properties":{"nome":"0669","tipo":"ponto","bairro":"S\u00c3O JOS\u00c9"}},{"type":"Feature","geometry":{"type":"Point","coordinates":[-41.326344,-21.73287]},"properties":{"nome":"0739","tipo":"ponto","bairro":"S\u00c3O JOS\u00c9"}},{"type":"Feature","geometry":{"type":"Point","coordinates":[-41.330332,-21.733414]},"properties":{"nome":"1334","tipo":"ponto","bairro":"S\u00c3O JOS\u00c9"}},{"type":"Feature","geometry":{"type":"Point","coordinates":[-41.330155,-21.732521]},"properties":{"nome":"1384","tipo":"ponto","bairro":"S\u00c3O JOS\u00c9"}},{"type":"Feature","geometry":{"type":"Point","coordinates":[-41.329221,-21.730652]},"properties":{"nome":"1414","tipo":"ponto","bairro":"S\u00c3O JOS\u00c9"}},{"type":"Feature","geometry":{"type":"Point","coordinates":[-41.328769,-21.730289]},"properties":{"nome":"1445","tipo":"ponto","bairro":"S\u00c3O JOS\u00c9"}},{"type":"Feature","geometry":{"type":"Point","coordinates":[-41.327731,-21.72954]},"properties":{"nome":"1515","tipo":"ponto","bairro":"S\u00c3O JOS\u00c9"}},{"type":"Feature","geometry":{"type":"Point","coordinates":[-41.327463,-21.734592]},"properties":{"nome":"1634","tipo":"ponto","bairro":"S\u00c3O JOS\u00c9"}},{"type":"Feature","geometry":{"type":"Point","coordinates":[-41.327687,-21.73466]},"properties":{"nome":"1644","tipo":"ponto","bairro":"S\u00c3O JOS\u00c9"}},{"type":"Feature","geometry":{"type":"Point","coordinates":[-41.32905,-21.735924]},"properties":{"nome":"1714","tipo":"ponto","bairro":"S\u00c3O JOS\u00c9"}},{"type":"Feature","geometry":{"type":"Point","coordinates":[-41.330534,-21.737149]},"properties":{"nome":"1774","tipo":"ponto","bairro":"S\u00c3O JOS\u00c9"}},{"type":"Feature","geometry":{"type":"Point","coordinates":[-41.330591,-21.737457]},"properties":{"nome":"1934","tipo":"ponto","bairro":"S\u00c3O JOS\u00c9"}},{"type":"Feature","geometry":{"type":"Point","coordinates":[-41.329088,-21.736166]},"properties":{"nome":"2014","tipo":"ponto","bairro":"S\u00c3O JOS\u00c9"}},{"type":"Feature","geometry":{"type":"Point","coordinates":[-41.327297,-21.733015]},"properties":{"nome":"2312","tipo":"ponto","bairro":"S\u00c3O JOS\u00c9"}},{"type":"Feature","geometry":{"type":"Point","coordinates":[-41.329256,-21.735934]},"properties":{"nome":"2322","tipo":"ponto","bairro":"S\u00c3O JOS\u00c9"}},{"type":"Feature","geometry":{"type":"Point","coordinates":[-41.329838,-21.735372]},"properties":{"nome":"2352","tipo":"ponto","bairro":"S\u00c3O JOS\u00c9"}},{"type":"Feature","geometry":{"type":"Point","coordinates":[-41.330786,-21.737258]},"properties":{"nome":"2382","tipo":"ponto","bairro":"S\u00c3O JOS\u00c9"}},{"type":"Feature","geometry":{"type":"Point","coordinates":[-41.331351,-21.736662]},"properties":{"nome":"2432","tipo":"ponto","bairro":"S\u00c3O JOS\u00c9"}},{"type":"Feature","geometry":{"type":"Point","coordinates":[-41.332285,-21.736119]},"properties":{"nome":"2482","tipo":"ponto","bairro":"S\u00c3O JOS\u00c9"}},{"type":"Feature","geometry":{"type":"Point","coordinates":[-41.332502,-21.737507]},"properties":{"nome":"2492","tipo":"ponto","bairro":"S\u00c3O JOS\u00c9"}},{"type":"Feature","geometry":{"type":"Point","coordinates":[-41.331564,-21.736735]},"properties":{"nome":"2532","tipo":"ponto","bairro":"S\u00c3O JOS\u00c9"}},{"type":"Feature","geometry":{"type":"Point","coordinates":[-41.330061,-21.735379]},"properties":{"nome":"2731","tipo":"ponto","bairro":"S\u00c3O JOS\u00c9"}},{"type":"Feature","geometry":{"type":"Point","coordinates":[-41.329298,-21.734749]},"properties":{"nome":"2802","tipo":"ponto","bairro":"S\u00c3O JOS\u00c9"}},{"type":"Feature","geometry":{"type":"Point","coordinates":[-41.327704,-21.73725]},"properties":{"nome":"04711","tipo":"ponto","bairro":"S\u00c3O JOS\u00c9"}},{"type":"Feature","geometry":{"type":"Point","coordinates":[-41.329158,-21.738506]},"properties":{"nome":"05511","tipo":"ponto","bairro":"S\u00c3O JOS\u00c9"}},{"type":"Feature","geometry":{"type":"Point","coordinates":[-41.331088,-21.740114]},"properties":{"nome":"06410","tipo":"ponto","bairro":"S\u00c3O JOS\u00c9"}},{"type":"Feature","geometry":{"type":"Point","coordinates":[-41.33271,-21.738262]},"properties":{"nome":"06510","tipo":"ponto","bairro":"S\u00c3O JOS\u00c9"}},{"type":"Feature","geometry":{"type":"Point","coordinates":[-41.333658,-21.737439]},"properties":{"nome":"0818","tipo":"ponto","bairro":"S\u00c3O JOS\u00c9"}},{"type":"Feature","geometry":{"type":"Point","coordinates":[-41.330139,-21.738146]},"properties":{"nome":"0886","tipo":"ponto","bairro":"S\u00c3O JOS\u00c9"}},{"type":"Feature","geometry":{"type":"Point","coordinates":[-41.328535,-21.736833]},"properties":{"nome":"0966","tipo":"ponto","bairro":"S\u00c3O JOS\u00c9"}},{"type":"Feature","geometry":{"type":"Point","coordinates":[-41.328963,-21.736198]},"properties":{"nome":"1216","tipo":"ponto","bairro":"S\u00c3O JOS\u00c9"}},{"type":"Feature","geometry":{"type":"Point","coordinates":[-41.328541,-21.736663]},"properties":{"nome":"1255","tipo":"ponto","bairro":"S\u00c3O JOS\u00c9"}},{"type":"Feature","geometry":{"type":"Point","coordinates":[-41.329911,-21.738134]},"properties":{"nome":"1316","tipo":"ponto","bairro":"S\u00c3O JOS\u00c9"}},{"type":"Feature","geometry":{"type":"Point","coordinates":[-41.330547,-21.737469]},"properties":{"nome":"1365","tipo":"ponto","bairro":"S\u00c3O JOS\u00c9"}},{"type":"Feature","geometry":{"type":"Point","coordinates":[-41.322257,-21.727761]},"properties":{"nome":"01914","tipo":"ponto","bairro":"S\u00c3O JOS\u00c9"}},{"type":"Feature","geometry":{"type":"Point","coordinates":[-41.323506,-21.724599]},"properties":{"nome":"04013","tipo":"ponto","bairro":"S\u00c3O JOS\u00c9"}},{"type":"Feature","geometry":{"type":"Point","coordinates":[-41.323163,-21.722121]},"properties":{"nome":"05312","tipo":"ponto","bairro":"S\u00c3O JOS\u00c9"}},{"type":"Feature","geometry":{"type":"Point","coordinates":[-41.322991,-21.720776]},"properties":{"nome":"05812","tipo":"ponto","bairro":"S\u00c3O JOS\u00c9"}},{"type":"Feature","geometry":{"type":"Point","coordinates":[-41.3228,-21.718865]},"properties":{"nome":"06511","tipo":"ponto","bairro":"S\u00c3O JOS\u00c9"}},{"type":"Feature","geometry":{"type":"Point","coordinates":[-41.325735,-21.725896]},"properties":{"nome":"0829","tipo":"ponto","bairro":"S\u00c3O JOS\u00c9"}},{"type":"Feature","geometry":{"type":"Point","coordinates":[-41.326481,-21.726225]},"properties":{"nome":"0897","tipo":"ponto","bairro":"S\u00c3O JOS\u00c9"}},{"type":"Feature","geometry":{"type":"Point","coordinates":[-41.324209,-21.726895]},"properties":{"nome":"1446","tipo":"ponto","bairro":"S\u00c3O JOS\u00c9"}},{"type":"Feature","geometry":{"type":"Point","coordinates":[-41.324561,-21.725465]},"properties":{"nome":"1525","tipo":"ponto","bairro":"S\u00c3O JOS\u00c9"}},{"type":"Feature","geometry":{"type":"Point","coordinates":[-41.324746,-21.725148]},"properties":{"nome":"1555","tipo":"ponto","bairro":"S\u00c3O JOS\u00c9"}},{"type":"Feature","geometry":{"type":"Point","coordinates":[-41.325004,-21.724315]},"properties":{"nome":"1605","tipo":"ponto","bairro":"S\u00c3O JOS\u00c9"}},{"type":"Feature","geometry":{"type":"Point","coordinates":[-41.324906,-21.724348]},"properties":{"nome":"1616","tipo":"ponto","bairro":"S\u00c3O JOS\u00c9"}},{"type":"Feature","geometry":{"type":"Point","coordinates":[-41.325109,-21.723892]},"properties":{"nome":"1645","tipo":"ponto","bairro":"S\u00c3O JOS\u00c9"}},{"type":"Feature","geometry":{"type":"Point","coordinates":[-41.325333,-21.723165]},"properties":{"nome":"1695","tipo":"ponto","bairro":"S\u00c3O JOS\u00c9"}},{"type":"Feature","geometry":{"type":"Point","coordinates":[-41.325521,-21.722626]},"properties":{"nome":"1785","tipo":"ponto","bairro":"S\u00c3O JOS\u00c9"}},{"type":"Feature","geometry":{"type":"Point","coordinates":[-41.325715,-21.721941]},"properties":{"nome":"1825","tipo":"ponto","bairro":"S\u00c3O JOS\u00c9"}},{"type":"Feature","geometry":{"type":"Point","coordinates":[-41.325902,-21.721317]},"properties":{"nome":"1855","tipo":"ponto","bairro":"S\u00c3O JOS\u00c9"}},{"type":"Feature","geometry":{"type":"Point","coordinates":[-41.326116,-21.720718]},"properties":{"nome":"1895","tipo":"ponto","bairro":"S\u00c3O JOS\u00c9"}},{"type":"Feature","geometry":{"type":"Point","coordinates":[-41.325527,-21.721063]},"properties":{"nome":"1935","tipo":"ponto","bairro":"S\u00c3O JOS\u00c9"}},{"type":"Feature","geometry":{"type":"Point","coordinates":[-41.325319,-21.72166]},"properties":{"nome":"1975","tipo":"ponto","bairro":"S\u00c3O JOS\u00c9"}},{"type":"Feature","geometry":{"type":"Point","coordinates":[-41.325148,-21.722233]},"properties":{"nome":"2015","tipo":"ponto","bairro":"S\u00c3O JOS\u00c9"}},{"type":"Feature","geometry":{"type":"Point","coordinates":[-41.324931,-21.721572]},"properties":{"nome":"2055","tipo":"ponto","bairro":"S\u00c3O JOS\u00c9"}},{"type":"Feature","geometry":{"type":"Point","coordinates":[-41.325141,-21.720924]},"properties":{"nome":"2094","tipo":"ponto","bairro":"S\u00c3O JOS\u00c9"}},{"type":"Feature","geometry":{"type":"Point","coordinates":[-41.324626,-21.721635]},"properties":{"nome":"2204","tipo":"ponto","bairro":"S\u00c3O JOS\u00c9"}},{"type":"Feature","geometry":{"type":"Point","coordinates":[-41.324603,-21.722085]},"properties":{"nome":"2233","tipo":"ponto","bairro":"S\u00c3O JOS\u00c9"}},{"type":"Feature","geometry":{"type":"Point","coordinates":[-41.324614,-21.723504]},"properties":{"nome":"2313","tipo":"ponto","bairro":"S\u00c3O JOS\u00c9"}},{"type":"Feature","geometry":{"type":"Point","coordinates":[-41.325918,-21.725359]},"properties":{"nome":"2463","tipo":"ponto","bairro":"S\u00c3O JOS\u00c9"}},{"type":"Feature","geometry":{"type":"Point","coordinates":[-41.326114,-21.724782]},"properties":{"nome":"2493","tipo":"ponto","bairro":"S\u00c3O JOS\u00c9"}},{"type":"Feature","geometry":{"type":"Point","coordinates":[-41.326311,-21.724151]},"properties":{"nome":"2533","tipo":"ponto","bairro":"S\u00c3O JOS\u00c9"}},{"type":"Feature","geometry":{"type":"Point","coordinates":[-41.326514,-21.72349]},"properties":{"nome":"2573","tipo":"ponto","bairro":"S\u00c3O JOS\u00c9"}},{"type":"Feature","geometry":{"type":"Point","coordinates":[-41.326715,-21.72287]},"properties":{"nome":"2613","tipo":"ponto","bairro":"S\u00c3O JOS\u00c9"}},{"type":"Feature","geometry":{"type":"Point","coordinates":[-41.325815,-21.723011]},"properties":{"nome":"2763","tipo":"ponto","bairro":"S\u00c3O JOS\u00c9"}},{"type":"Feature","geometry":{"type":"Point","coordinates":[-41.32599,-21.722505]},"properties":{"nome":"2793","tipo":"ponto","bairro":"S\u00c3O JOS\u00c9"}},{"type":"Feature","geometry":{"type":"Point","coordinates":[-41.324129,-21.719784]},"properties":{"nome":"3061","tipo":"ponto","bairro":"S\u00c3O JOS\u00c9"}},{"type":"Feature","geometry":{"type":"Point","coordinates":[-41.325005,-21.720964]},"properties":{"nome":"3081","tipo":"ponto","bairro":"S\u00c3O JOS\u00c9"}},{"type":"Feature","geometry":{"type":"Point","coordinates":[-41.32586,-21.721209]},"properties":{"nome":"3121","tipo":"ponto","bairro":"S\u00c3O JOS\u00c9"}},{"type":"Feature","geometry":{"type":"Point","coordinates":[-41.327009,-21.72221]},"properties":{"nome":"3191","tipo":"ponto","bairro":"S\u00c3O JOS\u00c9"}},{"type":"Feature","geometry":{"type":"Point","coordinates":[-41.325872,-21.721911]},"properties":{"nome":"3241","tipo":"ponto","bairro":"S\u00c3O JOS\u00c9"}},{"type":"Feature","geometry":{"type":"Point","coordinates":[-41.323111,-21.722049]},"properties":{"nome":"332","tipo":"ponto","bairro":"S\u00c3O JOS\u00c9"}},{"type":"Feature","geometry":{"type":"Point","coordinates":[-41.324488,-21.722149]},"properties":{"nome":"339","tipo":"ponto","bairro":"S\u00c3O JOS\u00c9"}},{"type":"Feature","geometry":{"type":"Point","coordinates":[-41.325407,-21.722425]},"properties":{"nome":"346","tipo":"ponto","bairro":"S\u00c3O JOS\u00c9"}},{"type":"Feature","geometry":{"type":"Point","coordinates":[-41.326484,-21.723355]},"properties":{"nome":"359","tipo":"ponto","bairro":"S\u00c3O JOS\u00c9"}},{"type":"Feature","geometry":{"type":"Point","coordinates":[-41.325066,-21.723661]},"properties":{"nome":"368","tipo":"ponto","bairro":"S\u00c3O JOS\u00c9"}},{"type":"Feature","geometry":{"type":"Point","coordinates":[-41.326241,-21.723992]},"properties":{"nome":"375","tipo":"ponto","bairro":"S\u00c3O JOS\u00c9"}},{"type":"Feature","geometry":{"type":"Point","coordinates":[-41.326024,-21.724628]},"properties":{"nome":"384","tipo":"ponto","bairro":"S\u00c3O JOS\u00c9"}},{"type":"Feature","geometry":{"type":"Point","coordinates":[-41.326134,-21.72535]},"properties":{"nome":"392","tipo":"ponto","bairro":"S\u00c3O JOS\u00c9"}},{"type":"Feature","geometry":{"type":"Point","coordinates":[-41.323565,-21.724563]},"properties":{"nome":"415","tipo":"ponto","bairro":"S\u00c3O JOS\u00c9"}},{"type":"Feature","geometry":{"type":"Point","coordinates":[-41.322568,-21.724701]},"properties":{"nome":"420","tipo":"ponto","bairro":"S\u00c3O JOS\u00c9"}},{"type":"Feature","geometry":{"type":"Point","coordinates":[-41.322543,-21.7263]},"properties":{"nome":"421","tipo":"ponto","bairro":"S\u00c3O JOS\u00c9"}},{"type":"Feature","geometry":{"type":"Point","coordinates":[-41.322266,-21.724668]},"properties":{"nome":"432","tipo":"ponto","bairro":"S\u00c3O JOS\u00c9"}},{"type":"Feature","geometry":{"type":"Point","coordinates":[-41.321227,-21.721318]},"properties":{"nome":"450","tipo":"ponto","bairro":"S\u00c3O JOS\u00c9"}},{"type":"Feature","geometry":{"type":"Point","coordinates":[-41.322724,-21.721837]},"properties":{"nome":"453","tipo":"ponto","bairro":"S\u00c3O JOS\u00c9"}},{"type":"Feature","geometry":{"type":"Point","coordinates":[-41.32239,-21.724541]},"properties":{"nome":"465","tipo":"ponto","bairro":"S\u00c3O JOS\u00c9"}},{"type":"Feature","geometry":{"type":"Point","coordinates":[-41.321253,-21.724934]},"properties":{"nome":"489","tipo":"ponto","bairro":"S\u00c3O JOS\u00c9"}},{"type":"Feature","geometry":{"type":"Point","coordinates":[-41.3209,-21.722195]},"properties":{"nome":"504","tipo":"ponto","bairro":"S\u00c3O JOS\u00c9"}},{"type":"Feature","geometry":{"type":"Point","coordinates":[-41.320865,-21.722043]},"properties":{"nome":"507","tipo":"ponto","bairro":"S\u00c3O JOS\u00c9"}},{"type":"Feature","geometry":{"type":"Point","coordinates":[-41.320755,-21.721171]},"properties":{"nome":"512","tipo":"ponto","bairro":"S\u00c3O JOS\u00c9"}},{"type":"Feature","geometry":{"type":"Point","coordinates":[-41.320499,-21.71914]},"properties":{"nome":"520","tipo":"ponto","bairro":"S\u00c3O JOS\u00c9"}},{"type":"Feature","geometry":{"type":"Point","coordinates":[-41.315849,-21.72063]},"properties":{"nome":"555","tipo":"ponto","bairro":"S\u00c3O JOS\u00c9"}},{"type":"Feature","geometry":{"type":"Point","coordinates":[-41.31489,-21.719361]},"properties":{"nome":"568","tipo":"ponto","bairro":"S\u00c3O JOS\u00c9"}},{"type":"Feature","geometry":{"type":"Point","coordinates":[-41.316036,-21.719706]},"properties":{"nome":"569","tipo":"ponto","bairro":"S\u00c3O JOS\u00c9"}},{"type":"Feature","geometry":{"type":"Point","coordinates":[-41.315849,-21.72039]},"properties":{"nome":"573","tipo":"ponto","bairro":"S\u00c3O JOS\u00c9"}},{"type":"Feature","geometry":{"type":"Point","coordinates":[-41.317935,-21.721194]},"properties":{"nome":"582","tipo":"ponto","bairro":"S\u00c3O JOS\u00c9"}},{"type":"Feature","geometry":{"type":"Point","coordinates":[-41.320619,-21.722149]},"properties":{"nome":"588","tipo":"ponto","bairro":"S\u00c3O JOS\u00c9"}},{"type":"Feature","geometry":{"type":"Point","coordinates":[-41.318869,-21.723436]},"properties":{"nome":"614","tipo":"ponto","bairro":"S\u00c3O JOS\u00c9"}},{"type":"Feature","geometry":{"type":"Point","coordinates":[-41.314709,-21.720392]},"properties":{"nome":"638","tipo":"ponto","bairro":"S\u00c3O JOS\u00c9"}},{"type":"Feature","geometry":{"type":"Point","coordinates":[-41.318184,-21.720281]},"properties":{"nome":"646","tipo":"ponto","bairro":"S\u00c3O JOS\u00c9"}},{"type":"Feature","geometry":{"type":"Point","coordinates":[-41.315985,-21.719629]},"properties":{"nome":"652","tipo":"ponto","bairro":"S\u00c3O JOS\u00c9"}},{"type":"Feature","geometry":{"type":"Point","coordinates":[-41.314839,-21.719226]},"properties":{"nome":"655","tipo":"ponto","bairro":"S\u00c3O JOS\u00c9"}},{"type":"Feature","geometry":{"type":"Point","coordinates":[-41.314761,-21.719083]},"properties":{"nome":"663","tipo":"ponto","bairro":"S\u00c3O JOS\u00c9"}},{"type":"Feature","geometry":{"type":"Point","coordinates":[-41.315786,-21.719389]},"properties":{"nome":"666","tipo":"ponto","bairro":"S\u00c3O JOS\u00c9"}},{"type":"Feature","geometry":{"type":"Point","coordinates":[-41.317273,-21.719843]},"properties":{"nome":"670","tipo":"ponto","bairro":"S\u00c3O JOS\u00c9"}},{"type":"Feature","geometry":{"type":"Point","coordinates":[-41.318454,-21.720189]},"properties":{"nome":"673","tipo":"ponto","bairro":"S\u00c3O JOS\u00c9"}},{"type":"Feature","geometry":{"type":"Point","coordinates":[-41.319547,-21.720529]},"properties":{"nome":"676","tipo":"ponto","bairro":"S\u00c3O JOS\u00c9"}},{"type":"Feature","geometry":{"type":"Point","coordinates":[-41.320439,-21.720789]},"properties":{"nome":"678","tipo":"ponto","bairro":"S\u00c3O JOS\u00c9"}},{"type":"Feature","geometry":{"type":"Point","coordinates":[-41.320313,-21.718982]},"properties":{"nome":"796","tipo":"ponto","bairro":"S\u00c3O JOS\u00c9"}},{"type":"Feature","geometry":{"type":"Point","coordinates":[-41.321406,-21.718858]},"properties":{"nome":"801","tipo":"ponto","bairro":"S\u00c3O JOS\u00c9"}},{"type":"Feature","geometry":{"type":"Point","coordinates":[-41.321254,-21.714978]},"properties":{"nome":"00716","tipo":"ponto","bairro":"S\u00c3O JOS\u00c9"}},{"type":"Feature","geometry":{"type":"Point","coordinates":[-41.320796,-21.714009]},"properties":{"nome":"03514","tipo":"ponto","bairro":"S\u00c3O JOS\u00c9"}},{"type":"Feature","geometry":{"type":"Point","coordinates":[-41.320867,-21.713749]},"properties":{"nome":"03614","tipo":"ponto","bairro":"S\u00c3O JOS\u00c9"}},{"type":"Feature","geometry":{"type":"Point","coordinates":[-41.322115,-21.712644]},"properties":{"nome":"04413","tipo":"ponto","bairro":"S\u00c3O JOS\u00c9"}},{"type":"Feature","geometry":{"type":"Point","coordinates":[-41.323934,-21.712413]},"properties":{"nome":"07112","tipo":"ponto","bairro":"S\u00c3O JOS\u00c9"}},{"type":"Feature","geometry":{"type":"Point","coordinates":[-41.323349,-21.713534]},"properties":{"nome":"07811","tipo":"ponto","bairro":"S\u00c3O JOS\u00c9"}},{"type":"Feature","geometry":{"type":"Point","coordinates":[-41.327189,-21.71442]},"properties":{"nome":"1118","tipo":"ponto","bairro":"S\u00c3O JOS\u00c9"}},{"type":"Feature","geometry":{"type":"Point","coordinates":[-41.326802,-21.715333]},"properties":{"nome":"1167","tipo":"ponto","bairro":"S\u00c3O JOS\u00c9"}},{"type":"Feature","geometry":{"type":"Point","coordinates":[-41.32686,-21.715287]},"properties":{"nome":"1237","tipo":"ponto","bairro":"S\u00c3O JOS\u00c9"}},{"type":"Feature","geometry":{"type":"Point","coordinates":[-41.324696,-21.716094]},"properties":{"nome":"1517","tipo":"ponto","bairro":"S\u00c3O JOS\u00c9"}},{"type":"Feature","geometry":{"type":"Point","coordinates":[-41.321107,-21.713972]},"properties":{"nome":"1666","tipo":"ponto","bairro":"S\u00c3O JOS\u00c9"}},{"type":"Feature","geometry":{"type":"Point","coordinates":[-41.323048,-21.713601]},"properties":{"nome":"1767","tipo":"ponto","bairro":"S\u00c3O JOS\u00c9"}},{"type":"Feature","geometry":{"type":"Point","coordinates":[-41.321057,-21.714848]},"properties":{"nome":"1896","tipo":"ponto","bairro":"S\u00c3O JOS\u00c9"}},{"type":"Feature","geometry":{"type":"Point","coordinates":[-41.321577,-21.718762]},"properties":{"nome":"2146","tipo":"ponto","bairro":"S\u00c3O JOS\u00c9"}},{"type":"Feature","geometry":{"type":"Point","coordinates":[-41.321833,-21.720936]},"properties":{"nome":"2324","tipo":"ponto","bairro":"S\u00c3O JOS\u00c9"}},{"type":"Feature","geometry":{"type":"Point","coordinates":[-41.322649,-21.718742]},"properties":{"nome":"2384","tipo":"ponto","bairro":"S\u00c3O JOS\u00c9"}},{"type":"Feature","geometry":{"type":"Point","coordinates":[-41.323595,-21.718641]},"properties":{"nome":"2444","tipo":"ponto","bairro":"S\u00c3O JOS\u00c9"}},{"type":"Feature","geometry":{"type":"Point","coordinates":[-41.323928,-21.719449]},"properties":{"nome":"2454","tipo":"ponto","bairro":"S\u00c3O JOS\u00c9"}},{"type":"Feature","geometry":{"type":"Point","coordinates":[-41.324927,-21.718359]},"properties":{"nome":"2703","tipo":"ponto","bairro":"S\u00c3O JOS\u00c9"}},{"type":"Feature","geometry":{"type":"Point","coordinates":[-41.325881,-21.717374]},"properties":{"nome":"2713","tipo":"ponto","bairro":"S\u00c3O JOS\u00c9"}},{"type":"Feature","geometry":{"type":"Point","coordinates":[-41.326133,-21.718671]},"properties":{"nome":"01216","tipo":"ponto","bairro":"S\u00c3O JOS\u00c9"}},{"type":"Feature","geometry":{"type":"Point","coordinates":[-41.329554,-21.716513]},"properties":{"nome":"03215","tipo":"ponto","bairro":"S\u00c3O JOS\u00c9"}},{"type":"Feature","geometry":{"type":"Point","coordinates":[-41.327732,-21.718691]},"properties":{"nome":"04814","tipo":"ponto","bairro":"S\u00c3O JOS\u00c9"}},{"type":"Feature","geometry":{"type":"Point","coordinates":[-41.326719,-21.718816]},"properties":{"nome":"04914","tipo":"ponto","bairro":"S\u00c3O JOS\u00c9"}},{"type":"Feature","geometry":{"type":"Point","coordinates":[-41.327933,-21.719001]},"properties":{"nome":"05614","tipo":"ponto","bairro":"S\u00c3O JOS\u00c9"}},{"type":"Feature","geometry":{"type":"Point","coordinates":[-41.328684,-21.719114]},"properties":{"nome":"06014","tipo":"ponto","bairro":"S\u00c3O JOS\u00c9"}},{"type":"Feature","geometry":{"type":"Point","coordinates":[-41.328926,-21.719116]},"properties":{"nome":"0939","tipo":"ponto","bairro":"S\u00c3O JOS\u00c9"}},{"type":"Feature","geometry":{"type":"Point","coordinates":[-41.32778,-21.719543]},"properties":{"nome":"0959","tipo":"ponto","bairro":"S\u00c3O JOS\u00c9"}},{"type":"Feature","geometry":{"type":"Point","coordinates":[-41.326856,-21.719277]},"properties":{"nome":"1049","tipo":"ponto","bairro":"S\u00c3O JOS\u00c9"}},{"type":"Feature","geometry":{"type":"Point","coordinates":[-41.327268,-21.720018]},"properties":{"nome":"1119","tipo":"ponto","bairro":"S\u00c3O JOS\u00c9"}},{"type":"Feature","geometry":{"type":"Point","coordinates":[-41.32462,-21.71927]},"properties":{"nome":"1219","tipo":"ponto","bairro":"S\u00c3O JOS\u00c9"}},{"type":"Feature","geometry":{"type":"Point","coordinates":[-41.323984,-21.719543]},"properties":{"nome":"1298","tipo":"ponto","bairro":"S\u00c3O JOS\u00c9"}},{"type":"Feature","geometry":{"type":"Point","coordinates":[-41.324376,-21.719133]},"properties":{"nome":"1338","tipo":"ponto","bairro":"S\u00c3O JOS\u00c9"}},{"type":"Feature","geometry":{"type":"Point","coordinates":[-41.325166,-21.718294]},"properties":{"nome":"1377","tipo":"ponto","bairro":"S\u00c3O JOS\u00c9"}},{"type":"Feature","geometry":{"type":"Point","coordinates":[-41.327502,-21.715843]},"properties":{"nome":"1497","tipo":"ponto","bairro":"S\u00c3O JOS\u00c9"}},{"type":"Feature","geometry":{"type":"Point","coordinates":[-41.323692,-21.716477]},"properties":{"nome":"1697","tipo":"ponto","bairro":"S\u00c3O JOS\u00c9"}},{"type":"Feature","geometry":{"type":"Point","coordinates":[-41.322576,-21.716692]},"properties":{"nome":"1737","tipo":"ponto","bairro":"S\u00c3O JOS\u00c9"}},{"type":"Feature","geometry":{"type":"Point","coordinates":[-41.321519,-21.716844]},"properties":{"nome":"1768","tipo":"ponto","bairro":"S\u00c3O JOS\u00c9"}},{"type":"Feature","geometry":{"type":"Point","coordinates":[-41.32033,-21.717086]},"properties":{"nome":"1807","tipo":"ponto","bairro":"S\u00c3O JOS\u00c9"}},{"type":"Feature","geometry":{"type":"Point","coordinates":[-41.319224,-21.717309]},"properties":{"nome":"1857","tipo":"ponto","bairro":"S\u00c3O JOS\u00c9"}},{"type":"Feature","geometry":{"type":"Point","coordinates":[-41.317939,-21.71751]},"properties":{"nome":"1908","tipo":"ponto","bairro":"S\u00c3O JOS\u00c9"}},{"type":"Feature","geometry":{"type":"Point","coordinates":[-41.316813,-21.717707]},"properties":{"nome":"1947","tipo":"ponto","bairro":"S\u00c3O JOS\u00c9"}},{"type":"Feature","geometry":{"type":"Point","coordinates":[-41.315726,-21.717911]},"properties":{"nome":"1987","tipo":"ponto","bairro":"S\u00c3O JOS\u00c9"}},{"type":"Feature","geometry":{"type":"Point","coordinates":[-41.314691,-21.718094]},"properties":{"nome":"2017","tipo":"ponto","bairro":"S\u00c3O JOS\u00c9"}},{"type":"Feature","geometry":{"type":"Point","coordinates":[-41.314782,-21.7179]},"properties":{"nome":"2196","tipo":"ponto","bairro":"S\u00c3O JOS\u00c9"}},{"type":"Feature","geometry":{"type":"Point","coordinates":[-41.315756,-21.717719]},"properties":{"nome":"2235","tipo":"ponto","bairro":"S\u00c3O JOS\u00c9"}},{"type":"Feature","geometry":{"type":"Point","coordinates":[-41.317858,-21.717343]},"properties":{"nome":"2335","tipo":"ponto","bairro":"S\u00c3O JOS\u00c9"}},{"type":"Feature","geometry":{"type":"Point","coordinates":[-41.320047,-21.716962]},"properties":{"nome":"2405","tipo":"ponto","bairro":"S\u00c3O JOS\u00c9"}},{"type":"Feature","geometry":{"type":"Point","coordinates":[-41.321138,-21.71681]},"properties":{"nome":"2445","tipo":"ponto","bairro":"S\u00c3O JOS\u00c9"}},{"type":"Feature","geometry":{"type":"Point","coordinates":[-41.322534,-21.716537]},"properties":{"nome":"2495","tipo":"ponto","bairro":"S\u00c3O JOS\u00c9"}},{"type":"Feature","geometry":{"type":"Point","coordinates":[-41.326538,-21.715862]},"properties":{"nome":"2646","tipo":"ponto","bairro":"S\u00c3O JOS\u00c9"}},{"type":"Feature","geometry":{"type":"Point","coordinates":[-41.327543,-21.715658]},"properties":{"nome":"2684","tipo":"ponto","bairro":"S\u00c3O JOS\u00c9"}},{"type":"Feature","geometry":{"type":"Point","coordinates":[-41.312829,-21.717791]},"properties":{"nome":"00718","tipo":"ponto","bairro":"S\u00c3O JOS\u00c9"}},{"type":"Feature","geometry":{"type":"Point","coordinates":[-41.314515,-21.717096]},"properties":{"nome":"01317","tipo":"ponto","bairro":"S\u00c3O JOS\u00c9"}},{"type":"Feature","geometry":{"type":"Point","coordinates":[-41.315645,-21.716586]},"properties":{"nome":"01717","tipo":"ponto","bairro":"S\u00c3O JOS\u00c9"}},{"type":"Feature","geometry":{"type":"Point","coordinates":[-41.316633,-21.715493]},"properties":{"nome":"04016","tipo":"ponto","bairro":"S\u00c3O JOS\u00c9"}},{"type":"Feature","geometry":{"type":"Point","coordinates":[-41.315987,-21.715746]},"properties":{"nome":"04615","tipo":"ponto","bairro":"S\u00c3O JOS\u00c9"}},{"type":"Feature","geometry":{"type":"Point","coordinates":[-41.315472,-21.715939]},"properties":{"nome":"05315","tipo":"ponto","bairro":"S\u00c3O JOS\u00c9"}},{"type":"Feature","geometry":{"type":"Point","coordinates":[-41.31438,-21.716418]},"properties":{"nome":"05815","tipo":"ponto","bairro":"S\u00c3O JOS\u00c9"}},{"type":"Feature","geometry":{"type":"Point","coordinates":[-41.312579,-21.717161]},"properties":{"nome":"06514","tipo":"ponto","bairro":"S\u00c3O JOS\u00c9"}},{"type":"Feature","geometry":{"type":"Point","coordinates":[-41.312503,-21.717157]},"properties":{"nome":"07514","tipo":"ponto","bairro":"S\u00c3O JOS\u00c9"}},{"type":"Feature","geometry":{"type":"Point","coordinates":[-41.314032,-21.7156]},"properties":{"nome":"08610","tipo":"ponto","bairro":"S\u00c3O JOS\u00c9"}},{"type":"Feature","geometry":{"type":"Point","coordinates":[-41.314389,-21.716419]},"properties":{"nome":"08910","tipo":"ponto","bairro":"S\u00c3O JOS\u00c9"}},{"type":"Feature","geometry":{"type":"Point","coordinates":[-41.314579,-21.716919]},"properties":{"nome":"09210","tipo":"ponto","bairro":"S\u00c3O JOS\u00c9"}},{"type":"Feature","geometry":{"type":"Point","coordinates":[-41.315688,-21.716818]},"properties":{"nome":"1009","tipo":"ponto","bairro":"S\u00c3O JOS\u00c9"}},{"type":"Feature","geometry":{"type":"Point","coordinates":[-41.315455,-21.715976]},"properties":{"nome":"10310","tipo":"ponto","bairro":"S\u00c3O JOS\u00c9"}},{"type":"Feature","geometry":{"type":"Point","coordinates":[-41.315076,-21.715263]},"properties":{"nome":"1069","tipo":"ponto","bairro":"S\u00c3O JOS\u00c9"}},{"type":"Feature","geometry":{"type":"Point","coordinates":[-41.314323,-21.714638]},"properties":{"nome":"1099","tipo":"ponto","bairro":"S\u00c3O JOS\u00c9"}},{"type":"Feature","geometry":{"type":"Point","coordinates":[-41.313123,-21.714972]},"properties":{"nome":"1149","tipo":"ponto","bairro":"S\u00c3O JOS\u00c9"}},{"type":"Feature","geometry":{"type":"Point","coordinates":[-41.313797,-21.714943]},"properties":{"nome":"1169","tipo":"ponto","bairro":"S\u00c3O JOS\u00c9"}},{"type":"Feature","geometry":{"type":"Point","coordinates":[-41.31193,-21.715715]},"properties":{"nome":"1249","tipo":"ponto","bairro":"S\u00c3O JOS\u00c9"}},{"type":"Feature","geometry":{"type":"Point","coordinates":[-41.311165,-21.71601]},"properties":{"nome":"1279","tipo":"ponto","bairro":"S\u00c3O JOS\u00c9"}},{"type":"Feature","geometry":{"type":"Point","coordinates":[-41.310856,-21.716852]},"properties":{"nome":"13210","tipo":"ponto","bairro":"S\u00c3O JOS\u00c9"}},{"type":"Feature","geometry":{"type":"Point","coordinates":[-41.311493,-21.716608]},"properties":{"nome":"1388","tipo":"ponto","bairro":"S\u00c3O JOS\u00c9"}},{"type":"Feature","geometry":{"type":"Point","coordinates":[-41.312034,-21.716462]},"properties":{"nome":"1418","tipo":"ponto","bairro":"S\u00c3O JOS\u00c9"}},{"type":"Feature","geometry":{"type":"Point","coordinates":[-41.313835,-21.715743]},"properties":{"nome":"1508","tipo":"ponto","bairro":"S\u00c3O JOS\u00c9"}},{"type":"Feature","geometry":{"type":"Point","coordinates":[-41.311141,-21.716069]},"properties":{"nome":"1568","tipo":"ponto","bairro":"S\u00c3O JOS\u00c9"}},{"type":"Feature","geometry":{"type":"Point","coordinates":[-41.310775,-21.715366]},"properties":{"nome":"1608","tipo":"ponto","bairro":"S\u00c3O JOS\u00c9"}},{"type":"Feature","geometry":{"type":"Point","coordinates":[-41.348019,-21.725441]},"properties":{"nome":"00353","tipo":"ponto","bairro":"S\u00c3O JOS\u00c9"}},{"type":"Feature","geometry":{"type":"Point","coordinates":[-41.348167,-21.725072]},"properties":{"nome":"00453","tipo":"ponto","bairro":"S\u00c3O JOS\u00c9"}},{"type":"Feature","geometry":{"type":"Point","coordinates":[-41.34082,-21.721722]},"properties":{"nome":"03649","tipo":"ponto","bairro":"S\u00c3O JOS\u00c9"}},{"type":"Feature","geometry":{"type":"Point","coordinates":[-41.340284,-21.721882]},"properties":{"nome":"03749","tipo":"ponto","bairro":"S\u00c3O JOS\u00c9"}},{"type":"Feature","geometry":{"type":"Point","coordinates":[-41.340913,-21.736981]},"properties":{"nome":"08046","tipo":"ponto","bairro":"S\u00c3O JOS\u00c9"}},{"type":"Feature","geometry":{"type":"Point","coordinates":[-41.340817,-21.73689]},"properties":{"nome":"08146","tipo":"ponto","bairro":"S\u00c3O JOS\u00c9"}},{"type":"Feature","geometry":{"type":"Point","coordinates":[-41.333779,-21.738173]},"properties":{"nome":"09844","tipo":"ponto","bairro":"S\u00c3O JOS\u00c9"}},{"type":"Feature","geometry":{"type":"Point","coordinates":[-41.333592,-21.738151]},"properties":{"nome":"09944","tipo":"ponto","bairro":"S\u00c3O JOS\u00c9"}},{"type":"Feature","geometry":{"type":"Point","coordinates":[-41.398069,-21.817523]},"properties":{"nome":"00152","tipo":"ponto","bairro":"S\u00c3O JOS\u00c9"}},{"type":"Feature","geometry":{"type":"Point","coordinates":[-41.343231,-21.729265]},"properties":{"nome":"11843","tipo":"ponto","bairro":"S\u00c3O JOS\u00c9"}},{"type":"Feature","geometry":{"type":"Point","coordinates":[-41.343445,-21.729357]},"properties":{"nome":"11943","tipo":"ponto","bairro":"S\u00c3O JOS\u00c9"}},{"type":"Feature","geometry":{"type":"Point","coordinates":[-41.343588,-21.729104]},"properties":{"nome":"12043","tipo":"ponto","bairro":"S\u00c3O JOS\u00c9"}},{"type":"Feature","geometry":{"type":"Point","coordinates":[-41.343661,-21.729031]},"properties":{"nome":"12142","tipo":"ponto","bairro":"S\u00c3O JOS\u00c9"}},{"type":"Feature","geometry":{"type":"Point","coordinates":[-41.343624,-21.728983]},"properties":{"nome":"12542","tipo":"ponto","bairro":"S\u00c3O JOS\u00c9"}},{"type":"Feature","geometry":{"type":"Point","coordinates":[-41.343538,-21.728977]},"properties":{"nome":"12742","tipo":"ponto","bairro":"S\u00c3O JOS\u00c9"}},{"type":"Feature","geometry":{"type":"Point","coordinates":[-41.342014,-21.728305]},"properties":{"nome":"13442","tipo":"ponto","bairro":"S\u00c3O JOS\u00c9"}},{"type":"Feature","geometry":{"type":"Point","coordinates":[-41.342088,-21.727919]},"properties":{"nome":"13542","tipo":"ponto","bairro":"S\u00c3O JOS\u00c9"}},{"type":"Feature","geometry":{"type":"Point","coordinates":[-41.341905,-21.728263]},"properties":{"nome":"13542","tipo":"ponto","bairro":"S\u00c3O JOS\u00c9"}},{"type":"Feature","geometry":{"type":"Point","coordinates":[-41.342195,-21.727961]},"properties":{"nome":"13642","tipo":"ponto","bairro":"S\u00c3O JOS\u00c9"}},{"type":"Feature","geometry":{"type":"Point","coordinates":[-41.343693,-21.728637]},"properties":{"nome":"14442","tipo":"ponto","bairro":"S\u00c3O JOS\u00c9"}},{"type":"Feature","geometry":{"type":"Point","coordinates":[-41.34381,-21.728654]},"properties":{"nome":"14542","tipo":"ponto","bairro":"S\u00c3O JOS\u00c9"}},{"type":"Feature","geometry":{"type":"Point","coordinates":[-41.343834,-21.728687]},"properties":{"nome":"14642","tipo":"ponto","bairro":"S\u00c3O JOS\u00c9"}},{"type":"Feature","geometry":{"type":"Point","coordinates":[-41.343751,-21.72877]},"properties":{"nome":"14742","tipo":"ponto","bairro":"S\u00c3O JOS\u00c9"}},{"type":"Feature","geometry":{"type":"Point","coordinates":[-41.341011,-21.728329]},"properties":{"nome":"15441","tipo":"ponto","bairro":"S\u00c3O JOS\u00c9"}},{"type":"Feature","geometry":{"type":"Point","coordinates":[-41.341197,-21.728268]},"properties":{"nome":"15541","tipo":"ponto","bairro":"S\u00c3O JOS\u00c9"}},{"type":"Feature","geometry":{"type":"Point","coordinates":[-41.341666,-21.72739]},"properties":{"nome":"15840","tipo":"ponto","bairro":"S\u00c3O JOS\u00c9"}},{"type":"Feature","geometry":{"type":"Point","coordinates":[-41.341698,-21.727258]},"properties":{"nome":"15940","tipo":"ponto","bairro":"S\u00c3O JOS\u00c9"}},{"type":"Feature","geometry":{"type":"Point","coordinates":[-41.341802,-21.727064]},"properties":{"nome":"16039","tipo":"ponto","bairro":"S\u00c3O JOS\u00c9"}},{"type":"Feature","geometry":{"type":"Point","coordinates":[-41.341959,-21.726728]},"properties":{"nome":"16139","tipo":"ponto","bairro":"S\u00c3O JOS\u00c9"}},{"type":"Feature","geometry":{"type":"Point","coordinates":[-41.342058,-21.726591]},"properties":{"nome":"16239","tipo":"ponto","bairro":"S\u00c3O JOS\u00c9"}},{"type":"Feature","geometry":{"type":"Point","coordinates":[-41.342209,-21.726265]},"properties":{"nome":"16439","tipo":"ponto","bairro":"S\u00c3O JOS\u00c9"}},{"type":"Feature","geometry":{"type":"Point","coordinates":[-41.341797,-21.727351]},"properties":{"nome":"16639","tipo":"ponto","bairro":"S\u00c3O JOS\u00c9"}},{"type":"Feature","geometry":{"type":"Point","coordinates":[-41.343895,-21.728273]},"properties":{"nome":"17637","tipo":"ponto","bairro":"S\u00c3O JOS\u00c9"}},{"type":"Feature","geometry":{"type":"Point","coordinates":[-41.344004,-21.72829]},"properties":{"nome":"17736","tipo":"ponto","bairro":"S\u00c3O JOS\u00c9"}},{"type":"Feature","geometry":{"type":"Point","coordinates":[-41.344035,-21.72833]},"properties":{"nome":"17836","tipo":"ponto","bairro":"S\u00c3O JOS\u00c9"}},{"type":"Feature","geometry":{"type":"Point","coordinates":[-41.343907,-21.728438]},"properties":{"nome":"18036","tipo":"ponto","bairro":"S\u00c3O JOS\u00c9"}},{"type":"Feature","geometry":{"type":"Point","coordinates":[-41.344112,-21.728072]},"properties":{"nome":"19034","tipo":"ponto","bairro":"S\u00c3O JOS\u00c9"}},{"type":"Feature","geometry":{"type":"Point","coordinates":[-41.344233,-21.727996]},"properties":{"nome":"19134","tipo":"ponto","bairro":"S\u00c3O JOS\u00c9"}},{"type":"Feature","geometry":{"type":"Point","coordinates":[-41.344172,-21.727946]},"properties":{"nome":"19234","tipo":"ponto","bairro":"S\u00c3O JOS\u00c9"}},{"type":"Feature","geometry":{"type":"Point","coordinates":[-41.34407,-21.727925]},"properties":{"nome":"19334","tipo":"ponto","bairro":"S\u00c3O JOS\u00c9"}},{"type":"Feature","geometry":{"type":"Point","coordinates":[-41.341928,-21.726972]},"properties":{"nome":"20228","tipo":"ponto","bairro":"S\u00c3O JOS\u00c9"}},{"type":"Feature","geometry":{"type":"Point","coordinates":[-41.346272,-21.728899]},"properties":{"nome":"21224","tipo":"ponto","bairro":"S\u00c3O JOS\u00c9"}},{"type":"Feature","geometry":{"type":"Point","coordinates":[-41.344367,-21.727629]},"properties":{"nome":"22323","tipo":"ponto","bairro":"S\u00c3O JOS\u00c9"}},{"type":"Feature","geometry":{"type":"Point","coordinates":[-41.344355,-21.727585]},"properties":{"nome":"22423","tipo":"ponto","bairro":"S\u00c3O JOS\u00c9"}},{"type":"Feature","geometry":{"type":"Point","coordinates":[-41.344462,-21.727381]},"properties":{"nome":"22522","tipo":"ponto","bairro":"S\u00c3O JOS\u00c9"}},{"type":"Feature","geometry":{"type":"Point","coordinates":[-41.344283,-21.727737]},"properties":{"nome":"22722","tipo":"ponto","bairro":"S\u00c3O JOS\u00c9"}},{"type":"Feature","geometry":{"type":"Point","coordinates":[-41.344106,-21.727531]},"properties":{"nome":"22823","tipo":"ponto","bairro":"S\u00c3O JOS\u00c9"}},{"type":"Feature","geometry":{"type":"Point","coordinates":[-41.343386,-21.727197]},"properties":{"nome":"23120","tipo":"ponto","bairro":"S\u00c3O JOS\u00c9"}},{"type":"Feature","geometry":{"type":"Point","coordinates":[-41.34327,-21.727157]},"properties":{"nome":"23220","tipo":"ponto","bairro":"S\u00c3O JOS\u00c9"}},{"type":"Feature","geometry":{"type":"Point","coordinates":[-41.343392,-21.72714]},"properties":{"nome":"24418","tipo":"ponto","bairro":"S\u00c3O JOS\u00c9"}},{"type":"Feature","geometry":{"type":"Point","coordinates":[-41.344527,-21.727282]},"properties":{"nome":"24519","tipo":"ponto","bairro":"S\u00c3O JOS\u00c9"}},{"type":"Feature","geometry":{"type":"Point","coordinates":[-41.34651,-21.729018]},"properties":{"nome":"26117","tipo":"ponto","bairro":"S\u00c3O JOS\u00c9"}},{"type":"Feature","geometry":{"type":"Point","coordinates":[-41.346464,-21.729136]},"properties":{"nome":"26217","tipo":"ponto","bairro":"S\u00c3O JOS\u00c9"}},{"type":"Feature","geometry":{"type":"Point","coordinates":[-41.347091,-21.727948]},"properties":{"nome":"26918","tipo":"ponto","bairro":"S\u00c3O JOS\u00c9"}},{"type":"Feature","geometry":{"type":"Point","coordinates":[-41.346938,-21.727879]},"properties":{"nome":"27017","tipo":"ponto","bairro":"S\u00c3O JOS\u00c9"}},{"type":"Feature","geometry":{"type":"Point","coordinates":[-41.335216,-21.714737]},"properties":{"nome":"0094","tipo":"ponto","bairro":"S\u00c3O JOS\u00c9"}},{"type":"Feature","geometry":{"type":"Point","coordinates":[-41.335126,-21.71513]},"properties":{"nome":"0114","tipo":"ponto","bairro":"S\u00c3O JOS\u00c9"}},{"type":"Feature","geometry":{"type":"Point","coordinates":[-41.33613,-21.714733]},"properties":{"nome":"0234","tipo":"ponto","bairro":"S\u00c3O JOS\u00c9"}},{"type":"Feature","geometry":{"type":"Point","coordinates":[-41.336057,-21.716023]},"properties":{"nome":"0284","tipo":"ponto","bairro":"S\u00c3O JOS\u00c9"}},{"type":"Feature","geometry":{"type":"Point","coordinates":[-41.335595,-21.715954]},"properties":{"nome":"0353","tipo":"ponto","bairro":"S\u00c3O JOS\u00c9"}},{"type":"Feature","geometry":{"type":"Point","coordinates":[-41.33505,-21.717916]},"properties":{"nome":"0434","tipo":"ponto","bairro":"S\u00c3O JOS\u00c9"}},{"type":"Feature","geometry":{"type":"Point","coordinates":[-41.335305,-21.719022]},"properties":{"nome":"0504","tipo":"ponto","bairro":"S\u00c3O JOS\u00c9"}},{"type":"Feature","geometry":{"type":"Point","coordinates":[-41.336052,-21.719099]},"properties":{"nome":"0564","tipo":"ponto","bairro":"S\u00c3O JOS\u00c9"}},{"type":"Feature","geometry":{"type":"Point","coordinates":[-41.33735,-21.721198]},"properties":{"nome":"0654","tipo":"ponto","bairro":"S\u00c3O JOS\u00c9"}},{"type":"Feature","geometry":{"type":"Point","coordinates":[-41.336457,-21.720671]},"properties":{"nome":"0764","tipo":"ponto","bairro":"S\u00c3O JOS\u00c9"}},{"type":"Feature","geometry":{"type":"Point","coordinates":[-41.337278,-21.722323]},"properties":{"nome":"0834","tipo":"ponto","bairro":"S\u00c3O JOS\u00c9"}},{"type":"Feature","geometry":{"type":"Point","coordinates":[-41.337145,-21.722799]},"properties":{"nome":"0954","tipo":"ponto","bairro":"S\u00c3O JOS\u00c9"}},{"type":"Feature","geometry":{"type":"Point","coordinates":[-41.339625,-21.722451]},"properties":{"nome":"1034","tipo":"ponto","bairro":"S\u00c3O JOS\u00c9"}},{"type":"Feature","geometry":{"type":"Point","coordinates":[-41.337946,-21.723522]},"properties":{"nome":"1144","tipo":"ponto","bairro":"S\u00c3O JOS\u00c9"}},{"type":"Feature","geometry":{"type":"Point","coordinates":[-41.339313,-21.72672]},"properties":{"nome":"0041","tipo":"ponto","bairro":"S\u00c3O JOS\u00c9"}},{"type":"Feature","geometry":{"type":"Point","coordinates":[-41.337731,-21.728195]},"properties":{"nome":"0181","tipo":"ponto","bairro":"S\u00c3O JOS\u00c9"}},{"type":"Feature","geometry":{"type":"Point","coordinates":[-41.338499,-21.727148]},"properties":{"nome":"038","tipo":"ponto","bairro":"S\u00c3O JOS\u00c9"}},{"type":"Feature","geometry":{"type":"Point","coordinates":[-41.338655,-21.726213]},"properties":{"nome":"049","tipo":"ponto","bairro":"S\u00c3O JOS\u00c9"}},{"type":"Feature","geometry":{"type":"Point","coordinates":[-41.3379,-21.727275]},"properties":{"nome":"055","tipo":"ponto","bairro":"S\u00c3O JOS\u00c9"}},{"type":"Feature","geometry":{"type":"Point","coordinates":[-41.337815,-21.726588]},"properties":{"nome":"069","tipo":"ponto","bairro":"S\u00c3O JOS\u00c9"}},{"type":"Feature","geometry":{"type":"Point","coordinates":[-41.338207,-21.725339]},"properties":{"nome":"082","tipo":"ponto","bairro":"S\u00c3O JOS\u00c9"}},{"type":"Feature","geometry":{"type":"Point","coordinates":[-41.338058,-21.725607]},"properties":{"nome":"083","tipo":"ponto","bairro":"S\u00c3O JOS\u00c9"}},{"type":"Feature","geometry":{"type":"Point","coordinates":[-41.336938,-21.726218]},"properties":{"nome":"092","tipo":"ponto","bairro":"S\u00c3O JOS\u00c9"}},{"type":"Feature","geometry":{"type":"Point","coordinates":[-41.337315,-21.725809]},"properties":{"nome":"100","tipo":"ponto","bairro":"S\u00c3O JOS\u00c9"}},{"type":"Feature","geometry":{"type":"Point","coordinates":[-41.337597,-21.724789]},"properties":{"nome":"115","tipo":"ponto","bairro":"S\u00c3O JOS\u00c9"}},{"type":"Feature","geometry":{"type":"Point","coordinates":[-41.338453,-21.72428]},"properties":{"nome":"133","tipo":"ponto","bairro":"S\u00c3O JOS\u00c9"}},{"type":"Feature","geometry":{"type":"Point","coordinates":[-41.338174,-21.723914]},"properties":{"nome":"139","tipo":"ponto","bairro":"S\u00c3O JOS\u00c9"}},{"type":"Feature","geometry":{"type":"Point","coordinates":[-41.33943,-21.723135]},"properties":{"nome":"145","tipo":"ponto","bairro":"S\u00c3O JOS\u00c9"}},{"type":"Feature","geometry":{"type":"Point","coordinates":[-41.331459,-21.724594]},"properties":{"nome":"00310","tipo":"ponto","bairro":"S\u00c3O JOS\u00c9"}},{"type":"Feature","geometry":{"type":"Point","coordinates":[-41.331137,-21.724143]},"properties":{"nome":"00610","tipo":"ponto","bairro":"S\u00c3O JOS\u00c9"}},{"type":"Feature","geometry":{"type":"Point","coordinates":[-41.330347,-21.722802]},"properties":{"nome":"0159","tipo":"ponto","bairro":"S\u00c3O JOS\u00c9"}},{"type":"Feature","geometry":{"type":"Point","coordinates":[-41.332555,-21.723825]},"properties":{"nome":"0209","tipo":"ponto","bairro":"S\u00c3O JOS\u00c9"}},{"type":"Feature","geometry":{"type":"Point","coordinates":[-41.332226,-21.723983]},"properties":{"nome":"0219","tipo":"ponto","bairro":"S\u00c3O JOS\u00c9"}},{"type":"Feature","geometry":{"type":"Point","coordinates":[-41.330974,-21.724575]},"properties":{"nome":"0289","tipo":"ponto","bairro":"S\u00c3O JOS\u00c9"}},{"type":"Feature","geometry":{"type":"Point","coordinates":[-41.329717,-21.724456]},"properties":{"nome":"0418","tipo":"ponto","bairro":"S\u00c3O JOS\u00c9"}},{"type":"Feature","geometry":{"type":"Point","coordinates":[-41.331581,-21.72354]},"properties":{"nome":"0507","tipo":"ponto","bairro":"S\u00c3O JOS\u00c9"}},{"type":"Feature","geometry":{"type":"Point","coordinates":[-41.331722,-21.723464]},"properties":{"nome":"0517","tipo":"ponto","bairro":"S\u00c3O JOS\u00c9"}},{"type":"Feature","geometry":{"type":"Point","coordinates":[-41.33166,-21.722765]},"properties":{"nome":"0597","tipo":"ponto","bairro":"S\u00c3O JOS\u00c9"}},{"type":"Feature","geometry":{"type":"Point","coordinates":[-41.33054,-21.723312]},"properties":{"nome":"0646","tipo":"ponto","bairro":"S\u00c3O JOS\u00c9"}},{"type":"Feature","geometry":{"type":"Point","coordinates":[-41.330878,-21.722277]},"properties":{"nome":"0746","tipo":"ponto","bairro":"S\u00c3O JOS\u00c9"}},{"type":"Feature","geometry":{"type":"Point","coordinates":[-41.330012,-21.72523]},"properties":{"nome":"0862","tipo":"ponto","bairro":"S\u00c3O JOS\u00c9"}},{"type":"Feature","geometry":{"type":"Point","coordinates":[-41.330438,-21.726053]},"properties":{"nome":"0902","tipo":"ponto","bairro":"S\u00c3O JOS\u00c9"}},{"type":"Feature","geometry":{"type":"Point","coordinates":[-41.330363,-21.726858]},"properties":{"nome":"0971","tipo":"ponto","bairro":"S\u00c3O JOS\u00c9"}},{"type":"Feature","geometry":{"type":"Point","coordinates":[-41.32872,-21.726336]},"properties":{"nome":"1081","tipo":"ponto","bairro":"S\u00c3O JOS\u00c9"}},{"type":"Feature","geometry":{"type":"Point","coordinates":[-41.332755,-21.725392]},"properties":{"nome":"1401","tipo":"ponto","bairro":"S\u00c3O JOS\u00c9"}},{"type":"Feature","geometry":{"type":"Point","coordinates":[-41.332735,-21.725249]},"properties":{"nome":"1411","tipo":"ponto","bairro":"S\u00c3O JOS\u00c9"}},{"type":"Feature","geometry":{"type":"Point","coordinates":[-41.332231,-21.724787]},"properties":{"nome":"1471","tipo":"ponto","bairro":"S\u00c3O JOS\u00c9"}},{"type":"Feature","geometry":{"type":"Point","coordinates":[-41.331583,-21.725131]},"properties":{"nome":"1521","tipo":"ponto","bairro":"S\u00c3O JOS\u00c9"}},{"type":"Feature","geometry":{"type":"Point","coordinates":[-41.328102,-21.727405]},"properties":{"nome":"1641","tipo":"ponto","bairro":"S\u00c3O JOS\u00c9"}},{"type":"Feature","geometry":{"type":"Point","coordinates":[-41.327296,-21.728246]},"properties":{"nome":"1681","tipo":"ponto","bairro":"S\u00c3O JOS\u00c9"}},{"type":"Feature","geometry":{"type":"Point","coordinates":[-41.327122,-21.72838]},"properties":{"nome":"1691","tipo":"ponto","bairro":"S\u00c3O JOS\u00c9"}},{"type":"Feature","geometry":{"type":"Point","coordinates":[-41.327051,-21.728463]},"properties":{"nome":"1701","tipo":"ponto","bairro":"S\u00c3O JOS\u00c9"}},{"type":"Feature","geometry":{"type":"Point","coordinates":[-41.322217,-21.726725]},"properties":{"nome":"1751","tipo":"ponto","bairro":"S\u00c3O JOS\u00c9"}},{"type":"Feature","geometry":{"type":"Point","coordinates":[-41.32276,-21.72676]},"properties":{"nome":"1791","tipo":"ponto","bairro":"S\u00c3O JOS\u00c9"}},{"type":"Feature","geometry":{"type":"Point","coordinates":[-41.323153,-21.726913]},"properties":{"nome":"1811","tipo":"ponto","bairro":"S\u00c3O JOS\u00c9"}},{"type":"Feature","geometry":{"type":"Point","coordinates":[-41.324237,-21.727353]},"properties":{"nome":"1871","tipo":"ponto","bairro":"S\u00c3O JOS\u00c9"}},{"type":"Feature","geometry":{"type":"Point","coordinates":[-41.324323,-21.727394]},"properties":{"nome":"1881","tipo":"ponto","bairro":"S\u00c3O JOS\u00c9"}},{"type":"Feature","geometry":{"type":"Point","coordinates":[-41.326272,-21.728489]},"properties":{"nome":"1991","tipo":"ponto","bairro":"S\u00c3O JOS\u00c9"}},{"type":"Feature","geometry":{"type":"Point","coordinates":[-41.326837,-21.728834]},"properties":{"nome":"2031","tipo":"ponto","bairro":"S\u00c3O JOS\u00c9"}},{"type":"Feature","geometry":{"type":"Point","coordinates":[-41.32713,-21.728994]},"properties":{"nome":"2051","tipo":"ponto","bairro":"S\u00c3O JOS\u00c9"}},{"type":"Feature","geometry":{"type":"Point","coordinates":[-41.328091,-21.729528]},"properties":{"nome":"2103","tipo":"ponto","bairro":"S\u00c3O JOS\u00c9"}},{"type":"Feature","geometry":{"type":"Point","coordinates":[-41.328772,-21.729999]},"properties":{"nome":"2131","tipo":"ponto","bairro":"S\u00c3O JOS\u00c9"}},{"type":"Feature","geometry":{"type":"Point","coordinates":[-41.328901,-21.730098]},"properties":{"nome":"2151","tipo":"ponto","bairro":"S\u00c3O JOS\u00c9"}},{"type":"Feature","geometry":{"type":"Point","coordinates":[-41.329514,-21.730857]},"properties":{"nome":"2211","tipo":"ponto","bairro":"S\u00c3O JOS\u00c9"}},{"type":"Feature","geometry":{"type":"Point","coordinates":[-41.330399,-21.733042]},"properties":{"nome":"2341","tipo":"ponto","bairro":"S\u00c3O JOS\u00c9"}},{"type":"Feature","geometry":{"type":"Point","coordinates":[-41.330487,-21.733578]},"properties":{"nome":"2361","tipo":"ponto","bairro":"S\u00c3O JOS\u00c9"}},{"type":"Feature","geometry":{"type":"Point","coordinates":[-41.331426,-21.73464]},"properties":{"nome":"2431","tipo":"ponto","bairro":"S\u00c3O JOS\u00c9"}},{"type":"Feature","geometry":{"type":"Point","coordinates":[-41.332042,-21.735113]},"properties":{"nome":"2481","tipo":"ponto","bairro":"S\u00c3O JOS\u00c9"}},{"type":"Feature","geometry":{"type":"Point","coordinates":[-41.332406,-21.735822]},"properties":{"nome":"2521","tipo":"ponto","bairro":"S\u00c3O JOS\u00c9"}},{"type":"Feature","geometry":{"type":"Point","coordinates":[-41.332762,-21.736742]},"properties":{"nome":"2562","tipo":"ponto","bairro":"S\u00c3O JOS\u00c9"}},{"type":"Feature","geometry":{"type":"Point","coordinates":[-41.332795,-21.737093]},"properties":{"nome":"2582","tipo":"ponto","bairro":"S\u00c3O JOS\u00c9"}},{"type":"Feature","geometry":{"type":"Point","coordinates":[-41.332612,-21.734687]},"properties":{"nome":"00411","tipo":"ponto","bairro":"S\u00c3O JOS\u00c9"}},{"type":"Feature","geometry":{"type":"Point","coordinates":[-41.331717,-21.7342]},"properties":{"nome":"01210","tipo":"ponto","bairro":"S\u00c3O JOS\u00c9"}},{"type":"Feature","geometry":{"type":"Point","coordinates":[-41.33279,-21.733889]},"properties":{"nome":"01710","tipo":"ponto","bairro":"S\u00c3O JOS\u00c9"}},{"type":"Feature","geometry":{"type":"Point","coordinates":[-41.331789,-21.733636]},"properties":{"nome":"02610","tipo":"ponto","bairro":"S\u00c3O JOS\u00c9"}},{"type":"Feature","geometry":{"type":"Point","coordinates":[-41.331391,-21.733132]},"properties":{"nome":"0379","tipo":"ponto","bairro":"S\u00c3O JOS\u00c9"}},{"type":"Feature","geometry":{"type":"Point","coordinates":[-41.331475,-21.732545]},"properties":{"nome":"0498","tipo":"ponto","bairro":"S\u00c3O JOS\u00c9"}},{"type":"Feature","geometry":{"type":"Point","coordinates":[-41.331154,-21.731933]},"properties":{"nome":"0608","tipo":"ponto","bairro":"S\u00c3O JOS\u00c9"}},{"type":"Feature","geometry":{"type":"Point","coordinates":[-41.330872,-21.731268]},"properties":{"nome":"0747","tipo":"ponto","bairro":"S\u00c3O JOS\u00c9"}},{"type":"Feature","geometry":{"type":"Point","coordinates":[-41.330507,-21.73065]},"properties":{"nome":"0854","tipo":"ponto","bairro":"S\u00c3O JOS\u00c9"}},{"type":"Feature","geometry":{"type":"Point","coordinates":[-41.330291,-21.730001]},"properties":{"nome":"1023","tipo":"ponto","bairro":"S\u00c3O JOS\u00c9"}},{"type":"Feature","geometry":{"type":"Point","coordinates":[-41.329606,-21.729717]},"properties":{"nome":"1113","tipo":"ponto","bairro":"S\u00c3O JOS\u00c9"}},{"type":"Feature","geometry":{"type":"Point","coordinates":[-41.329102,-21.729326]},"properties":{"nome":"1262","tipo":"ponto","bairro":"S\u00c3O JOS\u00c9"}},{"type":"Feature","geometry":{"type":"Point","coordinates":[-41.328516,-21.728939]},"properties":{"nome":"1342","tipo":"ponto","bairro":"S\u00c3O JOS\u00c9"}},{"type":"Feature","geometry":{"type":"Point","coordinates":[-41.329351,-21.72817]},"properties":{"nome":"1392","tipo":"ponto","bairro":"S\u00c3O JOS\u00c9"}},{"type":"Feature","geometry":{"type":"Point","coordinates":[-41.327958,-21.728139]},"properties":{"nome":"1462","tipo":"ponto","bairro":"S\u00c3O JOS\u00c9"}},{"type":"Feature","geometry":{"type":"Point","coordinates":[-41.327855,-21.728611]},"properties":{"nome":"1543","tipo":"ponto","bairro":"S\u00c3O JOS\u00c9"}},{"type":"Feature","geometry":{"type":"Point","coordinates":[-41.329935,-21.728976]},"properties":{"nome":"1702","tipo":"ponto","bairro":"S\u00c3O JOS\u00c9"}},{"type":"Feature","geometry":{"type":"Point","coordinates":[-41.331309,-21.7305]},"properties":{"nome":"1843","tipo":"ponto","bairro":"S\u00c3O JOS\u00c9"}},{"type":"Feature","geometry":{"type":"Point","coordinates":[-41.331822,-21.731119]},"properties":{"nome":"1903","tipo":"ponto","bairro":"S\u00c3O JOS\u00c9"}},{"type":"Feature","geometry":{"type":"Point","coordinates":[-41.332585,-21.732341]},"properties":{"nome":"1972","tipo":"ponto","bairro":"S\u00c3O JOS\u00c9"}},{"type":"Feature","geometry":{"type":"Point","coordinates":[-41.332672,-21.73256]},"properties":{"nome":"1982","tipo":"ponto","bairro":"S\u00c3O JOS\u00c9"}},{"type":"Feature","geometry":{"type":"Point","coordinates":[-41.332771,-21.731223]},"properties":{"nome":"2052","tipo":"ponto","bairro":"S\u00c3O JOS\u00c9"}},{"type":"Feature","geometry":{"type":"Point","coordinates":[-41.33195,-21.73019]},"properties":{"nome":"2132","tipo":"ponto","bairro":"S\u00c3O JOS\u00c9"}},{"type":"Feature","geometry":{"type":"Point","coordinates":[-41.331872,-21.738917]},"properties":{"nome":"00512","tipo":"ponto","bairro":"S\u00c3O JOS\u00c9"}},{"type":"Feature","geometry":{"type":"Point","coordinates":[-41.331025,-21.740709]},"properties":{"nome":"01211","tipo":"ponto","bairro":"S\u00c3O JOS\u00c9"}},{"type":"Feature","geometry":{"type":"Point","coordinates":[-41.330822,-21.741329]},"properties":{"nome":"01411","tipo":"ponto","bairro":"S\u00c3O JOS\u00c9"}},{"type":"Feature","geometry":{"type":"Point","coordinates":[-41.330479,-21.741709]},"properties":{"nome":"01611","tipo":"ponto","bairro":"S\u00c3O JOS\u00c9"}},{"type":"Feature","geometry":{"type":"Point","coordinates":[-41.329451,-21.734376]},"properties":{"nome":"04010","tipo":"ponto","bairro":"S\u00c3O JOS\u00c9"}},{"type":"Feature","geometry":{"type":"Point","coordinates":[-41.328397,-21.734647]},"properties":{"nome":"0459","tipo":"ponto","bairro":"S\u00c3O JOS\u00c9"}},{"type":"Feature","geometry":{"type":"Point","coordinates":[-41.329338,-21.732419]},"properties":{"nome":"0559","tipo":"ponto","bairro":"S\u00c3O JOS\u00c9"}},{"type":"Feature","geometry":{"type":"Point","coordinates":[-41.328675,-21.732684]},"properties":{"nome":"0619","tipo":"ponto","bairro":"S\u00c3O JOS\u00c9"}},{"type":"Feature","geometry":{"type":"Point","coordinates":[-41.326458,-21.733143]},"properties":{"nome":"0698","tipo":"ponto","bairro":"S\u00c3O JOS\u00c9"}},{"type":"Feature","geometry":{"type":"Point","coordinates":[-41.328461,-21.732527]},"properties":{"nome":"0855","tipo":"ponto","bairro":"S\u00c3O JOS\u00c9"}},{"type":"Feature","geometry":{"type":"Point","coordinates":[-41.328787,-21.73151]},"properties":{"nome":"1044","tipo":"ponto","bairro":"S\u00c3O JOS\u00c9"}},{"type":"Feature","geometry":{"type":"Point","coordinates":[-41.327746,-21.732445]},"properties":{"nome":"1103","tipo":"ponto","bairro":"S\u00c3O JOS\u00c9"}},{"type":"Feature","geometry":{"type":"Point","coordinates":[-41.328273,-21.731258]},"properties":{"nome":"1243","tipo":"ponto","bairro":"S\u00c3O JOS\u00c9"}},{"type":"Feature","geometry":{"type":"Point","coordinates":[-41.327783,-21.731183]},"properties":{"nome":"1473","tipo":"ponto","bairro":"S\u00c3O JOS\u00c9"}},{"type":"Feature","geometry":{"type":"Point","coordinates":[-41.327517,-21.730963]},"properties":{"nome":"1563","tipo":"ponto","bairro":"S\u00c3O JOS\u00c9"}},{"type":"Feature","geometry":{"type":"Point","coordinates":[-41.327637,-21.730552]},"properties":{"nome":"1653","tipo":"ponto","bairro":"S\u00c3O JOS\u00c9"}},{"type":"Feature","geometry":{"type":"Point","coordinates":[-41.326926,-21.730891]},"properties":{"nome":"1813","tipo":"ponto","bairro":"S\u00c3O JOS\u00c9"}},{"type":"Feature","geometry":{"type":"Point","coordinates":[-41.327922,-21.729813]},"properties":{"nome":"1873","tipo":"ponto","bairro":"S\u00c3O JOS\u00c9"}},{"type":"Feature","geometry":{"type":"Point","coordinates":[-41.326622,-21.730433]},"properties":{"nome":"1943","tipo":"ponto","bairro":"S\u00c3O JOS\u00c9"}},{"type":"Feature","geometry":{"type":"Point","coordinates":[-41.324961,-21.731938]},"properties":{"nome":"2033","tipo":"ponto","bairro":"S\u00c3O JOS\u00c9"}},{"type":"Feature","geometry":{"type":"Point","coordinates":[-41.326186,-21.729097]},"properties":{"nome":"00513","tipo":"ponto","bairro":"S\u00c3O JOS\u00c9"}},{"type":"Feature","geometry":{"type":"Point","coordinates":[-41.325842,-21.728978]},"properties":{"nome":"00913","tipo":"ponto","bairro":"S\u00c3O JOS\u00c9"}},{"type":"Feature","geometry":{"type":"Point","coordinates":[-41.324868,-21.728085]},"properties":{"nome":"01512","tipo":"ponto","bairro":"S\u00c3O JOS\u00c9"}},{"type":"Feature","geometry":{"type":"Point","coordinates":[-41.324165,-21.728449]},"properties":{"nome":"02412","tipo":"ponto","bairro":"S\u00c3O JOS\u00c9"}},{"type":"Feature","geometry":{"type":"Point","coordinates":[-41.324301,-21.729447]},"properties":{"nome":"03611","tipo":"ponto","bairro":"S\u00c3O JOS\u00c9"}},{"type":"Feature","geometry":{"type":"Point","coordinates":[-41.325162,-21.730413]},"properties":{"nome":"04610","tipo":"ponto","bairro":"S\u00c3O JOS\u00c9"}},{"type":"Feature","geometry":{"type":"Point","coordinates":[-41.32559,-21.730871]},"properties":{"nome":"05910","tipo":"ponto","bairro":"S\u00c3O JOS\u00c9"}},{"type":"Feature","geometry":{"type":"Point","coordinates":[-41.326065,-21.73188]},"properties":{"nome":"0679","tipo":"ponto","bairro":"S\u00c3O JOS\u00c9"}},{"type":"Feature","geometry":{"type":"Point","coordinates":[-41.325997,-21.732121]},"properties":{"nome":"0749","tipo":"ponto","bairro":"S\u00c3O JOS\u00c9"}},{"type":"Feature","geometry":{"type":"Point","coordinates":[-41.325363,-21.732261]},"properties":{"nome":"0778","tipo":"ponto","bairro":"S\u00c3O JOS\u00c9"}},{"type":"Feature","geometry":{"type":"Point","coordinates":[-41.32413,-21.730543]},"properties":{"nome":"1054","tipo":"ponto","bairro":"S\u00c3O JOS\u00c9"}},{"type":"Feature","geometry":{"type":"Point","coordinates":[-41.328249,-21.733727]},"properties":{"nome":"1274","tipo":"ponto","bairro":"S\u00c3O JOS\u00c9"}},{"type":"Feature","geometry":{"type":"Point","coordinates":[-41.330245,-21.733096]},"properties":{"nome":"1354","tipo":"ponto","bairro":"S\u00c3O JOS\u00c9"}},{"type":"Feature","geometry":{"type":"Point","coordinates":[-41.328913,-21.730398]},"properties":{"nome":"1434","tipo":"ponto","bairro":"S\u00c3O JOS\u00c9"}},{"type":"Feature","geometry":{"type":"Point","coordinates":[-41.328054,-21.729736]},"properties":{"nome":"1504","tipo":"ponto","bairro":"S\u00c3O JOS\u00c9"}},{"type":"Feature","geometry":{"type":"Point","coordinates":[-41.326774,-21.733954]},"properties":{"nome":"1574","tipo":"ponto","bairro":"S\u00c3O JOS\u00c9"}},{"type":"Feature","geometry":{"type":"Point","coordinates":[-41.328836,-21.735711]},"properties":{"nome":"1694","tipo":"ponto","bairro":"S\u00c3O JOS\u00c9"}},{"type":"Feature","geometry":{"type":"Point","coordinates":[-41.331566,-21.737974]},"properties":{"nome":"1814","tipo":"ponto","bairro":"S\u00c3O JOS\u00c9"}},{"type":"Feature","geometry":{"type":"Point","coordinates":[-41.331904,-21.738299]},"properties":{"nome":"1845","tipo":"ponto","bairro":"S\u00c3O JOS\u00c9"}},{"type":"Feature","geometry":{"type":"Point","coordinates":[-41.331329,-21.738086]},"properties":{"nome":"1894","tipo":"ponto","bairro":"S\u00c3O JOS\u00c9"}},{"type":"Feature","geometry":{"type":"Point","coordinates":[-41.330125,-21.737075]},"properties":{"nome":"1965","tipo":"ponto","bairro":"S\u00c3O JOS\u00c9"}},{"type":"Feature","geometry":{"type":"Point","coordinates":[-41.328711,-21.735889]},"properties":{"nome":"2044","tipo":"ponto","bairro":"S\u00c3O JOS\u00c9"}},{"type":"Feature","geometry":{"type":"Point","coordinates":[-41.326424,-21.733972]},"properties":{"nome":"2163","tipo":"ponto","bairro":"S\u00c3O JOS\u00c9"}},{"type":"Feature","geometry":{"type":"Point","coordinates":[-41.327357,-21.733299]},"properties":{"nome":"2302","tipo":"ponto","bairro":"S\u00c3O JOS\u00c9"}},{"type":"Feature","geometry":{"type":"Point","coordinates":[-41.330864,-21.737222]},"properties":{"nome":"2392","tipo":"ponto","bairro":"S\u00c3O JOS\u00c9"}},{"type":"Feature","geometry":{"type":"Point","coordinates":[-41.331544,-21.736398]},"properties":{"nome":"2452","tipo":"ponto","bairro":"S\u00c3O JOS\u00c9"}},{"type":"Feature","geometry":{"type":"Point","coordinates":[-41.332,-21.737076]},"properties":{"nome":"2512","tipo":"ponto","bairro":"S\u00c3O JOS\u00c9"}},{"type":"Feature","geometry":{"type":"Point","coordinates":[-41.330656,-21.735857]},"properties":{"nome":"2681","tipo":"ponto","bairro":"S\u00c3O JOS\u00c9"}},{"type":"Feature","geometry":{"type":"Point","coordinates":[-41.329655,-21.735056]},"properties":{"nome":"2771","tipo":"ponto","bairro":"S\u00c3O JOS\u00c9"}},{"type":"Feature","geometry":{"type":"Point","coordinates":[-41.324773,-21.732945]},"properties":{"nome":"00514","tipo":"ponto","bairro":"S\u00c3O JOS\u00c9"}},{"type":"Feature","geometry":{"type":"Point","coordinates":[-41.324714,-21.73359]},"properties":{"nome":"01113","tipo":"ponto","bairro":"S\u00c3O JOS\u00c9"}},{"type":"Feature","geometry":{"type":"Point","coordinates":[-41.325839,-21.734277]},"properties":{"nome":"02013","tipo":"ponto","bairro":"S\u00c3O JOS\u00c9"}},{"type":"Feature","geometry":{"type":"Point","coordinates":[-41.325544,-21.735294]},"properties":{"nome":"03212","tipo":"ponto","bairro":"S\u00c3O JOS\u00c9"}},{"type":"Feature","geometry":{"type":"Point","coordinates":[-41.326672,-21.736386]},"properties":{"nome":"03912","tipo":"ponto","bairro":"S\u00c3O JOS\u00c9"}},{"type":"Feature","geometry":{"type":"Point","coordinates":[-41.327481,-21.737081]},"properties":{"nome":"04611","tipo":"ponto","bairro":"S\u00c3O JOS\u00c9"}},{"type":"Feature","geometry":{"type":"Point","coordinates":[-41.328451,-21.737911]},"properties":{"nome":"05111","tipo":"ponto","bairro":"S\u00c3O JOS\u00c9"}},{"type":"Feature","geometry":{"type":"Point","coordinates":[-41.329834,-21.739084]},"properties":{"nome":"05911","tipo":"ponto","bairro":"S\u00c3O JOS\u00c9"}},{"type":"Feature","geometry":{"type":"Point","coordinates":[-41.33323,-21.738126]},"properties":{"nome":"07110","tipo":"ponto","bairro":"S\u00c3O JOS\u00c9"}},{"type":"Feature","geometry":{"type":"Point","coordinates":[-41.333921,-21.738204]},"properties":{"nome":"07510","tipo":"ponto","bairro":"S\u00c3O JOS\u00c9"}},{"type":"Feature","geometry":{"type":"Point","coordinates":[-41.33069,-21.738615]},"properties":{"nome":"0857","tipo":"ponto","bairro":"S\u00c3O JOS\u00c9"}},{"type":"Feature","geometry":{"type":"Point","coordinates":[-41.329252,-21.737406]},"properties":{"nome":"0926","tipo":"ponto","bairro":"S\u00c3O JOS\u00c9"}},{"type":"Feature","geometry":{"type":"Point","coordinates":[-41.327863,-21.736202]},"properties":{"nome":"1005","tipo":"ponto","bairro":"S\u00c3O JOS\u00c9"}},{"type":"Feature","geometry":{"type":"Point","coordinates":[-41.326463,-21.734948]},"properties":{"nome":"1085","tipo":"ponto","bairro":"S\u00c3O JOS\u00c9"}},{"type":"Feature","geometry":{"type":"Point","coordinates":[-41.326546,-21.734808]},"properties":{"nome":"1095","tipo":"ponto","bairro":"S\u00c3O JOS\u00c9"}},{"type":"Feature","geometry":{"type":"Point","coordinates":[-41.327169,-21.735082]},"properties":{"nome":"1185","tipo":"ponto","bairro":"S\u00c3O JOS\u00c9"}},{"type":"Feature","geometry":{"type":"Point","coordinates":[-41.328736,-21.736448]},"properties":{"nome":"1245","tipo":"ponto","bairro":"S\u00c3O JOS\u00c9"}},{"type":"Feature","geometry":{"type":"Point","coordinates":[-41.330278,-21.737765]},"properties":{"nome":"1345","tipo":"ponto","bairro":"S\u00c3O JOS\u00c9"}},{"type":"Feature","geometry":{"type":"Point","coordinates":[-41.323962,-21.731749]},"properties":{"nome":"00215","tipo":"ponto","bairro":"S\u00c3O JOS\u00c9"}},{"type":"Feature","geometry":{"type":"Point","coordinates":[-41.323514,-21.730868]},"properties":{"nome":"00515","tipo":"ponto","bairro":"S\u00c3O JOS\u00c9"}},{"type":"Feature","geometry":{"type":"Point","coordinates":[-41.323295,-21.730181]},"properties":{"nome":"00715","tipo":"ponto","bairro":"S\u00c3O JOS\u00c9"}},{"type":"Feature","geometry":{"type":"Point","coordinates":[-41.323052,-21.729461]},"properties":{"nome":"01014","tipo":"ponto","bairro":"S\u00c3O JOS\u00c9"}},{"type":"Feature","geometry":{"type":"Point","coordinates":[-41.322817,-21.728946]},"properties":{"nome":"01314","tipo":"ponto","bairro":"S\u00c3O JOS\u00c9"}},{"type":"Feature","geometry":{"type":"Point","coordinates":[-41.322448,-21.728056]},"properties":{"nome":"01714","tipo":"ponto","bairro":"S\u00c3O JOS\u00c9"}},{"type":"Feature","geometry":{"type":"Point","coordinates":[-41.322893,-21.727589]},"properties":{"nome":"02314","tipo":"ponto","bairro":"S\u00c3O JOS\u00c9"}},{"type":"Feature","geometry":{"type":"Point","coordinates":[-41.32196,-21.727163]},"properties":{"nome":"02714","tipo":"ponto","bairro":"S\u00c3O JOS\u00c9"}},{"type":"Feature","geometry":{"type":"Point","coordinates":[-41.323676,-21.726749]},"properties":{"nome":"03013","tipo":"ponto","bairro":"S\u00c3O JOS\u00c9"}},{"type":"Feature","geometry":{"type":"Point","coordinates":[-41.323672,-21.726349]},"properties":{"nome":"03213","tipo":"ponto","bairro":"S\u00c3O JOS\u00c9"}},{"type":"Feature","geometry":{"type":"Point","coordinates":[-41.323556,-21.725249]},"properties":{"nome":"03713","tipo":"ponto","bairro":"S\u00c3O JOS\u00c9"}},{"type":"Feature","geometry":{"type":"Point","coordinates":[-41.323318,-21.723415]},"properties":{"nome":"04712","tipo":"ponto","bairro":"S\u00c3O JOS\u00c9"}},{"type":"Feature","geometry":{"type":"Point","coordinates":[-41.323113,-21.721822]},"properties":{"nome":"05512","tipo":"ponto","bairro":"S\u00c3O JOS\u00c9"}},{"type":"Feature","geometry":{"type":"Point","coordinates":[-41.323045,-21.721512]},"properties":{"nome":"05612","tipo":"ponto","bairro":"S\u00c3O JOS\u00c9"}},{"type":"Feature","geometry":{"type":"Point","coordinates":[-41.322941,-21.720084]},"properties":{"nome":"06012","tipo":"ponto","bairro":"S\u00c3O JOS\u00c9"}},{"type":"Feature","geometry":{"type":"Point","coordinates":[-41.322865,-21.719697]},"properties":{"nome":"06112","tipo":"ponto","bairro":"S\u00c3O JOS\u00c9"}},{"type":"Feature","geometry":{"type":"Point","coordinates":[-41.322701,-21.718256]},"properties":{"nome":"06812","tipo":"ponto","bairro":"S\u00c3O JOS\u00c9"}},{"type":"Feature","geometry":{"type":"Point","coordinates":[-41.322619,-21.717575]},"properties":{"nome":"07211","tipo":"ponto","bairro":"S\u00c3O JOS\u00c9"}},{"type":"Feature","geometry":{"type":"Point","coordinates":[-41.325159,-21.725771]},"properties":{"nome":"0799","tipo":"ponto","bairro":"S\u00c3O JOS\u00c9"}},{"type":"Feature","geometry":{"type":"Point","coordinates":[-41.32666,-21.726182]},"properties":{"nome":"0867","tipo":"ponto","bairro":"S\u00c3O JOS\u00c9"}},{"type":"Feature","geometry":{"type":"Point","coordinates":[-41.32582,-21.72682]},"properties":{"nome":"1027","tipo":"ponto","bairro":"S\u00c3O JOS\u00c9"}},{"type":"Feature","geometry":{"type":"Point","coordinates":[-41.328321,-21.726855]},"properties":{"nome":"1136","tipo":"ponto","bairro":"S\u00c3O JOS\u00c9"}},{"type":"Feature","geometry":{"type":"Point","coordinates":[-41.327296,-21.727591]},"properties":{"nome":"1206","tipo":"ponto","bairro":"S\u00c3O JOS\u00c9"}},{"type":"Feature","geometry":{"type":"Point","coordinates":[-41.326428,-21.727934]},"properties":{"nome":"1256","tipo":"ponto","bairro":"S\u00c3O JOS\u00c9"}},{"type":"Feature","geometry":{"type":"Point","coordinates":[-41.326201,-21.727409]},"properties":{"nome":"1356","tipo":"ponto","bairro":"S\u00c3O JOS\u00c9"}},{"type":"Feature","geometry":{"type":"Point","coordinates":[-41.324254,-21.726729]},"properties":{"nome":"1455","tipo":"ponto","bairro":"S\u00c3O JOS\u00c9"}},{"type":"Feature","geometry":{"type":"Point","coordinates":[-41.324818,-21.724969]},"properties":{"nome":"1565","tipo":"ponto","bairro":"S\u00c3O JOS\u00c9"}},{"type":"Feature","geometry":{"type":"Point","coordinates":[-41.324881,-21.724772]},"properties":{"nome":"1586","tipo":"ponto","bairro":"S\u00c3O JOS\u00c9"}},{"type":"Feature","geometry":{"type":"Point","coordinates":[-41.325021,-21.724036]},"properties":{"nome":"1635","tipo":"ponto","bairro":"S\u00c3O JOS\u00c9"}},{"type":"Feature","geometry":{"type":"Point","coordinates":[-41.325305,-21.723306]},"properties":{"nome":"1685","tipo":"ponto","bairro":"S\u00c3O JOS\u00c9"}},{"type":"Feature","geometry":{"type":"Point","coordinates":[-41.325684,-21.722038]},"properties":{"nome":"1815","tipo":"ponto","bairro":"S\u00c3O JOS\u00c9"}},{"type":"Feature","geometry":{"type":"Point","coordinates":[-41.324622,-21.721869]},"properties":{"nome":"2213","tipo":"ponto","bairro":"S\u00c3O JOS\u00c9"}},{"type":"Feature","geometry":{"type":"Point","coordinates":[-41.324613,-21.723276]},"properties":{"nome":"2303","tipo":"ponto","bairro":"S\u00c3O JOS\u00c9"}},{"type":"Feature","geometry":{"type":"Point","coordinates":[-41.324558,-21.724782]},"properties":{"nome":"2373","tipo":"ponto","bairro":"S\u00c3O JOS\u00c9"}},{"type":"Feature","geometry":{"type":"Point","coordinates":[-41.326077,-21.724901]},"properties":{"nome":"2483","tipo":"ponto","bairro":"S\u00c3O JOS\u00c9"}},{"type":"Feature","geometry":{"type":"Point","coordinates":[-41.32677,-21.722616]},"properties":{"nome":"2623","tipo":"ponto","bairro":"S\u00c3O JOS\u00c9"}},{"type":"Feature","geometry":{"type":"Point","coordinates":[-41.327472,-21.722942]},"properties":{"nome":"2852","tipo":"ponto","bairro":"S\u00c3O JOS\u00c9"}},{"type":"Feature","geometry":{"type":"Point","coordinates":[-41.327513,-21.721877]},"properties":{"nome":"2901","tipo":"ponto","bairro":"S\u00c3O JOS\u00c9"}},{"type":"Feature","geometry":{"type":"Point","coordinates":[-41.326415,-21.720659]},"properties":{"nome":"2981","tipo":"ponto","bairro":"S\u00c3O JOS\u00c9"}},{"type":"Feature","geometry":{"type":"Point","coordinates":[-41.325434,-21.720397]},"properties":{"nome":"3011","tipo":"ponto","bairro":"S\u00c3O JOS\u00c9"}},{"type":"Feature","geometry":{"type":"Point","coordinates":[-41.325311,-21.721052]},"properties":{"nome":"3092","tipo":"ponto","bairro":"S\u00c3O JOS\u00c9"}},{"type":"Feature","geometry":{"type":"Point","coordinates":[-41.3262,-21.721297]},"properties":{"nome":"3141","tipo":"ponto","bairro":"S\u00c3O JOS\u00c9"}},{"type":"Feature","geometry":{"type":"Point","coordinates":[-41.326322,-21.722014]},"properties":{"nome":"3221","tipo":"ponto","bairro":"S\u00c3O JOS\u00c9"}},{"type":"Feature","geometry":{"type":"Point","coordinates":[-41.324933,-21.721659]},"properties":{"nome":"327","tipo":"ponto","bairro":"S\u00c3O JOS\u00c9"}},{"type":"Feature","geometry":{"type":"Point","coordinates":[-41.324848,-21.722292]},"properties":{"nome":"342","tipo":"ponto","bairro":"S\u00c3O JOS\u00c9"}},{"type":"Feature","geometry":{"type":"Point","coordinates":[-41.326074,-21.722643]},"properties":{"nome":"352","tipo":"ponto","bairro":"S\u00c3O JOS\u00c9"}},{"type":"Feature","geometry":{"type":"Point","coordinates":[-41.327023,-21.7235]},"properties":{"nome":"357","tipo":"ponto","bairro":"S\u00c3O JOS\u00c9"}},{"type":"Feature","geometry":{"type":"Point","coordinates":[-41.326056,-21.723264]},"properties":{"nome":"361","tipo":"ponto","bairro":"S\u00c3O JOS\u00c9"}},{"type":"Feature","geometry":{"type":"Point","coordinates":[-41.325709,-21.723842]},"properties":{"nome":"373","tipo":"ponto","bairro":"S\u00c3O JOS\u00c9"}},{"type":"Feature","geometry":{"type":"Point","coordinates":[-41.323997,-21.724506]},"properties":{"nome":"402","tipo":"ponto","bairro":"S\u00c3O JOS\u00c9"}},{"type":"Feature","geometry":{"type":"Point","coordinates":[-41.323992,-21.724138]},"properties":{"nome":"405","tipo":"ponto","bairro":"S\u00c3O JOS\u00c9"}},{"type":"Feature","geometry":{"type":"Point","coordinates":[-41.323856,-21.72441]},"properties":{"nome":"413","tipo":"ponto","bairro":"S\u00c3O JOS\u00c9"}},{"type":"Feature","geometry":{"type":"Point","coordinates":[-41.322075,-21.723638]},"properties":{"nome":"438","tipo":"ponto","bairro":"S\u00c3O JOS\u00c9"}},{"type":"Feature","geometry":{"type":"Point","coordinates":[-41.322225,-21.723194]},"properties":{"nome":"459","tipo":"ponto","bairro":"S\u00c3O JOS\u00c9"}},{"type":"Feature","geometry":{"type":"Point","coordinates":[-41.322601,-21.726124]},"properties":{"nome":"472","tipo":"ponto","bairro":"S\u00c3O JOS\u00c9"}},{"type":"Feature","geometry":{"type":"Point","coordinates":[-41.322663,-21.72646]},"properties":{"nome":"474","tipo":"ponto","bairro":"S\u00c3O JOS\u00c9"}},{"type":"Feature","geometry":{"type":"Point","coordinates":[-41.321741,-21.72479]},"properties":{"nome":"478","tipo":"ponto","bairro":"S\u00c3O JOS\u00c9"}},{"type":"Feature","geometry":{"type":"Point","coordinates":[-41.321261,-21.725241]},"properties":{"nome":"487","tipo":"ponto","bairro":"S\u00c3O JOS\u00c9"}},{"type":"Feature","geometry":{"type":"Point","coordinates":[-41.321074,-21.723759]},"properties":{"nome":"495","tipo":"ponto","bairro":"S\u00c3O JOS\u00c9"}},{"type":"Feature","geometry":{"type":"Point","coordinates":[-41.32091,-21.722557]},"properties":{"nome":"502","tipo":"ponto","bairro":"S\u00c3O JOS\u00c9"}},{"type":"Feature","geometry":{"type":"Point","coordinates":[-41.321457,-21.722077]},"properties":{"nome":"505","tipo":"ponto","bairro":"S\u00c3O JOS\u00c9"}},{"type":"Feature","geometry":{"type":"Point","coordinates":[-41.321426,-21.722085]},"properties":{"nome":"506","tipo":"ponto","bairro":"S\u00c3O JOS\u00c9"}},{"type":"Feature","geometry":{"type":"Point","coordinates":[-41.320591,-21.719961]},"properties":{"nome":"516","tipo":"ponto","bairro":"S\u00c3O JOS\u00c9"}},{"type":"Feature","geometry":{"type":"Point","coordinates":[-41.320457,-21.718748]},"properties":{"nome":"522","tipo":"ponto","bairro":"S\u00c3O JOS\u00c9"}},{"type":"Feature","geometry":{"type":"Point","coordinates":[-41.320378,-21.718195]},"properties":{"nome":"524","tipo":"ponto","bairro":"S\u00c3O JOS\u00c9"}},{"type":"Feature","geometry":{"type":"Point","coordinates":[-41.319973,-21.721901]},"properties":{"nome":"534","tipo":"ponto","bairro":"S\u00c3O JOS\u00c9"}},{"type":"Feature","geometry":{"type":"Point","coordinates":[-41.319204,-21.721661]},"properties":{"nome":"538","tipo":"ponto","bairro":"S\u00c3O JOS\u00c9"}},{"type":"Feature","geometry":{"type":"Point","coordinates":[-41.316797,-21.720949]},"properties":{"nome":"550","tipo":"ponto","bairro":"S\u00c3O JOS\u00c9"}},{"type":"Feature","geometry":{"type":"Point","coordinates":[-41.315154,-21.720399]},"properties":{"nome":"561","tipo":"ponto","bairro":"S\u00c3O JOS\u00c9"}},{"type":"Feature","geometry":{"type":"Point","coordinates":[-41.314934,-21.720278]},"properties":{"nome":"563","tipo":"ponto","bairro":"S\u00c3O JOS\u00c9"}},{"type":"Feature","geometry":{"type":"Point","coordinates":[-41.315736,-21.720707]},"properties":{"nome":"575","tipo":"ponto","bairro":"S\u00c3O JOS\u00c9"}},{"type":"Feature","geometry":{"type":"Point","coordinates":[-41.317877,-21.721457]},"properties":{"nome":"580","tipo":"ponto","bairro":"S\u00c3O JOS\u00c9"}},{"type":"Feature","geometry":{"type":"Point","coordinates":[-41.319879,-21.72258]},"properties":{"nome":"592","tipo":"ponto","bairro":"S\u00c3O JOS\u00c9"}},{"type":"Feature","geometry":{"type":"Point","coordinates":[-41.320383,-21.724902]},"properties":{"nome":"606","tipo":"ponto","bairro":"S\u00c3O JOS\u00c9"}},{"type":"Feature","geometry":{"type":"Point","coordinates":[-41.319682,-21.724207]},"properties":{"nome":"610","tipo":"ponto","bairro":"S\u00c3O JOS\u00c9"}},{"type":"Feature","geometry":{"type":"Point","coordinates":[-41.318333,-21.722959]},"properties":{"nome":"618","tipo":"ponto","bairro":"S\u00c3O JOS\u00c9"}},{"type":"Feature","geometry":{"type":"Point","coordinates":[-41.318156,-21.722818]},"properties":{"nome":"619","tipo":"ponto","bairro":"S\u00c3O JOS\u00c9"}},{"type":"Feature","geometry":{"type":"Point","coordinates":[-41.321072,-21.720988]},"properties":{"nome":"682","tipo":"ponto","bairro":"S\u00c3O JOS\u00c9"}},{"type":"Feature","geometry":{"type":"Point","coordinates":[-41.321554,-21.721071]},"properties":{"nome":"685","tipo":"ponto","bairro":"S\u00c3O JOS\u00c9"}},{"type":"Feature","geometry":{"type":"Point","coordinates":[-41.320093,-21.720791]},"properties":{"nome":"690","tipo":"ponto","bairro":"S\u00c3O JOS\u00c9"}},{"type":"Feature","geometry":{"type":"Point","coordinates":[-41.318528,-21.720289]},"properties":{"nome":"698","tipo":"ponto","bairro":"S\u00c3O JOS\u00c9"}},{"type":"Feature","geometry":{"type":"Point","coordinates":[-41.315801,-21.719475]},"properties":{"nome":"711","tipo":"ponto","bairro":"S\u00c3O JOS\u00c9"}},{"type":"Feature","geometry":{"type":"Point","coordinates":[-41.314041,-21.718947]},"properties":{"nome":"721","tipo":"ponto","bairro":"S\u00c3O JOS\u00c9"}},{"type":"Feature","geometry":{"type":"Point","coordinates":[-41.3133,-21.718708]},"properties":{"nome":"725","tipo":"ponto","bairro":"S\u00c3O JOS\u00c9"}},{"type":"Feature","geometry":{"type":"Point","coordinates":[-41.31276,-21.718522]},"properties":{"nome":"728","tipo":"ponto","bairro":"S\u00c3O JOS\u00c9"}},{"type":"Feature","geometry":{"type":"Point","coordinates":[-41.312556,-21.718464]},"properties":{"nome":"729","tipo":"ponto","bairro":"S\u00c3O JOS\u00c9"}},{"type":"Feature","geometry":{"type":"Point","coordinates":[-41.315946,-21.718579]},"properties":{"nome":"739","tipo":"ponto","bairro":"S\u00c3O JOS\u00c9"}},{"type":"Feature","geometry":{"type":"Point","coordinates":[-41.317091,-21.718732]},"properties":{"nome":"747","tipo":"ponto","bairro":"S\u00c3O JOS\u00c9"}},{"type":"Feature","geometry":{"type":"Point","coordinates":[-41.318235,-21.718898]},"properties":{"nome":"758","tipo":"ponto","bairro":"S\u00c3O JOS\u00c9"}},{"type":"Feature","geometry":{"type":"Point","coordinates":[-41.319463,-21.719864]},"properties":{"nome":"769","tipo":"ponto","bairro":"S\u00c3O JOS\u00c9"}},{"type":"Feature","geometry":{"type":"Point","coordinates":[-41.319203,-21.717908]},"properties":{"nome":"778","tipo":"ponto","bairro":"S\u00c3O JOS\u00c9"}},{"type":"Feature","geometry":{"type":"Point","coordinates":[-41.320051,-21.719021]},"properties":{"nome":"794","tipo":"ponto","bairro":"S\u00c3O JOS\u00c9"}},{"type":"Feature","geometry":{"type":"Point","coordinates":[-41.320748,-21.718929]},"properties":{"nome":"798","tipo":"ponto","bairro":"S\u00c3O JOS\u00c9"}},{"type":"Feature","geometry":{"type":"Point","coordinates":[-41.321877,-21.71488]},"properties":{"nome":"00416","tipo":"ponto","bairro":"S\u00c3O JOS\u00c9"}},{"type":"Feature","geometry":{"type":"Point","coordinates":[-41.320084,-21.715898]},"properties":{"nome":"01515","tipo":"ponto","bairro":"S\u00c3O JOS\u00c9"}},{"type":"Feature","geometry":{"type":"Point","coordinates":[-41.319528,-21.716569]},"properties":{"nome":"02515","tipo":"ponto","bairro":"S\u00c3O JOS\u00c9"}},{"type":"Feature","geometry":{"type":"Point","coordinates":[-41.320419,-21.714406]},"properties":{"nome":"03214","tipo":"ponto","bairro":"S\u00c3O JOS\u00c9"}},{"type":"Feature","geometry":{"type":"Point","coordinates":[-41.32091,-21.713121]},"properties":{"nome":"03914","tipo":"ponto","bairro":"S\u00c3O JOS\u00c9"}},{"type":"Feature","geometry":{"type":"Point","coordinates":[-41.322298,-21.712063]},"properties":{"nome":"04813","tipo":"ponto","bairro":"S\u00c3O JOS\u00c9"}},{"type":"Feature","geometry":{"type":"Point","coordinates":[-41.323486,-21.711787]},"properties":{"nome":"06013","tipo":"ponto","bairro":"S\u00c3O JOS\u00c9"}},{"type":"Feature","geometry":{"type":"Point","coordinates":[-41.322644,-21.712646]},"properties":{"nome":"06612","tipo":"ponto","bairro":"S\u00c3O JOS\u00c9"}},{"type":"Feature","geometry":{"type":"Point","coordinates":[-41.322624,-21.715057]},"properties":{"nome":"0898","tipo":"ponto","bairro":"S\u00c3O JOS\u00c9"}},{"type":"Feature","geometry":{"type":"Point","coordinates":[-41.32857,-21.715074]},"properties":{"nome":"1038","tipo":"ponto","bairro":"S\u00c3O JOS\u00c9"}},{"type":"Feature","geometry":{"type":"Point","coordinates":[-41.326994,-21.714844]},"properties":{"nome":"1147","tipo":"ponto","bairro":"S\u00c3O JOS\u00c9"}},{"type":"Feature","geometry":{"type":"Point","coordinates":[-41.325881,-21.715301]},"properties":{"nome":"1318","tipo":"ponto","bairro":"S\u00c3O JOS\u00c9"}},{"type":"Feature","geometry":{"type":"Point","coordinates":[-41.322834,-21.713641]},"properties":{"nome":"1756","tipo":"ponto","bairro":"S\u00c3O JOS\u00c9"}},{"type":"Feature","geometry":{"type":"Point","coordinates":[-41.321377,-21.713349]},"properties":{"nome":"1816","tipo":"ponto","bairro":"S\u00c3O JOS\u00c9"}},{"type":"Feature","geometry":{"type":"Point","coordinates":[-41.321228,-21.716219]},"properties":{"nome":"1986","tipo":"ponto","bairro":"S\u00c3O JOS\u00c9"}},{"type":"Feature","geometry":{"type":"Point","coordinates":[-41.32148,-21.718124]},"properties":{"nome":"2115","tipo":"ponto","bairro":"S\u00c3O JOS\u00c9"}},{"type":"Feature","geometry":{"type":"Point","coordinates":[-41.321694,-21.719893]},"properties":{"nome":"2244","tipo":"ponto","bairro":"S\u00c3O JOS\u00c9"}},{"type":"Feature","geometry":{"type":"Point","coordinates":[-41.323426,-21.718668]},"properties":{"nome":"2434","tipo":"ponto","bairro":"S\u00c3O JOS\u00c9"}},{"type":"Feature","geometry":{"type":"Point","coordinates":[-41.32379,-21.718237]},"properties":{"nome":"2514","tipo":"ponto","bairro":"S\u00c3O JOS\u00c9"}},{"type":"Feature","geometry":{"type":"Point","coordinates":[-41.323653,-21.717028]},"properties":{"nome":"2604","tipo":"ponto","bairro":"S\u00c3O JOS\u00c9"}},{"type":"Feature","geometry":{"type":"Point","coordinates":[-41.324819,-21.717493]},"properties":{"nome":"2673","tipo":"ponto","bairro":"S\u00c3O JOS\u00c9"}},{"type":"Feature","geometry":{"type":"Point","coordinates":[-41.325867,-21.717012]},"properties":{"nome":"2733","tipo":"ponto","bairro":"S\u00c3O JOS\u00c9"}},{"type":"Feature","geometry":{"type":"Point","coordinates":[-41.325845,-21.716779]},"properties":{"nome":"2743","tipo":"ponto","bairro":"S\u00c3O JOS\u00c9"}},{"type":"Feature","geometry":{"type":"Point","coordinates":[-41.325498,-21.718466]},"properties":{"nome":"01016","tipo":"ponto","bairro":"S\u00c3O JOS\u00c9"}},{"type":"Feature","geometry":{"type":"Point","coordinates":[-41.327696,-21.717071]},"properties":{"nome":"02116","tipo":"ponto","bairro":"S\u00c3O JOS\u00c9"}},{"type":"Feature","geometry":{"type":"Point","coordinates":[-41.328925,-21.715789]},"properties":{"nome":"02916","tipo":"ponto","bairro":"S\u00c3O JOS\u00c9"}},{"type":"Feature","geometry":{"type":"Point","coordinates":[-41.329434,-21.716859]},"properties":{"nome":"03415","tipo":"ponto","bairro":"S\u00c3O JOS\u00c9"}},{"type":"Feature","geometry":{"type":"Point","coordinates":[-41.328431,-21.717911]},"properties":{"nome":"04314","tipo":"ponto","bairro":"S\u00c3O JOS\u00c9"}},{"type":"Feature","geometry":{"type":"Point","coordinates":[-41.327766,-21.718828]},"properties":{"nome":"05514","tipo":"ponto","bairro":"S\u00c3O JOS\u00c9"}},{"type":"Feature","geometry":{"type":"Point","coordinates":[-41.329549,-21.718256]},"properties":{"nome":"06613","tipo":"ponto","bairro":"S\u00c3O JOS\u00c9"}},{"type":"Feature","geometry":{"type":"Point","coordinates":[-41.330115,-21.71762]},"properties":{"nome":"07013","tipo":"ponto","bairro":"S\u00c3O JOS\u00c9"}},{"type":"Feature","geometry":{"type":"Point","coordinates":[-41.331088,-21.717904]},"properties":{"nome":"08510","tipo":"ponto","bairro":"S\u00c3O JOS\u00c9"}},{"type":"Feature","geometry":{"type":"Point","coordinates":[-41.33018,-21.718586]},"properties":{"nome":"0899","tipo":"ponto","bairro":"S\u00c3O JOS\u00c9"}},{"type":"Feature","geometry":{"type":"Point","coordinates":[-41.327444,-21.720596]},"properties":{"nome":"0998","tipo":"ponto","bairro":"S\u00c3O JOS\u00c9"}},{"type":"Feature","geometry":{"type":"Point","coordinates":[-41.327335,-21.719487]},"properties":{"nome":"1029","tipo":"ponto","bairro":"S\u00c3O JOS\u00c9"}},{"type":"Feature","geometry":{"type":"Point","coordinates":[-41.326337,-21.719762]},"properties":{"nome":"1158","tipo":"ponto","bairro":"S\u00c3O JOS\u00c9"}},{"type":"Feature","geometry":{"type":"Point","coordinates":[-41.324987,-21.719386]},"properties":{"nome":"1208","tipo":"ponto","bairro":"S\u00c3O JOS\u00c9"}},{"type":"Feature","geometry":{"type":"Point","coordinates":[-41.323504,-21.720044]},"properties":{"nome":"1268","tipo":"ponto","bairro":"S\u00c3O JOS\u00c9"}},{"type":"Feature","geometry":{"type":"Point","coordinates":[-41.325493,-21.717932]},"properties":{"nome":"1407","tipo":"ponto","bairro":"S\u00c3O JOS\u00c9"}},{"type":"Feature","geometry":{"type":"Point","coordinates":[-41.325896,-21.717528]},"properties":{"nome":"1427","tipo":"ponto","bairro":"S\u00c3O JOS\u00c9"}},{"type":"Feature","geometry":{"type":"Point","coordinates":[-41.328295,-21.715668]},"properties":{"nome":"1548","tipo":"ponto","bairro":"S\u00c3O JOS\u00c9"}},{"type":"Feature","geometry":{"type":"Point","coordinates":[-41.32542,-21.716192]},"properties":{"nome":"1637","tipo":"ponto","bairro":"S\u00c3O JOS\u00c9"}},{"type":"Feature","geometry":{"type":"Point","coordinates":[-41.322275,-21.716742]},"properties":{"nome":"1747","tipo":"ponto","bairro":"S\u00c3O JOS\u00c9"}},{"type":"Feature","geometry":{"type":"Point","coordinates":[-41.31996,-21.717156]},"properties":{"nome":"1827","tipo":"ponto","bairro":"S\u00c3O JOS\u00c9"}},{"type":"Feature","geometry":{"type":"Point","coordinates":[-41.316265,-21.717824]},"properties":{"nome":"1968","tipo":"ponto","bairro":"S\u00c3O JOS\u00c9"}},{"type":"Feature","geometry":{"type":"Point","coordinates":[-41.314037,-21.718198]},"properties":{"nome":"2047","tipo":"ponto","bairro":"S\u00c3O JOS\u00c9"}},{"type":"Feature","geometry":{"type":"Point","coordinates":[-41.313047,-21.718168]},"properties":{"nome":"2126","tipo":"ponto","bairro":"S\u00c3O JOS\u00c9"}},{"type":"Feature","geometry":{"type":"Point","coordinates":[-41.314254,-21.718031]},"properties":{"nome":"2176","tipo":"ponto","bairro":"S\u00c3O JOS\u00c9"}},{"type":"Feature","geometry":{"type":"Point","coordinates":[-41.316901,-21.717492]},"properties":{"nome":"2295","tipo":"ponto","bairro":"S\u00c3O JOS\u00c9"}},{"type":"Feature","geometry":{"type":"Point","coordinates":[-41.321693,-21.716686]},"properties":{"nome":"2465","tipo":"ponto","bairro":"S\u00c3O JOS\u00c9"}},{"type":"Feature","geometry":{"type":"Point","coordinates":[-41.323951,-21.71629]},"properties":{"nome":"2545","tipo":"ponto","bairro":"S\u00c3O JOS\u00c9"}},{"type":"Feature","geometry":{"type":"Point","coordinates":[-41.325823,-21.715966]},"properties":{"nome":"2615","tipo":"ponto","bairro":"S\u00c3O JOS\u00c9"}},{"type":"Feature","geometry":{"type":"Point","coordinates":[-41.32867,-21.715456]},"properties":{"nome":"2734","tipo":"ponto","bairro":"S\u00c3O JOS\u00c9"}},{"type":"Feature","geometry":{"type":"Point","coordinates":[-41.312612,-21.717868]},"properties":{"nome":"00618","tipo":"ponto","bairro":"S\u00c3O JOS\u00c9"}},{"type":"Feature","geometry":{"type":"Point","coordinates":[-41.313811,-21.717376]},"properties":{"nome":"01017","tipo":"ponto","bairro":"S\u00c3O JOS\u00c9"}},{"type":"Feature","geometry":{"type":"Point","coordinates":[-41.316493,-21.716644]},"properties":{"nome":"02117","tipo":"ponto","bairro":"S\u00c3O JOS\u00c9"}},{"type":"Feature","geometry":{"type":"Point","coordinates":[-41.316539,-21.715507]},"properties":{"nome":"04116","tipo":"ponto","bairro":"S\u00c3O JOS\u00c9"}},{"type":"Feature","geometry":{"type":"Point","coordinates":[-41.315783,-21.715827]},"properties":{"nome":"05115","tipo":"ponto","bairro":"S\u00c3O JOS\u00c9"}},{"type":"Feature","geometry":{"type":"Point","coordinates":[-41.313515,-21.716755]},"properties":{"nome":"06215","tipo":"ponto","bairro":"S\u00c3O JOS\u00c9"}},{"type":"Feature","geometry":{"type":"Point","coordinates":[-41.311643,-21.717721]},"properties":{"nome":"06914","tipo":"ponto","bairro":"S\u00c3O JOS\u00c9"}},{"type":"Feature","geometry":{"type":"Point","coordinates":[-41.314763,-21.717634]},"properties":{"nome":"09510","tipo":"ponto","bairro":"S\u00c3O JOS\u00c9"}},{"type":"Feature","geometry":{"type":"Point","coordinates":[-41.31475,-21.717751]},"properties":{"nome":"09610","tipo":"ponto","bairro":"S\u00c3O JOS\u00c9"}},{"type":"Feature","geometry":{"type":"Point","coordinates":[-41.314926,-21.715082]},"properties":{"nome":"1079","tipo":"ponto","bairro":"S\u00c3O JOS\u00c9"}},{"type":"Feature","geometry":{"type":"Point","coordinates":[-41.314635,-21.714827]},"properties":{"nome":"1089","tipo":"ponto","bairro":"S\u00c3O JOS\u00c9"}},{"type":"Feature","geometry":{"type":"Point","coordinates":[-41.313365,-21.715083]},"properties":{"nome":"1189","tipo":"ponto","bairro":"S\u00c3O JOS\u00c9"}},{"type":"Feature","geometry":{"type":"Point","coordinates":[-41.312285,-21.715554]},"properties":{"nome":"1239","tipo":"ponto","bairro":"S\u00c3O JOS\u00c9"}},{"type":"Feature","geometry":{"type":"Point","coordinates":[-41.310985,-21.716709]},"properties":{"nome":"1359","tipo":"ponto","bairro":"S\u00c3O JOS\u00c9"}},{"type":"Feature","geometry":{"type":"Point","coordinates":[-41.311102,-21.716794]},"properties":{"nome":"1369","tipo":"ponto","bairro":"S\u00c3O JOS\u00c9"}},{"type":"Feature","geometry":{"type":"Point","coordinates":[-41.312998,-21.716082]},"properties":{"nome":"1458","tipo":"ponto","bairro":"S\u00c3O JOS\u00c9"}},{"type":"Feature","geometry":{"type":"Point","coordinates":[-41.310949,-21.715717]},"properties":{"nome":"1589","tipo":"ponto","bairro":"S\u00c3O JOS\u00c9"}},{"type":"Feature","geometry":{"type":"Point","coordinates":[-41.310534,-21.71485]},"properties":{"nome":"1628","tipo":"ponto","bairro":"S\u00c3O JOS\u00c9"}},{"type":"Feature","geometry":{"type":"Point","coordinates":[-41.308956,-21.714064]},"properties":{"nome":"1678","tipo":"ponto","bairro":"S\u00c3O JOS\u00c9"}},{"type":"Feature","geometry":{"type":"Point","coordinates":[-41.309622,-21.715417]},"properties":{"nome":"1738","tipo":"ponto","bairro":"S\u00c3O JOS\u00c9"}},{"type":"Feature","geometry":{"type":"Point","coordinates":[-41.348635,-21.723674]},"properties":{"nome":"01453","tipo":"ponto","bairro":"S\u00c3O JOS\u00c9"}},{"type":"Feature","geometry":{"type":"Point","coordinates":[-41.343927,-21.721994]},"properties":{"nome":"02851","tipo":"ponto","bairro":"S\u00c3O JOS\u00c9"}},{"type":"Feature","geometry":{"type":"Point","coordinates":[-41.343481,-21.721933]},"properties":{"nome":"02950","tipo":"ponto","bairro":"S\u00c3O JOS\u00c9"}},{"type":"Feature","geometry":{"type":"Point","coordinates":[-41.339775,-21.722225]},"properties":{"nome":"03849","tipo":"ponto","bairro":"S\u00c3O JOS\u00c9"}},{"type":"Feature","geometry":{"type":"Point","coordinates":[-41.33942,-21.722472]},"properties":{"nome":"04049","tipo":"ponto","bairro":"S\u00c3O JOS\u00c9"}},{"type":"Feature","geometry":{"type":"Point","coordinates":[-41.346349,-21.729237]},"properties":{"nome":"04249","tipo":"ponto","bairro":"S\u00c3O JOS\u00c9"}},{"type":"Feature","geometry":{"type":"Point","coordinates":[-41.346237,-21.729461]},"properties":{"nome":"04649","tipo":"ponto","bairro":"S\u00c3O JOS\u00c9"}},{"type":"Feature","geometry":{"type":"Point","coordinates":[-41.344921,-21.731731]},"properties":{"nome":"05449","tipo":"ponto","bairro":"S\u00c3O JOS\u00c9"}},{"type":"Feature","geometry":{"type":"Point","coordinates":[-41.344611,-21.732255]},"properties":{"nome":"05649","tipo":"ponto","bairro":"S\u00c3O JOS\u00c9"}},{"type":"Feature","geometry":{"type":"Point","coordinates":[-41.34359,-21.733933]},"properties":{"nome":"06348","tipo":"ponto","bairro":"S\u00c3O JOS\u00c9"}},{"type":"Feature","geometry":{"type":"Point","coordinates":[-41.343119,-21.734511]},"properties":{"nome":"06648","tipo":"ponto","bairro":"S\u00c3O JOS\u00c9"}},{"type":"Feature","geometry":{"type":"Point","coordinates":[-41.342592,-21.735154]},"properties":{"nome":"06948","tipo":"ponto","bairro":"S\u00c3O JOS\u00c9"}},{"type":"Feature","geometry":{"type":"Point","coordinates":[-41.341457,-21.73657]},"properties":{"nome":"07847","tipo":"ponto","bairro":"S\u00c3O JOS\u00c9"}},{"type":"Feature","geometry":{"type":"Point","coordinates":[-41.338833,-21.737446]},"properties":{"nome":"08545","tipo":"ponto","bairro":"S\u00c3O JOS\u00c9"}},{"type":"Feature","geometry":{"type":"Point","coordinates":[-41.334539,-21.738088]},"properties":{"nome":"09344","tipo":"ponto","bairro":"S\u00c3O JOS\u00c9"}},{"type":"Feature","geometry":{"type":"Point","coordinates":[-41.33393,-21.738175]},"properties":{"nome":"09744","tipo":"ponto","bairro":"S\u00c3O JOS\u00c9"}},{"type":"Feature","geometry":{"type":"Point","coordinates":[-41.333231,-21.73814]},"properties":{"nome":"10147","tipo":"ponto","bairro":"S\u00c3O JOS\u00c9"}},{"type":"Feature","geometry":{"type":"Point","coordinates":[-41.342529,-21.728952]},"properties":{"nome":"11543","tipo":"ponto","bairro":"S\u00c3O JOS\u00c9"}},{"type":"Feature","geometry":{"type":"Point","coordinates":[-41.343704,-21.728883]},"properties":{"nome":"12642","tipo":"ponto","bairro":"S\u00c3O JOS\u00c9"}},{"type":"Feature","geometry":{"type":"Point","coordinates":[-41.342708,-21.728616]},"properties":{"nome":"13143","tipo":"ponto","bairro":"S\u00c3O JOS\u00c9"}},{"type":"Feature","geometry":{"type":"Point","coordinates":[-41.342835,-21.728254]},"properties":{"nome":"13942","tipo":"ponto","bairro":"S\u00c3O JOS\u00c9"}},{"type":"Feature","geometry":{"type":"Point","coordinates":[-41.341327,-21.727992]},"properties":{"nome":"15641","tipo":"ponto","bairro":"S\u00c3O JOS\u00c9"}},{"type":"Feature","geometry":{"type":"Point","coordinates":[-41.342113,-21.726481]},"properties":{"nome":"16339","tipo":"ponto","bairro":"S\u00c3O JOS\u00c9"}},{"type":"Feature","geometry":{"type":"Point","coordinates":[-41.34278,-21.727782]},"properties":{"nome":"17039","tipo":"ponto","bairro":"S\u00c3O JOS\u00c9"}},{"type":"Feature","geometry":{"type":"Point","coordinates":[-41.344583,-21.728579]},"properties":{"nome":"18337","tipo":"ponto","bairro":"S\u00c3O JOS\u00c9"}},{"type":"Feature","geometry":{"type":"Point","coordinates":[-41.342955,-21.727434]},"properties":{"nome":"19834","tipo":"ponto","bairro":"S\u00c3O JOS\u00c9"}},{"type":"Feature","geometry":{"type":"Point","coordinates":[-41.345331,-21.728481]},"properties":{"nome":"20826","tipo":"ponto","bairro":"S\u00c3O JOS\u00c9"}},{"type":"Feature","geometry":{"type":"Point","coordinates":[-41.345514,-21.728149]},"properties":{"nome":"21724","tipo":"ponto","bairro":"S\u00c3O JOS\u00c9"}},{"type":"Feature","geometry":{"type":"Point","coordinates":[-41.343146,-21.727102]},"properties":{"nome":"23320","tipo":"ponto","bairro":"S\u00c3O JOS\u00c9"}},{"type":"Feature","geometry":{"type":"Point","coordinates":[-41.345655,-21.727793]},"properties":{"nome":"25017","tipo":"ponto","bairro":"S\u00c3O JOS\u00c9"}},{"type":"Feature","geometry":{"type":"Point","coordinates":[-41.346684,-21.728728]},"properties":{"nome":"26417","tipo":"ponto","bairro":"S\u00c3O JOS\u00c9"}},{"type":"Feature","geometry":{"type":"Point","coordinates":[-41.347067,-21.727578]},"properties":{"nome":"27115","tipo":"ponto","bairro":"S\u00c3O JOS\u00c9"}},{"type":"Feature","geometry":{"type":"Point","coordinates":[-41.347267,-21.727235]},"properties":{"nome":"27215","tipo":"ponto","bairro":"S\u00c3O JOS\u00c9"}}]}