{"type": "FeatureCollection", "features": [{"type": "Feature", "properties": {"tipo": "cabo", "nome": "157M - 6F", "comprimento": "", "descricao": "157M - 6F"}, "geometry": {"type": "LineString", "coordinates": [[-41.299339587379, -21.680505550198006], [-41.299576930335, -21.680484642223007], [-41.29952872642199, -21.679986969496994], [-41.299364643536, -21.680018999111], [-41.298791431903005, -21.680063571801014]]}}, {"type": "Feature", "properties": {"tipo": "cabo", "nome": "152M - 6F", "comprimento": "", "descricao": "152M - 6F"}, "geometry": {"type": "LineString", "coordinates": [[-41.300763655714, -21.683597995017976], [-41.300162398165, -21.683650678302996], [-41.299303493905995, -21.683717706398994]]}}, {"type": "Feature", "properties": {"tipo": "cabo", "nome": "158M - 6F", "comprimento": "", "descricao": "158M - 6F"}, "geometry": {"type": "LineString", "coordinates": [[-41.300692601977, -21.683097489562], [-41.30005301018901, -21.683154567226012], [-41.299167978185, -21.683228136346003]]}}, {"type": "Feature", "properties": {"tipo": "cabo", "nome": "268M - 6F", "comprimento": "", "descricao": "268M - 6F"}, "geometry": {"type": "LineString", "coordinates": [[-41.299143961677, -21.682753444458996], [-41.30000154308199, -21.682677642714992], [-41.30059088585201, -21.682623582279007], [-41.30066226641199, -21.682621414159016], [-41.300833939039, -21.682632948817997], [-41.30102361541401, -21.683125010834004], [-41.300775930123, -21.683089641565005], [-41.300698450394, -21.683097123832994]]}}, {"type": "Feature", "properties": {"tipo": "cabo", "nome": "182M - 12F", "comprimento": "", "descricao": "182M - 12F"}, "geometry": {"type": "LineString", "coordinates": [[-41.30070237961599, -21.683104011865993], [-41.301566219044, -21.68303471739], [-41.302449681484, -21.682954623285994]]}}, {"type": "Feature", "properties": {"tipo": "cabo", "nome": "237M - 6F", "comprimento": "", "descricao": "237M - 6F"}, "geometry": {"type": "LineString", "coordinates": [[-41.298882677386, -21.68093628278102], [-41.299455544749, -21.680890916365], [-41.29962305317, -21.681003629478], [-41.299574284758, -21.680491971004002], [-41.299333804767, -21.680506810355013], [-41.298618813516, -21.680566308910002]]}}, {"type": "Feature", "properties": {"tipo": "cabo", "nome": "253M - 6F", "comprimento": "", "descricao": "253M - 6F"}, "geometry": {"type": "LineString", "coordinates": [[-41.300842205062, -21.681628315170002], [-41.300440605571005, -21.681664396073018], [-41.300586266913, -21.68201485377], [-41.30066582264799, -21.682129227426003], [-41.300045848112, -21.682176112964996], [-41.29919413620001, -21.682253528100006]]}}, {"type": "Feature", "properties": {"tipo": "cabo", "nome": "149M - 12F", "comprimento": "", "descricao": "149M - 12F"}, "geometry": {"type": "LineString", "coordinates": [[-41.3022759966, -21.681509921868013], [-41.30205335587501, -21.68152974207102], [-41.301379063792, -21.681589769729996], [-41.300845380777, -21.681624837337992]]}}, {"type": "Feature", "properties": {"tipo": "cabo", "nome": "195M - 6F", "comprimento": "", "descricao": "195M - 6F"}, "geometry": {"type": "LineString", "coordinates": [[-41.300842944371, -21.681617605107007], [-41.29988080024, -21.681700000302], [-41.298968242018006, -21.681779678411004]]}}, {"type": "Feature", "properties": {"tipo": "cabo", "nome": "DROP-F8-R3 3", "comprimento": "", "descricao": "DROP-F8-R3 3"}, "geometry": {"type": "LineString", "coordinates": [[-41.2977601567, -21.685911613800002], [-41.297191263935, -21.685907191753003], [-41.297059450235, -21.684455187807004], [-41.29696302115501, -21.68435655204], [-41.296507045622, -21.684397336763993], [-41.2965049477, -21.68360510779999], [-41.2963879915, -21.682095275600005], [-41.2962606923, -21.680606375600007]]}}, {"type": "Feature", "properties": {"tipo": "cabo", "nome": "DROP-F8-R1 9", "comprimento": "", "descricao": "DROP-F8-R1 9"}, "geometry": {"type": "LineString", "coordinates": [[-41.297768503645, -21.68596021559098], [-41.297625070027, -21.68376726278599], [-41.2976098239, -21.683534163199994], [-41.29750045889999, -21.681975180600006], [-41.29738127910001, -21.680557931400003]]}}, {"type": "Feature", "properties": {"tipo": "cabo", "nome": "270M - 6F", "comprimento": "", "descricao": "270M - 6F"}, "geometry": {"type": "LineString", "coordinates": [[-41.300767849795, -21.683591900734996], [-41.301060742946, -21.68357247495402], [-41.30120489217, -21.683599883412], [-41.301343284659, -21.683907707498008], [-41.301388030743, -21.68394441631], [-41.301093506403994, -21.683956561608], [-41.299640025936, -21.684079374964]]}}, {"type": "Feature", "properties": {"tipo": "cabo", "nome": "DROP-F8-R4 3", "comprimento": "", "descricao": "DROP-F8-R4 3"}, "geometry": {"type": "LineString", "coordinates": [[-41.2977601567, -21.685911613800002], [-41.298342727602, -21.68587060397701], [-41.298281639342, -21.684991907790007], [-41.298160355600004, -21.683523726200008], [-41.298024694, -21.68195682039999], [-41.29792215460001, -21.680467659599998]]}}, {"type": "Feature", "properties": {"tipo": "cabo", "nome": "DROP-F8-R3 4", "comprimento": "", "descricao": "DROP-F8-R3 4"}, "geometry": {"type": "LineString", "coordinates": [[-41.2977601567, -21.685911613800002], [-41.297178201518996, -21.685939918309003], [-41.297031295521, -21.684453982134997], [-41.29694407664, -21.684384722104994], [-41.296502731294, -21.684425506821], [-41.29666633481501, -21.686641693509998], [-41.296846064396, -21.688236519898]]}}, {"type": "Feature", "properties": {"tipo": "cabo", "nome": "DROP-F8-R1 8", "comprimento": "", "descricao": "DROP-F8-R1 8"}, "geometry": {"type": "LineString", "coordinates": [[-41.29802582200001, -21.688179233200003], [-41.29813104950001, -21.689398470100002]]}}, {"type": "Feature", "properties": {"tipo": "cabo", "nome": "DROP-F8-R2 6", "comprimento": "", "descricao": "DROP-F8-R2 6"}, "geometry": {"type": "LineString", "coordinates": [[-41.2977601567, -21.685911613800002], [-41.297181092823, -21.68597571133199], [-41.297244405075, -21.686759485863007], [-41.29735016448299, -21.688170355504], [-41.297356427381, -21.68822670662101], [-41.297479419097, -21.68933333364501]]}}, {"type": "Feature", "properties": {"tipo": "cabo", "nome": "DROP-F8-R1 7", "comprimento": "", "descricao": "DROP-F8-R1 7"}, "geometry": {"type": "LineString", "coordinates": [[-41.2977601567, -21.685911613800002], [-41.297878693289995, -21.686601815762003], [-41.297889364061, -21.686716221339992], [-41.29802582200001, -21.688179233200003]]}}, {"type": "Feature", "properties": {"tipo": "cabo", "nome": "376M - 6F", "comprimento": "", "descricao": "376M - 6F"}, "geometry": {"type": "LineString", "coordinates": [[-41.30087258034699, -21.682122588528003], [-41.3044922735, -21.681796550027983]]}}, {"type": "Feature", "properties": {"tipo": "cabo", "nome": "90M - 6F", "comprimento": "", "descricao": "90M - 6F"}, "geometry": {"type": "LineString", "coordinates": [[-41.305562596308, -21.68169310291701], [-41.304700954698, -21.681773328475003]]}}, {"type": "Feature", "properties": {"tipo": "cabo", "nome": "12F", "comprimento": "", "descricao": "12F"}, "geometry": {"type": "LineString", "coordinates": [[-41.304453054682995, -21.681788798601005], [-41.304413112196, -21.681348835677], [-41.304442903162, -21.68128326649], [-41.304642156627, -21.681261813218], [-41.30443480375, -21.681278485564007], [-41.30439676432099, -21.681062367294004], [-41.304390514807004, -21.680815580225016], [-41.303566941432, -21.680888841263], [-41.303264311213, -21.68091576175]]}}, {"type": "Feature", "properties": {"tipo": "cabo", "nome": "06F", "comprimento": "", "descricao": "06F"}, "geometry": {"type": "LineString", "coordinates": [[-41.305509733653, -21.681198409123994], [-41.305957304554, -21.68122041073802], [-41.305987274055006, -21.681632594412008], [-41.305561625706005, -21.681687948770005], [-41.307196896364, -21.681536307139993]]}}, {"type": "Feature", "properties": {"tipo": "cabo", "nome": "246M - 6F", "comprimento": "", "descricao": "246M - 6F"}, "geometry": {"type": "LineString", "coordinates": [[-41.304642293974, -21.681273806695003], [-41.3022759966, -21.681509921868013]]}}, {"type": "Feature", "properties": {"tipo": "cabo", "nome": "574M - 12F", "comprimento": "", "descricao": "574M - 12F"}, "geometry": {"type": "LineString", "coordinates": [[-41.303278829094, -21.680916489693004], [-41.299211589633, -21.681279893766998], [-41.299645749658, -21.681230848905997], [-41.299622754624, -21.680995468296004], [-41.29945197002499, -21.680907213119], [-41.298880819779, -21.680947514069018]]}}, {"type": "Feature", "properties": {"tipo": "cabo", "nome": "06F", "comprimento": "", "descricao": "06F"}, "geometry": {"type": "LineString", "coordinates": [[-41.304642156627, -21.681261813218], [-41.307137029185, -21.681046942303993]]}}, {"type": "Feature", "properties": {"tipo": "cabo", "nome": "06F", "comprimento": "", "descricao": "06F"}, "geometry": {"type": "LineString", "coordinates": [[-41.30437858973, -21.68082755587301], [-41.306879902604, -21.68059972786702]]}}, {"type": "Feature", "properties": {"tipo": "cabo", "nome": "260M - 12F", "comprimento": "", "descricao": "260M - 12F"}, "geometry": {"type": "LineString", "coordinates": [[-41.303263449087, -21.683361833422993], [-41.302097448244, -21.683463195760993], [-41.30076865836, -21.68358352117302]]}}, {"type": "Feature", "properties": {"tipo": "cabo", "nome": "251M - 6F", "comprimento": "", "descricao": "251M - 6F"}, "geometry": {"type": "LineString", "coordinates": [[-41.30486354787799, -21.682756996988985], [-41.30391878679401, -21.682827906363002], [-41.303273766284, -21.682885099173006], [-41.30244521158401, -21.682962492469997]]}}, {"type": "Feature", "properties": {"tipo": "cabo", "nome": "116M - 6F", "comprimento": "", "descricao": "116M - 6F"}, "geometry": {"type": "LineString", "coordinates": [[-41.303273766284, -21.682885099173006], [-41.302938147908, -21.682920684194997], [-41.302967054602, -21.683227474483004], [-41.302987744255, -21.683385889969998], [-41.303269415304996, -21.683376585554996]]}}, {"type": "Feature", "properties": {"tipo": "cabo", "nome": "06F", "comprimento": "", "descricao": "06F"}, "geometry": {"type": "LineString", "coordinates": [[-41.305767018916, -21.682644302461995], [-41.307512373289, -21.682482914362993]]}}, {"type": "Feature", "properties": {"tipo": "cabo", "nome": "268M - 06F", "comprimento": "", "descricao": "268M - 06F"}, "geometry": {"type": "LineString", "coordinates": [[-41.303960569568005, -21.682342488738996], [-41.302923520280004, -21.682431617996002], [-41.30137899384099, -21.682553595811]]}}, {"type": "Feature", "properties": {"tipo": "cabo", "nome": "06F", "comprimento": "", "descricao": "06F"}, "geometry": {"type": "LineString", "coordinates": [[-41.308790952787, -21.682378512436003], [-41.307806418808, -21.682464131323], [-41.307770543389, -21.682044851895], [-41.307535963025, -21.682021852624004]]}}, {"type": "Feature", "properties": {"tipo": "cabo", "nome": "127M - 12F", "comprimento": "", "descricao": "127M - 12F"}, "geometry": {"type": "LineString", "coordinates": [[-41.30310120138, -21.681921848876], [-41.30285068734, -21.681966596399022], [-41.302881064603, -21.68231848477798], [-41.302945828951, -21.682418317813003], [-41.303130110146, -21.682403694947]]}}, {"type": "Feature", "properties": {"tipo": "cabo", "nome": "06F", "comprimento": "", "descricao": "06F"}, "geometry": {"type": "LineString", "coordinates": [[-41.304571148737, -21.682290506889004], [-41.308386146842, -21.681955363430006]]}}, {"type": "Feature", "properties": {"tipo": "cabo", "nome": "DROP-F8-R3 69", "comprimento": "", "descricao": "DROP-F8-R3 69"}, "geometry": {"type": "LineString", "coordinates": [[-41.308080379172, -21.695494907975004], [-41.308171706447, -21.696671837639002], [-41.30905679536699, -21.696632157065025]]}}, {"type": "Feature", "properties": {"tipo": "cabo", "nome": "186M - 6F", "comprimento": "", "descricao": "186M - 6F"}, "geometry": {"type": "LineString", "coordinates": [[-41.303577313131, -21.683746650866013], [-41.303050288914, -21.683788983995996], [-41.303004797218, -21.68374922424401], [-41.302982835897, -21.683428506607996], [-41.303003925315004, -21.683393201802005], [-41.303264756566, -21.683380662524996], [-41.303822131806, -21.68333375910001]]}}, {"type": "Feature", "properties": {"tipo": "cabo", "nome": "DROP-F8-R3 68", "comprimento": "", "descricao": "DROP-F8-R3 68"}, "geometry": {"type": "LineString", "coordinates": [[-41.308080379172, -21.695494907975004], [-41.30813034553599, -21.695971247291], [-41.3090025705, -21.695923240200003]]}}, {"type": "Feature", "properties": {"tipo": "cabo", "nome": "DROP-F8-R1 101", "comprimento": "", "descricao": "DROP-F8-R1 101"}, "geometry": {"type": "LineString", "coordinates": [[-41.308080379172, -21.695494907975004], [-41.30806818726699, -21.694817479546998], [-41.30815109182101, -21.694733650416993], [-41.309009398705, -21.694690602972997]]}}, {"type": "Feature", "properties": {"tipo": "cabo", "nome": "DROP-F8-R1 100", "comprimento": "", "descricao": "DROP-F8-R1 100"}, "geometry": {"type": "LineString", "coordinates": [[-41.308080379172, -21.695494907975004], [-41.308011927879, -21.695334123118002], [-41.306602540325, -21.695398711682998], [-41.305383743468, -21.695476802875987]]}}, {"type": "Feature", "properties": {"tipo": "cabo", "nome": "DROP-F8-R6 16", "comprimento": "", "descricao": "DROP-F8-R6 16"}, "geometry": {"type": "LineString", "coordinates": [[-41.308930700733, -21.695286591848003], [-41.308132692289, -21.695321519885994], [-41.308080379172, -21.695494907975004]]}}, {"type": "Feature", "properties": {"tipo": "cabo", "nome": "DROP-F8-R1 102", "comprimento": "", "descricao": "DROP-F8-R1 102"}, "geometry": {"type": "LineString", "coordinates": [[-41.308080379172, -21.695494907975004], [-41.30804136517699, -21.694788026097996], [-41.308119393001995, -21.694742713023004], [-41.30538987405699, -21.694890464048]]}}, {"type": "Feature", "properties": {"tipo": "cabo", "nome": "DROP-F8-R2 70", "comprimento": "", "descricao": "DROP-F8-R2 70"}, "geometry": {"type": "LineString", "coordinates": [[-41.308080379172, -21.695494907975004], [-41.308059263946994, -21.695994686695002], [-41.305616607799, -21.696112540471006]]}}, {"type": "Feature", "properties": {"tipo": "cabo", "nome": "DROP-F8-R3 51", "comprimento": "", "descricao": "DROP-F8-R3 51"}, "geometry": {"type": "LineString", "coordinates": [[-41.312397880568, -21.679207162870995], [-41.31159321786299, -21.679286922448]]}}, {"type": "Feature", "properties": {"tipo": "cabo", "nome": "DROP-F8-R3 50", "comprimento": "", "descricao": "DROP-F8-R3 50"}, "geometry": {"type": "LineString", "coordinates": [[-41.312531991018, -21.67919719292], [-41.312443478122, -21.679207162870995]]}}, {"type": "Feature", "properties": {"tipo": "cabo", "nome": "DROP-F8-R5 13", "comprimento": "", "descricao": "DROP-F8-R5 13"}, "geometry": {"type": "LineString", "coordinates": [[-41.312279382815, -21.677887588711002], [-41.311552128263, -21.677956186467], [-41.311523608288, -21.677958629996], [-41.311173936792, -21.677988589083014], [-41.311192941395994, -21.677370149672], [-41.312454295599, -21.67726048553898]]}}, {"type": "Feature", "properties": {"tipo": "cabo", "nome": "DROP-F8-R4 33", "comprimento": "", "descricao": "DROP-F8-R4 33"}, "geometry": {"type": "LineString", "coordinates": [[-41.312561531677, -21.679185796677004], [-41.312525056261, -21.678530876406], [-41.31230243291199, -21.6785458314]]}}, {"type": "Feature", "properties": {"tipo": "cabo", "nome": "DROP-F8-R4 34", "comprimento": "", "descricao": "DROP-F8-R4 34"}, "geometry": {"type": "LineString", "coordinates": [[-41.31225415314999, -21.678550816397006], [-41.311516545671, -21.678625591344]]}}, {"type": "Feature", "properties": {"tipo": "cabo", "nome": "DROP-F8-R5 12", "comprimento": "", "descricao": "DROP-F8-R5 12"}, "geometry": {"type": "LineString", "coordinates": [[-41.31230195854301, -21.67790426378501], [-41.31230195854301, -21.67790426378501]]}}, {"type": "Feature", "properties": {"tipo": "cabo", "nome": "DROP-F8-R1 79", "comprimento": "", "descricao": "DROP-F8-R1 79"}, "geometry": {"type": "LineString", "coordinates": [[-41.312853681572, -21.651730519010016]]}}, {"type": "Feature", "properties": {"tipo": "cabo", "nome": "FIBRA AS MINI RAR -R5 7", "comprimento": "", "descricao": "FIBRA AS MINI RAR -R5 7"}, "geometry": {"type": "LineString", "coordinates": [[-41.312880762506, -21.651750444675997], [-41.311737957412, -21.65174642326801], [-41.311618334186996, -21.651727253776997], [-41.311691448085995, -21.648208173946998]]}}, {"type": "Feature", "properties": {"tipo": "cabo", "nome": "147M - 12F", "comprimento": "", "descricao": "147M - 12F"}, "geometry": {"type": "LineString", "coordinates": [[-41.309366393016, -21.689556013387005], [-41.308987838735, -21.689566351721993], [-41.308866915577006, -21.689642086692004], [-41.308898881921, -21.689930294223984], [-41.309482196642, -21.689915189193997]]}}, {"type": "Feature", "properties": {"tipo": "cabo", "nome": "122M - 6F", "comprimento": "", "descricao": "122M - 6F"}, "geometry": {"type": "LineString", "coordinates": [[-41.309364832968, -21.689541588970997], [-41.308983490828005, -21.68955669788201], [-41.30885918962, -21.689629398663996], [-41.30821361788, -21.689652445411]]}}, {"type": "Feature", "properties": {"tipo": "cabo", "nome": "70M - 6F", "comprimento": "", "descricao": "70M - 6F"}, "geometry": {"type": "LineString", "coordinates": [[-41.310050544233, -21.689499785625003], [-41.309773322284, -21.689541492054005], [-41.309371281513, -21.689550864092]]}}, {"type": "Feature", "properties": {"tipo": "cabo", "nome": "223M - 6F", "comprimento": "", "descricao": "223M - 6F"}, "geometry": {"type": "LineString", "coordinates": [[-41.30822480325801, -21.689161648226985], [-41.309160648478, -21.689136928362018], [-41.308837946396, -21.689161340113003], [-41.30885797451, -21.689508547131993], [-41.308976105716006, -21.689549515685997], [-41.309368478186, -21.689534582991]]}}, {"type": "Feature", "properties": {"tipo": "cabo", "nome": "DROP-F8-R1 10", "comprimento": "", "descricao": "DROP-F8-R1 10"}, "geometry": {"type": "LineString", "coordinates": [[-41.311987118293, -21.683538926902997], [-41.31124188519501, -21.683593418776], [-41.311294112576, -21.685278127687]]}}, {"type": "Feature", "properties": {"tipo": "cabo", "nome": "12F", "comprimento": "", "descricao": "12F"}, "geometry": {"type": "LineString", "coordinates": [[-41.310011440475, -21.682764909115008], [-41.306605997431, -21.683047742856985], [-41.306255124983, -21.683105480014007], [-41.30614269238501, -21.683032871736017], [-41.306085939824, -21.682642151536996], [-41.304856830961995, -21.682753082307983]]}}, {"type": "Feature", "properties": {"tipo": "cabo", "nome": "FIBRA AS MINI RAR -R2 21", "comprimento": "", "descricao": "FIBRA AS MINI RAR -R2 21"}, "geometry": {"type": "LineString", "coordinates": [[-41.311987118293, -21.683538926902997], [-41.31190899855599, -21.683423313961995], [-41.311883136035, -21.683126913115004], [-41.311944202948, -21.68308281467901], [-41.312263856819, -21.683051053812008]]}}, {"type": "Feature", "properties": {"tipo": "cabo", "nome": "BACKBONE 12F R2 3", "comprimento": "", "descricao": "BACKBONE 12F R2 3"}, "geometry": {"type": "LineString", "coordinates": [[-41.31252666296099, -21.679846304449995], [-41.31171663583801, -21.679936033573995]]}}, {"type": "Feature", "properties": {"tipo": "cabo", "nome": "201M - 6F", "comprimento": "", "descricao": "201M - 6F"}, "geometry": {"type": "LineString", "coordinates": [[-41.311557327916, -21.694144036854993], [-41.311555462, -21.694337947197994], [-41.31140473687201, -21.694349026856003], [-41.31135225468301, -21.69449510245103], [-41.310908648094, -21.69518299828499], [-41.31040631611499, -21.695416466203994]]}}, {"type": "Feature", "properties": {"tipo": "cabo", "nome": "273M - 6F", "comprimento": "", "descricao": "273M - 6F"}, "geometry": {"type": "LineString", "coordinates": [[-41.308333729257, -21.690354765356005], [-41.309348705683, -21.690334774421018], [-41.309739015795, -21.690329647889], [-41.310041302884, -21.690290961811996], [-41.310048875898, -21.690605818628995], [-41.309830163026994, -21.690632686293014], [-41.30946486640401, -21.69063838574401]]}}, {"type": "Feature", "properties": {"tipo": "cabo", "nome": "79M - 6F", "comprimento": "", "descricao": "79M - 6F"}, "geometry": {"type": "LineString", "coordinates": [[-41.312004831786, -21.69339327557401], [-41.31198484874301, -21.694104003846007]]}}, {"type": "Feature", "properties": {"tipo": "cabo", "nome": "78M - 12F", "comprimento": "", "descricao": "78M - 12F"}, "geometry": {"type": "LineString", "coordinates": [[-41.312387578986, -21.694078454443996], [-41.312316405685, -21.694262557989006], [-41.311983648958005, -21.694294739710003], [-41.311986378794, -21.694099259229006]]}}, {"type": "Feature", "properties": {"tipo": "cabo", "nome": "75M - 6F", "comprimento": "", "descricao": "75M - 6F"}, "geometry": {"type": "LineString", "coordinates": [[-41.312412953306, -21.693412197144994], [-41.312385779777, -21.694090843805995]]}}, {"type": "Feature", "properties": {"tipo": "cabo", "nome": "154M - 6F", "comprimento": "", "descricao": "154M - 6F"}, "geometry": {"type": "LineString", "coordinates": [[-41.312804827191, -21.693426525733003], [-41.31279168260101, -21.693979761440005], [-41.312768875032, -21.694217240249003], [-41.312330414749, -21.694262731020018], [-41.312397612949, -21.694085899038]]}}, {"type": "Feature", "properties": {"tipo": "cabo", "nome": "160M - 6F", "comprimento": "", "descricao": "160M - 6F"}, "geometry": {"type": "LineString", "coordinates": [[-41.311970505525, -21.694090866151996], [-41.31197384099201, -21.69429770477001], [-41.311567900766, -21.69433710342902], [-41.311568760057, -21.694141757596], [-41.311581346959, -21.693478055678]]}}, {"type": "Feature", "properties": {"tipo": "cabo", "nome": "299M - 6F", "comprimento": "", "descricao": "299M - 6F"}, "geometry": {"type": "LineString", "coordinates": [[-41.308354181482, -21.689952361085986], [-41.309488893157, -21.689932347332984], [-41.309753561077, -21.689929253939], [-41.310022504869, -21.689814614786997], [-41.310039869668, -21.690280376245994], [-41.309738729046, -21.690321925074997], [-41.309348778272, -21.690324760761996]]}}, {"type": "Feature", "properties": {"tipo": "cabo", "nome": "BACKBONE 12F R1 44", "comprimento": "", "descricao": "BACKBONE 12F R1 44"}, "geometry": {"type": "LineString", "coordinates": [[-41.29373894031699, -21.72083829847], [-41.293198207045, -21.720682812185004], [-41.29298080606899, -21.720622215155984], [-41.29290929815, -21.720602283467002]]}}, {"type": "Feature", "properties": {"tipo": "cabo", "nome": "BACKBONE 12F - 2 2", "comprimento": "", "descricao": "BACKBONE 12F - 2 2"}, "geometry": {"type": "LineString", "coordinates": [[-41.291968482434, -21.720344060456995], [-41.29290403690501, -21.720573303579997]]}}, {"type": "Feature", "properties": {"tipo": "cabo", "nome": "FIBRA AS MINI RAR -R12 16", "comprimento": "", "descricao": "FIBRA AS MINI RAR -R12 16"}, "geometry": {"type": "LineString", "coordinates": [[-41.29336137885, -21.718966019700005], [-41.293443847271, -21.719568938641018]]}}, {"type": "Feature", "properties": {"tipo": "cabo", "nome": "FIBRA AS MINI RAR -R8 1", "comprimento": "", "descricao": "FIBRA AS MINI RAR -R8 1"}, "geometry": {"type": "LineString", "coordinates": [[-41.293288422732, -21.718389914547018], [-41.29336137885, -21.718966019700005]]}}, {"type": "Feature", "properties": {"tipo": "cabo", "nome": "FIBRA AS MINI RAR -R2 8", "comprimento": "", "descricao": "FIBRA AS MINI RAR -R2 8"}, "geometry": {"type": "LineString", "coordinates": [[-41.294091, -21.71829600000001], [-41.293288422732, -21.718389914547018]]}}, {"type": "Feature", "properties": {"tipo": "cabo", "nome": "FIBRA AS MINI RAR -R2 7", "comprimento": "", "descricao": "FIBRA AS MINI RAR -R2 7"}, "geometry": {"type": "LineString", "coordinates": [[-41.2940815675, -21.7175046072], [-41.294021116932, -21.717513161721], [-41.2932834217, -21.717617554900002], [-41.2924608077, -21.717708928600004], [-41.2917986475, -21.717769417699998]]}}, {"type": "Feature", "properties": {"tipo": "cabo", "nome": "DROP-F8-R5 60", "comprimento": "", "descricao": "DROP-F8-R5 60"}, "geometry": {"type": "LineString", "coordinates": [[-41.290643698448, -21.721125915070004], [-41.290551430393, -21.721062125934992], [-41.290177655586, -21.720947771468005], [-41.29000071819901, -21.721456161899994]]}}, {"type": "Feature", "properties": {"tipo": "cabo", "nome": "DROP-F8-R1 234", "comprimento": "", "descricao": "DROP-F8-R1 234"}, "geometry": {"type": "LineString", "coordinates": [[-41.291088489481, -21.721255355986003], [-41.291000513058, -21.721197547119004], [-41.29069152271, -21.721105850289007], [-41.290633586897, -21.721127777804]]}}, {"type": "Feature", "properties": {"tipo": "cabo", "nome": "DROP-F8-R2 128", "comprimento": "", "descricao": "DROP-F8-R2 128"}, "geometry": {"type": "LineString", "coordinates": [[-41.292905006681, -21.720614244014], [-41.293339072814994, -21.720746029992], [-41.293150245562, -21.721236409127982]]}}, {"type": "Feature", "properties": {"tipo": "cabo", "nome": "DROP-F8-R6 18", "comprimento": "", "descricao": "DROP-F8-R6 18"}, "geometry": {"type": "LineString", "coordinates": [[-41.29290403690501, -21.720573303579997], [-41.290984266286, -21.719989715542], [-41.290643698448, -21.721125915070004]]}}, {"type": "Feature", "properties": {"tipo": "cabo", "nome": "FIBRA AS MINI RAR -R8 1 (extens\u00e3o de rompimen", "comprimento": "", "descricao": "FIBRA AS MINI RAR -R8 1 (extens\u00e3o de rompimen"}, "geometry": {"type": "LineString", "coordinates": [[-41.293443847271, -21.719568938641018], [-41.2935339691, -21.720036397437013], [-41.293770810849, -21.71999388634198], [-41.293785831154004, -21.720101531256006], [-41.293693563263, -21.720119472099], [-41.293790122787, -21.720709524248008], [-41.293718873709, -21.720843707276003]]}}, {"type": "Feature", "properties": {"tipo": "cabo", "nome": "DROP-F8-R3 133", "comprimento": "", "descricao": "DROP-F8-R3 133"}, "geometry": {"type": "LineString", "coordinates": [[-41.290643698448, -21.721113954642007], [-41.290564304963006, -21.721022257722012], [-41.290201670435, -21.720910626656007], [-41.290362463936006, -21.720428149808], [-41.290538280819, -21.719900591962002], [-41.290581196163, -21.719886637997988], [-41.29014131388501, -21.719733144044994], [-41.290053337462, -21.719786966628988], [-41.289894550655, -21.720259408325006]]}}, {"type": "Feature", "properties": {"tipo": "cabo", "nome": "DROP-F8-R3 139", "comprimento": "", "descricao": "DROP-F8-R3 139"}, "geometry": {"type": "LineString", "coordinates": [[-41.292228204505, -21.720959495233984], [-41.292399865881, -21.720475095337022], [-41.292897683973, -21.720606660889004]]}}, {"type": "Feature", "properties": {"tipo": "cabo", "nome": "DROP-F8-R2 130", "comprimento": "", "descricao": "DROP-F8-R2 130"}, "geometry": {"type": "LineString", "coordinates": [[-41.293635776213996, -21.720839283146987], [-41.293627264835, -21.720836834287]]}}, {"type": "Feature", "properties": {"tipo": "cabo", "nome": "DROP-F8-R4 95", "comprimento": "", "descricao": "DROP-F8-R4 95"}, "geometry": {"type": "LineString", "coordinates": [[-41.290654427284, -21.721117941401005], [-41.290553576126996, -21.721038204994002], [-41.289952761307994, -21.720868765017997], [-41.289706362377, -21.720810360429], [-41.289194793514, -21.722314169621015], [-41.2890419076, -21.722760190627], [-41.289562256149, -21.722927136682003]]}}, {"type": "Feature", "properties": {"tipo": "cabo", "nome": "DROP-F8-R4 96", "comprimento": "", "descricao": "DROP-F8-R4 96"}, "geometry": {"type": "LineString", "coordinates": [[-41.289194793514, -21.722314169621015], [-41.289924354366, -21.72254340964099]]}}, {"type": "Feature", "properties": {"tipo": "cabo", "nome": "DROP-F8-R4 97", "comprimento": "", "descricao": "DROP-F8-R4 97"}, "geometry": {"type": "LineString", "coordinates": [[-41.291953461965, -21.720332099926978], [-41.291206551218, -21.722409174644]]}}, {"type": "Feature", "properties": {"tipo": "cabo", "nome": "DROP-F8-R1 232", "comprimento": "", "descricao": "DROP-F8-R1 232"}, "geometry": {"type": "LineString", "coordinates": [[-41.291451639838, -21.720225416584], [-41.291077760644, -21.721257349363], [-41.290698783491, -21.722286103219005]]}}, {"type": "Feature", "properties": {"tipo": "cabo", "nome": "DROP-F8-R2 127", "comprimento": "", "descricao": "DROP-F8-R2 127"}, "geometry": {"type": "LineString", "coordinates": [[-41.290635919976, -21.721123423308], [-41.29024748859699, -21.722119587049008], [-41.290239076135, -21.722144125198]]}}, {"type": "Feature", "properties": {"tipo": "cabo", "nome": "DROP-F8-R5 61", "comprimento": "", "descricao": "DROP-F8-R5 61"}, "geometry": {"type": "LineString", "coordinates": [[-41.29000071819901, -21.721456161899994], [-41.289942362999, -21.721621600754005], [-41.289845150076005, -21.721897202071005], [-41.289785906189, -21.722005002963996]]}}, {"type": "Feature", "properties": {"tipo": "cabo", "nome": "DROP-F8-R1 235", "comprimento": "", "descricao": "DROP-F8-R1 235"}, "geometry": {"type": "LineString", "coordinates": [[-41.293725310913, -21.720841713892], [-41.293718873709, -21.720893542640994], [-41.293444814833, -21.721637296225992]]}}, {"type": "Feature", "properties": {"tipo": "cabo", "nome": "DROP-F8-R5 62", "comprimento": "", "descricao": "DROP-F8-R5 62"}, "geometry": {"type": "LineString", "coordinates": [[-41.29285860433399, -21.720635673218], [-41.292532605286, -21.72155335850701]]}}, {"type": "Feature", "properties": {"tipo": "cabo", "nome": "FIBRA AS MINI RAR -R1 2", "comprimento": "", "descricao": "FIBRA AS MINI RAR -R1 2"}, "geometry": {"type": "LineString", "coordinates": [[-41.2986232372, -21.718422939999982], [-41.2986232372, -21.718422939999982]]}}, {"type": "Feature", "properties": {"tipo": "cabo", "nome": "FIBRA AS MINI RAR -R2 6", "comprimento": "", "descricao": "FIBRA AS MINI RAR -R2 6"}, "geometry": {"type": "LineString", "coordinates": [[-41.299399561948, -21.717041798519986], [-41.2984932953, -21.717127328900006], [-41.2979474821, -21.717178852000004], [-41.2973080307, -21.717224127200012]]}}, {"type": "Feature", "properties": {"tipo": "cabo", "nome": "FIBRA AS MINI RAR -R2 2", "comprimento": "", "descricao": "FIBRA AS MINI RAR -R2 2"}, "geometry": {"type": "LineString", "coordinates": [[-41.2994705315, -21.718344892600015], [-41.30013549409999, -21.718262488800008], [-41.300564888361, -21.71824490103799], [-41.301482925436, -21.718113706487003], [-41.302165498554, -21.718019633384998]]}}, {"type": "Feature", "properties": {"tipo": "cabo", "nome": "FIBRA AS MINI RAR -R1 3", "comprimento": "", "descricao": "FIBRA AS MINI RAR -R1 3"}, "geometry": {"type": "LineString", "coordinates": [[-41.302165498554, -21.718019633384998], [-41.30306613956999, -21.71786329007699], [-41.303102468999995, -21.717858468299994], [-41.303161857267, -21.717850525336004], [-41.303617306557996, -21.717789610647998], [-41.3039470107, -21.7177455139], [-41.3046178454, -21.717660203199998]]}}, {"type": "Feature", "properties": {"tipo": "cabo", "nome": "FIBRA AS MINI RAR -R1 8", "comprimento": "", "descricao": "FIBRA AS MINI RAR -R1 8"}, "geometry": {"type": "LineString", "coordinates": [[-41.2940815675, -21.7175046072], [-41.29498705100001, -21.7174369027], [-41.29583446680001, -21.717326608500002], [-41.2965743752, -21.71729940040001], [-41.2973080307, -21.717224127200012]]}}, {"type": "Feature", "properties": {"tipo": "cabo", "nome": "FIBRA AS MINI RAR -R3 2", "comprimento": "", "descricao": "FIBRA AS MINI RAR -R3 2"}, "geometry": {"type": "LineString", "coordinates": [[-41.304958007412, -21.71632496281501], [-41.304668982296, -21.716293847811016], [-41.3040972099, -21.716394287900002], [-41.303558407657, -21.716460152446004]]}}, {"type": "Feature", "properties": {"tipo": "cabo", "nome": "FIBRA AS MINI RAR -R2 3", "comprimento": "", "descricao": "FIBRA AS MINI RAR -R2 3"}, "geometry": {"type": "LineString", "coordinates": [[-41.301030302052, -21.717469554928], [-41.2999505126, -21.7176211253], [-41.29909263059999, -21.71772439140001], [-41.298174578257, -21.717826035453]]}}, {"type": "Feature", "properties": {"tipo": "cabo", "nome": "FIBRA AS MINI RAR -R1 7", "comprimento": "", "descricao": "FIBRA AS MINI RAR -R1 7"}, "geometry": {"type": "LineString", "coordinates": [[-41.299399561948, -21.717041798519986], [-41.3003320519, -21.716897541099996], [-41.301077903499994, -21.716803033500014], [-41.301742646, -21.716715149899997], [-41.30267588009999, -21.716590958400005], [-41.303558407657, -21.716460152446004]]}}, {"type": "Feature", "properties": {"tipo": "cabo", "nome": "DROP-F8-R5 58", "comprimento": "", "descricao": "DROP-F8-R5 58"}, "geometry": {"type": "LineString", "coordinates": [[-41.307376643922, -21.729958406349], [-41.307374205476, -21.729634496832006], [-41.307315684567, -21.729503120755993], [-41.306667077757, -21.729566543711]]}}, {"type": "Feature", "properties": {"tipo": "cabo", "nome": "DROP-F8-R8 3", "comprimento": "", "descricao": "DROP-F8-R8 3"}, "geometry": {"type": "LineString", "coordinates": [[-41.30717709884101, -21.728964014461], [-41.30671449604401, -21.728744774733002], [-41.30606074599999, -21.728639084099996]]}}, {"type": "Feature", "properties": {"tipo": "cabo", "nome": "FIBRA AS MINI RAR -R1 19", "comprimento": "", "descricao": "FIBRA AS MINI RAR -R1 19"}, "geometry": {"type": "LineString", "coordinates": [[-41.29446615069801, -21.719451770543984], [-41.293672932065, -21.719567401947998], [-41.293443847271, -21.719568938641018], [-41.293420089182, -21.719603543177], [-41.29297135695299, -21.71967568715901], [-41.29152309087301, -21.719881838459003]]}}, {"type": "Feature", "properties": {"tipo": "cabo", "nome": "FIBRA AS MINI RAR -R1 8", "comprimento": "", "descricao": "FIBRA AS MINI RAR -R1 8"}, "geometry": {"type": "LineString", "coordinates": [[-41.294214000000004, -21.718865000000008], [-41.29336137885, -21.718966019700005], [-41.291617559303, -21.71913665964101]]}}, {"type": "Feature", "properties": {"tipo": "cabo", "nome": "FIBRA AS MINI RAR -R1 1", "comprimento": "", "descricao": "FIBRA AS MINI RAR -R1 1"}, "geometry": {"type": "LineString", "coordinates": [[-41.29777814009999, -21.71850749079998], [-41.2986232372, -21.718422939999982]]}}, {"type": "Feature", "properties": {"tipo": "cabo", "nome": "FIBRA AS MINI RAR -R3 1", "comprimento": "", "descricao": "FIBRA AS MINI RAR -R3 1"}, "geometry": {"type": "LineString", "coordinates": [[-41.29777814009999, -21.71850749079998], [-41.29747699286499, -21.718483884643007], [-41.2974025151, -21.717861955000004], [-41.29667124429999, -21.717938719499998], [-41.2958370487, -21.7179880842]]}}, {"type": "Feature", "properties": {"tipo": "cabo", "nome": "FIBRA AS MINI RAR -R2 1", "comprimento": "", "descricao": "FIBRA AS MINI RAR -R2 1"}, "geometry": {"type": "LineString", "coordinates": [[-41.29777814009999, -21.71850749079998], [-41.2969821145, -21.7185685252], [-41.2960930359, -21.7186351159], [-41.2954605623, -21.718747731799994]]}}, {"type": "Feature", "properties": {"tipo": "cabo", "nome": "FIBRA AS MINI RAR -R1 4", "comprimento": "", "descricao": "FIBRA AS MINI RAR -R1 4"}, "geometry": {"type": "LineString", "coordinates": [[-41.2994705315, -21.718344892600015], [-41.2986232372, -21.718422939999982]]}}, {"type": "Feature", "properties": {"tipo": "cabo", "nome": "DROP-F8-R1 174", "comprimento": "", "descricao": "DROP-F8-R1 174"}, "geometry": {"type": "LineString", "coordinates": [[-41.30669825576701, -21.730515831267], [-41.305735098887, -21.730565663243013]]}}, {"type": "Feature", "properties": {"tipo": "cabo", "nome": "DROP-F8-R4 88", "comprimento": "", "descricao": "DROP-F8-R4 88"}, "geometry": {"type": "LineString", "coordinates": [[-41.306470035888005, -21.730995564287], [-41.305736251386996, -21.73103143855201]]}}, {"type": "Feature", "properties": {"tipo": "cabo", "nome": "DROP-F8-R4 89", "comprimento": "", "descricao": "DROP-F8-R4 89"}, "geometry": {"type": "LineString", "coordinates": [[-41.305736251386996, -21.73103143855201], [-41.30570699085, -21.731060884602]]}}, {"type": "Feature", "properties": {"tipo": "cabo", "nome": "DROP-F8-R1 175", "comprimento": "", "descricao": "DROP-F8-R1 175"}, "geometry": {"type": "LineString", "coordinates": [[-41.30568709673901, -21.730572458490002], [-41.305421314120004, -21.730581518819008], [-41.305402614094, -21.73010458262999]]}}, {"type": "Feature", "properties": {"tipo": "cabo", "nome": "DROP-F8-R4 92", "comprimento": "", "descricao": "DROP-F8-R4 92"}, "geometry": {"type": "LineString", "coordinates": [[-41.306964156234, -21.730982481240005], [-41.306964156234, -21.730982481240005]]}}, {"type": "Feature", "properties": {"tipo": "cabo", "nome": "DROP-F8-R1 176", "comprimento": "", "descricao": "DROP-F8-R1 176"}, "geometry": {"type": "LineString", "coordinates": [[-41.3059075074, -21.730061777100005], [-41.305922229584, -21.730555981443985]]}}, {"type": "Feature", "properties": {"tipo": "cabo", "nome": "DROP-F8-R5 56", "comprimento": "", "descricao": "DROP-F8-R5 56"}, "geometry": {"type": "LineString", "coordinates": [[-41.307388025695, -21.730397083474998], [-41.3073768691, -21.7299907142]]}}, {"type": "Feature", "properties": {"tipo": "cabo", "nome": "DROP-F8-R5 57", "comprimento": "", "descricao": "DROP-F8-R5 57"}, "geometry": {"type": "LineString", "coordinates": [[-41.3073768691, -21.7299907142], [-41.30671096848, -21.730035419725]]}}, {"type": "Feature", "properties": {"tipo": "cabo", "nome": "153M - 6F", "comprimento": "", "descricao": "153M - 6F"}, "geometry": {"type": "LineString", "coordinates": [[-41.311926304697, -21.699428147606], [-41.311920746562, -21.699602983494984], [-41.311921939874, -21.699780877392996], [-41.31190334143899, -21.699959288952996], [-41.311848885381, -21.700308580002996], [-41.312209562804, -21.700391568271], [-41.312323628988, -21.70028372862801]]}}, {"type": "Feature", "properties": {"tipo": "cabo", "nome": "DROP-F8-R2 108", "comprimento": "", "descricao": "DROP-F8-R2 108"}, "geometry": {"type": "LineString", "coordinates": [[-41.30896391068201, -21.699915336171998], [-41.308360626426, -21.70002018595798], [-41.308157107106, -21.699786379450018]]}}, {"type": "Feature", "properties": {"tipo": "cabo", "nome": "DROP-F8-R4 93", "comprimento": "", "descricao": "DROP-F8-R4 93"}, "geometry": {"type": "LineString", "coordinates": [[-41.308865923208, -21.699279252487017], [-41.308001438165, -21.69938380935301], [-41.307903903425, -21.699431386540994], [-41.308157107106, -21.699786379450018]]}}, {"type": "Feature", "properties": {"tipo": "cabo", "nome": "DROP-F8-R1 90", "comprimento": "", "descricao": "DROP-F8-R1 90"}, "geometry": {"type": "LineString", "coordinates": [[-41.30672577329501, -21.698275067791997], [-41.307243879573, -21.698854088364], [-41.308145838487, -21.69975906803299]]}}, {"type": "Feature", "properties": {"tipo": "cabo", "nome": "DROP-F8-R1 89", "comprimento": "", "descricao": "DROP-F8-R1 89"}, "geometry": {"type": "LineString", "coordinates": [[-41.30672577329501, -21.698275067791997], [-41.307228218782, -21.698726292871996], [-41.308633625897, -21.698624427265997]]}}, {"type": "Feature", "properties": {"tipo": "cabo", "nome": "FIBRA AS MINI RAR -R12 6", "comprimento": "", "descricao": "FIBRA AS MINI RAR -R12 6"}, "geometry": {"type": "LineString", "coordinates": [[-41.308920526483995, -21.697315000255983], [-41.308578586912994, -21.697328363718015], [-41.308193599160006, -21.697343409558997], [-41.308212905038, -21.69765860724098], [-41.308231224783, -21.697957704152998], [-41.308196641907, -21.698012384533996]]}}, {"type": "Feature", "properties": {"tipo": "cabo", "nome": "DROP-F8-R5 34", "comprimento": "", "descricao": "DROP-F8-R5 34"}, "geometry": {"type": "LineString", "coordinates": [[-41.306673130505, -21.698193198431014], [-41.306768226962, -21.698073121652996], [-41.308196641907, -21.698012384533996]]}}, {"type": "Feature", "properties": {"tipo": "cabo", "nome": "DROP-F8-R3 70", "comprimento": "", "descricao": "DROP-F8-R3 70"}, "geometry": {"type": "LineString", "coordinates": [[-41.308080379172, -21.695494907975004], [-41.30811562398401, -21.696694493874986], [-41.305852872565005, -21.69677750312499]]}}, {"type": "Feature", "properties": {"tipo": "cabo", "nome": "FIBRA AS MINI RAR -R2 5", "comprimento": "", "descricao": "FIBRA AS MINI RAR -R2 5"}, "geometry": {"type": "LineString", "coordinates": [[-41.304958007412, -21.71632496281501], [-41.305383808598, -21.716273928328988], [-41.306215963439, -21.716153025402008], [-41.306469637221994, -21.716036226512998], [-41.307164093254, -21.715962953331], [-41.308170123943, -21.715809190483995]]}}, {"type": "Feature", "properties": {"tipo": "cabo", "nome": "680M - 6F", "comprimento": "", "descricao": "680M - 6F"}, "geometry": {"type": "LineString", "coordinates": [[-41.312326960099, -21.700294084327993], [-41.312225019971, -21.70040391759599], [-41.312669605745, -21.700508539813], [-41.312563830309, -21.700808028393993], [-41.312331658874, -21.701450317368995], [-41.312245228103, -21.701885478302998], [-41.312263452346, -21.702163358309008], [-41.312357083636, -21.702799237922008], [-41.312352827209004, -21.703089904642], [-41.312277932903, -21.703334166337], [-41.312160681186, -21.703536694293007], [-41.312068725191, -21.703655392849996], [-41.311938949245, -21.703794781146], [-41.311367017288, -21.704250217509], [-41.311197662157, -21.704251618796008], [-41.311104699566, -21.704393759069006]]}}, {"type": "Feature", "properties": {"tipo": "cabo", "nome": "140M - 12FO", "comprimento": "", "descricao": "140M - 12FO"}, "geometry": {"type": "LineString", "coordinates": [[-41.310438886750994, -21.70550877410099], [-41.31039491592, -21.705454017471993], [-41.310467335564006, -21.705217274109003], [-41.310612191641, -21.704934677959002], [-41.311104699566, -21.704393759069006]]}}, {"type": "Feature", "properties": {"tipo": "cabo", "nome": "248M - 6FO", "comprimento": "", "descricao": "248M - 6FO"}, "geometry": {"type": "LineString", "coordinates": [[-41.310459139455, -21.705537622109006], [-41.310518320246, -21.705495197608002], [-41.311663834707, -21.70566460369801], [-41.312820143106, -21.705823692391988]]}}, {"type": "Feature", "properties": {"tipo": "cabo", "nome": "394M - 6FO", "comprimento": "", "descricao": "394M - 6FO"}, "geometry": {"type": "LineString", "coordinates": [[-41.310459139455, -21.705537622109006], [-41.31040720403801, -21.705563764152984], [-41.309840730133, -21.706531814469002], [-41.310994774099, -21.706672625045996], [-41.312155150799995, -21.70684911490001]]}}, {"type": "Feature", "properties": {"tipo": "cabo", "nome": "306M - 6FO", "comprimento": "", "descricao": "306M - 6FO"}, "geometry": {"type": "LineString", "coordinates": [[-41.310459139455, -21.705537622109006], [-41.31023800927499, -21.705905863696003], [-41.310232275747, -21.706000751728], [-41.310995489629, -21.706112497438994], [-41.312544570309, -21.706349543680005]]}}, {"type": "Feature", "properties": {"tipo": "cabo", "nome": "DROP-F8-R5 35", "comprimento": "", "descricao": "DROP-F8-R5 35"}, "geometry": {"type": "LineString", "coordinates": [[-41.308080379172, -21.695494907975004], [-41.308179022535, -21.697630869104003], [-41.308184082322, -21.69774042969398], [-41.308196641907, -21.698012384533996], [-41.309664044664, -21.697916440769006], [-41.309760988321, -21.69784012025802], [-41.309734283336006, -21.699503347762004], [-41.309604444656, -21.70286403905199]]}}, {"type": "Feature", "properties": {"tipo": "cabo", "nome": "DROP-F8-R1 91", "comprimento": "", "descricao": "DROP-F8-R1 91"}, "geometry": {"type": "LineString", "coordinates": [[-41.308157107106, -21.699786379450018], [-41.308727200044, -21.700653578366996]]}}, {"type": "Feature", "properties": {"tipo": "cabo", "nome": "DROP-F8-R1 178", "comprimento": "", "descricao": "DROP-F8-R1 178"}, "geometry": {"type": "LineString", "coordinates": [[-41.307388025695, -21.730397083474998], [-41.30744816565301, -21.730905162655006]]}}, {"type": "Feature", "properties": {"tipo": "cabo", "nome": "DROP-F8-R1 173", "comprimento": "", "descricao": "DROP-F8-R1 173"}, "geometry": {"type": "LineString", "coordinates": [[-41.307388025695, -21.730397083474998], [-41.307361621662, -21.73048451845402], [-41.30734557679601, -21.7305376498], [-41.306734831233996, -21.730513566108]]}}, {"type": "Feature", "properties": {"tipo": "cabo", "nome": "DROP-F8-R4 87", "comprimento": "", "descricao": "DROP-F8-R4 87"}, "geometry": {"type": "LineString", "coordinates": [[-41.307388025695, -21.730397083474998], [-41.30734557679601, -21.7305376498], [-41.306458009539, -21.730592011932004], [-41.306462886104, -21.730927244753005], [-41.306470035888005, -21.730995564287]]}}, {"type": "Feature", "properties": {"tipo": "cabo", "nome": "DROP-F8-R3 74", "comprimento": "", "descricao": "DROP-F8-R3 74"}, "geometry": {"type": "LineString", "coordinates": [[-41.310213620400006, -21.729963775600012], [-41.310213620400006, -21.729963775600012]]}}, {"type": "Feature", "properties": {"tipo": "cabo", "nome": "DROP-F8-R3 77", "comprimento": "", "descricao": "DROP-F8-R3 77"}, "geometry": {"type": "LineString", "coordinates": [[-41.312560950563, -21.728964521256003], [-41.312560950563, -21.728967012881]]}}, {"type": "Feature", "properties": {"tipo": "cabo", "nome": "DROP-F8-R1 220", "comprimento": "", "descricao": "DROP-F8-R1 220"}, "geometry": {"type": "LineString", "coordinates": [[-41.311994084999995, -21.72835561619999], [-41.311019338499996, -21.728474165500003], [-41.3100436943, -21.728577856599998], [-41.3090943419, -21.728686132000007], [-41.308161931899996, -21.7287748162]]}}, {"type": "Feature", "properties": {"tipo": "cabo", "nome": "FIBRA AS MINI RAR -R12 17", "comprimento": "", "descricao": "FIBRA AS MINI RAR -R12 17"}, "geometry": {"type": "LineString", "coordinates": [[-41.308161931899996, -21.7287748162], [-41.30755992327799, -21.728848493540994], [-41.30717709884101, -21.728964014461]]}}, {"type": "Feature", "properties": {"tipo": "cabo", "nome": "DROP-F8-R3 76", "comprimento": "", "descricao": "DROP-F8-R3 76"}, "geometry": {"type": "LineString", "coordinates": [[-41.3091548069, -21.729934995362], [-41.309157489108, -21.729939978578997]]}}, {"type": "Feature", "properties": {"tipo": "cabo", "nome": "104M - 6F", "comprimento": "", "descricao": "104M - 6F"}, "geometry": {"type": "LineString", "coordinates": [[-41.305114124893, -21.738214956896996], [-41.305202860493, -21.73825403123601], [-41.305487860256, -21.738131654529], [-41.305490658564, -21.738080345784994], [-41.305246164263, -21.737528850849003]]}}, {"type": "Feature", "properties": {"tipo": "cabo", "nome": "76M - 6F", "comprimento": "", "descricao": "76M - 6F"}, "geometry": {"type": "LineString", "coordinates": [[-41.304853061718, -21.737714333716], [-41.305114124893, -21.738214956896996]]}}, {"type": "Feature", "properties": {"tipo": "cabo", "nome": "DROP-F8-R1 4", "comprimento": "", "descricao": "DROP-F8-R1 4"}, "geometry": {"type": "LineString", "coordinates": [[-41.304862509949, -21.734418491070997], [-41.30510085416301, -21.73526099255099], [-41.30522960019499, -21.735736871501004], [-41.304438348535, -21.735916260015003], [-41.304154299297, -21.736000677557], [-41.30415644503, -21.736134222092005], [-41.304283045329, -21.73646110678898], [-41.304484649087, -21.736481083369], [-41.304798173328, -21.736395240489998]]}}, {"type": "Feature", "properties": {"tipo": "cabo", "nome": "DROP-F8-R1 6", "comprimento": "", "descricao": "DROP-F8-R1 6"}, "geometry": {"type": "LineString", "coordinates": [[-41.30510085416301, -21.73526099255099], [-41.304572831375, -21.735402642666003]]}}, {"type": "Feature", "properties": {"tipo": "cabo", "nome": "DROP-F8-R2 122", "comprimento": "", "descricao": "DROP-F8-R2 122"}, "geometry": {"type": "LineString", "coordinates": [[-41.304733418689, -21.732553758832992], [-41.303958016521, -21.73258773467198]]}}, {"type": "Feature", "properties": {"tipo": "cabo", "nome": "DROP-F8-R2 120 (extens\u00e3o de rompimento)", "comprimento": "", "descricao": "DROP-F8-R2 120 (extens\u00e3o de rompimento)"}, "geometry": {"type": "LineString", "coordinates": [[-41.305515343677, -21.732036054594985], [-41.3048186609, -21.732056919499996]]}}, {"type": "Feature", "properties": {"tipo": "cabo", "nome": "141M - 6F", "comprimento": "", "descricao": "141M - 6F"}, "geometry": {"type": "LineString", "coordinates": [[-41.304305128139, -21.73892425602702], [-41.304142866009, -21.73895636127], [-41.303905563166, -21.73906193613], [-41.303775291789, -21.739171030202], [-41.304095165268, -21.739815166593004]]}}, {"type": "Feature", "properties": {"tipo": "cabo", "nome": "90M - 6F", "comprimento": "", "descricao": "90M - 6F"}, "geometry": {"type": "LineString", "coordinates": [[-41.304299395079994, -21.738927063166003], [-41.30464822013601, -21.739675566958]]}}, {"type": "Feature", "properties": {"tipo": "cabo", "nome": "96M - 6F", "comprimento": "", "descricao": "96M - 6F"}, "geometry": {"type": "LineString", "coordinates": [[-41.304681583985996, -21.738797855518996], [-41.305057837074, -21.739593031096007]]}}, {"type": "Feature", "properties": {"tipo": "cabo", "nome": "113M - 12F", "comprimento": "", "descricao": "113M - 12F"}, "geometry": {"type": "LineString", "coordinates": [[-41.304305128139, -21.73892425602702], [-41.304323638479005, -21.738877861004], [-41.304616899022, -21.73875582767201], [-41.304677212541, -21.738790943854994], [-41.304807901541004, -21.738683777721008], [-41.305091362105, -21.738571753252998], [-41.305258948119, -21.738557414739986]]}}, {"type": "Feature", "properties": {"tipo": "cabo", "nome": "127M - 6F", "comprimento": "", "descricao": "127M - 6F"}, "geometry": {"type": "LineString", "coordinates": [[-41.303413920678, -21.738315961965], [-41.303631217348, -21.738769221138995], [-41.303711227322, -21.738811208166], [-41.30379036155, -21.738832179246998], [-41.304063866458, -21.738729215457013], [-41.304138929701004, -21.738610680018013]]}}, {"type": "Feature", "properties": {"tipo": "cabo", "nome": "109M - 12F", "comprimento": "", "descricao": "109M - 12F"}, "geometry": {"type": "LineString", "coordinates": [[-41.304138929701004, -21.738610680018013], [-41.304262349925, -21.738674403397], [-41.305202860493, -21.73825403123601], [-41.305114124893, -21.738214956896996]]}}, {"type": "Feature", "properties": {"tipo": "cabo", "nome": "102M - 6F", "comprimento": "", "descricao": "102M - 6F"}, "geometry": {"type": "LineString", "coordinates": [[-41.304285893868, -21.737947214418995], [-41.304537313628, -21.73848933548601], [-41.304523923673, -21.738539361189993], [-41.304259553317, -21.738657729588], [-41.304138929701004, -21.738610680018013]]}}, {"type": "Feature", "properties": {"tipo": "cabo", "nome": "76M - 6F", "comprimento": "", "descricao": "76M - 6F"}, "geometry": {"type": "LineString", "coordinates": [[-41.303894627162, -21.738104876229002], [-41.304138929701004, -21.738610680018013]]}}, {"type": "Feature", "properties": {"tipo": "cabo", "nome": "DROP-F8-R2 129", "comprimento": "", "descricao": "DROP-F8-R2 129"}, "geometry": {"type": "LineString", "coordinates": [[-41.304599956706, -21.74111087676698], [-41.304543736267995, -21.741793835722007], [-41.30469930438999, -21.742860152541994], [-41.304618838119, -21.742999670044], [-41.304001197999995, -21.743114766700003]]}}, {"type": "Feature", "properties": {"tipo": "cabo", "nome": "BACKBONE 12F - 2 25 (extens\u00e3o de rompimento)", "comprimento": "", "descricao": "BACKBONE 12F - 2 25 (extens\u00e3o de rompimento)"}, "geometry": {"type": "LineString", "coordinates": [[-41.294517554908005, -21.778400635816]]}}, {"type": "Feature", "properties": {"tipo": "cabo", "nome": "DROP-F8-R8 4", "comprimento": "", "descricao": "DROP-F8-R8 4"}, "geometry": {"type": "LineString", "coordinates": [[-41.3046277101, -21.742191274899994], [-41.304629566956, -21.742620979364006], [-41.3039519188, -21.742722567599998]]}}, {"type": "Feature", "properties": {"tipo": "cabo", "nome": "DROP-F8-R7 3", "comprimento": "", "descricao": "DROP-F8-R7 3"}, "geometry": {"type": "LineString", "coordinates": [[-41.3046277101, -21.742191274899994], [-41.3038990015, -21.742271268100012], [-41.3032750972, -21.742335003999997]]}}, {"type": "Feature", "properties": {"tipo": "cabo", "nome": "DROP-F8-R5 59", "comprimento": "", "descricao": "DROP-F8-R5 59"}, "geometry": {"type": "LineString", "coordinates": [[-41.3046277101, -21.742191274899994], [-41.3054469759, -21.741875270000023]]}}, {"type": "Feature", "properties": {"tipo": "cabo", "nome": "DROP-F8-R4 94", "comprimento": "", "descricao": "DROP-F8-R4 94"}, "geometry": {"type": "LineString", "coordinates": [[-41.3038394333, -21.74182118990001], [-41.30450972023401, -21.74173554596601], [-41.304620430637, -21.741023751118007]]}}, {"type": "Feature", "properties": {"tipo": "cabo", "nome": "DROP-F8-R3 132", "comprimento": "", "descricao": "DROP-F8-R3 132"}, "geometry": {"type": "LineString", "coordinates": [[-41.305449746, -21.741229106199995], [-41.304584822087, -21.741586061606995], [-41.304620430637, -21.741023751118007]]}}, {"type": "Feature", "properties": {"tipo": "cabo", "nome": "DROP-F8-R1 221", "comprimento": "", "descricao": "DROP-F8-R1 221"}, "geometry": {"type": "LineString", "coordinates": [[-41.304620430637, -21.741023751118007], [-41.304584822087, -21.741227298509003], [-41.30378037660001, -21.7413767954]]}}, {"type": "Feature", "properties": {"tipo": "cabo", "nome": "DROP-F8-R1 180", "comprimento": "", "descricao": "DROP-F8-R1 180"}, "geometry": {"type": "LineString", "coordinates": [[-41.307133615746, -21.733476009851003], [-41.305908883083, -21.733795994627002]]}}, {"type": "Feature", "properties": {"tipo": "cabo", "nome": "DROP-F8-R1 179", "comprimento": "", "descricao": "DROP-F8-R1 179"}, "geometry": {"type": "LineString", "coordinates": [[-41.3074571696, -21.73093905810002], [-41.307482302755, -21.731910856352982], [-41.307565207471, -21.732789700061005], [-41.30757496109301, -21.733188349036993], [-41.30757252281, -21.733369552786], [-41.307133615746, -21.733476009851003], [-41.307081087939, -21.73291460374101]]}}, {"type": "Feature", "properties": {"tipo": "cabo", "nome": "DROP-F8-R4 90", "comprimento": "", "descricao": "DROP-F8-R4 90"}, "geometry": {"type": "LineString", "coordinates": [[-41.306470035888005, -21.730995564287], [-41.30647946721099, -21.731467466187], [-41.306988582694, -21.731450363641997], [-41.306964156234, -21.730982481240005]]}}, {"type": "Feature", "properties": {"tipo": "cabo", "nome": "DROP-F8-R2 121", "comprimento": "", "descricao": "DROP-F8-R2 121"}, "geometry": {"type": "LineString", "coordinates": [[-41.305515343677, -21.732036054594985], [-41.305545396404995, -21.732497132351995], [-41.305789857897, -21.73251760652299]]}}, {"type": "Feature", "properties": {"tipo": "cabo", "nome": "DROP-F8-R2 123", "comprimento": "", "descricao": "DROP-F8-R2 123"}, "geometry": {"type": "LineString", "coordinates": [[-41.304762816099, -21.73256753885802], [-41.305789857897, -21.73251760652299]]}}, {"type": "Feature", "properties": {"tipo": "cabo", "nome": "DROP-F8-R3 128", "comprimento": "", "descricao": "DROP-F8-R3 128"}, "geometry": {"type": "LineString", "coordinates": [[-41.306782307, -21.731470448400003], [-41.30644801231799, -21.731504401051012], [-41.305716838312, -21.73154266233101], [-41.304869334085005, -21.731581643884994]]}}, {"type": "Feature", "properties": {"tipo": "cabo", "nome": "DROP-F8-R2 124", "comprimento": "", "descricao": "DROP-F8-R2 124"}, "geometry": {"type": "LineString", "coordinates": [[-41.305804815848, -21.73249582756401], [-41.307480312189, -21.732443536847995], [-41.307524319728, -21.732356264161993], [-41.307388025695, -21.730397083474998]]}}, {"type": "Feature", "properties": {"tipo": "cabo", "nome": "DROP-F8-R1 177", "comprimento": "", "descricao": "DROP-F8-R1 177"}, "geometry": {"type": "LineString", "coordinates": [[-41.306756153969, -21.731955838692016], [-41.306034395980994, -21.73198301952999], [-41.306044149440005, -21.732447357480993], [-41.305789857897, -21.73251760652299]]}}, {"type": "Feature", "properties": {"tipo": "cabo", "nome": "85M - 6F", "comprimento": "", "descricao": "85M - 6F"}, "geometry": {"type": "LineString", "coordinates": [[-41.305962989148, -21.737946183177996], [-41.30612773065399, -21.737886444371995], [-41.306066039847, -21.737861529656], [-41.305833165306, -21.737363229129997]]}}, {"type": "Feature", "properties": {"tipo": "cabo", "nome": "DROP-F8-R2 8", "comprimento": "", "descricao": "DROP-F8-R2 8"}, "geometry": {"type": "LineString", "coordinates": [[-41.306308884721, -21.73554607380602], [-41.30605635402599, -21.73489179194999], [-41.305872297587, -21.734172982458006], [-41.306873269513, -21.73389539261899], [-41.30707499999999, -21.7345638889]]}}, {"type": "Feature", "properties": {"tipo": "cabo", "nome": "DROP-F8-R3 1", "comprimento": "", "descricao": "DROP-F8-R3 1"}, "geometry": {"type": "LineString", "coordinates": [[-41.306308884721, -21.73554607380602], [-41.305732520707, -21.735693067661998], [-41.305524043052, -21.735025146181997]]}}, {"type": "Feature", "properties": {"tipo": "cabo", "nome": "DROP-F8-R1 1", "comprimento": "", "descricao": "DROP-F8-R1 1"}, "geometry": {"type": "LineString", "coordinates": [[-41.306308884721, -21.73554607380602], [-41.306845313894, -21.735443753341997], [-41.306703705756995, -21.735330807021995], [-41.306537402447, -21.734754745791008]]}}, {"type": "Feature", "properties": {"tipo": "cabo", "nome": "DROP-F8-R1 181", "comprimento": "", "descricao": "DROP-F8-R1 181"}, "geometry": {"type": "LineString", "coordinates": [[-41.305908883083, -21.733795994627002], [-41.304667365645, -21.734089221405], [-41.304581838865, -21.73325040705602], [-41.304564954013, -21.733042771981985], [-41.304030522785, -21.733067164739012]]}}, {"type": "Feature", "properties": {"tipo": "cabo", "nome": "DROP-F8-R2 125", "comprimento": "", "descricao": "DROP-F8-R2 125"}, "geometry": {"type": "LineString", "coordinates": [[-41.305908883083, -21.733795994627002], [-41.305131819468, -21.733956262788], [-41.3050622952, -21.733226285400008], [-41.305061106654, -21.733001547092982], [-41.30586576935901, -21.732958511134], [-41.306609990069, -21.732909664760996], [-41.306641688888, -21.733054628060003]]}}, {"type": "Feature", "properties": {"tipo": "cabo", "nome": "DROP-F8-R3 129", "comprimento": "", "descricao": "DROP-F8-R3 129"}, "geometry": {"type": "LineString", "coordinates": [[-41.305908883083, -21.733795994627002], [-41.305619898151, -21.733829287446], [-41.3055843934, -21.7333669895]]}}, {"type": "Feature", "properties": {"tipo": "cabo", "nome": "DROP-F8-R4 93", "comprimento": "", "descricao": "DROP-F8-R4 93"}, "geometry": {"type": "LineString", "coordinates": [[-41.305908883083, -21.733795994627002], [-41.306114887678, -21.733711505478], [-41.306100626785, -21.733328694527984]]}}, {"type": "Feature", "properties": {"tipo": "cabo", "nome": "114M - 6F", "comprimento": "", "descricao": "114M - 6F"}, "geometry": {"type": "LineString", "coordinates": [[-41.306205602461006, -21.738161046507003], [-41.30605368046399, -21.738170217021008], [-41.305748049440005, -21.738306390220004], [-41.305625296198, -21.738383625603007], [-41.30555320597799, -21.738363869929003], [-41.305289603588, -21.738479361702005], [-41.305247300752, -21.738557314391002]]}}, {"type": "Feature", "properties": {"tipo": "cabo", "nome": "93M - 6F", "comprimento": "", "descricao": "93M - 6F"}, "geometry": {"type": "LineString", "coordinates": [[-41.307165026668, -21.737760621842995], [-41.307527557331, -21.738533944417995]]}}, {"type": "Feature", "properties": {"tipo": "cabo", "nome": "95M - 6F", "comprimento": "", "descricao": "95M - 6F"}, "geometry": {"type": "LineString", "coordinates": [[-41.305249859115996, -21.738561728009003], [-41.30562110580399, -21.739341258916]]}}, {"type": "Feature", "properties": {"tipo": "cabo", "nome": "99M - 6F", "comprimento": "", "descricao": "99M - 6F"}, "geometry": {"type": "LineString", "coordinates": [[-41.30602152706701, -21.739190759409013], [-41.30562839246401, -21.73838001246901]]}}, {"type": "Feature", "properties": {"tipo": "cabo", "nome": "96M - 6F", "comprimento": "", "descricao": "96M - 6F"}, "geometry": {"type": "LineString", "coordinates": [[-41.306585375264994, -21.737999157578002], [-41.306961390670004, -21.73878783436301]]}}, {"type": "Feature", "properties": {"tipo": "cabo", "nome": "94M - 6F", "comprimento": "", "descricao": "94M - 6F"}, "geometry": {"type": "LineString", "coordinates": [[-41.306202833288005, -21.738143659063], [-41.30656821609, -21.7389243426]]}}, {"type": "Feature", "properties": {"tipo": "cabo", "nome": "DROP-F8-R6 17", "comprimento": "", "descricao": "DROP-F8-R6 17"}, "geometry": {"type": "LineString", "coordinates": [[-41.3046277101, -21.742191274899994], [-41.304724296956, -21.742642414412003], [-41.30540998, -21.74238041310001], [-41.306002430938, -21.742147854750982], [-41.306168727897, -21.742511598332], [-41.305814676307, -21.742646133396008]]}}, {"type": "Feature", "properties": {"tipo": "cabo", "nome": "126M - 6F", "comprimento": "", "descricao": "126M - 6F"}, "geometry": {"type": "LineString", "coordinates": [[-41.305114124893, -21.738214956896996], [-41.305202860493, -21.73825403123601], [-41.305951361771996, -21.737951694459994], [-41.306054813063, -21.738162678861997], [-41.306207038518, -21.738149019999]]}}, {"type": "Feature", "properties": {"tipo": "cabo", "nome": "DROP-F8-R5 4", "comprimento": "", "descricao": "DROP-F8-R5 4"}, "geometry": {"type": "LineString", "coordinates": [[-41.31056262833899, -21.734344314195], [-41.310343288904, -21.734572164426993], [-41.30958482676, -21.733724991055993], [-41.308934720570996, -21.733027319418]]}}, {"type": "Feature", "properties": {"tipo": "cabo", "nome": "DROP-F8-R6 1", "comprimento": "", "descricao": "DROP-F8-R6 1"}, "geometry": {"type": "LineString", "coordinates": [[-41.31056880371699, -21.734350813977997], [-41.31085989741901, -21.734069041951003], [-41.3116175798, -21.733451521744996], [-41.31167122398, -21.733492292557003], [-41.311773635775005, -21.734281222297]]}}, {"type": "Feature", "properties": {"tipo": "cabo", "nome": "DROP-F8-R2 13", "comprimento": "", "descricao": "DROP-F8-R2 13"}, "geometry": {"type": "LineString", "coordinates": [[-41.31056880371699, -21.734350813977997], [-41.310889816752, -21.734101014792998], [-41.310332422314, -21.733505362499997], [-41.309582805055, -21.732663099890004], [-41.309331652786, -21.732665364900996], [-41.310146068949, -21.732579292731998], [-41.31112629438, -21.732488690406996]]}}, {"type": "Feature", "properties": {"tipo": "cabo", "nome": "DROP-F8-R1 103", "comprimento": "", "descricao": "DROP-F8-R1 103"}, "geometry": {"type": "LineString", "coordinates": [[-41.312419576033996, -21.730064125672], [-41.312411529407, -21.730390525822997], [-41.31242000000001, -21.731038999999996], [-41.312472561861, -21.731329245234008], [-41.312408688321, -21.731350255975002]]}}, {"type": "Feature", "properties": {"tipo": "cabo", "nome": "DROP-F8-R2 2", "comprimento": "", "descricao": "DROP-F8-R2 2"}, "geometry": {"type": "LineString", "coordinates": [[-41.30824515123099, -21.734047887858992], [-41.307822771504, -21.734112156490994], [-41.307207534171, -21.73428332940999]]}}, {"type": "Feature", "properties": {"tipo": "cabo", "nome": "DROP-F8-R2 14", "comprimento": "", "descricao": "DROP-F8-R2 14"}, "geometry": {"type": "LineString", "coordinates": [[-41.31112629438, -21.732488690406996], [-41.312389544209, -21.732328357352003], [-41.312295684727, -21.731624911645], [-41.312252203910994, -21.731374513389994], [-41.312403375695, -21.731315962978]]}}, {"type": "Feature", "properties": {"tipo": "cabo", "nome": "FIBRA AS MINI RAR -R4 14", "comprimento": "", "descricao": "FIBRA AS MINI RAR -R4 14"}, "geometry": {"type": "LineString", "coordinates": [[-41.31233084856, -21.731702363455], [-41.31228394837999, -21.731396626525992], [-41.312408688321, -21.731350255975002]]}}, {"type": "Feature", "properties": {"tipo": "cabo", "nome": "DROP-F8-R2 126", "comprimento": "", "descricao": "DROP-F8-R2 126"}, "geometry": {"type": "LineString", "coordinates": [[-41.30717709884101, -21.728964014461], [-41.307517174911, -21.729333283179002], [-41.3076257143, -21.7295446591], [-41.307715013679, -21.730253631443006], [-41.30775519314201, -21.731191534472984], [-41.307742205356, -21.731767618771997]]}}, {"type": "Feature", "properties": {"tipo": "cabo", "nome": "FIBRA AS MINI RAR -R1 9", "comprimento": "", "descricao": "FIBRA AS MINI RAR -R1 9"}, "geometry": {"type": "LineString", "coordinates": [[-41.310287140939, -21.736976953319996], [-41.309941135976, -21.737106510594998]]}}, {"type": "Feature", "properties": {"tipo": "cabo", "nome": "DROP-F8-R5 1", "comprimento": "", "descricao": "DROP-F8-R5 1"}, "geometry": {"type": "LineString", "coordinates": [[-41.3086849337, -21.734932510199997], [-41.308259785272995, -21.735050662066996], [-41.306308884721, -21.73554607380602]]}}, {"type": "Feature", "properties": {"tipo": "cabo", "nome": "DROP-F8-R1 14", "comprimento": "", "descricao": "DROP-F8-R1 14"}, "geometry": {"type": "LineString", "coordinates": [[-41.310343288904, -21.734572164426993], [-41.3112430471, -21.735627984299995]]}}, {"type": "Feature", "properties": {"tipo": "cabo", "nome": "DROP-F8-R4 7", "comprimento": "", "descricao": "DROP-F8-R4 7"}, "geometry": {"type": "LineString", "coordinates": [[-41.309763436968005, -21.734970030360998], [-41.310243890346, -21.735497105842015]]}}, {"type": "Feature", "properties": {"tipo": "cabo", "nome": "DROP-F8-R4 11", "comprimento": "", "descricao": "DROP-F8-R4 11"}, "geometry": {"type": "LineString", "coordinates": [[-41.31056262833899, -21.734344314195], [-41.30975750243499, -21.734907346002004], [-41.309763436968005, -21.734970030360998]]}}, {"type": "Feature", "properties": {"tipo": "cabo", "nome": "DROP-F8-R4 8", "comprimento": "", "descricao": "DROP-F8-R4 8"}, "geometry": {"type": "LineString", "coordinates": [[-41.309763436968005, -21.734970030360998], [-41.309050032198, -21.734158547723013]]}}, {"type": "Feature", "properties": {"tipo": "cabo", "nome": "DROP-F8-R4 91", "comprimento": "", "descricao": "DROP-F8-R4 91"}, "geometry": {"type": "LineString", "coordinates": [[-41.30824515123099, -21.734047887858992], [-41.308675926987, -21.734448501180992], [-41.308080596812, -21.734602842434995], [-41.307486483908, -21.734726821760006]]}}, {"type": "Feature", "properties": {"tipo": "cabo", "nome": "FIBRA AS MINI RAR -R3 7", "comprimento": "", "descricao": "FIBRA AS MINI RAR -R3 7"}, "geometry": {"type": "LineString", "coordinates": [[-41.310889816752, -21.734101014792998], [-41.311360422471, -21.734665007120995]]}}, {"type": "Feature", "properties": {"tipo": "cabo", "nome": "96M - 6F", "comprimento": "", "descricao": "96M - 6F"}, "geometry": {"type": "LineString", "coordinates": [[-41.308139844627, -21.737372955832015], [-41.308504753011, -21.738172494347012]]}}, {"type": "Feature", "properties": {"tipo": "cabo", "nome": "96M - 6F", "comprimento": "", "descricao": "96M - 6F"}, "geometry": {"type": "LineString", "coordinates": [[-41.307558966553, -21.737618155413003], [-41.307930226103004, -21.738412536447015]]}}, {"type": "Feature", "properties": {"tipo": "cabo", "nome": "229M - 12F", "comprimento": "", "descricao": "229M - 12F"}, "geometry": {"type": "LineString", "coordinates": [[-41.30814291424301, -21.737368997542006], [-41.30798608224, -21.737363733039004], [-41.307650572804, -21.737508108811994], [-41.3075575634, -21.73761367077101], [-41.307481658887, -21.737578904310993], [-41.30722637303601, -21.73768648632401], [-41.307166399805, -21.737749183527995], [-41.30700144680801, -21.73776937452702], [-41.306728187074995, -21.737891596734997], [-41.306585375264994, -21.737999157578002], [-41.306519912246, -21.73797503112202], [-41.306272765157, -21.738076048950006], [-41.306226818386, -21.738148014271005]]}}, {"type": "Feature", "properties": {"tipo": "cabo", "nome": "110M - 6F", "comprimento": "", "descricao": "110M - 6F"}, "geometry": {"type": "LineString", "coordinates": [[-41.308763352616, -21.737746860165984], [-41.308513968830006, -21.737218656044007], [-41.308433680641, -21.737186644333022], [-41.308168516157, -21.737288988697003], [-41.308145738946, -21.737356148108006]]}}, {"type": "Feature", "properties": {"tipo": "cabo", "nome": "FIBRA - TUBULA\u00c7\u00c3O 1", "comprimento": "", "descricao": "FIBRA - TUBULA\u00c7\u00c3O 1"}, "geometry": {"type": "LineString", "coordinates": [[-41.310287140939, -21.736976953319996], [-41.310024773839, -21.737110812409995], [-41.31004582960399, -21.737148379047], [-41.31032797133201, -21.737651761185006], [-41.310448744288, -21.737589436329003]]}}, {"type": "Feature", "properties": {"tipo": "cabo", "nome": "FIBRA AS MINI RAR -R3 3", "comprimento": "", "descricao": "FIBRA AS MINI RAR -R3 3"}, "geometry": {"type": "LineString", "coordinates": [[-41.309941135976, -21.737106510594998], [-41.310099386307996, -21.737398014039996]]}}, {"type": "Feature", "properties": {"tipo": "cabo", "nome": "194M - 6F", "comprimento": "", "descricao": "194M - 6F"}, "geometry": {"type": "LineString", "coordinates": [[-41.308133272642, -21.737375038250008], [-41.308152975975, -21.737288070936984], [-41.308420555565, -21.737181233515003], [-41.308649845647, -21.737094546427002], [-41.308856378495, -21.737051940496983], [-41.30893414257801, -21.737017939221005], [-41.30899516604201, -21.73694175738902], [-41.309097751478, -21.736910312863984], [-41.309769413144, -21.736637591253]]}}, {"type": "Feature", "properties": {"tipo": "cabo", "nome": "FIBRA - TUBULA\u00c7\u00c3O 2", "comprimento": "", "descricao": "FIBRA - TUBULA\u00c7\u00c3O 2"}, "geometry": {"type": "LineString", "coordinates": [[-41.310263419267, -21.73698905606699], [-41.310067689183, -21.737125761317984], [-41.310215249905, -21.737347615627982], [-41.31033810291, -21.737293371845993]]}}, {"type": "Feature", "properties": {"tipo": "cabo", "nome": "DROP-F8-R2 56", "comprimento": "", "descricao": "DROP-F8-R2 56"}, "geometry": {"type": "LineString", "coordinates": [[-41.314798926254, -21.652327617515994], [-41.313972805878, -21.652317645707996], [-41.313921843907, -21.652320138660002], [-41.31307963027601, -21.652312659803002]]}}, {"type": "Feature", "properties": {"tipo": "cabo", "nome": "DROP-F8-R2 57", "comprimento": "", "descricao": "DROP-F8-R2 57"}, "geometry": {"type": "LineString", "coordinates": [[-41.313030644608006, -21.65231213123201]]}}, {"type": "Feature", "properties": {"tipo": "cabo", "nome": "DROP-F8-R1 77", "comprimento": "", "descricao": "DROP-F8-R1 77"}, "geometry": {"type": "LineString", "coordinates": [[-41.314610528475995, -21.651760434555996], [-41.313808547981, -21.651740490858998]]}}, {"type": "Feature", "properties": {"tipo": "cabo", "nome": "DROP-F8-R1 78", "comprimento": "", "descricao": "DROP-F8-R1 78"}, "geometry": {"type": "LineString", "coordinates": [[-41.313754903801, -21.651740490858998], [-41.312880762506, -21.651750444675997]]}}, {"type": "Feature", "properties": {"tipo": "cabo", "nome": "DROP-F8-R3 66", "comprimento": "", "descricao": "DROP-F8-R3 66"}, "geometry": {"type": "LineString", "coordinates": [[-41.314658347796, -21.651199404037996], [-41.31380272311999, -21.651181953236005]]}}, {"type": "Feature", "properties": {"tipo": "cabo", "nome": "DROP-F8-R4 52", "comprimento": "", "descricao": "DROP-F8-R4 52"}, "geometry": {"type": "LineString", "coordinates": [[-41.314742546807, -21.650643144285], [-41.313852053414, -21.650648130246992]]}}, {"type": "Feature", "properties": {"tipo": "cabo", "nome": "DROP-F8-R4 40", "comprimento": "", "descricao": "DROP-F8-R4 40"}, "geometry": {"type": "LineString", "coordinates": [[-41.31458029654501, -21.655014456835005], [-41.313931201963, -21.65461309846802]]}}, {"type": "Feature", "properties": {"tipo": "cabo", "nome": "DROP-F8-R4 42", "comprimento": "", "descricao": "DROP-F8-R4 42"}, "geometry": {"type": "LineString", "coordinates": [[-41.313198958902, -21.654189302706], [-41.313123857049995, -21.654166866425015], [-41.312818085222, -21.65462556303001], [-41.312877093821, -21.65468539291399]]}}, {"type": "Feature", "properties": {"tipo": "cabo", "nome": "DROP-F8-R5 20", "comprimento": "", "descricao": "DROP-F8-R5 20"}, "geometry": {"type": "LineString", "coordinates": [[-41.314894740315005, -21.654533638432], [-41.314232234688006, -21.654144743331003]]}}, {"type": "Feature", "properties": {"tipo": "cabo", "nome": "DROP-F8-R5 21", "comprimento": "", "descricao": "DROP-F8-R5 21"}, "geometry": {"type": "LineString", "coordinates": [[-41.314181272717, -21.65411482828], [-41.313537542553, -21.653730917904994]]}}, {"type": "Feature", "properties": {"tipo": "cabo", "nome": "DROP-F8-R4 41", "comprimento": "", "descricao": "DROP-F8-R4 41"}, "geometry": {"type": "LineString", "coordinates": [[-41.313896333247, -21.654595648078], [-41.31323919203799, -21.654204260223977]]}}, {"type": "Feature", "properties": {"tipo": "cabo", "nome": "DROP-F8-R1 72", "comprimento": "", "descricao": "DROP-F8-R1 72"}, "geometry": {"type": "LineString", "coordinates": [[-41.31459258966499, -21.653714337233993], [-41.31388985090301, -21.653288045897014]]}}, {"type": "Feature", "properties": {"tipo": "cabo", "nome": "DROP-F8-R2 59", "comprimento": "", "descricao": "DROP-F8-R2 59"}, "geometry": {"type": "LineString", "coordinates": [[-41.31336288222501, -21.652751889787993], [-41.312920674039, -21.653391575553997]]}}, {"type": "Feature", "properties": {"tipo": "cabo", "nome": "DROP-F8-R2 58", "comprimento": "", "descricao": "DROP-F8-R2 58"}, "geometry": {"type": "LineString", "coordinates": [[-41.313623537102, -21.652317489696003], [-41.31338737840801, -21.652683580651015]]}}, {"type": "Feature", "properties": {"tipo": "cabo", "nome": "DROP-F8-R3 55", "comprimento": "", "descricao": "DROP-F8-R3 55"}, "geometry": {"type": "LineString", "coordinates": [[-41.314866852315, -21.656175197894], [-41.314166795762, -21.655923416229]]}}, {"type": "Feature", "properties": {"tipo": "cabo", "nome": "DROP-F8-R6 9", "comprimento": "", "descricao": "DROP-F8-R6 9"}, "geometry": {"type": "LineString", "coordinates": [[-41.31526226194, -21.655691627326988], [-41.315109376027, -21.655901030267003], [-41.31507987172701, -21.655935930727992]]}}, {"type": "Feature", "properties": {"tipo": "cabo", "nome": "DROP-F8-R2 48", "comprimento": "", "descricao": "DROP-F8-R2 48"}, "geometry": {"type": "LineString", "coordinates": [[-41.314676528486, -21.656511737082013], [-41.313885276827, -21.656277406193]]}}, {"type": "Feature", "properties": {"tipo": "cabo", "nome": "DROP-F8-R3 56", "comprimento": "", "descricao": "DROP-F8-R3 56"}, "geometry": {"type": "LineString", "coordinates": [[-41.314113151581, -21.65591843044801], [-41.313332628758, -21.655641719390005]]}}, {"type": "Feature", "properties": {"tipo": "cabo", "nome": "DROP-F8-R2 47", "comprimento": "", "descricao": "DROP-F8-R2 47"}, "geometry": {"type": "LineString", "coordinates": [[-41.31528613311801, -21.655719068164004], [-41.314762359175006, -21.656531680119997], [-41.314724808249004, -21.656511737082013]]}}, {"type": "Feature", "properties": {"tipo": "cabo", "nome": "DROP-F8-R3 57", "comprimento": "", "descricao": "DROP-F8-R3 57"}, "geometry": {"type": "LineString", "coordinates": [[-41.31328703120501, -21.655631747810006], [-41.312863242181, -21.655512088801004]]}}, {"type": "Feature", "properties": {"tipo": "cabo", "nome": "DROP-F8-R2 49", "comprimento": "", "descricao": "DROP-F8-R2 49"}, "geometry": {"type": "LineString", "coordinates": [[-41.313845043692, -21.656264941773003], [-41.31346685222099, -21.656165226376004], [-41.313018923315, -21.655955823819994]]}}, {"type": "Feature", "properties": {"tipo": "cabo", "nome": "DROP-F8-R4 43", "comprimento": "", "descricao": "DROP-F8-R4 43"}, "geometry": {"type": "LineString", "coordinates": [[-41.312909280329, -21.65469287164801], [-41.313525979456, -21.655027350480992]]}}, {"type": "Feature", "properties": {"tipo": "cabo", "nome": "DROP-F8-R2 54", "comprimento": "", "descricao": "DROP-F8-R2 54"}, "geometry": {"type": "LineString", "coordinates": [[-41.316581054627, -21.652363301756992], [-41.315738840996, -21.652348344047]]}}, {"type": "Feature", "properties": {"tipo": "cabo", "nome": "DROP-F8-R2 55", "comprimento": "", "descricao": "DROP-F8-R2 55"}, "geometry": {"type": "LineString", "coordinates": [[-41.315690561234, -21.652348344047], [-41.314856394231, -21.652335879288003]]}}, {"type": "Feature", "properties": {"tipo": "cabo", "nome": "DROP-F8-R3 65", "comprimento": "", "descricao": "DROP-F8-R3 65"}, "geometry": {"type": "LineString", "coordinates": [[-41.315554205607, -21.651246770490005], [-41.314709309767, -21.651194418095002]]}}, {"type": "Feature", "properties": {"tipo": "cabo", "nome": "DROP-F8-R1 76", "comprimento": "", "descricao": "DROP-F8-R1 76"}, "geometry": {"type": "LineString", "coordinates": [[-41.315517115123, -21.651777885287004], [-41.31466685486599, -21.651760434555996]]}}, {"type": "Feature", "properties": {"tipo": "cabo", "nome": "DROP-F8-R4 50", "comprimento": "", "descricao": "DROP-F8-R4 50"}, "geometry": {"type": "LineString", "coordinates": [[-41.316480618249, -21.650678046016992], [-41.315665226708, -21.650663088133]]}}, {"type": "Feature", "properties": {"tipo": "cabo", "nome": "DROP-F8-R1 75", "comprimento": "", "descricao": "DROP-F8-R1 75"}, "geometry": {"type": "LineString", "coordinates": [[-41.316426383979994, -21.651807800823008], [-41.315565394885994, -21.651780378249]]}}, {"type": "Feature", "properties": {"tipo": "cabo", "nome": "DROP-F8-R3 64", "comprimento": "", "descricao": "DROP-F8-R3 64"}, "geometry": {"type": "LineString", "coordinates": [[-41.31647152109001, -21.651266714254007], [-41.315591756533, -21.651249263459974]]}}, {"type": "Feature", "properties": {"tipo": "cabo", "nome": "DROP-F8-R4 51", "comprimento": "", "descricao": "DROP-F8-R4 51"}, "geometry": {"type": "LineString", "coordinates": [[-41.315608900319, -21.650665581113003], [-41.314793508778, -21.650638158323005]]}}, {"type": "Feature", "properties": {"tipo": "cabo", "nome": "DROP-F8-R1 69", "comprimento": "", "descricao": "DROP-F8-R1 69"}, "geometry": {"type": "LineString", "coordinates": [[-41.3165031354, -21.6538611509], [-41.316523780156, -21.653893827945993], [-41.316081215668, -21.654589352347003], [-41.31596588068, -21.654537001164996]]}}, {"type": "Feature", "properties": {"tipo": "cabo", "nome": "DROP-F8-R1 70", "comprimento": "", "descricao": "DROP-F8-R1 70"}, "geometry": {"type": "LineString", "coordinates": [[-41.31592564754501, -21.654524536593982], [-41.31536774807, -21.654150598993]]}}, {"type": "Feature", "properties": {"tipo": "cabo", "nome": "DROP-F8-R1 71", "comprimento": "", "descricao": "DROP-F8-R1 71"}, "geometry": {"type": "LineString", "coordinates": [[-41.315322150517, -21.654135641468983], [-41.31524381354101, -21.654089746547], [-41.3146328228, -21.653731787729996]]}}, {"type": "Feature", "properties": {"tipo": "cabo", "nome": "DROP-F8-R2 50", "comprimento": "", "descricao": "DROP-F8-R2 50"}, "geometry": {"type": "LineString", "coordinates": [[-41.3165031354, -21.6538611509], [-41.31634391388, -21.654122378791996], [-41.31564653953599, -21.653716032087004], [-41.31561522243, -21.653678989152]]}}, {"type": "Feature", "properties": {"tipo": "cabo", "nome": "DROP-F8-R2 51", "comprimento": "", "descricao": "DROP-F8-R2 51"}, "geometry": {"type": "LineString", "coordinates": [[-41.315595577564004, -21.653651215942006], [-41.31414831965301, -21.652824185165002]]}}, {"type": "Feature", "properties": {"tipo": "cabo", "nome": "DROP-F8-R3 58", "comprimento": "", "descricao": "DROP-F8-R3 58"}, "geometry": {"type": "LineString", "coordinates": [[-41.31651499742599, -21.653832474715983], [-41.316571323815005, -21.653782616185993], [-41.316651790086, -21.653670434429984], [-41.316650313659, -21.653625354029003]]}}, {"type": "Feature", "properties": {"tipo": "cabo", "nome": "DROP-F8-R3 59", "comprimento": "", "descricao": "DROP-F8-R3 59"}, "geometry": {"type": "LineString", "coordinates": [[-41.316633014622994, -21.653603125336005], [-41.315943686905996, -21.653166861920994], [-41.315900211329, -21.653177567197005]]}}, {"type": "Feature", "properties": {"tipo": "cabo", "nome": "DROP-F8-R3 60", "comprimento": "", "descricao": "DROP-F8-R3 60"}, "geometry": {"type": "LineString", "coordinates": [[-41.315876631681, -21.653139439604985], [-41.315175838544, -21.65274372041098]]}}, {"type": "Feature", "properties": {"tipo": "cabo", "nome": "DROP-F8-R4 38", "comprimento": "", "descricao": "DROP-F8-R4 38"}, "geometry": {"type": "LineString", "coordinates": [[-41.315299128561, -21.655690032685], [-41.315449332266006, -21.655483122337003], [-41.315401052503994, -21.655455700461005]]}}, {"type": "Feature", "properties": {"tipo": "cabo", "nome": "DROP-F8-R8 1", "comprimento": "", "descricao": "DROP-F8-R8 1"}, "geometry": {"type": "LineString", "coordinates": [[-41.315299128561, -21.655690032685], [-41.315475880374, -21.655505817110978], [-41.316092542593, -21.65589481806002], [-41.316835511417, -21.65631450238301]]}}, {"type": "Feature", "properties": {"tipo": "cabo", "nome": "DROP-F8-R6 10", "comprimento": "", "descricao": "DROP-F8-R6 10"}, "geometry": {"type": "LineString", "coordinates": [[-41.31507987172701, -21.655935930727992], [-41.315707508637, -21.656299892169002]]}}, {"type": "Feature", "properties": {"tipo": "cabo", "nome": "DROP-F8-R3 54", "comprimento": "", "descricao": "DROP-F8-R3 54"}, "geometry": {"type": "LineString", "coordinates": [[-41.31528613311801, -21.655719068164004], [-41.315301370175, -21.65575389961201], [-41.315003644974, -21.656227548481993], [-41.314920496495, -21.656185169436]]}}, {"type": "Feature", "properties": {"tipo": "cabo", "nome": "DROP-F8-R5 18", "comprimento": "", "descricao": "DROP-F8-R5 18"}, "geometry": {"type": "LineString", "coordinates": [[-41.31531584713, -21.655710289023006], [-41.315356080265, -21.655685360083993], [-41.315785233708, -21.655042191983], [-41.31571281406501, -21.654997319684]]}}, {"type": "Feature", "properties": {"tipo": "cabo", "nome": "DROP-F8-R6 11", "comprimento": "", "descricao": "DROP-F8-R6 11"}, "geometry": {"type": "LineString", "coordinates": [[-41.31572785960499, -21.65631689389501], [-41.316397332779, -21.656692861905995]]}}, {"type": "Feature", "properties": {"tipo": "cabo", "nome": "DROP-F8-R4 39", "comprimento": "", "descricao": "DROP-F8-R4 39"}, "geometry": {"type": "LineString", "coordinates": [[-41.31535009053201, -21.655440743071992], [-41.314615165263, -21.655026921363003]]}}, {"type": "Feature", "properties": {"tipo": "cabo", "nome": "DROP-F8-R5 19", "comprimento": "", "descricao": "DROP-F8-R5 19"}, "geometry": {"type": "LineString", "coordinates": [[-41.31567258092999, -21.654982362246997], [-41.314937655659, -21.654548595915003]]}}, {"type": "Feature", "properties": {"tipo": "cabo", "nome": "DROP-F8-R1 73", "comprimento": "", "descricao": "DROP-F8-R1 73"}, "geometry": {"type": "LineString", "coordinates": [[-41.318107011792, -21.651545446295003], [-41.318107011792, -21.651545446295003], [-41.317901598937, -21.651845195234017], [-41.317351746090004, -21.651817772667002]]}}, {"type": "Feature", "properties": {"tipo": "cabo", "nome": "DROP-F8-R3 63", "comprimento": "", "descricao": "DROP-F8-R3 63"}, "geometry": {"type": "LineString", "coordinates": [[-41.317324463557, -21.651264221283], [-41.316525165271, -21.651269207224004]]}}, {"type": "Feature", "properties": {"tipo": "cabo", "nome": "DROP-F8-R3 62", "comprimento": "", "descricao": "DROP-F8-R3 62"}, "geometry": {"type": "LineString", "coordinates": [[-41.318161312769, -21.65127668613499], [-41.31737274331899, -21.651264221283]]}}, {"type": "Feature", "properties": {"tipo": "cabo", "nome": "DROP-F8-R1 74", "comprimento": "", "descricao": "DROP-F8-R1 74"}, "geometry": {"type": "LineString", "coordinates": [[-41.317308830745, -21.651817772667002], [-41.316426383979994, -21.651807800823008]]}}, {"type": "Feature", "properties": {"tipo": "cabo", "nome": "DROP-F8-R3 61", "comprimento": "", "descricao": "DROP-F8-R3 61"}, "geometry": {"type": "LineString", "coordinates": [[-41.31810498638101, -21.651516011077007], [-41.318271283339, -21.651296629895], [-41.318179393747, -21.65130137769502]]}}, {"type": "Feature", "properties": {"tipo": "cabo", "nome": "DROP-F8-R4 46", "comprimento": "", "descricao": "DROP-F8-R4 46"}, "geometry": {"type": "LineString", "coordinates": [[-41.31810498638101, -21.651516011077007], [-41.318196919481, -21.651498524776002], [-41.318403449575, -21.651199368500002], [-41.31830689005001, -21.650723210148], [-41.318245199243, -21.65071822418801]]}}, {"type": "Feature", "properties": {"tipo": "cabo", "nome": "DROP-F8-R4 47", "comprimento": "", "descricao": "DROP-F8-R4 47"}, "geometry": {"type": "LineString", "coordinates": [[-41.318191555063, -21.650713238228008], [-41.317378845731, -21.65069329438799]]}}, {"type": "Feature", "properties": {"tipo": "cabo", "nome": "DROP-F8-R4 49", "comprimento": "", "descricao": "DROP-F8-R4 49"}, "geometry": {"type": "LineString", "coordinates": [[-41.317320149669996, -21.650697989859992], [-41.31653962684701, -21.650673060055993]]}}, {"type": "Feature", "properties": {"tipo": "cabo", "nome": "DROP-F8-R8 2", "comprimento": "", "descricao": "DROP-F8-R8 2"}, "geometry": {"type": "LineString", "coordinates": [[-41.31651499742599, -21.653832474715983], [-41.317081714812, -21.653218816698995], [-41.317725444976, -21.653567827410996], [-41.318465734663995, -21.653996610844004]]}}, {"type": "Feature", "properties": {"tipo": "cabo", "nome": "DROP-F8-R4 44", "comprimento": "", "descricao": "DROP-F8-R4 44"}, "geometry": {"type": "LineString", "coordinates": [[-41.31651499742599, -21.653832474715983], [-41.316720542202, -21.653654542198012], [-41.31703704286501, -21.653145983757014], [-41.316935118923, -21.653108589683995]]}}, {"type": "Feature", "properties": {"tipo": "cabo", "nome": "DROP-F8-R5 26", "comprimento": "", "descricao": "DROP-F8-R5 26"}, "geometry": {"type": "LineString", "coordinates": [[-41.317304289614, -21.652725438296997], [-41.31745628948299, -21.652790777286], [-41.318116112901, -21.653187154848]]}}, {"type": "Feature", "properties": {"tipo": "cabo", "nome": "DROP-F8-R5 25", "comprimento": "", "descricao": "DROP-F8-R5 25"}, "geometry": {"type": "LineString", "coordinates": [[-41.317729874803, -21.652252300363998], [-41.317517980291, -21.652531510871015], [-41.31745628948299, -21.652578876885002], [-41.31733559007701, -21.652693552434997]]}}, {"type": "Feature", "properties": {"tipo": "cabo", "nome": "DROP-F8-R5 24", "comprimento": "", "descricao": "DROP-F8-R5 24"}, "geometry": {"type": "LineString", "coordinates": [[-41.318107011792, -21.651545446295003], [-41.318159028245, -21.651591666209995], [-41.317729874803, -21.652252300363998], [-41.31811879511, -21.652514060230004]]}}, {"type": "Feature", "properties": {"tipo": "cabo", "nome": "DROP-F8-R4 45", "comprimento": "", "descricao": "DROP-F8-R4 45"}, "geometry": {"type": "LineString", "coordinates": [[-41.316886839161, -21.65309612499], [-41.316213604698, -21.652687282450003]]}}, {"type": "Feature", "properties": {"tipo": "cabo", "nome": "DROP-F8-R2 52", "comprimento": "", "descricao": "DROP-F8-R2 52"}, "geometry": {"type": "LineString", "coordinates": [[-41.318107011792, -21.651545446295003], [-41.318131371437, -21.651565555089007], [-41.31755201429, -21.652418146678002], [-41.317495687901, -21.652393217170996]]}}, {"type": "Feature", "properties": {"tipo": "cabo", "nome": "DROP-F8-R2 53", "comprimento": "", "descricao": "DROP-F8-R2 53"}, "geometry": {"type": "LineString", "coordinates": [[-41.317442043721, -21.652395710121], [-41.316634698807, -21.652370780610994]]}}, {"type": "Feature", "properties": {"tipo": "cabo", "nome": "DROP-F8-R9 3", "comprimento": "", "descricao": "DROP-F8-R9 3"}, "geometry": {"type": "LineString", "coordinates": [[-41.317029126734, -21.655821002994003], [-41.317559278547, -21.656142227104]]}}, {"type": "Feature", "properties": {"tipo": "cabo", "nome": "DROP-F8-R7 2", "comprimento": "", "descricao": "DROP-F8-R7 2"}, "geometry": {"type": "LineString", "coordinates": [[-41.3165031354, -21.6538611509], [-41.316487766925, -21.65399987103801], [-41.316106893245, -21.654603157186003], [-41.316788174335, -21.654987065238984], [-41.317565406504, -21.655447484872], [-41.31793286914, -21.655689295792016], [-41.318149234, -21.65584884092], [-41.318296755496, -21.655938584976]]}}, {"type": "Feature", "properties": {"tipo": "cabo", "nome": "DROP-F8-R6 14", "comprimento": "", "descricao": "DROP-F8-R6 14"}, "geometry": {"type": "LineString", "coordinates": [[-41.31787296736401, -21.655028539430006], [-41.318501798318, -21.655413092846004]]}}, {"type": "Feature", "properties": {"tipo": "cabo", "nome": "DROP-F8-R9 2", "comprimento": "", "descricao": "DROP-F8-R9 2"}, "geometry": {"type": "LineString", "coordinates": [[-41.315299128561, -21.655690032685], [-41.315809790866, -21.655084850011036], [-41.316359643715, -21.655408927224016], [-41.317016784923, -21.655797818918018]]}}, {"type": "Feature", "properties": {"tipo": "cabo", "nome": "DROP-F8-R6 13", "comprimento": "", "descricao": "DROP-F8-R6 13"}, "geometry": {"type": "LineString", "coordinates": [[-41.317199383938, -21.654613385982998], [-41.31787296736401, -21.655028539430006]]}}, {"type": "Feature", "properties": {"tipo": "cabo", "nome": "DROP-F8-R6 12", "comprimento": "", "descricao": "DROP-F8-R6 12"}, "geometry": {"type": "LineString", "coordinates": [[-41.316533204728, -21.653851482079006], [-41.31657880228101, -21.653921283982996], [-41.31644469183001, -21.654140661176], [-41.317199383938, -21.654613385982998]]}}, {"type": "Feature", "properties": {"tipo": "cabo", "nome": "DROP-F8-R5 23", "comprimento": "", "descricao": "DROP-F8-R5 23"}, "geometry": {"type": "LineString", "coordinates": [[-41.317474660092, -21.65408682636199], [-41.318177398854, -21.654515608253007]]}}, {"type": "Feature", "properties": {"tipo": "cabo", "nome": "DROP-F8-R5 22", "comprimento": "", "descricao": "DROP-F8-R5 22"}, "geometry": {"type": "LineString", "coordinates": [[-41.31651499742599, -21.653832474715983], [-41.316739734822, -21.65368546541501], [-41.316873845273, -21.653727845194993], [-41.317429062539, -21.654066882988005]]}}, {"type": "Feature", "properties": {"tipo": "cabo", "nome": "DROP-F8-R4 35", "comprimento": "", "descricao": "DROP-F8-R4 35"}, "geometry": {"type": "LineString", "coordinates": [[-41.312525056261, -21.678530876406], [-41.313155375379, -21.678486011413]]}}, {"type": "Feature", "properties": {"tipo": "cabo", "nome": "DROP-F8-R4 36", "comprimento": "", "descricao": "DROP-F8-R4 36"}, "geometry": {"type": "LineString", "coordinates": [[-41.31320365514199, -21.678483518912998], [-41.31397076692001, -21.67841372889501]]}}, {"type": "Feature", "properties": {"tipo": "cabo", "nome": "DROP-F8-R5 16", "comprimento": "", "descricao": "DROP-F8-R5 16"}, "geometry": {"type": "LineString", "coordinates": [[-41.31289092646999, -21.677842723517998]]}}, {"type": "Feature", "properties": {"tipo": "cabo", "nome": "DROP-F8-R5 14", "comprimento": "", "descricao": "DROP-F8-R5 14"}, "geometry": {"type": "LineString", "coordinates": [[-41.31289092646999, -21.677842723517998], [-41.313023067088, -21.677824786505994]]}}, {"type": "Feature", "properties": {"tipo": "cabo", "nome": "DROP-F8-R5 15", "comprimento": "", "descricao": "DROP-F8-R5 15"}, "geometry": {"type": "LineString", "coordinates": [[-41.313074029058996, -21.677819801482997], [-41.313906008703, -21.677769314708996]]}}, {"type": "Feature", "properties": {"tipo": "cabo", "nome": "DROP-F8-R5 11", "comprimento": "", "descricao": "DROP-F8-R5 11"}, "geometry": {"type": "LineString", "coordinates": [[-41.312960663905, -21.67846335744501], [-41.31289092646999, -21.677842723517998], [-41.312327662577, -21.677887588711002]]}}, {"type": "Feature", "properties": {"tipo": "cabo", "nome": "DROP-F8-R1 59", "comprimento": "", "descricao": "DROP-F8-R1 59"}, "geometry": {"type": "LineString", "coordinates": [[-41.313752318303, -21.687406690174996], [-41.313014514, -21.687468029499982]]}}, {"type": "Feature", "properties": {"tipo": "cabo", "nome": "DROP-F8-R5 10", "comprimento": "", "descricao": "DROP-F8-R5 10"}, "geometry": {"type": "LineString", "coordinates": [[-41.312531991018, -21.67919719292], [-41.312461773026996, -21.678508222444023], [-41.312960663905, -21.67846335744501]]}}, {"type": "Feature", "properties": {"tipo": "cabo", "nome": "DROP-F8-R1 64", "comprimento": "", "descricao": "DROP-F8-R1 64"}, "geometry": {"type": "LineString", "coordinates": [[-41.31312671172499, -21.679826471226008], [-41.313207177995, -21.68043463428002], [-41.313247411131, -21.68042964934699]]}}, {"type": "Feature", "properties": {"tipo": "cabo", "nome": "DROP-F8-R1 63", "comprimento": "", "descricao": "DROP-F8-R1 63"}, "geometry": {"type": "LineString", "coordinates": [[-41.312592952131006, -21.679195873217992], [-41.313038198827, -21.679160978387003], [-41.31312671172499, -21.679826471226008]]}}, {"type": "Feature", "properties": {"tipo": "cabo", "nome": "BACKBONE 12F R2 2", "comprimento": "", "descricao": "BACKBONE 12F R2 2"}, "geometry": {"type": "LineString", "coordinates": [[-41.313162346497, -21.679796454911013], [-41.312585671559, -21.679846304449995]]}}, {"type": "Feature", "properties": {"tipo": "cabo", "nome": "DROP-F8-R3 52", "comprimento": "", "descricao": "DROP-F8-R3 52"}, "geometry": {"type": "LineString", "coordinates": [[-41.312592952131006, -21.679195873217992], [-41.313293200006, -21.679120185482986]]}}, {"type": "Feature", "properties": {"tipo": "cabo", "nome": "BACKBONE 12F R2 1", "comprimento": "", "descricao": "BACKBONE 12F R2 1"}, "geometry": {"type": "LineString", "coordinates": [[-41.312561531677, -21.679185796677004], [-41.313060422554, -21.679128469443995], [-41.313162346497, -21.679796454911013], [-41.313411173904, -21.679781514046013]]}}, {"type": "Feature", "properties": {"tipo": "cabo", "nome": "DROP-F8-R1 65", "comprimento": "", "descricao": "DROP-F8-R1 65"}, "geometry": {"type": "LineString", "coordinates": [[-41.313207177995, -21.68043463428002], [-41.31239983308199, -21.68052436303799]]}}, {"type": "Feature", "properties": {"tipo": "cabo", "nome": "DROP-F8-R3 42", "comprimento": "", "descricao": "DROP-F8-R3 42"}, "geometry": {"type": "LineString", "coordinates": [[-41.3138537645, -21.720481855999992], [-41.3138537645, -21.720481855999992]]}}, {"type": "Feature", "properties": {"tipo": "cabo", "nome": "DROP-F8-R3 43", "comprimento": "", "descricao": "DROP-F8-R3 43"}, "geometry": {"type": "LineString", "coordinates": [[-41.31307393480001, -21.719973823000004], [-41.31307393480001, -21.719973823000004]]}}, {"type": "Feature", "properties": {"tipo": "cabo", "nome": "DROP-F8-R4 54", "comprimento": "", "descricao": "DROP-F8-R4 54"}, "geometry": {"type": "LineString", "coordinates": [[-41.310459139455, -21.705537622109006], [-41.310504764171, -21.705230591440994], [-41.310656002037, -21.704945772762997], [-41.311593460044, -21.705057763980008], [-41.31293027356901, -21.705261927438997], [-41.314075837819, -21.705418799114994]]}}, {"type": "Feature", "properties": {"tipo": "cabo", "nome": "119M - 6F", "comprimento": "", "descricao": "119M - 6F"}, "geometry": {"type": "LineString", "coordinates": [[-41.313212028642, -21.693694329317992], [-41.313202566096, -21.694012392442005], [-41.313135020312, -21.694179350350012], [-41.312785768512995, -21.694218352394998], [-41.312801954705, -21.693968426791002]]}}, {"type": "Feature", "properties": {"tipo": "cabo", "nome": "DROP-F8-R2 45", "comprimento": "", "descricao": "DROP-F8-R2 45"}, "geometry": {"type": "LineString", "coordinates": [[-41.314049333, -21.6880304054], [-41.3131680534, -21.688113578499994]]}}, {"type": "Feature", "properties": {"tipo": "cabo", "nome": "DROP-F8-R2 46", "comprimento": "", "descricao": "DROP-F8-R2 46"}, "geometry": {"type": "LineString", "coordinates": [[-41.3121236758, -21.68822339866101], [-41.3131680534, -21.688113578499994]]}}, {"type": "Feature", "properties": {"tipo": "cabo", "nome": "202M - 6F", "comprimento": "", "descricao": "202M - 6F"}, "geometry": {"type": "LineString", "coordinates": [[-41.31303297889401, -21.698984625378003], [-41.313073138219, -21.698995748195003], [-41.313299168906, -21.699058351268008], [-41.31300327884399, -21.699270563406003], [-41.312814518874, -21.699416626396996], [-41.312639701316, -21.69964340247401], [-41.312542159344, -21.699811503114006], [-41.31241682544099, -21.700094286251996], [-41.31233334067701, -21.700290130794002]]}}, {"type": "Feature", "properties": {"tipo": "cabo", "nome": "DROP-F8-R1 60", "comprimento": "", "descricao": "DROP-F8-R1 60"}, "geometry": {"type": "LineString", "coordinates": [[-41.313014514, -21.687468029499982], [-41.312032729326, -21.687571763677028]]}}, {"type": "Feature", "properties": {"tipo": "cabo", "nome": "DROP-F8-R1 67", "comprimento": "", "descricao": "DROP-F8-R1 67"}, "geometry": {"type": "LineString", "coordinates": [[-41.3141336288, -21.680365578500002], [-41.3141336288, -21.680365578500002]]}}, {"type": "Feature", "properties": {"tipo": "cabo", "nome": "DROP-F8-R1 68", "comprimento": "", "descricao": "DROP-F8-R1 68"}, "geometry": {"type": "LineString", "coordinates": [[-41.31415465923, -21.680344150148997], [-41.315007601697, -21.680261898687007]]}}, {"type": "Feature", "properties": {"tipo": "cabo", "nome": "DROP-F8-R3 115", "comprimento": "", "descricao": "DROP-F8-R3 115"}, "geometry": {"type": "LineString", "coordinates": [[-41.314228991129, -21.679023626491997], [-41.31507120476, -21.678936389292005]]}}, {"type": "Feature", "properties": {"tipo": "cabo", "nome": "DROP-F8-R7 1", "comprimento": "", "descricao": "DROP-F8-R7 1"}, "geometry": {"type": "LineString", "coordinates": [[-41.31528613311801, -21.655719068164004], [-41.31509057163, -21.656089257654003], [-41.314813131654994, -21.65653047804699], [-41.315102810229, -21.656595292898004], [-41.315357620085, -21.65675982277402], [-41.315851146544, -21.657206046799004]]}}, {"type": "Feature", "properties": {"tipo": "cabo", "nome": "BACKBONE 12F R2 4", "comprimento": "", "descricao": "BACKBONE 12F R2 4"}, "geometry": {"type": "LineString", "coordinates": [[-41.313411173904, -21.679781514046013], [-41.31427542687901, -21.679689627045022]]}}, {"type": "Feature", "properties": {"tipo": "cabo", "nome": "DROP-F8-R3 53", "comprimento": "", "descricao": "DROP-F8-R3 53"}, "geometry": {"type": "LineString", "coordinates": [[-41.313323242678, -21.679097493379004], [-41.314170820727, -21.679032688640007]]}}, {"type": "Feature", "properties": {"tipo": "cabo", "nome": "DROP-F8-R2 105", "comprimento": "", "descricao": "DROP-F8-R2 105"}, "geometry": {"type": "LineString", "coordinates": [[-41.314322868445, -21.679674165088997], [-41.315151671031, -21.67959191324502]]}}, {"type": "Feature", "properties": {"tipo": "cabo", "nome": "DROP-F8-R4 37", "comprimento": "", "descricao": "DROP-F8-R4 37"}, "geometry": {"type": "LineString", "coordinates": [[-41.314013682264005, -21.67841123639498], [-41.314855895895, -21.678304058799995]]}}, {"type": "Feature", "properties": {"tipo": "cabo", "nome": "DROP-F8-R2 42", "comprimento": "", "descricao": "DROP-F8-R2 42"}, "geometry": {"type": "LineString", "coordinates": [[-41.316245397276, -21.687217818736997], [-41.3162362482, -21.687149158500006]]}}, {"type": "Feature", "properties": {"tipo": "cabo", "nome": "DROP-F8-R3 49", "comprimento": "", "descricao": "DROP-F8-R3 49"}, "geometry": {"type": "LineString", "coordinates": [[-41.316485936407, -21.68637899769], [-41.315598125223, -21.686456260936012]]}}, {"type": "Feature", "properties": {"tipo": "cabo", "nome": "DROP-F8-R4 32", "comprimento": "", "descricao": "DROP-F8-R4 32"}, "geometry": {"type": "LineString", "coordinates": [[-41.31587256231501, -21.686018110492], [-41.31581641958601, -21.686061414299004]]}}, {"type": "Feature", "properties": {"tipo": "cabo", "nome": "DROP-F8-R4 30", "comprimento": "", "descricao": "DROP-F8-R4 30"}, "geometry": {"type": "LineString", "coordinates": [[-41.31669331827399, -21.685913430926007], [-41.316639941143, -21.685937229773003]]}}, {"type": "Feature", "properties": {"tipo": "cabo", "nome": "DROP-F8-R4 25", "comprimento": "", "descricao": "DROP-F8-R4 25"}, "geometry": {"type": "LineString", "coordinates": [[-41.316564572241, -21.685948324123004], [-41.31587256231501, -21.686018110492]]}}, {"type": "Feature", "properties": {"tipo": "cabo", "nome": "DROP-F8-R4 31", "comprimento": "", "descricao": "DROP-F8-R4 31"}, "geometry": {"type": "LineString", "coordinates": [[-41.316639941143, -21.685937229773003], [-41.316564572241, -21.685948324123004]]}}, {"type": "Feature", "properties": {"tipo": "cabo", "nome": "DROP-F8-R1 12", "comprimento": "", "descricao": "DROP-F8-R1 12"}, "geometry": {"type": "LineString", "coordinates": [[-41.311987118293, -21.683538926902997], [-41.313320895188, -21.683421442270003], [-41.31408770896, -21.683339192564006], [-41.314860185156, -21.683279374566993], [-41.315477670992, -21.683114723960998]]}}, {"type": "Feature", "properties": {"tipo": "cabo", "nome": "DROP-F8-R1 66", "comprimento": "", "descricao": "DROP-F8-R1 66"}, "geometry": {"type": "LineString", "coordinates": [[-41.313307081180994, -21.680428894030996], [-41.314111743885, -21.680349135084995]]}}, {"type": "Feature", "properties": {"tipo": "cabo", "nome": "BACKBONE 12F R3 4", "comprimento": "", "descricao": "BACKBONE 12F R3 4"}, "geometry": {"type": "LineString", "coordinates": [[-41.31558713008301, -21.723076031787997], [-41.315611513563994, -21.72307150138802]]}}, {"type": "Feature", "properties": {"tipo": "cabo", "nome": "341M - 6FO", "comprimento": "", "descricao": "341M - 6FO"}, "geometry": {"type": "LineString", "coordinates": [[-41.311121362922, -21.704368280723003], [-41.312605705418, -21.704610641260018], [-41.31436652238, -21.704844272843005]]}}, {"type": "Feature", "properties": {"tipo": "cabo", "nome": "DROP-F8-R1 58", "comprimento": "", "descricao": "DROP-F8-R1 58"}, "geometry": {"type": "LineString", "coordinates": [[-41.315538669507, -21.68726711874899], [-41.3145808804, -21.687334961900007], [-41.313752318303, -21.687406690174996]]}}, {"type": "Feature", "properties": {"tipo": "cabo", "nome": "DROP-F8-R2 43", "comprimento": "", "descricao": "DROP-F8-R2 43"}, "geometry": {"type": "LineString", "coordinates": [[-41.31624156414001, -21.687186429465], [-41.316319408938, -21.687823893456994], [-41.3161737213, -21.6878544131]]}}, {"type": "Feature", "properties": {"tipo": "cabo", "nome": "DROP-F8-R2 44", "comprimento": "", "descricao": "DROP-F8-R2 44"}, "geometry": {"type": "LineString", "coordinates": [[-41.3161737213, -21.6878544131], [-41.315084557400006, -21.687938502200012], [-41.314049333, -21.6880304054]]}}, {"type": "Feature", "properties": {"tipo": "cabo", "nome": "DROP-F8-R1 57", "comprimento": "", "descricao": "DROP-F8-R1 57"}, "geometry": {"type": "LineString", "coordinates": [[-41.315538669507, -21.68726711874899], [-41.315538669507, -21.68726711874899]]}}, {"type": "Feature", "properties": {"tipo": "cabo", "nome": "DROP-F8-R1 56", "comprimento": "", "descricao": "DROP-F8-R1 56"}, "geometry": {"type": "LineString", "coordinates": [[-41.315547800406, -21.687237098699015], [-41.315547800406, -21.687237098699015]]}}, {"type": "Feature", "properties": {"tipo": "cabo", "nome": "DROP-F8-R1 55", "comprimento": "", "descricao": "DROP-F8-R1 55"}, "geometry": {"type": "LineString", "coordinates": [[-41.31624156414001, -21.687186429465], [-41.315547800406, -21.687237098699015]]}}, {"type": "Feature", "properties": {"tipo": "cabo", "nome": "DROP-F8-R4 26", "comprimento": "", "descricao": "DROP-F8-R4 26"}, "geometry": {"type": "LineString", "coordinates": [[-41.317562353995, -21.686212515197], [-41.317565303253005, -21.686248775823003]]}}, {"type": "Feature", "properties": {"tipo": "cabo", "nome": "DROP-F8-R4 20", "comprimento": "", "descricao": "DROP-F8-R4 20"}, "geometry": {"type": "LineString", "coordinates": [[-41.317562353995, -21.686212515197], [-41.317516203189, -21.68585315050001]]}}, {"type": "Feature", "properties": {"tipo": "cabo", "nome": "DROP-F8-R4 22", "comprimento": "", "descricao": "DROP-F8-R4 22"}, "geometry": {"type": "LineString", "coordinates": [[-41.317986138987, -21.685802251489008], [-41.31801728998, -21.686112832522], [-41.318017220686, -21.686112141655002], [-41.31801643100199, -21.686104268362]]}}, {"type": "Feature", "properties": {"tipo": "cabo", "nome": "DROP-F8-R4 27", "comprimento": "", "descricao": "DROP-F8-R4 27"}, "geometry": {"type": "LineString", "coordinates": [[-41.318016477197, -21.686104728939995], [-41.318017220686, -21.686112141655002]]}}, {"type": "Feature", "properties": {"tipo": "cabo", "nome": "DROP-F8-R4 24", "comprimento": "", "descricao": "DROP-F8-R4 24"}, "geometry": {"type": "LineString", "coordinates": [[-41.317449701216006, -21.685823705524], [-41.31669331827399, -21.685913430926007]]}}, {"type": "Feature", "properties": {"tipo": "cabo", "nome": "DROP-F8-R4 21", "comprimento": "", "descricao": "DROP-F8-R4 21"}, "geometry": {"type": "LineString", "coordinates": [[-41.317562353995, -21.685793797044], [-41.317986138987, -21.685802251489008]]}}, {"type": "Feature", "properties": {"tipo": "cabo", "nome": "DROP-F8-R4 29", "comprimento": "", "descricao": "DROP-F8-R4 29"}, "geometry": {"type": "LineString", "coordinates": [[-41.317449701216006, -21.685823705524], [-41.317498248028, -21.685827565403002]]}}, {"type": "Feature", "properties": {"tipo": "cabo", "nome": "DROP-F8-R4 28", "comprimento": "", "descricao": "DROP-F8-R4 28"}, "geometry": {"type": "LineString", "coordinates": [[-41.317562353995, -21.685793797044], [-41.317516203189, -21.68585315050001]]}}, {"type": "Feature", "properties": {"tipo": "cabo", "nome": "DROP-F8-R5 9", "comprimento": "", "descricao": "DROP-F8-R5 9"}, "geometry": {"type": "LineString", "coordinates": [[-41.317932105652005, -21.687691717242004], [-41.31853371550001, -21.6876229242], [-41.3193050771, -21.687534472799996]]}}, {"type": "Feature", "properties": {"tipo": "cabo", "nome": "DROP-F8-R6 7", "comprimento": "", "descricao": "DROP-F8-R6 7"}, "geometry": {"type": "LineString", "coordinates": [[-41.31624156414001, -21.687186429465], [-41.3171231714, -21.68709271920001]]}}, {"type": "Feature", "properties": {"tipo": "cabo", "nome": "DROP-F8-R3 45", "comprimento": "", "descricao": "DROP-F8-R3 45"}, "geometry": {"type": "LineString", "coordinates": [[-41.31624156414001, -21.687186429465], [-41.316346461539, -21.687161597689], [-41.316797072653, -21.687106765980985], [-41.316815177666, -21.68675886962899], [-41.316724653009, -21.686730420509008], [-41.31589316821499, -21.686810175922005]]}}, {"type": "Feature", "properties": {"tipo": "cabo", "nome": "DROP-F8-R4 19", "comprimento": "", "descricao": "DROP-F8-R4 19"}, "geometry": {"type": "LineString", "coordinates": [[-41.31624156414001, -21.687186429465], [-41.316797072653, -21.687106765980985], [-41.31760039866299, -21.68701714383201], [-41.317589669826, -21.686767908374037], [-41.317583811667, -21.68665615572202], [-41.3175503286, -21.686269682000017]]}}, {"type": "Feature", "properties": {"tipo": "cabo", "nome": "DROP-F8-R3 47", "comprimento": "", "descricao": "DROP-F8-R3 47"}, "geometry": {"type": "LineString", "coordinates": [[-41.31680780148899, -21.68672543579399], [-41.316764886145, -21.686693035142], [-41.316721970801, -21.686408906048]]}}, {"type": "Feature", "properties": {"tipo": "cabo", "nome": "DROP-F8-R6 8", "comprimento": "", "descricao": "DROP-F8-R6 8"}, "geometry": {"type": "LineString", "coordinates": [[-41.3171231714, -21.68709271920001], [-41.318841533, -21.686939829599993]]}}, {"type": "Feature", "properties": {"tipo": "cabo", "nome": "DROP-F8-R3 46", "comprimento": "", "descricao": "DROP-F8-R3 46"}, "geometry": {"type": "LineString", "coordinates": [[-41.316724653009, -21.686730420509008], [-41.316724653009, -21.686730420509008]]}}, {"type": "Feature", "properties": {"tipo": "cabo", "nome": "DROP-F8-R3 48", "comprimento": "", "descricao": "DROP-F8-R3 48"}, "geometry": {"type": "LineString", "coordinates": [[-41.316721970801, -21.686408906048], [-41.316697830919, -21.68635407405303], [-41.316485936407, -21.68637899769]]}}, {"type": "Feature", "properties": {"tipo": "cabo", "nome": "DROP-F8-R1 51", "comprimento": "", "descricao": "DROP-F8-R1 51"}, "geometry": {"type": "LineString", "coordinates": [[-41.316540679493, -21.725020549909004], [-41.316770241102006, -21.724833342694012], [-41.31711892827299, -21.724629023340015], [-41.31746761544499, -21.724514405037]]}}, {"type": "Feature", "properties": {"tipo": "cabo", "nome": "DROP-F8-R1 50", "comprimento": "", "descricao": "DROP-F8-R1 50"}, "geometry": {"type": "LineString", "coordinates": [[-41.317778000000004, -21.723816999999983], [-41.317817048165004, -21.72440676384302], [-41.31746761544499, -21.724514405037]]}}, {"type": "Feature", "properties": {"tipo": "cabo", "nome": "DROP-F8-R1 49", "comprimento": "", "descricao": "DROP-F8-R1 49"}, "geometry": {"type": "LineString", "coordinates": [[-41.31746761544499, -21.724514405037], [-41.317823371286, -21.724432171029008], [-41.31836218912999, -21.724425290780005]]}}, {"type": "Feature", "properties": {"tipo": "cabo", "nome": "DROP-F8-R1 53", "comprimento": "", "descricao": "DROP-F8-R1 53"}, "geometry": {"type": "LineString", "coordinates": [[-41.316457804234, -21.724502957913003], [-41.316737237227, -21.723876553742002]]}}, {"type": "Feature", "properties": {"tipo": "cabo", "nome": "DROP-F8-R1 48", "comprimento": "", "descricao": "DROP-F8-R1 48"}, "geometry": {"type": "LineString", "coordinates": [[-41.317300479294, -21.722882008208998], [-41.317663457029006, -21.723172647374], [-41.31773386021201, -21.723287187164004], [-41.317778000000004, -21.723816999999983]]}}, {"type": "Feature", "properties": {"tipo": "cabo", "nome": "DROP-F8-R3 34", "comprimento": "", "descricao": "DROP-F8-R3 34"}, "geometry": {"type": "LineString", "coordinates": [[-41.317081140468, -21.722645631722017], [-41.31707577605, -21.722650615193004]]}}, {"type": "Feature", "properties": {"tipo": "cabo", "nome": "788M - 6F", "comprimento": "", "descricao": "788M - 6F"}, "geometry": {"type": "LineString", "coordinates": [[-41.312339616193, -21.700286439570988], [-41.312250628807, -21.700397092417006], [-41.312672408177995, -21.700497131291016], [-41.31298732590099, -21.699856830620007], [-41.313243266817, -21.699578776785003], [-41.31354652213701, -21.699376675650996], [-41.313876933135, -21.699175299021007], [-41.314226443577, -21.698988371724994], [-41.314522268305005, -21.698776620664987], [-41.314820603733, -21.698429473532016], [-41.316178603585, -21.700269026914], [-41.316551225099005, -21.700836084447005], [-41.316895219413, -21.701448014285006], [-41.316931509745, -21.701512570830985]]}}, {"type": "Feature", "properties": {"tipo": "cabo", "nome": "DROP-F8-R5 8", "comprimento": "", "descricao": "DROP-F8-R5 8"}, "geometry": {"type": "LineString", "coordinates": [[-41.31624156414001, -21.687186429465], [-41.316290125724, -21.687226295608], [-41.31635764896, -21.687828795917], [-41.317932105652005, -21.687691717242004]]}}, {"type": "Feature", "properties": {"tipo": "cabo", "nome": "DROP-F8-R4 12", "comprimento": "", "descricao": "DROP-F8-R4 12"}, "geometry": {"type": "LineString", "coordinates": [[-41.313405138105, -21.732036973846988], [-41.31246039016601, -21.732309009738017]]}}, {"type": "Feature", "properties": {"tipo": "cabo", "nome": "DROP-F8-R2 130", "comprimento": "", "descricao": "DROP-F8-R2 130"}, "geometry": {"type": "LineString", "coordinates": [[-41.3144732346, -21.731802815500004], [-41.3137306072, -21.731985969321016], [-41.313423137700006, -21.732061800300002]]}}, {"type": "Feature", "properties": {"tipo": "cabo", "nome": "DROP-F8-R3 8", "comprimento": "", "descricao": "DROP-F8-R3 8"}, "geometry": {"type": "LineString", "coordinates": [[-41.31343903461299, -21.732035295103003], [-41.314485686586, -21.731776193140007]]}}, {"type": "Feature", "properties": {"tipo": "cabo", "nome": "DROP-F8-R3 9", "comprimento": "", "descricao": "DROP-F8-R3 9"}, "geometry": {"type": "LineString", "coordinates": [[-41.314485686586, -21.731776193140007], [-41.314699705516, -21.731696754186018], [-41.314604609058, -21.731089713711], [-41.314687513611, -21.731080653375997], [-41.31450219742699, -21.730987785029996], [-41.3144461148, -21.730965134194008], [-41.314340847298, -21.73081194946701], [-41.31420518413301, -21.73082541747401], [-41.314143984835, -21.730831493055007], [-41.313989477917, -21.730846831779985]]}}, {"type": "Feature", "properties": {"tipo": "cabo", "nome": "DROP-F8-R2 95", "comprimento": "", "descricao": "DROP-F8-R2 95"}, "geometry": {"type": "LineString", "coordinates": [[-41.31746761544499, -21.724514405037], [-41.317829331769, -21.724459856641005], [-41.3178555653, -21.724634977600005], [-41.317610436163, -21.724682710937998], [-41.317301266682996, -21.724796421853], [-41.3170281985, -21.7249027836], [-41.316811154048, -21.725045591430984], [-41.316518549338994, -21.725269843717], [-41.316133996447995, -21.725686545965004], [-41.316018661461, -21.725865947022]]}}, {"type": "Feature", "properties": {"tipo": "cabo", "nome": "DROP-F8-R1 52", "comprimento": "", "descricao": "DROP-F8-R1 52"}, "geometry": {"type": "LineString", "coordinates": [[-41.316540679493, -21.725020549909004], [-41.316443722558, -21.725071197782995], [-41.316321011574004, -21.724917825931996], [-41.316457804234, -21.724502957913003]]}}, {"type": "Feature", "properties": {"tipo": "cabo", "nome": "DROP-F8-R1 226", "comprimento": "", "descricao": "DROP-F8-R1 226"}, "geometry": {"type": "LineString", "coordinates": [[-41.313684508066, -21.735959735587002], [-41.313327594348, -21.733540919703998], [-41.31320446926401, -21.732723914814983], [-41.313057611913, -21.732209276761992], [-41.3135112509, -21.732072576799993]]}}, {"type": "Feature", "properties": {"tipo": "cabo", "nome": "DROP-F8-R2 19", "comprimento": "", "descricao": "DROP-F8-R2 19"}, "geometry": {"type": "LineString", "coordinates": [[-41.313938061903, -21.73345459056698], [-41.314067363983, -21.73431025999902]]}}, {"type": "Feature", "properties": {"tipo": "cabo", "nome": "DROP-F8-R2 18", "comprimento": "", "descricao": "DROP-F8-R2 18"}, "geometry": {"type": "LineString", "coordinates": [[-41.313827512375, -21.732600143368003], [-41.313938061903, -21.73345459056698]]}}, {"type": "Feature", "properties": {"tipo": "cabo", "nome": "FIBRA AS MINI RAR -R12 19", "comprimento": "", "descricao": "FIBRA AS MINI RAR -R12 19"}, "geometry": {"type": "LineString", "coordinates": [[-41.3135112509, -21.732072576799993], [-41.313086316928, -21.732215861493998], [-41.31320446926401, -21.732723914814983]]}}, {"type": "Feature", "properties": {"tipo": "cabo", "nome": "DROP-F8-R2 22", "comprimento": "", "descricao": "DROP-F8-R2 22"}, "geometry": {"type": "LineString", "coordinates": [[-41.314232906583, -21.735311880773992], [-41.314362871081, -21.73582667538399], [-41.314888271661, -21.735726213101984], [-41.314694187768, -21.734823266891]]}}, {"type": "Feature", "properties": {"tipo": "cabo", "nome": "DROP-F8-R1 249", "comprimento": "", "descricao": "DROP-F8-R1 249"}, "geometry": {"type": "LineString", "coordinates": [[-41.314484, -21.73181600000001], [-41.314709803041, -21.731736562096003], [-41.314871372307, -21.732623724793996]]}}, {"type": "Feature", "properties": {"tipo": "cabo", "nome": "BACKBONE 12F R1 398", "comprimento": "", "descricao": "BACKBONE 12F R1 398"}, "geometry": {"type": "LineString", "coordinates": [[-41.31246039016601, -21.732309009738017], [-41.31240792254, -21.732236745769995], [-41.31233084856, -21.731702363455], [-41.313216563751, -21.731445309259996]]}}, {"type": "Feature", "properties": {"tipo": "cabo", "nome": "DROP-F8-R2 17", "comprimento": "", "descricao": "DROP-F8-R2 17"}, "geometry": {"type": "LineString", "coordinates": [[-41.313420304294, -21.732091423607002], [-41.313740572703, -21.732020836488005], [-41.313827512375, -21.732600143368003]]}}, {"type": "Feature", "properties": {"tipo": "cabo", "nome": "DROP-F8-R1 230", "comprimento": "", "descricao": "DROP-F8-R1 230"}, "geometry": {"type": "LineString", "coordinates": [[-41.320135380538, -21.743939674890996], [-41.320135380538, -21.743939674890996]]}}, {"type": "Feature", "properties": {"tipo": "cabo", "nome": "DROP-F8-R1 231", "comprimento": "", "descricao": "DROP-F8-R1 231"}, "geometry": {"type": "LineString", "coordinates": [[-41.320135380538, -21.743939674890996], [-41.320135380538, -21.743939674890996]]}}, {"type": "Feature", "properties": {"tipo": "cabo", "nome": "DROP-F8-R1 37", "comprimento": "", "descricao": "DROP-F8-R1 37"}, "geometry": {"type": "LineString", "coordinates": [[-41.3203641244, -21.741066282100007], [-41.320324464793, -21.741561393479998], [-41.320380637700005, -21.741886967599996]]}}, {"type": "Feature", "properties": {"tipo": "cabo", "nome": "DROP-F8-R3 110", "comprimento": "", "descricao": "DROP-F8-R3 110"}, "geometry": {"type": "LineString", "coordinates": [[-41.316180641682, -21.738248976229997], [-41.316180641682, -21.738248976229997]]}}, {"type": "Feature", "properties": {"tipo": "cabo", "nome": "DROP-F8-R1 222", "comprimento": "", "descricao": "DROP-F8-R1 222"}, "geometry": {"type": "LineString", "coordinates": [[-41.313008673745, -21.736414497367008], [-41.31301940258099, -21.736524123191003], [-41.310637600976, -21.736025823315998], [-41.310830720025, -21.736623782958986], [-41.31122768695899, -21.737431024529002], [-41.311324246484006, -21.738228295702996], [-41.311302788811, -21.738427612805992], [-41.311131127435, -21.738397715258003], [-41.31046800517, -21.73866518235002], [-41.304620430637, -21.741023751118007]]}}, {"type": "Feature", "properties": {"tipo": "cabo", "nome": "DROP-F8-R1 317", "comprimento": "", "descricao": "DROP-F8-R1 317"}, "geometry": {"type": "LineString", "coordinates": [[-41.31847587695799, -21.738178987584007]]}}, {"type": "Feature", "properties": {"tipo": "cabo", "nome": "DROP-F8-R1", "comprimento": "", "descricao": "DROP-F8-R1"}, "geometry": {"type": "LineString", "coordinates": [[-41.31343903461299, -21.732035295103003], [-41.312418804609, -21.732383618444004], [-41.312548038467, -21.733136982080993], [-41.31265162804, -21.733929853676003], [-41.313010159198996, -21.736066361523]]}}, {"type": "Feature", "properties": {"tipo": "cabo", "nome": "DROP-F8-R2 20", "comprimento": "", "descricao": "DROP-F8-R2 20"}, "geometry": {"type": "LineString", "coordinates": [[-41.314067363983, -21.73431025999902], [-41.314232906583, -21.735311880773992], [-41.31440907187, -21.736248109464995]]}}, {"type": "Feature", "properties": {"tipo": "cabo", "nome": "DROP-F8-R3 10", "comprimento": "", "descricao": "DROP-F8-R3 10"}, "geometry": {"type": "LineString", "coordinates": [[-41.321745053437, -21.739196220203013], [-41.321874450961, -21.73923050990102]]}}, {"type": "Feature", "properties": {"tipo": "cabo", "nome": "DROP-F8-R5 7", "comprimento": "", "descricao": "DROP-F8-R5 7"}, "geometry": {"type": "LineString", "coordinates": [[-41.321745053437, -21.739196220203013], [-41.321696065527, -21.73910405702499], [-41.321854315859, -21.73864812089201], [-41.3218696901, -21.738294960399998]]}}, {"type": "Feature", "properties": {"tipo": "cabo", "nome": "DROP-F8-R3 14", "comprimento": "", "descricao": "DROP-F8-R3 14"}, "geometry": {"type": "LineString", "coordinates": [[-41.322113770521, -21.728637118623993], [-41.322357851541, -21.72922763413898], [-41.3224362952, -21.729585681399996]]}}, {"type": "Feature", "properties": {"tipo": "cabo", "nome": "DROP-F8-R3 32", "comprimento": "", "descricao": "DROP-F8-R3 32"}, "geometry": {"type": "LineString", "coordinates": [[-41.322477339913, -21.739013191875003], [-41.322477339913, -21.739013191875003]]}}, {"type": "Feature", "properties": {"tipo": "cabo", "nome": "DROP-F8-R1 40", "comprimento": "", "descricao": "DROP-F8-R1 40"}, "geometry": {"type": "LineString", "coordinates": [[-41.321095701522, -21.726918120162992], [-41.32143552472301, -21.727459009276018], [-41.321671825614, -21.727936254143998], [-41.32233653237599, -21.72928999143801], [-41.321777160199, -21.729309977919996], [-41.320807407202, -21.729332294336018], [-41.319295360507994, -21.729369022193993]]}}, {"type": "Feature", "properties": {"tipo": "cabo", "nome": "DROP-F8-R3 12", "comprimento": "", "descricao": "DROP-F8-R3 12"}, "geometry": {"type": "LineString", "coordinates": [[-41.321201819456, -21.72690044079401], [-41.321547824419, -21.727488471792], [-41.321641701734, -21.727692787083]]}}, {"type": "Feature", "properties": {"tipo": "cabo", "nome": "DROP-F8-R3 13", "comprimento": "", "descricao": "DROP-F8-R3 13"}, "geometry": {"type": "LineString", "coordinates": [[-41.321641701734, -21.727692787083], [-41.321810680902, -21.72804909232501], [-41.321939426935, -21.72827084828799], [-41.322113770521, -21.728637118623993]]}}, {"type": "Feature", "properties": {"tipo": "cabo", "nome": "DROP-F8-R2 31", "comprimento": "", "descricao": "DROP-F8-R2 31"}, "geometry": {"type": "LineString", "coordinates": [[-41.321095701522, -21.726918120162992], [-41.32065123013, -21.726144170747006], [-41.3200960097, -21.72543132430002], [-41.3195002486, -21.7247275645], [-41.319087502273, -21.724327728223003], [-41.3185495135, -21.723825784399992]]}}, {"type": "Feature", "properties": {"tipo": "cabo", "nome": "DROP-F8-R1 170", "comprimento": "", "descricao": "DROP-F8-R1 170"}, "geometry": {"type": "LineString", "coordinates": [[-41.322690210597, -21.743199838917008], [-41.322690210597, -21.743199838917008]]}}, {"type": "Feature", "properties": {"tipo": "cabo", "nome": "DROP-F8-R2 27", "comprimento": "", "descricao": "DROP-F8-R2 27"}, "geometry": {"type": "LineString", "coordinates": [[-41.321451276552, -21.741692255223995], [-41.321338623773, -21.742519399450003]]}}, {"type": "Feature", "properties": {"tipo": "cabo", "nome": "DROP-F8-R2 24", "comprimento": "", "descricao": "DROP-F8-R2 24"}, "geometry": {"type": "LineString", "coordinates": [[-41.321745053437, -21.739196220203013], [-41.321820155290006, -21.73927843798799], [-41.321681946527, -21.739948260826992], [-41.321554925685, -21.740878721791987]]}}, {"type": "Feature", "properties": {"tipo": "cabo", "nome": "DROP-F8-R1 38", "comprimento": "", "descricao": "DROP-F8-R1 38"}, "geometry": {"type": "LineString", "coordinates": [[-41.320380637700005, -21.741886967599996], [-41.3205470815, -21.742633068199993]]}}, {"type": "Feature", "properties": {"tipo": "cabo", "nome": "DROP-F8-R1 227", "comprimento": "", "descricao": "DROP-F8-R1 227"}, "geometry": {"type": "LineString", "coordinates": [[-41.320769995462, -21.74037678712699], [-41.3203641244, -21.741066282100007]]}}, {"type": "Feature", "properties": {"tipo": "cabo", "nome": "DROP-F8-R1 35", "comprimento": "", "descricao": "DROP-F8-R1 35"}, "geometry": {"type": "LineString", "coordinates": [[-41.321745053437, -21.739196220203013], [-41.32160387849299, -21.739134741873983], [-41.321188136094996, -21.739712757063003], [-41.320769995462, -21.74037678712699]]}}, {"type": "Feature", "properties": {"tipo": "cabo", "nome": "DROP-F8-R2 26", "comprimento": "", "descricao": "DROP-F8-R2 26"}, "geometry": {"type": "LineString", "coordinates": [[-41.321558564912, -21.740850157714988], [-41.321451276552, -21.741692255223995]]}}, {"type": "Feature", "properties": {"tipo": "cabo", "nome": "DROP-F8-R4 18", "comprimento": "", "descricao": "DROP-F8-R4 18"}, "geometry": {"type": "LineString", "coordinates": [[-41.321745053437, -21.739196220203013], [-41.321615599256, -21.739171326168005], [-41.321355424982, -21.739547534498]]}}, {"type": "Feature", "properties": {"tipo": "cabo", "nome": "FIBRA AS MINI RAR -R6 1", "comprimento": "", "descricao": "FIBRA AS MINI RAR -R6 1"}, "geometry": {"type": "LineString", "coordinates": [[-41.3199080199, -21.744005476593017], [-41.319988312298, -21.744074572139994], [-41.320142021538004, -21.744206846387996], [-41.32027021383999, -21.743962240383], [-41.32028701883801, -21.743930174436997], [-41.320491045724, -21.743540866170008]]}}, {"type": "Feature", "properties": {"tipo": "cabo", "nome": "DROP-F8-R1 39", "comprimento": "", "descricao": "DROP-F8-R1 39"}, "geometry": {"type": "LineString", "coordinates": [[-41.3205470815, -21.742633068199993], [-41.320598938886, -21.742833788810003], [-41.320609667722, -21.743182582377997], [-41.320491045724, -21.743540866170008]]}}, {"type": "Feature", "properties": {"tipo": "cabo", "nome": "DROP-F8-R8 6", "comprimento": "", "descricao": "DROP-F8-R8 6"}, "geometry": {"type": "LineString", "coordinates": [[-41.321865, -21.745169999999987], [-41.322215875049, -21.742280464372996], [-41.322372865844, -21.740961657723005], [-41.32259926201, -21.739489835930996]]}}, {"type": "Feature", "properties": {"tipo": "cabo", "nome": "FIBRA AS MINI RAR -R6 2", "comprimento": "", "descricao": "FIBRA AS MINI RAR -R6 2"}, "geometry": {"type": "LineString", "coordinates": [[-41.320708682209, -21.745037141845998], [-41.320997983228, -21.745393190341005], [-41.321134775887, -21.74418363906601]]}}, {"type": "Feature", "properties": {"tipo": "cabo", "nome": "DROP-F8-R2 30", "comprimento": "", "descricao": "DROP-F8-R2 30"}, "geometry": {"type": "LineString", "coordinates": [[-41.321231335412, -21.743356504421], [-41.321134775887, -21.74418363906601]]}}, {"type": "Feature", "properties": {"tipo": "cabo", "nome": "FIBRA AS MINI RAR -R12 2", "comprimento": "", "descricao": "FIBRA AS MINI RAR -R12 2"}, "geometry": {"type": "LineString", "coordinates": [[-41.321546333786, -21.746227636493003], [-41.321739452835, -21.746438900819996], [-41.321679371288, -21.746151900078004], [-41.321865, -21.745169999999987]]}}, {"type": "Feature", "properties": {"tipo": "cabo", "nome": "DROP-F8-R8 7", "comprimento": "", "descricao": "DROP-F8-R8 7"}, "geometry": {"type": "LineString", "coordinates": [[-41.321546333786, -21.746227636493003], [-41.320708682209, -21.745037141845998], [-41.320142021538004, -21.744206846387996], [-41.3199080199, -21.744005476593017]]}}, {"type": "Feature", "properties": {"tipo": "cabo", "nome": "DROP-F8-R2 28", "comprimento": "", "descricao": "DROP-F8-R2 28"}, "geometry": {"type": "LineString", "coordinates": [[-41.321338623773, -21.742519399450003], [-41.321231335412, -21.743356504421]]}}, {"type": "Feature", "properties": {"tipo": "cabo", "nome": "DROP-F8-R3 24", "comprimento": "", "descricao": "DROP-F8-R3 24"}, "geometry": {"type": "LineString", "coordinates": [[-41.323165601199996, -21.734138188999992], [-41.32315225796899, -21.734972758080005]]}}, {"type": "Feature", "properties": {"tipo": "cabo", "nome": "DROP-F8-R3 23", "comprimento": "", "descricao": "DROP-F8-R3 23"}, "geometry": {"type": "LineString", "coordinates": [[-41.32317596067, -21.733746049369998], [-41.32340059671, -21.733716690932994], [-41.324603333045, -21.734718622616995]]}}, {"type": "Feature", "properties": {"tipo": "cabo", "nome": "DROP-F8-R3 20", "comprimento": "", "descricao": "DROP-F8-R3 20"}, "geometry": {"type": "LineString", "coordinates": [[-41.3231881158, -21.7332859368], [-41.323165601199996, -21.734138188999992]]}}, {"type": "Feature", "properties": {"tipo": "cabo", "nome": "DROP-F8-R3 19", "comprimento": "", "descricao": "DROP-F8-R3 19"}, "geometry": {"type": "LineString", "coordinates": [[-41.3230943549, -21.732411578799997], [-41.3231881158, -21.7332859368]]}}, {"type": "Feature", "properties": {"tipo": "cabo", "nome": "DROP-F8-R3 18", "comprimento": "", "descricao": "DROP-F8-R3 18"}, "geometry": {"type": "LineString", "coordinates": [[-41.3229927166, -21.7317450873], [-41.3230943549, -21.732411578799997]]}}, {"type": "Feature", "properties": {"tipo": "cabo", "nome": "DROP-F8-R3 17", "comprimento": "", "descricao": "DROP-F8-R3 17"}, "geometry": {"type": "LineString", "coordinates": [[-41.3228812925, -21.73118934500002], [-41.3229927166, -21.7317450873]]}}, {"type": "Feature", "properties": {"tipo": "cabo", "nome": "DROP-F8-R3 16", "comprimento": "", "descricao": "DROP-F8-R3 16"}, "geometry": {"type": "LineString", "coordinates": [[-41.3227223544, -21.730437851700017], [-41.322848695791, -21.730799838728004], [-41.3228812925, -21.73118934500002]]}}, {"type": "Feature", "properties": {"tipo": "cabo", "nome": "DROP-F8-R3 15", "comprimento": "", "descricao": "DROP-F8-R3 15"}, "geometry": {"type": "LineString", "coordinates": [[-41.3224362952, -21.729585681399996], [-41.3227223544, -21.730437851700017]]}}, {"type": "Feature", "properties": {"tipo": "cabo", "nome": "DROP-F8-R3 31", "comprimento": "", "descricao": "DROP-F8-R3 31"}, "geometry": {"type": "LineString", "coordinates": [[-41.322718738724, -21.738818858494994], [-41.322669333625996, -21.73920187549099], [-41.322649001288994, -21.739359503271004], [-41.32259926201, -21.739489835930996]]}}, {"type": "Feature", "properties": {"tipo": "cabo", "nome": "DROP-F8-R6 6", "comprimento": "", "descricao": "DROP-F8-R6 6"}, "geometry": {"type": "LineString", "coordinates": [[-41.321745053437, -21.739196220203013], [-41.32251592412701, -21.739304455568004], [-41.322616540799, -21.739229404677985], [-41.322687184558994, -21.73881393138501], [-41.322694003464, -21.73874725813201]]}}, {"type": "Feature", "properties": {"tipo": "cabo", "nome": "DROP-F8-R3 30", "comprimento": "", "descricao": "DROP-F8-R3 30"}, "geometry": {"type": "LineString", "coordinates": [[-41.322718738724, -21.738818858494994], [-41.322718738724, -21.738818858494994]]}}, {"type": "Feature", "properties": {"tipo": "cabo", "nome": "DROP-F8-R3 29", "comprimento": "", "descricao": "DROP-F8-R3 29"}, "geometry": {"type": "LineString", "coordinates": [[-41.322772282967, -21.738048297221], [-41.322734831978, -21.738666879643006], [-41.322718738724, -21.738818858494994], [-41.322687171931996, -21.738814054843004]]}}, {"type": "Feature", "properties": {"tipo": "cabo", "nome": "DROP-F8-R3 28", "comprimento": "", "descricao": "DROP-F8-R3 28"}, "geometry": {"type": "LineString", "coordinates": [[-41.322879571328, -21.737357117117995], [-41.322772282967, -21.738048297221]]}}, {"type": "Feature", "properties": {"tipo": "cabo", "nome": "DROP-F8-R3 25", "comprimento": "", "descricao": "DROP-F8-R3 25"}, "geometry": {"type": "LineString", "coordinates": [[-41.32315225796899, -21.734972758080005], [-41.323110682991, -21.735577137217987], [-41.323068870241, -21.735770569926004]]}}, {"type": "Feature", "properties": {"tipo": "cabo", "nome": "DROP-F8-R3 26", "comprimento": "", "descricao": "DROP-F8-R3 26"}, "geometry": {"type": "LineString", "coordinates": [[-41.323068870241, -21.735770569926004], [-41.322996450598, -21.736450750032006]]}}, {"type": "Feature", "properties": {"tipo": "cabo", "nome": "DROP-F8-R3 27", "comprimento": "", "descricao": "DROP-F8-R3 27"}, "geometry": {"type": "LineString", "coordinates": [[-41.322996450598, -21.736450750032006], [-41.322879571328, -21.737357117117995]]}}, {"type": "Feature", "properties": {"tipo": "cabo", "nome": "DROP-F8-R4 85", "comprimento": "", "descricao": "DROP-F8-R4 85"}, "geometry": {"type": "LineString", "coordinates": [[-41.32505923996, -21.747499320359992], [-41.324764673705, -21.74807999584901], [-41.324588839875, -21.748921497379], [-41.324478571355, -21.748644688208003], [-41.323458394267, -21.747521068192995], [-41.322698727743, -21.746714328593995]]}}, {"type": "Feature", "properties": {"tipo": "cabo", "nome": "DROP-F8-R3 125", "comprimento": "", "descricao": "DROP-F8-R3 125"}, "geometry": {"type": "LineString", "coordinates": [[-41.32505923996, -21.747499320359992], [-41.324876822578, -21.747944773425004], [-41.324499362535, -21.747499036867993], [-41.323462164776, -21.74627484196398], [-41.322764632398, -21.745442084436007]]}}, {"type": "Feature", "properties": {"tipo": "cabo", "nome": "DROP-F8-R4 69", "comprimento": "", "descricao": "DROP-F8-R4 69"}, "geometry": {"type": "LineString", "coordinates": [[-41.325681705119, -21.742954343641998], [-41.325793959775, -21.742978602140994], [-41.326591069701, -21.742348876082005]]}}, {"type": "Feature", "properties": {"tipo": "cabo", "nome": "DROP-F8-R2 117", "comprimento": "", "descricao": "DROP-F8-R2 117"}, "geometry": {"type": "LineString", "coordinates": [[-41.328168855189006, -21.744500295276993], [-41.326440013791995, -21.745777573989997], [-41.326377428806005, -21.745758196958988], [-41.325465477741, -21.744720136973015], [-41.324782390614, -21.744008778327014], [-41.323937359584, -21.74293244396], [-41.32305819109101, -21.741897131675998]]}}, {"type": "Feature", "properties": {"tipo": "cabo", "nome": "DROP-F8-R1 169", "comprimento": "", "descricao": "DROP-F8-R1 169"}, "geometry": {"type": "LineString", "coordinates": [[-41.32505923996, -21.747499320359992], [-41.32524841035299, -21.74721049694999], [-41.325738115247994, -21.746711291034003], [-41.32564427378399, -21.746608418210997], [-41.324770905138, -21.745572987949004], [-41.324041755672, -21.74479959725801], [-41.323406363725, -21.744049398289008], [-41.322411996589004, -21.742808411812987]]}}, {"type": "Feature", "properties": {"tipo": "cabo", "nome": "DROP-F8-R1 171", "comprimento": "", "descricao": "DROP-F8-R1 171"}, "geometry": {"type": "LineString", "coordinates": [[-41.328173683958994, -21.744473155380007], [-41.327428, -21.745018], [-41.326568077585996, -21.744046522960005], [-41.325676500505, -21.743007726136], [-41.32483562405, -21.74199153850502], [-41.324021372644, -21.741072389549004], [-41.323210651175, -21.740129268565994]]}}, {"type": "Feature", "properties": {"tipo": "cabo", "nome": "DROP-F8-R3 126", "comprimento": "", "descricao": "DROP-F8-R3 126"}, "geometry": {"type": "LineString", "coordinates": [[-41.328214412762996, -21.744482378638992], [-41.327415547129, -21.743590544368004]]}}, {"type": "Feature", "properties": {"tipo": "cabo", "nome": "DROP-F8-R2 116", "comprimento": "", "descricao": "DROP-F8-R2 116"}, "geometry": {"type": "LineString", "coordinates": [[-41.32505923996, -21.747499320359992], [-41.325194766172, -21.747208005641014], [-41.325001647123, -21.746963857074007], [-41.324148704656004, -21.745967328009], [-41.323298891136, -21.745001397362998], [-41.322539961629, -21.744127837857008]]}}, {"type": "Feature", "properties": {"tipo": "cabo", "nome": "297M - 12F", "comprimento": "", "descricao": "297M - 12F"}, "geometry": {"type": "LineString", "coordinates": [[-41.30849801992699, -21.602400600592006], [-41.308523776133, -21.603062566093], [-41.308577742171, -21.604301975064004], [-41.308636389947, -21.605079475604995]]}}, {"type": "Feature", "properties": {"tipo": "cabo", "nome": "78M - 6F", "comprimento": "", "descricao": "78M - 6F"}, "geometry": {"type": "LineString", "coordinates": [[-41.308807501063, -21.603815462677005], [-41.308571062284, -21.603820960942002], [-41.308589544962, -21.604300186350997]]}}, {"type": "Feature", "properties": {"tipo": "cabo", "nome": "292M - 6F", "comprimento": "", "descricao": "292M - 6F"}, "geometry": {"type": "LineString", "coordinates": [[-41.30926023999001, -21.601668438870007], [-41.309226593838, -21.601113003370997], [-41.309238465652, -21.601051466471986], [-41.30908292578, -21.601043542643993], [-41.308590926431, -21.601041012005012], [-41.308463864362, -21.601166096778996], [-41.308461458793, -21.601479980918995], [-41.30848862279401, -21.602402837488995]]}}, {"type": "Feature", "properties": {"tipo": "cabo", "nome": "175M - 6F", "comprimento": "", "descricao": "175M - 6F"}, "geometry": {"type": "LineString", "coordinates": [[-41.308040371539, -21.608768789758997], [-41.307873481875006, -21.608796710687997], [-41.307861320802004, -21.608829371029998], [-41.307744661099, -21.608237575733995], [-41.307542389549006, -21.608139535865007], [-41.306945751057, -21.608253532104]]}}, {"type": "Feature", "properties": {"tipo": "cabo", "nome": "FIBRA AS MINI RAR -R5 34", "comprimento": "", "descricao": "FIBRA AS MINI RAR -R5 34"}, "geometry": {"type": "LineString", "coordinates": [[-41.30207884959399, -21.608795389649003], [-41.301667070151, -21.608825900087993], [-41.301634883643, -21.608706202307005], [-41.301464484101, -21.60867007496499], [-41.30145269604499, -21.60832241542299]]}}, {"type": "Feature", "properties": {"tipo": "cabo", "nome": "60M - 6F", "comprimento": "", "descricao": "60M - 6F"}, "geometry": {"type": "LineString", "coordinates": [[-41.305551129243, -21.607763140301984], [-41.30576069331299, -21.608268992728014]]}}, {"type": "Feature", "properties": {"tipo": "cabo", "nome": "225M - 6F", "comprimento": "", "descricao": "225M - 6F"}, "geometry": {"type": "LineString", "coordinates": [[-41.303916743023, -21.608507783213], [-41.303933269316, -21.608478764214], [-41.303849476938, -21.608031988419], [-41.303336825516, -21.608109961254982], [-41.303335279254, -21.608086569639994], [-41.303848667113, -21.60800972094499], [-41.303740150681, -21.607465431218998]]}}, {"type": "Feature", "properties": {"tipo": "cabo", "nome": "91M - 6F", "comprimento": "", "descricao": "91M - 6F"}, "geometry": {"type": "LineString", "coordinates": [[-41.30661707002, -21.608135265099023], [-41.305747557492, -21.608270882341003]]}}, {"type": "Feature", "properties": {"tipo": "cabo", "nome": "144M - 6F", "comprimento": "", "descricao": "144M - 6F"}, "geometry": {"type": "LineString", "coordinates": [[-41.309314878159, -21.607789478108998], [-41.308707349583, -21.607880164357], [-41.308711430673995, -21.607868044553996], [-41.308835120247, -21.607848780202005], [-41.308825640064, -21.60770840387501], [-41.309307709085, -21.607640021322]]}}, {"type": "Feature", "properties": {"tipo": "cabo", "nome": "330M - 6F", "comprimento": "", "descricao": "330M - 6F"}, "geometry": {"type": "LineString", "coordinates": [[-41.308629267294, -21.605093826024998], [-41.308696661728, -21.605835975759007], [-41.308760214588, -21.606569154282994], [-41.30886883288299, -21.607638620738996], [-41.308964098608, -21.607672823965984], [-41.309310544921, -21.607620139107]]}}, {"type": "Feature", "properties": {"tipo": "cabo", "nome": "102M - 6F", "comprimento": "", "descricao": "102M - 6F"}, "geometry": {"type": "LineString", "coordinates": [[-41.30864075147801, -21.610943927773008], [-41.307674420384, -21.611126362226003]]}}, {"type": "Feature", "properties": {"tipo": "cabo", "nome": "1566M - 12F", "comprimento": "", "descricao": "1566M - 12F"}, "geometry": {"type": "LineString", "coordinates": [[-41.29506281666599, -21.609876331178], [-41.29180154175, -21.610200193116995], [-41.291310590546, -21.610214315015], [-41.29074263141101, -21.610051209993998], [-41.290222472652, -21.609790462698], [-41.28969170044001, -21.60977109803099], [-41.289319252931, -21.609810498212994], [-41.288985582521995, -21.609937418414006], [-41.288581166775, -21.610163181100006], [-41.288022543871, -21.61052336992799], [-41.287929439344, -21.610559934708007], [-41.287716397102, -21.610634725341], [-41.287366072522, -21.610685288910005], [-41.286217111082, -21.610850918403997], [-41.28419830138599, -21.611129524361004], [-41.28268163196, -21.611286083794994], [-41.28036581943401, -21.611594591613]]}}, {"type": "Feature", "properties": {"tipo": "cabo", "nome": "110M - 6F", "comprimento": "", "descricao": "110M - 6F"}, "geometry": {"type": "LineString", "coordinates": [[-41.308553370643, -21.610431763022007], [-41.307511630188, -21.610620279394993]]}}, {"type": "Feature", "properties": {"tipo": "cabo", "nome": "107M - 6F", "comprimento": "", "descricao": "107M - 6F"}, "geometry": {"type": "LineString", "coordinates": [[-41.308553776841, -21.610418733033995], [-41.308201324025, -21.61048264637199], [-41.308091442995, -21.60990193413403], [-41.30811694862, -21.609871414623996]]}}, {"type": "Feature", "properties": {"tipo": "cabo", "nome": "269M - 12F", "comprimento": "", "descricao": "269M - 12F"}, "geometry": {"type": "LineString", "coordinates": [[-41.30809854494301, -21.611629520886993], [-41.3084770346, -21.611609005424995], [-41.30844595624299, -21.611570466412005], [-41.308332103715, -21.611038551190006], [-41.308649074567, -21.61097462933401], [-41.30864088730699, -21.610958197860995], [-41.30832233155801, -21.611020427287002], [-41.308214751297, -21.610504043485008], [-41.308561634949, -21.610440454439]]}}, {"type": "Feature", "properties": {"tipo": "cabo", "nome": "1363M - 12F", "comprimento": "", "descricao": "1363M - 12F"}, "geometry": {"type": "LineString", "coordinates": [[-41.306792846349, -21.609017098040994], [-41.30628561165, -21.609102281377005], [-41.306144897543, -21.609067577648005], [-41.306267274294, -21.609360487467], [-41.306258078752, -21.609366348655996], [-41.305804772683, -21.608287197696995], [-41.305742819219, -21.608267566197995], [-41.305645661474, -21.608211312381016], [-41.303912768521, -21.608511776542997], [-41.30207884959399, -21.608795389649003], [-41.297872290628995, -21.609397175022025], [-41.296193864989995, -21.60972922250599], [-41.295628296942, -21.609818091102994], [-41.295062193344, -21.60987888134001]]}}, {"type": "Feature", "properties": {"tipo": "cabo", "nome": "178M - 6F", "comprimento": "", "descricao": "178M - 6F"}, "geometry": {"type": "LineString", "coordinates": [[-41.307545426548, -21.608869348869007], [-41.308036389931, -21.608780052822993], [-41.309229344994, -21.608562214707007]]}}, {"type": "Feature", "properties": {"tipo": "cabo", "nome": "135M - 6F", "comprimento": "", "descricao": "135M - 6F"}, "geometry": {"type": "LineString", "coordinates": [[-41.312191550476, -21.60674796922298], [-41.312297897766, -21.606035129023], [-41.312245097212994, -21.605542304986983]]}}, {"type": "Feature", "properties": {"tipo": "cabo", "nome": "437M - 6F", "comprimento": "", "descricao": "437M - 6F"}, "geometry": {"type": "LineString", "coordinates": [[-41.3110578089, -21.603560116604], [-41.310842898911, -21.603597445427], [-41.31087105627, -21.60419886345599], [-41.310963043925, -21.604600903814003], [-41.31101692568701, -21.605797541434], [-41.31106612146999, -21.606689931811005], [-41.31049664793, -21.60672145744401], [-41.310399457977994, -21.606666903806]]}}, {"type": "Feature", "properties": {"tipo": "cabo", "nome": "393M - 6F", "comprimento": "", "descricao": "393M - 6F"}, "geometry": {"type": "LineString", "coordinates": [[-41.31144070206, -21.604239012471993], [-41.311514365858, -21.605557519621], [-41.311557829112, -21.606429657542023], [-41.311579415173, -21.606638277224008], [-41.311527627706, -21.606675571699], [-41.310489405467, -21.606732635312994], [-41.310386519186004, -21.606676482346003]]}}, {"type": "Feature", "properties": {"tipo": "cabo", "nome": "263M - 6F", "comprimento": "", "descricao": "263M - 6F"}, "geometry": {"type": "LineString", "coordinates": [[-41.31028304578399, -21.604301246717995], [-41.310355999432, -21.605961093733015], [-41.310394750323, -21.606677833525964]]}}, {"type": "Feature", "properties": {"tipo": "cabo", "nome": "129M - 6F", "comprimento": "", "descricao": "129M - 6F"}, "geometry": {"type": "LineString", "coordinates": [[-41.312670023241, -21.606626592546007], [-41.31281877900201, -21.605981355153006], [-41.31286070521399, -21.605674766644], [-41.31307312601599, -21.605648729557004]]}}, {"type": "Feature", "properties": {"tipo": "cabo", "nome": "295M - 6F", "comprimento": "", "descricao": "295M - 6F"}, "geometry": {"type": "LineString", "coordinates": [[-41.312544306188, -21.603297503811007], [-41.311967688404, -21.603456701355015], [-41.312027005711, -21.603886612699995], [-41.312123681209, -21.604606126568996], [-41.312239966098, -21.605541256272005]]}}, {"type": "Feature", "properties": {"tipo": "cabo", "nome": "244M - 6F", "comprimento": "", "descricao": "244M - 6F"}, "geometry": {"type": "LineString", "coordinates": [[-41.309382001184, -21.604587497262003], [-41.30935732893, -21.603861034825016], [-41.309327833861, -21.60312663950799], [-41.30929252212199, -21.602380942723002]]}}, {"type": "Feature", "properties": {"tipo": "cabo", "nome": "91M - 6F", "comprimento": "", "descricao": "91M - 6F"}, "geometry": {"type": "LineString", "coordinates": [[-41.31186085959399, -21.608285984469006], [-41.311802443057, -21.608056827767996], [-41.311703448735, -21.60784973964998], [-41.31158188160399, -21.607740783024013], [-41.311759345708, -21.607631486033995]]}}, {"type": "Feature", "properties": {"tipo": "cabo", "nome": "112M - 12F", "comprimento": "", "descricao": "112M - 12F"}, "geometry": {"type": "LineString", "coordinates": [[-41.312633622015, -21.608033798000008], [-41.312716037354, -21.60761768644099], [-41.312837813161, -21.60784923030701], [-41.312948571581, -21.60816068185801]]}}, {"type": "Feature", "properties": {"tipo": "cabo", "nome": "154M - 6F", "comprimento": "", "descricao": "154M - 6F"}, "geometry": {"type": "LineString", "coordinates": [[-41.312264257284, -21.607226572943006], [-41.311335970656, -21.607381048367003], [-41.31133888274301, -21.607394510049005], [-41.311469913756, -21.607371823600005], [-41.311490657658, -21.607436160049005], [-41.311748502186, -21.607624813127998]]}}, {"type": "Feature", "properties": {"tipo": "cabo", "nome": "118M - 6F", "comprimento": "", "descricao": "118M - 6F"}, "geometry": {"type": "LineString", "coordinates": [[-41.31284297128299, -21.606987809822996], [-41.312618827232995, -21.608031327064992]]}}, {"type": "Feature", "properties": {"tipo": "cabo", "nome": "72M - 6F", "comprimento": "", "descricao": "72M - 6F"}, "geometry": {"type": "LineString", "coordinates": [[-41.31260170169, -21.608023114242982], [-41.312686661422994, -21.607612256926004], [-41.312445677763, -21.607653420367996]]}}, {"type": "Feature", "properties": {"tipo": "cabo", "nome": "371M - 12F", "comprimento": "", "descricao": "371M - 12F"}, "geometry": {"type": "LineString", "coordinates": [[-41.3093048558, -21.607618664201], [-41.30963395077901, -21.607565043497004], [-41.309528004658006, -21.607507779963996], [-41.309509165255, -21.607166712850002], [-41.309462779747996, -21.606045057657013], [-41.309429082726, -21.605324947271], [-41.309391672567, -21.604585550090007]]}}, {"type": "Feature", "properties": {"tipo": "cabo", "nome": "105M - 6F", "comprimento": "", "descricao": "105M - 6F"}, "geometry": {"type": "LineString", "coordinates": [[-41.310388189422, -21.606675570934996], [-41.310424536776, -21.607395533857996], [-41.310390322518, -21.607438048027007], [-41.310487758122, -21.607584999894996]]}}, {"type": "Feature", "properties": {"tipo": "cabo", "nome": "283M - 6F", "comprimento": "", "descricao": "283M - 6F"}, "geometry": {"type": "LineString", "coordinates": [[-41.308099193035, -21.611650920032986], [-41.308975574771004, -21.611603720901], [-41.309966828138, -21.61156420971099], [-41.310825973775, -21.611534500887004]]}}, {"type": "Feature", "properties": {"tipo": "cabo", "nome": "338M - 12F", "comprimento": "", "descricao": "338M - 12F"}, "geometry": {"type": "LineString", "coordinates": [[-41.309232057967, -21.608561421935008], [-41.31057429814899, -21.608332720064013], [-41.311250045060994, -21.608220232395], [-41.311365589994, -21.608282181845993], [-41.31131330537599, -21.607734914697005], [-41.311334960597, -21.607693751238003], [-41.311572077262, -21.60773092214299], [-41.31174294800301, -21.607620841623003]]}}, {"type": "Feature", "properties": {"tipo": "cabo", "nome": "354M - 6F", "comprimento": "", "descricao": "354M - 6F"}, "geometry": {"type": "LineString", "coordinates": [[-41.307223600972, -21.609414639066998], [-41.30826329072799, -21.609231449362], [-41.308842067658006, -21.609118339188996], [-41.309520759751, -21.609111745316014], [-41.310064159413, -21.609110834293006], [-41.310265525461, -21.609025494971007], [-41.310592102065996, -21.609021067068]]}}, {"type": "Feature", "properties": {"tipo": "cabo", "nome": "221M - 6F", "comprimento": "", "descricao": "221M - 6F"}, "geometry": {"type": "LineString", "coordinates": [[-41.307440273588, -21.609986021230995], [-41.308100681448, -21.609876866679002], [-41.308820007252, -21.609736381247004], [-41.30906498133, -21.60972060537], [-41.309550366515, -21.609725038313996]]}}, {"type": "Feature", "properties": {"tipo": "cabo", "nome": "272M - 6F", "comprimento": "", "descricao": "272M - 6F"}, "geometry": {"type": "LineString", "coordinates": [[-41.312145820738, -21.61044069329199], [-41.312404103483, -21.609175272138003], [-41.31262035341, -21.608024713362013]]}}, {"type": "Feature", "properties": {"tipo": "cabo", "nome": "568M - 12F", "comprimento": "", "descricao": "568M - 12F"}, "geometry": {"type": "LineString", "coordinates": [[-41.310586663391, -21.609005758097993], [-41.311497482316, -21.609003694942018], [-41.312005250489, -21.609014483528014], [-41.312057142185, -21.608985696700998], [-41.312085890427994, -21.608950614896997], [-41.31210192004599, -21.608958069267004], [-41.312070279373, -21.608993296820003], [-41.312016632081, -21.609027110157015], [-41.311816721928, -21.609020687633006], [-41.31176628209501, -21.609160065159017], [-41.311874633806994, -21.609615720570005], [-41.311878556936, -21.609880344721006], [-41.31150098187601, -21.609847086271998], [-41.311459224899, -21.60996260955102], [-41.311476148136, -21.60973499268499], [-41.311363559387004, -21.60971798984201], [-41.310967441797004, -21.609724071618018], [-41.30954737078899, -21.609730653599996]]}}, {"type": "Feature", "properties": {"tipo": "cabo", "nome": "446M - 6F", "comprimento": "", "descricao": "446M - 6F"}, "geometry": {"type": "LineString", "coordinates": [[-41.310548800567, -21.610897891950998], [-41.311214403411, -21.610901878963006], [-41.311350849127, -21.61081755142898], [-41.311424219209, -21.610357561910007], [-41.311057770702, -21.610347976141995], [-41.310167759983, -21.610354390528002], [-41.309531238235, -21.61035261844198], [-41.30952372406801, -21.610267602129994], [-41.309058844962, -21.61027263653901], [-41.308856945126, -21.610382782947994], [-41.308560899982, -21.610429909163997]]}}, {"type": "Feature", "properties": {"tipo": "cabo", "nome": "125M - 6F", "comprimento": "", "descricao": "125M - 6F"}, "geometry": {"type": "LineString", "coordinates": [[-41.312377271599, -21.599437019872994], [-41.313097161115, -21.59936845106398], [-41.31335663775499, -21.599368705496005], [-41.313323648946, -21.599160339132]]}}, {"type": "Feature", "properties": {"tipo": "cabo", "nome": "264M - 6F", "comprimento": "", "descricao": "264M - 6F"}, "geometry": {"type": "LineString", "coordinates": [[-41.313179895822, -21.598459227202], [-41.313143071604, -21.598261565176017], [-41.312480026159, -21.59830310362402], [-41.312481514651, -21.598289260803], [-41.313144034693, -21.598247718259998], [-41.313097873138, -21.59792933538901], [-41.312451731052, -21.597966724336985]]}}, {"type": "Feature", "properties": {"tipo": "cabo", "nome": "102M - 6F", "comprimento": "", "descricao": "102M - 6F"}, "geometry": {"type": "LineString", "coordinates": [[-41.313182429810006, -21.598462837832002], [-41.313211777122, -21.598628728283998], [-41.313000736517, -21.598590153998003], [-41.312412728971, -21.598644604089003]]}}, {"type": "Feature", "properties": {"tipo": "cabo", "nome": "109M - 6F", "comprimento": "", "descricao": "109M - 6F"}, "geometry": {"type": "LineString", "coordinates": [[-41.312437719386, -21.599008409210995], [-41.313020173032, -21.598964437537006], [-41.313280214922, -21.598971557980008], [-41.313317087246, -21.599161414340003]]}}, {"type": "Feature", "properties": {"tipo": "cabo", "nome": "74M - 6F", "comprimento": "", "descricao": "74M - 6F"}, "geometry": {"type": "LineString", "coordinates": [[-41.313948367358, -21.599014023871007], [-41.313326140106, -21.59908462814701], [-41.313336767921, -21.59916370254301]]}}, {"type": "Feature", "properties": {"tipo": "cabo", "nome": "109M - 6F", "comprimento": "", "descricao": "109M - 6F"}, "geometry": {"type": "LineString", "coordinates": [[-41.314112618597996, -21.597813065677002], [-41.314226823411, -21.598354136409], [-41.313768201639, -21.598410496735]]}}, {"type": "Feature", "properties": {"tipo": "cabo", "nome": "135M - 12F", "comprimento": "", "descricao": "135M - 12F"}, "geometry": {"type": "LineString", "coordinates": [[-41.313946280007, -21.599001458142993], [-41.313317042026, -21.599072916276], [-41.313192620239, -21.598456570438998]]}}, {"type": "Feature", "properties": {"tipo": "cabo", "nome": "151M - 6F", "comprimento": "", "descricao": "151M - 6F"}, "geometry": {"type": "LineString", "coordinates": [[-41.312923752244, -21.601879381744], [-41.313648848848, -21.60175019593298], [-41.313805215776, -21.601803279760986], [-41.31388420782499, -21.602312900675003]]}}, {"type": "Feature", "properties": {"tipo": "cabo", "nome": "193M - 12F", "comprimento": "", "descricao": "193M - 12F"}, "geometry": {"type": "LineString", "coordinates": [[-41.313896026639, -21.602311983039996], [-41.31372300627801, -21.601179600849022], [-41.313606611339, -21.600588787161]]}}, {"type": "Feature", "properties": {"tipo": "cabo", "nome": "84M - 6F", "comprimento": "", "descricao": "84M - 6F"}, "geometry": {"type": "LineString", "coordinates": [[-41.31291157957299, -21.600474127436996], [-41.313485559796, -21.600432370006004], [-41.313578615467, -21.600466563712985], [-41.313602512328, -21.600586237204]]}}, {"type": "Feature", "properties": {"tipo": "cabo", "nome": "97M - 6F", "comprimento": "", "descricao": "97M - 6F"}, "geometry": {"type": "LineString", "coordinates": [[-41.312720965984, -21.600631482097], [-41.313287359186, -21.600591101290007], [-41.313603884065, -21.600629563225], [-41.313595607585, -21.600584681869023]]}}, {"type": "Feature", "properties": {"tipo": "cabo", "nome": "135M - 6F", "comprimento": "", "descricao": "135M - 6F"}, "geometry": {"type": "LineString", "coordinates": [[-41.312752923763, -21.600847666223004], [-41.313626146433, -21.600795593929007], [-41.313702984002, -21.601193087851]]}}, {"type": "Feature", "properties": {"tipo": "cabo", "nome": "148M - 12F", "comprimento": "", "descricao": "148M - 12F"}, "geometry": {"type": "LineString", "coordinates": [[-41.313855156823, -21.600041664243008], [-41.31354106554, -21.600080388956997], [-41.313506603591, -21.600124203215003], [-41.313453333844, -21.599789631378002], [-41.313335037285995, -21.599148352531017]]}}, {"type": "Feature", "properties": {"tipo": "cabo", "nome": "85M - 6F", "comprimento": "", "descricao": "85M - 6F"}, "geometry": {"type": "LineString", "coordinates": [[-41.31281289386, -21.599980262326], [-41.313469321604, -21.599935529728995], [-41.313442450378, -21.5997881248]]}}, {"type": "Feature", "properties": {"tipo": "cabo", "nome": "277M - 6F", "comprimento": "", "descricao": "277M - 6F"}, "geometry": {"type": "LineString", "coordinates": [[-41.314216188533, -21.607720919309997], [-41.314048195888, -21.608719190844994], [-41.313977648795, -21.608809985042996], [-41.31317728087501, -21.608743798966003], [-41.312953037818, -21.608149493197004]]}}, {"type": "Feature", "properties": {"tipo": "cabo", "nome": "156M - 6F", "comprimento": "", "descricao": "156M - 6F"}, "geometry": {"type": "LineString", "coordinates": [[-41.313563132182, -21.607890727124996], [-41.313490797155, -21.608430181007023], [-41.313464557757, -21.608499549532993], [-41.313147764095, -21.608595576447982], [-41.313090336413, -21.608491016721004], [-41.312963096279, -21.608143896597]]}}, {"type": "Feature", "properties": {"tipo": "cabo", "nome": "211M - 6F", "comprimento": "", "descricao": "211M - 6F"}, "geometry": {"type": "LineString", "coordinates": [[-41.312824281479, -21.606986909986006], [-41.313032344538, -21.605911651502012], [-41.313317197185995, -21.605886210945997], [-41.313317193328, -21.605872746659003], [-41.313036600242, -21.605897128498], [-41.313086142695, -21.605635888186995]]}}, {"type": "Feature", "properties": {"tipo": "cabo", "nome": "228M - 6F", "comprimento": "", "descricao": "228M - 6F"}, "geometry": {"type": "LineString", "coordinates": [[-41.313332655516, -21.609958153424998], [-41.313527409361, -21.609228104628002], [-41.313586417832994, -21.609142684182004], [-41.313325441727, -21.608977497636985], [-41.31321553809299, -21.608887486688985], [-41.31294568370699, -21.60815875089901]]}}, {"type": "Feature", "properties": {"tipo": "cabo", "nome": "67M - 6F", "comprimento": "", "descricao": "67M - 6F"}, "geometry": {"type": "LineString", "coordinates": [[-41.314081404565, -21.606885337085984], [-41.313441510813995, -21.606949884844]]}}, {"type": "Feature", "properties": {"tipo": "cabo", "nome": "111M - 12F", "comprimento": "", "descricao": "111M - 12F"}, "geometry": {"type": "LineString", "coordinates": [[-41.312255756701, -21.605541900091993], [-41.312250092333, -21.605499009898992], [-41.312853792233, -21.60547607267499], [-41.31287733516199, -21.605496790858], [-41.31286368763, -21.605660531061005], [-41.31307662105001, -21.605634431317]]}}, {"type": "Feature", "properties": {"tipo": "cabo", "nome": "135M - 6F", "comprimento": "", "descricao": "135M - 6F"}, "geometry": {"type": "LineString", "coordinates": [[-41.31281864775, -21.604621968654996], [-41.313034743171, -21.60464074691201], [-41.313094298378005, -21.60487776979801], [-41.313107502387, -21.605124860559997], [-41.31311700226599, -21.605239652369008], [-41.313082239243, -21.60564433031101]]}}, {"type": "Feature", "properties": {"tipo": "cabo", "nome": "184M - 12F", "comprimento": "", "descricao": "184M - 12F"}, "geometry": {"type": "LineString", "coordinates": [[-41.272129197464004, -21.61262630235001], [-41.271526249889, -21.612734212551004], [-41.271210277603, -21.612678421265997], [-41.270626424355, -21.612652555303995], [-41.270364915981, -21.612659244319005]]}}, {"type": "Feature", "properties": {"tipo": "cabo", "nome": "174M - 12F", "comprimento": "", "descricao": "174M - 12F"}, "geometry": {"type": "LineString", "coordinates": [[-41.221181608642, -21.612464243451015], [-41.22284409477301, -21.612666175331995]]}}, {"type": "Feature", "properties": {"tipo": "cabo", "nome": "94M - 6F", "comprimento": "", "descricao": "94M - 6F"}, "geometry": {"type": "LineString", "coordinates": [[-41.2826823098, -21.611302505767014], [-41.282300706675, -21.611355213034997], [-41.28226845274201, -21.611475062994003], [-41.282297549629, -21.611836119325005]]}}, {"type": "Feature", "properties": {"tipo": "cabo", "nome": "392M - 6F", "comprimento": "", "descricao": "392M - 6F"}, "geometry": {"type": "LineString", "coordinates": [[-41.27214228402999, -21.612626663550998], [-41.272590053189, -21.612560476118006], [-41.272386989404, -21.611136850134002], [-41.272251985976, -21.61003117266401], [-41.271646855496, -21.609983519593996]]}}, {"type": "Feature", "properties": {"tipo": "cabo", "nome": "134M - 6F", "comprimento": "", "descricao": "134M - 6F"}, "geometry": {"type": "LineString", "coordinates": [[-41.282687946015, -21.611301432855996], [-41.282915731454, -21.611277037305], [-41.28284562834801, -21.611360801833], [-41.28288733704001, -21.612250294665003]]}}, {"type": "Feature", "properties": {"tipo": "cabo", "nome": "136M - 6F", "comprimento": "", "descricao": "136M - 6F"}, "geometry": {"type": "LineString", "coordinates": [[-41.221170411206, -21.612479396273997], [-41.221255992394, -21.612405631488997], [-41.221292576922, -21.612061837286987], [-41.221481883457, -21.611657281598994], [-41.221126093506, -21.611622471568992]]}}, {"type": "Feature", "properties": {"tipo": "cabo", "nome": "442M - 6F", "comprimento": "", "descricao": "442M - 6F"}, "geometry": {"type": "LineString", "coordinates": [[-41.222836139812, -21.612690847044007], [-41.224071705151, -21.612827958268994], [-41.224428053104, -21.612921302527], [-41.22458346941699, -21.613053338631985], [-41.224695086174, -21.613319203634006], [-41.224453196071, -21.613397496580006], [-41.224440393585, -21.613552860347014], [-41.224488131752, -21.613932378889004], [-41.22443443953401, -21.614471634923007], [-41.224334893892994, -21.61458528238198], [-41.223765336512, -21.614527842854997]]}}, {"type": "Feature", "properties": {"tipo": "cabo", "nome": "202M - 6F", "comprimento": "", "descricao": "202M - 6F"}, "geometry": {"type": "LineString", "coordinates": [[-41.270371333803, -21.612652415029004], [-41.270166827735, -21.612801719513], [-41.269971078035, -21.612972750032], [-41.269249109808, -21.613792164581994], [-41.26905984027, -21.613994449752994]]}}, {"type": "Feature", "properties": {"tipo": "cabo", "nome": "173M - 6F", "comprimento": "", "descricao": "173M - 6F"}, "geometry": {"type": "LineString", "coordinates": [[-41.272147079359, -21.612663695114023], [-41.271523301661, -21.612769969558002], [-41.271487406139, -21.61279940698701], [-41.271622354389, -21.613715997780005]]}}, {"type": "Feature", "properties": {"tipo": "cabo", "nome": "276M - 6F", "comprimento": "", "descricao": "276M - 6F"}, "geometry": {"type": "LineString", "coordinates": [[-41.27035584786999, -21.612647408127003], [-41.27018950199, -21.612767226510996], [-41.26996898719, -21.612958947099003], [-41.269707310466, -21.613252272758984], [-41.269609977752, -21.613266207145003], [-41.269313526596996, -21.613012029862006], [-41.26939087914, -21.612925088703022], [-41.269578788824, -21.612698382373992], [-41.269768224311, -21.612509101037006], [-41.270057422813, -21.61230802083], [-41.27010202282901, -21.612148435475007]]}}, {"type": "Feature", "properties": {"tipo": "cabo", "nome": "160M - 6F", "comprimento": "", "descricao": "160M - 6F"}, "geometry": {"type": "LineString", "coordinates": [[-41.26937754993201, -21.612921301607003], [-41.26909172586301, -21.61324847765499], [-41.268999481503, -21.613159712923007], [-41.268928372238996, -21.612267597906992]]}}, {"type": "Feature", "properties": {"tipo": "cabo", "nome": "190M - 6F", "comprimento": "", "descricao": "190M - 6F"}, "geometry": {"type": "LineString", "coordinates": [[-41.280375581845, -21.611599441707995], [-41.279994826072, -21.611652202645004], [-41.280073781156, -21.613006821557022]]}}, {"type": "Feature", "properties": {"tipo": "cabo", "nome": "270M - 6F", "comprimento": "", "descricao": "270M - 6F"}, "geometry": {"type": "LineString", "coordinates": [[-41.22284421510601, -21.612673982011003], [-41.22353629459501, -21.612750767720996], [-41.223579884034, -21.612706167105017], [-41.22368217689401, -21.61182166723401], [-41.22376102962801, -21.611258237838996], [-41.223683398353, -21.611002594208983]]}}, {"type": "Feature", "properties": {"tipo": "cabo", "nome": "943M - 6F", "comprimento": "", "descricao": "943M - 6F"}, "geometry": {"type": "LineString", "coordinates": [[-41.218487277291, -21.617639154101], [-41.218854492015, -21.617697219912003], [-41.218918672644, -21.616765002612], [-41.21937127870601, -21.613473974715006], [-41.21961083696301, -21.61366815060201], [-41.219933735415, -21.613689666113018], [-41.21993524334301, -21.613669771025016], [-41.219627511529005, -21.613650389057995], [-41.219376241762994, -21.613444724676995], [-41.21956071802, -21.612274731823007], [-41.221170214189, -21.612471844802002]]}}, {"type": "Feature", "properties": {"tipo": "cabo", "nome": "177M - 6F", "comprimento": "", "descricao": "177M - 6F"}, "geometry": {"type": "LineString", "coordinates": [[-41.309247546332, -21.616510497758], [-41.309286375640006, -21.617148493120993], [-41.309045088094, -21.617236495371003], [-41.30827861018099, -21.617285376169022]]}}, {"type": "Feature", "properties": {"tipo": "cabo", "nome": "120M - 6F", "comprimento": "", "descricao": "120M - 6F"}, "geometry": {"type": "LineString", "coordinates": [[-41.308319030991, -21.616833568469005], [-41.308995689716, -21.616786852546], [-41.30923500483, -21.616728938468], [-41.30922068341301, -21.61651376694701]]}}, {"type": "Feature", "properties": {"tipo": "cabo", "nome": "630M - 12F", "comprimento": "", "descricao": "630M - 12F"}, "geometry": {"type": "LineString", "coordinates": [[-41.284212714244, -21.611141750610997], [-41.284075879636, -21.611226528545984], [-41.28406232139, -21.611755788199986], [-41.284107330824995, -21.613250933125997], [-41.284134493078, -21.614547852658006], [-41.284203952061, -21.615989462477003], [-41.284249962260006, -21.616755861018007]]}}, {"type": "Feature", "properties": {"tipo": "cabo", "nome": "103M - 6F", "comprimento": "", "descricao": "103M - 6F"}, "geometry": {"type": "LineString", "coordinates": [[-41.308496303637, -21.616307522270006], [-41.309187483698004, -21.616248515731996], [-41.309210007851995, -21.61653097720901]]}}, {"type": "Feature", "properties": {"tipo": "cabo", "nome": "265M - 6F", "comprimento": "", "descricao": "265M - 6F"}, "geometry": {"type": "LineString", "coordinates": [[-41.308431226227, -21.615368976011], [-41.308507446675, -21.616287231485998], [-41.309046902218, -21.616241782676013], [-41.308967249198, -21.61527912592601]]}}, {"type": "Feature", "properties": {"tipo": "cabo", "nome": "1500M - 12F", "comprimento": "", "descricao": "1500M - 12F"}, "geometry": {"type": "LineString", "coordinates": [[-41.267674904838, -21.616018042685], [-41.267537327777, -21.615754413009995], [-41.267886434328, -21.615614956559995], [-41.268157208225, -21.61539223720399], [-41.268423347272005, -21.615155454361982], [-41.26855157181701, -21.61497183663201], [-41.268746755614, -21.614819143403977], [-41.269163965338, -21.614537609654008], [-41.269356559381, -21.614382496958996], [-41.26960252201201, -21.61417663052501], [-41.26981420796, -21.613948427262997], [-41.270227999199, -21.613453755706004], [-41.270455470659, -21.613215522201997], [-41.270665408243005, -21.613056986261995], [-41.270955643156, -21.612905788031995], [-41.271131789081, -21.612841892253996], [-41.271314645055, -21.612776438300997], [-41.271526317006, -21.612753389302995], [-41.272140279384, -21.612639693850994], [-41.274578398561, -21.612358184761007], [-41.277749694918, -21.611953965366013], [-41.280383725615, -21.611592626375]]}}, {"type": "Feature", "properties": {"tipo": "cabo", "nome": "136M - 12F", "comprimento": "", "descricao": "136M - 12F"}, "geometry": {"type": "LineString", "coordinates": [[-41.311291399065, -21.614638935988992], [-41.311583041196, -21.614636913544004], [-41.311630517044996, -21.61468613884699], [-41.311631140306005, -21.614461237065996], [-41.31157148808799, -21.614408513861022], [-41.310942584269, -21.614423549741986]]}}, {"type": "Feature", "properties": {"tipo": "cabo", "nome": "239M - 6F", "comprimento": "", "descricao": "239M - 6F"}, "geometry": {"type": "LineString", "coordinates": [[-41.30851032626, -21.61264271662199], [-41.308514605916, -21.612780707528003], [-41.308483348575, -21.613072621663008], [-41.308734501071, -21.613067530795007], [-41.308937977652, -21.612969162189998], [-41.308930517778, -21.61278985599199], [-41.309564017336, -21.612751123988986], [-41.310104205139, -21.612729513437998]]}}, {"type": "Feature", "properties": {"tipo": "cabo", "nome": "197M - 6F", "comprimento": "", "descricao": "197M - 6F"}, "geometry": {"type": "LineString", "coordinates": [[-41.309475643169, -21.614267689965004], [-41.30946021805, -21.613953264314006], [-41.309327040849, -21.613917645209995], [-41.308565739383, -21.613938662194997], [-41.308361196349, -21.613940043371997], [-41.308252010414, -21.614008904882994], [-41.308259216041, -21.614315982248982]]}}, {"type": "Feature", "properties": {"tipo": "cabo", "nome": "232M - 6F", "comprimento": "", "descricao": "232M - 6F"}, "geometry": {"type": "LineString", "coordinates": [[-41.31054418967201, -21.614054853157995], [-41.311251911016, -21.614042716109992], [-41.311581465994, -21.614031621127992], [-41.31163124575901, -21.614075127351], [-41.311636296043, -21.614451651615], [-41.311575170986, -21.614396189604008], [-41.310931721058, -21.61441134521999]]}}, {"type": "Feature", "properties": {"tipo": "cabo", "nome": "227M - 6F", "comprimento": "", "descricao": "227M - 6F"}, "geometry": {"type": "LineString", "coordinates": [[-41.309493358805, -21.61427764441102], [-41.30946671963, -21.613357934294996], [-41.309441022413, -21.613357676713008], [-41.309448387642, -21.613563125999008], [-41.309327493193, -21.61352211607202], [-41.308497319222994, -21.613541854032007]]}}, {"type": "Feature", "properties": {"tipo": "cabo", "nome": "283M - 12F", "comprimento": "", "descricao": "283M - 12F"}, "geometry": {"type": "LineString", "coordinates": [[-41.311664326948, -21.611728779942993], [-41.311621226597, -21.612451710320002], [-41.311628525879, -21.612802628081], [-41.31153830799399, -21.612693592908997], [-41.31110739265701, -21.612711481949987], [-41.310100798847, -21.612735017050994]]}}, {"type": "Feature", "properties": {"tipo": "cabo", "nome": "293M - 6F", "comprimento": "", "descricao": "293M - 6F"}, "geometry": {"type": "LineString", "coordinates": [[-41.30951786603401, -21.612153051232], [-41.31043228838, -21.612142423657005], [-41.310422457657, -21.611990921049014], [-41.310440223473, -21.611992062846], [-41.31045038285501, -21.612135758459004], [-41.311293580461, -21.612100935100997], [-41.311633607518, -21.612095067994005], [-41.311654868766006, -21.61172461422298]]}}, {"type": "Feature", "properties": {"tipo": "cabo", "nome": "187M - 6F", "comprimento": "", "descricao": "187M - 6F"}, "geometry": {"type": "LineString", "coordinates": [[-41.311285914514, -21.614651555785997], [-41.311581730923, -21.614649523555997], [-41.31162816538801, -21.614696521696004], [-41.311616536217, -21.615198667152995], [-41.311611026307006, -21.616046621267998]]}}, {"type": "Feature", "properties": {"tipo": "cabo", "nome": "172M - 6F", "comprimento": "", "descricao": "172M - 6F"}, "geometry": {"type": "LineString", "coordinates": [[-41.310644544313, -21.61559775389], [-41.31064101906, -21.614657841422996], [-41.311293494784, -21.61463697101999]]}}, {"type": "Feature", "properties": {"tipo": "cabo", "nome": "187M - 6F", "comprimento": "", "descricao": "187M - 6F"}, "geometry": {"type": "LineString", "coordinates": [[-41.31021702118999, -21.615488360682008], [-41.310217226979, -21.614783517668002], [-41.310246649468, -21.614448824959], [-41.310934733479, -21.614423099327993]]}}, {"type": "Feature", "properties": {"tipo": "cabo", "nome": "110M - 6F", "comprimento": "", "descricao": "110M - 6F"}, "geometry": {"type": "LineString", "coordinates": [[-41.31042366733001, -21.615460107131], [-41.310438005154, -21.614664942242996], [-41.310653138069, -21.614657151452008]]}}, {"type": "Feature", "properties": {"tipo": "cabo", "nome": "169M - 12F", "comprimento": "", "descricao": "169M - 12F"}, "geometry": {"type": "LineString", "coordinates": [[-41.308961273012, -21.615294002988023], [-41.308955217079, -21.614980687859997], [-41.308999819182, -21.614763009613], [-41.309228833839, -21.614760434551016], [-41.309539289974, -21.614751978477017], [-41.309497181623, -21.614663107529992], [-41.30948144992401, -21.614273651751006]]}}, {"type": "Feature", "properties": {"tipo": "cabo", "nome": "90M - 6F", "comprimento": "", "descricao": "90M - 6F"}, "geometry": {"type": "LineString", "coordinates": [[-41.310061205349, -21.614814418897993], [-41.30978127451, -21.614704596606018], [-41.309542321897, -21.61476321272302], [-41.309229035105, -21.614769859907994]]}}, {"type": "Feature", "properties": {"tipo": "cabo", "nome": "90M - 6F", "comprimento": "", "descricao": "90M - 6F"}, "geometry": {"type": "LineString", "coordinates": [[-41.309506294532, -21.615286403233995], [-41.309481278162, -21.614958604454003], [-41.30954426553, -21.614775805354], [-41.309228676361, -21.614782439240997]]}}, {"type": "Feature", "properties": {"tipo": "cabo", "nome": "238M - 6F", "comprimento": "", "descricao": "238M - 6F"}, "geometry": {"type": "LineString", "coordinates": [[-41.310332930465, -21.618129728618], [-41.310300244156004, -21.617446987536], [-41.310225021186, -21.616571073291993], [-41.31021370809899, -21.616244494555005], [-41.310239984599, -21.616180773612], [-41.310040207869, -21.616202641075006]]}}, {"type": "Feature", "properties": {"tipo": "cabo", "nome": "27M - 6F", "comprimento": "", "descricao": "27M - 6F"}, "geometry": {"type": "LineString", "coordinates": [[-41.311502464434, -21.62059913064398], [-41.311755599129, -21.620564375719]]}}, {"type": "Feature", "properties": {"tipo": "cabo", "nome": "66M - 6F", "comprimento": "", "descricao": "66M - 6F"}, "geometry": {"type": "LineString", "coordinates": [[-41.311573031799, -21.618069375242], [-41.31179346571899, -21.618103018397008], [-41.31178820285799, -21.618485766603996]]}}, {"type": "Feature", "properties": {"tipo": "cabo", "nome": "143M - 6F", "comprimento": "", "descricao": "143M - 6F"}, "geometry": {"type": "LineString", "coordinates": [[-41.30836324259, -21.617638473208004], [-41.309299035849, -21.617559821692993], [-41.30927455674999, -21.617146928576005]]}}, {"type": "Feature", "properties": {"tipo": "cabo", "nome": "170M - 6F", "comprimento": "", "descricao": "170M - 6F"}, "geometry": {"type": "LineString", "coordinates": [[-41.309508454965, -21.617089244124003], [-41.309444279753, -21.616368983187], [-41.309344935167, -21.616233693336994], [-41.310040528205995, -21.616188819098014]]}}, {"type": "Feature", "properties": {"tipo": "cabo", "nome": "119M - 12F", "comprimento": "", "descricao": "119M - 12F"}, "geometry": {"type": "LineString", "coordinates": [[-41.31003838226199, -21.616171853867996], [-41.309207357601004, -21.616225275678005], [-41.309234331409, -21.616513945251]]}}, {"type": "Feature", "properties": {"tipo": "cabo", "nome": "180M - 6F", "comprimento": "", "descricao": "180M - 6F"}, "geometry": {"type": "LineString", "coordinates": [[-41.31003794301, -21.616182360127993], [-41.310902402762, -21.61611649015198], [-41.311469669096006, -21.616092647420004], [-41.311623319415, -21.616160317579997], [-41.31162407118, -21.616033235303007]]}}, {"type": "Feature", "properties": {"tipo": "cabo", "nome": "240M - 6F", "comprimento": "", "descricao": "240M - 6F"}, "geometry": {"type": "LineString", "coordinates": [[-41.313651199636, -21.615645579261], [-41.313596141015, -21.615955843796996], [-41.313324673941, -21.615940399948002], [-41.31280991863801, -21.615982941455997], [-41.312806452031, -21.615983252266986], [-41.312708592078, -21.61606905472101], [-41.31266546052299, -21.615086547206005]]}}, {"type": "Feature", "properties": {"tipo": "cabo", "nome": "434M - 12F", "comprimento": "", "descricao": "434M - 12F"}, "geometry": {"type": "LineString", "coordinates": [[-41.311609498571, -21.616030829482], [-41.311847531900995, -21.61605571523802], [-41.311846956616, -21.615891446464005], [-41.31184689039101, -21.614684878633994], [-41.311852792142, -21.613859824402994], [-41.31186328127, -21.61348623107702], [-41.311916596822, -21.612414575282983], [-41.31194357770699, -21.61241899054302], [-41.311914653854, -21.612955978387987]]}}, {"type": "Feature", "properties": {"tipo": "cabo", "nome": "164M - 12F", "comprimento": "", "descricao": "164M - 12F"}, "geometry": {"type": "LineString", "coordinates": [[-41.312660931784, -21.615096269011005], [-41.31262485827699, -21.614254783895007], [-41.312608738664004, -21.613849501296016], [-41.312847930675, -21.613928780901006]]}}, {"type": "Feature", "properties": {"tipo": "cabo", "nome": "122M - 6F", "comprimento": "", "descricao": "122M - 6F"}, "geometry": {"type": "LineString", "coordinates": [[-41.31307691431, -21.614925947909015], [-41.312987593622, -21.614067985662004], [-41.31299735910999, -21.613990467229], [-41.312837058081, -21.613939233514003]]}}, {"type": "Feature", "properties": {"tipo": "cabo", "nome": "304M - 6F", "comprimento": "", "descricao": "304M - 6F"}, "geometry": {"type": "LineString", "coordinates": [[-41.312850634104, -21.61391996022502], [-41.31319652546, -21.614038846905004], [-41.313188992788, -21.61324093192499], [-41.313601106236, -21.613185114212], [-41.31359516611, -21.613161474777996], [-41.313190051712, -21.61322668750502], [-41.31316411662, -21.613008769974], [-41.31317853951, -21.61242646377501]]}}, {"type": "Feature", "properties": {"tipo": "cabo", "nome": "219M - 6F", "comprimento": "", "descricao": "219M - 6F"}, "geometry": {"type": "LineString", "coordinates": [[-41.311966425395, -21.612417214634007], [-41.311921894477, -21.613208121745004], [-41.312089376451006, -21.613456520827], [-41.312276280596, -21.613664025013023], [-41.31245113732701, -21.613798962911005], [-41.312544696498, -21.613831836090995], [-41.312577808141, -21.613514928438022]]}}, {"type": "Feature", "properties": {"tipo": "cabo", "nome": "100M - 6F", "comprimento": "", "descricao": "100M - 6F"}, "geometry": {"type": "LineString", "coordinates": [[-41.31200841189101, -21.611510790965], [-41.311964537718, -21.61241628607999]]}}, {"type": "Feature", "properties": {"tipo": "cabo", "nome": "156M - 6F", "comprimento": "", "descricao": "156M - 6F"}, "geometry": {"type": "LineString", "coordinates": [[-41.31333077817, -21.61793536196899], [-41.313347105634, -21.618176998406], [-41.313372585427, -21.618632042610017], [-41.313409255711, -21.619000001995005], [-41.313043772304, -21.61900670882801]]}}, {"type": "Feature", "properties": {"tipo": "cabo", "nome": "55M - 6F", "comprimento": "", "descricao": "55M - 6F"}, "geometry": {"type": "LineString", "coordinates": [[-41.312063192897, -21.618991108228002], [-41.31180561346499, -21.618974203764992], [-41.311747065359, -21.618923362176005], [-41.311573434528, -21.618988255876005]]}}, {"type": "Feature", "properties": {"tipo": "cabo", "nome": "75M - 6F", "comprimento": "", "descricao": "75M - 6F"}, "geometry": {"type": "LineString", "coordinates": [[-41.31225869864, -21.618171880431987], [-41.311949553558, -21.618221480322006], [-41.311841617088, -21.61822148094801], [-41.31182024364, -21.61823936417801], [-41.311811474102, -21.618490817313003]]}}, {"type": "Feature", "properties": {"tipo": "cabo", "nome": "226M - 6F", "comprimento": "", "descricao": "226M - 6F"}, "geometry": {"type": "LineString", "coordinates": [[-41.311101475907996, -21.617260027103015], [-41.311568690241, -21.617288261900015], [-41.31183057509, -21.61716436621799], [-41.311796576357, -21.618490527345983]]}}, {"type": "Feature", "properties": {"tipo": "cabo", "nome": "189M - 6F", "comprimento": "", "descricao": "189M - 6F"}, "geometry": {"type": "LineString", "coordinates": [[-41.312768259665994, -21.61649396939501], [-41.31284095872, -21.617157025954995], [-41.312803544609, -21.617191444474997], [-41.312567998351994, -21.617205767873998], [-41.312569493964, -21.617220140521994], [-41.312805142176, -21.617201956616], [-41.313372912444, -21.617146060972004]]}}, {"type": "Feature", "properties": {"tipo": "cabo", "nome": "96M - 12F", "comprimento": "", "descricao": "96M - 12F"}, "geometry": {"type": "LineString", "coordinates": [[-41.313323428158, -21.617929269496003], [-41.313290012611006, -21.617584230082997], [-41.313253573821, -21.617169154213016], [-41.313366057003, -21.61715685729]]}}, {"type": "Feature", "properties": {"tipo": "cabo", "nome": "181M - 6F", "comprimento": "", "descricao": "181M - 6F"}, "geometry": {"type": "LineString", "coordinates": [[-41.314271186751, -21.618194493451], [-41.313073713863, -21.618193075351], [-41.31307499103901, -21.618175896275005], [-41.313328939792, -21.618177986722017], [-41.313312612128, -21.617922342333998]]}}, {"type": "Feature", "properties": {"tipo": "cabo", "nome": "235M - 6F", "comprimento": "", "descricao": "235M - 6F"}, "geometry": {"type": "LineString", "coordinates": [[-41.314131373182995, -21.621015270949], [-41.313564725135, -21.621019231530013], [-41.313583484484994, -21.620792284228983], [-41.31339365755, -21.620755517920998], [-41.31212921378, -21.620815078100023]]}}, {"type": "Feature", "properties": {"tipo": "cabo", "nome": "130M - 12F", "comprimento": "", "descricao": "130M - 12F"}, "geometry": {"type": "LineString", "coordinates": [[-41.311793659193, -21.619996308067996], [-41.311772963540996, -21.620573652052983], [-41.311769332786, -21.620793000869995], [-41.31181576799, -21.620830294144], [-41.312154370801004, -21.620814474829004]]}}, {"type": "Feature", "properties": {"tipo": "cabo", "nome": "247M - 6F", "comprimento": "", "descricao": "247M - 6F"}, "geometry": {"type": "LineString", "coordinates": [[-41.313474451495, -21.619348227296], [-41.313521411926, -21.619777278757], [-41.313568657179, -21.619857767517033], [-41.312982755045, -21.619893358270005], [-41.312597314318, -21.619916771947018], [-41.31183091519299, -21.619940109547997], [-41.31179268746, -21.620007139444]]}}, {"type": "Feature", "properties": {"tipo": "cabo", "nome": "61M - 6F", "comprimento": "", "descricao": "61M - 6F"}, "geometry": {"type": "LineString", "coordinates": [[-41.311757806134004, -21.619204411216998], [-41.311762870612, -21.618951693056985], [-41.311801605629, -21.618985890963003], [-41.312062629217, -21.619000600158998]]}}, {"type": "Feature", "properties": {"tipo": "cabo", "nome": "126M - 6F", "comprimento": "", "descricao": "126M - 6F"}, "geometry": {"type": "LineString", "coordinates": [[-41.31425215828, -21.618989806504004], [-41.313319851143, -21.61902008205199], [-41.313033042131, -21.61902038920101]]}}, {"type": "Feature", "properties": {"tipo": "cabo", "nome": "88M - 6F", "comprimento": "", "descricao": "88M - 6F"}, "geometry": {"type": "LineString", "coordinates": [[-41.31178320542401, -21.619988587318005], [-41.311796118963, -21.619199901136994]]}}, {"type": "Feature", "properties": {"tipo": "cabo", "nome": "182M - 12F", "comprimento": "", "descricao": "182M - 12F"}, "geometry": {"type": "LineString", "coordinates": [[-41.313043120097, -21.61901856779501], [-41.312768898563, -21.619019148001996], [-41.312062111937, -21.618977626941003], [-41.31181083037799, -21.618956431572002], [-41.311775333121, -21.618918285754006], [-41.311791463597, -21.61847924432699]]}}, {"type": "Feature", "properties": {"tipo": "cabo", "nome": "FIBRA AS MINI RAR -R2 40", "comprimento": "", "descricao": "FIBRA AS MINI RAR -R2 40"}, "geometry": {"type": "LineString", "coordinates": [[-41.307885683817, -21.632640542811004], [-41.307155475771, -21.632653369523993], [-41.30640708657, -21.632660989036978], [-41.30540952917999, -21.632685461332002]]}}, {"type": "Feature", "properties": {"tipo": "cabo", "nome": "77M - 6F", "comprimento": "", "descricao": "77M - 6F"}, "geometry": {"type": "LineString", "coordinates": [[-41.252931789826995, -21.632294268625998], [-41.252307247244, -21.632310185519998], [-41.25228042305799, -21.632202293754005]]}}, {"type": "Feature", "properties": {"tipo": "cabo", "nome": "100M - 6F", "comprimento": "", "descricao": "100M - 6F"}, "geometry": {"type": "LineString", "coordinates": [[-41.24286615479101, -21.632267918584986], [-41.242909996012, -21.632105837102003], [-41.242850058002006, -21.631372153181005]]}}, {"type": "Feature", "properties": {"tipo": "cabo", "nome": "247M - 6F", "comprimento": "", "descricao": "247M - 6F"}, "geometry": {"type": "LineString", "coordinates": [[-41.252992114123, -21.630721249298006], [-41.252281460465, -21.630751144754], [-41.25222784751299, -21.630706910719994], [-41.252238580355, -21.631019617730004], [-41.252267456069006, -21.632205151118]]}}, {"type": "Feature", "properties": {"tipo": "cabo", "nome": "153M - 6F", "comprimento": "", "descricao": "153M - 6F"}, "geometry": {"type": "LineString", "coordinates": [[-41.253009254311, -21.631663630758993], [-41.252326874698, -21.631689380886], [-41.252268578178, -21.631579722428], [-41.252286543903, -21.632201707883]]}}, {"type": "Feature", "properties": {"tipo": "cabo", "nome": "105M - 6F", "comprimento": "", "descricao": "105M - 6F"}, "geometry": {"type": "LineString", "coordinates": [[-41.253203251738995, -21.631043563023], [-41.252264756405, -21.631071357618993], [-41.25224345738499, -21.63100644089802]]}}, {"type": "Feature", "properties": {"tipo": "cabo", "nome": "292M - 12F", "comprimento": "", "descricao": "292M - 12F"}, "geometry": {"type": "LineString", "coordinates": [[-41.307953409659, -21.633289497236007], [-41.30870961006101, -21.633252731572], [-41.308847357818, -21.633434378033], [-41.30853127093601, -21.632506023953], [-41.308529820355, -21.63262705356999], [-41.307880155544, -21.632641483217995]]}}, {"type": "Feature", "properties": {"tipo": "cabo", "nome": "335M - 6F", "comprimento": "", "descricao": "335M - 6F"}, "geometry": {"type": "LineString", "coordinates": [[-41.30792258873599, -21.633275020029984], [-41.306691324915, -21.633300260699002], [-41.305723164655, -21.633328269923], [-41.304684473483, -21.633365670714]]}}, {"type": "Feature", "properties": {"tipo": "cabo", "nome": "FIBRA AS MINI RAR -R4 39", "comprimento": "", "descricao": "FIBRA AS MINI RAR -R4 39"}, "geometry": {"type": "LineString", "coordinates": [[-41.308761539107, -21.633127475715], [-41.307961615827, -21.630732204094002], [-41.30725747154901, -21.628650346061008]]}}, {"type": "Feature", "properties": {"tipo": "cabo", "nome": "214M - 6F", "comprimento": "", "descricao": "214M - 6F"}, "geometry": {"type": "LineString", "coordinates": [[-41.247509949066, -21.633216229868992], [-41.246669481826, -21.633231680556023], [-41.24652532109099, -21.633132301814996], [-41.24650171715, -21.632157265771]]}}, {"type": "Feature", "properties": {"tipo": "cabo", "nome": "369M - 12F", "comprimento": "", "descricao": "369M - 12F"}, "geometry": {"type": "LineString", "coordinates": [[-41.25226664531, -21.632203150820004], [-41.252281276639, -21.632866862374996], [-41.252228253672, -21.632964800264006], [-41.253401625774, -21.632927558777993], [-41.25496301047199, -21.632842667716005]]}}, {"type": "Feature", "properties": {"tipo": "cabo", "nome": "245M - 6F", "comprimento": "", "descricao": "245M - 6F"}, "geometry": {"type": "LineString", "coordinates": [[-41.251343617616, -21.631417142108006], [-41.25137275242799, -21.632390195797996], [-41.251382862109, -21.632983147592], [-41.250695484504, -21.633058867620008]]}}, {"type": "Feature", "properties": {"tipo": "cabo", "nome": "1232M- 12F", "comprimento": "", "descricao": "1232M- 12F"}, "geometry": {"type": "LineString", "coordinates": [[-41.252229908268, -21.63296423611999], [-41.25137864035, -21.633012892532022], [-41.250707984031, -21.633083872491], [-41.249475506496, -21.633211003762], [-41.24910402169099, -21.633235956923997], [-41.248375220608004, -21.633250670535006], [-41.247513229728, -21.633240360291992], [-41.246363466593, -21.633264295952017], [-41.245433104647, -21.633290885709002], [-41.245164810984, -21.633220508267982], [-41.243395924186, -21.63261489592], [-41.243066444675, -21.632508873288998], [-41.242868922645, -21.632275551760998], [-41.242170717637, -21.631499066878007], [-41.242189418001, -21.631261916315978], [-41.241409631167, -21.630797450535]]}}, {"type": "Feature", "properties": {"tipo": "cabo", "nome": "587M - 6F", "comprimento": "", "descricao": "587M - 6F"}, "geometry": {"type": "LineString", "coordinates": [[-41.29006842835799, -21.641126826407003], [-41.289951589445, -21.641162520658], [-41.290013906504, -21.642120674460998], [-41.29006379591701, -21.642418567017998], [-41.290151949667, -21.643739380902005], [-41.290306517843995, -21.646094633426998]]}}, {"type": "Feature", "properties": {"tipo": "cabo", "nome": "FIBRA AS MINI RAR -R4 39", "comprimento": "", "descricao": "FIBRA AS MINI RAR -R4 39"}, "geometry": {"type": "LineString", "coordinates": [[-41.276167913196005, -21.643021187884997], [-41.276811643359004, -21.642400401469004], [-41.277557297465, -21.642141116391997], [-41.277399047134, -21.641330847527996], [-41.27728840551, -21.64018309108802]]}}, {"type": "Feature", "properties": {"tipo": "cabo", "nome": "4500M - 12F", "comprimento": "", "descricao": "4500M - 12F"}, "geometry": {"type": "LineString", "coordinates": [[-41.254953609621, -21.632876176842004], [-41.255785236423, -21.632811336594997], [-41.256884943915, -21.632899013322003], [-41.25852097470101, -21.632742401564002], [-41.260678657466, -21.632612082023], [-41.261558095695, -21.632617006415998], [-41.262818458741, -21.632578738088995], [-41.264652695955, -21.632561701914], [-41.26543574957599, -21.632504053226995], [-41.268082467383, -21.632315106544], [-41.269031594412006, -21.632204812222], [-41.270456341294, -21.632147079375017], [-41.271499830706, -21.632060825090008], [-41.272373800062, -21.632032077885995], [-41.273550409257, -21.632080564492995], [-41.27477746864899, -21.631935049789007], [-41.275236409923004, -21.631983035646996], [-41.275401739387995, -21.631990249569995], [-41.27544008052901, -21.632286615826004], [-41.275631315556, -21.634347493911022], [-41.275664742391, -21.635076262008], [-41.275630916653, -21.635809956553985], [-41.275759134137, -21.636564314384003], [-41.27591955451601, -21.637003928623017], [-41.27607285774301, -21.637725442816006], [-41.276157122659, -21.638460530950994], [-41.276310305732, -21.638752874738984], [-41.276693511425, -21.639021560014], [-41.277066081681, -21.639290849800005], [-41.277217757076, -21.639733589206003], [-41.27728840551, -21.64018309108802], [-41.277456557683, -21.640622345801006], [-41.277783306314, -21.640962081512015], [-41.278235679695, -21.641135241415], [-41.278743657743, -21.641150697201013], [-41.279312695002, -21.641073681589006], [-41.281657023832, -21.640743420977003], [-41.283266442966, -21.640494666232], [-41.28519512466599, -21.640464196064997], [-41.285472550741, -21.640474080413], [-41.287938644098, -21.641214847973004], [-41.288262298644, -21.641241512223004], [-41.288699541817, -21.641237879928013], [-41.29006842835799, -21.641126826407003]]}}, {"type": "Feature", "properties": {"tipo": "cabo", "nome": "390M - 6F", "comprimento": "", "descricao": "390M - 6F"}, "geometry": {"type": "LineString", "coordinates": [[-41.285452039598, -21.640488328201997], [-41.285233577027, -21.640482973809995], [-41.28532728972499, -21.64054515297299], [-41.28527755114501, -21.640838160459992], [-41.28527220639, -21.641162233917996], [-41.285532470425, -21.643736178290993]]}}, {"type": "Feature", "properties": {"tipo": "cabo", "nome": "340M - 6F", "comprimento": "", "descricao": "340M - 6F"}, "geometry": {"type": "LineString", "coordinates": [[-41.29736554606, -21.639047089254007], [-41.297122784688995, -21.639356814589007], [-41.296839214374, -21.639638052078], [-41.29690185891099, -21.639725264619003], [-41.296928123133, -21.640347123702995], [-41.296988274762, -21.641919713172996]]}}, {"type": "Feature", "properties": {"tipo": "cabo", "nome": "196M - 6F", "comprimento": "", "descricao": "196M - 6F"}, "geometry": {"type": "LineString", "coordinates": [[-41.308761539107, -21.633127475715], [-41.309327805142, -21.634814816993014]]}}, {"type": "Feature", "properties": {"tipo": "cabo", "nome": "114M - 6F", "comprimento": "", "descricao": "114M - 6F"}, "geometry": {"type": "LineString", "coordinates": [[-41.254787377639, -21.633678380950997], [-41.254702105637996, -21.632890264162995], [-41.254954841187, -21.632865356642014]]}}, {"type": "Feature", "properties": {"tipo": "cabo", "nome": "102M - 6F", "comprimento": "", "descricao": "102M - 6F"}, "geometry": {"type": "LineString", "coordinates": [[-41.309957687857, -21.625225530026995], [-41.309842434245006, -21.625400579423], [-41.309914509266, -21.625551079621005], [-41.309903819709, -21.62609840137401]]}}, {"type": "Feature", "properties": {"tipo": "cabo", "nome": "260M - 6F", "comprimento": "", "descricao": "260M - 6F"}, "geometry": {"type": "LineString", "coordinates": [[-41.310707277116, -21.623909907348988], [-41.310598874064, -21.624136083503004], [-41.310487157051, -21.62435644048699], [-41.30994121501401, -21.625219804617004], [-41.309472356225, -21.625951096498994]]}}, {"type": "Feature", "properties": {"tipo": "cabo", "nome": "62M - 6F", "comprimento": "", "descricao": "62M - 6F"}, "geometry": {"type": "LineString", "coordinates": [[-41.311737249469, -21.622503596789997], [-41.31172499572901, -21.622743065793998], [-41.311754364165, -21.622731454004978], [-41.312060181394, -21.622763402887998]]}}, {"type": "Feature", "properties": {"tipo": "cabo", "nome": "205M - 6F", "comprimento": "", "descricao": "205M - 6F"}, "geometry": {"type": "LineString", "coordinates": [[-41.31072531249501, -21.62391842782999], [-41.310617937268, -21.624163568849], [-41.310639060792, -21.62464753911], [-41.310700213169, -21.624934405098003], [-41.310690926098, -21.625741333709982]]}}, {"type": "Feature", "properties": {"tipo": "cabo", "nome": "88M - 12F", "comprimento": "", "descricao": "88M - 12F"}, "geometry": {"type": "LineString", "coordinates": [[-41.31071240907699, -21.623915476579], [-41.310858774044, -21.623573528918], [-41.31090270669599, -21.623386852554987], [-41.310937509885996, -21.623158960912008]]}}, {"type": "Feature", "properties": {"tipo": "cabo", "nome": "125M - 6F", "comprimento": "", "descricao": "125M - 6F"}, "geometry": {"type": "LineString", "coordinates": [[-41.31139766997, -21.62345004452], [-41.311415191649, -21.622780861566], [-41.31153619589, -21.622531766954012], [-41.311735027042, -21.62250106000201]]}}, {"type": "Feature", "properties": {"tipo": "cabo", "nome": "397M - 6F", "comprimento": "", "descricao": "397M - 6F"}, "geometry": {"type": "LineString", "coordinates": [[-41.310936534509, -21.623164670142003], [-41.311028662951, -21.622536409524997], [-41.311147763632, -21.622448555876005], [-41.311518209547, -21.622531711026994], [-41.311403039356, -21.622771105599], [-41.311382845387, -21.623445356261], [-41.31135974373199, -21.624963667857003]]}}, {"type": "Feature", "properties": {"tipo": "cabo", "nome": "204M - 6F", "comprimento": "", "descricao": "204M - 6F"}, "geometry": {"type": "LineString", "coordinates": [[-41.310643166588, -21.634700682569004], [-41.310254362286, -21.63475863610502], [-41.309447778534995, -21.634848403808007], [-41.309317134284, -21.634811444457], [-41.309491759804, -21.63537874016299]]}}, {"type": "Feature", "properties": {"tipo": "cabo", "nome": "221M - 12F", "comprimento": "", "descricao": "221M - 12F"}, "geometry": {"type": "LineString", "coordinates": [[-41.311572600037, -21.629540638471], [-41.311602924998, -21.62861060745], [-41.311621203488, -21.62791404865399], [-41.311651664949, -21.627893212146006], [-41.312009462828996, -21.627913704937]]}}, {"type": "Feature", "properties": {"tipo": "cabo", "nome": "340M - 12F", "comprimento": "", "descricao": "340M - 12F"}, "geometry": {"type": "LineString", "coordinates": [[-41.311605695972, -21.626807649379984], [-41.311304386525, -21.626738670962], [-41.31129201929, -21.627964770228004], [-41.311292244481, -21.62862415437999], [-41.31064451038, -21.628621775366], [-41.310644495471, -21.628330435663003]]}}, {"type": "Feature", "properties": {"tipo": "cabo", "nome": "139M - 6F", "comprimento": "", "descricao": "139M - 6F"}, "geometry": {"type": "LineString", "coordinates": [[-41.31064312641101, -21.62833348149701], [-41.31065575778, -21.627077348293]]}}, {"type": "Feature", "properties": {"tipo": "cabo", "nome": "65M - 6F", "comprimento": "", "descricao": "65M - 6F"}, "geometry": {"type": "LineString", "coordinates": [[-41.311619311346, -21.626820153542], [-41.311608704356004, -21.627407606698]]}}, {"type": "Feature", "properties": {"tipo": "cabo", "nome": "174M - 6F", "comprimento": "", "descricao": "174M - 6F"}, "geometry": {"type": "LineString", "coordinates": [[-41.310641734376006, -21.628321667758982], [-41.31047983620899, -21.628408351819004], [-41.310162650945, -21.627891111208996], [-41.309745884224995, -21.62719531083701]]}}, {"type": "Feature", "properties": {"tipo": "cabo", "nome": "96M - 6F", "comprimento": "", "descricao": "96M - 6F"}, "geometry": {"type": "LineString", "coordinates": [[-41.312010281377, -21.627895409071], [-41.31165222294501, -21.627875654096997], [-41.31162288234099, -21.627899138019004], [-41.311622917283, -21.627408321279006]]}}, {"type": "Feature", "properties": {"tipo": "cabo", "nome": "500M - 12F", "comprimento": "", "descricao": "500M - 12F"}, "geometry": {"type": "LineString", "coordinates": [[-41.309491512553, -21.635385117967004], [-41.309836860138, -21.636391416424004], [-41.310201427277, -21.637363688812002], [-41.310408887221, -21.637449491515], [-41.310675790777, -21.637454430852998], [-41.31094397626, -21.637454426775008], [-41.311381962785, -21.637331031412998], [-41.31139098687, -21.637663412407008], [-41.311386113866, -21.638309442901985], [-41.311714341253, -21.638311276240998]]}}, {"type": "Feature", "properties": {"tipo": "cabo", "nome": "186M - 6F", "comprimento": "", "descricao": "186M - 6F"}, "geometry": {"type": "LineString", "coordinates": [[-41.31171173802, -21.638333502671003], [-41.311417600264, -21.638331067189], [-41.31140052756399, -21.638226097656002], [-41.311403662387, -21.638985918323], [-41.311399139517995, -21.63952045770199]]}}, {"type": "Feature", "properties": {"tipo": "cabo", "nome": "2443M - 12F", "comprimento": "", "descricao": "2443M - 12F"}, "geometry": {"type": "LineString", "coordinates": [[-41.29006842835799, -21.641126826407003], [-41.292253417123, -21.640881596268997], [-41.293437512563, -21.640609527543006], [-41.29491027945, -21.640151991721012], [-41.296813445867, -21.63963297539101], [-41.297102472837004, -21.639322525387], [-41.29734707552199, -21.639011747430004], [-41.297846077306, -21.638418064055003], [-41.297911844347, -21.63834444883298], [-41.298074436836, -21.638284228605997], [-41.298346267869, -21.638223653789993], [-41.29881912661, -21.638151036203993], [-41.298996653438, -21.638127998244002], [-41.299823783405, -21.638127290249002], [-41.300525390872, -21.638243278613984], [-41.300945581603, -21.638343998677], [-41.301381130151, -21.63839092615801], [-41.301746205798, -21.638336824784005], [-41.30316389403699, -21.637902632138008], [-41.303458805297, -21.637836218593023], [-41.304106658709, -21.637763257426002], [-41.30508563944701, -21.637438977848007], [-41.305713946771, -21.637265454974994], [-41.30602356427201, -21.637228769689003], [-41.30865684134401, -21.637292635540007], [-41.309233736787, -21.637405109237008], [-41.309998149801, -21.637656513352], [-41.31021148096001, -21.637759707618997], [-41.31049134258101, -21.63796850819702], [-41.310691765322, -21.638159428473998], [-41.31085730072, -21.638334913478005], [-41.31099563576801, -21.638538103114996], [-41.311075482594994, -21.638795987820004], [-41.311125492395, -21.639107022579992], [-41.31111387267399, -21.639188258976006], [-41.311176095778, -21.63951593123501], [-41.311429694497, -21.63953134683601]]}}, {"type": "Feature", "properties": {"tipo": "cabo", "nome": "225M - 6F", "comprimento": "", "descricao": "225M - 6F"}, "geometry": {"type": "LineString", "coordinates": [[-41.311433048961, -21.637668704223998], [-41.311424234719, -21.637117510316003], [-41.311447497344, -21.637076452561004], [-41.311771145413, -21.637082800968017], [-41.31176405846201, -21.637067094174995], [-41.311433750098, -21.637061515309], [-41.311416293623, -21.637092056053007], [-41.311408838808994, -21.636324925508006]]}}, {"type": "Feature", "properties": {"tipo": "cabo", "nome": "71M - 6F", "comprimento": "", "descricao": "71M - 6F"}, "geometry": {"type": "LineString", "coordinates": [[-41.310448624631995, -21.636171541658996], [-41.30999991274899, -21.636217505036], [-41.309837370007, -21.636368702130014]]}}, {"type": "Feature", "properties": {"tipo": "cabo", "nome": "127M - 6F", "comprimento": "", "descricao": "127M - 6F"}, "geometry": {"type": "LineString", "coordinates": [[-41.312041279214, -21.63574742163901], [-41.311450389396, -21.635733277472], [-41.311422988779995, -21.636325006839016]]}}, {"type": "Feature", "properties": {"tipo": "cabo", "nome": "131M - 6F", "comprimento": "", "descricao": "131M - 6F"}, "geometry": {"type": "LineString", "coordinates": [[-41.310600128806, -21.635472786914008], [-41.309687446408, -21.635589107182994], [-41.309570730438, -21.635590042378993], [-41.309505974574, -21.635382209767997]]}}, {"type": "Feature", "properties": {"tipo": "cabo", "nome": "153M - 6F", "comprimento": "", "descricao": "153M - 6F"}, "geometry": {"type": "LineString", "coordinates": [[-41.311685124811, -21.624609659933], [-41.311710509041, -21.623859532349996], [-41.311751163618, -21.62381887849702], [-41.312362542237, -21.623895335222002]]}}, {"type": "Feature", "properties": {"tipo": "cabo", "nome": "276M - 6F", "comprimento": "", "descricao": "276M - 6F"}, "geometry": {"type": "LineString", "coordinates": [[-41.313150903729, -21.623971361846003], [-41.312357954096, -21.623876762733005], [-41.311740712015, -21.623804767598998], [-41.311702865169, -21.62384598658602], [-41.31170906828, -21.623297348582], [-41.311745479316, -21.623275437782], [-41.312294204714, -21.623333330897992]]}}, {"type": "Feature", "properties": {"tipo": "cabo", "nome": "75M - 6F", "comprimento": "", "descricao": "75M - 6F"}, "geometry": {"type": "LineString", "coordinates": [[-41.312283819844, -21.62333266360801], [-41.312998715073, -21.623417926488003]]}}, {"type": "Feature", "properties": {"tipo": "cabo", "nome": "155M - 12F", "comprimento": "", "descricao": "155M - 12F"}, "geometry": {"type": "LineString", "coordinates": [[-41.312286344444, -21.623315570632002], [-41.311743211839996, -21.62326046564398], [-41.311697787963, -21.623286647372993], [-41.311714525544, -21.62277330270601], [-41.31174848765, -21.622760934759015], [-41.312055614358, -21.622793603372997]]}}, {"type": "Feature", "properties": {"tipo": "cabo", "nome": "109M - 6F", "comprimento": "", "descricao": "109M - 6F"}, "geometry": {"type": "LineString", "coordinates": [[-41.312060748399, -21.622794192309016], [-41.313104965097, -21.622918707077005]]}}, {"type": "Feature", "properties": {"tipo": "cabo", "nome": "272M - 6F", "comprimento": "", "descricao": "272M - 6F"}, "geometry": {"type": "LineString", "coordinates": [[-41.312053846828, -21.622781622218], [-41.311749844364, -21.622747929488], [-41.311710640232, -21.622763108412997], [-41.311726232997, -21.622118131177984], [-41.311745442062, -21.622115825893005], [-41.311738029645, -21.622292330236007], [-41.31177312104501, -21.622255649419003], [-41.312280834956, -21.622314820323993], [-41.313089162411, -21.622414629486002]]}}, {"type": "Feature", "properties": {"tipo": "cabo", "nome": "87M - 6F", "comprimento": "", "descricao": "87M - 6F"}, "geometry": {"type": "LineString", "coordinates": [[-41.312428861572, -21.621376242600007], [-41.312383689224, -21.620812959397], [-41.312148009972994, -21.620823773330002]]}}, {"type": "Feature", "properties": {"tipo": "cabo", "nome": "101M - 6F", "comprimento": "", "descricao": "101M - 6F"}, "geometry": {"type": "LineString", "coordinates": [[-41.31200394373799, -21.627908096276002], [-41.312639456469, -21.627953173593], [-41.31298097662, -21.627968651320003]]}}, {"type": "Feature", "properties": {"tipo": "cabo", "nome": "201M - 6F", "comprimento": "", "descricao": "201M - 6F"}, "geometry": {"type": "LineString", "coordinates": [[-41.313126526511006, -21.62728142645902], [-41.311964279743, -21.62720831424099], [-41.311660341128, -21.627194540615008], [-41.311622571582, -21.627213984245003], [-41.311630795795, -21.626814153438985]]}}, {"type": "Feature", "properties": {"tipo": "cabo", "nome": "167M - 6F", "comprimento": "", "descricao": "167M - 6F"}, "geometry": {"type": "LineString", "coordinates": [[-41.312929757562, -21.626573353118005], [-41.312040670919, -21.626526518039], [-41.31167343276, -21.62650520455699], [-41.311635967124, -21.626520675944008], [-41.311631689963, -21.626810095730008]]}}, {"type": "Feature", "properties": {"tipo": "cabo", "nome": "209M - 6F", "comprimento": "", "descricao": "209M - 6F"}, "geometry": {"type": "LineString", "coordinates": [[-41.313019293481, -21.625306719302003], [-41.313060840321, -21.624978508309], [-41.313101908424, -21.624937299739003], [-41.312820827449, -21.624904069964998], [-41.311689448045, -21.624776888395004], [-41.311695159097, -21.624611125894987]]}}, {"type": "Feature", "properties": {"tipo": "cabo", "nome": "292M - 6F", "comprimento": "", "descricao": "292M - 6F"}, "geometry": {"type": "LineString", "coordinates": [[-41.313262335160005, -21.625825276955993], [-41.312307458332, -21.625775268813], [-41.3116668638, -21.625745961120998], [-41.311647799991, -21.625702727139], [-41.311680424599, -21.624610376982005]]}}, {"type": "Feature", "properties": {"tipo": "cabo", "nome": "90M - 6F", "comprimento": "", "descricao": "90M - 6F"}, "geometry": {"type": "LineString", "coordinates": [[-41.31282192876801, -21.624914866544017], [-41.31242755604799, -21.624870057400997], [-41.312398268090995, -21.624904011660007], [-41.31234603405801, -21.625301431135995]]}}, {"type": "Feature", "properties": {"tipo": "cabo", "nome": "183M - 6F", "comprimento": "", "descricao": "183M - 6F"}, "geometry": {"type": "LineString", "coordinates": [[-41.313154020356, -21.624462285826], [-41.312071786705, -21.624338474197998], [-41.311740709191, -21.624294611441], [-41.311716092679994, -21.624321505485995], [-41.31169850842599, -21.624609694231978]]}}, {"type": "Feature", "properties": {"tipo": "cabo", "nome": "751M - 12F", "comprimento": "", "descricao": "751M - 12F"}, "geometry": {"type": "LineString", "coordinates": [[-41.311410224876994, -21.636327448833], [-41.311472838159, -21.634794005105007], [-41.31148499899, -21.634121029827995], [-41.311538635499005, -21.634107431054005], [-41.312213974102, -21.634141411423997], [-41.312216411645, -21.634121014675998], [-41.31153375893, -21.634084768200992], [-41.311477684537, -21.634105165904998], [-41.311490075643, -21.633455963035985], [-41.312123964354996, -21.633487677822004], [-41.312114211566005, -21.63346274875498], [-41.311487637179, -21.633435566409005], [-41.311505908489, -21.632816105659032], [-41.31152631988701, -21.632796227284004], [-41.312239759552995, -21.632826356416018]]}}, {"type": "Feature", "properties": {"tipo": "cabo", "nome": "166M - 6F", "comprimento": "", "descricao": "166M - 6F"}, "geometry": {"type": "LineString", "coordinates": [[-41.31150900756299, -21.632180148581], [-41.3115259461, -21.63138257372701], [-41.311564107736004, -21.631421003957], [-41.312259096607, -21.631441784784997]]}}, {"type": "Feature", "properties": {"tipo": "cabo", "nome": "257M - 6F", "comprimento": "", "descricao": "257M - 6F"}, "geometry": {"type": "LineString", "coordinates": [[-41.312238162375, -21.632805067272997], [-41.311521797113, -21.632776490902984], [-41.311495428638004, -21.632803046217006], [-41.311527582169994, -21.632053097956003], [-41.312456556955, -21.632081226036007]]}}, {"type": "Feature", "properties": {"tipo": "cabo", "nome": "238M - 6F", "comprimento": "", "descricao": "238M - 6F"}, "geometry": {"type": "LineString", "coordinates": [[-41.312589237765, -21.63070162107401], [-41.311527735904, -21.630674273091003], [-41.311559201663, -21.629518913773992]]}}, {"type": "Feature", "properties": {"tipo": "cabo", "nome": "120M - 6F", "comprimento": "", "descricao": "120M - 6F"}, "geometry": {"type": "LineString", "coordinates": [[-41.312231518028995, -21.630000870941004], [-41.311580016071, -21.629976471335013], [-41.311558083448, -21.629991034292004], [-41.311575315673, -21.629541039068002]]}}, {"type": "Feature", "properties": {"tipo": "cabo", "nome": "100M - 6F", "comprimento": "", "descricao": "100M - 6F"}, "geometry": {"type": "LineString", "coordinates": [[-41.312294113591, -21.629322798393005], [-41.31162327284001, -21.629282822876007], [-41.311593253187, -21.629304919224012], [-41.31158827351, -21.629544462585983]]}}, {"type": "Feature", "properties": {"tipo": "cabo", "nome": "101M - 6F", "comprimento": "", "descricao": "101M - 6F"}, "geometry": {"type": "LineString", "coordinates": [[-41.312568621688, -21.628644087601998], [-41.311667593093, -21.628591180822013], [-41.311592142105, -21.628605809945]]}}, {"type": "Feature", "properties": {"tipo": "cabo", "nome": "82M - 6F", "comprimento": "", "descricao": "82M - 6F"}, "geometry": {"type": "LineString", "coordinates": [[-41.315698897508, -21.603874961862005], [-41.315460428982, -21.603905473252013], [-41.31550831182901, -21.604256103138], [-41.315334176234, -21.604279418985996]]}}, {"type": "Feature", "properties": {"tipo": "cabo", "nome": "140M - 6F", "comprimento": "", "descricao": "140M - 6F"}, "geometry": {"type": "LineString", "coordinates": [[-41.314460650092, -21.602565391641008], [-41.314259979374, -21.601979715948985], [-41.313917828197, -21.602086153928], [-41.313867459811, -21.602060121378997], [-41.313909543179996, -21.602311579337993]]}}, {"type": "Feature", "properties": {"tipo": "cabo", "nome": "199M - 6F", "comprimento": "", "descricao": "199M - 6F"}, "geometry": {"type": "LineString", "coordinates": [[-41.315760499761, -21.599825360856002], [-41.314945774671, -21.599926384322004], [-41.31385483494999, -21.600049219327005]]}}, {"type": "Feature", "properties": {"tipo": "cabo", "nome": "183M - 6F", "comprimento": "", "descricao": "183M - 6F"}, "geometry": {"type": "LineString", "coordinates": [[-41.315361010801, -21.600390179925], [-41.31467206927201, -21.600473420663022], [-41.313602410378, -21.600575601350997]]}}, {"type": "Feature", "properties": {"tipo": "cabo", "nome": "266M - 6F", "comprimento": "", "descricao": "266M - 6F"}, "geometry": {"type": "LineString", "coordinates": [[-41.315817623214, -21.599328724458005], [-41.31495797154, -21.599427343407], [-41.313969090144006, -21.599546977326995], [-41.313457261412, -21.599609856197006], [-41.313435360402, -21.599641759391034], [-41.313457637977, -21.599781103393]]}}, {"type": "Feature", "properties": {"tipo": "cabo", "nome": "164M - 6F", "comprimento": "", "descricao": "164M - 6F"}, "geometry": {"type": "LineString", "coordinates": [[-41.31474833157, -21.598303105219998], [-41.3137654372, -21.59842394964599], [-41.313231022434, -21.598486701895], [-41.313184387454, -21.598456397488007]]}}, {"type": "Feature", "properties": {"tipo": "cabo", "nome": "230M - 12F", "comprimento": "", "descricao": "230M - 12F"}, "geometry": {"type": "LineString", "coordinates": [[-41.31500620713901, -21.61362027160301], [-41.314976678001, -21.613298189201018], [-41.314825243229, -21.612630322740998], [-41.314676393906, -21.611563863924005]]}}, {"type": "Feature", "properties": {"tipo": "cabo", "nome": "91M - 6F", "comprimento": "", "descricao": "91M - 6F"}, "geometry": {"type": "LineString", "coordinates": [[-41.314679809697, -21.60720775553402], [-41.314651557935, -21.60748187702798], [-41.315000369113, -21.607044129301016]]}}, {"type": "Feature", "properties": {"tipo": "cabo", "nome": "256M - 6F", "comprimento": "", "descricao": "256M - 6F"}, "geometry": {"type": "LineString", "coordinates": [[-41.315813920911, -21.606638212823995], [-41.31555474481299, -21.606679854877], [-41.315447032104, -21.606790451508004], [-41.315386176983004, -21.606930454989012], [-41.315053534684, -21.607665120103007], [-41.314667005517, -21.608561013220992]]}}, {"type": "Feature", "properties": {"tipo": "cabo", "nome": "200M - 6F", "comprimento": "", "descricao": "200M - 6F"}, "geometry": {"type": "LineString", "coordinates": [[-41.31451195049199, -21.608168292195003], [-41.314624523258004, -21.607625747748003], [-41.314642638117, -21.607470995629015], [-41.314667524778, -21.607212324364014], [-41.314675767857, -21.606979616836995], [-41.31454864722001, -21.60685642861999], [-41.314083574492, -21.606911194701013]]}}, {"type": "Feature", "properties": {"tipo": "cabo", "nome": "270M - 6F", "comprimento": "", "descricao": "270M - 6F"}, "geometry": {"type": "LineString", "coordinates": [[-41.314696264396, -21.611576214736004], [-41.31459005813, -21.610552472352992], [-41.314496798697, -21.609306093625023], [-41.314504754466, -21.609144501678998]]}}, {"type": "Feature", "properties": {"tipo": "cabo", "nome": "216M - 12F", "comprimento": "", "descricao": "216M - 12F"}, "geometry": {"type": "LineString", "coordinates": [[-41.314494913712004, -21.60570874711999], [-41.314360548496005, -21.604876471206993], [-41.314264389291004, -21.604390678382003], [-41.314319651737, -21.604396887158998], [-41.314920987873, -21.604332564136996]]}}, {"type": "Feature", "properties": {"tipo": "cabo", "nome": "145M - 6F", "comprimento": "", "descricao": "145M - 6F"}, "geometry": {"type": "LineString", "coordinates": [[-41.31434188366901, -21.604877419389], [-41.314145710554, -21.603889254034], [-41.314089604919, -21.60358847255]]}}, {"type": "Feature", "properties": {"tipo": "cabo", "nome": "123M - 6F", "comprimento": "", "descricao": "123M - 6F"}, "geometry": {"type": "LineString", "coordinates": [[-41.315363895624, -21.618511218237003], [-41.315468407399, -21.617736993278], [-41.315518338445, -21.61740659415001]]}}, {"type": "Feature", "properties": {"tipo": "cabo", "nome": "253M - 12F", "comprimento": "", "descricao": "253M - 12F"}, "geometry": {"type": "LineString", "coordinates": [[-41.315356341253, -21.618518152229], [-41.31520467286699, -21.619718227746006], [-41.315051775262994, -21.620787293603996]]}}, {"type": "Feature", "properties": {"tipo": "cabo", "nome": "337M - 6F", "comprimento": "", "descricao": "337M - 6F"}, "geometry": {"type": "LineString", "coordinates": [[-41.314267117160995, -21.617760912712015], [-41.314907794654, -21.617704418125], [-41.31493616809199, -21.617743457334996], [-41.31502535643299, -21.617042212887995], [-41.315041728877, -21.616939756411995], [-41.315008967844, -21.61695974909202], [-41.314664852016, -21.616994630131984], [-41.313943260688, -21.617077507323017], [-41.313368706649, -21.617148828859996]]}}, {"type": "Feature", "properties": {"tipo": "cabo", "nome": "275M - 6F", "comprimento": "", "descricao": "275M - 6F"}, "geometry": {"type": "LineString", "coordinates": [[-41.31521773404701, -21.615655104626], [-41.315302366784, -21.614999552613014], [-41.315289930723, -21.614925310568992], [-41.314992333523, -21.614809850051998], [-41.314825676767, -21.614669364125007], [-41.314997087207, -21.61468000668701], [-41.31500393649, -21.613605716568998]]}}, {"type": "Feature", "properties": {"tipo": "cabo", "nome": "40M - 6F", "comprimento": "", "descricao": "40M - 6F"}, "geometry": {"type": "LineString", "coordinates": [[-41.314835181272, -21.61464045290201], [-41.31448182412199, -21.61451475147601]]}}, {"type": "Feature", "properties": {"tipo": "cabo", "nome": "181M - 6F", "comprimento": "", "descricao": "181M - 6F"}, "geometry": {"type": "LineString", "coordinates": [[-41.314480730241996, -21.614509660292995], [-41.313812009644, -21.61426369137702], [-41.312844205724005, -21.613930605358007]]}}, {"type": "Feature", "properties": {"tipo": "cabo", "nome": "212M - 6F", "comprimento": "", "descricao": "212M - 6F"}, "geometry": {"type": "LineString", "coordinates": [[-41.314987376925, -21.613615342792983], [-41.314959000787, -21.613307563038006], [-41.314251535802, -21.613415360543996], [-41.314276745056006, -21.61364961946103], [-41.31425749322301, -21.613649660845994], [-41.314180525754, -21.612968380229006]]}}, {"type": "Feature", "properties": {"tipo": "cabo", "nome": "279M - 6F", "comprimento": "", "descricao": "279M - 6F"}, "geometry": {"type": "LineString", "coordinates": [[-41.31408817353201, -21.6068842177], [-41.31454027598699, -21.606827802572], [-41.314664750582, -21.606772091322995], [-41.31454940286601, -21.606029725401], [-41.314605841848, -21.60603490535702], [-41.314899499942, -21.606004458993], [-41.315840732389, -21.605906363830016]]}}, {"type": "Feature", "properties": {"tipo": "cabo", "nome": "143M - 6F", "comprimento": "", "descricao": "143M - 6F"}, "geometry": {"type": "LineString", "coordinates": [[-41.317235432075, -21.604134791725002], [-41.317356753189, -21.603865362039016], [-41.317149739142, -21.603821854646], [-41.316794992315, -21.603863041702013], [-41.316752555339, -21.60433123919499]]}}, {"type": "Feature", "properties": {"tipo": "cabo", "nome": "240M - 6F", "comprimento": "", "descricao": "240M - 6F"}, "geometry": {"type": "LineString", "coordinates": [[-41.316461494857, -21.605169654443003], [-41.315884825475, -21.605228956763], [-41.315237205839, -21.605296630585997], [-41.314481697411, -21.605391989544998], [-41.31452074280101, -21.605696528522003]]}}, {"type": "Feature", "properties": {"tipo": "cabo", "nome": "350M - 6F", "comprimento": "", "descricao": "350M - 6F"}, "geometry": {"type": "LineString", "coordinates": [[-41.316350317846, -21.60111216977299], [-41.316625541691, -21.601003869577], [-41.316681002283, -21.601105022754], [-41.316694974768, -21.601430630167002], [-41.316740711183, -21.601765375927016], [-41.316333596937, -21.601810150317007], [-41.316381140108, -21.602116785652996], [-41.316490064579, -21.603523499611]]}}, {"type": "Feature", "properties": {"tipo": "cabo", "nome": "138M - 6F", "comprimento": "", "descricao": "138M - 6F"}, "geometry": {"type": "LineString", "coordinates": [[-41.316123163644, -21.604350819304017], [-41.316083102773, -21.604208531097], [-41.315333798119, -21.60429785027401], [-41.31491664331201, -21.604335640591998]]}}, {"type": "Feature", "properties": {"tipo": "cabo", "nome": "143M - 6F", "comprimento": "", "descricao": "143M - 6F"}, "geometry": {"type": "LineString", "coordinates": [[-41.317246849222, -21.601467175403002], [-41.317242514651, -21.601123614604006], [-41.316877870005, -21.601177997593], [-41.31670340065, -21.601111784676988], [-41.316628753321, -21.600986332214006], [-41.316351761311, -21.601092744441004]]}}, {"type": "Feature", "properties": {"tipo": "cabo", "nome": "389M - 6F", "comprimento": "", "descricao": "389M - 6F"}, "geometry": {"type": "LineString", "coordinates": [[-41.316598950378, -21.59768525767099], [-41.316612075917, -21.598680328879], [-41.315322002025, -21.598844771689002], [-41.314630718496005, -21.598922589395997], [-41.313943426631994, -21.599005486037996]]}}, {"type": "Feature", "properties": {"tipo": "cabo", "nome": "336M - 6F", "comprimento": "", "descricao": "336M - 6F"}, "geometry": {"type": "LineString", "coordinates": [[-41.317447546085006, -21.617804176416], [-41.316452632909, -21.617764282262996], [-41.315486514317, -21.617727363384006], [-41.315528808445, -21.617410004083], [-41.315639477494, -21.616535520021998]]}}, {"type": "Feature", "properties": {"tipo": "cabo", "nome": "437M - 6F", "comprimento": "", "descricao": "437M - 6F"}, "geometry": {"type": "LineString", "coordinates": [[-41.316832418111, -21.613340180999998], [-41.316479704792, -21.613319372896996], [-41.316063769465, -21.613344305237007], [-41.315633560409005, -21.616546592926994]]}}, {"type": "Feature", "properties": {"tipo": "cabo", "nome": "401M - 6F", "comprimento": "", "descricao": "401M - 6F"}, "geometry": {"type": "LineString", "coordinates": [[-41.316991985043, -21.611820026802008], [-41.316270569246996, -21.611863420176007], [-41.315757414816, -21.611797987615006], [-41.315820247394, -21.611306477338005], [-41.315802306293, -21.611305501253995], [-41.315740528325, -21.611795048898998], [-41.315543745412, -21.613235731464002]]}}, {"type": "Feature", "properties": {"tipo": "cabo", "nome": "230M - 6F", "comprimento": "", "descricao": "230M - 6F"}, "geometry": {"type": "LineString", "coordinates": [[-41.316905055159, -21.612667209894], [-41.31620695110001, -21.612699160456998], [-41.316154020784, -21.612691960571993], [-41.316062548157, -21.613329839634005], [-41.31649496122, -21.613306189734985], [-41.31684389757599, -21.613326142603]]}}, {"type": "Feature", "properties": {"tipo": "cabo", "nome": "97M - 6F", "comprimento": "", "descricao": "97M - 6F"}, "geometry": {"type": "LineString", "coordinates": [[-41.316430206126995, -21.61226427464001], [-41.317358598554996, -21.612194848501005]]}}, {"type": "Feature", "properties": {"tipo": "cabo", "nome": "248M - 6F", "comprimento": "", "descricao": "248M - 6F"}, "geometry": {"type": "LineString", "coordinates": [[-41.316991937822, -21.61181199043199], [-41.316261693156, -21.611855058706], [-41.31625639970999, -21.611798482979992], [-41.316411673036, -21.610888675099005], [-41.317023932157994, -21.610810025245]]}}, {"type": "Feature", "properties": {"tipo": "cabo", "nome": "184M - 12F", "comprimento": "", "descricao": "184M - 12F"}, "geometry": {"type": "LineString", "coordinates": [[-41.31583185190999, -21.606624470360998], [-41.314715523019, -21.606790537091996], [-41.31452018797199, -21.606845465228005], [-41.314081545419, -21.606898303394004]]}}, {"type": "Feature", "properties": {"tipo": "cabo", "nome": "370M - 6F", "comprimento": "", "descricao": "370M - 6F"}, "geometry": {"type": "LineString", "coordinates": [[-41.31507017633499, -21.620782717669], [-41.315133193052, -21.62033500466198], [-41.315496820488, -21.62064148424099], [-41.315522680981, -21.620758669793005], [-41.315541311122, -21.621356698306016], [-41.315551604257, -21.621351549048995], [-41.315534022503, -21.620759476009013], [-41.315622893491, -21.620794382724014], [-41.316718710432994, -21.620803794298]]}}, {"type": "Feature", "properties": {"tipo": "cabo", "nome": "205M - 6F", "comprimento": "", "descricao": "205M - 6F"}, "geometry": {"type": "LineString", "coordinates": [[-41.315566561485, -21.621332808353998], [-41.31553697786801, -21.620613850385], [-41.315491857345, -21.620045601399], [-41.316096889141, -21.620045586744993]]}}, {"type": "Feature", "properties": {"tipo": "cabo", "nome": "154M - 6F", "comprimento": "", "descricao": "154M - 6F"}, "geometry": {"type": "LineString", "coordinates": [[-41.316538120056, -21.618375726981995], [-41.315746374265, -21.618341093859], [-41.315447452465, -21.618328192885002], [-41.31541464734, -21.618245023919997], [-41.315380360332, -21.618522256977016]]}}, {"type": "Feature", "properties": {"tipo": "cabo", "nome": "BACKBONE 12F - 2 1", "comprimento": "", "descricao": "BACKBONE 12F - 2 1"}, "geometry": {"type": "LineString", "coordinates": [[-41.317454713904, -21.617813426628985], [-41.317574364602, -21.618408071508], [-41.317321678563, -21.618396621108985]]}}, {"type": "Feature", "properties": {"tipo": "cabo", "nome": "253M - 6F", "comprimento": "", "descricao": "253M - 6F"}, "geometry": {"type": "LineString", "coordinates": [[-41.315374396039, -21.618519484586997], [-41.31533265684699, -21.618914541734], [-41.31627092200999, -21.618972185190017], [-41.317347724882, -21.619008519545005]]}}, {"type": "Feature", "properties": {"tipo": "cabo", "nome": "63M - 6F", "comprimento": "", "descricao": "63M - 6F"}, "geometry": {"type": "LineString", "coordinates": [[-41.317454713904, -21.617813426628985], [-41.318062003814, -21.617828819929017]]}}, {"type": "Feature", "properties": {"tipo": "cabo", "nome": "185M - 6F", "comprimento": "", "descricao": "185M - 6F"}, "geometry": {"type": "LineString", "coordinates": [[-41.317474056381, -21.617816385636004], [-41.317554510623, -21.617634256021987], [-41.317558853708, -21.617308268621997], [-41.317590147686, -21.617204341808005], [-41.31757615437701, -21.61720325820602], [-41.317546686738, -21.617302613549015], [-41.31660058418899, -21.617051848955]]}}, {"type": "Feature", "properties": {"tipo": "cabo", "nome": "327M - 6F", "comprimento": "", "descricao": "327M - 6F"}, "geometry": {"type": "LineString", "coordinates": [[-41.318550503492, -21.621387415127003], [-41.318400195539, -21.620197312613], [-41.318303218306, -21.619387000819003], [-41.318231451925, -21.618668233264998], [-41.318334365689, -21.618469388258987]]}}, {"type": "Feature", "properties": {"tipo": "cabo", "nome": "484M - 12F", "comprimento": "", "descricao": "484M - 12F"}, "geometry": {"type": "LineString", "coordinates": [[-41.318654036073006, -21.612460056587977], [-41.318036900858004, -21.612449820183997], [-41.318069097543, -21.612591759642], [-41.316879633828, -21.61264752853002], [-41.31620045526099, -21.612682487072007], [-41.31615630829701, -21.612676502810018], [-41.316195692398, -21.612376597817004], [-41.316226960192, -21.612285960237017], [-41.316415511308, -21.612268946745004], [-41.316418156937, -21.61225255279298], [-41.316218820176, -21.61227246640901], [-41.316261405071, -21.611873996653998], [-41.316987730997, -21.611831647022996]]}}, {"type": "Feature", "properties": {"tipo": "cabo", "nome": "171M - 6F", "comprimento": "", "descricao": "171M - 6F"}, "geometry": {"type": "LineString", "coordinates": [[-41.31817763204899, -21.605925004456992], [-41.31823113314, -21.606231415043], [-41.318154268472, -21.60628610627799], [-41.319362638177, -21.606092516914003]]}}, {"type": "Feature", "properties": {"tipo": "cabo", "nome": "427M - 6F", "comprimento": "", "descricao": "427M - 6F"}, "geometry": {"type": "LineString", "coordinates": [[-41.319228705219, -21.610427702737], [-41.319365397156, -21.611978779276996], [-41.31827704527801, -21.61197754567199], [-41.318012370912, -21.611991123457997], [-41.318032570856005, -21.61243873062], [-41.318655185489, -21.612446937520005]]}}, {"type": "Feature", "properties": {"tipo": "cabo", "nome": "200M - 12F", "comprimento": "", "descricao": "200M - 12F"}, "geometry": {"type": "LineString", "coordinates": [[-41.31833242445699, -21.618461519122008], [-41.317325788313, -21.61842335883], [-41.317321678563, -21.618396621108985], [-41.317574364602, -21.618408071508], [-41.317465918917, -21.617814169273004]]}}, {"type": "Feature", "properties": {"tipo": "cabo", "nome": "623M - 12F", "comprimento": "", "descricao": "623M - 12F"}, "geometry": {"type": "LineString", "coordinates": [[-41.316496899754, -21.603513213426993], [-41.31651473357601, -21.60371518318098], [-41.316794348328, -21.603687381891007], [-41.316739930839, -21.604331717434007], [-41.31664520011199, -21.605145576674005], [-41.316454373104, -21.605159163470006], [-41.316462049667, -21.605174935142998], [-41.316643693249, -21.605163097873998], [-41.316476750696, -21.606505426946995], [-41.31662234346499, -21.606520601735], [-41.31699931504401, -21.606427287753007], [-41.317133426037, -21.606450288107], [-41.31814012811199, -21.606276773279006], [-41.318210838834, -21.606223508171], [-41.318159758522995, -21.605920222121]]}}, {"type": "Feature", "properties": {"tipo": "cabo", "nome": "210M - 6F", "comprimento": "", "descricao": "210M - 6F"}, "geometry": {"type": "LineString", "coordinates": [[-41.318169909771, -21.605920899644985], [-41.318045605808, -21.605237668981005], [-41.317836538721, -21.604046479006996]]}}, {"type": "Feature", "properties": {"tipo": "cabo", "nome": "FIBRA AS MINI RAR -R2 12", "comprimento": "", "descricao": "FIBRA AS MINI RAR -R2 12"}, "geometry": {"type": "LineString", "coordinates": [[-41.331926058, -21.724092589099996], [-41.3313567978, -21.724414032200002]]}}, {"type": "Feature", "properties": {"tipo": "cabo", "nome": "FIBRA AS MINI RAR -R2 8", "comprimento": "", "descricao": "FIBRA AS MINI RAR -R2 8"}, "geometry": {"type": "LineString", "coordinates": [[-41.33172800970001, -21.723463473500004], [-41.3310142005, -21.723840045100005], [-41.3303770665, -21.7241678308], [-41.3310142005, -21.723840045100005], [-41.330698803800004, -21.7233191448]]}}, {"type": "Feature", "properties": {"tipo": "cabo", "nome": "FIBRA AS MINI RAR -R3 3", "comprimento": "", "descricao": "FIBRA AS MINI RAR -R3 3"}, "geometry": {"type": "LineString", "coordinates": [[-41.331938318, -21.7225795242], [-41.3313085795, -21.7229157159], [-41.33090127976201, -21.722320867864994], [-41.330579368, -21.72169319769999]]}}, {"type": "Feature", "properties": {"tipo": "cabo", "nome": "FIBRA AS MINI RAR -R1 4", "comprimento": "", "descricao": "FIBRA AS MINI RAR -R1 4"}, "geometry": {"type": "LineString", "coordinates": [[-41.3336284345, -21.7241163706], [-41.3332377952, -21.7234737216], [-41.3328965997, -21.722872696699994]]}}, {"type": "Feature", "properties": {"tipo": "cabo", "nome": "FIBRA AS MINI RAR -R1 7", "comprimento": "", "descricao": "FIBRA AS MINI RAR -R1 7"}, "geometry": {"type": "LineString", "coordinates": [[-41.330698803800004, -21.7233191448], [-41.330307615359, -21.722580491814995], [-41.3300474548, -21.722240155099996]]}}, {"type": "Feature", "properties": {"tipo": "cabo", "nome": "FIBRA AS MINI RAR -R2 7", "comprimento": "", "descricao": "FIBRA AS MINI RAR -R2 7"}, "geometry": {"type": "LineString", "coordinates": [[-41.331938318, -21.7225795242], [-41.331460898, -21.72174703740002], [-41.3311118314, -21.721187771800004]]}}, {"type": "Feature", "properties": {"tipo": "cabo", "nome": "FIBRA AS MINI RAR -R1 5", "comprimento": "", "descricao": "FIBRA AS MINI RAR -R1 5"}, "geometry": {"type": "LineString", "coordinates": [[-41.331938318, -21.7225795242], [-41.3324465162, -21.722177407200007], [-41.331973689069, -21.721436891346997]]}}, {"type": "Feature", "properties": {"tipo": "cabo", "nome": "FIBRA AS MINI RAR -R1 8", "comprimento": "", "descricao": "FIBRA AS MINI RAR -R1 8"}, "geometry": {"type": "LineString", "coordinates": [[-41.328888561, -21.724923862900013], [-41.32954387728, -21.72448971404799], [-41.3296516501, -21.7246488448], [-41.329930115378, -21.725137555535], [-41.3294790301, -21.725438847999996], [-41.32991938654201, -21.725137555535], [-41.3300989906, -21.725351444200015]]}}, {"type": "Feature", "properties": {"tipo": "cabo", "nome": "FIBRA AS MINI RAR -R3 2", "comprimento": "", "descricao": "FIBRA AS MINI RAR -R3 2"}, "geometry": {"type": "LineString", "coordinates": [[-41.3336284345, -21.7241163706], [-41.3339987346, -21.724741320500016]]}}, {"type": "Feature", "properties": {"tipo": "cabo", "nome": "FIBRA AS MINI RAR -R3 7", "comprimento": "", "descricao": "FIBRA AS MINI RAR -R3 7"}, "geometry": {"type": "LineString", "coordinates": [[-41.3318222435, -21.7250769507], [-41.332460179751, -21.72473576431399], [-41.33247388423499, -21.724759385626996]]}}, {"type": "Feature", "properties": {"tipo": "cabo", "nome": "FIBRA AS MINI RAR -R2 4", "comprimento": "", "descricao": "FIBRA AS MINI RAR -R2 4"}, "geometry": {"type": "LineString", "coordinates": [[-41.336281271164, -21.725292741016005], [-41.3358845614, -21.72443551250001], [-41.335515963800006, -21.723726350100023], [-41.3351243674, -21.722937567499997]]}}, {"type": "Feature", "properties": {"tipo": "cabo", "nome": "FIBRA AS MINI RAR -R2 2", "comprimento": "", "descricao": "FIBRA AS MINI RAR -R2 2"}, "geometry": {"type": "LineString", "coordinates": [[-41.3332851532, -21.72484975309999], [-41.3332851532, -21.72484975309999]]}}, {"type": "Feature", "properties": {"tipo": "cabo", "nome": "FIBRA AS MINI RAR -R2 6", "comprimento": "", "descricao": "FIBRA AS MINI RAR -R2 6"}, "geometry": {"type": "LineString", "coordinates": [[-41.3336284345, -21.7241163706], [-41.333046256364, -21.724422867920012], [-41.3325747411, -21.723624474199994], [-41.332177381615004, -21.723077858889]]}}, {"type": "Feature", "properties": {"tipo": "cabo", "nome": "FIBRA AS MINI RAR -R2 11", "comprimento": "", "descricao": "FIBRA AS MINI RAR -R2 11"}, "geometry": {"type": "LineString", "coordinates": [[-41.3318222435, -21.7250769507], [-41.3313567978, -21.724414032200002], [-41.3306928422, -21.724761512100017]]}}, {"type": "Feature", "properties": {"tipo": "cabo", "nome": "FIBRA AS MINI RAR -R2 10", "comprimento": "", "descricao": "FIBRA AS MINI RAR -R2 10"}, "geometry": {"type": "LineString", "coordinates": [[-41.32872764418, -21.725795558233997], [-41.329062979700005, -21.725900897399995], [-41.3297815953, -21.7262000601]]}}, {"type": "Feature", "properties": {"tipo": "cabo", "nome": "FIBRA AS MINI RAR -R2 1", "comprimento": "", "descricao": "FIBRA AS MINI RAR -R2 1"}, "geometry": {"type": "LineString", "coordinates": [[-41.333078411460995, -21.725877610620003], [-41.333688200100006, -21.725563605400012], [-41.3332851532, -21.72484975309999]]}}, {"type": "Feature", "properties": {"tipo": "cabo", "nome": "FIBRA AS MINI RAR -R3 8", "comprimento": "", "descricao": "FIBRA AS MINI RAR -R3 8"}, "geometry": {"type": "LineString", "coordinates": [[-41.333078411460995, -21.725877610620003], [-41.332687826484, -21.725158767514003]]}}, {"type": "Feature", "properties": {"tipo": "cabo", "nome": "FIBRA AS MINI RAR -R1 3", "comprimento": "", "descricao": "FIBRA AS MINI RAR -R1 3"}, "geometry": {"type": "LineString", "coordinates": [[-41.3348079131, -21.724240693500008], [-41.3351320639, -21.724858006200023], [-41.33544807890001, -21.72545434030002], [-41.3356359478, -21.725866665699996], [-41.336282929062, -21.725510061296006], [-41.336459954857, -21.725559895006995], [-41.336281271164, -21.725292741016005]]}}, {"type": "Feature", "properties": {"tipo": "cabo", "nome": "FIBRA AS MINI RAR -R1 9", "comprimento": "", "descricao": "FIBRA AS MINI RAR -R1 9"}, "geometry": {"type": "LineString", "coordinates": [[-41.33040886610001, -21.725820681499997], [-41.3300989906, -21.725351444200015]]}}, {"type": "Feature", "properties": {"tipo": "cabo", "nome": "FIBRA AS MINI RAR -R3 5", "comprimento": "", "descricao": "FIBRA AS MINI RAR -R3 5"}, "geometry": {"type": "LineString", "coordinates": [[-41.3310365747, -21.725452618299997], [-41.3313200855, -21.725861981099996]]}}, {"type": "Feature", "properties": {"tipo": "cabo", "nome": "FIBRA AS MINI RAR -R2 3", "comprimento": "", "descricao": "FIBRA AS MINI RAR -R2 3"}, "geometry": {"type": "LineString", "coordinates": [[-41.3340545323, -21.726362176500004], [-41.3343237373, -21.727113764500004], [-41.33453446627, -21.727771608596015], [-41.334465572443, -21.72735170271399], [-41.3347929572, -21.7272673592], [-41.3354398633, -21.727002129200002]]}}, {"type": "Feature", "properties": {"tipo": "cabo", "nome": "FIBRA AS MINI RAR -R1 10", "comprimento": "", "descricao": "FIBRA AS MINI RAR -R1 10"}, "geometry": {"type": "LineString", "coordinates": [[-41.3297815953, -21.7262000601], [-41.329313393064, -21.726493910940988], [-41.3289991084, -21.726622016199997], [-41.328854735323, -21.726725635962993], [-41.328174643, -21.726437005799994]]}}, {"type": "Feature", "properties": {"tipo": "cabo", "nome": "FIBRA AS MINI RAR -R3 6", "comprimento": "", "descricao": "FIBRA AS MINI RAR -R3 6"}, "geometry": {"type": "LineString", "coordinates": [[-41.3304299029, -21.726979421899998], [-41.3301690932, -21.726548893499995], [-41.329902443014, -21.726135583404997], [-41.3297815953, -21.7262000601]]}}, {"type": "Feature", "properties": {"tipo": "cabo", "nome": "FIBRA AS MINI RAR -R1 10 (extens\u00e3o de rompime", "comprimento": "", "descricao": "FIBRA AS MINI RAR -R1 10 (extens\u00e3o de rompime"}, "geometry": {"type": "LineString", "coordinates": [[-41.3289991084, -21.726622016199997], [-41.32925250699701, -21.72649127373799], [-41.3283282253, -21.726125374899993]]}}, {"type": "Feature", "properties": {"tipo": "cabo", "nome": "FIBRA AS MINI RAR -R2 9", "comprimento": "", "descricao": "FIBRA AS MINI RAR -R2 9"}, "geometry": {"type": "LineString", "coordinates": [[-41.33040886610001, -21.725820681499997], [-41.3307649504, -21.726537058099993]]}}, {"type": "Feature", "properties": {"tipo": "cabo", "nome": "FIBRA AS MINI RAR -R1 2", "comprimento": "", "descricao": "FIBRA AS MINI RAR -R1 2"}, "geometry": {"type": "LineString", "coordinates": [[-41.3340545323, -21.726362176500004], [-41.334497758951, -21.726360020985993], [-41.334792801942, -21.726325137583984], [-41.335055658426, -21.726260354101996], [-41.3352871899, -21.726513302399994], [-41.335118850349, -21.726222681714006], [-41.334941824555, -21.726267531832008], [-41.3348656653, -21.726132769299994], [-41.334292572083, -21.725200376231]]}}, {"type": "Feature", "properties": {"tipo": "cabo", "nome": "FIBRA AS MINI RAR -R1 12", "comprimento": "", "descricao": "FIBRA AS MINI RAR -R1 12"}, "geometry": {"type": "LineString", "coordinates": [[-41.3316036828, -21.726395424000003], [-41.332305067841, -21.726049283432985], [-41.332435629200006, -21.726305596000003], [-41.332185686699994, -21.725775384900004], [-41.3318222435, -21.7250769507]]}}, {"type": "Feature", "properties": {"tipo": "cabo", "nome": "398M - 6F", "comprimento": "", "descricao": "398M - 6F"}, "geometry": {"type": "LineString", "coordinates": [[-41.33414752159501, -21.745627708881017], [-41.334125929995, -21.745588605890987], [-41.335107501971, -21.745259276707003], [-41.335217770654, -21.745051664566006], [-41.334788361616, -21.743901962612], [-41.334931389344, -21.744202247081986], [-41.335587356453, -21.743972776530015]]}}, {"type": "Feature", "properties": {"tipo": "cabo", "nome": "228M - 6F", "comprimento": "", "descricao": "228M - 6F"}, "geometry": {"type": "LineString", "coordinates": [[-41.33739017939, -21.744509517102003], [-41.337261095626, -21.744513786384005], [-41.337027562502, -21.744583406245], [-41.336806078653, -21.744678313807015], [-41.336760101501, -21.744684138946], [-41.336671162118, -21.744655223731996], [-41.336629407435, -21.744599878399995], [-41.336539282211, -21.744404197135992], [-41.336460028586, -21.74410926732901], [-41.336340064928, -21.743794946633997], [-41.336263206537, -21.743629815142995], [-41.3361813218, -21.743393141488]]}}, {"type": "Feature", "properties": {"tipo": "cabo", "nome": "FIBRA 6F 214", "comprimento": "", "descricao": "FIBRA 6F 214"}, "geometry": {"type": "LineString", "coordinates": [[-41.334788361616, -21.743901962612], [-41.334872801117, -21.744221614797993], [-41.334824521355, -21.744378570492003], [-41.334481198601, -21.744468259382003], [-41.334409802964, -21.744190312221008]]}}, {"type": "Feature", "properties": {"tipo": "cabo", "nome": "303M - 6F", "comprimento": "", "descricao": "303M - 6F"}, "geometry": {"type": "LineString", "coordinates": [[-41.335554022546, -21.741656407442008], [-41.33525311199101, -21.741721206180003], [-41.33529453163, -21.741820152480003], [-41.334608692521, -21.741923067909994], [-41.33432315523801, -21.740937107681006], [-41.33423039714201, -21.740582993223995], [-41.334133745995, -21.740294765224007], [-41.33400634006801, -21.740315019937]]}}, {"type": "Feature", "properties": {"tipo": "cabo", "nome": "344M - 12F", "comprimento": "", "descricao": "344M - 12F"}, "geometry": {"type": "LineString", "coordinates": [[-41.33382932116799, -21.741327902121995], [-41.333683210047006, -21.740943798033996], [-41.33361930280001, -21.740779003434994], [-41.333573864777, -21.740660414474007], [-41.333590553714, -21.740607680832], [-41.333700145261, -21.74050324282601], [-41.333994959082, -21.740308614715005], [-41.334085347779, -21.740247079692992], [-41.334128930652, -21.74022180940301], [-41.334333894163, -21.740143499938995], [-41.334693257932, -21.74005913968199], [-41.334727415336, -21.740125127105983], [-41.33476205225401, -21.740205976322002], [-41.334858658078, -21.74054421254], [-41.334872929421, -21.74057580621799], [-41.334924331568, -21.740708218386004], [-41.334991026939996, -21.740885435731002], [-41.33506237923, -21.74112704458402]]}}, {"type": "Feature", "properties": {"tipo": "cabo", "nome": "260M - 6F", "comprimento": "", "descricao": "260M - 6F"}, "geometry": {"type": "LineString", "coordinates": [[-41.333107926744, -21.74131703162702], [-41.3333083189, -21.740850219888017], [-41.33358851635799, -21.740671144429], [-41.334020864674, -21.741816075355004], [-41.334095640753, -21.741991484246995], [-41.334165362344, -21.742194912285]]}}, {"type": "Feature", "properties": {"tipo": "cabo", "nome": "FIBRA AS MINI RAR -R1 1", "comprimento": "", "descricao": "FIBRA AS MINI RAR -R1 1"}, "geometry": {"type": "LineString", "coordinates": [[-41.334084395, -21.728628903499995], [-41.33387804369999, -21.727961228699996], [-41.333683161, -21.7272731172], [-41.333423663599994, -21.72661528579998], [-41.333078411460995, -21.725877610620003]]}}, {"type": "Feature", "properties": {"tipo": "cabo", "nome": "114M - 6F", "comprimento": "", "descricao": "114M - 6F"}, "geometry": {"type": "LineString", "coordinates": [[-41.343161877108, -21.728822130356008], [-41.343544895022006, -21.728994297425004], [-41.344168428296, -21.72925116604202]]}}, {"type": "Feature", "properties": {"tipo": "cabo", "nome": "67M - 6F", "comprimento": "", "descricao": "67M - 6F"}, "geometry": {"type": "LineString", "coordinates": [[-41.343159902957, -21.728804291573994], [-41.342565346591, -21.728553256588995]]}}, {"type": "Feature", "properties": {"tipo": "cabo", "nome": "333M - 6F", "comprimento": "", "descricao": "333M - 6F"}, "geometry": {"type": "LineString", "coordinates": [[-41.341200674845005, -21.728278633342995], [-41.341654719654, -21.727386696159], [-41.341813462439, -21.727355883651], [-41.342117417786, -21.727493474761005], [-41.34295353041699, -21.727862656563005], [-41.343036221182004, -21.727897554615993], [-41.343626994196995, -21.728146878800985]]}}, {"type": "Feature", "properties": {"tipo": "cabo", "nome": "159M - 6F", "comprimento": "", "descricao": "159M - 6F"}, "geometry": {"type": "LineString", "coordinates": [[-41.342432515787, -21.726774456059005], [-41.3433708606, -21.72720316201699], [-41.343815651289, -21.727403490471005]]}}, {"type": "Feature", "properties": {"tipo": "cabo", "nome": "193M - 6F", "comprimento": "", "descricao": "193M - 6F"}, "geometry": {"type": "LineString", "coordinates": [[-41.342610020374, -21.726432575480004], [-41.343448771419, -21.726818247818997], [-41.343498383859, -21.72694599199299], [-41.343387747898, -21.72714551819101], [-41.343384980473, -21.727196641478997], [-41.34382715288201, -21.727392642366]]}}, {"type": "Feature", "properties": {"tipo": "cabo", "nome": "236M - 12F", "comprimento": "", "descricao": "236M - 12F"}, "geometry": {"type": "LineString", "coordinates": [[-41.343626994196995, -21.728146878800985], [-41.343997557403, -21.728299694559], [-41.344002546781, -21.728315897605], [-41.34382396181499, -21.72865753945601], [-41.343585359901994, -21.728564230252033], [-41.343573731842, -21.72858250604301], [-41.343817867981, -21.728680929088995], [-41.343652938192, -21.728987399466007], [-41.343546392889, -21.72898106309499], [-41.343159902957, -21.728804291573994]]}}, {"type": "Feature", "properties": {"tipo": "cabo", "nome": "97M - 6F", "comprimento": "", "descricao": "97M - 6F"}, "geometry": {"type": "LineString", "coordinates": [[-41.343568701786, -21.728572314047], [-41.34272314134999, -21.728195586696003]]}}, {"type": "Feature", "properties": {"tipo": "cabo", "nome": "461M - 12F", "comprimento": "", "descricao": "461M - 12F"}, "geometry": {"type": "LineString", "coordinates": [[-41.335060269842, -21.741103505404], [-41.33550932664, -21.742425733133018], [-41.335561101151, -21.742599384635], [-41.33562867789299, -21.742779250254983], [-41.33573829742, -21.74289839835798], [-41.335809788554, -21.742940084009987], [-41.335868795915, -21.742958529085], [-41.336335420466, -21.742874884857002], [-41.336444842004, -21.742844395039995], [-41.33657436263701, -21.742836281638006], [-41.337005975909, -21.742783428579003], [-41.33810823461901, -21.742750235047993]]}}, {"type": "Feature", "properties": {"tipo": "cabo", "nome": "130M - 6F", "comprimento": "", "descricao": "130M - 6F"}, "geometry": {"type": "LineString", "coordinates": [[-41.34187452244, -21.742690060375992], [-41.341559013724, -21.74265210520801], [-41.341537903145, -21.742589267534], [-41.341493599894, -21.74193119971099]]}}, {"type": "Feature", "properties": {"tipo": "cabo", "nome": "410M - 12F", "comprimento": "", "descricao": "410M - 12F"}, "geometry": {"type": "LineString", "coordinates": [[-41.338094086546, -21.742744503882008], [-41.338779274932, -21.742732519813018], [-41.341097143734004, -21.742828943196997], [-41.341548149107, -21.742696184108993], [-41.34187452244, -21.742690060375992]]}}, {"type": "Feature", "properties": {"tipo": "cabo", "nome": "210M - 6F", "comprimento": "", "descricao": "210M - 6F"}, "geometry": {"type": "LineString", "coordinates": [[-41.34187452244, -21.742690060375992], [-41.341548347691, -21.742672577459004], [-41.341418926486, -21.74271250389799], [-41.34109330459, -21.742802067106993], [-41.34077490581901, -21.742797470412995], [-41.340839709994, -21.742101929566005]]}}, {"type": "Feature", "properties": {"tipo": "cabo", "nome": "227M - 6F", "comprimento": "", "descricao": "227M - 6F"}, "geometry": {"type": "LineString", "coordinates": [[-41.34187452244, -21.742690060375992], [-41.342160520743995, -21.742672044838983], [-41.342129281465, -21.74193901395101], [-41.342196744797, -21.742347357514006], [-41.34297673943599, -21.74213577745701]]}}, {"type": "Feature", "properties": {"tipo": "cabo", "nome": "194M - 6F", "comprimento": "", "descricao": "194M - 6F"}, "geometry": {"type": "LineString", "coordinates": [[-41.342140197443, -21.741958422891017], [-41.342188773104, -21.742668660426006], [-41.343298009387, -21.742625655847007]]}}, {"type": "Feature", "properties": {"tipo": "cabo", "nome": "178M - 6F", "comprimento": "", "descricao": "178M - 6F"}, "geometry": {"type": "LineString", "coordinates": [[-41.34315486723101, -21.728830062864006], [-41.343546500609996, -21.729000791085], [-41.343585668656, -21.729104259370004], [-41.343447845542, -21.729361382924992], [-41.342669925896, -21.729017071468007]]}}, {"type": "Feature", "properties": {"tipo": "cabo", "nome": "330M - 6F", "comprimento": "", "descricao": "330M - 6F"}, "geometry": {"type": "LineString", "coordinates": [[-41.339029459802, -21.74273305669101], [-41.338834356625, -21.742823279348997], [-41.338809436206006, -21.74288894647502], [-41.338931643421994, -21.743197760388], [-41.33903901516499, -21.74344670244001], [-41.339220815896, -21.743936473187006], [-41.33908889831601, -21.744024619177992], [-41.339290188206, -21.743958687388], [-41.339339918114995, -21.743936034239994], [-41.339647502262, -21.743861288632004], [-41.339731729217995, -21.74383148209499], [-41.339749973657, -21.743785735646], [-41.339530144176, -21.74305474251402]]}}, {"type": "Feature", "properties": {"tipo": "cabo", "nome": "97M - 6F", "comprimento": "", "descricao": "97M - 6F"}, "geometry": {"type": "LineString", "coordinates": [[-41.338087097151, -21.742745305615003], [-41.338196065091, -21.742846786865], [-41.337915977868995, -21.742852331690997], [-41.33806136161299, -21.743308034193007]]}}, {"type": "Feature", "properties": {"tipo": "cabo", "nome": "125M - 6F", "comprimento": "", "descricao": "125M - 6F"}, "geometry": {"type": "LineString", "coordinates": [[-41.343999973483, -21.744645602758993], [-41.34388291944, -21.744289373032018], [-41.343355323238, -21.744500312233]]}}, {"type": "Feature", "properties": {"tipo": "cabo", "nome": "190M - 6F", "comprimento": "", "descricao": "190M - 6F"}, "geometry": {"type": "LineString", "coordinates": [[-41.34350304432299, -21.743196059685005], [-41.343844744068, -21.744205496522], [-41.343871514083, -21.744270029495], [-41.34332766293701, -21.744496408591004]]}}, {"type": "Feature", "properties": {"tipo": "cabo", "nome": "95M - 6F", "comprimento": "", "descricao": "95M - 6F"}, "geometry": {"type": "LineString", "coordinates": [[-41.337380222392, -21.744506905224995], [-41.33757829039299, -21.744433149624015], [-41.337494669325, -21.744361173868], [-41.33730905575201, -21.743839768369]]}}, {"type": "Feature", "properties": {"tipo": "cabo", "nome": "331M - 12F", "comprimento": "", "descricao": "331M - 12F"}, "geometry": {"type": "LineString", "coordinates": [[-41.339306962916, -21.745358128568014], [-41.339051476011996, -21.745444613006015], [-41.338948160466, -21.745475618971014], [-41.338778172738, -21.745547809214997], [-41.338659456613, -21.745499368432007], [-41.338291441266, -21.745595744011013], [-41.338066123817, -21.745678591688005], [-41.338042295272, -21.745799082355006], [-41.33780260756999, -21.745267146109995], [-41.33755879273101, -21.744551653977993], [-41.33758319552201, -21.744447361903], [-41.337386646103, -21.744520215166006]]}}, {"type": "Feature", "properties": {"tipo": "cabo", "nome": "288M - 6F", "comprimento": "", "descricao": "288M - 6F"}, "geometry": {"type": "LineString", "coordinates": [[-41.33929569177, -21.745363944356], [-41.34024026234, -21.745095216992], [-41.340139531825, -21.744773062038007], [-41.340049377993, -21.744489172748004], [-41.340157449863, -21.744764721685], [-41.34038749857, -21.745482138824002]]}}, {"type": "Feature", "properties": {"tipo": "cabo", "nome": "169M - 6F", "comprimento": "", "descricao": "169M - 6F"}, "geometry": {"type": "LineString", "coordinates": [[-41.344390048314, -21.728075368247005], [-41.344157649973, -21.727975939643997], [-41.344004393762, -21.72829148053698], [-41.344010960220004, -21.72831721030299], [-41.344276123673, -21.72843768157101], [-41.344887489412, -21.728715212593002]]}}, {"type": "Feature", "properties": {"tipo": "cabo", "nome": "181M - 6F", "comprimento": "", "descricao": "181M - 6F"}, "geometry": {"type": "LineString", "coordinates": [[-41.344625522721, -21.727753060054013], [-41.34508262086601, -21.727960740887013], [-41.345644952746, -21.728210743646002], [-41.346204037128, -21.728456340555994]]}}, {"type": "Feature", "properties": {"tipo": "cabo", "nome": "94M - 6F", "comprimento": "", "descricao": "94M - 6F"}, "geometry": {"type": "LineString", "coordinates": [[-41.34460992876001, -21.727772364816985], [-41.34435900193, -21.727658549552018], [-41.34430774072899, -21.727698586494995], [-41.344172787964006, -21.72795434376401], [-41.344406942494, -21.728057107547997]]}}, {"type": "Feature", "properties": {"tipo": "cabo", "nome": "92M - 12F", "comprimento": "", "descricao": "92M - 12F"}, "geometry": {"type": "LineString", "coordinates": [[-41.34382275662, -21.727403358266997], [-41.344621468511, -21.727765803116995]]}}, {"type": "Feature", "properties": {"tipo": "cabo", "nome": "214M - 6F", "comprimento": "", "descricao": "214M - 6F"}, "geometry": {"type": "LineString", "coordinates": [[-41.342532082230996, -21.727246861573008], [-41.343380616846005, -21.727620518012003], [-41.3443989347, -21.72807474262102]]}}, {"type": "Feature", "properties": {"tipo": "cabo", "nome": "251M - 6F", "comprimento": "", "descricao": "251M - 6F"}, "geometry": {"type": "LineString", "coordinates": [[-41.344625522721, -21.727753060054013], [-41.344365674002994, -21.727629174280978], [-41.344354532151, -21.727592118811003], [-41.344521492235, -21.72728125119498], [-41.345226240772, -21.72759936100499], [-41.346077050076005, -21.727976999519996]]}}, {"type": "Feature", "properties": {"tipo": "cabo", "nome": "69M - 6F", "comprimento": "", "descricao": "69M - 6F"}, "geometry": {"type": "LineString", "coordinates": [[-41.34363184670901, -21.728170140263998], [-41.344238648547005, -21.728426437755004]]}}, {"type": "Feature", "properties": {"tipo": "cabo", "nome": "15M - 6F", "comprimento": "", "descricao": "15M - 6F"}, "geometry": {"type": "LineString", "coordinates": [[-41.345096347205, -21.742186885639], [-41.344953517928, -21.74217906915601]]}}, {"type": "Feature", "properties": {"tipo": "cabo", "nome": "9M - 6F", "comprimento": "", "descricao": "9M - 6F"}, "geometry": {"type": "LineString", "coordinates": [[-41.345541673222, -21.741982148744], [-41.34550325631899, -21.742049581139]]}}, {"type": "Feature", "properties": {"tipo": "cabo", "nome": "11M - 6F", "comprimento": "", "descricao": "11M - 6F"}, "geometry": {"type": "LineString", "coordinates": [[-41.345853353102, -21.741927005096002], [-41.345747515428, -21.741921114180016]]}}, {"type": "Feature", "properties": {"tipo": "cabo", "nome": "230M - 12F", "comprimento": "", "descricao": "230M - 12F"}, "geometry": {"type": "LineString", "coordinates": [[-41.34442566021, -21.741193731234006], [-41.345090068935, -21.740424809163997], [-41.345272230333, -21.74021872506502], [-41.34549996712099, -21.740261369557004], [-41.34550549785, -21.740152774473003], [-41.346002333045, -21.739984933416977]]}}, {"type": "Feature", "properties": {"tipo": "cabo", "nome": "94M - 6F", "comprimento": "", "descricao": "94M - 6F"}, "geometry": {"type": "LineString", "coordinates": [[-41.344405339436, -21.741194582166997], [-41.344115704107, -21.741484931382004], [-41.34383685631101, -21.741710135820995]]}}, {"type": "Feature", "properties": {"tipo": "cabo", "nome": "100M - 6F", "comprimento": "", "descricao": "100M - 6F"}, "geometry": {"type": "LineString", "coordinates": [[-41.345783054938, -21.741041017882992], [-41.34550764044, -21.74027884531]]}}, {"type": "Feature", "properties": {"tipo": "cabo", "nome": "85M - 6F", "comprimento": "", "descricao": "85M - 6F"}, "geometry": {"type": "LineString", "coordinates": [[-41.343571901903005, -21.728589828715002], [-41.343799888614996, -21.728687669848995], [-41.34385637011499, -21.728704410416], [-41.344325950271006, -21.728902692595]]}}, {"type": "Feature", "properties": {"tipo": "cabo", "nome": "191M - 6F", "comprimento": "", "descricao": "191M - 6F"}, "geometry": {"type": "LineString", "coordinates": [[-41.344386186288, -21.743595562479996], [-41.344630115684005, -21.744174819253004], [-41.345145099651006, -21.744009392672012], [-41.34549498278, -21.743894485948005]]}}, {"type": "Feature", "properties": {"tipo": "cabo", "nome": "258M - 6F", "comprimento": "", "descricao": "258M - 6F"}, "geometry": {"type": "LineString", "coordinates": [[-41.343381402328006, -21.744475851849003], [-41.34549498278, -21.743894485948005]]}}, {"type": "Feature", "properties": {"tipo": "cabo", "nome": "142M - 6F", "comprimento": "", "descricao": "142M - 6F"}, "geometry": {"type": "LineString", "coordinates": [[-41.344863083734, -21.743296262035003], [-41.34513528628101, -21.743993424992993], [-41.34549498278, -21.743894485948005]]}}, {"type": "Feature", "properties": {"tipo": "cabo", "nome": "167M - 12F", "comprimento": "", "descricao": "167M - 12F"}, "geometry": {"type": "LineString", "coordinates": [[-41.346244485123, -21.741802922987006], [-41.345854901994, -21.741933157074], [-41.34550325631899, -21.742049581139], [-41.345092533361004, -21.742190635686995], [-41.344880987187, -21.742263201480014], [-41.344730259676, -21.742314410777993]]}}, {"type": "Feature", "properties": {"tipo": "cabo", "nome": "314M - 6F", "comprimento": "", "descricao": "314M - 6F"}, "geometry": {"type": "LineString", "coordinates": [[-41.344730259676, -21.742314410777993], [-41.344508901471, -21.742383653847], [-41.344169694331995, -21.741444700242013], [-41.344783910567, -21.740812525283005], [-41.345062397044, -21.74148083881302], [-41.345061537184, -21.741527939972983]]}}, {"type": "Feature", "properties": {"tipo": "cabo", "nome": "247M - 6F", "comprimento": "", "descricao": "247M - 6F"}, "geometry": {"type": "LineString", "coordinates": [[-41.346308601288, -21.742450920170995], [-41.346192526223, -21.742104297959997], [-41.345436790562005, -21.742344162414], [-41.345406817298, -21.742372739150994], [-41.345522751748, -21.742726989332994], [-41.34560021498, -21.742932947001023], [-41.34566126728, -21.743078733614], [-41.345671986622, -21.743106150980992]]}}, {"type": "Feature", "properties": {"tipo": "cabo", "nome": "46M - 6F", "comprimento": "", "descricao": "46M - 6F"}, "geometry": {"type": "LineString", "coordinates": [[-41.344854337174, -21.742230633369985], [-41.34475072653801, -21.742303566070007], [-41.344718628405, -21.742311927565012]]}}, {"type": "Feature", "properties": {"tipo": "cabo", "nome": "397M - 12F", "comprimento": "", "descricao": "397M - 12F"}, "geometry": {"type": "LineString", "coordinates": [[-41.336105477483, -21.748713405385985], [-41.335427360024, -21.74767215128898], [-41.334826262971, -21.746722190403986], [-41.33414752159501, -21.745627708881017]]}}, {"type": "Feature", "properties": {"tipo": "cabo", "nome": "131M - 6F", "comprimento": "", "descricao": "131M - 6F"}, "geometry": {"type": "LineString", "coordinates": [[-41.334594547419, -21.748571860495005], [-41.334808822159005, -21.748349401914], [-41.335329722041, -21.747794804921995], [-41.335443447687, -21.747692903062998]]}}, {"type": "Feature", "properties": {"tipo": "cabo", "nome": "81M - 6F", "comprimento": "", "descricao": "81M - 6F"}, "geometry": {"type": "LineString", "coordinates": [[-41.334872474647, -21.746782857599], [-41.33433916766, -21.747326271728]]}}, {"type": "Feature", "properties": {"tipo": "cabo", "nome": "495M - 6F", "comprimento": "", "descricao": "495M - 6F"}, "geometry": {"type": "LineString", "coordinates": [[-41.331664584034, -21.744960216864015], [-41.331436182764, -21.745410822772996], [-41.331129394487995, -21.745879311124], [-41.33200426592399, -21.746528187652984], [-41.33231721410301, -21.746780524029987], [-41.332807610935, -21.746323815379], [-41.333330182254, -21.745910540824], [-41.333996262242, -21.745634718109002], [-41.334155143467, -21.745629999022]]}}, {"type": "Feature", "properties": {"tipo": "cabo", "nome": "246M - 6F", "comprimento": "", "descricao": "246M - 6F"}, "geometry": {"type": "LineString", "coordinates": [[-41.33551102420401, -21.745777971388023], [-41.335723810598, -21.746389270459005], [-41.336912941444, -21.746032566560004], [-41.336998414464, -21.746006852909005], [-41.337178406905, -21.745942678831994], [-41.337333632541, -21.745923549203]]}}, {"type": "Feature", "properties": {"tipo": "cabo", "nome": "241M - 6F", "comprimento": "", "descricao": "241M - 6F"}, "geometry": {"type": "LineString", "coordinates": [[-41.336050964019, -21.744937252081], [-41.336586901524, -21.744815973121987], [-41.336746860147, -21.744859455008992], [-41.33676467210599, -21.74493089707498], [-41.336859865692, -21.745186897208015], [-41.337121090531, -21.745893627404996], [-41.33714593206899, -21.746050281449], [-41.337168376047, -21.745954431729004], [-41.337329598606, -21.745927698269]]}}, {"type": "Feature", "properties": {"tipo": "cabo", "nome": "FIBRA AS MINI RAR -R2 3", "comprimento": "", "descricao": "FIBRA AS MINI RAR -R2 3"}, "geometry": {"type": "LineString", "coordinates": [[-41.329154148518, -21.752800098625002], [-41.32919464372699, -21.752952316461005], [-41.329037592619, -21.753020070522012], [-41.328919575423, -21.753072385900992], [-41.328788147181, -21.753114736431996]]}}, {"type": "Feature", "properties": {"tipo": "cabo", "nome": "64M - 12FO", "comprimento": "", "descricao": "64M - 12FO"}, "geometry": {"type": "LineString", "coordinates": [[-41.328646246584, -21.752762006669997], [-41.328670088515, -21.752822902942995], [-41.328693930282, -21.752878263224005], [-41.328717772212, -21.752936391503994], [-41.328744594303004, -21.752994519685004], [-41.328950230382, -21.752905943357007]]}}, {"type": "Feature", "properties": {"tipo": "cabo", "nome": "FIBRA AS MINI RAR -R12 3", "comprimento": "", "descricao": "FIBRA AS MINI RAR -R12 3"}, "geometry": {"type": "LineString", "coordinates": [[-41.335372856088, -21.750536374624005], [-41.335522869773, -21.751353849926005], [-41.336655358205, -21.750971859662016], [-41.33668814077699, -21.75102168454299]]}}, {"type": "Feature", "properties": {"tipo": "cabo", "nome": "38M - 12FO", "comprimento": "", "descricao": "38M - 12FO"}, "geometry": {"type": "LineString", "coordinates": [[-41.328860823306, -21.752678966172013], [-41.328878704753, -21.752734326509], [-41.328902546521, -21.752786918802002], [-41.328923408291, -21.752842279020996], [-41.328950230382, -21.752905943357007]]}}, {"type": "Feature", "properties": {"tipo": "cabo", "nome": "FIBRA AS MINI RAR -R1 7", "comprimento": "", "descricao": "FIBRA AS MINI RAR -R1 7"}, "geometry": {"type": "LineString", "coordinates": [[-41.335372856088, -21.750536374624005], [-41.335238745637, -21.750608344100996], [-41.335140397917996, -21.750630488618], [-41.335027149075, -21.750649864992]]}}, {"type": "Feature", "properties": {"tipo": "cabo", "nome": "FIBRA AS MINI RAR -R2 4", "comprimento": "", "descricao": "FIBRA AS MINI RAR -R2 4"}, "geometry": {"type": "LineString", "coordinates": [[-41.335372856088, -21.750536374624005], [-41.335351562071004, -21.750411698628], [-41.33518168888801, -21.750439379236994], [-41.335071420205, -21.750455987568003]]}}, {"type": "Feature", "properties": {"tipo": "cabo", "nome": "256M - 6F", "comprimento": "", "descricao": "256M - 6F"}, "geometry": {"type": "LineString", "coordinates": [[-41.336387225064, -21.75007517716], [-41.335539303093995, -21.749412411137996], [-41.335553064297, -21.74932654755999], [-41.336162498518, -21.74911779641002], [-41.336334977474, -21.749053947334005], [-41.336098657277, -21.748709261016003]]}}, {"type": "Feature", "properties": {"tipo": "cabo", "nome": "FIBRA AS MINI RAR -R2 1", "comprimento": "", "descricao": "FIBRA AS MINI RAR -R2 1"}, "geometry": {"type": "LineString", "coordinates": [[-41.327411363055006, -21.75404367195401], [-41.327426558922, -21.754112967210006], [-41.327766572164, -21.753979554946994], [-41.327752930621, -21.753938274620992], [-41.327723426322, -21.753863538811004], [-41.32769392202201, -21.753783820569993], [-41.327664417723, -21.753721540664003], [-41.32764027784201, -21.753649295939013]]}}, {"type": "Feature", "properties": {"tipo": "cabo", "nome": "FIBRA AS MINI RAR -R4 1", "comprimento": "", "descricao": "FIBRA AS MINI RAR -R4 1"}, "geometry": {"type": "LineString", "coordinates": [[-41.327411363055006, -21.75404367195401], [-41.32744541621201, -21.75408136703399], [-41.327586430591, -21.754030559002004], [-41.32741727935499, -21.753667138828007], [-41.327212498574006, -21.753741506783015], [-41.327109004889, -21.75373566979202]]}}, {"type": "Feature", "properties": {"tipo": "cabo", "nome": "84M - 6FO", "comprimento": "", "descricao": "84M - 6FO"}, "geometry": {"type": "LineString", "coordinates": [[-41.326751123898, -21.754046939946008], [-41.326541705909, -21.753836547193004], [-41.326630218807004, -21.753858967943998], [-41.326589985672, -21.753826582412998], [-41.326654358688, -21.753786723288016], [-41.326753600421, -21.753687075426967]]}}, {"type": "Feature", "properties": {"tipo": "cabo", "nome": "FIBRA AS MINI RAR -R1 1", "comprimento": "", "descricao": "FIBRA AS MINI RAR -R1 1"}, "geometry": {"type": "LineString", "coordinates": [[-41.327411363055006, -21.75404367195401], [-41.327510153004, -21.754018370501996], [-41.327485769196, -21.753957223092], [-41.327456508824, -21.753891546150996], [-41.327429686734, -21.753828133971], [-41.327393111185, -21.753766986404003]]}}, {"type": "Feature", "properties": {"tipo": "cabo", "nome": "90M - 6FO", "comprimento": "", "descricao": "90M - 6FO"}, "geometry": {"type": "LineString", "coordinates": [[-41.326025872055, -21.753243377326], [-41.326109020534, -21.753313131051], [-41.32619485122299, -21.75338288474302], [-41.326111138121995, -21.753471052726], [-41.326261616356, -21.753636870991997]]}}, {"type": "Feature", "properties": {"tipo": "cabo", "nome": "53M - 6FO", "comprimento": "", "descricao": "53M - 6FO"}, "geometry": {"type": "LineString", "coordinates": [[-41.325880007603, -21.753302579354], [-41.326261616356, -21.753636870991997]]}}, {"type": "Feature", "properties": {"tipo": "cabo", "nome": "135M - 12FO", "comprimento": "", "descricao": "135M - 12FO"}, "geometry": {"type": "LineString", "coordinates": [[-41.328950230382, -21.752905943357007], [-41.329154148518, -21.752800098625002], [-41.329395547329, -21.753284500288984], [-41.328981295011005, -21.75345888448898]]}}, {"type": "Feature", "properties": {"tipo": "cabo", "nome": "216M - 6F", "comprimento": "", "descricao": "216M - 6F"}, "geometry": {"type": "LineString", "coordinates": [[-41.33607339355099, -21.747346862151005], [-41.336145469666, -21.747633301261004], [-41.337544626026, -21.747191332210008], [-41.337440391232, -21.746932332788987]]}}, {"type": "Feature", "properties": {"tipo": "cabo", "nome": "94M - 6F", "comprimento": "", "descricao": "94M - 6F"}, "geometry": {"type": "LineString", "coordinates": [[-41.338576353669, -21.747520726252986], [-41.338371502206, -21.746969139061008], [-41.338100719657, -21.747052642699998]]}}, {"type": "Feature", "properties": {"tipo": "cabo", "nome": "169M - 6F", "comprimento": "", "descricao": "169M - 6F"}, "geometry": {"type": "LineString", "coordinates": [[-41.338887640274, -21.746770736320997], [-41.338088924617, -21.747040610352997], [-41.337608297522, -21.747174978071], [-41.337487066568, -21.74694101447298]]}}, {"type": "Feature", "properties": {"tipo": "cabo", "nome": "132M - 12F", "comprimento": "", "descricao": "132M - 12F"}, "geometry": {"type": "LineString", "coordinates": [[-41.33745393216, -21.746942956927995], [-41.337475298487, -21.746933519425994], [-41.337179517586, -21.746123869439003], [-41.337164938193, -21.746044013561985], [-41.337175378423, -21.745972008018015], [-41.337339316303, -21.745940163157]]}}, {"type": "Feature", "properties": {"tipo": "cabo", "nome": "240M - 6F", "comprimento": "", "descricao": "240M - 6F"}, "geometry": {"type": "LineString", "coordinates": [[-41.338595377403, -21.744814618633995], [-41.338982154248, -21.745889327894005], [-41.338778290487, -21.745434748880996], [-41.338229492457, -21.74561503068]]}}, {"type": "Feature", "properties": {"tipo": "cabo", "nome": "492M - 6F", "comprimento": "", "descricao": "492M - 6F"}, "geometry": {"type": "LineString", "coordinates": [[-41.339293331836, -21.745358485351986], [-41.339418334508004, -21.745313685427988], [-41.339628170011004, -21.74526213278901], [-41.339718953649, -21.74530322650702], [-41.33951547014801, -21.744786042384007], [-41.339419990193, -21.744452115675017], [-41.339551066841, -21.744775118915], [-41.339861612822, -21.745609270654995], [-41.339998048702, -21.745970085265], [-41.340134632653, -21.746299700755003], [-41.340125067783, -21.746472259845007], [-41.339340000819, -21.746716784382997], [-41.339397945793, -21.746923132385007]]}}, {"type": "Feature", "properties": {"tipo": "cabo", "nome": "108M - 6F", "comprimento": "", "descricao": "108M - 6F"}, "geometry": {"type": "LineString", "coordinates": [[-41.337776660746, -21.745262032959005], [-41.338142505449, -21.746174172124995]]}}, {"type": "Feature", "properties": {"tipo": "cabo", "nome": "244M - 6F", "comprimento": "", "descricao": "244M - 6F"}, "geometry": {"type": "LineString", "coordinates": [[-41.33737428582899, -21.749239609125], [-41.337024819511, -21.74969068000999], [-41.336947914047, -21.74964143070501], [-41.336834680441, -21.749398060431005], [-41.336612032478996, -21.749485807453993], [-41.336558681515, -21.749437299830007], [-41.33624661955, -21.749137027420005], [-41.336372695802, -21.74908108111002], [-41.336105477483, -21.748713405385985]]}}, {"type": "Feature", "properties": {"tipo": "cabo", "nome": "182M - 6F", "comprimento": "", "descricao": "182M - 6F"}, "geometry": {"type": "LineString", "coordinates": [[-41.339444588485, -21.749651979073008], [-41.339410769775, -21.74956030071], [-41.339281004883, -21.749219255504997], [-41.33916399013399, -21.748906154268], [-41.339084692736, -21.748682040088994], [-41.338937508059004, -21.748259418272013], [-41.338930764254, -21.748205531666017], [-41.339028459633, -21.74812638282198]]}}, {"type": "Feature", "properties": {"tipo": "cabo", "nome": "173M - 6F", "comprimento": "", "descricao": "173M - 6F"}, "geometry": {"type": "LineString", "coordinates": [[-41.340245477286004, -21.749273964394007], [-41.340057039565, -21.74873538103199], [-41.339996501315, -21.748601333574], [-41.339885145585995, -21.748266201197993], [-41.33977995665601, -21.747959636201003], [-41.339708902768, -21.747794939271003]]}}, {"type": "Feature", "properties": {"tipo": "cabo", "nome": "178M - 6F", "comprimento": "", "descricao": "178M - 6F"}, "geometry": {"type": "LineString", "coordinates": [[-41.342075175721, -21.749117116001003], [-41.341940891971, -21.749148952534995], [-41.341831107067, -21.749091433662002], [-41.341723396822, -21.748757363720998], [-41.341604598912, -21.748419750154], [-41.34147682337699, -21.748101290788995], [-41.341360500313996, -21.747804788264006]]}}, {"type": "Feature", "properties": {"tipo": "cabo", "nome": "342M - 6F", "comprimento": "", "descricao": "342M - 6F"}, "geometry": {"type": "LineString", "coordinates": [[-41.337469006231, -21.746928842082], [-41.337547277662, -21.74708208282], [-41.337601212388996, -21.747199317541998], [-41.33802948314099, -21.748434904719005], [-41.33749176415499, -21.748641102411995], [-41.338461940928, -21.74836114716402]]}}, {"type": "Feature", "properties": {"tipo": "cabo", "nome": "104M - 6F", "comprimento": "", "descricao": "104M - 6F"}, "geometry": {"type": "LineString", "coordinates": [[-41.33970551228299, -21.74780442720099], [-41.339529816976, -21.74728738849899], [-41.339410054500995, -21.746910997097018]]}}, {"type": "Feature", "properties": {"tipo": "cabo", "nome": "231M - 6F", "comprimento": "", "descricao": "231M - 6F"}, "geometry": {"type": "LineString", "coordinates": [[-41.33971243961201, -21.747789896677006], [-41.339575936342, -21.747352065794004], [-41.339897941883, -21.747257006279995], [-41.340215507982, -21.747144458585012], [-41.340568167097, -21.747033371954004], [-41.340621134146, -21.747020649697987], [-41.340913524299, -21.746924407010994], [-41.340847510383, -21.746812152125997], [-41.340789860822, -21.746639530474994]]}}, {"type": "Feature", "properties": {"tipo": "cabo", "nome": "315M - 6F", "comprimento": "", "descricao": "315M - 6F"}, "geometry": {"type": "LineString", "coordinates": [[-41.340536270518, -21.75196124467199], [-41.34052176097699, -21.751994673286006], [-41.340886891442, -21.751326896681988], [-41.341920477295, -21.751387752944012], [-41.34175622540399, -21.75165565142801], [-41.341609123583, -21.751810244655005], [-41.341264491711, -21.752287582646005]]}}, {"type": "Feature", "properties": {"tipo": "cabo", "nome": "110M - 6F", "comprimento": "", "descricao": "110M - 6F"}, "geometry": {"type": "LineString", "coordinates": [[-41.33987085448201, -21.751297543807993], [-41.339933712871, -21.751204208107993], [-41.340872517819, -21.751325227180985]]}}, {"type": "Feature", "properties": {"tipo": "cabo", "nome": "278M - 6F", "comprimento": "", "descricao": "278M - 6F"}, "geometry": {"type": "LineString", "coordinates": [[-41.340631204317, -21.750242798154986], [-41.340441713521, -21.749712094006014], [-41.34068495809199, -21.749605510660004], [-41.339376728095, -21.750016930290997], [-41.338744448022, -21.750216637321017]]}}, {"type": "Feature", "properties": {"tipo": "cabo", "nome": "167M - 6F", "comprimento": "", "descricao": "167M - 6F"}, "geometry": {"type": "LineString", "coordinates": [[-41.339720181686005, -21.75040391995401], [-41.33962335798801, -21.750087558047994], [-41.339671148822, -21.749935678605], [-41.34069762250301, -21.749610960040002]]}}, {"type": "Feature", "properties": {"tipo": "cabo", "nome": "561M - 12F", "comprimento": "", "descricao": "561M - 12F"}, "geometry": {"type": "LineString", "coordinates": [[-41.338526483584005, -21.750320354283005], [-41.337839905648, -21.750550513991], [-41.337426503230006, -21.750136272925985], [-41.337036096489, -21.749694019741], [-41.337370839666, -21.74925967918101], [-41.338133481846, -21.74850146892102], [-41.338298638865, -21.748429380136997], [-41.33847080920499, -21.748359276244003], [-41.339033113134, -21.748129492047], [-41.339600739716, -21.74792056436901], [-41.339710597224, -21.747776128211]]}}, {"type": "Feature", "properties": {"tipo": "cabo", "nome": "312M - 6F", "comprimento": "", "descricao": "312M - 6F"}, "geometry": {"type": "LineString", "coordinates": [[-41.341461265809, -21.750013493164005], [-41.341255310748, -21.74945281037199], [-41.341211688582, -21.749374132686995], [-41.341062514689, -21.748967407416004], [-41.34079115475, -21.7481068533], [-41.340598142636, -21.747595754439004], [-41.34086855629, -21.74751424499]]}}, {"type": "Feature", "properties": {"tipo": "cabo", "nome": "264M - 6F", "comprimento": "", "descricao": "264M - 6F"}, "geometry": {"type": "LineString", "coordinates": [[-41.338611420724, -21.749992496697985], [-41.338413006861, -21.749441683268003], [-41.338230857018004, -21.74896715361301], [-41.338127923359, -21.74863191064499], [-41.337665196253, -21.749001987236994], [-41.337372116312, -21.749270193176017]]}}, {"type": "Feature", "properties": {"tipo": "cabo", "nome": "226M - 6F", "comprimento": "", "descricao": "226M - 6F"}, "geometry": {"type": "LineString", "coordinates": [[-41.344420222994, -21.748136666272003], [-41.344335613018, -21.747963837251007], [-41.34424070301, -21.747716437095008], [-41.344129867211, -21.747364899692997], [-41.344054144678005, -21.747156136192018], [-41.34397984248999, -21.746984315817997], [-41.343815515853, -21.746540405416994], [-41.34373904226, -21.746387730344992], [-41.343710408356, -21.746278089517006], [-41.343744615933, -21.746223949290993]]}}, {"type": "Feature", "properties": {"tipo": "cabo", "nome": "207M - 6F", "comprimento": "", "descricao": "207M - 6F"}, "geometry": {"type": "LineString", "coordinates": [[-41.34239009092799, -21.748068132852012], [-41.34202059576, -21.747145356596008], [-41.342121314107, -21.747177158262005], [-41.342911401124, -21.746904255058]]}}, {"type": "Feature", "properties": {"tipo": "cabo", "nome": "436M - 6F", "comprimento": "", "descricao": "436M - 6F"}, "geometry": {"type": "LineString", "coordinates": [[-41.345391447654, -21.748047225102994], [-41.34595105756999, -21.747855894195993], [-41.345924064011, -21.747752846043], [-41.345413994747005, -21.746375941912987], [-41.345354988784, -21.746224046823002], [-41.34519584614, -21.74577777709399], [-41.34516088196499, -21.745651226119023], [-41.345078768952, -21.745445765195], [-41.345049027672, -21.745387351047], [-41.345062440925005, -21.74545189746199], [-41.345141424329, -21.745648254076997], [-41.345148017656, -21.745713015668002], [-41.344803355176, -21.74580165487697]]}}, {"type": "Feature", "properties": {"tipo": "cabo", "nome": "168M - 6F", "comprimento": "", "descricao": "168M - 6F"}, "geometry": {"type": "LineString", "coordinates": [[-41.34492599529901, -21.747120417239017], [-41.34461398780899, -21.746312775907015], [-41.344488943305, -21.745963439229996], [-41.344383110415, -21.745688651284]]}}, {"type": "Feature", "properties": {"tipo": "cabo", "nome": "60M - 6F", "comprimento": "", "descricao": "60M - 6F"}, "geometry": {"type": "LineString", "coordinates": [[-41.343950230147, -21.745930240034], [-41.34438989372, -21.74579005724202], [-41.344369868291004, -21.745683019875997]]}}, {"type": "Feature", "properties": {"tipo": "cabo", "nome": "FIBRA 6F 215", "comprimento": "", "descricao": "FIBRA 6F 215"}, "geometry": {"type": "LineString", "coordinates": [[-41.34552002197, -21.74663641080501], [-41.34548065632799, -21.74664290042901], [-41.345440423193, -21.746543247609992], [-41.345398754564, -21.746560119612013], [-41.345413601103, -21.746590582707995], [-41.345020904, -21.746713114600027]]}}, {"type": "Feature", "properties": {"tipo": "cabo", "nome": "342M - 12F", "comprimento": "", "descricao": "342M - 12F"}, "geometry": {"type": "LineString", "coordinates": [[-41.34289208451501, -21.74689122945199], [-41.343013165764, -21.746854380873003], [-41.342874975581, -21.746538142315003], [-41.3426046537, -21.746619211302004], [-41.342514938815995, -21.746611715024997], [-41.342809145730996, -21.746504524745006], [-41.343560652797, -21.746286687359003], [-41.343744615933, -21.746223949290993], [-41.343973375653, -21.746147868240996], [-41.344050691347, -21.746124643141997], [-41.343974788873, -21.74595403342201], [-41.3444114, -21.745818799999995], [-41.344383110415, -21.745688651284]]}}, {"type": "Feature", "properties": {"tipo": "cabo", "nome": "223M - 6F", "comprimento": "", "descricao": "223M - 6F"}, "geometry": {"type": "LineString", "coordinates": [[-41.343081378288, -21.750948273592], [-41.342598157354, -21.751138436234996], [-41.34236031440301, -21.750507935860995], [-41.342083429058, -21.749688674620998]]}}, {"type": "Feature", "properties": {"tipo": "cabo", "nome": "218M - 6F", "comprimento": "", "descricao": "218M - 6F"}, "geometry": {"type": "LineString", "coordinates": [[-41.34540635610299, -21.748048657542995], [-41.345288991764, -21.748090711521996], [-41.345323491197, -21.748213665559007], [-41.345507696869, -21.74873628383], [-41.345691933713, -21.749259206041003], [-41.34594372932, -21.749952515302013]]}}, {"type": "Feature", "properties": {"tipo": "cabo", "nome": "228M - 6F", "comprimento": "", "descricao": "228M - 6F"}, "geometry": {"type": "LineString", "coordinates": [[-41.345373954698, -21.750969675383004], [-41.345190294684, -21.75023777375101], [-41.34505237840299, -21.749845379747], [-41.344911566774, -21.749463679692], [-41.34468890031701, -21.748906028319]]}}, {"type": "Feature", "properties": {"tipo": "cabo", "nome": "231M - 12F", "comprimento": "", "descricao": "231M - 12F"}, "geometry": {"type": "LineString", "coordinates": [[-41.343076922281, -21.750959494054], [-41.345113518926006, -21.750286524510003], [-41.34516339051199, -21.750338215878998]]}}, {"type": "Feature", "properties": {"tipo": "cabo", "nome": "200M - 6F", "comprimento": "", "descricao": "200M - 6F"}, "geometry": {"type": "LineString", "coordinates": [[-41.343060225595, -21.750939216378995], [-41.343367631135, -21.750827710035992], [-41.34310120979201, -21.75010320343], [-41.34283123436601, -21.749412575293988]]}}, {"type": "Feature", "properties": {"tipo": "cabo", "nome": "180M - 12F", "comprimento": "", "descricao": "180M - 12F"}, "geometry": {"type": "LineString", "coordinates": [[-41.340461655125, -21.749671804347997], [-41.340617367765, -21.749615115905016], [-41.34095241323401, -21.749502994523], [-41.341308722687, -21.749382022188996], [-41.34163467033999, -21.749285002996018], [-41.342099933797, -21.749118700845003]]}}, {"type": "Feature", "properties": {"tipo": "cabo", "nome": "168M - 6F", "comprimento": "", "descricao": "168M - 6F"}, "geometry": {"type": "LineString", "coordinates": [[-41.343494265484004, -21.74821260772299], [-41.343223857795, -21.747444273388], [-41.343120639805, -21.747106688957004], [-41.34303487387001, -21.74690272651901], [-41.342885691718, -21.746910452521007]]}}, {"type": "Feature", "properties": {"tipo": "cabo", "nome": "370M - 6F", "comprimento": "", "descricao": "370M - 6F"}, "geometry": {"type": "LineString", "coordinates": [[-41.344074513858, -21.752530786692006], [-41.343828899695, -21.752893913625996], [-41.343411118355, -21.75327934136], [-41.3430023999, -21.753724526468005], [-41.34241185082799, -21.753687157764006], [-41.342343615765, -21.753650626804983], [-41.342746497496, -21.753111833941006]]}}, {"type": "Feature", "properties": {"tipo": "cabo", "nome": "146M - 6F", "comprimento": "", "descricao": "146M - 6F"}, "geometry": {"type": "LineString", "coordinates": [[-41.34364141194, -21.751418443223997], [-41.343628270298, -21.75158322932799], [-41.343570346058, -21.751806217058004], [-41.343328172308, -21.752245896858994], [-41.343240321048995, -21.752151104185984], [-41.343122251864, -21.752068320744996], [-41.342982172585, -21.751992404158997]]}}, {"type": "Feature", "properties": {"tipo": "cabo", "nome": "FIBRA AS MINI RAR -R1 2", "comprimento": "", "descricao": "FIBRA AS MINI RAR -R1 2"}, "geometry": {"type": "LineString", "coordinates": [[-41.34234540311301, -21.75267427542998], [-41.342375395102, -21.752627621857997], [-41.342199832211, -21.752525708456005], [-41.342253476391, -21.752407941778003]]}}, {"type": "Feature", "properties": {"tipo": "cabo", "nome": "280M - 12F", "comprimento": "", "descricao": "280M - 12F"}, "geometry": {"type": "LineString", "coordinates": [[-41.341927119256, -21.75137475714], [-41.342029446598, -21.751415088147], [-41.342350259277, -21.751598198143], [-41.342484114109, -21.751674371198007], [-41.342728971484, -21.75183918911901], [-41.34297681957, -21.751995148318002], [-41.343116280626994, -21.752080670946], [-41.343223130852, -21.752150819864], [-41.343399173524006, -21.752251474513983], [-41.34334468874601, -21.752315353237023], [-41.343251723974, -21.752429278647014], [-41.343174085753, -21.752546219915004], [-41.342749912052, -21.753124527300997]]}}, {"type": "Feature", "properties": {"tipo": "cabo", "nome": "124M - 6F", "comprimento": "", "descricao": "124M - 6F"}, "geometry": {"type": "LineString", "coordinates": [[-41.342253476391, -21.752407941778003], [-41.342355358243005, -21.752250006478988], [-41.342603477848, -21.751865375484996], [-41.342710483534, -21.751856559643997], [-41.342967066699, -21.752006836891]]}}, {"type": "Feature", "properties": {"tipo": "cabo", "nome": "404M - 6F", "comprimento": "", "descricao": "404M - 6F"}, "geometry": {"type": "LineString", "coordinates": [[-41.344048244903, -21.748521627071995], [-41.343625372822, -21.748667157774022], [-41.34415149475501, -21.750061633987002], [-41.344256705677, -21.750281625077022], [-41.344334547784, -21.750487115629], [-41.344263787635, -21.750580182608985], [-41.344236376519, -21.750586271415983], [-41.344366187435, -21.750574943378], [-41.344436735204, -21.750748459991996], [-41.344475001599, -21.751108328653018], [-41.344457934616, -21.751426604946005], [-41.344434471855, -21.751585503065996]]}}, {"type": "Feature", "properties": {"tipo": "cabo", "nome": "320M - 12F", "comprimento": "", "descricao": "320M - 12F"}, "geometry": {"type": "LineString", "coordinates": [[-41.341937749859994, -21.751406771419], [-41.341813845247, -21.751043868780997], [-41.34172954980101, -21.75076486438398], [-41.341523110354, -21.75013266762801], [-41.34131102582301, -21.749493502747995], [-41.34131333655101, -21.749396813448], [-41.341647046219, -21.74930086743001], [-41.342081838467, -21.749142019670998], [-41.342075175721, -21.749117116001003]]}}, {"type": "Feature", "properties": {"tipo": "cabo", "nome": "282M - 6F", "comprimento": "", "descricao": "282M - 6F"}, "geometry": {"type": "LineString", "coordinates": [[-41.349689172216, -21.735939535903995], [-41.350155690113, -21.735259007428994], [-41.35029266522, -21.735341168448997], [-41.350591693136, -21.734934293297997], [-41.351212308119, -21.734003365397996]]}}, {"type": "Feature", "properties": {"tipo": "cabo", "nome": "256M - 12F", "comprimento": "", "descricao": "256M - 12F"}, "geometry": {"type": "LineString", "coordinates": [[-41.344399757694, -21.72806677445101], [-41.346062130593005, -21.728799274012005], [-41.346508857768, -21.729019457709], [-41.34663057265401, -21.729065723779996]]}}, {"type": "Feature", "properties": {"tipo": "cabo", "nome": "105M - 6F", "comprimento": "", "descricao": "105M - 6F"}, "geometry": {"type": "LineString", "coordinates": [[-41.34662842761201, -21.729056355039006], [-41.34723592905299, -21.72889344363199], [-41.347324292499, -21.728540732987994]]}}, {"type": "Feature", "properties": {"tipo": "cabo", "nome": "295M - 6F", "comprimento": "", "descricao": "295M - 6F"}, "geometry": {"type": "LineString", "coordinates": [[-41.349084607648, -21.735724381631], [-41.349963924319, -21.73438376156301], [-41.35058320012, -21.733455236671006]]}}, {"type": "Feature", "properties": {"tipo": "cabo", "nome": "135M - 6F", "comprimento": "", "descricao": "135M - 6F"}, "geometry": {"type": "LineString", "coordinates": [[-41.35015906370099, -21.735270238976], [-41.349641167781, -21.734953793241985], [-41.349986986451, -21.734397633105004]]}}, {"type": "Feature", "properties": {"tipo": "cabo", "nome": "86M - 6F", "comprimento": "", "descricao": "86M - 6F"}, "geometry": {"type": "LineString", "coordinates": [[-41.346637716974996, -21.729054494604], [-41.346513610558, -21.729008579203978], [-41.346860084063, -21.728439868487]]}}, {"type": "Feature", "properties": {"tipo": "cabo", "nome": "15M - 6F", "comprimento": "", "descricao": "15M - 6F"}, "geometry": {"type": "LineString", "coordinates": [[-41.346341568196, -21.741718264840003], [-41.346239164511, -21.741810884754997]]}}, {"type": "Feature", "properties": {"tipo": "cabo", "nome": "55M - 6F", "comprimento": "", "descricao": "55M - 6F"}, "geometry": {"type": "LineString", "coordinates": [[-41.346239164511, -21.741810884754997], [-41.346598184052, -21.741695647684992], [-41.346443818032, -21.741704749017003]]}}, {"type": "Feature", "properties": {"tipo": "cabo", "nome": "172M - 6F", "comprimento": "", "descricao": "172M - 6F"}, "geometry": {"type": "LineString", "coordinates": [[-41.346000812412, -21.739997215474006], [-41.34625552181699, -21.739961357979993], [-41.346351252438, -21.740212998928996], [-41.34646269156401, -21.740579336907004], [-41.346515257187995, -21.740715223831984], [-41.34674764777, -21.741323736884993]]}}, {"type": "Feature", "properties": {"tipo": "cabo", "nome": "98M - 6F", "comprimento": "", "descricao": "98M - 6F"}, "geometry": {"type": "LineString", "coordinates": [[-41.351219628017994, -21.740083354366007], [-41.351929451648, -21.740668987302996]]}}, {"type": "Feature", "properties": {"tipo": "cabo", "nome": "250M - 6F", "comprimento": "", "descricao": "250M - 6F"}, "geometry": {"type": "LineString", "coordinates": [[-41.350417498519, -21.736474268028985], [-41.351067169507, -21.735563991708986], [-41.351728200986, -21.734573572947994]]}}, {"type": "Feature", "properties": {"tipo": "cabo", "nome": "200M - 6F", "comprimento": "", "descricao": "200M - 6F"}, "geometry": {"type": "LineString", "coordinates": [[-41.345996108928, -21.739998997377], [-41.346202027244004, -21.739946973630992], [-41.347514679277005, -21.740639954784]]}}, {"type": "Feature", "properties": {"tipo": "cabo", "nome": "236M - 12F", "comprimento": "", "descricao": "236M - 12F"}, "geometry": {"type": "LineString", "coordinates": [[-41.35013984617401, -21.735246845902992], [-41.350910446541, -21.735722402956995], [-41.351071923641996, -21.735558852150987], [-41.350968022074, -21.73576783925199], [-41.35171296799, -21.736199296614004]]}}, {"type": "Feature", "properties": {"tipo": "cabo", "nome": "187M - 6F", "comprimento": "", "descricao": "187M - 6F"}, "geometry": {"type": "LineString", "coordinates": [[-41.34869418690501, -21.742751254019993], [-41.34827177527101, -21.742888809069996], [-41.348232599819, -21.742903211203995], [-41.348115798382004, -21.74259485829502], [-41.348102335441, -21.742554848238996], [-41.34781293283301, -21.741742138804995]]}}, {"type": "Feature", "properties": {"tipo": "cabo", "nome": "245M - 6F", "comprimento": "", "descricao": "245M - 6F"}, "geometry": {"type": "LineString", "coordinates": [[-41.35187976318, -21.743353971831], [-41.351835352955, -21.743343673487004], [-41.351805658888, -21.743282923275004], [-41.351560469391, -21.742636455720017], [-41.351342080878005, -21.742134763216], [-41.351292735711, -21.74197011895299], [-41.35106238314199, -21.741295814881994]]}}, {"type": "Feature", "properties": {"tipo": "cabo", "nome": "212M - 6F", "comprimento": "", "descricao": "212M - 6F"}, "geometry": {"type": "LineString", "coordinates": [[-41.347360148506, -21.741660792003998], [-41.347038939517, -21.741780263227], [-41.34695927741001, -21.741859363716003], [-41.347164748227, -21.742392686808998], [-41.3473344802, -21.742863953775], [-41.347489345113, -21.74325617944899]]}}, {"type": "Feature", "properties": {"tipo": "cabo", "nome": "400M - 6F", "comprimento": "", "descricao": "400M - 6F"}, "geometry": {"type": "LineString", "coordinates": [[-41.34972643042101, -21.740707288501], [-41.349931475105, -21.740552450766998], [-41.350219070152, -21.741312454254995], [-41.35031329948101, -21.74157901196901], [-41.35038662747, -21.741741346897], [-41.350552126473005, -21.742260276709985], [-41.350612660165, -21.742164079836], [-41.350948830764, -21.742061175456996], [-41.350945421568994, -21.742067048446998], [-41.350619117286, -21.742172443038], [-41.350556014588, -21.74227025314299], [-41.350807320927, -21.742900406163002]]}}, {"type": "Feature", "properties": {"tipo": "cabo", "nome": "160M - 6F", "comprimento": "", "descricao": "160M - 6F"}, "geometry": {"type": "LineString", "coordinates": [[-41.34869418690501, -21.742751254019993], [-41.348754794132006, -21.74273029174398], [-41.34882166155, -21.742706389705006], [-41.348944389457, -21.742661781059], [-41.349026666905, -21.74263340504301], [-41.348992750857, -21.742557630256997], [-41.34886299827801, -21.742200544050007], [-41.348626961916, -21.741599382575004]]}}, {"type": "Feature", "properties": {"tipo": "cabo", "nome": "245M - 6F", "comprimento": "", "descricao": "245M - 6F"}, "geometry": {"type": "LineString", "coordinates": [[-41.34986804372501, -21.742401122613003], [-41.349801116614, -21.742511370477004], [-41.34967683436201, -21.742161083268982], [-41.349381495493, -21.741391910391997], [-41.349270951706, -21.741037250795998], [-41.349220722642, -21.740926221383006], [-41.348821767362, -21.741088213721994]]}}, {"type": "Feature", "properties": {"tipo": "cabo", "nome": "175M - 12F", "comprimento": "", "descricao": "175M - 12F"}, "geometry": {"type": "LineString", "coordinates": [[-41.35132893889401, -21.742122997842998], [-41.351243283542004, -21.741940202139006], [-41.349855231156, -21.742406967997994]]}}, {"type": "Feature", "properties": {"tipo": "cabo", "nome": "66M - 6F", "comprimento": "", "descricao": "66M - 6F"}, "geometry": {"type": "LineString", "coordinates": [[-41.353150263641, -21.737700977363005], [-41.35317952146901, -21.73774791386799], [-41.352804639534995, -21.738164298769007]]}}, {"type": "Feature", "properties": {"tipo": "cabo", "nome": "578M - 6F", "comprimento": "", "descricao": "578M - 6F"}, "geometry": {"type": "LineString", "coordinates": [[-41.351825114259, -21.73315999941599], [-41.352650084369, -21.734050958623996], [-41.353462408767, -21.73494191823201], [-41.353663836545, -21.734851173419997], [-41.352521835089, -21.735992260009], [-41.352207989279, -21.736340146879982], [-41.352315912029, -21.73661631183799], [-41.352551829384, -21.736342000259]]}}, {"type": "Feature", "properties": {"tipo": "cabo", "nome": "204M - 6F", "comprimento": "", "descricao": "204M - 6F"}, "geometry": {"type": "LineString", "coordinates": [[-41.35163461416, -21.73713888095301], [-41.351923214143, -21.73661902516301], [-41.351875222548, -21.73643541401198], [-41.351941850215, -21.736361272400003], [-41.352183103421, -21.73630924673199], [-41.352676686964, -21.735735658004003]]}}, {"type": "Feature", "properties": {"tipo": "cabo", "nome": "290M - 6F", "comprimento": "", "descricao": "290M - 6F"}, "geometry": {"type": "LineString", "coordinates": [[-41.352543659450006, -21.736329926646007], [-41.35223003507, -21.736685352249992], [-41.35200329769499, -21.73715007518601], [-41.352290069254, -21.73736193797299], [-41.35244604106, -21.73718709281401], [-41.352429377198, -21.737050951787012], [-41.352540992515, -21.737194343389987], [-41.353169303284, -21.737683418654]]}}, {"type": "Feature", "properties": {"tipo": "cabo", "nome": "136M - 6F", "comprimento": "", "descricao": "136M - 6F"}, "geometry": {"type": "LineString", "coordinates": [[-41.352664320232, -21.73571735971599], [-41.352176656323, -21.736286035375997], [-41.35195943913101, -21.736336673576986], [-41.351689649419, -21.736192642140992]]}}, {"type": "Feature", "properties": {"tipo": "cabo", "nome": "210M - 6F", "comprimento": "", "descricao": "210M - 6F"}, "geometry": {"type": "LineString", "coordinates": [[-41.351132545303, -21.736837787477995], [-41.35166542476, -21.736194390653978], [-41.352272136986, -21.735266533789996]]}}, {"type": "Feature", "properties": {"tipo": "cabo", "nome": "154M - 6F", "comprimento": "", "descricao": "154M - 6F"}, "geometry": {"type": "LineString", "coordinates": [[-41.352544408451, -21.73633840004102], [-41.352271465634, -21.736600912859004], [-41.352186372256, -21.73631937787799], [-41.352683340563, -21.735748365887005]]}}, {"type": "Feature", "properties": {"tipo": "cabo", "nome": "164M - 12F", "comprimento": "", "descricao": "164M - 12F"}, "geometry": {"type": "LineString", "coordinates": [[-41.35194877297899, -21.740729141958], [-41.351732169514, -21.740535781602006], [-41.35209387484001, -21.740193061762994], [-41.352612166169, -21.739660098488997]]}}, {"type": "Feature", "properties": {"tipo": "cabo", "nome": "84M - 6F", "comprimento": "", "descricao": "84M - 6F"}, "geometry": {"type": "LineString", "coordinates": [[-41.352661898899, -21.740411007432016], [-41.352384540187, -21.740177811617002], [-41.352273545512, -21.740085165853003], [-41.352111910551, -21.740208131705003], [-41.352063313305, -21.740271283523995]]}}, {"type": "Feature", "properties": {"tipo": "cabo", "nome": "232M - 6F", "comprimento": "", "descricao": "232M - 6F"}, "geometry": {"type": "LineString", "coordinates": [[-41.35078084068, -21.739192386075004], [-41.350878372301, -21.739053786926007], [-41.35092951526901, -21.73899388713599], [-41.350972039532, -21.739051460594993], [-41.351186455346, -21.739244429349995], [-41.351685331809996, -21.739595278110997], [-41.352147708134005, -21.739962039099012], [-41.352193485225, -21.740005715875014], [-41.35204450685999, -21.740245761688982], [-41.352064066183, -21.740254308066]]}}, {"type": "Feature", "properties": {"tipo": "cabo", "nome": "105M - 6F", "comprimento": "", "descricao": "105M - 6F"}, "geometry": {"type": "LineString", "coordinates": [[-41.35334104071, -21.74018640204301], [-41.352848957515, -21.739759535144998], [-41.352751365037, -21.73960159552101], [-41.35262243366499, -21.739670360600996]]}}, {"type": "Feature", "properties": {"tipo": "cabo", "nome": "135M - 6F", "comprimento": "", "descricao": "135M - 6F"}, "geometry": {"type": "LineString", "coordinates": [[-41.352604558336, -21.739652714967008], [-41.352736093562, -21.739586824645997], [-41.352454094231, -21.739365979072005], [-41.35184265633799, -21.738907358852003]]}}, {"type": "Feature", "properties": {"tipo": "cabo", "nome": "220M - 6F", "comprimento": "", "descricao": "220M - 6F"}, "geometry": {"type": "LineString", "coordinates": [[-41.353952253632, -21.739727786396003], [-41.353417460712, -21.739279551972018], [-41.353258641775, -21.739125654883992], [-41.35307867953401, -21.739090741601004], [-41.35292824376099, -21.739259825095004], [-41.352716897502, -21.739481418249], [-41.352751365037, -21.73960159552101], [-41.35261861025499, -21.739656953937]]}}, {"type": "Feature", "properties": {"tipo": "cabo", "nome": "157M - 6F", "comprimento": "", "descricao": "157M - 6F"}, "geometry": {"type": "LineString", "coordinates": [[-41.35315788653, -21.737702700439], [-41.353273324815, -21.73779424467], [-41.353472237252, -21.737887053223005], [-41.353838658898994, -21.738183945741], [-41.353402736559, -21.738650631648994]]}}, {"type": "Feature", "properties": {"tipo": "cabo", "nome": "400M - 6F", "comprimento": "", "descricao": "400M - 6F"}, "geometry": {"type": "LineString", "coordinates": [[-41.352350582401, -21.742457920180016], [-41.352583265182, -21.743139021122005], [-41.353455285763, -21.742858727886997], [-41.35268354951, -21.742225279121], [-41.35182591470101, -21.74151094649301]]}}, {"type": "Feature", "properties": {"tipo": "cabo", "nome": "195M - 12F", "comprimento": "", "descricao": "195M - 12F"}, "geometry": {"type": "LineString", "coordinates": [[-41.353587182728, -21.740903250586], [-41.353613060034, -21.740884277771997], [-41.353005969109006, -21.741535330345002], [-41.352878227241, -21.741660050842995], [-41.35255482519, -21.742002787573], [-41.35269408488699, -21.742198851064003]]}}, {"type": "Feature", "properties": {"tipo": "cabo", "nome": "180M - 6F", "comprimento": "", "descricao": "180M - 6F"}, "geometry": {"type": "LineString", "coordinates": [[-41.354207075263, -21.742482405361997], [-41.354135640903, -21.742525032690992], [-41.354089453835, -21.742444558752], [-41.35385814347801, -21.742292141359997], [-41.353008550876, -21.741596590326992], [-41.352876174429, -21.741650859426002]]}}, {"type": "Feature", "properties": {"tipo": "cabo", "nome": "209M - 6F", "comprimento": "", "descricao": "209M - 6F"}, "geometry": {"type": "LineString", "coordinates": [[-41.354851758507, -21.74183850323101], [-41.35467768349, -21.742010637052005], [-41.35457212476099, -21.742014217740007], [-41.354132004511, -21.741652978752995], [-41.353678451251, -21.74126740041801], [-41.353516395312, -21.741126029775003], [-41.353586226855, -21.740912639184003]]}}, {"type": "Feature", "properties": {"tipo": "cabo", "nome": "255M - 6F", "comprimento": "", "descricao": "255M - 6F"}, "geometry": {"type": "LineString", "coordinates": [[-41.350764168419, -21.740589273074008], [-41.35136511726701, -21.741068404553985], [-41.351340265211, -21.741007638886003], [-41.35145468253501, -21.740864426040005], [-41.351688645977, -21.740609608729002], [-41.351816610605, -21.740590814578013], [-41.351973069462, -21.740709857157], [-41.35250323745801, -21.741171775691]]}}, {"type": "Feature", "properties": {"tipo": "cabo", "nome": "50M - 6F", "comprimento": "", "descricao": "50M - 6F"}, "geometry": {"type": "LineString", "coordinates": [[-41.35362553277799, -21.740906023067993], [-41.353837355965, -21.740688921143004], [-41.353967149092, -21.740793027737]]}}, {"type": "Feature", "properties": {"tipo": "cabo", "nome": "155M - 6F", "comprimento": "", "descricao": "155M - 6F"}, "geometry": {"type": "LineString", "coordinates": [[-41.354539714567, -21.741150976282], [-41.354364511847, -21.741001710841005], [-41.353887333239996, -21.740698704335003], [-41.354329125354, -21.74020569898498]]}}, {"type": "Feature", "properties": {"tipo": "cabo", "nome": "90M - 6F", "comprimento": "", "descricao": "90M - 6F"}, "geometry": {"type": "LineString", "coordinates": [[-41.355426386607, -21.740152736428], [-41.354894659175, -21.739708302948003], [-41.35488418073399, -21.739562260838994]]}}, {"type": "Feature", "properties": {"tipo": "cabo", "nome": "197M - 6F", "comprimento": "", "descricao": "197M - 6F"}, "geometry": {"type": "LineString", "coordinates": [[-41.356631278375005, -21.7399977881], [-41.356522399614995, -21.74012354510198], [-41.35622481428601, -21.739855346686], [-41.355399392639, -21.739153775098004], [-41.355476940939994, -21.738977927470998]]}}, {"type": "Feature", "properties": {"tipo": "cabo", "nome": "280M - 12F", "comprimento": "", "descricao": "280M - 12F"}, "geometry": {"type": "LineString", "coordinates": [[-41.356201606739, -21.738255045843005], [-41.356299394773, -21.738162108748995], [-41.356607265295, -21.738384673227984], [-41.356737499082, -21.73850375054201], [-41.357151973120004, -21.738855273907987], [-41.357481929179, -21.739122862721004], [-41.357683015966, -21.738945066544005], [-41.357501517892, -21.739134805180015], [-41.357184981603, -21.73943790338599]]}}, {"type": "Feature", "properties": {"tipo": "cabo", "nome": "169M - 6F", "comprimento": "", "descricao": "169M - 6F"}, "geometry": {"type": "LineString", "coordinates": [[-41.356193715343, -21.738252930927004], [-41.355876360494, -21.738572656667003], [-41.355840838852, -21.738618511287015], [-41.35586628557, -21.73867908285601], [-41.356151173774, -21.73888355412602], [-41.35665606429, -21.739310953078004]]}}, {"type": "Feature", "properties": {"tipo": "cabo", "nome": "107M - 6F", "comprimento": "", "descricao": "107M - 6F"}, "geometry": {"type": "LineString", "coordinates": [[-41.35549115096399, -21.738954408805014], [-41.355910796358, -21.738576792963002], [-41.35620896492199, -21.738260582626012]]}}, {"type": "Feature", "properties": {"tipo": "cabo", "nome": "126M - 6F", "comprimento": "", "descricao": "126M - 6F"}, "geometry": {"type": "LineString", "coordinates": [[-41.352543659450006, -21.736329926646007], [-41.352685655437, -21.73624439543802], [-41.352956558548, -21.736466138758004], [-41.3531550418, -21.736235613217005], [-41.353264026983, -21.73621411559401], [-41.354348902809, -21.73711760868501], [-41.355350827657, -21.73796318072]]}}, {"type": "Feature", "properties": {"tipo": "cabo", "nome": "238M - 6F", "comprimento": "", "descricao": "238M - 6F"}, "geometry": {"type": "LineString", "coordinates": [[-41.353264026983, -21.73621411559401], [-41.353192928932, -21.736266155834997], [-41.35284728081, -21.736625810041005], [-41.352856400312, -21.736722925017006], [-41.353878038847, -21.737603758758], [-41.354928727079006, -21.738453940910006]]}}, {"type": "Feature", "properties": {"tipo": "cabo", "nome": "525M - 12F", "comprimento": "", "descricao": "525M - 12F"}, "geometry": {"type": "LineString", "coordinates": [[-41.357337232919, -21.742223727496977], [-41.357214166534, -21.742089620894006], [-41.356719936107005, -21.741734954416003], [-41.358121614438, -21.741152714259016], [-41.35899551859, -21.740794933857018], [-41.359494532569, -21.740611719137007], [-41.360580504522, -21.741170263956008]]}}, {"type": "Feature", "properties": {"tipo": "cabo", "nome": "214M - 6F", "comprimento": "", "descricao": "214M - 6F"}, "geometry": {"type": "LineString", "coordinates": [[-41.35791370066399, -21.741777819890004], [-41.35789319077299, -21.741791864681005], [-41.357466137822, -21.741452872551008], [-41.35813253758499, -21.741180602768978], [-41.358247202587, -21.74119687944301], [-41.358716412456, -21.741607630235976]]}}, {"type": "Feature", "properties": {"tipo": "cabo", "nome": "120M - 6F", "comprimento": "", "descricao": "120M - 6F"}, "geometry": {"type": "LineString", "coordinates": [[-41.359386337859995, -21.741234166913998], [-41.35899416758199, -21.740903265778], [-41.359010223874, -21.740808958299], [-41.359504584026, -21.740629076893995]]}}, {"type": "Feature", "properties": {"tipo": "cabo", "nome": "213M - 6F", "comprimento": "", "descricao": "213M - 6F"}, "geometry": {"type": "LineString", "coordinates": [[-41.35578506174999, -21.740873572172006], [-41.35572004094, -21.740932403337], [-41.355670211046, -21.740996197157003], [-41.355619634377994, -21.741041478336996], [-41.355526938341, -21.741035601118], [-41.355204505173, -21.740763213595017], [-41.354730742482005, -21.740369976140016], [-41.354471059394, -21.740136825994014], [-41.354471964677, -21.74006965734098], [-41.354307639149, -21.740202182844996]]}}, {"type": "Feature", "properties": {"tipo": "cabo", "nome": "275M - 6F", "comprimento": "", "descricao": "275M - 6F"}, "geometry": {"type": "LineString", "coordinates": [[-41.35803199194301, -21.740982818440003], [-41.358431053511, -21.740833941351], [-41.358040566228, -21.740499550888998], [-41.356987973704, -21.739616387902004], [-41.357199303222, -21.739437348986016]]}}, {"type": "Feature", "properties": {"tipo": "cabo", "nome": "271M - 6F", "comprimento": "", "descricao": "271M - 6F"}, "geometry": {"type": "LineString", "coordinates": [[-41.35766509705899, -21.738963799035005], [-41.357529847257, -21.739155206495994], [-41.357771205984, -21.739388257694003], [-41.358520581825005, -21.740015214753996], [-41.35915167309, -21.740532667891003]]}}, {"type": "Feature", "properties": {"tipo": "cabo", "nome": "178M - 12F", "comprimento": "", "descricao": "178M - 12F"}, "geometry": {"type": "LineString", "coordinates": [[-41.354299541954, -21.740181464497], [-41.35546163642, -21.738999586538]]}}, {"type": "Feature", "properties": {"tipo": "cabo", "nome": "110M - 6F", "comprimento": "", "descricao": "110M - 6F"}, "geometry": {"type": "LineString", "coordinates": [[-41.361104676818, -21.742123483887], [-41.360415359306, -21.74286819021799], [-41.36040433619301, -21.742865834594994]]}}, {"type": "Feature", "properties": {"tipo": "cabo", "nome": "257M - 12F", "comprimento": "", "descricao": "257M - 12F"}, "geometry": {"type": "LineString", "coordinates": [[-41.35868302526599, -21.742771779337005], [-41.3592981968, -21.742133767686994], [-41.359911667122006, -21.742639447958], [-41.360215519834, -21.742905927891], [-41.360440910229, -21.742860975159985]]}}, {"type": "Feature", "properties": {"tipo": "cabo", "nome": "82M - 6F", "comprimento": "", "descricao": "82M - 6F"}, "geometry": {"type": "LineString", "coordinates": [[-41.362269376456005, -21.742907527491], [-41.362365489652, -21.742863528374002], [-41.362864630888, -21.743305955888985]]}}, {"type": "Feature", "properties": {"tipo": "cabo", "nome": "221M - 6F", "comprimento": "", "descricao": "221M - 6F"}, "geometry": {"type": "LineString", "coordinates": [[-41.357382700815, -21.742833223409008], [-41.356765439777, -21.742334777231008], [-41.35698110587, -21.742489122075], [-41.357258504731, -21.742197190827], [-41.35733750529, -21.742212980256], [-41.35774120234701, -21.742561971699004]]}}, {"type": "Feature", "properties": {"tipo": "cabo", "nome": "323M - 6F", "comprimento": "", "descricao": "323M - 6F"}, "geometry": {"type": "LineString", "coordinates": [[-41.363306201877, -21.742560407840003], [-41.36207748775401, -21.741905753083998], [-41.361332820149, -21.741572103799015], [-41.360570237623, -21.741162414290997]]}}, {"type": "Feature", "properties": {"tipo": "cabo", "nome": "110M - 6F", "comprimento": "", "descricao": "110M - 6F"}, "geometry": {"type": "LineString", "coordinates": [[-41.359926574221994, -21.742642020421002], [-41.35977266636101, -21.742505823620007], [-41.359912504832, -21.742493387260993], [-41.360502204733, -21.741883981868995]]}}, {"type": "Feature", "properties": {"tipo": "cabo", "nome": "73M - 6F", "comprimento": "", "descricao": "73M - 6F"}, "geometry": {"type": "LineString", "coordinates": [[-41.35867485976299, -21.742770548288007], [-41.358758359591, -21.74253324960101], [-41.35842794052801, -21.742266994486997]]}}, {"type": "Feature", "properties": {"tipo": "cabo", "nome": "359M - 12F", "comprimento": "", "descricao": "359M - 12F"}, "geometry": {"type": "LineString", "coordinates": [[-41.348917221698, -21.74455273097101], [-41.348856721939, -21.744352904319], [-41.348749781284, -21.744307014244995], [-41.348522769223, -21.743706562824997], [-41.348257334047, -21.742988775227005], [-41.348237396768, -21.742919780943993], [-41.348284107734, -21.742900608632], [-41.348552885363006, -21.742812477402992], [-41.348681392099, -21.742770680413003], [-41.348763676396, -21.742743777727995], [-41.348840787128, -21.742716548988], [-41.34903292808799, -21.742648421412], [-41.349056407585, -21.742726635629978], [-41.349254781188996, -21.74328162270102]]}}, {"type": "Feature", "properties": {"tipo": "cabo", "nome": "150M - 6F", "comprimento": "", "descricao": "150M - 6F"}, "geometry": {"type": "LineString", "coordinates": [[-41.352512302471006, -21.744146797276002], [-41.351675715877, -21.744440096861], [-41.351455736198, -21.744525515161982], [-41.351323916186004, -21.744405754165996]]}}, {"type": "Feature", "properties": {"tipo": "cabo", "nome": "165M - 6F", "comprimento": "", "descricao": "165M - 6F"}, "geometry": {"type": "LineString", "coordinates": [[-41.35173859416, -21.743648211031015], [-41.351138032861, -21.743825445135002], [-41.351167563662, -21.743880991436995], [-41.351341483771, -21.744399372191992]]}}, {"type": "Feature", "properties": {"tipo": "cabo", "nome": "287M - 6F", "comprimento": "", "descricao": "287M - 6F"}, "geometry": {"type": "LineString", "coordinates": [[-41.35131319286799, -21.744365689768998], [-41.351154179853, -21.743910718196005], [-41.351041607703, -21.743870449805], [-41.35096929954601, -21.74366684193798], [-41.350307090521, -21.743863417206], [-41.349924277076, -21.742789774193994]]}}, {"type": "Feature", "properties": {"tipo": "cabo", "nome": "67M - 6F", "comprimento": "", "descricao": "67M - 6F"}, "geometry": {"type": "LineString", "coordinates": [[-41.35070053932401, -21.743769096573004], [-41.35095673180099, -21.743698224692977], [-41.35101374732599, -21.743888304641004], [-41.35033763871301, -21.74409164791402]]}}, {"type": "Feature", "properties": {"tipo": "cabo", "nome": "330M - 6F", "comprimento": "", "descricao": "330M - 6F"}, "geometry": {"type": "LineString", "coordinates": [[-41.352522764833, -21.743332988497002], [-41.352909330527, -21.743194638432996], [-41.353101161774, -21.743138781265998], [-41.352631992845, -21.74330927175299], [-41.352641467513, -21.743330191979993], [-41.35264590988, -21.743351578657027], [-41.352659450806, -21.743389229818007], [-41.352789150942, -21.743754994002998], [-41.352865466931, -21.743918620540995], [-41.352882048058, -21.743945840232], [-41.352910454933, -21.743947217154002], [-41.352997702363, -21.743947806636], [-41.353349935923006, -21.743875980061006], [-41.353327818505, -21.74389032476502]]}}, {"type": "Feature", "properties": {"tipo": "cabo", "nome": "270M - 6F", "comprimento": "", "descricao": "270M - 6F"}, "geometry": {"type": "LineString", "coordinates": [[-41.350105925514995, -21.745580792165995], [-41.349777753144004, -21.744704993200997], [-41.34952733466, -21.744048103539996], [-41.349242956267, -21.743275304347023]]}}, {"type": "Feature", "properties": {"tipo": "cabo", "nome": "50M - 6F", "comprimento": "", "descricao": "50M - 6F"}, "geometry": {"type": "LineString", "coordinates": [[-41.351622803823, -21.745131943375995], [-41.35177132556, -21.745556566234]]}}, {"type": "Feature", "properties": {"tipo": "cabo", "nome": "165M - 6F", "comprimento": "", "descricao": "165M - 6F"}, "geometry": {"type": "LineString", "coordinates": [[-41.350142067381, -21.744962351452003], [-41.35075003045699, -21.744757623260995], [-41.351299520059, -21.744587279796008], [-41.351331505967, -21.744416626127986]]}}, {"type": "Feature", "properties": {"tipo": "cabo", "nome": "85M - 12F", "comprimento": "", "descricao": "85M - 12F"}, "geometry": {"type": "LineString", "coordinates": [[-41.351331089246, -21.74440235340201], [-41.351616108558, -21.745111968117016]]}}, {"type": "Feature", "properties": {"tipo": "cabo", "nome": "95M - 6F", "comprimento": "", "descricao": "95M - 6F"}, "geometry": {"type": "LineString", "coordinates": [[-41.348206324031, -21.744543054008986], [-41.348278277546, -21.744754109821002], [-41.348923582443, -21.744540148994005]]}}, {"type": "Feature", "properties": {"tipo": "cabo", "nome": "230M - 6F", "comprimento": "", "descricao": "230M - 6F"}, "geometry": {"type": "LineString", "coordinates": [[-41.350908480121994, -21.74543095082001], [-41.351533354294, -21.745248563245994], [-41.351660734099, -21.745285179479993], [-41.351619002816, -21.74512324295], [-41.351627698118, -21.745120287858], [-41.351688149736006, -21.745276584261006], [-41.351831469158, -21.745158763139003], [-41.35188991668, -21.745128485403], [-41.35265050949701, -21.74488603799699]]}}, {"type": "Feature", "properties": {"tipo": "cabo", "nome": "196M - 6F", "comprimento": "", "descricao": "196M - 6F"}, "geometry": {"type": "LineString", "coordinates": [[-41.353323710498, -21.743893936351014], [-41.352926508739, -21.744065902171002], [-41.353143825511005, -21.744699533933996], [-41.35370095489, -21.744531649082006]]}}, {"type": "Feature", "properties": {"tipo": "cabo", "nome": "302M - 6F", "comprimento": "", "descricao": "302M - 6F"}, "geometry": {"type": "LineString", "coordinates": [[-41.345349207823, -21.744626538152005], [-41.34560935723301, -21.745310121093013], [-41.345662452177, -21.74539985081701], [-41.34590266561, -21.74532578008001], [-41.345910264526005, -21.745344722895], [-41.345678209129005, -21.745417966900007], [-41.345746862062, -21.745574885931006], [-41.345731684608, -21.745646902084005], [-41.345856900175, -21.745982343543005], [-41.346343541959, -21.74727504556698]]}}, {"type": "Feature", "properties": {"tipo": "cabo", "nome": "178M - 6F", "comprimento": "", "descricao": "178M - 6F"}, "geometry": {"type": "LineString", "coordinates": [[-41.350666283587, -21.747146095202993], [-41.350549032504, -21.746847214799004], [-41.350450339734, -21.746591007259], [-41.350691420623, -21.746453206621993], [-41.350436401546006, -21.746528300238992], [-41.350293046125, -21.746580509544003], [-41.35008696179, -21.746653910397995]]}}, {"type": "Feature", "properties": {"tipo": "cabo", "nome": "212M - 6F", "comprimento": "", "descricao": "212M - 6F"}, "geometry": {"type": "LineString", "coordinates": [[-41.349513495929, -21.746341112136008], [-41.349488403498, -21.746271377030993], [-41.34922912886599, -21.745561298778995], [-41.34887477784401, -21.744595469957005], [-41.348923582443, -21.744540148994005]]}}, {"type": "Feature", "properties": {"tipo": "cabo", "nome": "493M - 12F", "comprimento": "", "descricao": "493M - 12F"}, "geometry": {"type": "LineString", "coordinates": [[-41.34898818155601, -21.74698844414], [-41.348890181190995, -21.746952424566004], [-41.348840256297, -21.74692429615702], [-41.348409862569, -21.745745693884984], [-41.348084941443, -21.74482131266099], [-41.34828500844999, -21.744759577259003], [-41.348260911888, -21.744692010454997], [-41.348216127194, -21.74455083234298], [-41.348005410109, -21.744620429888997], [-41.347959288887004, -21.744548781142015], [-41.34780506353, -21.744126558150995], [-41.347485788948994, -21.743252123305]]}}, {"type": "Feature", "properties": {"tipo": "cabo", "nome": "421M - 12F", "comprimento": "", "descricao": "421M - 12F"}, "geometry": {"type": "LineString", "coordinates": [[-41.347017335035, -21.746746732505997], [-41.34675693129899, -21.746058131131008], [-41.346521981818995, -21.745380329454022], [-41.346189494463, -21.744494806401008], [-41.346026465914, -21.744068247543012], [-41.345979554649, -21.743923809177005], [-41.345917518244, -21.74373848248598], [-41.34549498278, -21.743894485948005]]}}, {"type": "Feature", "properties": {"tipo": "cabo", "nome": "93M - 6F", "comprimento": "", "descricao": "93M - 6F"}, "geometry": {"type": "LineString", "coordinates": [[-41.353635688367, -21.745448801292994], [-41.353350157565, -21.745559349165006], [-41.353236108544, -21.74562684353799], [-41.35309381126801, -21.745668388932998], [-41.352800832943, -21.745752212347]]}}, {"type": "Feature", "properties": {"tipo": "cabo", "nome": "440M - 12F", "comprimento": "", "descricao": "440M - 12F"}, "geometry": {"type": "LineString", "coordinates": [[-41.347470254784, -21.745821110137], [-41.347351166982, -21.745470182500014], [-41.347201282442, -21.745119974309006], [-41.34747561135, -21.745018562545994], [-41.347442827877, -21.744938142889993], [-41.347404430954, -21.744827388961], [-41.347335942797, -21.744844949927], [-41.347245856366, -21.744878230416006], [-41.347226387635, -21.744858790566994], [-41.347116315528, -21.744593755148983], [-41.346956837361006, -21.744174390695008], [-41.346430863412, -21.742815219592003], [-41.34629330533501, -21.742440698967016]]}}, {"type": "Feature", "properties": {"tipo": "cabo", "nome": "FIBRA 6F 213", "comprimento": "", "descricao": "FIBRA 6F 213"}, "geometry": {"type": "LineString", "coordinates": [[-41.360804974698, -21.744471265], [-41.360443191567, -21.744830547552993], [-41.35982041196701, -21.744333928819003], [-41.359001528479, -21.743657871108]]}}, {"type": "Feature", "properties": {"tipo": "cabo", "nome": "126M - 6F", "comprimento": "", "descricao": "126M - 6F"}, "geometry": {"type": "LineString", "coordinates": [[-41.354796561004, -21.742756226213004], [-41.353988295669, -21.743669259436018], [-41.354578550079, -21.74417144220702]]}}, {"type": "Feature", "properties": {"tipo": "cabo", "nome": "344M - 6F", "comprimento": "", "descricao": "344M - 6F"}, "geometry": {"type": "LineString", "coordinates": [[-41.35847133376101, -21.743181879695015], [-41.35841615405501, -21.743035297589998], [-41.358669443735, -21.74277075092499], [-41.358800089871, -21.742621781929998], [-41.35888663135899, -21.742643124422017], [-41.35952189010901, -21.743189151869004], [-41.359826704170004, -21.74343367120801], [-41.359708144483, -21.743607279111004], [-41.359868566406, -21.74348160397099], [-41.35991487608501, -21.743521287047002], [-41.360203852585, -21.743766499329], [-41.36044870480101, -21.743983026410007]]}}, {"type": "Feature", "properties": {"tipo": "cabo", "nome": "205M - 6F", "comprimento": "", "descricao": "205M - 6F"}, "geometry": {"type": "LineString", "coordinates": [[-41.356280776675, -21.743207057942996], [-41.355769827855, -21.743754423637], [-41.35561120931, -21.743924830590004], [-41.35550237151901, -21.744003302647997], [-41.355345521545, -21.743960343469], [-41.355256887235, -21.743850757767007], [-41.354867471218995, -21.743555120976012]]}}, {"type": "Feature", "properties": {"tipo": "cabo", "nome": "130M - 12F", "comprimento": "", "descricao": "130M - 12F"}, "geometry": {"type": "LineString", "coordinates": [[-41.353364350112, -21.743872674938004], [-41.35403206129, -21.74361841865702], [-41.35445344037, -21.74317867229699], [-41.354867471218995, -21.743555120976012]]}}, {"type": "Feature", "properties": {"tipo": "cabo", "nome": "194M - 6F", "comprimento": "", "descricao": "194M - 6F"}, "geometry": {"type": "LineString", "coordinates": [[-41.355898532976, -21.74207795231102], [-41.355781878792, -21.742140905051997], [-41.35611876334299, -21.742425514258997], [-41.355743461187, -21.742820143450018], [-41.355423495409, -21.743135114914992], [-41.355011375849, -21.743586622623027], [-41.355014310775, -21.743640837206996], [-41.354877544635, -21.743552942025005]]}}, {"type": "Feature", "properties": {"tipo": "cabo", "nome": "85M - 6F", "comprimento": "", "descricao": "85M - 6F"}, "geometry": {"type": "LineString", "coordinates": [[-41.358433615339, -21.743731931504], [-41.35811101858899, -21.743477228532], [-41.358066536961, -21.743416109769], [-41.35818688714299, -21.743283384484002]]}}, {"type": "Feature", "properties": {"tipo": "cabo", "nome": "298M - 6F", "comprimento": "", "descricao": "298M - 6F"}, "geometry": {"type": "LineString", "coordinates": [[-41.355291754213, -21.744786158840995], [-41.35641154832, -21.745714250329996], [-41.357112842238, -21.746326272511013], [-41.357384464493, -21.746061370994994]]}}, {"type": "Feature", "properties": {"tipo": "cabo", "nome": "450M - 6F", "comprimento": "", "descricao": "450M - 6F"}, "geometry": {"type": "LineString", "coordinates": [[-41.35882584989601, -21.74469604203], [-41.358693417369004, -21.744748703302008], [-41.357903284051, -21.745551633928997], [-41.357658754286994, -21.745801402325], [-41.357645055174, -21.745865142366], [-41.358105133542, -21.746263044375], [-41.358186547378004, -21.74630673053801], [-41.358130795155, -21.746251335661995], [-41.35842433609799, -21.745924604335016], [-41.359204265596, -21.745091475576004], [-41.359081952332, -21.744970289091995]]}}, {"type": "Feature", "properties": {"tipo": "cabo", "nome": "184M - 6F", "comprimento": "", "descricao": "184M - 6F"}, "geometry": {"type": "LineString", "coordinates": [[-41.360676297355, -21.745620536638995], [-41.360138239097004, -21.745189455157984], [-41.360468160423, -21.744854536042993], [-41.360902202445, -21.745222008605992]]}}, {"type": "Feature", "properties": {"tipo": "cabo", "nome": "326M - 6F", "comprimento": "", "descricao": "326M - 6F"}, "geometry": {"type": "LineString", "coordinates": [[-41.358178933263, -21.743282353227002], [-41.357712082038, -21.743777449526007], [-41.358219164568006, -21.744207381227], [-41.357618965409, -21.744840374958997], [-41.357072704346, -21.745417547871995]]}}, {"type": "Feature", "properties": {"tipo": "cabo", "nome": "330M - 12F", "comprimento": "", "descricao": "330M - 12F"}, "geometry": {"type": "LineString", "coordinates": [[-41.35819769325399, -21.74328704336], [-41.35678643031999, -21.74477829453801], [-41.356143845187006, -21.745458896157004], [-41.355961722033, -21.745341995577007]]}}, {"type": "Feature", "properties": {"tipo": "cabo", "nome": "148M - 6F", "comprimento": "", "descricao": "148M - 6F"}, "geometry": {"type": "LineString", "coordinates": [[-41.360144686974, -21.745191748582997], [-41.359063487571, -21.744261430451004]]}}, {"type": "Feature", "properties": {"tipo": "cabo", "nome": "283M - 6F", "comprimento": "", "descricao": "283M - 6F"}, "geometry": {"type": "LineString", "coordinates": [[-41.356678251912, -21.744914246937995], [-41.356620093592, -21.744983442682], [-41.356427279281995, -21.74483288756302], [-41.356070982302, -21.744528113751002], [-41.35614521281399, -21.744437509611018], [-41.356571967976, -21.743986896381983], [-41.357099538634, -21.743424877466992], [-41.357207084375, -21.743324081365017]]}}, {"type": "Feature", "properties": {"tipo": "cabo", "nome": "187M - 6F", "comprimento": "", "descricao": "187M - 6F"}, "geometry": {"type": "LineString", "coordinates": [[-41.359167030571, -21.747153441660984], [-41.35867260379901, -21.74664556133], [-41.359390130093, -21.745904107426014]]}}, {"type": "Feature", "properties": {"tipo": "cabo", "nome": "145M - 12F", "comprimento": "", "descricao": "145M - 12F"}, "geometry": {"type": "LineString", "coordinates": [[-41.359174590754, -21.747146434043003], [-41.358136641935, -21.746269510834992]]}}, {"type": "Feature", "properties": {"tipo": "cabo", "nome": "115M - 6F", "comprimento": "", "descricao": "115M - 6F"}, "geometry": {"type": "LineString", "coordinates": [[-41.358336583793, -21.747488232923985], [-41.35820003486799, -21.74703857430501], [-41.357721380554, -21.746682525997016]]}}, {"type": "Feature", "properties": {"tipo": "cabo", "nome": "210M - 12F", "comprimento": "", "descricao": "210M - 12F"}, "geometry": {"type": "LineString", "coordinates": [[-41.35401274001901, -21.746923675841003], [-41.35413579102999, -21.747314884568], [-41.353824532759994, -21.747479414908], [-41.353997897897, -21.747416785411005], [-41.354216638022, -21.747315676786997], [-41.354581809515, -21.747200525474], [-41.354972811381, -21.747082100827996], [-41.355156012995, -21.74703061459502], [-41.355483323835, -21.746930273838004], [-41.355610451499, -21.74687423272698], [-41.355711252551, -21.746837648197996]]}}, {"type": "Feature", "properties": {"tipo": "cabo", "nome": "148M - 6F", "comprimento": "", "descricao": "148M - 6F"}, "geometry": {"type": "LineString", "coordinates": [[-41.354975290724, -21.747071960995996], [-41.354945352126, -21.74708187106198], [-41.354912957554, -21.747058978387003], [-41.354902405787996, -21.747034754496], [-41.354778600792, -21.746706463821], [-41.35445414695201, -21.745860737176002]]}}, {"type": "Feature", "properties": {"tipo": "cabo", "nome": "244M - 6F", "comprimento": "", "descricao": "244M - 6F"}, "geometry": {"type": "LineString", "coordinates": [[-41.354030275188, -21.746958618315006], [-41.35400470134099, -21.746938306269996], [-41.353711964577, -21.746158837494008], [-41.353502838057, -21.745593925370997], [-41.353562823766005, -21.745536068094992], [-41.353631026053, -21.745510920863012], [-41.353384142251, -21.745595632548984], [-41.353442227719, -21.745462763210995], [-41.35340820158099, -21.745384436340004], [-41.353379953757, -21.745282209988005]]}}, {"type": "Feature", "properties": {"tipo": "cabo", "nome": "380M - 6F", "comprimento": "", "descricao": "380M - 6F"}, "geometry": {"type": "LineString", "coordinates": [[-41.354804205305996, -21.745098931655008], [-41.354995187785, -21.745088921486], [-41.35510531748201, -21.74545423971699], [-41.355232659511, -21.74569637364199], [-41.355374193738996, -21.746058609882994], [-41.355444117531, -21.746303942634], [-41.355620277540005, -21.746828801500016], [-41.35562075122299, -21.746860560319988], [-41.355711252551, -21.746837648197996], [-41.35594891569801, -21.746741553031], [-41.356257726128, -21.746649457418002], [-41.356454027764, -21.746601829301], [-41.356248967753, -21.746070187903]]}}, {"type": "Feature", "properties": {"tipo": "cabo", "nome": "298M - 6F", "comprimento": "", "descricao": "298M - 6F"}, "geometry": {"type": "LineString", "coordinates": [[-41.364103017457, -21.744873087787994], [-41.363057067443, -21.744112506484015], [-41.363331862429995, -21.743619132275], [-41.364083334570005, -21.744178952935997]]}}, {"type": "Feature", "properties": {"tipo": "cabo", "nome": "101M - 6F", "comprimento": "", "descricao": "101M - 6F"}, "geometry": {"type": "LineString", "coordinates": [[-41.36151285850601, -21.74484995083199], [-41.360926545537, -21.74434533533399], [-41.360804974698, -21.744471265]]}}, {"type": "Feature", "properties": {"tipo": "cabo", "nome": "173M - 12F", "comprimento": "", "descricao": "173M - 12F"}, "geometry": {"type": "LineString", "coordinates": [[-41.365511067674, -21.744449316333004], [-41.365512259638, -21.744472011561], [-41.365139077938, -21.744235949081002], [-41.365261784433, -21.744171093041018], [-41.365456567912, -21.74391396946899], [-41.36559396704699, -21.743888324422002], [-41.366067450790005, -21.74420343792302]]}}, {"type": "Feature", "properties": {"tipo": "cabo", "nome": "242M - 6F", "comprimento": "", "descricao": "242M - 6F"}, "geometry": {"type": "LineString", "coordinates": [[-41.362110427824, -21.744476373317013], [-41.361446861814, -21.74389887139], [-41.36151539012601, -21.743758854695017], [-41.36165783676, -21.743585245174984], [-41.361839112499, -21.743412554345], [-41.361901833545, -21.743382947773], [-41.362170793734, -21.743583605752008], [-41.362434548156, -21.74381335668801]]}}, {"type": "Feature", "properties": {"tipo": "cabo", "nome": "96M - 6F", "comprimento": "", "descricao": "96M - 6F"}, "geometry": {"type": "LineString", "coordinates": [[-41.363313577503995, -21.743673801003013], [-41.363339431285006, -21.743550817738992], [-41.363528237304, -21.743337375883], [-41.363693686999, -21.743222088402007], [-41.363936542045, -21.743374605122995]]}}, {"type": "Feature", "properties": {"tipo": "cabo", "nome": "181M - 6F", "comprimento": "", "descricao": "181M - 6F"}, "geometry": {"type": "LineString", "coordinates": [[-41.361640971578, -21.743578489911016], [-41.361635487974, -21.74359818200199], [-41.362274485117, -21.742908542921], [-41.362793910421, -21.742380377732005]]}}, {"type": "Feature", "properties": {"tipo": "cabo", "nome": "322M - 6F", "comprimento": "", "descricao": "322M - 6F"}, "geometry": {"type": "LineString", "coordinates": [[-41.361788914621, -21.742400627486006], [-41.361171448974, -21.743079724566982], [-41.360957185195, -21.74331217116699], [-41.360933655897995, -21.743411308619997], [-41.36113478193, -21.74363833015201], [-41.360230405352, -21.742935496639006], [-41.36044678338, -21.74286927637398]]}}, {"type": "Feature", "properties": {"tipo": "cabo", "nome": "76M - 6F", "comprimento": "", "descricao": "76M - 6F"}, "geometry": {"type": "LineString", "coordinates": [[-41.364377182804, -21.745802926753], [-41.36415981412101, -21.745636352906004], [-41.364019032488, -21.745665111324], [-41.363817265572, -21.745883982408998]]}}, {"type": "Feature", "properties": {"tipo": "cabo", "nome": "85M - 6F", "comprimento": "", "descricao": "85M - 6F"}, "geometry": {"type": "LineString", "coordinates": [[-41.36464897544799, -21.74490090561403], [-41.365292739497, -21.745377978338]]}}, {"type": "Feature", "properties": {"tipo": "cabo", "nome": "440M - 6F", "comprimento": "", "descricao": "440M - 6F"}, "geometry": {"type": "LineString", "coordinates": [[-41.36728667880399, -21.745661546144987], [-41.36676736719199, -21.745311349107], [-41.36635302651501, -21.745027187128983], [-41.365487988579, -21.744438742991008], [-41.36553310540799, -21.744463799000997], [-41.363919539572, -21.743390534998]]}}, {"type": "Feature", "properties": {"tipo": "cabo", "nome": "212M - 6F", "comprimento": "", "descricao": "212M - 6F"}, "geometry": {"type": "LineString", "coordinates": [[-41.362795799627, -21.744666073885014], [-41.36329388669099, -21.745029400772992], [-41.363480567656, -21.74516063100802], [-41.363770390404994, -21.745380303868004], [-41.36437379123, -21.745814359470003], [-41.36434473783, -21.745792127285], [-41.364336459002, -21.745789737276993]]}}, {"type": "Feature", "properties": {"tipo": "cabo", "nome": "451M - 6F", "comprimento": "", "descricao": "451M - 6F"}, "geometry": {"type": "LineString", "coordinates": [[-41.367749110044, -21.745362375086003], [-41.366876443255, -21.744778812128004], [-41.36421921845001, -21.742974695008]]}}, {"type": "Feature", "properties": {"tipo": "cabo", "nome": "242M - 12F", "comprimento": "", "descricao": "242M - 12F"}, "geometry": {"type": "LineString", "coordinates": [[-41.360108167103, -21.74519075702399], [-41.360782431548, -21.744465804748998], [-41.361663520423, -21.743559646755003]]}}, {"type": "Feature", "properties": {"tipo": "cabo", "nome": "162M - 6F", "comprimento": "", "descricao": "162M - 6F"}, "geometry": {"type": "LineString", "coordinates": [[-41.3640949346, -21.744857567127], [-41.364467952193, -21.745120499156002], [-41.364665342503, -21.744903751248984], [-41.364857733451, -21.744672250064], [-41.365229482162, -21.744962495983017]]}}, {"type": "Feature", "properties": {"tipo": "cabo", "nome": "100M - 6F", "comprimento": "", "descricao": "100M - 6F"}, "geometry": {"type": "LineString", "coordinates": [[-41.365338035829, -21.74655001901], [-41.366090237099, -21.74712073483201]]}}, {"type": "Feature", "properties": {"tipo": "cabo", "nome": "273M - 6F", "comprimento": "", "descricao": "273M - 6F"}, "geometry": {"type": "LineString", "coordinates": [[-41.36213939929, -21.745863798136995], [-41.362236464972, -21.745730417616983], [-41.36292669649999, -21.746259468445004], [-41.363262758963, -21.746515065959997], [-41.363242157656, -21.746592260812008], [-41.362930034258, -21.746941802690003], [-41.362838360523995, -21.746960616097], [-41.362461247879, -21.746691487142996]]}}, {"type": "Feature", "properties": {"tipo": "cabo", "nome": "168M - 6F", "comprimento": "", "descricao": "168M - 6F"}, "geometry": {"type": "LineString", "coordinates": [[-41.366879724431, -21.746938371075004], [-41.366265939688994, -21.746469531805005], [-41.36561218967599, -21.745993660658996]]}}, {"type": "Feature", "properties": {"tipo": "cabo", "nome": "204M - 12F", "comprimento": "", "descricao": "204M - 12F"}, "geometry": {"type": "LineString", "coordinates": [[-41.364810316219, -21.746912122970002], [-41.364861515859005, -21.746896413120993], [-41.365163274559, -21.74655175315098], [-41.365348811004, -21.746569796600994], [-41.364904007736, -21.746223421251003], [-41.36437298661599, -21.745829796143994]]}}, {"type": "Feature", "properties": {"tipo": "cabo", "nome": "261M - 6F", "comprimento": "", "descricao": "261M - 6F"}, "geometry": {"type": "LineString", "coordinates": [[-41.36284073056701, -21.745454368099004], [-41.36339647865999, -21.745842704813995], [-41.364560071167, -21.74669868700802], [-41.364810228269, -21.74690128301701], [-41.364798709907, -21.7469091003]]}}, {"type": "Feature", "properties": {"tipo": "cabo", "nome": "168M - 6F", "comprimento": "", "descricao": "168M - 6F"}, "geometry": {"type": "LineString", "coordinates": [[-41.365602395528, -21.745974624132003], [-41.36602666082501, -21.745534431812004], [-41.366221047088, -21.745684256049003], [-41.366789215021, -21.746119755905994]]}}, {"type": "Feature", "properties": {"tipo": "cabo", "nome": "200M - 12F", "comprimento": "", "descricao": "200M - 12F"}, "geometry": {"type": "LineString", "coordinates": [[-41.36560371608601, -21.745985689633997], [-41.364085976464, -21.74486614931]]}}, {"type": "Feature", "properties": {"tipo": "cabo", "nome": "318M - 6F", "comprimento": "", "descricao": "318M - 6F"}, "geometry": {"type": "LineString", "coordinates": [[-41.348423443297, -21.74836481669], [-41.348234124512, -21.747855050927996], [-41.34785235521301, -21.74683433247], [-41.347472894109, -21.745814957205994]]}}, {"type": "Feature", "properties": {"tipo": "cabo", "nome": "205M - 12F", "comprimento": "", "descricao": "205M - 12F"}, "geometry": {"type": "LineString", "coordinates": [[-41.345393854365994, -21.748058345744013], [-41.345647796081, -21.747969248152003], [-41.34593625891701, -21.747882344001994], [-41.346093544239, -21.747848305543997], [-41.346415803427, -21.747736913934006], [-41.346495162879, -21.747665082074008], [-41.346345727474, -21.747267671461984]]}}, {"type": "Feature", "properties": {"tipo": "cabo", "nome": "268M - 6F", "comprimento": "", "descricao": "268M - 6F"}, "geometry": {"type": "LineString", "coordinates": [[-41.351608864169, -21.746169084008997], [-41.351295253378, -21.746277129586005], [-41.351208971545, -21.746330529730997], [-41.351350236674, -21.74669339444], [-41.351685419319, -21.747584317399003], [-41.351682389552, -21.74767129933001], [-41.351742850786, -21.747751330569997], [-41.351844649519, -21.747973539724], [-41.352008019704, -21.748027489921995], [-41.35229915100499, -21.747963313390997]]}}, {"type": "Feature", "properties": {"tipo": "cabo", "nome": "230M - 6F", "comprimento": "", "descricao": "230M - 6F"}, "geometry": {"type": "LineString", "coordinates": [[-41.348961850248, -21.74699376494999], [-41.349672680502, -21.746763109822], [-41.350157184631, -21.748064944850995]]}}, {"type": "Feature", "properties": {"tipo": "cabo", "nome": "246M - 6F", "comprimento": "", "descricao": "246M - 6F"}, "geometry": {"type": "LineString", "coordinates": [[-41.353016833546, -21.746515658286], [-41.353236463885004, -21.747202399748005], [-41.353418058174, -21.747584192996015], [-41.353062863647, -21.747703297922], [-41.352325511025, -21.747973006918016]]}}, {"type": "Feature", "properties": {"tipo": "cabo", "nome": "262M - 6F", "comprimento": "", "descricao": "262M - 6F"}, "geometry": {"type": "LineString", "coordinates": [[-41.352325511025, -21.747973006918016], [-41.352611757649, -21.747806146102008], [-41.352532384951, -21.747567046822], [-41.352163381853, -21.746533200743983], [-41.351974907554, -21.746052261266968], [-41.352170140198005, -21.745983297625003]]}}, {"type": "Feature", "properties": {"tipo": "cabo", "nome": "265M - 6F", "comprimento": "", "descricao": "265M - 6F"}, "geometry": {"type": "LineString", "coordinates": [[-41.352924060801, -21.749822303097986], [-41.352854411292, -21.749666155694], [-41.353114808701, -21.749574072718005], [-41.353107829049, -21.749557014050993], [-41.352069223368, -21.74988915517102], [-41.351012522364, -21.750230688510996], [-41.350945440506, -21.750185960035978], [-41.350874617856995, -21.749988400785995]]}}, {"type": "Feature", "properties": {"tipo": "cabo", "nome": "369M - 6F", "comprimento": "", "descricao": "369M - 6F"}, "geometry": {"type": "LineString", "coordinates": [[-41.345398368948, -21.748062617328998], [-41.34565354545099, -21.747983245445994], [-41.345917797356, -21.747897765416994], [-41.345944219374, -21.747894931993997], [-41.346024941483, -21.748020380456012], [-41.34614103904201, -21.748333956346002], [-41.346279118282006, -21.748685343956993], [-41.34616841372299, -21.748319071707996], [-41.346406616248004, -21.748241776800995], [-41.346677067901, -21.748156969628], [-41.34700457385501, -21.749040121264997]]}}, {"type": "Feature", "properties": {"tipo": "cabo", "nome": "441M - 6F", "comprimento": "", "descricao": "441M - 6F"}, "geometry": {"type": "LineString", "coordinates": [[-41.353379079182, -21.748435177800005], [-41.35100974784, -21.749218104659008], [-41.350717437123, -21.749304520912006], [-41.350686572996, -21.749396097233998], [-41.350510520358, -21.749023770327], [-41.350625112798994, -21.74940364392502], [-41.350442281314, -21.749377602967], [-41.350227965762, -21.749439567227995]]}}, {"type": "Feature", "properties": {"tipo": "cabo", "nome": "305M - 6F", "comprimento": "", "descricao": "305M - 6F"}, "geometry": {"type": "LineString", "coordinates": [[-41.347887466162, -21.74905510932301], [-41.347858206235, -21.748974701403995], [-41.347577957394, -21.748240537686016], [-41.34736778606, -21.747691961973004], [-41.347285917974006, -21.747465393522006], [-41.34746617105701, -21.747391648052997], [-41.347341716493, -21.747425529796004], [-41.34729807446, -21.74744578295099], [-41.347270795963, -21.747425789868004], [-41.347017335035, -21.746746732505997]]}}, {"type": "Feature", "properties": {"tipo": "cabo", "nome": "271M - 6F", "comprimento": "", "descricao": "271M - 6F"}, "geometry": {"type": "LineString", "coordinates": [[-41.35002542309999, -21.748714708129995], [-41.349612819089, -21.748838927696], [-41.34954892631999, -21.748803760580998], [-41.349360036412, -21.748291303109994], [-41.349127498504004, -21.747682788985003], [-41.349083824076004, -21.747562558127], [-41.34904903060401, -21.747459162767996], [-41.348904372944, -21.747060572463994], [-41.348896125283, -21.747036229461983], [-41.348988801879, -21.746980219351002]]}}, {"type": "Feature", "properties": {"tipo": "cabo", "nome": "240M - 6F", "comprimento": "", "descricao": "240M - 6F"}, "geometry": {"type": "LineString", "coordinates": [[-41.350856243742, -21.749978512488013], [-41.35089620080999, -21.74985256296], [-41.352956740531, -21.749194604200994]]}}, {"type": "Feature", "properties": {"tipo": "cabo", "nome": "295M - 12F", "comprimento": "", "descricao": "295M - 12F"}, "geometry": {"type": "LineString", "coordinates": [[-41.352320379092, -21.747974732071995], [-41.352022077783, -21.748047388529002], [-41.351543482051, -21.748225123211], [-41.350991335021, -21.748400712663], [-41.351091203088, -21.748259808409017], [-41.350887465747995, -21.747761687473997], [-41.350660002697, -21.747147622246004]]}}, {"type": "Feature", "properties": {"tipo": "cabo", "nome": "346M - 6F", "comprimento": "", "descricao": "346M - 6F"}, "geometry": {"type": "LineString", "coordinates": [[-41.34871332758801, -21.751322879748983], [-41.348489845136996, -21.750751068374], [-41.348504154619995, -21.750607201663996], [-41.349056705683, -21.75042553652999], [-41.349105826735006, -21.750539218263], [-41.349398924348, -21.751312700724], [-41.349694628859, -21.752148367616]]}}, {"type": "Feature", "properties": {"tipo": "cabo", "nome": "450M - 6F", "comprimento": "", "descricao": "450M - 6F"}, "geometry": {"type": "LineString", "coordinates": [[-41.350166741781, -21.751595973658993], [-41.349907226794, -21.750940053416997], [-41.349663524515, -21.750352640741994], [-41.34967602653, -21.750249030109984], [-41.350278586838996, -21.750040193790014], [-41.350289885595, -21.750187703270996], [-41.350467670001, -21.750745293568997], [-41.350953669126, -21.751963309027985]]}}, {"type": "Feature", "properties": {"tipo": "cabo", "nome": "204M - 6F", "comprimento": "", "descricao": "204M - 6F"}, "geometry": {"type": "LineString", "coordinates": [[-41.34797663294499, -21.75161417406501], [-41.347712934713, -21.750889812607], [-41.34879368812, -21.750514228083006]]}}, {"type": "Feature", "properties": {"tipo": "cabo", "nome": "155M - 6F", "comprimento": "", "descricao": "155M - 6F"}, "geometry": {"type": "LineString", "coordinates": [[-41.351440592027, -21.751585717176], [-41.351184533267, -21.75084142319001], [-41.351278575047, -21.75093152055203], [-41.351773077589996, -21.75077073310399]]}}, {"type": "Feature", "properties": {"tipo": "cabo", "nome": "134M - 12F", "comprimento": "", "descricao": "134M - 12F"}, "geometry": {"type": "LineString", "coordinates": [[-41.34905529796101, -21.750453997256017], [-41.350269574514, -21.750034441631]]}}, {"type": "Feature", "properties": {"tipo": "cabo", "nome": "208M - 12F", "comprimento": "", "descricao": "208M - 12F"}, "geometry": {"type": "LineString", "coordinates": [[-41.35115076226699, -21.750810106741], [-41.350642035098, -21.749367711836996], [-41.350508025923, -21.74903101486001]]}}, {"type": "Feature", "properties": {"tipo": "cabo", "nome": "336M - 6F", "comprimento": "", "descricao": "336M - 6F"}, "geometry": {"type": "LineString", "coordinates": [[-41.3490637763, -21.750422908013007], [-41.34846370671901, -21.750610426942004], [-41.348268438672, -21.750082728994997], [-41.350227965762, -21.749439567227995]]}}, {"type": "Feature", "properties": {"tipo": "cabo", "nome": "350M - 6F", "comprimento": "", "descricao": "350M - 6F"}, "geometry": {"type": "LineString", "coordinates": [[-41.354142445324, -21.748115050834002], [-41.355378512717, -21.747680406937008], [-41.35412404793101, -21.748123015721987], [-41.35412404793101, -21.748123015721987], [-41.35405134646701, -21.748140537287995], [-41.353686414922, -21.748250261869998], [-41.353571716706, -21.748026527479993]]}}, {"type": "Feature", "properties": {"tipo": "cabo", "nome": "80M - 6F", "comprimento": "", "descricao": "80M - 6F"}, "geometry": {"type": "LineString", "coordinates": [[-41.353572639194, -21.748038834564994], [-41.353419143367, -21.747618167604003], [-41.353811381739, -21.747488485109983]]}}, {"type": "Feature", "properties": {"tipo": "cabo", "nome": "91M - 6F", "comprimento": "", "descricao": "91M - 6F"}, "geometry": {"type": "LineString", "coordinates": [[-41.35743223119201, -21.747817198877996], [-41.357156772327, -21.747147048968984], [-41.357049227059996, -21.747160065060996]]}}, {"type": "Feature", "properties": {"tipo": "cabo", "nome": "93M - 6F", "comprimento": "", "descricao": "93M - 6F"}, "geometry": {"type": "LineString", "coordinates": [[-41.356922680604, -21.74794379414101], [-41.356687752144005, -21.747293240879998], [-41.35652900172, -21.747339850919005]]}}, {"type": "Feature", "properties": {"tipo": "cabo", "nome": "74M - 6F", "comprimento": "", "descricao": "74M - 6F"}, "geometry": {"type": "LineString", "coordinates": [[-41.356027597753005, -21.747461482960006], [-41.355356132212, -21.747698522722004]]}}, {"type": "Feature", "properties": {"tipo": "cabo", "nome": "202M - 6F", "comprimento": "", "descricao": "202M - 6F"}, "geometry": {"type": "LineString", "coordinates": [[-41.357824123719, -21.747493137128004], [-41.357822197683, -21.747239438033006], [-41.35821374708101, -21.747126679450005], [-41.358321371083, -21.747484632559008], [-41.358244175783, -21.747144406017], [-41.358614191025, -21.747460387521002]]}}, {"type": "Feature", "properties": {"tipo": "cabo", "nome": "237M - 12F", "comprimento": "", "descricao": "237M - 12F"}, "geometry": {"type": "LineString", "coordinates": [[-41.356027597753005, -21.747461482960006], [-41.35627580947399, -21.747380637194], [-41.35762453925, -21.746962540384004], [-41.357821255106, -21.747502955111003]]}}, {"type": "Feature", "properties": {"tipo": "cabo", "nome": "109M - 6FO", "comprimento": "", "descricao": "109M - 6FO"}, "geometry": {"type": "LineString", "coordinates": [[-41.357208803921, -21.750578082934993], [-41.357570015133, -21.750576488464006], [-41.357947774806995, -21.750531729811], [-41.358118178692, -21.750285642275003]]}}, {"type": "Feature", "properties": {"tipo": "cabo", "nome": "235M - 6F", "comprimento": "", "descricao": "235M - 6F"}, "geometry": {"type": "LineString", "coordinates": [[-41.353572639194, -21.748038834564994], [-41.353813930317, -21.748703840147996], [-41.354039792744, -21.749296840465007], [-41.354271741908995, -21.749941846396]]}}, {"type": "Feature", "properties": {"tipo": "cabo", "nome": "136M - 6FO", "comprimento": "", "descricao": "136M - 6FO"}, "geometry": {"type": "LineString", "coordinates": [[-41.357476723786, -21.749938867922012], [-41.357784677489, -21.749913462346], [-41.358018372652, -21.749840202046983], [-41.358174665303, -21.749909717999003], [-41.358157171336, -21.749593688351], [-41.358196055283, -21.749369066486977]]}}, {"type": "Feature", "properties": {"tipo": "cabo", "nome": "87M - 6FO", "comprimento": "", "descricao": "87M - 6FO"}, "geometry": {"type": "LineString", "coordinates": [[-41.358729684712, -21.749806601010008], [-41.358257319279, -21.749681870871], [-41.35819551378799, -21.749602124109998], [-41.358240515996, -21.74937720867601]]}}, {"type": "Feature", "properties": {"tipo": "cabo", "nome": "154M - 6F", "comprimento": "", "descricao": "154M - 6F"}, "geometry": {"type": "LineString", "coordinates": [[-41.354131583484, -21.748130982228986], [-41.354239041805, -21.748374740735997], [-41.35472412548, -21.749677134267003]]}}, {"type": "Feature", "properties": {"tipo": "cabo", "nome": "464M - 6F", "comprimento": "", "descricao": "464M - 6F"}, "geometry": {"type": "LineString", "coordinates": [[-41.35524545586801, -21.74947183111101], [-41.355160007746, -21.749236907341], [-41.354957312826, -21.748716956020004], [-41.354820841046, -21.748441280519003], [-41.354690466486, -21.748043886061993], [-41.354653057526, -21.747960061293995], [-41.355378512717, -21.747680406937008], [-41.355139733653, -21.747794983497016], [-41.3551946046, -21.747867510912002], [-41.35569024259001, -21.749296046679007]]}}, {"type": "Feature", "properties": {"tipo": "cabo", "nome": "324M - 6F", "comprimento": "", "descricao": "324M - 6F"}, "geometry": {"type": "LineString", "coordinates": [[-41.356190439115, -21.748970197766994], [-41.35618034327, -21.748985122923003], [-41.356061423286, -21.748675863722], [-41.355892208732996, -21.748339366845997], [-41.355808466286, -21.748035519273003], [-41.355672844434, -21.747737368702005], [-41.35568372848, -21.747593184758003], [-41.356054253985995, -21.747470953149005], [-41.356192390504994, -21.747568624715996], [-41.356524417446, -21.748412139772995]]}}, {"type": "Feature", "properties": {"tipo": "cabo", "nome": "347M - 6FO", "comprimento": "", "descricao": "347M - 6FO"}, "geometry": {"type": "LineString", "coordinates": [[-41.356333949019, -21.753830701094003], [-41.356166715263, -21.753603858957007], [-41.356094863547995, -21.753481245204], [-41.356014070998, -21.753330098046007], [-41.355923887186, -21.753297996781], [-41.35575019971001, -21.753411579095], [-41.35561285058999, -21.753524867493], [-41.355573300158, -21.753852130726997], [-41.35572953948, -21.754087837826006], [-41.355707432258, -21.754113355247995], [-41.355553954398, -21.753875097814003], [-41.355354368482, -21.753406538768004], [-41.355290373495, -21.75307841162801], [-41.355277639609, -21.752745411224993]]}}, {"type": "Feature", "properties": {"tipo": "cabo", "nome": "360M - 6FO", "comprimento": "", "descricao": "360M - 6FO"}, "geometry": {"type": "LineString", "coordinates": [[-41.35456146906, -21.752668336191988], [-41.354810491773, -21.752889762639], [-41.355054569629, -21.753158005162007], [-41.355273814306, -21.753076129838007], [-41.355256504048, -21.752753198899], [-41.355317287193, -21.752401957955], [-41.355403089765005, -21.752133891984982], [-41.355543494551, -21.75184046785199], [-41.355656598894, -21.751688321442018], [-41.355804804949, -21.751539796887002], [-41.35610121772, -21.751326064512], [-41.356421032543, -21.751170290752995]]}}, {"type": "Feature", "properties": {"tipo": "cabo", "nome": "286M - 6FO", "comprimento": "", "descricao": "286M - 6FO"}, "geometry": {"type": "LineString", "coordinates": [[-41.357091923956, -21.752964207000005], [-41.356810494429, -21.752967792326004], [-41.35650593305, -21.752985700118998], [-41.356174384655006, -21.753078801892002], [-41.355978338887006, -21.753103240558985], [-41.355957157294, -21.752770240751005], [-41.355917344524, -21.75275885837901], [-41.355941967745, -21.753105392832992], [-41.35603693035999, -21.753320594434996], [-41.356192668506, -21.753588713995995], [-41.356359802003, -21.75381097072001]]}}, {"type": "Feature", "properties": {"tipo": "cabo", "nome": "86M - 6FO", "comprimento": "", "descricao": "86M - 6FO"}, "geometry": {"type": "LineString", "coordinates": [[-41.355941404288, -21.752750455972006], [-41.35597661543099, -21.75249471516402], [-41.356262879311, -21.752421670146987], [-41.356517293529, -21.752370680268996]]}}, {"type": "Feature", "properties": {"tipo": "cabo", "nome": "226M - 6FO", "comprimento": "", "descricao": "226M - 6FO"}, "geometry": {"type": "LineString", "coordinates": [[-41.352493242113, -21.752433003446995], [-41.35273654224999, -21.752360426558994], [-41.352977142784, -21.752311029113002], [-41.353234738191, -21.752289744628996], [-41.35346604137501, -21.752299274791014], [-41.353659108504, -21.752325413400996], [-41.354000801282, -21.752409066726003], [-41.354186444063, -21.752493765951996], [-41.354378601151, -21.752578464942005], [-41.354560988374, -21.752699463604998]]}}, {"type": "Feature", "properties": {"tipo": "cabo", "nome": "315M - 6FO", "comprimento": "", "descricao": "315M - 6FO"}, "geometry": {"type": "LineString", "coordinates": [[-41.357061882330996, -21.751736757266997], [-41.35683616735799, -21.75173616458902], [-41.356573238462005, -21.75182695539999], [-41.356326608412, -21.751955906025017], [-41.356120772641, -21.752165010286006], [-41.35596389205399, -21.752469537146993], [-41.356251389499, -21.752397869909004], [-41.356518308015, -21.752345207052997], [-41.35692050458999, -21.75234245181899], [-41.357204687151, -21.752357088972985], [-41.3575299676, -21.752417938942003]]}}, {"type": "Feature", "properties": {"tipo": "cabo", "nome": "426M - 12FO", "comprimento": "", "descricao": "426M - 12FO"}, "geometry": {"type": "LineString", "coordinates": [[-41.358217342575, -21.749373657232], [-41.358175620072, -21.749595166128003], [-41.358200285292, -21.749921700025], [-41.358162981954, -21.750285122894], [-41.35789782645, -21.750672638184994], [-41.357700719237, -21.750863534991993], [-41.357620783396, -21.75111340673], [-41.357991381586004, -21.751224297654005], [-41.357977156209, -21.751255431630014], [-41.357615434462, -21.751129798647995], [-41.35751814556399, -21.751175480185992], [-41.357449321995006, -21.751411248414996], [-41.35732186734899, -21.751657124312985], [-41.357481463181, -21.751775702559982], [-41.35708103083, -21.751737869945003]]}}, {"type": "Feature", "properties": {"tipo": "cabo", "nome": "228M - 6F", "comprimento": "", "descricao": "228M - 6F"}, "geometry": {"type": "LineString", "coordinates": [[-41.363202918053, -21.748808088455007], [-41.36319704314, -21.748794730461], [-41.36258835057699, -21.748321822259996], [-41.3620784275, -21.747964463786005], [-41.362075666606, -21.747930966077007], [-41.362053925713, -21.747948243986002], [-41.36152720816099, -21.747528628308004]]}}, {"type": "Feature", "properties": {"tipo": "cabo", "nome": "121M - 6F", "comprimento": "", "descricao": "121M - 6F"}, "geometry": {"type": "LineString", "coordinates": [[-41.361022121244, -21.748645611325998], [-41.36079451669, -21.74848270431599], [-41.360660566871, -21.748609279053994], [-41.360983574053, -21.748035880820993]]}}, {"type": "Feature", "properties": {"tipo": "cabo", "nome": "151M -6F", "comprimento": "", "descricao": "151M -6F"}, "geometry": {"type": "LineString", "coordinates": [[-41.363861501995004, -21.746943300992015], [-41.364440008904, -21.74735562500001], [-41.363984708498, -21.747890920851006]]}}, {"type": "Feature", "properties": {"tipo": "cabo", "nome": "208M - 12F", "comprimento": "", "descricao": "208M - 12F"}, "geometry": {"type": "LineString", "coordinates": [[-41.363978131555, -21.747893629229992], [-41.363986074656, -21.74783772827], [-41.363902934155, -21.747774016655015], [-41.36359115808499, -21.747554469185005], [-41.36298011087899, -21.747103644668996], [-41.36280978119, -21.74697571939099], [-41.36245327501501, -21.74671026627901]]}}, {"type": "Feature", "properties": {"tipo": "cabo", "nome": "168M - 6F", "comprimento": "", "descricao": "168M - 6F"}, "geometry": {"type": "LineString", "coordinates": [[-41.36605275492799, -21.747814873137997], [-41.365451736431, -21.747387214574005], [-41.364796824082, -21.746897714089002], [-41.364829593652004, -21.746896724872002]]}}, {"type": "Feature", "properties": {"tipo": "cabo", "nome": "346M - 6F", "comprimento": "", "descricao": "346M - 6F"}, "geometry": {"type": "LineString", "coordinates": [[-41.360215734657004, -21.747135325854003], [-41.359787346372, -21.747659988073977], [-41.359183493668006, -21.747169065388988], [-41.359702310166, -21.74657708459401], [-41.360327224255, -21.745963846030023], [-41.360361138335, -21.746004582088005], [-41.360303402276, -21.745982950555998]]}}, {"type": "Feature", "properties": {"tipo": "cabo", "nome": "341M - 6F", "comprimento": "", "descricao": "341M - 6F"}, "geometry": {"type": "LineString", "coordinates": [[-41.36399608789101, -21.747869879891], [-41.36398464671499, -21.747879250666998], [-41.364111240877, -21.74791837668299], [-41.364264238621, -21.74803372895299], [-41.364501857113, -21.748229102318987], [-41.364603611635, -21.748307077179987], [-41.364674715894, -21.748353816104995], [-41.364713401242, -21.748385397869995], [-41.365251804749995, -21.74880766095299], [-41.365689388765, -21.748311088443003], [-41.36492591668901, -21.747745412928992]]}}, {"type": "Feature", "properties": {"tipo": "cabo", "nome": "362M - 6F", "comprimento": "", "descricao": "362M - 6F"}, "geometry": {"type": "LineString", "coordinates": [[-41.36132022034, -21.748142589759993], [-41.362184230259, -21.748795233427003], [-41.362855235808006, -21.74925919141802], [-41.3626499044, -21.749497329362995], [-41.36248677663, -21.749671604165997], [-41.36206392176499, -21.75018620954802], [-41.362277038348, -21.75035822782]]}}, {"type": "Feature", "properties": {"tipo": "cabo", "nome": "176M - 12F", "comprimento": "", "descricao": "176M - 12F"}, "geometry": {"type": "LineString", "coordinates": [[-41.363214210983, -21.74881592174198], [-41.363214210983, -21.74881592174198], [-41.363775357361995, -21.749212232449977], [-41.3643842597, -21.749667472998993], [-41.36445861882701, -21.749684118854006], [-41.364391865336, -21.749773601181005], [-41.364396690579, -21.749756854970997]]}}, {"type": "Feature", "properties": {"tipo": "cabo", "nome": "346M - 6F", "comprimento": "", "descricao": "346M - 6F"}, "geometry": {"type": "LineString", "coordinates": [[-41.363144508445, -21.749523180991005], [-41.36408637928601, -21.750169212949004], [-41.364873281716, -21.749259203320022], [-41.36414123453701, -21.748732403936998]]}}, {"type": "Feature", "properties": {"tipo": "cabo", "nome": "207M - 6F", "comprimento": "", "descricao": "207M - 6F"}, "geometry": {"type": "LineString", "coordinates": [[-41.361036338169, -21.748658206692], [-41.361014885413994, -21.748652013178997], [-41.361005289813, -21.748641436469995], [-41.360790082873, -21.748512831689], [-41.360694052424, -21.748607721138995], [-41.36058139569, -21.748804652524], [-41.360542947507, -21.748857496812008], [-41.360885551231, -21.749251844190994], [-41.361020515334, -21.749397490278], [-41.36117371362, -21.749509997925017], [-41.361411874830004, -21.749700860985016]]}}, {"type": "Feature", "properties": {"tipo": "cabo", "nome": "200M - 12F", "comprimento": "", "descricao": "200M - 12F"}, "geometry": {"type": "LineString", "coordinates": [[-41.362475790092, -21.74963345997901], [-41.362395152701, -21.749700323553], [-41.361920925, -21.749328242962008], [-41.361316607389, -21.748873532302], [-41.361016190424, -21.74863053909]]}}, {"type": "Feature", "properties": {"tipo": "cabo", "nome": "321M - 6FO", "comprimento": "", "descricao": "321M - 6FO"}, "geometry": {"type": "LineString", "coordinates": [[-41.359057709231, -21.748567379310998], [-41.358726826086, -21.748601859759006], [-41.35844831926601, -21.748739793986005], [-41.358225181291, -21.748959439244004], [-41.358440486244, -21.74902624950002], [-41.35913381687299, -21.74924884405], [-41.359110405599, -21.749270466755007], [-41.358421325552, -21.749045911961005], [-41.358297872005, -21.749163864539], [-41.35823144554901, -21.749372644683007]]}}, {"type": "Feature", "properties": {"tipo": "cabo", "nome": "336M - 6F", "comprimento": "", "descricao": "336M - 6F"}, "geometry": {"type": "LineString", "coordinates": [[-41.361634596862, -21.746864368692002], [-41.362306387031, -21.747395980234003], [-41.363124551472, -21.747979519631002], [-41.36364697721601, -21.74836893570499], [-41.36321959402, -21.748845785905004]]}}, {"type": "Feature", "properties": {"tipo": "cabo", "nome": "214M - 6FO", "comprimento": "", "descricao": "214M - 6FO"}, "geometry": {"type": "LineString", "coordinates": [[-41.359951059881, -21.751188537953], [-41.360179868356, -21.75138815992902], [-41.360335879133004, -21.751623202779996], [-41.360100149041, -21.751735906006004], [-41.359885217188, -21.751797090550014], [-41.359756950758, -21.751813194123002], [-41.359555888756, -21.751948434021983], [-41.35968017772, -21.752111741008008], [-41.359788416668, -21.752327749228996], [-41.359732904649, -21.752432488487003]]}}, {"type": "Feature", "properties": {"tipo": "cabo", "nome": "452M - 6FO", "comprimento": "", "descricao": "452M - 6FO"}, "geometry": {"type": "LineString", "coordinates": [[-41.360481025538, -21.750802903616986], [-41.360671254588, -21.750976629948], [-41.360864655565, -21.751173912827994], [-41.361029523732, -21.751365307469996], [-41.36125780761199, -21.751698042504998], [-41.36134370183701, -21.751910267403005], [-41.361422974089, -21.752157613755983], [-41.361442002613, -21.752278343225], [-41.361264466419, -21.752399081104997], [-41.36104254792401, -21.752584602669017], [-41.360815320492996, -21.75276549413701], [-41.3605346358, -21.75287723405698], [-41.360109599281, -21.753018772684], [-41.359792826009, -21.753093269325007], [-41.359211401758, -21.753089563847]]}}, {"type": "Feature", "properties": {"tipo": "cabo", "nome": "105M - 6FO", "comprimento": "", "descricao": "105M - 6FO"}, "geometry": {"type": "LineString", "coordinates": [[-41.360580066296, -21.752246771464], [-41.360352867596, -21.752368779107996], [-41.360125667626, -21.752457813630983], [-41.360029817586, -21.75249408695899], [-41.359884269086, -21.75258641551102], [-41.35975719206699, -21.752409928850966]]}}, {"type": "Feature", "properties": {"tipo": "cabo", "nome": "85M - 6F", "comprimento": "", "descricao": "85M - 6F"}, "geometry": {"type": "LineString", "coordinates": [[-41.363054612745, -21.75064351393999], [-41.363311161296004, -21.750358332944998], [-41.36297585216499, -21.750132978598998]]}}, {"type": "Feature", "properties": {"tipo": "cabo", "nome": "535M - 12FO", "comprimento": "", "descricao": "535M - 12FO"}, "geometry": {"type": "LineString", "coordinates": [[-41.359741578978, -21.752430876853992], [-41.35985606217001, -21.75258465178699], [-41.359882856257, -21.75300433728502], [-41.359799229382006, -21.753069984483005], [-41.359211876436, -21.753051187420994], [-41.359201880913, -21.753097613785982], [-41.359831701569, -21.753122354024], [-41.35980171497, -21.753252348223], [-41.359638435097, -21.753444248150004], [-41.359328529581994, -21.753620676799997], [-41.359015287004, -21.753664016916986], [-41.358268826515, -21.753428811378], [-41.357768961210006, -21.753184311734984], [-41.357392192716006, -21.753038948084992], [-41.357098941652, -21.752964671873002]]}}, {"type": "Feature", "properties": {"tipo": "cabo", "nome": "168M - 6F", "comprimento": "", "descricao": "168M - 6F"}, "geometry": {"type": "LineString", "coordinates": [[-41.36249387719899, -21.749642755378005], [-41.362444192572, -21.749710532083995], [-41.36298767021799, -21.750133353897], [-41.363339267178006, -21.750349028519977], [-41.363638414529, -21.750592901865005]]}}, {"type": "Feature", "properties": {"tipo": "cabo", "nome": "73M - 6FO", "comprimento": "", "descricao": "73M - 6FO"}, "geometry": {"type": "LineString", "coordinates": [[-41.35875516643801, -21.750553787507997], [-41.358208065496, -21.750366648024993], [-41.358121385999, -21.750283659974002]]}}, {"type": "Feature", "properties": {"tipo": "cabo", "nome": "355M - 6F", "comprimento": "", "descricao": "355M - 6F"}, "geometry": {"type": "LineString", "coordinates": [[-41.317709854898, -21.771280392182007], [-41.318475658067996, -21.771074228516994], [-41.31858191592, -21.77056623509], [-41.318073068732, -21.770581841601], [-41.31768480551, -21.77073119433001], [-41.316556267268, -21.770953515732998]]}}, {"type": "Feature", "properties": {"tipo": "cabo", "nome": "119M - 6F", "comprimento": "", "descricao": "119M - 6F"}, "geometry": {"type": "LineString", "coordinates": [[-41.318784559327, -21.770425801295005], [-41.318076359813, -21.770566703351008], [-41.317687650404004, -21.770723133502003]]}}, {"type": "Feature", "properties": {"tipo": "cabo", "nome": "192M - 6F", "comprimento": "", "descricao": "192M - 6F"}, "geometry": {"type": "LineString", "coordinates": [[-41.318540785832, -21.769100422972997], [-41.318578861088, -21.770248777938008], [-41.31858382282701, -21.770589205633996], [-41.318793271886, -21.770435521974008]]}}, {"type": "Feature", "properties": {"tipo": "cabo", "nome": "225M - 6F", "comprimento": "", "descricao": "225M - 6F"}, "geometry": {"type": "LineString", "coordinates": [[-41.316390772924, -21.772230178458003], [-41.316529493297004, -21.772249018568004], [-41.317148478024, -21.773131210662996], [-41.317658985247995, -21.773834900075997]]}}, {"type": "Feature", "properties": {"tipo": "cabo", "nome": "FIBRA AS MINI RAR -R11 1", "comprimento": "", "descricao": "FIBRA AS MINI RAR -R11 1"}, "geometry": {"type": "LineString", "coordinates": [[-41.314413716599, -21.773729167980008], [-41.314284716804, -21.773450711552982], [-41.314370547493, -21.77342082129701], [-41.314346163919, -21.773391041598018]]}}, {"type": "Feature", "properties": {"tipo": "cabo", "nome": "FIBRA AS MINI RAR -R3 3", "comprimento": "", "descricao": "FIBRA AS MINI RAR -R3 3"}, "geometry": {"type": "LineString", "coordinates": [[-41.314346163919, -21.773391041598018], [-41.314604687052, -21.773255109133004], [-41.314564453917, -21.773182874240007], [-41.31451002236201, -21.773105727811]]}}, {"type": "Feature", "properties": {"tipo": "cabo", "nome": "FIBRA AS MINI RAR -R2 5", "comprimento": "", "descricao": "FIBRA AS MINI RAR -R2 5"}, "geometry": {"type": "LineString", "coordinates": [[-41.314346163919, -21.773391041598018], [-41.31428983753, -21.773318806774], [-41.314233511141, -21.773244081054997]]}}, {"type": "Feature", "properties": {"tipo": "cabo", "nome": "218M - 6F", "comprimento": "", "descricao": "218M - 6F"}, "geometry": {"type": "LineString", "coordinates": [[-41.315980753161, -21.772628557383], [-41.315421105784004, -21.771795681247994], [-41.314841192221, -21.770969542860996]]}}, {"type": "Feature", "properties": {"tipo": "cabo", "nome": "227M - 12F", "comprimento": "", "descricao": "227M - 12F"}, "geometry": {"type": "LineString", "coordinates": [[-41.315980241951, -21.772611296906007], [-41.315981359374, -21.772351148865994], [-41.316390627213, -21.772212930042002], [-41.31646647368301, -21.77205113513301], [-41.316693811527, -21.772071840522997], [-41.31772538566201, -21.771836525278005]]}}, {"type": "Feature", "properties": {"tipo": "cabo", "nome": "422M - 6F", "comprimento": "", "descricao": "422M - 6F"}, "geometry": {"type": "LineString", "coordinates": [[-41.317735598205, -21.771867102035003], [-41.31841280901399, -21.77167736099402], [-41.318492162706, -21.771227529946998], [-41.318122304093, -21.771296343386], [-41.317867457687, -21.771399118476992], [-41.317524140121, -21.771491177168997], [-41.317863271024, -21.771374360962994], [-41.318091457992, -21.771275473990997], [-41.318454448383, -21.771205037924005], [-41.318443756632, -21.771097251392007], [-41.31770030535, -21.771301904490002]]}}, {"type": "Feature", "properties": {"tipo": "cabo", "nome": "326M - 12F", "comprimento": "", "descricao": "326M - 12F"}, "geometry": {"type": "LineString", "coordinates": [[-41.316096552526005, -21.774228519239003], [-41.316452597949, -21.774766475553008], [-41.316420617807, -21.774966780742005], [-41.315728198648, -21.775314702409986], [-41.315422632731, -21.775300953639984], [-41.315260244334006, -21.775118310398994], [-41.31483054047501, -21.774365313017995]]}}, {"type": "Feature", "properties": {"tipo": "cabo", "nome": "119M - 6F", "comprimento": "", "descricao": "119M - 6F"}, "geometry": {"type": "LineString", "coordinates": [[-41.310982052418, -21.773420419324992], [-41.3115583094, -21.77435429450601]]}}, {"type": "Feature", "properties": {"tipo": "cabo", "nome": "281M - 6F", "comprimento": "", "descricao": "281M - 6F"}, "geometry": {"type": "LineString", "coordinates": [[-41.317558682676, -21.77440842711499], [-41.317238010169, -21.774492842466003], [-41.31694816162, -21.774042593941985], [-41.316413882133, -21.773269481483993], [-41.315966550289, -21.772611329879]]}}, {"type": "Feature", "properties": {"tipo": "cabo", "nome": "294M - 6F", "comprimento": "", "descricao": "294M - 6F"}, "geometry": {"type": "LineString", "coordinates": [[-41.314046087804, -21.774447909589995], [-41.313862769237, -21.774632157035995], [-41.313470128022, -21.773912779376985], [-41.312963627714, -21.773209740877007], [-41.312406847577, -21.772360751723], [-41.312396697927, -21.772450367135008], [-41.312283465962, -21.772547567095998]]}}, {"type": "Feature", "properties": {"tipo": "cabo", "nome": "394M - 6F", "comprimento": "", "descricao": "394M - 6F"}, "geometry": {"type": "LineString", "coordinates": [[-41.313147565543, -21.771820794627004], [-41.313792085577, -21.772772257509004], [-41.313706353147005, -21.772948319823996], [-41.31382432742401, -21.772796486353002], [-41.314408318448, -21.773725942859997], [-41.314843545992, -21.774375431983998]]}}, {"type": "Feature", "properties": {"tipo": "cabo", "nome": "75M - 6F", "comprimento": "", "descricao": "75M - 6F"}, "geometry": {"type": "LineString", "coordinates": [[-41.318645207971, -21.775119781106014], [-41.318635308206, -21.774444386737997]]}}, {"type": "Feature", "properties": {"tipo": "cabo", "nome": "360M - 6F", "comprimento": "", "descricao": "360M - 6F"}, "geometry": {"type": "LineString", "coordinates": [[-41.314267403466, -21.771506015672003], [-41.314885384941995, -21.772416659710984], [-41.31526743157699, -21.773011599046015], [-41.316116356424, -21.774260050384]]}}, {"type": "Feature", "properties": {"tipo": "cabo", "nome": "332M - 6F", "comprimento": "", "descricao": "332M - 6F"}, "geometry": {"type": "LineString", "coordinates": [[-41.321659625573, -21.771995936627007], [-41.320954755017, -21.772212248827017], [-41.320783425854, -21.772132042639], [-41.320980164031, -21.772718266284002], [-41.320736144528, -21.772146885802], [-41.320545703433, -21.772349271844007], [-41.319914331873, -21.772560298586015]]}}, {"type": "Feature", "properties": {"tipo": "cabo", "nome": "295M - 6F", "comprimento": "", "descricao": "295M - 6F"}, "geometry": {"type": "LineString", "coordinates": [[-41.320664132932, -21.768955526971993], [-41.320403783946006, -21.769057681687002], [-41.320670244305994, -21.769246147461004], [-41.320885629097006, -21.769286161919], [-41.32110565213301, -21.769505456041003], [-41.321383128646, -21.769746909375996], [-41.321410073878, -21.769913665475016], [-41.321485101736, -21.770001194254007], [-41.32139547091299, -21.769927303925], [-41.321131352322, -21.76968132716901], [-41.321176213745, -21.769819831039], [-41.32082665726401, -21.76992864482702]]}}, {"type": "Feature", "properties": {"tipo": "cabo", "nome": "256M - 6F", "comprimento": "", "descricao": "256M - 6F"}, "geometry": {"type": "LineString", "coordinates": [[-41.31996549366599, -21.768661769022998], [-41.320291186299, -21.768923437300998], [-41.320285225816, -21.769078428580016], [-41.319724942246, -21.769233419729005], [-41.31978454690899, -21.769349663019995], [-41.319988275913, -21.770043822375]]}}, {"type": "Feature", "properties": {"tipo": "cabo", "nome": "324M - 6F", "comprimento": "", "descricao": "324M - 6F"}, "geometry": {"type": "LineString", "coordinates": [[-41.319463831472, -21.771019095690008], [-41.319780489225, -21.770928881936], [-41.32091701327, -21.77066225154499], [-41.32017061678, -21.770808010976992], [-41.320208974988, -21.770585405487992], [-41.320109656755, -21.770340633670997], [-41.319969966187, -21.770041204758]]}}, {"type": "Feature", "properties": {"tipo": "cabo", "nome": "271M - 12F", "comprimento": "", "descricao": "271M - 12F"}, "geometry": {"type": "LineString", "coordinates": [[-41.320843051686005, -21.769931405806005], [-41.32023073012801, -21.770042764837], [-41.319977339110004, -21.770005358297993], [-41.32022614626601, -21.770080772048004], [-41.319535062218, -21.770233708454], [-41.318801231048006, -21.77043206644902]]}}, {"type": "Feature", "properties": {"tipo": "cabo", "nome": "432M - 6F", "comprimento": "", "descricao": "432M - 6F"}, "geometry": {"type": "LineString", "coordinates": [[-41.322607118368, -21.768480813682004], [-41.322289743053, -21.76759423455499], [-41.322244958064, -21.767451476915], [-41.323545147538006, -21.767036484374017], [-41.323706836554, -21.76774884690701], [-41.323837566766, -21.768354248858998]]}}, {"type": "Feature", "properties": {"tipo": "cabo", "nome": "433M - 6F", "comprimento": "", "descricao": "433M - 6F"}, "geometry": {"type": "LineString", "coordinates": [[-41.322607118368, -21.768480813682004], [-41.321672912688, -21.76870154703299], [-41.321656819432995, -21.768761329504017], [-41.321546848864, -21.768514726651006], [-41.32199290825301, -21.769646023678007], [-41.32245811021199, -21.77110446884501], [-41.322756372437, -21.77221826783]]}}, {"type": "Feature", "properties": {"tipo": "cabo", "nome": "278M - 6F", "comprimento": "", "descricao": "278M - 6F"}, "geometry": {"type": "LineString", "coordinates": [[-41.31867033587, -21.773974731989014], [-41.31858507737701, -21.774009196091995], [-41.318624996266, -21.773447637586003], [-41.31855479273101, -21.773239520417007], [-41.318603768823, -21.772358584982996], [-41.318572223755, -21.772182007046013], [-41.319175990269, -21.772056033115007]]}}, {"type": "Feature", "properties": {"tipo": "cabo", "nome": "318M - 12F", "comprimento": "", "descricao": "318M - 12F"}, "geometry": {"type": "LineString", "coordinates": [[-41.32098262604, -21.77273017900299], [-41.321078195953, -21.773027084193984], [-41.321038391134, -21.773232269579992], [-41.320916335295, -21.773291699938994], [-41.319797747223, -21.773618639325022], [-41.31865151586799, -21.773984510006017]]}}, {"type": "Feature", "properties": {"tipo": "cabo", "nome": "128M - 6F", "comprimento": "", "descricao": "128M - 6F"}, "geometry": {"type": "LineString", "coordinates": [[-41.321137843505, -21.773935201905005], [-41.321451771966, -21.773887648119995], [-41.321918739626, -21.773760130205005], [-41.322275804919, -21.773536744507993]]}}, {"type": "Feature", "properties": {"tipo": "cabo", "nome": "222M - 6F", "comprimento": "", "descricao": "222M - 6F"}, "geometry": {"type": "LineString", "coordinates": [[-41.320980505366, -21.772724448551003], [-41.320673777058, -21.771915658102003], [-41.32057326705301, -21.771519305557007], [-41.320749353308, -21.771558016729998], [-41.321331637939, -21.771384311131982]]}}, {"type": "Feature", "properties": {"tipo": "cabo", "nome": "FIBRA 6F 223", "comprimento": "", "descricao": "FIBRA 6F 223"}, "geometry": {"type": "LineString", "coordinates": [[-41.31856390503199, -21.773266533691995], [-41.318739775351006, -21.773212943935008], [-41.318744652081, -21.773135953712014], [-41.318941119641, -21.77314352785001], [-41.31940197190201, -21.773177494124], [-41.319751943447, -21.773186464399018], [-41.31974822071, -21.77332015233], [-41.319752980382994, -21.773450667177997], [-41.31940197190201, -21.77346281043002], [-41.318958188273, -21.77343790188702]]}}, {"type": "Feature", "properties": {"tipo": "cabo", "nome": "FIBRA AS MINI RAR -R3 7", "comprimento": "", "descricao": "FIBRA AS MINI RAR -R3 7"}, "geometry": {"type": "LineString", "coordinates": [[-41.323421531048, -21.773528908027018], [-41.323375828316, -21.773367968469998], [-41.323277480434, -21.773398412277004], [-41.32320297481001, -21.773193608460005], [-41.323039953396, -21.773235664664995]]}}, {"type": "Feature", "properties": {"tipo": "cabo", "nome": "158M - 6F", "comprimento": "", "descricao": "158M - 6F"}, "geometry": {"type": "LineString", "coordinates": [[-41.322212063493, -21.772861218456], [-41.321332859278, -21.773123344753998], [-41.32111817285, -21.773036547450005], [-41.320980164031, -21.772718266284002]]}}, {"type": "Feature", "properties": {"tipo": "cabo", "nome": "409M - 12F", "comprimento": "", "descricao": "409M - 12F"}, "geometry": {"type": "LineString", "coordinates": [[-41.321390487189994, -21.775752358201004], [-41.321828927392, -21.77575508084101], [-41.321819676999, -21.77518941338201], [-41.321720758045, -21.774615396819], [-41.321698579777006, -21.774446543197], [-41.321489198613, -21.773905359884992], [-41.321158140055, -21.773961300683013], [-41.320494765497, -21.774194905127004]]}}, {"type": "Feature", "properties": {"tipo": "cabo", "nome": "295M - 6F", "comprimento": "", "descricao": "295M - 6F"}, "geometry": {"type": "LineString", "coordinates": [[-41.322994133215, -21.775017960982993], [-41.322703509393, -21.774216977491008], [-41.322303430623, -21.774319141017003], [-41.322447732398, -21.774846226708007], [-41.322551670752, -21.775700069669995]]}}, {"type": "Feature", "properties": {"tipo": "cabo", "nome": "176M - 6F", "comprimento": "", "descricao": "176M - 6F"}, "geometry": {"type": "LineString", "coordinates": [[-41.317603517563, -21.775545768485998], [-41.31772745499201, -21.775548152647005], [-41.31854699638001, -21.775129159155995], [-41.31864978740399, -21.775107380159994], [-41.318781824232, -21.774993609402003], [-41.319144299269, -21.774976735888004]]}}, {"type": "Feature", "properties": {"tipo": "cabo", "nome": "386M - 12F", "comprimento": "", "descricao": "386M - 12F"}, "geometry": {"type": "LineString", "coordinates": [[-41.32398542417, -21.775482333298996], [-41.323881007084, -21.775253881563998], [-41.323558406426, -21.774400044808004], [-41.323352867926, -21.773872415765013], [-41.323235420317, -21.773736163662008], [-41.323039511846, -21.77324707766401], [-41.322867917457, -21.772699163943997], [-41.322774052623, -21.772401336562993], [-41.322760247489, -21.772209616124997]]}}, {"type": "Feature", "properties": {"tipo": "cabo", "nome": "163M - 6F", "comprimento": "", "descricao": "163M - 6F"}, "geometry": {"type": "LineString", "coordinates": [[-41.320901469318, -21.775116229811005], [-41.320748198288, -21.77435774229302], [-41.320710555750004, -21.774132994306], [-41.320494765497, -21.774194905127004]]}}, {"type": "Feature", "properties": {"tipo": "cabo", "nome": "FIBRA AS MINI RAR -R6 3", "comprimento": "", "descricao": "FIBRA AS MINI RAR -R6 3"}, "geometry": {"type": "LineString", "coordinates": [[-41.321164012507, -21.773954633531005], [-41.32110522481701, -21.773945349693008], [-41.320837003914995, -21.774042492644995], [-41.32090012876, -21.773969710491997], [-41.320845795632, -21.773858939362]]}}, {"type": "Feature", "properties": {"tipo": "cabo", "nome": "264M - 6F", "comprimento": "", "descricao": "264M - 6F"}, "geometry": {"type": "LineString", "coordinates": [[-41.319889840411, -21.77494017897301], [-41.319750024027, -21.774366997642986], [-41.320066818107, -21.774282693207994], [-41.320494765497, -21.774194905127004]]}}, {"type": "Feature", "properties": {"tipo": "cabo", "nome": "FIBRA AS MINI RAR -R1 1", "comprimento": "", "descricao": "FIBRA AS MINI RAR -R1 1"}, "geometry": {"type": "LineString", "coordinates": [[-41.32560902699, -21.768162802936004], [-41.325438388008, -21.767919624795], [-41.325302929039, -21.768011897538003], [-41.325037146584, -21.76813870941301]]}}, {"type": "Feature", "properties": {"tipo": "cabo", "nome": "DROP-F8-R5 63", "comprimento": "", "descricao": "DROP-F8-R5 63"}, "geometry": {"type": "LineString", "coordinates": [[-41.325167457837, -21.754984954190007], [-41.324195989869, -21.755364929785998], [-41.324957403801, -21.756992632768004], [-41.325181702752005, -21.757472121489997], [-41.32522226613099, -21.757674540073992], [-41.325810162452996, -21.758939078076992], [-41.325838608822, -21.758981877092978], [-41.32617120274, -21.75887974173], [-41.326116633935, -21.758782603318977], [-41.326018316826, -21.758757677421002], [-41.325985808603, -21.758722077768], [-41.32590879022399, -21.75859390194799], [-41.325971478402, -21.75854223943], [-41.325894935212, -21.75857084409401], [-41.325645489773, -21.758022798265998], [-41.325725681510995, -21.757995538412004]]}}, {"type": "Feature", "properties": {"tipo": "cabo", "nome": "LOW FLIT 1", "comprimento": "", "descricao": "LOW FLIT 1"}, "geometry": {"type": "LineString", "coordinates": [[-41.325181702752005, -21.757472121489997], [-41.325445183437, -21.75736654314599]]}}, {"type": "Feature", "properties": {"tipo": "cabo", "nome": "FIBRA AS MINI RAR -R12 1", "comprimento": "", "descricao": "FIBRA AS MINI RAR -R12 1"}, "geometry": {"type": "LineString", "coordinates": [[-41.326837300224, -21.75510165953598], [-41.326743422909, -21.755089203672], [-41.32671828344, -21.755014345552], [-41.326683414723, -21.754937119125998], [-41.326653910424, -21.754862383835004], [-41.326621723915, -21.754790139684005], [-41.326592865249005, -21.754720940035014], [-41.326557996530994, -21.754651186993996], [-41.326523127814, -21.754573960372]]}}, {"type": "Feature", "properties": {"tipo": "cabo", "nome": "38M - 6FO", "comprimento": "", "descricao": "38M - 6FO"}, "geometry": {"type": "LineString", "coordinates": [[-41.326767061298, -21.75439640119403], [-41.326721463744, -21.754416330672996], [-41.326843555416, -21.754711868388995], [-41.32690385395699, -21.754697834272008]]}}, {"type": "Feature", "properties": {"tipo": "cabo", "nome": "140M - 6FO", "comprimento": "", "descricao": "140M - 6FO"}, "geometry": {"type": "LineString", "coordinates": [[-41.326261616356, -21.753636870991997], [-41.326751123898, -21.754046939946008], [-41.326952133719, -21.754207071002014], [-41.32684216315, -21.75423945644698], [-41.326887760703, -21.754341595111995], [-41.326767061298, -21.75439640119403]]}}, {"type": "Feature", "properties": {"tipo": "cabo", "nome": "145M - 6FO", "comprimento": "", "descricao": "145M - 6FO"}, "geometry": {"type": "LineString", "coordinates": [[-41.326751123898, -21.754046939946008], [-41.326988785091, -21.754209961647007], [-41.326865403477, -21.75425231184201], [-41.326905636612, -21.75433202982201], [-41.32699414951, -21.754297153211], [-41.327244539403, -21.754508585270997], [-41.327278049854996, -21.754597404422015], [-41.32714283379699, -21.754625428750003]]}}, {"type": "Feature", "properties": {"tipo": "cabo", "nome": "83M - 6F", "comprimento": "", "descricao": "83M - 6F"}, "geometry": {"type": "LineString", "coordinates": [[-41.325500179331, -21.77208712198201], [-41.325359732058, -21.771355863542013]]}}, {"type": "Feature", "properties": {"tipo": "cabo", "nome": "94M - 6F", "comprimento": "", "descricao": "94M - 6F"}, "geometry": {"type": "LineString", "coordinates": [[-41.324441400233, -21.771663796686994], [-41.324432619491, -21.771361155207998], [-41.324378222417, -21.77115954091802], [-41.324275973089, -21.771063077663996], [-41.324224966321005, -21.770870811677]]}}, {"type": "Feature", "properties": {"tipo": "cabo", "nome": "294M - 6F", "comprimento": "", "descricao": "294M - 6F"}, "geometry": {"type": "LineString", "coordinates": [[-41.32423182007701, -21.770877189914003], [-41.324342830096, -21.770884532951], [-41.324445488257, -21.770915414038015], [-41.325524612338, -21.770607355156002], [-41.326084889996, -21.77044030443298], [-41.32623346177999, -21.770467181898994], [-41.326093696841, -21.769773246442]]}}, {"type": "Feature", "properties": {"tipo": "cabo", "nome": "361M - 6F", "comprimento": "", "descricao": "361M - 6F"}, "geometry": {"type": "LineString", "coordinates": [[-41.323507708472995, -21.770372088881004], [-41.323790514995, -21.770396124225016], [-41.324289562259, -21.770263582794016], [-41.324989864145, -21.770075418944018], [-41.325072842238, -21.769837342773997], [-41.324987597220996, -21.769462886981998], [-41.324847170525, -21.768807788220016], [-41.324687721115, -21.76867167329901], [-41.325021829199, -21.768584712882003]]}}, {"type": "Feature", "properties": {"tipo": "cabo", "nome": "106M - 6F", "comprimento": "", "descricao": "106M - 6F"}, "geometry": {"type": "LineString", "coordinates": [[-41.323996263747, -21.769507102961], [-41.323960666, -21.769265112144993], [-41.323837566766, -21.768354248858998]]}}, {"type": "Feature", "properties": {"tipo": "cabo", "nome": "410M - 12F", "comprimento": "", "descricao": "410M - 12F"}, "geometry": {"type": "LineString", "coordinates": [[-41.326094307327, -21.769798101234002], [-41.326011691984, -21.769453945276], [-41.325935728643, -21.769115568827004], [-41.325885282737, -21.768764081785008], [-41.325712684782, -21.768370836092018], [-41.325007375813996, -21.768573418257986], [-41.324680541246, -21.768658647056995], [-41.324231069713, -21.768823666124007], [-41.323945921741, -21.768902472462003], [-41.323902706759, -21.768973056725997], [-41.323837566766, -21.768354248858998]]}}, {"type": "Feature", "properties": {"tipo": "cabo", "nome": "236M - 6F", "comprimento": "", "descricao": "236M - 6F"}, "geometry": {"type": "LineString", "coordinates": [[-41.325021379453, -21.767139246927982], [-41.32560902699, -21.768162802936004], [-41.325699360296994, -21.768351298775002], [-41.324995678506006, -21.768563076182005]]}}, {"type": "Feature", "properties": {"tipo": "cabo", "nome": "131M - 6F", "comprimento": "", "descricao": "131M - 6F"}, "geometry": {"type": "LineString", "coordinates": [[-41.325771525413, -21.77326766035499], [-41.32568018361199, -21.772937623188994], [-41.32557356847299, -21.77243394768], [-41.325504776462, -21.772112887139002]]}}, {"type": "Feature", "properties": {"tipo": "cabo", "nome": "168M - 6F", "comprimento": "", "descricao": "168M - 6F"}, "geometry": {"type": "LineString", "coordinates": [[-41.324893831333, -21.773769587464002], [-41.325043811578, -21.774472814999], [-41.325112051294, -21.774824515579994], [-41.32508442329801, -21.774943924509998], [-41.324523841614, -21.775202970430996]]}}, {"type": "Feature", "properties": {"tipo": "cabo", "nome": "148M - 6F", "comprimento": "", "descricao": "148M - 6F"}, "geometry": {"type": "LineString", "coordinates": [[-41.324262480894, -21.774094346840016], [-41.324523841614, -21.775202970430996]]}}, {"type": "Feature", "properties": {"tipo": "cabo", "nome": "101M - 6F", "comprimento": "", "descricao": "101M - 6F"}, "geometry": {"type": "LineString", "coordinates": [[-41.324256654279, -21.773013044836006], [-41.324634880138, -21.772945808613002], [-41.324872888339996, -21.772833122926997], [-41.32519084070599, -21.772769982033992]]}}, {"type": "Feature", "properties": {"tipo": "cabo", "nome": "320M - 6F", "comprimento": "", "descricao": "320M - 6F"}, "geometry": {"type": "LineString", "coordinates": [[-41.32378965111099, -21.772352777015], [-41.323705636084, -21.772223733679], [-41.323513339294, -21.771583411953003], [-41.323836369092, -21.771432952911], [-41.324243669316, -21.771315256407007], [-41.324421262098, -21.771374631054996], [-41.324428048921, -21.771647635348003], [-41.324671325862, -21.772504638664003]]}}, {"type": "Feature", "properties": {"tipo": "cabo", "nome": "315M - 12F", "comprimento": "", "descricao": "315M - 12F"}, "geometry": {"type": "LineString", "coordinates": [[-41.32622537436799, -21.772438875853993], [-41.32591996538001, -21.772526540716996], [-41.32564580784, -21.772570709660002], [-41.32559697695099, -21.772444644038004], [-41.32550373345101, -21.772078715695983], [-41.325568288845, -21.77244962104298], [-41.325559977152, -21.772598109223978], [-41.325186079606, -21.772753093651986], [-41.324861517846, -21.772816764775996], [-41.324623509658, -21.772929450457], [-41.324603649655, -21.772749398870005], [-41.324672563406, -21.772491582797997]]}}, {"type": "Feature", "properties": {"tipo": "cabo", "nome": "216M - 6F", "comprimento": "", "descricao": "216M - 6F"}, "geometry": {"type": "LineString", "coordinates": [[-41.32633090091, -21.770848389164016], [-41.326427349804, -21.771303039798], [-41.326531519133, -21.771794082187], [-41.326648626985005, -21.772355010954996], [-41.326534663909, -21.772338669296005], [-41.326221084819004, -21.772441906007998]]}}, {"type": "Feature", "properties": {"tipo": "cabo", "nome": "345M - 6F", "comprimento": "", "descricao": "345M - 6F"}, "geometry": {"type": "LineString", "coordinates": [[-41.309844579258005, -21.774867441131008], [-41.310052204352, -21.775143414876], [-41.310394889946, -21.775748434020002], [-41.310726503904, -21.776235492452003], [-41.31062419624, -21.776397236284993], [-41.310568526653, -21.776440202568025], [-41.310624695131, -21.776423507594004], [-41.31073919238699, -21.776249096958992], [-41.311273119095, -21.777117569531]]}}, {"type": "Feature", "properties": {"tipo": "cabo", "nome": "142M - 6F", "comprimento": "", "descricao": "142M - 6F"}, "geometry": {"type": "LineString", "coordinates": [[-41.313716300958, -21.776441110481002], [-41.313266890741, -21.776730166828983], [-41.31275557521901, -21.776988195404996], [-41.313175695635, -21.776732657626], [-41.312637327301, -21.776083916754985]]}}, {"type": "Feature", "properties": {"tipo": "cabo", "nome": "537M - 12F", "comprimento": "", "descricao": "537M - 12F"}, "geometry": {"type": "LineString", "coordinates": [[-41.309892400083, -21.77684752810599], [-41.30983608559801, -21.776600235993982], [-41.30936513296399, -21.77587552464398], [-41.30921438222801, -21.775573118810996], [-41.309126016544, -21.775444218353996], [-41.309547802835, -21.775270308564004], [-41.309796727074, -21.775106092266], [-41.309835894399, -21.774860621947], [-41.309837019592, -21.775146533777004], [-41.310202570258, -21.774853890922998], [-41.310493051633, -21.774716890367003], [-41.310805987908, -21.774713140660992], [-41.310957382445, -21.774477313508996], [-41.311381285445, -21.774220308449003], [-41.311564408041, -21.774358191822003]]}}, {"type": "Feature", "properties": {"tipo": "cabo", "nome": "349M - 12F", "comprimento": "", "descricao": "349M - 12F"}, "geometry": {"type": "LineString", "coordinates": [[-41.314046276640994, -21.774441646409997], [-41.313907099861, -21.774662630867], [-41.314352732526, -21.775348792101], [-41.314395075492, -21.775464528600992], [-41.314646296826, -21.775937752714], [-41.314775519027, -21.775992950989007], [-41.314845095858, -21.776262680951007], [-41.315142035409, -21.77688564565402], [-41.315278662914, -21.776863298598997], [-41.315381588682, -21.776814369066003], [-41.31549251111899, -21.776867671096994]]}}, {"type": "Feature", "properties": {"tipo": "cabo", "nome": "510M - 6F", "comprimento": "", "descricao": "510M - 6F"}, "geometry": {"type": "LineString", "coordinates": [[-41.313699331547, -21.776448033335], [-41.313919205134, -21.776370904857018], [-41.31382331145199, -21.776133198095977], [-41.313587502776, -21.775766021717004], [-41.313138435436, -21.775069297331015], [-41.31213408597599, -21.773561622523985], [-41.312382310705004, -21.773721201464014], [-41.31211312507501, -21.773519049892002], [-41.31185475192, -21.773066427030997]]}}, {"type": "Feature", "properties": {"tipo": "cabo", "nome": "299M - 6F", "comprimento": "", "descricao": "299M - 6F"}, "geometry": {"type": "LineString", "coordinates": [[-41.311694029202, -21.776140814177992], [-41.311191271373005, -21.77530876130899], [-41.310810495978, -21.774715665375993], [-41.310528284371, -21.774341531353997], [-41.310233665286, -21.773817964512006]]}}, {"type": "Feature", "properties": {"tipo": "cabo", "nome": "130M - 6F", "comprimento": "", "descricao": "130M - 6F"}, "geometry": {"type": "LineString", "coordinates": [[-41.312966122275, -21.778455305003007], [-41.312934105327, -21.778527068122997], [-41.31265501696199, -21.778694107224993], [-41.312444098235, -21.778877988907], [-41.312433746907, -21.778727555578016], [-41.312367929109, -21.778692065596005], [-41.312197722336, -21.778440151042005]]}}, {"type": "Feature", "properties": {"tipo": "cabo", "nome": "59M - 6F", "comprimento": "", "descricao": "59M - 6F"}, "geometry": {"type": "LineString", "coordinates": [[-41.311586468756, -21.777544061965997], [-41.311267159571, -21.777109518855013]]}}, {"type": "Feature", "properties": {"tipo": "cabo", "nome": "289M - 6F", "comprimento": "", "descricao": "289M - 6F"}, "geometry": {"type": "LineString", "coordinates": [[-41.312806544062, -21.777796026172012], [-41.312283808389004, -21.77806958424], [-41.311972521136, -21.778240887246], [-41.312066412112, -21.77828333950498], [-41.312194678865, -21.778470604801015], [-41.312060733338, -21.778298815460005], [-41.311960973582, -21.778247427102997], [-41.311001805371, -21.778839677931998]]}}, {"type": "Feature", "properties": {"tipo": "cabo", "nome": "456M - 6F", "comprimento": "", "descricao": "456M - 6F"}, "geometry": {"type": "LineString", "coordinates": [[-41.31275557521901, -21.776988195404996], [-41.311818956748, -21.777487159963], [-41.31158247115601, -21.777540121556996], [-41.311470957488, -21.77770223982901], [-41.31028364229, -21.778343166545014], [-41.3102227542, -21.778431688823005], [-41.309879536859, -21.778480072989012], [-41.309360842631, -21.777630752169003]]}}, {"type": "Feature", "properties": {"tipo": "cabo", "nome": "94M - 6F", "comprimento": "", "descricao": "94M - 6F"}, "geometry": {"type": "LineString", "coordinates": [[-41.310430001554, -21.777493422931997], [-41.310071152122994, -21.776914587004995], [-41.309888145637, -21.776839889201995]]}}, {"type": "Feature", "properties": {"tipo": "cabo", "nome": "FIBRA AS MINI RAR -R9 2", "comprimento": "", "descricao": "FIBRA AS MINI RAR -R9 2"}, "geometry": {"type": "LineString", "coordinates": [[-41.312453208147, -21.777483782512007], [-41.312300322154, -21.777270820184995], [-41.312754201745, -21.776998344153]]}}, {"type": "Feature", "properties": {"tipo": "cabo", "nome": "185M - 6F", "comprimento": "", "descricao": "185M - 6F"}, "geometry": {"type": "LineString", "coordinates": [[-41.308725209706, -21.776397978871003], [-41.30884462245799, -21.776730356223], [-41.308998815034, -21.77685199487], [-41.309077126406, -21.776989859645], [-41.309091877359, -21.777058587813997], [-41.309208962273, -21.777125133526], [-41.30984075835501, -21.776763190246], [-41.309891576456, -21.776834302401]]}}, {"type": "Feature", "properties": {"tipo": "cabo", "nome": "196M - 6F", "comprimento": "", "descricao": "196M - 6F"}, "geometry": {"type": "LineString", "coordinates": [[-41.312648112772, -21.781878056135], [-41.313385009851, -21.781835994748008], [-41.314533541494, -21.781892026262994]]}}, {"type": "Feature", "properties": {"tipo": "cabo", "nome": "143M - 6F", "comprimento": "", "descricao": "143M - 6F"}, "geometry": {"type": "LineString", "coordinates": [[-41.311282854513, -21.78006308672103], [-41.311104081598, -21.77977507349], [-41.312125676067, -21.779780804050006]]}}, {"type": "Feature", "properties": {"tipo": "cabo", "nome": "625M - 6F", "comprimento": "", "descricao": "625M - 6F"}, "geometry": {"type": "LineString", "coordinates": [[-41.313716355696, -21.776448729910996], [-41.313252452839, -21.776700917710997], [-41.313154674629, -21.77686899632201], [-41.313352804213, -21.777461746209994], [-41.31355930365, -21.777968637124005], [-41.313969730913, -21.777723938564023], [-41.313578064776, -21.77801002068], [-41.313642948321, -21.778118523738996], [-41.313891097403, -21.778708891065023], [-41.314321135103, -21.77972668712701], [-41.314621260383, -21.780426628822]]}}, {"type": "Feature", "properties": {"tipo": "cabo", "nome": "264M - 6F", "comprimento": "", "descricao": "264M - 6F"}, "geometry": {"type": "LineString", "coordinates": [[-41.31274962367199, -21.780408198952998], [-41.312914449174, -21.780081871248996], [-41.312904722928, -21.779857601746997], [-41.312872616088, -21.779788509583014], [-41.313415400515005, -21.77976968873], [-41.31286208307, -21.779767516861014], [-41.312116352054, -21.779785345731]]}}, {"type": "Feature", "properties": {"tipo": "cabo", "nome": "463M - 6F", "comprimento": "", "descricao": "463M - 6F"}, "geometry": {"type": "LineString", "coordinates": [[-41.313707567769, -21.776451186840006], [-41.31395709705599, -21.77639398526901], [-41.314535773795, -21.777339859056994], [-41.314710163924005, -21.777843648352004], [-41.314842521507, -21.778189109042017], [-41.315066260265, -21.77884306345301], [-41.315142535853, -21.778958596663003], [-41.315201095178004, -21.779160664719996], [-41.315543430594, -21.780028583041997], [-41.315540861002, -21.779895105614003], [-41.3156836, -21.779843999999997]]}}, {"type": "Feature", "properties": {"tipo": "cabo", "nome": "183M - 6F", "comprimento": "", "descricao": "183M - 6F"}, "geometry": {"type": "LineString", "coordinates": [[-41.313641156995, -21.780409231109005], [-41.31275735665899, -21.780405945992996], [-41.311875710121, -21.780405936216013]]}}, {"type": "Feature", "properties": {"tipo": "cabo", "nome": "345M - 12F", "comprimento": "", "descricao": "345M - 12F"}, "geometry": {"type": "LineString", "coordinates": [[-41.311573298703, -21.777533080284996], [-41.311957564547, -21.778075743291993], [-41.312194583877, -21.778458398772997], [-41.31237155063, -21.778716351140005], [-41.312419868454, -21.778736014867007], [-41.312309839641, -21.778810506148005], [-41.31226730023, -21.778878421754], [-41.312357869883, -21.778988633485994], [-41.31251057249501, -21.779102912883005], [-41.312661574109, -21.779336118424993], [-41.312753494245, -21.77932081016], [-41.312662545786, -21.779368650387], [-41.312329877938, -21.779576884263022], [-41.312109516566, -21.779761436330006]]}}, {"type": "Feature", "properties": {"tipo": "cabo", "nome": "164M - 6F", "comprimento": "", "descricao": "164M - 6F"}, "geometry": {"type": "LineString", "coordinates": [[-41.32120128863, -21.777442982701984], [-41.32031683953, -21.777438115880983], [-41.319611401378, -21.777445914601003]]}}, {"type": "Feature", "properties": {"tipo": "cabo", "nome": "145M - 6F", "comprimento": "", "descricao": "145M - 6F"}, "geometry": {"type": "LineString", "coordinates": [[-41.317436750981, -21.776858174538006], [-41.318136749903, -21.776577934239995], [-41.318533571099, -21.77641359493002], [-41.318584403967, -21.776225177097004]]}}, {"type": "Feature", "properties": {"tipo": "cabo", "nome": "258M - 6F", "comprimento": "", "descricao": "258M - 6F"}, "geometry": {"type": "LineString", "coordinates": [[-41.32170666593801, -21.776594114473], [-41.32048383828899, -21.776620314887992], [-41.319209092637, -21.776635008189018]]}}, {"type": "Feature", "properties": {"tipo": "cabo", "nome": "216M - 6F", "comprimento": "", "descricao": "216M - 6F"}, "geometry": {"type": "LineString", "coordinates": [[-41.321401600018, -21.77574587061399], [-41.321148610895, -21.775722706501], [-41.320806653655, -21.77571386467301], [-41.32049220888101, -21.775732060592006], [-41.3197552, -21.775776199999996]]}}, {"type": "Feature", "properties": {"tipo": "cabo", "nome": "130M - 12F", "comprimento": "", "descricao": "130M - 12F"}, "geometry": {"type": "LineString", "coordinates": [[-41.31628700493, -21.776215928593004], [-41.31591954229601, -21.77528685482399], [-41.315726423247, -21.77532421715601]]}}, {"type": "Feature", "properties": {"tipo": "cabo", "nome": "239M - 6F", "comprimento": "", "descricao": "239M - 6F"}, "geometry": {"type": "LineString", "coordinates": [[-41.31692930535501, -21.77616712513398], [-41.318104023594, -21.775796558896005], [-41.318489630206, -21.775672583467], [-41.31856006364, -21.77567619229798], [-41.318585573967, -21.775298039882998], [-41.31863168802, -21.77512790119799]]}}, {"type": "Feature", "properties": {"tipo": "cabo", "nome": "409M - 12F", "comprimento": "", "descricao": "409M - 12F"}, "geometry": {"type": "LineString", "coordinates": [[-41.322551670752, -21.775700069669995], [-41.321896019814, -21.77576591647602], [-41.321822696922, -21.775193587874]]}}, {"type": "Feature", "properties": {"tipo": "cabo", "nome": "315M - 6F", "comprimento": "", "descricao": "315M - 6F"}, "geometry": {"type": "LineString", "coordinates": [[-41.316996271923, -21.780056070694016], [-41.316831727138, -21.779660683849016], [-41.31688993057699, -21.779595251673996], [-41.316722694136, -21.77934485074499], [-41.31637490397, -21.778379153795996], [-41.316100880323, -21.777697132547004], [-41.315999166354, -21.777418602913997]]}}, {"type": "Feature", "properties": {"tipo": "cabo", "nome": "254M - 6F", "comprimento": "", "descricao": "254M - 6F"}, "geometry": {"type": "LineString", "coordinates": [[-41.3179076582, -21.77940632869999], [-41.31793347606699, -21.77958735359701], [-41.317628708463, -21.779615551624005], [-41.319131083129, -21.77961387653302], [-41.319083186976, -21.779508440187], [-41.319811137161, -21.779521519572]]}}, {"type": "Feature", "properties": {"tipo": "cabo", "nome": "353M - 6F", "comprimento": "", "descricao": "353M - 6F"}, "geometry": {"type": "LineString", "coordinates": [[-41.317310083032, -21.778903050878995], [-41.317270025255, -21.779065703786998], [-41.31706610503, -21.778259830042003], [-41.316954359567, -21.777944877886], [-41.31663874823, -21.77708674686302], [-41.316487517269, -21.776751271379], [-41.3162700639, -21.776197376693005]]}}, {"type": "Feature", "properties": {"tipo": "cabo", "nome": "566M - 12F", "comprimento": "", "descricao": "566M - 12F"}, "geometry": {"type": "LineString", "coordinates": [[-41.320155381952006, -21.778844716983997], [-41.319772706627006, -21.778851091671015], [-41.319005194201, -21.77884270624901], [-41.318657586503, -21.778836328207007], [-41.318655704279, -21.778488853761004], [-41.318634290528, -21.778138989528998], [-41.318594625474, -21.77722671097699], [-41.31858493125501, -21.77623556870698], [-41.318595733092, -21.77541866369502], [-41.318643931458006, -21.775124157453007]]}}, {"type": "Feature", "properties": {"tipo": "cabo", "nome": "326M - 12F", "comprimento": "", "descricao": "326M - 12F"}, "geometry": {"type": "LineString", "coordinates": [[-41.321688618213, -21.776583085004006], [-41.321895376698, -21.776680161718005], [-41.32189454780201, -21.777410195125995], [-41.322027099166, -21.77741438739598], [-41.321910600811, -21.77748315542901], [-41.321910600811, -21.778083655383], [-41.321584102023, -21.778123097448983]]}}, {"type": "Feature", "properties": {"tipo": "cabo", "nome": "242M - 6F", "comprimento": "", "descricao": "242M - 6F"}, "geometry": {"type": "LineString", "coordinates": [[-41.321584102023, -21.778123097448983], [-41.320436234082, -21.778145577084985], [-41.319246428923, -21.778159277726004]]}}, {"type": "Feature", "properties": {"tipo": "cabo", "nome": "202M - 12F", "comprimento": "", "descricao": "202M - 12F"}, "geometry": {"type": "LineString", "coordinates": [[-41.315314813188, -21.777459700354], [-41.315150431709, -21.777038757116998], [-41.315499885609, -21.776883610881], [-41.315743966629995, -21.776747334153], [-41.31600682311301, -21.77743977407401]]}}, {"type": "Feature", "properties": {"tipo": "cabo", "nome": "223M - 6F", "comprimento": "", "descricao": "223M - 6F"}, "geometry": {"type": "LineString", "coordinates": [[-41.318180674408, -21.782763960124], [-41.318467767475, -21.782659192493995], [-41.318491377366, -21.782569528262], [-41.318409659998, -21.782458567863983], [-41.317832455472, -21.782455831189026], [-41.317605039201, -21.782395676527003], [-41.31718744180001, -21.782256858642995], [-41.317100844776, -21.782220494982], [-41.317024141552, -21.781998763361997]]}}, {"type": "Feature", "properties": {"tipo": "cabo", "nome": "609M - 12F", "comprimento": "", "descricao": "609M - 12F"}, "geometry": {"type": "LineString", "coordinates": [[-41.313071010202, -21.78251875832602], [-41.314426686797, -21.782551168461993], [-41.314790633752004, -21.782583843094997], [-41.31547615659099, -21.78258963504601], [-41.315654970416, -21.782537053674986], [-41.316274963365, -21.782528788254993], [-41.316466852033, -21.782551881089006], [-41.316340251534, -21.782213926533004], [-41.316171637375, -21.781876479524996], [-41.315732669406, -21.781887638073982], [-41.314465686593, -21.781885383071995]]}}, {"type": "Feature", "properties": {"tipo": "cabo", "nome": "350M - 6F", "comprimento": "", "descricao": "350M - 6F"}, "geometry": {"type": "LineString", "coordinates": [[-41.317692599000004, -21.781865294913004], [-41.317559416468, -21.781430646909982], [-41.317293005318, -21.781119307498983], [-41.316722760333, -21.781179133056], [-41.316463239559, -21.781132734088004], [-41.315998481551, -21.78117398997], [-41.316370987151, -21.782213028271002]]}}, {"type": "Feature", "properties": {"tipo": "cabo", "nome": "481M - 6F", "comprimento": "", "descricao": "481M - 6F"}, "geometry": {"type": "LineString", "coordinates": [[-41.312475681281, -21.781267499818], [-41.312762965408005, -21.781226963715], [-41.31382833581, -21.781235568195996], [-41.314475191419, -21.781216051385], [-41.315466616199, -21.781196270558], [-41.315854837631, -21.78116231291699], [-41.315968877712, -21.781203857964996], [-41.316342160822, -21.782200246013005]]}}, {"type": "Feature", "properties": {"tipo": "cabo", "nome": "96M - 6F", "comprimento": "", "descricao": "96M - 6F"}, "geometry": {"type": "LineString", "coordinates": [[-41.317037000971, -21.782013738879], [-41.316846165363, -21.781559418558004], [-41.31674534787399, -21.781193497917002]]}}, {"type": "Feature", "properties": {"tipo": "cabo", "nome": "144M - 6F", "comprimento": "", "descricao": "144M - 6F"}, "geometry": {"type": "LineString", "coordinates": [[-41.318486190143, -21.78020876343001], [-41.31868051989, -21.78020463179101], [-41.318683654838, -21.779788380238003], [-41.318673417849, -21.779549145314007], [-41.319044962356, -21.779541244548994], [-41.319131083129, -21.77961387653302]]}}, {"type": "Feature", "properties": {"tipo": "cabo", "nome": "309M - 6F", "comprimento": "", "descricao": "309M - 6F"}, "geometry": {"type": "LineString", "coordinates": [[-41.316283233549, -21.780081913866], [-41.316099243244, -21.779489695137002], [-41.31571779651101, -21.778515778321008], [-41.315319083221006, -21.77744089293398]]}}, {"type": "Feature", "properties": {"tipo": "cabo", "nome": "FIBRA AS MINI RAR -R3 8", "comprimento": "", "descricao": "FIBRA AS MINI RAR -R3 8"}, "geometry": {"type": "LineString", "coordinates": [[-41.322789701989, -21.777889012434002], [-41.32280409341201, -21.778088935099007], [-41.322361407584, -21.778142276531]]}}, {"type": "Feature", "properties": {"tipo": "cabo", "nome": "213M - 12F", "comprimento": "", "descricao": "213M - 12F"}, "geometry": {"type": "LineString", "coordinates": [[-41.327108112773004, -21.77612262027101], [-41.326737270602, -21.776257664542], [-41.326905696621, -21.776824034609007], [-41.327027584255, -21.777207729924], [-41.327213287247, -21.777748426993995]]}}, {"type": "Feature", "properties": {"tipo": "cabo", "nome": "222M - 6F", "comprimento": "", "descricao": "222M - 6F"}, "geometry": {"type": "LineString", "coordinates": [[-41.32331298715201, -21.777262632152016], [-41.323070021084, -21.777317853873996], [-41.322027099166, -21.77741438739598], [-41.32120128863, -21.777442982701984]]}}, {"type": "Feature", "properties": {"tipo": "cabo", "nome": "117M - 6F", "comprimento": "", "descricao": "117M - 6F"}, "geometry": {"type": "LineString", "coordinates": [[-41.327317488066, -21.776518604490008], [-41.327237021796, -21.776553475700993], [-41.326909221471006, -21.776664901003002], [-41.32691903787801, -21.776829424924003]]}}, {"type": "Feature", "properties": {"tipo": "cabo", "nome": "276M - 6F", "comprimento": "", "descricao": "276M - 6F"}, "geometry": {"type": "LineString", "coordinates": [[-41.32527191927699, -21.776665126178003], [-41.325519890637004, -21.776560344990983], [-41.325343832639, -21.775726877527006], [-41.325214420605995, -21.775082433471013], [-41.325144593436, -21.774976092542005], [-41.324523841614, -21.775202970430996]]}}, {"type": "Feature", "properties": {"tipo": "cabo", "nome": "291M - 6F", "comprimento": "", "descricao": "291M - 6F"}, "geometry": {"type": "LineString", "coordinates": [[-41.326369413959, -21.775839371895003], [-41.326204381088, -21.775116661403004], [-41.325910591425, -21.773868125513005], [-41.325777290769, -21.773266353403997]]}}, {"type": "Feature", "properties": {"tipo": "cabo", "nome": "155M - 6F", "comprimento": "", "descricao": "155M - 6F"}, "geometry": {"type": "LineString", "coordinates": [[-41.323190002286, -21.776467498942992], [-41.322803066069, -21.776524921736012], [-41.322470572043, -21.776591585503013], [-41.321699953403005, -21.776580809097993]]}}, {"type": "Feature", "properties": {"tipo": "cabo", "nome": "270M - 6F", "comprimento": "", "descricao": "270M - 6F"}, "geometry": {"type": "LineString", "coordinates": [[-41.325178516326, -21.780511729442992], [-41.326408161966, -21.780102311128005], [-41.325732162415, -21.780381258038005], [-41.325770905469994, -21.780505794682995], [-41.326100876567, -21.78044020233901]]}}, {"type": "Feature", "properties": {"tipo": "cabo", "nome": "366M - 6F", "comprimento": "", "descricao": "366M - 6F"}, "geometry": {"type": "LineString", "coordinates": [[-41.319735910068, -21.780257157547], [-41.321127857662, -21.780227551908], [-41.322105457499, -21.780196142202], [-41.323037300484, -21.780201031559983], [-41.32326782670799, -21.780192539864004]]}}, {"type": "Feature", "properties": {"tipo": "cabo", "nome": "876M - 12F", "comprimento": "", "descricao": "876M - 12F"}, "geometry": {"type": "LineString", "coordinates": [[-41.319798834253, -21.779506501352998], [-41.32061154235001, -21.779516413588], [-41.321676054816, -21.779518191395], [-41.32248580518, -21.779492095193007], [-41.32311221629299, -21.779458602584995], [-41.323640013724, -21.779304735298], [-41.324744393777, -21.779074768605], [-41.325173169157, -21.778885195571007], [-41.325083983114006, -21.779047977458987], [-41.325251642615, -21.779442178010996], [-41.325285717193005, -21.779625037508993], [-41.325150419818996, -21.779582251815995], [-41.324739815511, -21.779751503276003], [-41.324449729667, -21.779872278797], [-41.32406607325701, -21.780019579150007], [-41.323735617754, -21.780114674201997], [-41.32326782670799, -21.780192539864004]]}}, {"type": "Feature", "properties": {"tipo": "cabo", "nome": "125M - 6F", "comprimento": "", "descricao": "125M - 6F"}, "geometry": {"type": "LineString", "coordinates": [[-41.32548844185, -21.778770001867002], [-41.325540269974, -21.778641688892023], [-41.325989854872, -21.778454253276024], [-41.326404780296, -21.77828126726], [-41.327217894561, -21.77799800839699], [-41.32727734075999, -21.77799574045099]]}}, {"type": "Feature", "properties": {"tipo": "cabo", "nome": "373M - 6F", "comprimento": "", "descricao": "373M - 6F"}, "geometry": {"type": "LineString", "coordinates": [[-41.324910249372, -21.778522024352], [-41.324724763122, -21.778002364959008], [-41.324668627037, -21.77775171925198], [-41.324634033757995, -21.77743336254001], [-41.32448026557499, -21.777143375872015], [-41.324220776717, -21.776611815818995], [-41.32410711461, -21.776186222988997], [-41.32424631542399, -21.776200992046], [-41.32403433998601, -21.775707338478995], [-41.323991123979994, -21.775478214382005]]}}, {"type": "Feature", "properties": {"tipo": "cabo", "nome": "401M - 6F", "comprimento": "", "descricao": "401M - 6F"}, "geometry": {"type": "LineString", "coordinates": [[-41.324019858631, -21.778631536549], [-41.323251501963, -21.778718575892], [-41.322815545716, -21.778796956771004], [-41.322140308466, -21.778792052536005], [-41.321289120971, -21.77883647770797], [-41.32016127309301, -21.778832641907997]]}}, {"type": "Feature", "properties": {"tipo": "cabo", "nome": "201M - 6F", "comprimento": "", "descricao": "201M - 6F"}, "geometry": {"type": "LineString", "coordinates": [[-41.323504448079, -21.778041887149996], [-41.323197484286, -21.77809170271101], [-41.322361407584, -21.778142276531], [-41.321580828542, -21.778143795711998]]}}, {"type": "Feature", "properties": {"tipo": "cabo", "nome": "391M - 12F", "comprimento": "", "descricao": "391M - 12F"}, "geometry": {"type": "LineString", "coordinates": [[-41.326100876567, -21.78044020233901], [-41.3257703316, -21.780588428578], [-41.325967027036995, -21.781147458118994], [-41.326292349987, -21.78209150754799], [-41.325886560603, -21.782199091934004], [-41.326306544023, -21.782116326281], [-41.326498093619, -21.782630472440005], [-41.32662264823, -21.782910763044]]}}, {"type": "Feature", "properties": {"tipo": "cabo", "nome": "120M - 6F", "comprimento": "", "descricao": "120M - 6F"}, "geometry": {"type": "LineString", "coordinates": [[-41.322482963889, -21.782880144198003], [-41.323057867905, -21.782783542884005], [-41.323353935077, -21.782712944900993], [-41.323620462619004, -21.782675681141]]}}, {"type": "Feature", "properties": {"tipo": "cabo", "nome": "237M - 6F", "comprimento": "", "descricao": "237M - 6F"}, "geometry": {"type": "LineString", "coordinates": [[-41.327384397892, -21.78169256636302], [-41.325886560603, -21.782199091934004], [-41.325254553304, -21.782358994763996]]}}, {"type": "Feature", "properties": {"tipo": "cabo", "nome": "412M - 12F", "comprimento": "", "descricao": "412M - 12F"}, "geometry": {"type": "LineString", "coordinates": [[-41.323606645267006, -21.782669035983034], [-41.323951901936, -21.782560485580987], [-41.324063570186, -21.782439511435], [-41.323994256867, -21.78201428058199], [-41.323898854291, -21.781794815743993], [-41.323454072879, -21.781789727467], [-41.32388971602101, -21.781751717610007], [-41.32392660589, -21.78166748841602], [-41.323877360757, -21.781471235167004], [-41.323815628380004, -21.78101674474], [-41.32372048059, -21.780958280346], [-41.323419404291, -21.781005133536], [-41.323104269967, -21.781035775579994], [-41.322796733063, -21.781068890823022]]}}, {"type": "Feature", "properties": {"tipo": "cabo", "nome": "378M - 6F", "comprimento": "", "descricao": "378M - 6F"}, "geometry": {"type": "LineString", "coordinates": [[-41.323454947527, -21.781794508047014], [-41.323066483368, -21.781783386305023], [-41.322408095115, -21.781779011653995], [-41.322135846205, -21.781792733472997], [-41.320629772162, -21.781783043416], [-41.320050003233, -21.781803837168], [-41.32002534388901, -21.78157368884]]}}, {"type": "Feature", "properties": {"tipo": "cabo", "nome": "448M - 6F", "comprimento": "", "descricao": "448M - 6F"}, "geometry": {"type": "LineString", "coordinates": [[-41.32091556265, -21.781111466392005], [-41.321761570974004, -21.781109547982], [-41.32186281751, -21.781101836594004], [-41.32281140640699, -21.781079438853], [-41.322811366468, -21.780882117885014], [-41.320644619905, -21.780910295607995]]}}, {"type": "Feature", "properties": {"tipo": "cabo", "nome": "225M - 6F", "comprimento": "", "descricao": "225M - 6F"}, "geometry": {"type": "LineString", "coordinates": [[-41.327072720729, -21.78011085661001], [-41.32622467601699, -21.780392806269006], [-41.326092606294, -21.780433369141008], [-41.32555091577, -21.780608888747977], [-41.325241493524, -21.780703910339994], [-41.325017124434005, -21.780772812021]]}}, {"type": "Feature", "properties": {"tipo": "cabo", "nome": "FIBRA AS MINI RAR -R2 7", "comprimento": "", "descricao": "FIBRA AS MINI RAR -R2 7"}, "geometry": {"type": "LineString", "coordinates": [[-41.313454976331, -21.783645699863], [-41.31357716598, -21.783648467291002], [-41.31361590903499, -21.783330213678]]}}, {"type": "Feature", "properties": {"tipo": "cabo", "nome": "FIBRA AS MINI RAR -R3 5", "comprimento": "", "descricao": "FIBRA AS MINI RAR -R3 5"}, "geometry": {"type": "LineString", "coordinates": [[-41.31353544276501, -21.783457515192993], [-41.313466897296, -21.783460282624006], [-41.313466897296, -21.783310841716002], [-41.31361590903499, -21.783330213678]]}}, {"type": "Feature", "properties": {"tipo": "cabo", "nome": "FIBRA AS MINI RAR -R4 5", "comprimento": "", "descricao": "FIBRA AS MINI RAR -R4 5"}, "geometry": {"type": "LineString", "coordinates": [[-41.313380470705994, -21.783449212974006], [-41.313434114887, -21.783449212974006], [-41.313428154241, -21.783288702318004], [-41.31361590903499, -21.783330213678]]}}, {"type": "Feature", "properties": {"tipo": "cabo", "nome": "FIBRA AS MINI RAR -R12 4", "comprimento": "", "descricao": "FIBRA AS MINI RAR -R12 4"}, "geometry": {"type": "LineString", "coordinates": [[-41.313756562334, -21.783251051620994], [-41.31361590903499, -21.783253819018], [-41.31361590903499, -21.783330213678]]}}, {"type": "Feature", "properties": {"tipo": "cabo", "nome": "587M - 6F (extens\u00e3o de rompimento) (extens\u00e3o", "comprimento": "", "descricao": "587M - 6F (extens\u00e3o de rompimento) (extens\u00e3o"}, "geometry": {"type": "LineString", "coordinates": [[-41.31505296363099, -21.783237214482], [-41.313756562334, -21.783251051620994], [-41.31441817411, -21.783204005328002], [-41.314429416587, -21.78259600983901], [-41.314790633752004, -21.782583843094997]]}}, {"type": "Feature", "properties": {"tipo": "cabo", "nome": "379M - 6F", "comprimento": "", "descricao": "379M - 6F"}, "geometry": {"type": "LineString", "coordinates": [[-41.320805273689, -21.782590253670023], [-41.320106203899, -21.782602973959996], [-41.319920221185, -21.782595662895034], [-41.319570191619995, -21.782610130321004], [-41.319188109495, -21.782638502736006], [-41.31887540593501, -21.782688071806007], [-41.318482336585, -21.78270658226502], [-41.318182402161, -21.782779174957994], [-41.317230106462, -21.78312277315399]]}}, {"type": "Feature", "properties": {"tipo": "cabo", "nome": "80M - 6F", "comprimento": "", "descricao": "80M - 6F"}, "geometry": {"type": "LineString", "coordinates": [[-41.31996026932901, -21.785492935435002], [-41.3199004782, -21.785180511932992], [-41.319829228116, -21.784784034650016]]}}, {"type": "Feature", "properties": {"tipo": "cabo", "nome": "82M - 6F", "comprimento": "", "descricao": "82M - 6F"}, "geometry": {"type": "LineString", "coordinates": [[-41.320612731919, -21.78535647415299], [-41.320480538849, -21.784691654515015]]}}, {"type": "Feature", "properties": {"tipo": "cabo", "nome": "87M - 6F", "comprimento": "", "descricao": "87M - 6F"}, "geometry": {"type": "LineString", "coordinates": [[-41.31751428533, -21.785402065812022], [-41.318279476483, -21.785112268337997]]}}, {"type": "Feature", "properties": {"tipo": "cabo", "nome": "359M - 6F", "comprimento": "", "descricao": "359M - 6F"}, "geometry": {"type": "LineString", "coordinates": [[-41.320954731658006, -21.78406902669299], [-41.31954230723301, -21.784326152022004], [-41.319107241679, -21.78441111629199], [-41.31902078804, -21.784299838154993], [-41.31889023856, -21.784283774865997], [-41.318589530999, -21.784401315882008], [-41.31767491389301, -21.784742230687016]]}}, {"type": "Feature", "properties": {"tipo": "cabo", "nome": "260M - 6F", "comprimento": "", "descricao": "260M - 6F"}, "geometry": {"type": "LineString", "coordinates": [[-41.319660458222, -21.78383377445701], [-41.319011558246004, -21.783816998608998], [-41.318982595839, -21.783693596476], [-41.31879289367101, -21.783736821063002], [-41.318506180955005, -21.783857064327023], [-41.317359895727, -21.784256403170005]]}}, {"type": "Feature", "properties": {"tipo": "cabo", "nome": "554M - 12F", "comprimento": "", "descricao": "554M - 12F"}, "geometry": {"type": "LineString", "coordinates": [[-41.319595796381, -21.782622356257022], [-41.31884331052701, -21.782706705760987], [-41.318926802884, -21.78314115752501], [-41.31908104689, -21.783217437488005], [-41.31945780342901, -21.783250154299992], [-41.31907494449, -21.783265036515004], [-41.318929664262, -21.78318749508901], [-41.318981240675996, -21.78367887610402], [-41.319033122656, -21.783790228686996], [-41.319652631513, -21.78381583019899], [-41.31965930942, -21.783844892985], [-41.31900615163, -21.783839245779987], [-41.319013213694, -21.784267761769], [-41.31911156441, -21.784381128237996], [-41.3195451545, -21.784314011863998]]}}, {"type": "Feature", "properties": {"tipo": "cabo", "nome": "FIBRA AS MINI RAR -R1 6", "comprimento": "", "descricao": "FIBRA AS MINI RAR -R1 6"}, "geometry": {"type": "LineString", "coordinates": [[-41.313517561317006, -21.783858790948997], [-41.313601007911004, -21.783856023602], [-41.31361590903499, -21.783330213678]]}}, {"type": "Feature", "properties": {"tipo": "cabo", "nome": "105M - 6F", "comprimento": "", "descricao": "105M - 6F"}, "geometry": {"type": "LineString", "coordinates": [[-41.317846426434, -21.785815325689], [-41.318788030727994, -21.785451850832004]]}}, {"type": "Feature", "properties": {"tipo": "cabo", "nome": "410M - 6F", "comprimento": "", "descricao": "410M - 6F"}, "geometry": {"type": "LineString", "coordinates": [[-41.318326352371, -21.78671114058102], [-41.319536687367, -21.786769087465004], [-41.319511770896, -21.785920243494004], [-41.319326977226005, -21.785839856365996], [-41.318055220562, -21.786297231543998], [-41.317336778138, -21.786574593032995], [-41.31713061844399, -21.786057250797015], [-41.31784268795, -21.785822153752008]]}}, {"type": "Feature", "properties": {"tipo": "cabo", "nome": "272M - 6F", "comprimento": "", "descricao": "272M - 6F"}, "geometry": {"type": "LineString", "coordinates": [[-41.31490723531801, -21.785431507045004], [-41.316006882263, -21.785462708398], [-41.316677927256, -21.785463966996005], [-41.316885140161, -21.785543247383018], [-41.31693215523401, -21.785578232217006], [-41.317228962494, -21.78548204653103], [-41.317518905656, -21.785398555374]]}}, {"type": "Feature", "properties": {"tipo": "cabo", "nome": "874M - 6F", "comprimento": "", "descricao": "874M - 6F"}, "geometry": {"type": "LineString", "coordinates": [[-41.317745568906, -21.789529905531012], [-41.318348742027, -21.789503679407005], [-41.318244076336, -21.789074405380006], [-41.31812529868999, -21.789029954938997], [-41.317435400574, -21.789022138714003], [-41.316857139051, -21.789046414842005], [-41.317441001634, -21.788985725125002], [-41.318113480545, -21.788991569329994], [-41.318214831168, -21.789022616731003], [-41.317929205313, -21.788379084032], [-41.317940681779, -21.788550034310987], [-41.31677360188699, -21.788559091476998], [-41.31711817229701, -21.788508420129006], [-41.317780926096, -21.788504558547018], [-41.31791910702, -21.788489680602993], [-41.317706985823, -21.78806616981001], [-41.316838901432, -21.788076183846997]]}}, {"type": "Feature", "properties": {"tipo": "cabo", "nome": "609M - 12F", "comprimento": "", "descricao": "609M - 12F"}, "geometry": {"type": "LineString", "coordinates": [[-41.316818613256, -21.788055123629007], [-41.317718590428996, -21.788023636674993], [-41.317725146343, -21.78789481755601], [-41.317365019024, -21.786972426864978], [-41.317284307105, -21.786616951341003], [-41.317089883118, -21.786044069057], [-41.31784631571399, -21.785805484252975], [-41.31706904667401, -21.786009468599005], [-41.316918162408, -21.785596393111007], [-41.3175323656, -21.785405256670998]]}}, {"type": "Feature", "properties": {"tipo": "cabo", "nome": "236M - 6F", "comprimento": "", "descricao": "236M - 6F"}, "geometry": {"type": "LineString", "coordinates": [[-41.315639667107, -21.78409931403901], [-41.315203076803, -21.784115201495013], [-41.315203360314, -21.784833049344996], [-41.316343487331, -21.784828065181003], [-41.316638660116006, -21.784987542332004], [-41.316827240862, -21.785432504192002], [-41.316890537469995, -21.785533539108997], [-41.31693120347099, -21.785556359162], [-41.317232591048, -21.78546325203]]}}, {"type": "Feature", "properties": {"tipo": "cabo", "nome": "259M - 6F", "comprimento": "", "descricao": "259M - 6F"}, "geometry": {"type": "LineString", "coordinates": [[-41.317669436382, -21.78473387798101], [-41.31680782359, -21.785033065478018], [-41.316646479408995, -21.785058546995003], [-41.31681835231599, -21.785452768151984], [-41.3168672669, -21.785521662774002], [-41.316684118007, -21.785451158298017], [-41.316007893172994, -21.78544738115602]]}}, {"type": "Feature", "properties": {"tipo": "cabo", "nome": "96M - 6F", "comprimento": "", "descricao": "96M - 6F"}, "geometry": {"type": "LineString", "coordinates": [[-41.32132335214, -21.785399829076], [-41.32122512871201, -21.784978502461996], [-41.321147529603, -21.784553029813992]]}}, {"type": "Feature", "properties": {"tipo": "cabo", "nome": "392M - 12F", "comprimento": "", "descricao": "392M - 12F"}, "geometry": {"type": "LineString", "coordinates": [[-41.319882501017, -21.785188063362995], [-41.320523868454, -21.785078889163017], [-41.32061502738699, -21.785351549259005], [-41.320592007482006, -21.785066208295007], [-41.321221188527, -21.78496317725501], [-41.32185684302001, -21.784842084519], [-41.32194299238099, -21.78521308591901], [-41.32190435662099, -21.784862427745992], [-41.322228997228, -21.784815592532013], [-41.32230948533499, -21.784720646294005]]}}, {"type": "Feature", "properties": {"tipo": "cabo", "nome": "85M - 6F", "comprimento": "", "descricao": "85M - 6F"}, "geometry": {"type": "LineString", "coordinates": [[-41.321952656386, -21.785228216121], [-41.321799154467, -21.784477173523015]]}}, {"type": "Feature", "properties": {"tipo": "cabo", "nome": "68M - 6F", "comprimento": "", "descricao": "68M - 6F"}, "geometry": {"type": "LineString", "coordinates": [[-41.32296070668399, -21.784910613440005], [-41.322412290355, -21.785039219845018], [-41.322365406118, -21.784967955368998], [-41.32230486261, -21.784729288617996]]}}, {"type": "Feature", "properties": {"tipo": "cabo", "nome": "360M - 6F", "comprimento": "", "descricao": "360M - 6F"}, "geometry": {"type": "LineString", "coordinates": [[-41.322405439046, -21.783814431054992], [-41.32373251448299, -21.783555714502], [-41.324051237236006, -21.783482122926998], [-41.324284676268, -21.783357628215], [-41.324113102784, -21.782731157789996], [-41.324068849312, -21.782466055734005], [-41.323954937306, -21.782585540499994], [-41.32359588345901, -21.782691343087023]]}}, {"type": "Feature", "properties": {"tipo": "cabo", "nome": "98M - 6F", "comprimento": "", "descricao": "98M - 6F"}, "geometry": {"type": "LineString", "coordinates": [[-41.32230456296101, -21.784734597210985], [-41.322234998494, -21.784393189073995], [-41.322913139046, -21.784266663865992], [-41.322994961722, -21.78446660414599]]}}, {"type": "Feature", "properties": {"tipo": "cabo", "nome": "389M - 6F", "comprimento": "", "descricao": "389M - 6F"}, "geometry": {"type": "LineString", "coordinates": [[-41.32103328333199, -21.783233670984004], [-41.32012795035, -21.783260678070008], [-41.320023515197, -21.783220488184], [-41.319754581812, -21.783245194448], [-41.319437107986, -21.783253767769992], [-41.319080868617, -21.783247304431], [-41.318917044461, -21.78315957585501], [-41.318722887717, -21.783159231509998], [-41.318366044799, -21.783325475116996], [-41.317409490308, -21.78364180770599]]}}, {"type": "Feature", "properties": {"tipo": "cabo", "nome": "57M - 6F", "comprimento": "", "descricao": "57M - 6F"}, "geometry": {"type": "LineString", "coordinates": [[-41.322730995237, -21.789674820328003], [-41.322699039839, -21.789250723034], [-41.322611836388, -21.789216814019]]}}, {"type": "Feature", "properties": {"tipo": "cabo", "nome": "121M - 6F", "comprimento": "", "descricao": "121M - 6F"}, "geometry": {"type": "LineString", "coordinates": [[-41.32336030909, -21.789569814237012], [-41.323273397825005, -21.789131056356], [-41.323295109961, -21.78907147307399], [-41.32390565881, -21.788937135574017]]}}, {"type": "Feature", "properties": {"tipo": "cabo", "nome": "228M - 6F", "comprimento": "", "descricao": "228M - 6F"}, "geometry": {"type": "LineString", "coordinates": [[-41.323107509380996, -21.788407237418994], [-41.322969347534, -21.788010633767], [-41.322820313574994, -21.78722533956598], [-41.322714329779004, -21.786721561235993], [-41.322797256485, -21.786677700111994], [-41.322540442895, -21.786708276831988]]}}, {"type": "Feature", "properties": {"tipo": "cabo", "nome": "358M - 12F", "comprimento": "", "descricao": "358M - 12F"}, "geometry": {"type": "LineString", "coordinates": [[-41.322358051664, -21.788167644691], [-41.322558045902, -21.789227384998995], [-41.323271323461, -21.78904927438799], [-41.323898389267995, -21.78891765861698]]}}, {"type": "Feature", "properties": {"tipo": "cabo", "nome": "351M - 6F", "comprimento": "", "descricao": "351M - 6F"}, "geometry": {"type": "LineString", "coordinates": [[-41.319910164015, -21.78811219951001], [-41.320874125304, -21.78839550665998], [-41.321682044860005, -21.788654574198006], [-41.321931382866, -21.788619874689005], [-41.322231382678, -21.788564104784], [-41.322435658994, -21.788781003899985], [-41.322330733106995, -21.78816938216302]]}}, {"type": "Feature", "properties": {"tipo": "cabo", "nome": "186M - 6F", "comprimento": "", "descricao": "186M - 6F"}, "geometry": {"type": "LineString", "coordinates": [[-41.323810256768, -21.788336902142007], [-41.323714992876006, -21.787930985225003], [-41.323506417889, -21.787033660876006], [-41.323438804384004, -21.786696072411004]]}}, {"type": "Feature", "properties": {"tipo": "cabo", "nome": "215M - 6F", "comprimento": "", "descricao": "215M - 6F"}, "geometry": {"type": "LineString", "coordinates": [[-41.320481517625005, -21.78768645975002], [-41.321342966081, -21.787971693434017], [-41.321776137104, -21.78809911506802], [-41.321941111331, -21.788110546520997], [-41.32231225882501, -21.788037001286995], [-41.32235756485301, -21.788182450057988]]}}, {"type": "Feature", "properties": {"tipo": "cabo", "nome": "212M - 6F", "comprimento": "", "descricao": "212M - 6F"}, "geometry": {"type": "LineString", "coordinates": [[-41.32325162670401, -21.791830386495988], [-41.323115069865, -21.79156320163601], [-41.323003495047, -21.791402557469], [-41.322835300061, -21.791012204175004], [-41.322666701934, -21.790663178485005], [-41.322578509618, -21.790454244846998], [-41.322439559606, -21.790204252129982], [-41.322371364573, -21.79010003696]]}}, {"type": "Feature", "properties": {"tipo": "cabo", "nome": "272M - 6F", "comprimento": "", "descricao": "272M - 6F"}, "geometry": {"type": "LineString", "coordinates": [[-41.32206050072201, -21.79168016272999], [-41.32166695827501, -21.790898020849], [-41.321313245583006, -21.790255442098996], [-41.321245907426, -21.790133110655006], [-41.321276475504, -21.790033242323005], [-41.321502936367, -21.790138438002998], [-41.321827191395, -21.790128980955004], [-41.321880095327, -21.790206603984018]]}}, {"type": "Feature", "properties": {"tipo": "cabo", "nome": "132M - 6F", "comprimento": "", "descricao": "132M - 6F"}, "geometry": {"type": "LineString", "coordinates": [[-41.323863781320995, -21.791894384412004], [-41.324063097343, -21.792320565379], [-41.324221965622, -21.792683226153997], [-41.324405285555, -21.792971514138003]]}}, {"type": "Feature", "properties": {"tipo": "cabo", "nome": "238M - 6F", "comprimento": "", "descricao": "238M - 6F"}, "geometry": {"type": "LineString", "coordinates": [[-41.323877356782006, -21.79192180634101], [-41.323591662998, -21.791352981836], [-41.32335405196001, -21.790879834588992], [-41.323162411017, -21.79055262432898], [-41.323117089388, -21.790337410812995], [-41.32311192095799, -21.790202994569], [-41.32336880280399, -21.79007248369001]]}}, {"type": "Feature", "properties": {"tipo": "cabo", "nome": "245M - 6F", "comprimento": "", "descricao": "245M - 6F"}, "geometry": {"type": "LineString", "coordinates": [[-41.322855256669, -21.792206942386002], [-41.322614510261, -21.791684527450002], [-41.322262106795, -21.790977946528002], [-41.321869558585, -21.790193725389003]]}}, {"type": "Feature", "properties": {"tipo": "cabo", "nome": "163M - 12F", "comprimento": "", "descricao": "163M - 12F"}, "geometry": {"type": "LineString", "coordinates": [[-41.321869558585, -21.790193725389003], [-41.321876744884, -21.790142145953013], [-41.32198474686, -21.790073766041004], [-41.322371364573, -21.79010003696], [-41.32255058691201, -21.790154509855995], [-41.322713862427, -21.790151935219995], [-41.323358004262, -21.790076014682]]}}, {"type": "Feature", "properties": {"tipo": "cabo", "nome": "61M - 6F", "comprimento": "", "descricao": "61M - 6F"}, "geometry": {"type": "LineString", "coordinates": [[-41.32336681673, -21.78956089351], [-41.32341745022, -21.789992664148983], [-41.323348676247, -21.790083293288006]]}}, {"type": "Feature", "properties": {"tipo": "cabo", "nome": "73M - 6F", "comprimento": "", "descricao": "73M - 6F"}, "geometry": {"type": "LineString", "coordinates": [[-41.327253704547, -21.787083158585006], [-41.326841875905004, -21.787157172072], [-41.326614090129, -21.787221360127006], [-41.326579904379, -21.78719835671299]]}}, {"type": "Feature", "properties": {"tipo": "cabo", "nome": "479M - 6F", "comprimento": "", "descricao": "479M - 6F"}, "geometry": {"type": "LineString", "coordinates": [[-41.327035329545, -21.78370537979798], [-41.326613247638, -21.78378627073201], [-41.326482819298, -21.783885952991994], [-41.326129693311, -21.783991306671], [-41.325791114669, -21.784049651803997], [-41.325258753, -21.784165600267002], [-41.324691906501, -21.784275366000003], [-41.324535135435, -21.784282223345002], [-41.324461380601, -21.784375378592998], [-41.32440878317, -21.78409669719302], [-41.324355216144, -21.783990778258996], [-41.324395622818, -21.784115336718997], [-41.324429318503, -21.784384913121002], [-41.324529614213, -21.784550825412992], [-41.32456873812399, -21.784833646676006], [-41.324554767161, -21.784948170476014], [-41.324667492010995, -21.785324201333992]]}}, {"type": "Feature", "properties": {"tipo": "cabo", "nome": "112M - 6F", "comprimento": "", "descricao": "112M - 6F"}, "geometry": {"type": "LineString", "coordinates": [[-41.326172264354, -21.785831069007003], [-41.326080695935, -21.786047765877015], [-41.326299061069, -21.785998762087004], [-41.326430805391, -21.786553082661996]]}}, {"type": "Feature", "properties": {"tipo": "cabo", "nome": "137M - 6F", "comprimento": "", "descricao": "137M - 6F"}, "geometry": {"type": "LineString", "coordinates": [[-41.327012476875, -21.785830171258], [-41.326315423968, -21.785987100564995], [-41.326438617419, -21.78654090459402]]}}, {"type": "Feature", "properties": {"tipo": "cabo", "nome": "315M - 6F", "comprimento": "", "descricao": "315M - 6F"}, "geometry": {"type": "LineString", "coordinates": [[-41.322581861809, -21.78585005234403], [-41.322553813886, -21.785653174260986], [-41.32280869040499, -21.785531127330003], [-41.323048262466, -21.785472219170998], [-41.32312079284199, -21.78556005446501], [-41.323075398369, -21.78546036195], [-41.323232521301, -21.785405997799003], [-41.32346769624299, -21.785341729825006], [-41.323742735053, -21.785303610558017], [-41.323794733524, -21.785283479073], [-41.323859444031, -21.785484933123996], [-41.323818792522, -21.785272249667003], [-41.32412429530899, -21.785193428560007], [-41.324279497662, -21.785186353176016], [-41.324547666604005, -21.78513401926901], [-41.324666870975, -21.785311749274]]}}, {"type": "Feature", "properties": {"tipo": "cabo", "nome": "323M - 12F", "comprimento": "", "descricao": "323M - 12F"}, "geometry": {"type": "LineString", "coordinates": [[-41.322537295722, -21.78669487636499], [-41.32328194610001, -21.78656720460502], [-41.323505505539, -21.786528215087003], [-41.323434044411, -21.786677832001004], [-41.323522770685, -21.786540422093992], [-41.323592850772, -21.786485203892994], [-41.324169010902, -21.786393449261], [-41.324713809157004, -21.786298844249004], [-41.324926766059995, -21.786505621632003], [-41.32498109265299, -21.786733052746996]]}}, {"type": "Feature", "properties": {"tipo": "cabo", "nome": "47M - 6F", "comprimento": "", "descricao": "47M - 6F"}, "geometry": {"type": "LineString", "coordinates": [[-41.326858275019, -21.786496136950007], [-41.326449418526, -21.786569487376], [-41.326433876331, -21.786544409209]]}}, {"type": "Feature", "properties": {"tipo": "cabo", "nome": "272M - 6F", "comprimento": "", "descricao": "272M - 6F"}, "geometry": {"type": "LineString", "coordinates": [[-41.32502097194799, -21.789858044349984], [-41.324065568164, -21.78999210996099], [-41.324386061232, -21.789905307341016], [-41.32428623125, -21.78946217007301], [-41.324143562402, -21.788903810806005], [-41.32390911228901, -21.788918038473994]]}}, {"type": "Feature", "properties": {"tipo": "cabo", "nome": "279M - 6F", "comprimento": "", "descricao": "279M - 6F"}, "geometry": {"type": "LineString", "coordinates": [[-41.326385279449, -21.789597386260994], [-41.326285380421, -21.789140866454005], [-41.326157495474, -21.78856113239], [-41.326694539378, -21.788426413766004], [-41.326890231863, -21.78858045594201], [-41.326723410724, -21.787890861986]]}}, {"type": "Feature", "properties": {"tipo": "cabo", "nome": "172M - 6F", "comprimento": "", "descricao": "172M - 6F"}, "geometry": {"type": "LineString", "coordinates": [[-41.325341375523, -21.788249051076008], [-41.325166870991, -21.787524019019997], [-41.32498109265299, -21.786733052746996]]}}, {"type": "Feature", "properties": {"tipo": "cabo", "nome": "155M - 6F", "comprimento": "", "descricao": "155M - 6F"}, "geometry": {"type": "LineString", "coordinates": [[-41.325584666734, -21.789356120085984], [-41.32542973841, -21.788768855844012], [-41.325487306556, -21.788651727536006], [-41.324800160680994, -21.788783079884], [-41.323898389267995, -21.78891765861698]]}}, {"type": "Feature", "properties": {"tipo": "cabo", "nome": "236M - 6F", "comprimento": "", "descricao": "236M - 6F"}, "geometry": {"type": "LineString", "coordinates": [[-41.324769582983, -21.788175612733994], [-41.32449753081, -21.78822911923301], [-41.324383091231, -21.787675036541003], [-41.324269119179, -21.78701901317102], [-41.324134960483, -21.786482490154995], [-41.324169010902, -21.786393449261]]}}, {"type": "Feature", "properties": {"tipo": "cabo", "nome": "310M - 12F", "comprimento": "", "descricao": "310M - 12F"}, "geometry": {"type": "LineString", "coordinates": [[-41.325842634838, -21.787215659297004], [-41.326004137732, -21.787868051025995], [-41.326586562014, -21.787778596454004], [-41.32673068177, -21.78790731210401], [-41.326611501952, -21.787363799413995], [-41.326576452474995, -21.787190839755993], [-41.326433876331, -21.786544409209]]}}, {"type": "Feature", "properties": {"tipo": "cabo", "nome": "155M - 6F", "comprimento": "", "descricao": "155M - 6F"}, "geometry": {"type": "LineString", "coordinates": [[-41.325280864748, -21.786170698918], [-41.325485011553994, -21.786182111866978], [-41.32563581150201, -21.786172402169996], [-41.32570847135499, -21.78653813525598], [-41.325847002599, -21.787225926367014]]}}, {"type": "Feature", "properties": {"tipo": "cabo", "nome": "622M - 6F", "comprimento": "", "descricao": "622M - 6F"}, "geometry": {"type": "LineString", "coordinates": [[-41.323551024729994, -21.793616098428004], [-41.324227416797, -21.794929905841997], [-41.32449865894, -21.795479318933005], [-41.324641113218, -21.795764069518995], [-41.324946885045, -21.795627093785995], [-41.325078313287, -21.795592227214996], [-41.325421206484, -21.796217314557992], [-41.324720270638, -21.794690216283], [-41.324601824286, -21.794563756654995]]}}, {"type": "Feature", "properties": {"tipo": "cabo", "nome": "376M - 6F", "comprimento": "", "descricao": "376M - 6F"}, "geometry": {"type": "LineString", "coordinates": [[-41.324393620216, -21.792938915739995], [-41.324773015264, -21.793695839913], [-41.325009025899995, -21.794212314191995], [-41.325126358348, -21.794440321775994], [-41.325202230255, -21.794598746036996], [-41.325630142775, -21.795425264917995], [-41.325896465777994, -21.796030139417]]}}, {"type": "Feature", "properties": {"tipo": "cabo", "nome": "338M - 6F", "comprimento": "", "descricao": "338M - 6F"}, "geometry": {"type": "LineString", "coordinates": [[-41.32509062024099, -21.79290404989898], [-41.325244520249, -21.793395987565987], [-41.325440436863, -21.793760314931006], [-41.325752715837, -21.794407301584002], [-41.32605653490099, -21.795039028239003], [-41.326335295845, -21.795723865710002]]}}, {"type": "Feature", "properties": {"tipo": "cabo", "nome": "146M - 6F", "comprimento": "", "descricao": "146M - 6F"}, "geometry": {"type": "LineString", "coordinates": [[-41.324605819974, -21.794583085102985], [-41.32442189448701, -21.794271057332978], [-41.32426822115599, -21.79387678277], [-41.324025622197, -21.793384996214]]}}, {"type": "Feature", "properties": {"tipo": "cabo", "nome": "610M - 12F", "comprimento": "", "descricao": "610M - 12F"}, "geometry": {"type": "LineString", "coordinates": [[-41.324605087978, -21.794570889062], [-41.324401949435995, -21.794135506320004], [-41.324837758877, -21.793957043451996], [-41.325208407240005, -21.794617589455], [-41.325595979627, -21.795226127704012], [-41.32605653490099, -21.795039028239003], [-41.32574705377401, -21.794403326267002], [-41.32542952978599, -21.793678207521992], [-41.325761983547, -21.79350880886099], [-41.326105436951, -21.794134866980997]]}}, {"type": "Feature", "properties": {"tipo": "cabo", "nome": "554M - 6F", "comprimento": "", "descricao": "554M - 6F"}, "geometry": {"type": "LineString", "coordinates": [[-41.325936057882, -21.792583633340996], [-41.32629071790401, -21.793300633255015], [-41.325832944666, -21.793487271527994], [-41.325461381381, -21.792790845005015], [-41.325449339407, -21.792768274499977], [-41.326113224267, -21.794139577223007], [-41.32676188764, -21.795439543390003]]}}, {"type": "Feature", "properties": {"tipo": "cabo", "nome": "226M - 6F", "comprimento": "", "descricao": "226M - 6F"}, "geometry": {"type": "LineString", "coordinates": [[-41.324460141235, -21.791660202574008], [-41.32397660577501, -21.790752537182996], [-41.323846006512, -21.790458581129997], [-41.323625599978, -21.79004484030098], [-41.32336373139, -21.790084654045003]]}}, {"type": "Feature", "properties": {"tipo": "cabo", "nome": "FIBRA AS MINI RAR -R2 6", "comprimento": "", "descricao": "FIBRA AS MINI RAR -R2 6"}, "geometry": {"type": "LineString", "coordinates": [[-41.327667132537, -21.764718904647992], [-41.32767736305299, -21.76483050420002], [-41.327546433131, -21.764880819941993], [-41.327519611041, -21.764823526859004], [-41.327498153368, -21.764763742746993], [-41.32747401348801, -21.764706449616995]]}}, {"type": "Feature", "properties": {"tipo": "cabo", "nome": "FIBRA AS MINI RAR -R12 3", "comprimento": "", "descricao": "FIBRA AS MINI RAR -R12 3"}, "geometry": {"type": "LineString", "coordinates": [[-41.327318273049, -21.764846051511], [-41.327278212229, -21.76474630570999], [-41.327624217192, -21.76461428235899], [-41.327667132537, -21.764718904647992]]}}, {"type": "Feature", "properties": {"tipo": "cabo", "nome": "FIBRA AS MINI RAR -R3 4", "comprimento": "", "descricao": "FIBRA AS MINI RAR -R3 4"}, "geometry": {"type": "LineString", "coordinates": [[-41.327667132537, -21.764718904647992], [-41.327725572393, -21.76481353608702], [-41.327870980421, -21.764753778726003], [-41.32784952274899, -21.764698976597998], [-41.327825382868, -21.764641683441994], [-41.327801242987, -21.764581899255006]]}}, {"type": "Feature", "properties": {"tipo": "cabo", "nome": "FIBRA AS MINI RAR -R1", "comprimento": "", "descricao": "FIBRA AS MINI RAR -R1"}, "geometry": {"type": "LineString", "coordinates": [[-41.329464462177, -21.760004946845], [-41.329632590174, -21.75992858810102], [-41.329713056444, -21.759913641566], [-41.329806933758995, -21.75987876631102], [-41.329892764448, -21.759853855409006]]}}, {"type": "Feature", "properties": {"tipo": "cabo", "nome": "FIBRA AS MINI RAR -R1 1", "comprimento": "", "descricao": "FIBRA AS MINI RAR -R1 1"}, "geometry": {"type": "LineString", "coordinates": [[-41.326837300224, -21.75510165953598], [-41.327451526089, -21.754902365571], [-41.327494441433, -21.754795244950003], [-41.327282546921, -21.754252167082996]]}}, {"type": "Feature", "properties": {"tipo": "cabo", "nome": "FIBRA AS MINI RAR -R2 5", "comprimento": "", "descricao": "FIBRA AS MINI RAR -R2 5"}, "geometry": {"type": "LineString", "coordinates": [[-41.326837300224, -21.75510165953598], [-41.327550802751, -21.754881757548006], [-41.32772365625701, -21.755391063908007], [-41.32782230077, -21.755357704466988], [-41.327858674355, -21.755441661858995], [-41.328022063986, -21.755376103952997], [-41.32816213492, -21.755337352477994], [-41.32829624537, -21.755298600916007], [-41.32843333598, -21.755257081444995]]}}, {"type": "Feature", "properties": {"tipo": "cabo", "nome": "FIBRA AS MINI RAR -R4 1", "comprimento": "", "descricao": "FIBRA AS MINI RAR -R4 1"}, "geometry": {"type": "LineString", "coordinates": [[-41.328792005967, -21.769570539255994], [-41.328722807108, -21.769855808705998]]}}, {"type": "Feature", "properties": {"tipo": "cabo", "nome": "166M - 6F", "comprimento": "", "descricao": "166M - 6F"}, "geometry": {"type": "LineString", "coordinates": [[-41.327109581321, -21.769231698585003], [-41.327009504174, -21.769291543975], [-41.326824204163, -21.768836557629996], [-41.32678986281599, -21.76875223552598], [-41.326919984571994, -21.768762932426995], [-41.32760726651501, -21.768511421156006]]}}, {"type": "Feature", "properties": {"tipo": "cabo", "nome": "416M - 6F", "comprimento": "", "descricao": "416M - 6F"}, "geometry": {"type": "LineString", "coordinates": [[-41.326137709126, -21.766873089361], [-41.326157330686996, -21.767121620107005], [-41.326272925091, -21.767399215203994], [-41.326396270702, -21.767714264215996], [-41.326520844323, -21.768058875221016], [-41.326697101363, -21.768478158717002], [-41.326730317433, -21.768330860518006], [-41.32709602413, -21.768251398711996], [-41.32673969036699, -21.76835182582998], [-41.326710645687, -21.768499248415992], [-41.32681356398701, -21.76875372055801], [-41.326928354661, -21.768739089663], [-41.327265290499, -21.768634456811], [-41.327407660129005, -21.768579716811985], [-41.32761412884201, -21.768499305994013]]}}, {"type": "Feature", "properties": {"tipo": "cabo", "nome": "315M - 12F", "comprimento": "", "descricao": "315M - 12F"}, "geometry": {"type": "LineString", "coordinates": [[-41.327596965511, -21.768503572562977], [-41.32807966073099, -21.768349688987], [-41.328268541428, -21.768328274482997], [-41.32856665232501, -21.768196353688992], [-41.328374147177, -21.768005792056996], [-41.328279821831, -21.76765761698701], [-41.328392159575, -21.767999007612005], [-41.328577690102, -21.768187301306], [-41.32863899144599, -21.76818730106899], [-41.328886284016, -21.768088505956996], [-41.3292349129, -21.767978733963005]]}}, {"type": "Feature", "properties": {"tipo": "cabo", "nome": "185M - 6F", "comprimento": "", "descricao": "185M - 6F"}, "geometry": {"type": "LineString", "coordinates": [[-41.327870602483, -21.766186799489006], [-41.328099588362, -21.767074206350003], [-41.328290040468, -21.767689075925006]]}}, {"type": "Feature", "properties": {"tipo": "cabo", "nome": "197M - 6F", "comprimento": "", "descricao": "197M - 6F"}, "geometry": {"type": "LineString", "coordinates": [[-41.327420454487, -21.767842676044012], [-41.326659473438994, -21.768094528998006], [-41.326594016241, -21.768080590552998], [-41.32652776568201, -21.76804777474601], [-41.326693157148, -21.768435934893006], [-41.326722543994, -21.768312689441004], [-41.327092501411, -21.768247557287978]]}}, {"type": "Feature", "properties": {"tipo": "cabo", "nome": "FIBRA AS MINI RAR -R1 5", "comprimento": "", "descricao": "FIBRA AS MINI RAR -R1 5"}, "geometry": {"type": "LineString", "coordinates": [[-41.327318273049, -21.764846051511], [-41.327669575144, -21.76558014307099], [-41.32777352894, -21.765817111565994], [-41.327870602483, -21.766186799489006]]}}, {"type": "Feature", "properties": {"tipo": "cabo", "nome": "566M - 6F", "comprimento": "", "descricao": "566M - 6F"}, "geometry": {"type": "LineString", "coordinates": [[-41.3271692988, -21.77491599062199], [-41.327263153421, -21.775007985635], [-41.32765852093, -21.774874349035997], [-41.328285984781, -21.774651098622996], [-41.32891814989699, -21.77442711398001], [-41.329114819386, -21.774399536858], [-41.329452650327, -21.775158548489998], [-41.32933109219, -21.77523949215299], [-41.328952283739, -21.775364294184996], [-41.32786177546599, -21.77574459203001], [-41.32712150429, -21.776112644696]]}}, {"type": "Feature", "properties": {"tipo": "cabo", "nome": "534M - 12F", "comprimento": "", "descricao": "534M - 12F"}, "geometry": {"type": "LineString", "coordinates": [[-41.32791937815699, -21.773853747331003], [-41.327482311945, -21.774043644122997], [-41.327043149888, -21.774254611781984], [-41.326908134621, -21.774281408725003], [-41.326517116031, -21.774436558825002], [-41.325986523343, -21.774623269325005], [-41.32609247027499, -21.774436767189002], [-41.32590941514499, -21.77385466983401], [-41.326057752385, -21.774443739212003], [-41.325971275209, -21.774590140271002], [-41.325760832236, -21.774697873899], [-41.324523841614, -21.775202970430996]]}}, {"type": "Feature", "properties": {"tipo": "cabo", "nome": "97M - 6F", "comprimento": "", "descricao": "97M - 6F"}, "geometry": {"type": "LineString", "coordinates": [[-41.32850324397, -21.77274755743302], [-41.32816012597, -21.771932098882004]]}}, {"type": "Feature", "properties": {"tipo": "cabo", "nome": "274M - 6F", "comprimento": "", "descricao": "274M - 6F"}, "geometry": {"type": "LineString", "coordinates": [[-41.327760328234, -21.772882711967], [-41.32693085593499, -21.773202070972005], [-41.326822346948, -21.773304856723], [-41.326927472861, -21.773683797954988], [-41.327023906392995, -21.774234303675996], [-41.326912146219, -21.774254465066008], [-41.326483742699, -21.774429933592003]]}}, {"type": "Feature", "properties": {"tipo": "cabo", "nome": "FIBRA 6F 222", "comprimento": "", "descricao": "FIBRA 6F 222"}, "geometry": {"type": "LineString", "coordinates": [[-41.328835606514, -21.771678179008006], [-41.32913809900699, -21.772451299658016], [-41.3292995081, -21.772398883175995]]}}, {"type": "Feature", "properties": {"tipo": "cabo", "nome": "144M - 6F", "comprimento": "", "descricao": "144M - 6F"}, "geometry": {"type": "LineString", "coordinates": [[-41.326205484352, -21.772432814531996], [-41.32751718115, -21.771986925676003]]}}, {"type": "Feature", "properties": {"tipo": "cabo", "nome": "357M - 6F", "comprimento": "", "descricao": "357M - 6F"}, "geometry": {"type": "LineString", "coordinates": [[-41.32815579384, -21.771954018849], [-41.32801921974501, -21.771669804536998], [-41.327788753573, -21.771200605529003], [-41.327633610855, -21.770730308533018], [-41.32754337884, -21.770642880180006], [-41.327522393752, -21.77042088019998], [-41.327408050876, -21.770109456496996], [-41.327442476443, -21.769982534948], [-41.327395644774, -21.770094045823996], [-41.327265941537, -21.769878601320002], [-41.32710628495901, -21.76950312563301], [-41.32702100382199, -21.769299991660006], [-41.327103074725, -21.769223633748993]]}}, {"type": "Feature", "properties": {"tipo": "cabo", "nome": "55M - 6FO", "comprimento": "", "descricao": "55M - 6FO"}, "geometry": {"type": "LineString", "coordinates": [[-41.331500839287, -21.763999365280995], [-41.331732023766, -21.764350615126006], [-41.33186076979901, -21.764318231961994]]}}, {"type": "Feature", "properties": {"tipo": "cabo", "nome": "FIBRA AS MINI RAR -R12 4", "comprimento": "", "descricao": "FIBRA AS MINI RAR -R12 4"}, "geometry": {"type": "LineString", "coordinates": [[-41.331500839287, -21.763999365280995], [-41.331742752602, -21.764333178038996], [-41.332566190769, -21.764076603506993], [-41.332359660675, -21.763767717055998], [-41.332412919309, -21.763740847011007], [-41.3326097065, -21.763665540570003]]}}, {"type": "Feature", "properties": {"tipo": "cabo", "nome": "737M - 6F", "comprimento": "", "descricao": "737M - 6F"}, "geometry": {"type": "LineString", "coordinates": [[-41.348506959339, -21.755772700105], [-41.34824702170399, -21.756206423671003], [-41.347868532282, -21.756414019686005], [-41.347390950118, -21.757046246052], [-41.34774278218501, -21.756551766966], [-41.347839523376, -21.756408698675997], [-41.347656313564, -21.755955027794997], [-41.347569386451, -21.75581283546002], [-41.347498827323, -21.755838089728], [-41.347078089625, -21.756452261319993], [-41.347479875385, -21.755826988607012], [-41.347552411761, -21.755783219790004], [-41.347412459473, -21.755600996634], [-41.347111394983, -21.755318472873], [-41.347016404197, -21.755336773829995], [-41.346481057607, -21.756094068216996], [-41.346997389957, -21.755319200521], [-41.347091435271, -21.755292134515997], [-41.346257919586, -21.75464810503199]]}}, {"type": "Feature", "properties": {"tipo": "cabo", "nome": "507M - 6F", "comprimento": "", "descricao": "507M - 6F"}, "geometry": {"type": "LineString", "coordinates": [[-41.342750663519006, -21.753109054267014], [-41.342362879571, -21.753656172270993], [-41.342310571451996, -21.75382289962998], [-41.342943499948, -21.753871790334003], [-41.34380863286399, -21.753859797378993], [-41.34433436871001, -21.753831660367], [-41.344996874336, -21.753896431419008], [-41.345215268048, -21.75397851691102], [-41.345334158934, -21.754081417628], [-41.344953820218, -21.75464743733302]]}}, {"type": "Feature", "properties": {"tipo": "cabo", "nome": "194M - 6F", "comprimento": "", "descricao": "194M - 6F"}, "geometry": {"type": "LineString", "coordinates": [[-41.346280038135, -21.754651620285998], [-41.345760118492, -21.754276183741993], [-41.345383762857, -21.754058822201003], [-41.344954684375, -21.754661501781]]}}, {"type": "Feature", "properties": {"tipo": "cabo", "nome": "152M - 6F", "comprimento": "", "descricao": "152M - 6F"}, "geometry": {"type": "LineString", "coordinates": [[-41.346270810508, -21.754645457411996], [-41.346555275179, -21.75486112931], [-41.346460133121, -21.754911282799], [-41.345936303732, -21.755696146138988]]}}, {"type": "Feature", "properties": {"tipo": "cabo", "nome": "121M - 6F", "comprimento": "", "descricao": "121M - 6F"}, "geometry": {"type": "LineString", "coordinates": [[-41.34551255423799, -21.755028383531993], [-41.345523373098, -21.755034624494996], [-41.34593979305, -21.754447918219995], [-41.345993517179, -21.754452764591022], [-41.34626845245399, -21.754651276643003]]}}, {"type": "Feature", "properties": {"tipo": "cabo", "nome": "184M - 6F", "comprimento": "", "descricao": "184M - 6F"}, "geometry": {"type": "LineString", "coordinates": [[-41.330439414852, -21.769195023255023], [-41.330366709678, -21.769211498993997], [-41.330321133232, -21.769123564929004], [-41.329863936837, -21.769242332564005], [-41.329185339631, -21.76946053537901], [-41.328792005967, -21.769570539255994]]}}, {"type": "Feature", "properties": {"tipo": "cabo", "nome": "280M - 6F", "comprimento": "", "descricao": "280M - 6F"}, "geometry": {"type": "LineString", "coordinates": [[-41.329459213223004, -21.76602758756802], [-41.329581062783994, -21.766296649205003], [-41.329674879671, -21.766647824248977], [-41.329899924728, -21.767342752237994], [-41.330007812259, -21.767656020009014], [-41.329961627050004, -21.767740419492995], [-41.329790172955995, -21.767815946612004], [-41.329230980871, -21.767981373321987]]}}, {"type": "Feature", "properties": {"tipo": "cabo", "nome": "FIBRA AS MINI RAR -R12 1", "comprimento": "", "descricao": "FIBRA AS MINI RAR -R12 1"}, "geometry": {"type": "LineString", "coordinates": [[-41.35020882469, -21.767397346064], [-41.350640460673, -21.766666436552], [-41.350414495654, -21.766536499284], [-41.350397356702, -21.766583784156012], [-41.349740583824, -21.767689331738012], [-41.349314477187, -21.767616032920003], [-41.349258150798, -21.767842709704993]]}}, {"type": "Feature", "properties": {"tipo": "cabo", "nome": "67M - 6FO", "comprimento": "", "descricao": "67M - 6FO"}, "geometry": {"type": "LineString", "coordinates": [[-41.350798654996, -21.76770561182998], [-41.35020882469, -21.767397346064]]}}, {"type": "Feature", "properties": {"tipo": "cabo", "nome": "317M - 6FO", "comprimento": "", "descricao": "317M - 6FO"}, "geometry": {"type": "LineString", "coordinates": [[-41.350018777891, -21.765597776145], [-41.349420016268, -21.76529042125098], [-41.34899958686301, -21.765679264677985], [-41.348946645278, -21.765771805870003], [-41.350414495654, -21.766536499284]]}}, {"type": "Feature", "properties": {"tipo": "cabo", "nome": "131M - 6FO", "comprimento": "", "descricao": "131M - 6FO"}, "geometry": {"type": "LineString", "coordinates": [[-41.350755062566, -21.764759536588997], [-41.350257797225005, -21.765600373867002], [-41.350024136625, -21.76559905672299]]}}, {"type": "Feature", "properties": {"tipo": "cabo", "nome": "132M - 6F", "comprimento": "", "descricao": "132M - 6F"}, "geometry": {"type": "LineString", "coordinates": [[-41.329004960422, -21.767334854284996], [-41.32968843444999, -21.767094771528022], [-41.329759124613, -21.766972207402986], [-41.330007812259, -21.767656020009014]]}}, {"type": "Feature", "properties": {"tipo": "cabo", "nome": "165M - 6F", "comprimento": "", "descricao": "165M - 6F"}, "geometry": {"type": "LineString", "coordinates": [[-41.329221625515, -21.776159588035995], [-41.329589088151, -21.77602757518801], [-41.329718616366, -21.775925783233987], [-41.329938211411, -21.776477778141995], [-41.330120854289, -21.776913301212005], [-41.330535914476, -21.776797528966995]]}}, {"type": "Feature", "properties": {"tipo": "cabo", "nome": "230M - 6F", "comprimento": "", "descricao": "230M - 6F"}, "geometry": {"type": "LineString", "coordinates": [[-41.329412417192, -21.77498917231101], [-41.329487187555, -21.775187206314], [-41.32994910823099, -21.775009777617], [-41.331589702623, -21.774420236352995], [-41.33192505846299, -21.774313332687], [-41.331982763442, -21.774229699198997]]}}, {"type": "Feature", "properties": {"tipo": "cabo", "nome": "171M - 6F", "comprimento": "", "descricao": "171M - 6F"}, "geometry": {"type": "LineString", "coordinates": [[-41.331648999938, -21.773202564854984], [-41.331435891857, -21.772518482926003], [-41.331207116916, -21.77171421191599]]}}, {"type": "Feature", "properties": {"tipo": "cabo", "nome": "379M - 6F (extens\u00e3o de rompimento)", "comprimento": "", "descricao": "379M - 6F (extens\u00e3o de rompimento)"}, "geometry": {"type": "LineString", "coordinates": [[-41.32898293226, -21.774000323676006], [-41.328821352585, -21.77353130616099], [-41.328683671441, -21.773508331751998], [-41.329199029286, -21.773335920313997], [-41.33074273593199, -21.77276689328201]]}}, {"type": "Feature", "properties": {"tipo": "cabo", "nome": "FIBRA AS MINI RAR -R3 2", "comprimento": "", "descricao": "FIBRA AS MINI RAR -R3 2"}, "geometry": {"type": "LineString", "coordinates": [[-41.331589702623, -21.774420236352995], [-41.331267340715, -21.774508129856997], [-41.331286116179, -21.774448349780997], [-41.331260630507, -21.774363659071], [-41.331181717862, -21.774071663]]}}, {"type": "Feature", "properties": {"tipo": "cabo", "nome": "595M - 12F", "comprimento": "", "descricao": "595M - 12F"}, "geometry": {"type": "LineString", "coordinates": [[-41.328172127272005, -21.771948864688], [-41.32804738440701, -21.771681166937995], [-41.328150256139, -21.771756066381002], [-41.328527714022, -21.771706835915992], [-41.328835606514, -21.771678179008006], [-41.328834453709, -21.771609964647], [-41.329256786147, -21.771464620054005], [-41.329475596354, -21.771485812521007], [-41.32929547497499, -21.771392088738992], [-41.329867276687, -21.771262750663], [-41.33010520713601, -21.771268478948016], [-41.330153128934, -21.771171539904003], [-41.330914572968, -21.770941096011], [-41.330888938948, -21.770730472226006], [-41.330663626451, -21.769961001016995], [-41.330439414852, -21.769195023255023]]}}, {"type": "Feature", "properties": {"tipo": "cabo", "nome": "95M - 6F", "comprimento": "", "descricao": "95M - 6F"}, "geometry": {"type": "LineString", "coordinates": [[-41.331217584093, -21.771736155209], [-41.330911954968, -21.770932113282]]}}, {"type": "Feature", "properties": {"tipo": "cabo", "nome": "395M - 12FO", "comprimento": "", "descricao": "395M - 12FO"}, "geometry": {"type": "LineString", "coordinates": [[-41.359339614207, -21.757814548743], [-41.35821632592099, -21.75682039483], [-41.357611805753, -21.756272013732982], [-41.357563714027, -21.756285744436013], [-41.357150156428, -21.75667493375201], [-41.35717236993699, -21.756726216184006], [-41.357704244125, -21.757196164598], [-41.358904295598, -21.758269572442998]]}}, {"type": "Feature", "properties": {"tipo": "cabo", "nome": "164M - 6FO", "comprimento": "", "descricao": "164M - 6FO"}, "geometry": {"type": "LineString", "coordinates": [[-41.357624649262995, -21.75807770422699], [-41.357240536123, -21.757727373164002], [-41.357223545215, -21.757626592690002], [-41.357591543855, -21.757270094142], [-41.357539512675, -21.757080431429003], [-41.35768485762701, -21.757210521838005]]}}, {"type": "Feature", "properties": {"tipo": "cabo", "nome": "237M - 6FO", "comprimento": "", "descricao": "237M - 6FO"}, "geometry": {"type": "LineString", "coordinates": [[-41.356650259923995, -21.75530133155398], [-41.356734502075, -21.755462096396016], [-41.356981141484, -21.75578025431399], [-41.357173655001, -21.755912443279996], [-41.357615930532006, -21.756245618226004], [-41.35824389309099, -21.75681232156701]]}}, {"type": "Feature", "properties": {"tipo": "cabo", "nome": "484M - 6FO", "comprimento": "", "descricao": "484M - 6FO"}, "geometry": {"type": "LineString", "coordinates": [[-41.35286749594199, -21.753659218471995], [-41.353238658158, -21.753605182220014], [-41.353435273223, -21.753646178004004], [-41.35360781304401, -21.75371139770901], [-41.35384856692501, -21.753858607236992], [-41.354022663925, -21.754042070943], [-41.354246886679, -21.754484918971002], [-41.354379302270004, -21.75470107366199], [-41.354570453949, -21.754947196548983], [-41.354734071005, -21.755149580923003], [-41.354925479007, -21.755341296175004], [-41.355154016421, -21.755494437541003], [-41.355420346062, -21.755392014795007], [-41.355645176185, -21.755244365420992], [-41.355599608026, -21.75501651175101], [-41.35520303085, -21.754594374373013]]}}, {"type": "Feature", "properties": {"tipo": "cabo", "nome": "185M - 6FO", "comprimento": "", "descricao": "185M - 6FO"}, "geometry": {"type": "LineString", "coordinates": [[-41.355714918666, -21.754085559529003], [-41.355921784305, -21.754329394758997], [-41.356161457143, -21.754518345292], [-41.356479865221, -21.754570086279003], [-41.356660497519, -21.754890142758015], [-41.35665356139, -21.755297230260993]]}}, {"type": "Feature", "properties": {"tipo": "cabo", "nome": "363M - 6FO", "comprimento": "", "descricao": "363M - 6FO"}, "geometry": {"type": "LineString", "coordinates": [[-41.352541852497, -21.753025726974002], [-41.352910074605, -21.752944979974004], [-41.353247277513, -21.75293631984202], [-41.353537923305, -21.752962091306998], [-41.353707388842, -21.75300254299698], [-41.353985534814, -21.753123609569002], [-41.35421823064999, -21.753261359614], [-41.354430359223, -21.753447392997018], [-41.354619587079, -21.753661143494], [-41.354744886701, -21.753867768473995], [-41.35483137742399, -21.754070654348], [-41.354985451868, -21.754336642778014], [-41.355185186911, -21.754593937219]]}}, {"type": "Feature", "properties": {"tipo": "cabo", "nome": "260M - 12FO", "comprimento": "", "descricao": "260M - 12FO"}, "geometry": {"type": "LineString", "coordinates": [[-41.355192461306, -21.75457694183902], [-41.3549987979, -21.754321378298997], [-41.35484948643, -21.754064347306993], [-41.354880439768, -21.753982051559007], [-41.355153787043996, -21.753837027694004], [-41.355189392552006, -21.75345957128701], [-41.355035307517, -21.75317579436502], [-41.354796024541, -21.752909794139], [-41.35455179641001, -21.752690609388992]]}}, {"type": "Feature", "properties": {"tipo": "cabo", "nome": "120M - 6FO", "comprimento": "", "descricao": "120M - 6FO"}, "geometry": {"type": "LineString", "coordinates": [[-41.351521791140996, -21.76479887544899], [-41.350941711162, -21.765732612014034]]}}, {"type": "Feature", "properties": {"tipo": "cabo", "nome": "443M - 6FO", "comprimento": "", "descricao": "443M - 6FO"}, "geometry": {"type": "LineString", "coordinates": [[-41.358658633027, -21.75903058271001], [-41.35991007258, -21.760134178213008], [-41.36081338158701, -21.760939276445], [-41.361757922964, -21.761786046978983]]}}, {"type": "Feature", "properties": {"tipo": "cabo", "nome": "482M - 6FO", "comprimento": "", "descricao": "482M - 6FO"}, "geometry": {"type": "LineString", "coordinates": [[-41.362273811703005, -21.761275736806994], [-41.360685852971, -21.759854882789], [-41.358893160993, -21.75828107519301]]}}, {"type": "Feature", "properties": {"tipo": "cabo", "nome": "575M - 6FO", "comprimento": "", "descricao": "575M - 6FO"}, "geometry": {"type": "LineString", "coordinates": [[-41.358942741784, -21.761182014523], [-41.357863816974, -21.760210194032993], [-41.356814368168, -21.759276784470003], [-41.356195206823, -21.75871043429501], [-41.356187822383, -21.75863268442299], [-41.356687671356, -21.758141419848016], [-41.356716960386, -21.758235387648995], [-41.357308459033, -21.75878026163599]]}}, {"type": "Feature", "properties": {"tipo": "cabo", "nome": "482M - 6FO", "comprimento": "", "descricao": "482M - 6FO"}, "geometry": {"type": "LineString", "coordinates": [[-41.362708130903, -21.76082204108802], [-41.361714217855, -21.759916297266003], [-41.360561880904, -21.758891378404982], [-41.359344983896, -21.757807099354025]]}}, {"type": "Feature", "properties": {"tipo": "cabo", "nome": "370M - 6FO", "comprimento": "", "descricao": "370M - 6FO"}, "geometry": {"type": "LineString", "coordinates": [[-41.357323451407, -21.758763599258003], [-41.358698414697, -21.759989838905], [-41.35990643132601, -21.761073503863997]]}}, {"type": "Feature", "properties": {"tipo": "cabo", "nome": "390M - 12FO", "comprimento": "", "descricao": "390M - 12FO"}, "geometry": {"type": "LineString", "coordinates": [[-41.357333316886, -21.758762787267997], [-41.356730479818, -21.758225306729003], [-41.356703540603, -21.758131114989027], [-41.357195806912, -21.757643962624], [-41.357202132712, -21.757724651559997], [-41.35760886209099, -21.758099157700997], [-41.358664536549995, -21.759035321393]]}}, {"type": "Feature", "properties": {"tipo": "cabo", "nome": "255M - 6FO", "comprimento": "", "descricao": "255M - 6FO"}, "geometry": {"type": "LineString", "coordinates": [[-41.354390887431, -21.766525203968982], [-41.354032803876, -21.767121930697996], [-41.353901333900005, -21.767326348009007], [-41.353702414067, -21.767536939674002], [-41.353119245307, -21.76723022244198], [-41.353231995334, -21.767125296442018], [-41.35340836915301, -21.766842597110013]]}}, {"type": "Feature", "properties": {"tipo": "cabo", "nome": "1137M - 12FO", "comprimento": "", "descricao": "1137M - 12FO"}, "geometry": {"type": "LineString", "coordinates": [[-41.35041383769, -21.76654369966002], [-41.352995520787, -21.767941394261], [-41.35403075061801, -21.768443990340998], [-41.3553186975, -21.766908857673016], [-41.355515798967, -21.766647600121004], [-41.355574729327, -21.766317917918997], [-41.355629658104, -21.766190856642993], [-41.35601081635501, -21.765657772813015], [-41.355913335586, -21.765539231637007], [-41.35343944668, -21.763848043983998]]}}, {"type": "Feature", "properties": {"tipo": "cabo", "nome": "803M - 12FO", "comprimento": "", "descricao": "803M - 12FO"}, "geometry": {"type": "LineString", "coordinates": [[-41.35001906604501, -21.765599564663987], [-41.350659432756, -21.765926490076993], [-41.350829629246995, -21.76590610916699], [-41.350943441909, -21.765714341367996], [-41.35095880138899, -21.765722997867], [-41.35084098216, -21.765920415327003], [-41.350674054943994, -21.765942352104005], [-41.351274063535, -21.766240504927993], [-41.351427440185, -21.766222306970988], [-41.351590189283, -21.765952223792993], [-41.351609812995996, -21.765964635998003], [-41.35143903975501, -21.76624080954099], [-41.351291953823, -21.766256890698003], [-41.351887557103, -21.766566912700995], [-41.352025088143996, -21.766531036708997], [-41.352190790124, -21.766252777763], [-41.35220974124799, -21.766262881239], [-41.352038833643, -21.766546164923], [-41.351906248539, -21.766579616838], [-41.352483337424, -21.766887613178994], [-41.352641186007, -21.766808791602003], [-41.352793979403, -21.76657114756601], [-41.352811089318, -21.766581638860004], [-41.352657494914, -21.76682296448999], [-41.352497119848, -21.766896330522002], [-41.353103322222, -21.767213577384], [-41.353215202036, -21.767118465444], [-41.35339586404099, -21.766831350724004]]}}, {"type": "Feature", "properties": {"tipo": "cabo", "nome": "88M - 6FO", "comprimento": "", "descricao": "88M - 6FO"}, "geometry": {"type": "LineString", "coordinates": [[-41.352018543011, -21.765282433137983], [-41.35159797247401, -21.765969786520003]]}}, {"type": "Feature", "properties": {"tipo": "cabo", "nome": "84M - 6FO", "comprimento": "", "descricao": "84M - 6FO"}, "geometry": {"type": "LineString", "coordinates": [[-41.352605003214, -21.765584946718008], [-41.352206291849, -21.766242769989006]]}}, {"type": "Feature", "properties": {"tipo": "cabo", "nome": "79M - 6FO", "comprimento": "", "descricao": "79M - 6FO"}, "geometry": {"type": "LineString", "coordinates": [[-41.35377378659201, -21.766224953611], [-41.35340195902, -21.766843588002004]]}}, {"type": "Feature", "properties": {"tipo": "cabo", "nome": "87M - 6FO", "comprimento": "", "descricao": "87M - 6FO"}, "geometry": {"type": "LineString", "coordinates": [[-41.353204845014005, -21.765894898626], [-41.352791473778, -21.766574096698008]]}}, {"type": "Feature", "properties": {"tipo": "cabo", "nome": "FIBRA AS MINI RAR -R7 3", "comprimento": "", "descricao": "FIBRA AS MINI RAR -R7 3"}, "geometry": {"type": "LineString", "coordinates": [[-41.330330781587, -21.777781999614007], [-41.330423168822, -21.77774878919601], [-41.330627588755995, -21.778179197968996]]}}, {"type": "Feature", "properties": {"tipo": "cabo", "nome": "322M - 6F", "comprimento": "", "descricao": "322M - 6F"}, "geometry": {"type": "LineString", "coordinates": [[-41.329271810133, -21.777685494859995], [-41.328274151460995, -21.77802637584], [-41.328313656958, -21.77791580673498], [-41.328204081653006, -21.777683313194984], [-41.328393844624, -21.777575367618994], [-41.328103311442995, -21.777675867293993], [-41.32730518411, -21.777977545992], [-41.327220437332, -21.777743574797995]]}}, {"type": "Feature", "properties": {"tipo": "cabo", "nome": "FIBRA AS MINI RAR -R9 3", "comprimento": "", "descricao": "FIBRA AS MINI RAR -R9 3"}, "geometry": {"type": "LineString", "coordinates": [[-41.330187272755005, -21.77796401225102], [-41.330160908403, -21.777895468362004], [-41.330309919979, -21.77785395542901], [-41.330330781587, -21.777781999614007]]}}, {"type": "Feature", "properties": {"tipo": "cabo", "nome": "FIBRA AS MINI RAR -R8 2", "comprimento": "", "descricao": "FIBRA AS MINI RAR -R8 2"}, "geometry": {"type": "LineString", "coordinates": [[-41.330196213398, -21.777703864307], [-41.33012216534801, -21.77772664893999], [-41.330157928244, -21.777817977488], [-41.330283097889, -21.777773696992], [-41.330330781587, -21.777781999614007]]}}, {"type": "Feature", "properties": {"tipo": "cabo", "nome": "154M - 6F", "comprimento": "", "descricao": "154M - 6F"}, "geometry": {"type": "LineString", "coordinates": [[-41.327980491898, -21.777162145861013], [-41.327212167266, -21.777378152487998], [-41.327056642784, -21.777211814577], [-41.326922697321, -21.776825576907996]]}}, {"type": "Feature", "properties": {"tipo": "cabo", "nome": "553M - 6F", "comprimento": "", "descricao": "553M - 6F"}, "geometry": {"type": "LineString", "coordinates": [[-41.32922106763999, -21.776630239176995], [-41.329800993016, -21.776440798796997], [-41.329857423674, -21.77623463777502], [-41.329736552722, -21.776103966687003], [-41.32842475545, -21.776554750052995], [-41.32822596399699, -21.77663747778101], [-41.327553315155, -21.776891758313], [-41.32706045344699, -21.7770523584], [-41.326905696621, -21.776824034609007], [-41.32684825282101, -21.77711930039598], [-41.326070489058, -21.777418075466997]]}}, {"type": "Feature", "properties": {"tipo": "cabo", "nome": "404M - 12F", "comprimento": "", "descricao": "404M - 12F"}, "geometry": {"type": "LineString", "coordinates": [[-41.327700652564, -21.77927490332901], [-41.327783155166, -21.779598139635993], [-41.328035653016, -21.779478018426005], [-41.328328515484, -21.779367708262996], [-41.329665807075, -21.778949018568], [-41.331103651794, -21.778429735328004]]}}, {"type": "Feature", "properties": {"tipo": "cabo", "nome": "181M - 6F", "comprimento": "", "descricao": "181M - 6F"}, "geometry": {"type": "LineString", "coordinates": [[-41.327691549054, -21.779289744916], [-41.327589781884, -21.779003911622], [-41.327547676730994, -21.778819907458015], [-41.327440747455, -21.778492738490982], [-41.327291071398, -21.77801921182899], [-41.32720468337601, -21.777720013573997]]}}, {"type": "Feature", "properties": {"tipo": "cabo", "nome": "236M - 6F", "comprimento": "", "descricao": "236M - 6F"}, "geometry": {"type": "LineString", "coordinates": [[-41.327700652564, -21.77927490332901], [-41.32760497312199, -21.779043079090016], [-41.32756352918399, -21.778861857574014], [-41.327504503019, -21.778840553845], [-41.326759198768, -21.779085562136018], [-41.32585816360099, -21.779399220310992]]}}, {"type": "Feature", "properties": {"tipo": "cabo", "nome": "207M - 6F", "comprimento": "", "descricao": "207M - 6F"}, "geometry": {"type": "LineString", "coordinates": [[-41.32770487589001, -21.779284443582995], [-41.327622463293004, -21.779039617519004], [-41.327702525156, -21.778964679748], [-41.328158342485, -21.778840278633993], [-41.329254981636, -21.778548917829994]]}}, {"type": "Feature", "properties": {"tipo": "cabo", "nome": "235M - 6F", "comprimento": "", "descricao": "235M - 6F"}, "geometry": {"type": "LineString", "coordinates": [[-41.33082091259901, -21.777230836406005], [-41.330333802364, -21.777385920205006], [-41.330577334611995, -21.778041417797], [-41.33075668284399, -21.778533130483993], [-41.331089943925, -21.778423126730004]]}}, {"type": "Feature", "properties": {"tipo": "cabo", "nome": "FIBRA AS MINI RAR -R2 8", "comprimento": "", "descricao": "FIBRA AS MINI RAR -R2 8"}, "geometry": {"type": "LineString", "coordinates": [[-41.330627588755995, -21.778179197968996], [-41.330517610572, -21.778266774646], [-41.33044310478401, -21.778183748906997], [-41.330347737552, -21.778120095709], [-41.33018382468801, -21.77816991116501], [-41.329960307161, -21.778244634317005], [-41.329802354943, -21.778297217261]]}}, {"type": "Feature", "properties": {"tipo": "cabo", "nome": "FIBRA AS MINI RAR -R3 6", "comprimento": "", "descricao": "FIBRA AS MINI RAR -R3 6"}, "geometry": {"type": "LineString", "coordinates": [[-41.330627588755995, -21.778179197968996], [-41.330523571055, -21.778294449881997], [-41.330392440926, -21.778363637758005], [-41.330005010699, -21.778490943682996]]}}, {"type": "Feature", "properties": {"tipo": "cabo", "nome": "155M - 6F", "comprimento": "", "descricao": "155M - 6F"}, "geometry": {"type": "LineString", "coordinates": [[-41.329575496479, -21.784277731184005], [-41.32946545228399, -21.783817801073], [-41.32946819082899, -21.783825293383998], [-41.329481967729, -21.783773879746008], [-41.329625068323, -21.783710931778984], [-41.329762288666004, -21.783688796633996], [-41.329764794469, -21.783779719424984], [-41.32978193344401, -21.783668886194008], [-41.329900446691, -21.78366080493599], [-41.329978093899, -21.783635008169995], [-41.33017592990001, -21.783548628286]]}}, {"type": "Feature", "properties": {"tipo": "cabo", "nome": "331M - 6F", "comprimento": "", "descricao": "331M - 6F"}, "geometry": {"type": "LineString", "coordinates": [[-41.32814009675301, -21.784222434723006], [-41.328756598846, -21.78399419651801], [-41.329087966808, -21.783892145299006], [-41.32923759164, -21.783885862253], [-41.329115738909, -21.78372014227], [-41.328991503454, -21.783311248871996], [-41.32887414186, -21.782953673676005], [-41.328852226663, -21.783095700195005], [-41.32855383405, -21.783144321153003], [-41.328222621769, -21.783308801391982], [-41.328106769464, -21.783368181103]]}}, {"type": "Feature", "properties": {"tipo": "cabo", "nome": "199M - 6F", "comprimento": "", "descricao": "199M - 6F"}, "geometry": {"type": "LineString", "coordinates": [[-41.329247378681, -21.78200488187599], [-41.329764922025994, -21.781825083122], [-41.33011432175, -21.781790037194014], [-41.330237177861, -21.781733278378994], [-41.329960057814, -21.780950909527988]]}}, {"type": "Feature", "properties": {"tipo": "cabo", "nome": "257M - 6F", "comprimento": "", "descricao": "257M - 6F"}, "geometry": {"type": "LineString", "coordinates": [[-41.327705585665, -21.782545359414996], [-41.326695243227, -21.782850992963006], [-41.326619695019, -21.782905196632], [-41.326311749197, -21.782927926707004], [-41.32617119371, -21.783028638328005], [-41.325359220473004, -21.783238725372016]]}}, {"type": "Feature", "properties": {"tipo": "cabo", "nome": "262M - 6F", "comprimento": "", "descricao": "262M - 6F"}, "geometry": {"type": "LineString", "coordinates": [[-41.330050865735, -21.78022572077799], [-41.329867518705, -21.780279048487984], [-41.329805827897, -21.780089752446003], [-41.329939938348, -21.780020011735004], [-41.33000250651399, -21.780073251700017], [-41.329933248495, -21.779918897944], [-41.32993457393, -21.779995104329984], [-41.329792271096, -21.78006208233701], [-41.32961181524801, -21.779546696720004], [-41.329856789869005, -21.780321390989997], [-41.329679417482, -21.780497819386994], [-41.329317803764994, -21.780573277810007], [-41.329324966113, -21.780669343579007], [-41.329370938281, -21.780786051340996], [-41.32939929562, -21.78098426305], [-41.329793323163, -21.780902958819013], [-41.32996503561, -21.780948898129992]]}}, {"type": "Feature", "properties": {"tipo": "cabo", "nome": "238M - 6F", "comprimento": "", "descricao": "238M - 6F"}, "geometry": {"type": "LineString", "coordinates": [[-41.325172783537006, -21.781603649700003], [-41.325469826981, -21.781506936016996], [-41.326020671218, -21.781343948162004], [-41.325967027036995, -21.781147458118994], [-41.326064712288, -21.781326223145], [-41.32713229788, -21.780970340086], [-41.32806601532, -21.780628681222993], [-41.328103283194, -21.780487388451007]]}}, {"type": "Feature", "properties": {"tipo": "cabo", "nome": "278M - 6F", "comprimento": "", "descricao": "278M - 6F"}, "geometry": {"type": "LineString", "coordinates": [[-41.328097498318, -21.780482793212002], [-41.328337716877, -21.781236625625], [-41.328307253399004, -21.781320669186996], [-41.328495038385, -21.781366229325997], [-41.328645625658, -21.781281946687997], [-41.328790421622, -21.781242514392005], [-41.329797375697, -21.780924791044], [-41.32996503561, -21.780948898129992]]}}, {"type": "Feature", "properties": {"tipo": "cabo", "nome": "365M - 6F", "comprimento": "", "descricao": "365M - 6F"}, "geometry": {"type": "LineString", "coordinates": [[-41.330364752512, -21.779591358139996], [-41.330178840373, -21.77897815518702], [-41.33046121140399, -21.778894164555993], [-41.330879933637, -21.778721885295994], [-41.330837388934, -21.778832580021003], [-41.331088101219, -21.779409825081018], [-41.33111616334, -21.77958156498498], [-41.331380112819, -21.780233521050008], [-41.331460753267, -21.780321820252], [-41.331243247792, -21.780432208562004]]}}, {"type": "Feature", "properties": {"tipo": "cabo", "nome": "467M - 6F", "comprimento": "", "descricao": "467M - 6F"}, "geometry": {"type": "LineString", "coordinates": [[-41.329568571657, -21.779190296128007], [-41.329803041491, -21.779120858644006], [-41.330199577634, -21.778969638141007], [-41.330879933637, -21.778721885295994], [-41.331043727306, -21.778695019254997], [-41.331686479971, -21.778420815377004], [-41.331032475591996, -21.778678280880996], [-41.331078693521, -21.778415604223], [-41.332060569656, -21.778083644221013]]}}, {"type": "Feature", "properties": {"tipo": "cabo", "nome": "124M - 6F", "comprimento": "", "descricao": "124M - 6F"}, "geometry": {"type": "LineString", "coordinates": [[-41.37728472666599, -21.77843184548999], [-41.37775607137, -21.77886772465], [-41.37788147475, -21.778876119125], [-41.37817518322299, -21.778612273272003]]}}, {"type": "Feature", "properties": {"tipo": "cabo", "nome": "62M - 6F", "comprimento": "", "descricao": "62M - 6F"}, "geometry": {"type": "LineString", "coordinates": [[-41.378177427741, -21.778630219752998], [-41.377759415327, -21.77822893829702]]}}, {"type": "Feature", "properties": {"tipo": "cabo", "nome": "167M - 6F", "comprimento": "", "descricao": "167M - 6F"}, "geometry": {"type": "LineString", "coordinates": [[-41.331035618918, -21.777662914367994], [-41.33050832361601, -21.777829048044993], [-41.330577334611995, -21.778041417797], [-41.330651773416, -21.778185813858002], [-41.331114601459, -21.778022464151007]]}}, {"type": "Feature", "properties": {"tipo": "cabo", "nome": "721M - 12F", "comprimento": "", "descricao": "721M - 12F"}, "geometry": {"type": "LineString", "coordinates": [[-41.330627588755995, -21.778179197968996], [-41.330142570611, -21.776973737983], [-41.330546944104, -21.776832135475004], [-41.331225380257, -21.776582138978995], [-41.33158597994101, -21.776471620658995], [-41.33190695784399, -21.776341751361002], [-41.33260881396299, -21.776124939655006], [-41.332564043435, -21.775916947591], [-41.332436868843, -21.775506084060993], [-41.332213870241, -21.774887716357], [-41.331977330869, -21.77421577541402], [-41.331635772457, -21.773233313193003], [-41.331404659734, -21.772514738599], [-41.330744689128, -21.772773944735007]]}}, {"type": "Feature", "properties": {"tipo": "cabo", "nome": "263M - 6F", "comprimento": "", "descricao": "263M - 6F"}, "geometry": {"type": "LineString", "coordinates": [[-41.33218781728299, -21.777283487052003], [-41.332083037376, -21.777013819996], [-41.332127138233, -21.776941257028994], [-41.33276829067301, -21.776759667747996], [-41.332936172203, -21.776970803761998], [-41.332564043435, -21.775916947591]]}}, {"type": "Feature", "properties": {"tipo": "cabo", "nome": "148M - 6F", "comprimento": "", "descricao": "148M - 6F"}, "geometry": {"type": "LineString", "coordinates": [[-41.332362615594995, -21.782855934582997], [-41.332911185101, -21.782684501019006], [-41.333020876622, -21.782666435975003], [-41.333130976084, -21.783002917155997], [-41.33321886226799, -21.783334989748994]]}}, {"type": "Feature", "properties": {"tipo": "cabo", "nome": "497M - 6F", "comprimento": "", "descricao": "497M - 6F"}, "geometry": {"type": "LineString", "coordinates": [[-41.332636537191995, -21.778599083893013], [-41.333458400830004, -21.778341100758], [-41.333545348696, -21.778676938144002], [-41.334001139350995, -21.780011772144007], [-41.334388828043, -21.78110346337502], [-41.335045497537, -21.782927337847]]}}, {"type": "Feature", "properties": {"tipo": "cabo", "nome": "251M - 6F", "comprimento": "", "descricao": "251M - 6F"}, "geometry": {"type": "LineString", "coordinates": [[-41.333189389537, -21.781720676854007], [-41.333011950594, -21.781782178789996], [-41.332368064858, -21.782004327194002], [-41.332064790096, -21.782099261114], [-41.332361901688, -21.782862444166]]}}, {"type": "Feature", "properties": {"tipo": "cabo", "nome": "363M - 6F", "comprimento": "", "descricao": "363M - 6F"}, "geometry": {"type": "LineString", "coordinates": [[-41.33236903749601, -21.782835065472995], [-41.332900700985, -21.782667565086], [-41.333508037838, -21.782487344256992], [-41.334398774625, -21.782213527073992], [-41.334593486757996, -21.782062770457998], [-41.334689012162, -21.781949087420998], [-41.334459227682, -21.78132793921199], [-41.334376481584, -21.781097279438]]}}, {"type": "Feature", "properties": {"tipo": "cabo", "nome": "192M - 6F", "comprimento": "", "descricao": "192M - 6F"}, "geometry": {"type": "LineString", "coordinates": [[-41.331312006165994, -21.781377699665], [-41.331829298496, -21.781160273008993], [-41.331785203385, -21.781248724925007], [-41.331668628167, -21.780961225525004], [-41.331504192752, -21.780677555821995], [-41.33143097617, -21.780394361316], [-41.331254665402, -21.780445141580984]]}}, {"type": "Feature", "properties": {"tipo": "cabo", "nome": "357M - 12F", "comprimento": "", "descricao": "357M - 12F"}, "geometry": {"type": "LineString", "coordinates": [[-41.329947994036004, -21.78095175487701], [-41.330015088718, -21.780879042777997], [-41.33124919864, -21.780445319037014], [-41.33209827143501, -21.780173335580997], [-41.333146935505994, -21.779805220957]]}}, {"type": "Feature", "properties": {"tipo": "cabo", "nome": "234M - 6F", "comprimento": "", "descricao": "234M - 6F"}, "geometry": {"type": "LineString", "coordinates": [[-41.333291074741, -21.780720352410995], [-41.33237708303399, -21.781019472816013], [-41.332079092045, -21.780246507732016], [-41.33209827143501, -21.780173335580997]]}}, {"type": "Feature", "properties": {"tipo": "cabo", "nome": "76M - 6F", "comprimento": "", "descricao": "76M - 6F"}, "geometry": {"type": "LineString", "coordinates": [[-41.33339040829299, -21.784548438829006], [-41.333534497235, -21.78490581104502], [-41.333526818393, -21.78502779762202], [-41.333705653942, -21.784976799074997]]}}, {"type": "Feature", "properties": {"tipo": "cabo", "nome": "358M - 6F", "comprimento": "", "descricao": "358M - 6F"}, "geometry": {"type": "LineString", "coordinates": [[-41.330180296688994, -21.783558883300998], [-41.329969756579, -21.783642548394], [-41.330328821788, -21.784697142417983], [-41.33042018766799, -21.784784824011], [-41.330858052071, -21.784658039578986], [-41.331180712571005, -21.784545059685996], [-41.331644827239, -21.784383695166], [-41.331901013263, -21.784299069871963]]}}, {"type": "Feature", "properties": {"tipo": "cabo", "nome": "70M - 6F", "comprimento": "", "descricao": "70M - 6F"}, "geometry": {"type": "LineString", "coordinates": [[-41.334022809321, -21.784278949496013], [-41.334211962384, -21.784710549227995], [-41.334371059931, -21.784650237603003]]}}, {"type": "Feature", "properties": {"tipo": "cabo", "nome": "76M - 6F", "comprimento": "", "descricao": "76M - 6F"}, "geometry": {"type": "LineString", "coordinates": [[-41.334667319698, -21.784013239811998], [-41.33481873764901, -21.78441408191601], [-41.33506665318, -21.784309178124005]]}}, {"type": "Feature", "properties": {"tipo": "cabo", "nome": "74M - 6F", "comprimento": "", "descricao": "74M - 6F"}, "geometry": {"type": "LineString", "coordinates": [[-41.335531706196996, -21.784390406615998], [-41.335438222951, -21.784133258848996], [-41.335071979404994, -21.784330286661998]]}}, {"type": "Feature", "properties": {"tipo": "cabo", "nome": "413M - 12F", "comprimento": "", "descricao": "413M - 12F"}, "geometry": {"type": "LineString", "coordinates": [[-41.33238987269699, -21.782859011427007], [-41.331376934547, -21.78318552572202], [-41.330171940678, -21.783553843705008]]}}, {"type": "Feature", "properties": {"tipo": "cabo", "nome": "246M - 6F", "comprimento": "", "descricao": "246M - 6F"}, "geometry": {"type": "LineString", "coordinates": [[-41.329595004449004, -21.782855462604005], [-41.330342075278, -21.78260237522899], [-41.330496833711, -21.782605274740007], [-41.33069626055799, -21.783223017932002], [-41.330751288803, -21.783338936337998], [-41.331117357467, -21.783239099517004], [-41.33133664848899, -21.78319350558]]}}, {"type": "Feature", "properties": {"tipo": "cabo", "nome": "119M - 6F", "comprimento": "", "descricao": "119M - 6F"}, "geometry": {"type": "LineString", "coordinates": [[-41.378113451292, -21.777912316563004], [-41.37836790858, -21.778145958966007], [-41.378528037523, -21.778210652443008], [-41.378964007118, -21.778620821195005]]}}, {"type": "Feature", "properties": {"tipo": "cabo", "nome": "148M - 6F", "comprimento": "", "descricao": "148M - 6F"}, "geometry": {"type": "LineString", "coordinates": [[-41.380387174896, -21.778306232044002], [-41.38017998788799, -21.778487573424997], [-41.380133113111, -21.77839106418999], [-41.37991103851499, -21.778192981546], [-41.379757444632, -21.778048598762993], [-41.379476988845006, -21.77780644045299], [-41.379399869269, -21.77771246680402]]}}, {"type": "Feature", "properties": {"tipo": "cabo", "nome": "116M - 12F", "comprimento": "", "descricao": "116M - 12F"}, "geometry": {"type": "LineString", "coordinates": [[-41.381184653837, -21.777574552375015], [-41.380393550147, -21.778315269505]]}}, {"type": "Feature", "properties": {"tipo": "cabo", "nome": "148M - 6F", "comprimento": "", "descricao": "148M - 6F"}, "geometry": {"type": "LineString", "coordinates": [[-41.380387174896, -21.778306232044002], [-41.38059471633801, -21.778113307737996], [-41.380482407037, -21.778082147703998], [-41.380225429197, -21.777838735727997], [-41.379760314198, -21.777409981852003]]}}, {"type": "Feature", "properties": {"tipo": "cabo", "nome": "160M - 6F", "comprimento": "", "descricao": "160M - 6F"}, "geometry": {"type": "LineString", "coordinates": [[-41.381173600954995, -21.777566007814997], [-41.380851637281, -21.777859555910993], [-41.380543545924, -21.77757475916502], [-41.380073185832, -21.77713984739802]]}}, {"type": "Feature", "properties": {"tipo": "cabo", "nome": "231M - 6F", "comprimento": "", "descricao": "231M - 6F"}, "geometry": {"type": "LineString", "coordinates": [[-41.381504129476, -21.776705846073], [-41.381788910341, -21.77696715748101], [-41.38172326149099, -21.777061189913], [-41.38151674005001, -21.777254552263997], [-41.381480285354, -21.777136609155022], [-41.381235000848, -21.776908543747993], [-41.381228784657004, -21.77691696252201], [-41.38146943682299, -21.777149218831013], [-41.381502843081, -21.777267124999], [-41.38118455785601, -21.777569054769998]]}}, {"type": "Feature", "properties": {"tipo": "cabo", "nome": "67M - 6F", "comprimento": "", "descricao": "67M - 6F"}, "geometry": {"type": "LineString", "coordinates": [[-41.380758477345, -21.777119576736993], [-41.38112092623, -21.777456955503], [-41.381178496746, -21.77757464821802]]}}, {"type": "Feature", "properties": {"tipo": "cabo", "nome": "99M - 12F", "comprimento": "", "descricao": "99M - 12F"}, "geometry": {"type": "LineString", "coordinates": [[-41.381074483304, -21.78019843631799], [-41.380401915501, -21.780831217279]]}}, {"type": "Feature", "properties": {"tipo": "cabo", "nome": "215M - 6F", "comprimento": "", "descricao": "215M - 6F"}, "geometry": {"type": "LineString", "coordinates": [[-41.37988073737, -21.779429902999993], [-41.379147005045, -21.780102769574995], [-41.37840968429901, -21.780799954017994]]}}, {"type": "Feature", "properties": {"tipo": "cabo", "nome": "362M - 6F", "comprimento": "", "descricao": "362M - 6F"}, "geometry": {"type": "LineString", "coordinates": [[-41.382279999301, -21.777255392364992], [-41.382519784967, -21.77780482006], [-41.382422886733, -21.777984945293994], [-41.381950235973, -21.778418099066997], [-41.381211839403, -21.779104163582005], [-41.380545865582, -21.779733546605]]}}, {"type": "Feature", "properties": {"tipo": "cabo", "nome": "432 M - 12F", "comprimento": "", "descricao": "432 M - 12F"}, "geometry": {"type": "LineString", "coordinates": [[-41.378166903942, -21.778625481739994], [-41.378460417975, -21.778356711189005], [-41.37851929387, -21.778213387503996], [-41.378949964600004, -21.778624826395998], [-41.379381309061, -21.779011046928005], [-41.379241318979, -21.779064381801987], [-41.37874018416701, -21.77954147222499], [-41.378762831581, -21.77956179812402], [-41.379254228696, -21.779083700219005], [-41.379401940038, -21.779029864888983], [-41.379567070277, -21.779179093393992], [-41.37952089658399, -21.77909160368], [-41.37973973444899, -21.778892389568995]]}}, {"type": "Feature", "properties": {"tipo": "cabo", "nome": "196M - 6F", "comprimento": "", "descricao": "196M - 6F"}, "geometry": {"type": "LineString", "coordinates": [[-41.378941460047, -21.778626593211], [-41.378703656181, -21.778404577516994], [-41.37868093356299, -21.778692028571], [-41.378360734361, -21.778992849990004], [-41.377882697327, -21.779442617353], [-41.37776300557899, -21.779451021803013]]}}, {"type": "Feature", "properties": {"tipo": "cabo", "nome": "348M - 12F", "comprimento": "", "descricao": "348M - 12F"}, "geometry": {"type": "LineString", "coordinates": [[-41.382296889247, -21.77724809949801], [-41.382131681307, -21.777316619385005], [-41.38166346047, -21.77776595681], [-41.381190017049, -21.778205828639997], [-41.380388196097, -21.778954794995997], [-41.37988073737, -21.779429902999993]]}}, {"type": "Feature", "properties": {"tipo": "cabo", "nome": "132M - 6F", "comprimento": "", "descricao": "132M - 6F"}, "geometry": {"type": "LineString", "coordinates": [[-41.37907210617401, -21.778078740750004], [-41.379546211637, -21.778517771412993], [-41.37975516366, -21.778717748670005], [-41.379867655427, -21.778772358278005], [-41.37973973444899, -21.778892389568995]]}}, {"type": "Feature", "properties": {"tipo": "cabo", "nome": "248M - 6F", "comprimento": "", "descricao": "248M - 6F"}, "geometry": {"type": "LineString", "coordinates": [[-41.379659543612, -21.782411444147], [-41.380075357473004, -21.782009153397], [-41.380536762279995, -21.781580199576], [-41.381361165765, -21.780831857314]]}}, {"type": "Feature", "properties": {"tipo": "cabo", "nome": "133M - 6F", "comprimento": "", "descricao": "133M - 6F"}, "geometry": {"type": "LineString", "coordinates": [[-41.381271580174, -21.783709283723994], [-41.38152707452501, -21.784259356669992], [-41.382174809387, -21.784274505663006]]}}, {"type": "Feature", "properties": {"tipo": "cabo", "nome": "388M - 6F", "comprimento": "", "descricao": "388M - 6F"}, "geometry": {"type": "LineString", "coordinates": [[-41.378710800893, -21.781444605082], [-41.379439059726, -21.780769861246], [-41.38014780218201, -21.780114612402997], [-41.380384082845, -21.77989604519], [-41.380392501958, -21.779969277936004], [-41.380805583192, -21.780330402139995], [-41.380864917516, -21.780367638141], [-41.380388574877, -21.780821781493003]]}}, {"type": "Feature", "properties": {"tipo": "cabo", "nome": "162M - 6F", "comprimento": "", "descricao": "162M - 6F"}, "geometry": {"type": "LineString", "coordinates": [[-41.381688997105, -21.782909636362007], [-41.381952091706, -21.78353168413598], [-41.38221718762, -21.784157123935998], [-41.382174809387, -21.784274505663006]]}}, {"type": "Feature", "properties": {"tipo": "cabo", "nome": "146M - 6F", "comprimento": "", "descricao": "146M - 6F"}, "geometry": {"type": "LineString", "coordinates": [[-41.381864670770995, -21.782203547075], [-41.38139170127899, -21.782646331411996], [-41.38086263529999, -21.783135747405993]]}}, {"type": "Feature", "properties": {"tipo": "cabo", "nome": "232M - 6F", "comprimento": "", "descricao": "232M - 6F"}, "geometry": {"type": "LineString", "coordinates": [[-41.381850926345, -21.78219319831301], [-41.381626693488, -21.782407930001995], [-41.381677774357, -21.782228679521012], [-41.38125551278101, -21.781828995587006], [-41.381009110398, -21.782059087095007], [-41.380451864018, -21.782565859029987]]}}, {"type": "Feature", "properties": {"tipo": "cabo", "nome": "145M - 6F", "comprimento": "", "descricao": "145M - 6F"}, "geometry": {"type": "LineString", "coordinates": [[-41.380392267923, -21.780826793837008], [-41.379878117809, -21.781307787746], [-41.379407713252, -21.781754889886997]]}}, {"type": "Feature", "properties": {"tipo": "cabo", "nome": "193M - 6F", "comprimento": "", "descricao": "193M - 6F"}, "geometry": {"type": "LineString", "coordinates": [[-41.331383303084, -21.786781653332], [-41.331295866251004, -21.786578727792005], [-41.330993624971, -21.786033074881004], [-41.330540084894, -21.785226938818994]]}}, {"type": "Feature", "properties": {"tipo": "cabo", "nome": "195M - 6F", "comprimento": "", "descricao": "195M - 6F"}, "geometry": {"type": "LineString", "coordinates": [[-41.33171771941101, -21.78647572541702], [-41.33124617150099, -21.785598178524978], [-41.331051448919, -21.785150993033994], [-41.331085541211, -21.785115308664004], [-41.331336973302, -21.78504233537201]]}}, {"type": "Feature", "properties": {"tipo": "cabo", "nome": "282M - 6F", "comprimento": "", "descricao": "282M - 6F"}, "geometry": {"type": "LineString", "coordinates": [[-41.33065500653, -21.786468943591004], [-41.330478947895, -21.786117033598984], [-41.330254886179, -21.78569475130101], [-41.33015213969599, -21.785509808548], [-41.330010108054, -21.785175256345], [-41.329870921401, -21.784986654285007], [-41.3302156904, -21.784871161647004], [-41.330364154505, -21.784877163746984], [-41.330552306447, -21.785246840838994]]}}, {"type": "Feature", "properties": {"tipo": "cabo", "nome": "315M - 6F", "comprimento": "", "descricao": "315M - 6F"}, "geometry": {"type": "LineString", "coordinates": [[-41.328664678195, -21.78598643008101], [-41.329184144476, -21.785795124779], [-41.329562993743, -21.785677433246008], [-41.33013031663799, -21.785476640267007], [-41.329993496393, -21.785153382583005], [-41.329809474074, -21.784838732623996], [-41.32908193073, -21.785085851228004]]}}, {"type": "Feature", "properties": {"tipo": "cabo", "nome": "58M - 6F", "comprimento": "", "descricao": "58M - 6F"}, "geometry": {"type": "LineString", "coordinates": [[-41.327389539294, -21.785752143569], [-41.3273309905, -21.785642423417997], [-41.327210848168, -21.785780723853023], [-41.326988010608, -21.785832034405004]]}}, {"type": "Feature", "properties": {"tipo": "cabo", "nome": "466M - 12F", "comprimento": "", "descricao": "466M - 12F"}, "geometry": {"type": "LineString", "coordinates": [[-41.32814497134301, -21.784222155078993], [-41.327322956765, -21.784411542311005], [-41.327059183618, -21.784427228416007], [-41.327344742126, -21.784455971398998], [-41.32676747999199, -21.784658013794], [-41.326451296991, -21.78473702142], [-41.326111547564, -21.784818436894], [-41.32585528813, -21.784908079923], [-41.325613655673, -21.784952529124], [-41.325437913507, -21.784987251019004], [-41.325294097918004, -21.785073782083998], [-41.32529812776001, -21.785140414596995], [-41.325265722145, -21.785073688994004], [-41.325014091092, -21.785071869023994], [-41.324677764395, -21.78511478125199], [-41.324665806543, -21.78530217115302]]}}, {"type": "Feature", "properties": {"tipo": "cabo", "nome": "120M - 6F", "comprimento": "", "descricao": "120M - 6F"}, "geometry": {"type": "LineString", "coordinates": [[-41.330063329323, -21.788503043937], [-41.33026772187401, -21.788682640250002], [-41.330029289455005, -21.788935119941996], [-41.329923272883, -21.788999388345005], [-41.329667206928, -21.78871616222601]]}}, {"type": "Feature", "properties": {"tipo": "cabo", "nome": "384M - 6F", "comprimento": "", "descricao": "384M - 6F"}, "geometry": {"type": "LineString", "coordinates": [[-41.328526121043005, -21.788981459826005], [-41.328431909137, -21.788861859487], [-41.328328082944, -21.788662197783992], [-41.328232923193, -21.788395850862017], [-41.328044823018, -21.78774678184898], [-41.327782822471, -21.786929541212018], [-41.327714526122, -21.787008744285004], [-41.32726470081299, -21.78708956712201], [-41.327430243392, -21.787836200279997]]}}, {"type": "Feature", "properties": {"tipo": "cabo", "nome": "276M - 6F", "comprimento": "", "descricao": "276M - 6F"}, "geometry": {"type": "LineString", "coordinates": [[-41.330236081203, -21.787064149800003], [-41.33053821043, -21.78767317133901], [-41.33084060609699, -21.788224639953], [-41.330871073832, -21.788277247455994], [-41.331238296691, -21.788027447371007], [-41.331856975412, -21.787614744994002], [-41.331856323106, -21.78762564160502]]}}, {"type": "Feature", "properties": {"tipo": "cabo", "nome": "272M - 6F", "comprimento": "", "descricao": "272M - 6F"}, "geometry": {"type": "LineString", "coordinates": [[-41.32908463762601, -21.788218333744], [-41.328789875609, -21.78749625441], [-41.32851561688, -21.786969482193996], [-41.328473204439995, -21.786868238137004], [-41.327946301605, -21.786979556305994], [-41.32784619551901, -21.786981737145013], [-41.32797462601701, -21.787453749102994]]}}, {"type": "Feature", "properties": {"tipo": "cabo", "nome": "294M - 6F", "comprimento": "", "descricao": "294M - 6F"}, "geometry": {"type": "LineString", "coordinates": [[-41.329777747164, -21.787887075615004], [-41.32922497515, -21.787333415741983], [-41.328872615077, -21.78703987667899], [-41.328749384892, -21.786893022894006], [-41.328503316533, -21.78685475479], [-41.328789875609, -21.78749625441]]}}, {"type": "Feature", "properties": {"tipo": "cabo", "nome": "34M - 6F", "comprimento": "", "descricao": "34M - 6F"}, "geometry": {"type": "LineString", "coordinates": [[-41.32796809612, -21.787456404862], [-41.328063744546, -21.787743447015004]]}}, {"type": "Feature", "properties": {"tipo": "cabo", "nome": "416M - 12F", "comprimento": "", "descricao": "416M - 12F"}, "geometry": {"type": "LineString", "coordinates": [[-41.327970619958, -21.787477453132], [-41.327666408729, -21.786499964460006], [-41.327723818629, -21.786370705533017], [-41.327527234215, -21.785801144085], [-41.327389539294, -21.785752143569], [-41.327317037199, -21.785583980811992], [-41.327864207838, -21.785471901806005], [-41.327984907243, -21.785427070179992], [-41.32908193073, -21.785085851228004]]}}, {"type": "Feature", "properties": {"tipo": "cabo", "nome": "114M - 6F", "comprimento": "", "descricao": "114M - 6F"}, "geometry": {"type": "LineString", "coordinates": [[-41.328482196036994, -21.789606734342996], [-41.32857563851099, -21.789736294666014], [-41.328799422012, -21.789945651872998], [-41.32875313046501, -21.789973537334006], [-41.328325792171, -21.790313492578008]]}}, {"type": "Feature", "properties": {"tipo": "cabo", "nome": "300M - 12F", "comprimento": "", "descricao": "300M - 12F"}, "geometry": {"type": "LineString", "coordinates": [[-41.327421181467, -21.787827386724004], [-41.327525450629, -21.788209898241007], [-41.327654501503005, -21.788872288728996], [-41.327781470582, -21.789453153767], [-41.327877052715, -21.78955023169098], [-41.327907991325, -21.789640951153984], [-41.32803897052901, -21.789820792536005], [-41.328173058811, -21.789969461612003], [-41.328362905709994, -21.790193486096996], [-41.328342674960005, -21.790313378391005]]}}, {"type": "Feature", "properties": {"tipo": "cabo", "nome": "44M - 6F", "comprimento": "", "descricao": "44M - 6F"}, "geometry": {"type": "LineString", "coordinates": [[-41.328452000076, -21.789926730510018], [-41.3285858016, -21.790081349277003], [-41.328750356979, -21.789964478748985]]}}, {"type": "Feature", "properties": {"tipo": "cabo", "nome": "454M - 6F", "comprimento": "", "descricao": "454M - 6F"}, "geometry": {"type": "LineString", "coordinates": [[-41.327197439758, -21.789876319162005], [-41.327110656989, -21.789784876317015], [-41.32698053748701, -21.789177508202002], [-41.326864704226, -21.788561379716], [-41.326709035244996, -21.787881810884002], [-41.326588106124, -21.787377217406004], [-41.326595250713, -21.787224333802], [-41.326956499975005, -21.787146891307017], [-41.327248065213, -21.787096422109997], [-41.32732837811899, -21.787465828595984], [-41.32740584964299, -21.78783054361]]}}, {"type": "Feature", "properties": {"tipo": "cabo", "nome": "68M - 6F", "comprimento": "", "descricao": "68M - 6F"}, "geometry": {"type": "LineString", "coordinates": [[-41.329005756601, -21.789208480594], [-41.32929938139101, -21.789521228671987], [-41.329457226675, -21.78939860596701]]}}, {"type": "Feature", "properties": {"tipo": "cabo", "nome": "194M - 6F", "comprimento": "", "descricao": "194M - 6F"}, "geometry": {"type": "LineString", "coordinates": [[-41.32861397116701, -21.789390190555977], [-41.328707791102005, -21.789505741366], [-41.328959503245, -21.789781182663006], [-41.329145096413995, -21.789652592742996], [-41.32917299052699, -21.789621778818002], [-41.328934028428, -21.789384928323997], [-41.329151054873, -21.789581590487018], [-41.329208925809006, -21.789617082871004], [-41.329463427981, -21.78940745359499]]}}, {"type": "Feature", "properties": {"tipo": "cabo", "nome": "198M - 6F", "comprimento": "", "descricao": "198M - 6F"}, "geometry": {"type": "LineString", "coordinates": [[-41.329535843514, -21.788951861114995], [-41.329727727431, -21.789144055470018], [-41.32950409716, -21.789336185271992], [-41.32908566869399, -21.788908372378998], [-41.329500512781, -21.789353217777006], [-41.329447659203, -21.789399859206014]]}}, {"type": "Feature", "properties": {"tipo": "cabo", "nome": "199M - 6F", "comprimento": "", "descricao": "199M - 6F"}, "geometry": {"type": "LineString", "coordinates": [[-41.332785995901, -21.78658776938198], [-41.332547538127, -21.78613526613198], [-41.33228670966, -21.785582918111004], [-41.331983734397, -21.78495396401702]]}}, {"type": "Feature", "properties": {"tipo": "cabo", "nome": "142M - 6F", "comprimento": "", "descricao": "142M - 6F"}, "geometry": {"type": "LineString", "coordinates": [[-41.332247829354, -21.786271783502002], [-41.331664916798, -21.785109398684995]]}}, {"type": "Feature", "properties": {"tipo": "cabo", "nome": "153M - 6F", "comprimento": "", "descricao": "153M - 6F"}, "geometry": {"type": "LineString", "coordinates": [[-41.337281319084994, -21.785112375713993], [-41.337661149094, -21.785202229704993], [-41.337414530479, -21.786048979857], [-41.337321893646, -21.786162280257997]]}}, {"type": "Feature", "properties": {"tipo": "cabo", "nome": "115M - 6F", "comprimento": "", "descricao": "115M - 6F"}, "geometry": {"type": "LineString", "coordinates": [[-41.333052622884, -21.785325942960014], [-41.332909550851, -21.785372957438994], [-41.332658288769, -21.784816585499], [-41.332526959683, -21.784437459865998]]}}, {"type": "Feature", "properties": {"tipo": "cabo", "nome": "264M - 6F", "comprimento": "", "descricao": "264M - 6F"}, "geometry": {"type": "LineString", "coordinates": [[-41.332596811489, -21.785817618295994], [-41.33205239176401, -21.784657176937998], [-41.331919083680994, -21.784332130327], [-41.331755549608, -21.784429778604007], [-41.332008230995, -21.784964491113]]}}, {"type": "Feature", "properties": {"tipo": "cabo", "nome": "434M - 12F", "comprimento": "", "descricao": "434M - 12F"}, "geometry": {"type": "LineString", "coordinates": [[-41.333052622884, -21.785325942960014], [-41.333704904263996, -21.784989574151], [-41.33404360686999, -21.78480611516001], [-41.33437467996399, -21.784663755097], [-41.334716788097, -21.784481919607998], [-41.33506779525601, -21.784322451221], [-41.335426828625, -21.784114845112], [-41.335314760696, -21.783695555516005], [-41.335031720542, -21.782899773349996]]}}, {"type": "Feature", "properties": {"tipo": "cabo", "nome": "407M - 12F", "comprimento": "", "descricao": "407M - 12F"}, "geometry": {"type": "LineString", "coordinates": [[-41.332009497086, -21.78499397284402], [-41.331752059388, -21.784456717051015], [-41.33166114725001, -21.784408187097995], [-41.331425075957, -21.784507558447984], [-41.331491323099, -21.784742083959998], [-41.331681621452, -21.78514875459601], [-41.331583309568, -21.78499067860598], [-41.331328461941, -21.785044107378], [-41.331156680736, -21.784719412772006], [-41.331073621038, -21.784599822219988], [-41.330843724779, -21.784665985483997], [-41.3303914306, -21.784819931909993], [-41.330382440165, -21.784884005186996], [-41.330558921958996, -21.78523353621098]]}}, {"type": "Feature", "properties": {"tipo": "cabo", "nome": "429M - 6F", "comprimento": "", "descricao": "429M - 6F"}, "geometry": {"type": "LineString", "coordinates": [[-41.341966443688, -21.788282854377], [-41.340797224156, -21.788034561705004], [-41.34056228800999, -21.787957388561992], [-41.340344205654, -21.787960912967023], [-41.339111767571, -21.787688408519003], [-41.33903788087, -21.787656577679996], [-41.33923824927601, -21.786862382913995], [-41.339271964684, -21.786617515299]]}}, {"type": "Feature", "properties": {"tipo": "cabo", "nome": "162M - 6F", "comprimento": "", "descricao": "162M - 6F"}, "geometry": {"type": "LineString", "coordinates": [[-41.333150665223, -21.786801788664988], [-41.332400564734, -21.787297840578987], [-41.33185802077, -21.787630654069005]]}}, {"type": "Feature", "properties": {"tipo": "cabo", "nome": "134M - 6F", "comprimento": "", "descricao": "134M - 6F"}, "geometry": {"type": "LineString", "coordinates": [[-41.341181690138, -21.787281591989], [-41.339924409408, -21.786995434877]]}}, {"type": "Feature", "properties": {"tipo": "cabo", "nome": "668M - 12F", "comprimento": "", "descricao": "668M - 12F"}, "geometry": {"type": "LineString", "coordinates": [[-41.335067463693, -21.785548517363992], [-41.335397216636, -21.785308345711], [-41.335721801249, -21.785094815666], [-41.33577636602401, -21.785045550969002], [-41.335902392034, -21.78507108078], [-41.336123579905006, -21.784948787743005], [-41.33649764386699, -21.785992004655], [-41.33724507287499, -21.786184006482003], [-41.337320832119, -21.786094327863992], [-41.337294993089, -21.78619785469401], [-41.339297868264, -21.786633637861], [-41.33927201698501, -21.786866806964], [-41.339940169846, -21.786999864994996]]}}, {"type": "Feature", "properties": {"tipo": "cabo", "nome": "242M - 6F", "comprimento": "", "descricao": "242M - 6F"}, "geometry": {"type": "LineString", "coordinates": [[-41.33313739664901, -21.786802483955995], [-41.33403459719201, -21.786221683801003], [-41.335073058362, -21.785571134329004]]}}, {"type": "Feature", "properties": {"tipo": "cabo", "nome": "70M - 6F", "comprimento": "", "descricao": "70M - 6F"}, "geometry": {"type": "LineString", "coordinates": [[-41.332771655248, -21.786568461475014], [-41.332919481751, -21.786913947985], [-41.333153103636, -21.786773297438998]]}}, {"type": "Feature", "properties": {"tipo": "cabo", "nome": "111M - 6F", "comprimento": "", "descricao": "111M - 6F"}, "geometry": {"type": "LineString", "coordinates": [[-41.33958182057701, -21.785674570457985], [-41.339357993305, -21.786524571228995], [-41.339290994771, -21.786638093094]]}}, {"type": "Feature", "properties": {"tipo": "cabo", "nome": "319M - 12F", "comprimento": "", "descricao": "319M - 12F"}, "geometry": {"type": "LineString", "coordinates": [[-41.329449094378, -21.789412493756018], [-41.329638443432, -21.78925420588898], [-41.329829927419, -21.789104010049], [-41.330028589866, -21.78894842527201], [-41.33043967850401, -21.788591374053993], [-41.330980388424, -21.78824689910701], [-41.33187018604, -21.787633913315005]]}}, {"type": "Feature", "properties": {"tipo": "cabo", "nome": "117M - 12F", "comprimento": "", "descricao": "117M - 12F"}, "geometry": {"type": "LineString", "coordinates": [[-41.350690157471, -21.80259544158301], [-41.35057655381, -21.80272102152898], [-41.350793977561004, -21.802987623584002], [-41.350827272942, -21.80312020126898], [-41.350458588676, -21.803358412593013]]}}, {"type": "Feature", "properties": {"tipo": "cabo", "nome": "108M - 6F", "comprimento": "", "descricao": "108M - 6F"}, "geometry": {"type": "LineString", "coordinates": [[-41.350690157471, -21.80259544158301], [-41.350213923598, -21.802917406291], [-41.350025220618, -21.802821614544996], [-41.349890875276, -21.802635795642004]]}}, {"type": "Feature", "properties": {"tipo": "cabo", "nome": "1037M - 12FO", "comprimento": "", "descricao": "1037M - 12FO"}, "geometry": {"type": "LineString", "coordinates": [[-41.345142621087, -21.797455332661002], [-41.34534066391, -21.797632143740998], [-41.346295401833, -21.799114920045014], [-41.347173982925, -21.800430137703003], [-41.34734236539, -21.800769338831017], [-41.34727262438499, -21.801053298808995], [-41.34666105721999, -21.802393383910996], [-41.348506622096, -21.803099189934002], [-41.348880259162, -21.80311809263098], [-41.349155887413, -21.803047735543018], [-41.34944931172101, -21.802935892269005], [-41.349626957849, -21.803134609539995], [-41.349748345182, -21.803225028838], [-41.35020766721, -21.802918877652004]]}}, {"type": "Feature", "properties": {"tipo": "cabo", "nome": "231M - 6F", "comprimento": "", "descricao": "231M - 6F"}, "geometry": {"type": "LineString", "coordinates": [[-41.35045472141, -21.803353159835012], [-41.350865436248, -21.803094936322978], [-41.351085595583, -21.803377149228993], [-41.35114920545999, -21.803500313748017], [-41.350915609755006, -21.803638597697997], [-41.351694096219, -21.803146066864002]]}}, {"type": "Feature", "properties": {"tipo": "cabo", "nome": "1840M - 12F", "comprimento": "", "descricao": "1840M - 12F"}, "geometry": {"type": "LineString", "coordinates": [[-41.345158218351, -21.797471032215995], [-41.343197064455, -21.796205149142992], [-41.34110485338199, -21.794931286218997], [-41.340892284581, -21.79478860465001], [-41.340523993349, -21.794701578816984], [-41.340178258016, -21.794573610098], [-41.340028586757, -21.794455269458], [-41.339914673115, -21.794334266348997], [-41.339373537769, -21.793478755354997], [-41.338083221558, -21.791176446929995], [-41.337746492029, -21.79063797495499], [-41.337105787519, -21.788931888868007], [-41.335555891423, -21.784411581081002]]}}, {"type": "Feature", "properties": {"tipo": "cabo", "nome": "494M - 6F", "comprimento": "", "descricao": "494M - 6F"}, "geometry": {"type": "LineString", "coordinates": [[-41.337019751279, -21.78850820852601], [-41.336550859163, -21.787271161267], [-41.336159989574, -21.786131395382995], [-41.335792966227004, -21.78507272888899], [-41.335065705847995, -21.78557146758]]}}, {"type": "Feature", "properties": {"tipo": "cabo", "nome": "202M - 6FO", "comprimento": "", "descricao": "202M - 6FO"}, "geometry": {"type": "LineString", "coordinates": [[-41.353843638957, -21.803482038903], [-41.354825911449, -21.802831545852], [-41.355439212072, -21.802425622589]]}}, {"type": "Feature", "properties": {"tipo": "cabo", "nome": "300M - 6F", "comprimento": "", "descricao": "300M - 6F"}, "geometry": {"type": "LineString", "coordinates": [[-41.350450398487, -21.803357691242], [-41.351355189913, -21.802750309804992], [-41.35228586047, -21.802131466597018], [-41.352801641342005, -21.801773554915016], [-41.3537592134, -21.8011774526], [-41.353972498333, -21.801037515481], [-41.354530397808006, -21.801249197201003], [-41.3540447148, -21.801583366100004]]}}, {"type": "Feature", "properties": {"tipo": "cabo", "nome": "150M - 6F", "comprimento": "", "descricao": "150M - 6F"}, "geometry": {"type": "LineString", "coordinates": [[-41.352266294595, -21.803354686749017], [-41.352877273854, -21.802939514727996], [-41.353446448441, -21.802569811545993], [-41.3540807256, -21.802148540199966], [-41.354626780800004, -21.801794772500003]]}}, {"type": "Feature", "properties": {"tipo": "cabo", "nome": "252M - 6F", "comprimento": "", "descricao": "252M - 6F"}, "geometry": {"type": "LineString", "coordinates": [[-41.350690157471, -21.80259544158301], [-41.351264418433, -21.802205894383007], [-41.351910094, -21.80180020777], [-41.35267708069401, -21.801276781709987], [-41.3532029941, -21.80093883900001]]}}, {"type": "Feature", "properties": {"tipo": "cabo", "nome": "183M - 6F", "comprimento": "", "descricao": "183M - 6F"}, "geometry": {"type": "LineString", "coordinates": [[-41.351694096219, -21.803146066864002], [-41.352538759296, -21.802573116470995], [-41.35312264015899, -21.802179258389003]]}}, {"type": "Feature", "properties": {"tipo": "cabo", "nome": "303M - 6F", "comprimento": "", "descricao": "303M - 6F"}, "geometry": {"type": "LineString", "coordinates": [[-41.351996162018, -21.801140804331993], [-41.350893090231, -21.801877116027995], [-41.350235646873, -21.802291925348], [-41.350477433673, -21.802585041995002], [-41.350514346816, -21.802726161392997], [-41.350690157471, -21.80259544158301]]}}, {"type": "Feature", "properties": {"tipo": "cabo", "nome": "128M - 12F", "comprimento": "", "descricao": "128M - 12F"}, "geometry": {"type": "LineString", "coordinates": [[-41.352262375824, -21.803350626818002], [-41.352398801645, -21.803251652810005], [-41.352351442454, -21.803093488355984], [-41.35215694733099, -21.802846533250005], [-41.351694096219, -21.803146066864002]]}}, {"type": "Feature", "properties": {"tipo": "cabo", "nome": "481M - 12FO", "comprimento": "", "descricao": "481M - 12FO"}, "geometry": {"type": "LineString", "coordinates": [[-41.353841751661, -21.80348644347299], [-41.352587478284, -21.804323061779], [-41.352602446206, -21.804337762356994], [-41.353041641688, -21.804047892658005], [-41.35310783491099, -21.804053463716997], [-41.353296900034, -21.804306525016003], [-41.353321094661, -21.804419541382018], [-41.353048289635, -21.804604270672996], [-41.353059711252996, -21.804616025604005], [-41.353868088775, -21.804069683943], [-41.35442229414701, -21.80370208378301]]}}, {"type": "Feature", "properties": {"tipo": "cabo", "nome": "170M - 6FO", "comprimento": "", "descricao": "170M - 6FO"}, "geometry": {"type": "LineString", "coordinates": [[-41.352563206715, -21.803656230018007], [-41.35289219823, -21.803438273645], [-41.352804841028, -21.803663274328997], [-41.352987389657, -21.803912099957998], [-41.353021322509, -21.80402426147701], [-41.352585223084006, -21.804311921809003]]}}, {"type": "Feature", "properties": {"tipo": "cabo", "nome": "201M - 6F", "comprimento": "", "descricao": "201M - 6F"}, "geometry": {"type": "LineString", "coordinates": [[-41.352266294595, -21.803354686749017], [-41.352403708602, -21.803264684311003], [-41.35246955506501, -21.803271527022005], [-41.352644856197, -21.803496420011], [-41.35285937336, -21.803424731537007], [-41.35256663277299, -21.803615500215017], [-41.351900892359, -21.804066254541993]]}}, {"type": "Feature", "properties": {"tipo": "cabo", "nome": "168M - 6FO", "comprimento": "", "descricao": "168M - 6FO"}, "geometry": {"type": "LineString", "coordinates": [[-41.354740463786, -21.804098616792004], [-41.355452185674, -21.80362971790801], [-41.356064257524, -21.803230118551014], [-41.356971589466, -21.802629160709017]]}}, {"type": "Feature", "properties": {"tipo": "cabo", "nome": "135M - 6F", "comprimento": "", "descricao": "135M - 6F"}, "geometry": {"type": "LineString", "coordinates": [[-41.352262375824, -21.803350626818002], [-41.351692010384, -21.803732526234995], [-41.35119575341, -21.804048497899984]]}}, {"type": "Feature", "properties": {"tipo": "cabo", "nome": "168M - 6FO", "comprimento": "", "descricao": "168M - 6FO"}, "geometry": {"type": "LineString", "coordinates": [[-41.354421241846, -21.803699673241], [-41.355148578797, -21.803220605853], [-41.355749815769, -21.80282906162502]]}}, {"type": "Feature", "properties": {"tipo": "cabo", "nome": "107M - 6F", "comprimento": "", "descricao": "107M - 6F"}, "geometry": {"type": "LineString", "coordinates": [[-41.352547591621, -21.803643781383002], [-41.353388083432, -21.80308232557701], [-41.35471083059999, -21.802217436299998], [-41.3551947894, -21.801889486899995]]}}, {"type": "Feature", "properties": {"tipo": "cabo", "nome": "125M - 6FO", "comprimento": "", "descricao": "125M - 6FO"}, "geometry": {"type": "LineString", "coordinates": [[-41.35306043506, -21.804632582592006], [-41.35334628282, -21.804444284508023], [-41.353403346326, -21.804449282950017], [-41.353592319635, -21.804705426423993], [-41.353635728615, -21.804819590226998], [-41.353361402501, -21.805000866185992]]}}, {"type": "Feature", "properties": {"tipo": "cabo", "nome": "71M - 6FO", "comprimento": "", "descricao": "71M - 6FO"}, "geometry": {"type": "LineString", "coordinates": [[-41.352593317194, -21.80432284980199], [-41.35203297790801, -21.804699313301995]]}}, {"type": "Feature", "properties": {"tipo": "cabo", "nome": "91M - 6FO", "comprimento": "", "descricao": "91M - 6FO"}, "geometry": {"type": "LineString", "coordinates": [[-41.35305262512299, -21.804615466864007], [-41.352337996779, -21.805091347138003]]}}, {"type": "Feature", "properties": {"tipo": "cabo", "nome": "162M - 6FO", "comprimento": "", "descricao": "162M - 6FO"}, "geometry": {"type": "LineString", "coordinates": [[-41.353443472289, -21.805452098691006], [-41.35472015513399, -21.804612571613006], [-41.357257644799, -21.802905029699005]]}}, {"type": "Feature", "properties": {"tipo": "cabo", "nome": "162M - 6FO", "comprimento": "", "descricao": "162M - 6FO"}, "geometry": {"type": "LineString", "coordinates": [[-41.353363653093, -21.805013722881995], [-41.352914803889, -21.805302270100995], [-41.352090070086, -21.805857889818]]}}, {"type": "Feature", "properties": {"tipo": "cabo", "nome": "315M - 12FO", "comprimento": "", "descricao": "315M - 12FO"}, "geometry": {"type": "LineString", "coordinates": [[-41.353431587109, -21.805442538828004], [-41.35386864659, -21.805155693466006], [-41.353896881265, -21.805107891218015], [-41.353707651006, -21.804845525491004], [-41.353650092454, -21.804838340207], [-41.353369876828, -21.805024549375005], [-41.35335733967, -21.805008150697006], [-41.354182067856, -21.80447169881502], [-41.354742915857, -21.804104668280004]]}}, {"type": "Feature", "properties": {"tipo": "cabo", "nome": "140M - 6FO", "comprimento": "", "descricao": "140M - 6FO"}, "geometry": {"type": "LineString", "coordinates": [[-41.353439973659, -21.805441669252005], [-41.35232813766499, -21.806170793537007]]}}, {"type": "Feature", "properties": {"tipo": "cabo", "nome": "118M - 12F", "comprimento": "", "descricao": "118M - 12F"}, "geometry": {"type": "LineString", "coordinates": [[-41.3826695383, -21.781458300736006], [-41.381860922616, -21.78220791599699]]}}, {"type": "Feature", "properties": {"tipo": "cabo", "nome": "187M - 6F", "comprimento": "", "descricao": "187M - 6F"}, "geometry": {"type": "LineString", "coordinates": [[-41.382054405858, -21.781097615443016], [-41.381841308212, -21.781292125346], [-41.381747230208, -21.781228127221], [-41.38202904419, -21.781488204179], [-41.38224670458501, -21.781683893609994], [-41.382259014669, -21.781813325586], [-41.382657839791, -21.781446308664002]]}}, {"type": "Feature", "properties": {"tipo": "cabo", "nome": "155M - 6F", "comprimento": "", "descricao": "155M - 6F"}, "geometry": {"type": "LineString", "coordinates": [[-41.383729946208, -21.780468516032997], [-41.38360513501901, -21.780576894895006], [-41.38311447404501, -21.78102968727299], [-41.38266192111, -21.781453673119998]]}}, {"type": "Feature", "properties": {"tipo": "cabo", "nome": "242M - 6F", "comprimento": "", "descricao": "242M - 6F"}, "geometry": {"type": "LineString", "coordinates": [[-41.382722352249004, -21.778642596902017], [-41.382215642471, -21.779115538265017], [-41.38149998175, -21.779774651900993], [-41.381062493613, -21.780189096187]]}}, {"type": "Feature", "properties": {"tipo": "cabo", "nome": "268M - 12F", "comprimento": "", "descricao": "268M - 12F"}, "geometry": {"type": "LineString", "coordinates": [[-41.381353677221, -21.780832150223006], [-41.382085012481, -21.780148877215993], [-41.382550600418, -21.779718095275996], [-41.38303901644001, -21.779264404086007], [-41.383130997508, -21.779086428379998]]}}, {"type": "Feature", "properties": {"tipo": "cabo", "nome": "208M - 6F", "comprimento": "", "descricao": "208M - 6F"}, "geometry": {"type": "LineString", "coordinates": [[-41.383125598825, -21.779115936466], [-41.383441568628, -21.779830265846996], [-41.383298549348, -21.779929749348], [-41.383044232545, -21.780161654474995], [-41.382583495242, -21.780593111166013]]}}, {"type": "Feature", "properties": {"tipo": "cabo", "nome": "214M - 6F", "comprimento": "", "descricao": "214M - 6F"}, "geometry": {"type": "LineString", "coordinates": [[-41.384859798768005, -21.784852601135], [-41.385046894956, -21.784598443060986], [-41.385192401888, -21.784445539738996], [-41.385382035221, -21.784200534466024], [-41.385209696051, -21.783796815130998], [-41.384921308444994, -21.783171323099992]]}}, {"type": "Feature", "properties": {"tipo": "cabo", "nome": "112M - 12F", "comprimento": "", "descricao": "112M - 12F"}, "geometry": {"type": "LineString", "coordinates": [[-41.383017293074, -21.783914933083977], [-41.383516751461, -21.783720036999], [-41.383652918397, -21.783764064799], [-41.383804421173, -21.78410179302101]]}}, {"type": "Feature", "properties": {"tipo": "cabo", "nome": "233M - 6F", "comprimento": "", "descricao": "233M - 6F"}, "geometry": {"type": "LineString", "coordinates": [[-41.382946669824, -21.782151985667], [-41.383224920249, -21.782766682922002], [-41.383479065501, -21.783359257551993], [-41.383818467838, -21.784093465244]]}}, {"type": "Feature", "properties": {"tipo": "cabo", "nome": "186M - 6F", "comprimento": "", "descricao": "186M - 6F"}, "geometry": {"type": "LineString", "coordinates": [[-41.382309697986, -21.782385459897995], [-41.382559938071, -21.782989799180996], [-41.382729996884, -21.783369921433007], [-41.38295150119, -21.783864427013995], [-41.383027609943, -21.783913328593997]]}}, {"type": "Feature", "properties": {"tipo": "cabo", "nome": "240M - 6F", "comprimento": "", "descricao": "240M - 6F"}, "geometry": {"type": "LineString", "coordinates": [[-41.38491722540899, -21.783177653002], [-41.384350619638, -21.783409628445], [-41.38422556280799, -21.783327641373006], [-41.38394060299, -21.782674919887995], [-41.38364047170899, -21.78198825820202]]}}, {"type": "Feature", "properties": {"tipo": "cabo", "nome": "47M - 12F", "comprimento": "", "descricao": "47M - 12F"}, "geometry": {"type": "LineString", "coordinates": [[-41.384749146230995, -21.782783965405997], [-41.38491722540899, -21.783177653002]]}}, {"type": "Feature", "properties": {"tipo": "cabo", "nome": "200M - 6F", "comprimento": "", "descricao": "200M - 6F"}, "geometry": {"type": "LineString", "coordinates": [[-41.384002583739, -21.781119793781002], [-41.384175508138, -21.781496122514014], [-41.384456319645, -21.78213218388001], [-41.384744307136, -21.782789780169992]]}}, {"type": "Feature", "properties": {"tipo": "cabo", "nome": "132M - 6F", "comprimento": "", "descricao": "132M - 6F"}, "geometry": {"type": "LineString", "coordinates": [[-41.387491938856, -21.798021059462997], [-41.387323400704, -21.797626771066007], [-41.38723374579101, -21.797599060779987], [-41.38790139193, -21.79734038953302]]}}, {"type": "Feature", "properties": {"tipo": "cabo", "nome": "273M - 6F", "comprimento": "", "descricao": "273M - 6F"}, "geometry": {"type": "LineString", "coordinates": [[-41.386844186614994, -21.799542595416995], [-41.386591392114, -21.798944652502], [-41.386446230131, -21.798841821921002], [-41.387027285904, -21.798614313917994], [-41.386985584939, -21.79881754590801], [-41.387122679595, -21.799111541909], [-41.387336828345, -21.799609987604995]]}}, {"type": "Feature", "properties": {"tipo": "cabo", "nome": "136M - 6F", "comprimento": "", "descricao": "136M - 6F"}, "geometry": {"type": "LineString", "coordinates": [[-41.386363359319, -21.79793781154102], [-41.386962496341006, -21.797707878755006], [-41.38684440619501, -21.797813405439], [-41.387029968264, -21.798251550048008]]}}, {"type": "Feature", "properties": {"tipo": "cabo", "nome": "201M - 6F", "comprimento": "", "descricao": "201M - 6F"}, "geometry": {"type": "LineString", "coordinates": [[-41.38702735933799, -21.798239178477004], [-41.38686184617399, -21.798162177156016], [-41.38644435164, -21.798326727543014], [-41.38582544252999, -21.798565871030007], [-41.385836786663, -21.798705611000997], [-41.38594835093001, -21.79897506455201], [-41.385832440855, -21.799094704922993]]}}, {"type": "Feature", "properties": {"tipo": "cabo", "nome": "422M - 6F", "comprimento": "", "descricao": "422M - 6F"}, "geometry": {"type": "LineString", "coordinates": [[-41.383712292438, -21.785203649405005], [-41.383475496419, -21.785110943921012], [-41.383310437094, -21.78506737912801], [-41.383324268173, -21.785033889603994], [-41.383284786093, -21.784936588806005], [-41.38301595604399, -21.784748789380004], [-41.383008462528, -21.784760041048003], [-41.38326964920999, -21.784944375213], [-41.383305385889, -21.785029427140003], [-41.38328616507099, -21.785071984433998], [-41.383259858074, -21.785273406251008], [-41.383255122408, -21.785555449295003], [-41.382973477556, -21.785479032650002], [-41.382722968145, -21.785160373446004], [-41.382708483076996, -21.785169920269993], [-41.382952682954, -21.785491578540004], [-41.38324955472, -21.785569038955998], [-41.383221137128, -21.785855034096002], [-41.383241418764, -21.786109472592003], [-41.383149633502995, -21.786232529255003]]}}, {"type": "Feature", "properties": {"tipo": "cabo", "nome": "235M - 12F", "comprimento": "", "descricao": "235M - 12F"}, "geometry": {"type": "LineString", "coordinates": [[-41.382174809387, -21.784274505663006], [-41.382471108563, -21.784290612198006], [-41.382671135418, -21.78431101906], [-41.383010642125996, -21.784421593787997], [-41.383366726615, -21.78455567036501], [-41.383661614615, -21.78472513138601], [-41.383592707227, -21.78492088364601], [-41.383485578011, -21.785091889932005], [-41.38371436973101, -21.785187983419988]]}}, {"type": "Feature", "properties": {"tipo": "cabo", "nome": "100M - 6F", "comprimento": "", "descricao": "100M - 6F"}, "geometry": {"type": "LineString", "coordinates": [[-41.383804421173, -21.78410179302101], [-41.384056804285, -21.784640953858002], [-41.38414059265801, -21.784942671327997]]}}, {"type": "Feature", "properties": {"tipo": "cabo", "nome": "204M - 12F", "comprimento": "", "descricao": "204M - 12F"}, "geometry": {"type": "LineString", "coordinates": [[-41.38702910346, -21.798244553456], [-41.387146988291, -21.79850925026099], [-41.387309787755, -21.798516597811002], [-41.387612515313, -21.79840936876201], [-41.387954396444, -21.798274197921003], [-41.387944098833, -21.798263900178995], [-41.387610906465, -21.798398695315], [-41.387639553771, -21.798345619103983], [-41.387494776916995, -21.798029920873006]]}}, {"type": "Feature", "properties": {"tipo": "cabo", "nome": "125M - 6F", "comprimento": "", "descricao": "125M - 6F"}, "geometry": {"type": "LineString", "coordinates": [[-41.387950626231, -21.798268587834983], [-41.388603516437, -21.798020749030997], [-41.388627282088, -21.798161325768987], [-41.388762339853, -21.798466916953004]]}}, {"type": "Feature", "properties": {"tipo": "cabo", "nome": "104M - 6F", "comprimento": "", "descricao": "104M - 6F"}, "geometry": {"type": "LineString", "coordinates": [[-41.38748595568799, -21.798020401217997], [-41.388413192689, -21.797661934673997]]}}, {"type": "Feature", "properties": {"tipo": "cabo", "nome": "165M - 6F", "comprimento": "", "descricao": "165M - 6F"}, "geometry": {"type": "LineString", "coordinates": [[-41.389291699678, -21.789461932456987], [-41.38882196377299, -21.789841058931984], [-41.388739160471, -21.789718948656002], [-41.388206464091994, -21.789132420811]]}}, {"type": "Feature", "properties": {"tipo": "cabo", "nome": "126M - 6F", "comprimento": "", "descricao": "126M - 6F"}, "geometry": {"type": "LineString", "coordinates": [[-41.388825710457006, -21.789835209979998], [-41.388538337823, -21.790072152673005], [-41.388554115393994, -21.790142177636], [-41.388061351224, -21.789609313385995]]}}, {"type": "Feature", "properties": {"tipo": "cabo", "nome": "130M - 6F", "comprimento": "", "descricao": "130M - 6F"}, "geometry": {"type": "LineString", "coordinates": [[-41.388441831936, -21.788646479996004], [-41.388820061837, -21.789061654888997], [-41.389156486192, -21.789422174642993], [-41.389303709817, -21.789476840410003]]}}, {"type": "Feature", "properties": {"tipo": "cabo", "nome": "176M - 6F", "comprimento": "", "descricao": "176M - 6F"}, "geometry": {"type": "LineString", "coordinates": [[-41.389783279733, -21.788626245415998], [-41.389647387626, -21.788489393415006], [-41.389563098761, -21.788494038045002], [-41.38921825566101, -21.78876333482401], [-41.389046098406, -21.788593181802], [-41.389040389292, -21.78860077959702], [-41.38952020812, -21.789090770380014]]}}, {"type": "Feature", "properties": {"tipo": "cabo", "nome": "115M - 6F", "comprimento": "", "descricao": "115M - 6F"}, "geometry": {"type": "LineString", "coordinates": [[-41.388641021168, -21.800651098486995], [-41.38875665427201, -21.800533382938], [-41.389625986914, -21.800198649362997]]}}, {"type": "Feature", "properties": {"tipo": "cabo", "nome": "86M - 6F", "comprimento": "", "descricao": "86M - 6F"}, "geometry": {"type": "LineString", "coordinates": [[-41.388041109647, -21.800286746977008], [-41.387278956032006, -21.800584459819007]]}}, {"type": "Feature", "properties": {"tipo": "cabo", "nome": "142M - 6F", "comprimento": "", "descricao": "142M - 6F"}, "geometry": {"type": "LineString", "coordinates": [[-41.389240448636, -21.798594776434015], [-41.389505579404, -21.799163369046994], [-41.38946323088799, -21.799230916892014], [-41.388885070559, -21.799461077057984]]}}, {"type": "Feature", "properties": {"tipo": "cabo", "nome": "265M - 12F", "comprimento": "", "descricao": "265M - 12F"}, "geometry": {"type": "LineString", "coordinates": [[-41.387352483078004, -21.799618902730003], [-41.387527005368, -21.799462451107004], [-41.388129496289, -21.799228357521997], [-41.38880784364701, -21.798966128673], [-41.389013418129, -21.79902315638499], [-41.389124644438, -21.799291308831016], [-41.389196295524, -21.799320632453004], [-41.388890938704996, -21.79944347444301]]}}, {"type": "Feature", "properties": {"tipo": "cabo", "nome": "194M - 6F", "comprimento": "", "descricao": "194M - 6F"}, "geometry": {"type": "LineString", "coordinates": [[-41.388890938704996, -21.79944347444301], [-41.38792771125199, -21.799820584185994], [-41.38793879454901, -21.799833220289003], [-41.388267963306, -21.799704393919995], [-41.388278789282, -21.799837451665013], [-41.388401601334, -21.800110377178015]]}}, {"type": "Feature", "properties": {"tipo": "cabo", "nome": "116M - 6F", "comprimento": "", "descricao": "116M - 6F"}, "geometry": {"type": "LineString", "coordinates": [[-41.388401601334, -21.800110377178015], [-41.388571498354, -21.800095845309997], [-41.389446637392, -21.799754577132006]]}}, {"type": "Feature", "properties": {"tipo": "cabo", "nome": "132M - 6F", "comprimento": "", "descricao": "132M - 6F"}, "geometry": {"type": "LineString", "coordinates": [[-41.389015721486, -21.799030353012995], [-41.388769146041, -21.798461810939997], [-41.388194239430995, -21.798687819132994]]}}, {"type": "Feature", "properties": {"tipo": "cabo", "nome": "79M - 6F", "comprimento": "", "descricao": "79M - 6F"}, "geometry": {"type": "LineString", "coordinates": [[-41.387549534674, -21.801083739646998], [-41.388116618281, -21.800865701071004], [-41.388267712488, -21.800850360257996]]}}, {"type": "Feature", "properties": {"tipo": "cabo", "nome": "80M - 6F", "comprimento": "", "descricao": "80M - 6F"}, "geometry": {"type": "LineString", "coordinates": [[-41.388970511141, -21.808470535316005], [-41.38887487035, -21.809182718832005]]}}, {"type": "Feature", "properties": {"tipo": "cabo", "nome": "69M - 6F", "comprimento": "", "descricao": "69M - 6F"}, "geometry": {"type": "LineString", "coordinates": [[-41.389445808548, -21.808565174171008], [-41.389381126539, -21.80918217917302]]}}, {"type": "Feature", "properties": {"tipo": "cabo", "nome": "87M - 6F", "comprimento": "", "descricao": "87M - 6F"}, "geometry": {"type": "LineString", "coordinates": [[-41.389242403483, -21.800862010754997], [-41.38893775112301, -21.800970272353], [-41.388801425968, -21.800976624426], [-41.388650734693, -21.800653503961]]}}, {"type": "Feature", "properties": {"tipo": "cabo", "nome": "313M - 12F", "comprimento": "", "descricao": "313M - 12F"}, "geometry": {"type": "LineString", "coordinates": [[-41.388282108283, -21.80084440696099], [-41.388398441559, -21.801103687487], [-41.388281388689, -21.801222543397017], [-41.38799298593301, -21.801334928497], [-41.38799103627, -21.801348244718], [-41.388955396711, -21.800979683267997], [-41.388792333027, -21.800991661950007], [-41.388635352892, -21.800650926819998], [-41.388401601334, -21.800110377178015]]}}, {"type": "Feature", "properties": {"tipo": "cabo", "nome": "83M - 6F", "comprimento": "", "descricao": "83M - 6F"}, "geometry": {"type": "LineString", "coordinates": [[-41.388512359969006, -21.808331963873997], [-41.388418813543, -21.80896454230701], [-41.388463000617, -21.809058543942996]]}}, {"type": "Feature", "properties": {"tipo": "cabo", "nome": "171M - 6F", "comprimento": "", "descricao": "171M - 6F"}, "geometry": {"type": "LineString", "coordinates": [[-41.38729195558601, -21.80006053017], [-41.387633931809, -21.799924295222], [-41.387918075628995, -21.799994300079987], [-41.388029271234, -21.80027677336099], [-41.388289421126, -21.800847033921002]]}}, {"type": "Feature", "properties": {"tipo": "cabo", "nome": "145M - 12F", "comprimento": "", "descricao": "145M - 12F"}, "geometry": {"type": "LineString", "coordinates": [[-41.389995173069, -21.789591847699], [-41.389535784312, -21.789087950175983], [-41.389522564196, -21.789097944091992], [-41.389659013853, -21.789234391510007], [-41.389595828209, -21.789209127064993], [-41.389291699678, -21.789461932456987]]}}, {"type": "Feature", "properties": {"tipo": "cabo", "nome": "110M - 6F", "comprimento": "", "descricao": "110M - 6F"}, "geometry": {"type": "LineString", "coordinates": [[-41.39009696533401, -21.788200217349996], [-41.390795785758, -21.788944004776]]}}, {"type": "Feature", "properties": {"tipo": "cabo", "nome": "460M - 12F", "comprimento": "", "descricao": "460M - 12F"}, "geometry": {"type": "LineString", "coordinates": [[-41.391122891408, -21.787090835881997], [-41.390917884098, -21.786864789337997], [-41.390837185095, -21.786833387580003], [-41.390573674025, -21.787049054639994], [-41.390453366629, -21.787145068277], [-41.39051655948, -21.787158057851002], [-41.390721320174, -21.787393152776986], [-41.390712301838, -21.787399970504993], [-41.390509391152, -21.787168540479], [-41.390443738744, -21.78715741027203], [-41.390229581912, -21.787332685484003], [-41.390103321439, -21.787463943765005], [-41.390454960513004, -21.787838341325994], [-41.390389068644, -21.787819833173003], [-41.389963525732, -21.788163356717007], [-41.390036366605, -21.788146606114992], [-41.39009696533401, -21.788200217349996], [-41.39008854388, -21.788204690946003], [-41.390029512221, -21.788158754234004], [-41.389964244205, -21.788175585278978], [-41.38971873415999, -21.788370472243997], [-41.389585081736, -21.788479323364996], [-41.389654572515, -21.788467184241995], [-41.389797193853, -21.788627240482995]]}}, {"type": "Feature", "properties": {"tipo": "cabo", "nome": "100M - 6F", "comprimento": "", "descricao": "100M - 6F"}, "geometry": {"type": "LineString", "coordinates": [[-41.390451753795, -21.787842754932], [-41.391085361402, -21.788517535983004]]}}, {"type": "Feature", "properties": {"tipo": "cabo", "nome": "78M 0 6F", "comprimento": "", "descricao": "78M 0 6F"}, "geometry": {"type": "LineString", "coordinates": [[-41.390715041981, -21.787389821139016], [-41.391200690902, -21.787927533168002]]}}, {"type": "Feature", "properties": {"tipo": "cabo", "nome": "201M - 6F", "comprimento": "", "descricao": "201M - 6F"}, "geometry": {"type": "LineString", "coordinates": [[-41.391720130384996, -21.78698265067102], [-41.391285787697, -21.786518979476995], [-41.391321682412, -21.786357857108996], [-41.390840400180004, -21.786824176440007], [-41.390918591943, -21.78685522574], [-41.39113337182201, -21.78708577296601]]}}, {"type": "Feature", "properties": {"tipo": "cabo", "nome": "66M - 6F", "comprimento": "", "descricao": "66M - 6F"}, "geometry": {"type": "LineString", "coordinates": [[-41.391120884434, -21.787082535759993], [-41.391532635442, -21.787533893775006]]}}, {"type": "Feature", "properties": {"tipo": "cabo", "nome": "403M - 12F", "comprimento": "", "descricao": "403M - 12F"}, "geometry": {"type": "LineString", "coordinates": [[-41.390166858234, -21.796916107287004], [-41.390346445523, -21.796853815131016], [-41.390354305078, -21.796802451161], [-41.390543565206, -21.797244178314003], [-41.390533243484, -21.797268483563997], [-41.390328595651006, -21.797345259018996], [-41.390333568684, -21.797354862741997], [-41.390537272309, -21.797283119191988], [-41.39055596076701, -21.797251381441995], [-41.390739126821, -21.797668108642995], [-41.39072168271301, -21.79771875140399], [-41.390265721365, -21.79789136931001], [-41.390272340539, -21.797903960404], [-41.390729299217, -21.797730969621], [-41.390746354978, -21.797684776541004], [-41.390930268411, -21.798111546445], [-41.390912590472006, -21.79814828703398], [-41.390459037408, -21.798326461396996]]}}, {"type": "Feature", "properties": {"tipo": "cabo", "nome": "91M - 6F", "comprimento": "", "descricao": "91M - 6F"}, "geometry": {"type": "LineString", "coordinates": [[-41.390332287072, -21.797349993840996], [-41.3895166116, -21.797659418665006]]}}, {"type": "Feature", "properties": {"tipo": "cabo", "nome": "318M - 6F", "comprimento": "", "descricao": "318M - 6F"}, "geometry": {"type": "LineString", "coordinates": [[-41.39016374188, -21.796906508940012], [-41.39033281714601, -21.796847402064998], [-41.390342452992, -21.796793128513997], [-41.390218790937, -21.796500559928006], [-41.39017101699801, -21.796486627094993], [-41.389620209922, -21.796696094805995], [-41.389533325801, -21.796728669218], [-41.387896299476, -21.797342418295997]]}}, {"type": "Feature", "properties": {"tipo": "cabo", "nome": "FIBRA AS MINI RAR -R2 40", "comprimento": "", "descricao": "FIBRA AS MINI RAR -R2 40"}, "geometry": {"type": "LineString", "coordinates": [[-41.390166858234, -21.796916107287004], [-41.389387839445, -21.797198588456013]]}}, {"type": "Feature", "properties": {"tipo": "cabo", "nome": "196M - 6F", "comprimento": "", "descricao": "196M - 6F"}, "geometry": {"type": "LineString", "coordinates": [[-41.389984812722, -21.789601566871994], [-41.389935581904, -21.78957878731302], [-41.389508150558, -21.78993254897], [-41.38887982052001, -21.790445669367998], [-41.388937979879, -21.790541593756018], [-41.38873527612, -21.790318743903995]]}}, {"type": "Feature", "properties": {"tipo": "cabo", "nome": "146M - 6F", "comprimento": "", "descricao": "146M - 6F"}, "geometry": {"type": "LineString", "coordinates": [[-41.389991858113, -21.789587530532998], [-41.390232497822, -21.789841485647997], [-41.390226390282, -21.789885223555004], [-41.389479259917, -21.79050744589]]}}, {"type": "Feature", "properties": {"tipo": "cabo", "nome": "156M - 6F", "comprimento": "", "descricao": "156M - 6F"}, "geometry": {"type": "LineString", "coordinates": [[-41.389790794354, -21.788618418396993], [-41.39041131396, -21.789284970825022], [-41.39061721400001, -21.789502506926993], [-41.390613220988996, -21.789558631758], [-41.39046790452701, -21.789679602000007]]}}, {"type": "Feature", "properties": {"tipo": "cabo", "nome": "175M - 6F", "comprimento": "", "descricao": "175M - 6F"}, "geometry": {"type": "LineString", "coordinates": [[-41.389933483303004, -21.808668355162], [-41.389854804498, -21.809252334335994], [-41.38983569193, -21.809401115511008], [-41.389869536453, -21.809509479925993], [-41.389658885782, -21.80948464183102], [-41.389381297183, -21.809447560240002], [-41.38937554810699, -21.809349225009996], [-41.389391269188, -21.809184978900007]]}}, {"type": "Feature", "properties": {"tipo": "cabo", "nome": "117M - 6F", "comprimento": "", "descricao": "117M - 6F"}, "geometry": {"type": "LineString", "coordinates": [[-41.396419595242996, -21.80872271113303], [-41.39647589854701, -21.808727248782986], [-41.396693992736, -21.809214019771005], [-41.396874541122, -21.809289934136984], [-41.397032098775, -21.80928454663298], [-41.397073406387, -21.809152099282002], [-41.397083474284, -21.809156255570997]]}}, {"type": "Feature", "properties": {"tipo": "cabo", "nome": "284M - 6F", "comprimento": "", "descricao": "284M - 6F"}, "geometry": {"type": "LineString", "coordinates": [[-41.396211065732, -21.807669266354992], [-41.396547321162, -21.808173302704006], [-41.396667774598995, -21.808188927782], [-41.39689008110301, -21.808057118352977], [-41.39716876303899, -21.807889376968006], [-41.397236097669, -21.807919179523992], [-41.397214776806, -21.808164240186997], [-41.397163514436, -21.808440925249002], [-41.397082253859, -21.809143882670995]]}}, {"type": "Feature", "properties": {"tipo": "cabo", "nome": "112M - 6F", "comprimento": "", "descricao": "112M - 6F"}, "geometry": {"type": "LineString", "coordinates": [[-41.391861548823, -21.809041263137004], [-41.392192710039, -21.809079117637012], [-41.392935899989, -21.809165692085003]]}}, {"type": "Feature", "properties": {"tipo": "cabo", "nome": "178M - 6F", "comprimento": "", "descricao": "178M - 6F"}, "geometry": {"type": "LineString", "coordinates": [[-41.39186874786, -21.809042495483], [-41.391839850161, -21.808948439776998], [-41.391885168278, -21.808542043763993], [-41.39233234776601, -21.808478637376993], [-41.39257995215101, -21.808430367355996], [-41.393051305002, -21.808494693393996]]}}, {"type": "Feature", "properties": {"tipo": "cabo", "nome": "55M - 6F", "comprimento": "", "descricao": "55M - 6F"}, "geometry": {"type": "LineString", "coordinates": [[-41.394750627445006, -21.808732417125995], [-41.394649656946, -21.808654713156997], [-41.394245086941005, -21.80860797749402]]}}, {"type": "Feature", "properties": {"tipo": "cabo", "nome": "482M - 6F", "comprimento": "", "descricao": "482M - 6F"}, "geometry": {"type": "LineString", "coordinates": [[-41.390453999008, -21.79833534928902], [-41.390918721985, -21.798160477552017], [-41.390934223223, -21.798131292901004], [-41.391125909629, -21.798559274857], [-41.391103571085, -21.79860040857899], [-41.3906788171, -21.798773303185996], [-41.390681378734, -21.79878186561899], [-41.391111150133995, -21.798612270534008], [-41.391135162116996, -21.798569380754998], [-41.391316391628, -21.799004791113987], [-41.391288379176, -21.799041263584982], [-41.390843354682, -21.799211031949], [-41.39084819879, -21.79921939472102], [-41.391291767752, -21.799054692202006], [-41.391327317555, -21.799013140952], [-41.391504650163995, -21.799442222536996], [-41.391482107617, -21.799485693416997], [-41.391044183707, -21.799643763849986]]}}, {"type": "Feature", "properties": {"tipo": "cabo", "nome": "101M - 6F", "comprimento": "", "descricao": "101M - 6F"}, "geometry": {"type": "LineString", "coordinates": [[-41.39076728258999, -21.809814306827008], [-41.390782985775, -21.809665065550007], [-41.39083222866, -21.809616752674003], [-41.391261934121, -21.80966017929201], [-41.391288059028, -21.80936720324]]}}, {"type": "Feature", "properties": {"tipo": "cabo", "nome": "46M - 6F", "comprimento": "", "descricao": "46M - 6F"}, "geometry": {"type": "LineString", "coordinates": [[-41.389834343947, -21.809245069374995], [-41.389787414234, -21.809657936384994]]}}, {"type": "Feature", "properties": {"tipo": "cabo", "nome": "56M - 6F", "comprimento": "", "descricao": "56M - 6F"}, "geometry": {"type": "LineString", "coordinates": [[-41.390337569488, -21.809095349680987], [-41.39027152854301, -21.809594258871996]]}}, {"type": "Feature", "properties": {"tipo": "cabo", "nome": "68M - 6F", "comprimento": "", "descricao": "68M - 6F"}, "geometry": {"type": "LineString", "coordinates": [[-41.390746838187, -21.809814138966004], [-41.390814852234, -21.809200449912993]]}}, {"type": "Feature", "properties": {"tipo": "cabo", "nome": "232M - 6F", "comprimento": "", "descricao": "232M - 6F"}, "geometry": {"type": "LineString", "coordinates": [[-41.388070133686, -21.808141128402], [-41.388024152096, -21.80843317889702], [-41.388046234152, -21.808495254975], [-41.388450316994, -21.809060125513], [-41.388691431777, -21.809377583100996], [-41.388857939329, -21.809583826869], [-41.38882982227501, -21.809519391984992], [-41.388868202718, -21.809184408522]]}}, {"type": "Feature", "properties": {"tipo": "cabo", "nome": "82M - 12F", "comprimento": "", "descricao": "82M - 12F"}, "geometry": {"type": "LineString", "coordinates": [[-41.390286820552, -21.80960324170799], [-41.390333314377, -21.809558449484], [-41.390820961763, -21.809614527739], [-41.390774430247, -21.80966062110801], [-41.390756269689994, -21.809812584224005]]}}, {"type": "Feature", "properties": {"tipo": "cabo", "nome": "152M - 6F", "comprimento": "", "descricao": "152M - 6F"}, "geometry": {"type": "LineString", "coordinates": [[-41.390746838187, -21.809814138966004], [-41.390660200204, -21.810519997396995], [-41.390564073044, -21.81118016727902]]}}, {"type": "Feature", "properties": {"tipo": "cabo", "nome": "157M - 6F", "comprimento": "", "descricao": "157M - 6F"}, "geometry": {"type": "LineString", "coordinates": [[-41.38970654327599, -21.810408649303], [-41.389804209028, -21.809660554489], [-41.389831062777, -21.809541695183995], [-41.389869536453, -21.809509479925993], [-41.390192274506994, -21.80953984844301], [-41.390327146472, -21.809549153222008], [-41.390275545652, -21.809601429855007]]}}, {"type": "Feature", "properties": {"tipo": "cabo", "nome": "142M - 6F", "comprimento": "", "descricao": "142M - 6F"}, "geometry": {"type": "LineString", "coordinates": [[-41.39027152854301, -21.809594258871996], [-41.390208126962, -21.810098874397994], [-41.39010958939101, -21.810863519533996]]}}, {"type": "Feature", "properties": {"tipo": "cabo", "nome": "217M - 12F", "comprimento": "", "descricao": "217M - 12F"}, "geometry": {"type": "LineString", "coordinates": [[-41.388884382014005, -21.80918650129], [-41.388844459252, -21.809534197564986], [-41.388890488326, -21.809618371987], [-41.38926425070499, -21.810095552324995], [-41.389283912653, -21.809882171019993], [-41.389381126539, -21.80918217917302]]}}, {"type": "Feature", "properties": {"tipo": "cabo", "nome": "163M - 6F", "comprimento": "", "descricao": "163M - 6F"}, "geometry": {"type": "LineString", "coordinates": [[-41.3913659712, -21.808825046896004], [-41.39130037923499, -21.809399838323003], [-41.391273345954005, -21.809665552444017], [-41.391596890252, -21.809703188442995], [-41.391697183699, -21.809752128457006], [-41.391668033534, -21.809971866222]]}}, {"type": "Feature", "properties": {"tipo": "cabo", "nome": "125M - 12F", "comprimento": "", "descricao": "125M - 12F"}, "geometry": {"type": "LineString", "coordinates": [[-41.391861548823, -21.809041263137004], [-41.391829353672, -21.808952031933003], [-41.391739123777, -21.809611630408995], [-41.39170592173801, -21.809756120874], [-41.391677070474, -21.80997344165999]]}}, {"type": "Feature", "properties": {"tipo": "cabo", "nome": "132M - 6F", "comprimento": "", "descricao": "132M - 6F"}, "geometry": {"type": "LineString", "coordinates": [[-41.391689352183, -21.809969999721986], [-41.39171956809, -21.809758868317004], [-41.391766127624, -21.809720435816004], [-41.392003618844, -21.809750445649982], [-41.392743711457, -21.809836003024998]]}}, {"type": "Feature", "properties": {"tipo": "cabo", "nome": "77M - 12F", "comprimento": "", "descricao": "77M - 12F"}, "geometry": {"type": "LineString", "coordinates": [[-41.391500707703, -21.811278920372004], [-41.391412241656, -21.811970477737987]]}}, {"type": "Feature", "properties": {"tipo": "cabo", "nome": "163M - 6F", "comprimento": "", "descricao": "163M - 6F"}, "geometry": {"type": "LineString", "coordinates": [[-41.39142759914, -21.811971103844], [-41.391387178866, -21.812317922800005], [-41.39136025316301, -21.812489200669006], [-41.391429651723, -21.812477396765004], [-41.392372326730005, -21.812593287862]]}}, {"type": "Feature", "properties": {"tipo": "cabo", "nome": "121M - 6F", "comprimento": "", "descricao": "121M - 6F"}, "geometry": {"type": "LineString", "coordinates": [[-41.3914121376, -21.812483071705998], [-41.391364396346994, -21.812497266117987], [-41.39130124745099, -21.812562533022998], [-41.391755867217, -21.81311802087201], [-41.391988621825, -21.813263408835013]]}}, {"type": "Feature", "properties": {"tipo": "cabo", "nome": "82M - 6F", "comprimento": "", "descricao": "82M - 6F"}, "geometry": {"type": "LineString", "coordinates": [[-41.391433769858, -21.81197242092], [-41.391451145832, -21.811836734408004], [-41.391485452054, -21.81178548567202], [-41.392057071559, -21.811859658125982]]}}, {"type": "Feature", "properties": {"tipo": "cabo", "nome": "198M - 6F", "comprimento": "", "descricao": "198M - 6F"}, "geometry": {"type": "LineString", "coordinates": [[-41.391500707703, -21.811278920372004], [-41.391531357481, -21.81108842918499], [-41.39110919304099, -21.811035462831995], [-41.39105770114201, -21.811067208206993], [-41.391046334532994, -21.811121414530007], [-41.390959341324006, -21.811787312201005]]}}, {"type": "Feature", "properties": {"tipo": "cabo", "nome": "102M - 6F", "comprimento": "", "descricao": "102M - 6F"}, "geometry": {"type": "LineString", "coordinates": [[-41.391706505533, -21.810420414394983], [-41.391637753355006, -21.810431415213017], [-41.391516019089, -21.811282069304994]]}}, {"type": "Feature", "properties": {"tipo": "cabo", "nome": "110M - 6F", "comprimento": "", "descricao": "110M - 6F"}, "geometry": {"type": "LineString", "coordinates": [[-41.391527234254, -21.811278226252], [-41.391549899512, -21.811092986944985], [-41.392175019874, -21.811173656677]]}}, {"type": "Feature", "properties": {"tipo": "cabo", "nome": "175M - 6F", "comprimento": "", "descricao": "175M - 6F"}, "geometry": {"type": "LineString", "coordinates": [[-41.394465894479, -21.810971487162988], [-41.39449082168301, -21.810776013530997], [-41.394521895262, -21.810752130637994], [-41.394032024568, -21.810699994765997], [-41.393292651244, -21.810615523162], [-41.393316024407994, -21.810423274971996]]}}, {"type": "Feature", "properties": {"tipo": "cabo", "nome": "133M - 6F", "comprimento": "", "descricao": "133M - 6F"}, "geometry": {"type": "LineString", "coordinates": [[-41.394664751082, -21.80954765122702], [-41.394589277675, -21.810078031765997], [-41.394468330178995, -21.81003272526999], [-41.395048939354, -21.810103263486]]}}, {"type": "Feature", "properties": {"tipo": "cabo", "nome": "52M - 6F", "comprimento": "", "descricao": "52M - 6F"}, "geometry": {"type": "LineString", "coordinates": [[-41.394668812574, -21.809537370773], [-41.394685604025, -21.809386923681018], [-41.394707892522, -21.809354018275002], [-41.395001104692, -21.809387688384007]]}}, {"type": "Feature", "properties": {"tipo": "cabo", "nome": "55M - 6F", "comprimento": "", "descricao": "55M - 6F"}, "geometry": {"type": "LineString", "coordinates": [[-41.393283307106, -21.81042318251201], [-41.39325977294, -21.810617990232984], [-41.392938115985, -21.810577013474997]]}}, {"type": "Feature", "properties": {"tipo": "cabo", "nome": "250M - 6F", "comprimento": "", "descricao": "250M - 6F"}, "geometry": {"type": "LineString", "coordinates": [[-41.393388240346, -21.809704100179005], [-41.393482089175, -21.808995357106994], [-41.393504356682996, -21.808989321127015], [-41.393476607905, -21.809239405661003], [-41.393993134262, -21.809288273723], [-41.394596316566, -21.809357032883], [-41.394656754254, -21.809387346883994], [-41.394643183373, -21.809538899616015]]}}, {"type": "Feature", "properties": {"tipo": "cabo", "nome": "160M - 6F", "comprimento": "", "descricao": "160M - 6F"}, "geometry": {"type": "LineString", "coordinates": [[-41.39465741459001, -21.809534703519006], [-41.394750627445006, -21.808732417125995], [-41.394792142677, -21.808684290832986], [-41.395400871493, -21.808760157856]]}}, {"type": "Feature", "properties": {"tipo": "cabo", "nome": "111M - 6F", "comprimento": "", "descricao": "111M - 6F"}, "geometry": {"type": "LineString", "coordinates": [[-41.394468330178995, -21.81003272526999], [-41.39458111444999, -21.810091549066996], [-41.394449241711, -21.810966466051013]]}}, {"type": "Feature", "properties": {"tipo": "cabo", "nome": "216M - 6F", "comprimento": "", "descricao": "216M - 6F"}, "geometry": {"type": "LineString", "coordinates": [[-41.393884958734, -21.812790216565986], [-41.393851851472995, -21.812643574622996], [-41.393935175453, -21.811963853186995], [-41.393838090108, -21.812062988335995], [-41.393492131762, -21.81202500704501], [-41.393133219286, -21.811982665985994], [-41.393094621458, -21.812019664608997], [-41.393125998132, -21.811751084272018]]}}, {"type": "Feature", "properties": {"tipo": "cabo", "nome": "118M - 12F", "comprimento": "", "descricao": "118M - 12F"}, "geometry": {"type": "LineString", "coordinates": [[-41.39519639342301, -21.812342547179995], [-41.395306264569, -21.811582762236995], [-41.395177622504, -21.811538384192005], [-41.394993229117006, -21.811512744683995]]}}, {"type": "Feature", "properties": {"tipo": "cabo", "nome": "56M - 6F", "comprimento": "", "descricao": "56M - 6F"}, "geometry": {"type": "LineString", "coordinates": [[-41.39291094189301, -21.811266641207], [-41.393177220554996, -21.81130601947298], [-41.393208350873, -21.811050832836003]]}}, {"type": "Feature", "properties": {"tipo": "cabo", "nome": "149M - 12F", "comprimento": "", "descricao": "149M - 12F"}, "geometry": {"type": "LineString", "coordinates": [[-41.393134229051995, -21.81175440851898], [-41.39321889225101, -21.811060395553], [-41.393298594757, -21.810421232021994]]}}, {"type": "Feature", "properties": {"tipo": "cabo", "nome": "252M - 6F", "comprimento": "", "descricao": "252M - 6F"}, "geometry": {"type": "LineString", "coordinates": [[-41.395567512853, -21.809508465730985], [-41.395473106472, -21.810083131284003], [-41.395366074882, -21.810873354088997], [-41.395304611907, -21.811454683091995], [-41.395175626746, -21.811528914105992], [-41.394996309271, -21.81149970843002]]}}, {"type": "Feature", "properties": {"tipo": "cabo", "nome": "125M - 6F", "comprimento": "", "descricao": "125M - 6F"}, "geometry": {"type": "LineString", "coordinates": [[-41.39469049882201, -21.811640552355996], [-41.394623134373994, -21.812069160117005], [-41.394674244733, -21.812103921249005], [-41.395131444034, -21.812149397566003], [-41.395193749925006, -21.812258477910007], [-41.39518186044, -21.812342004472995]]}}, {"type": "Feature", "properties": {"tipo": "cabo", "nome": "151M - 6F", "comprimento": "", "descricao": "151M - 6F"}, "geometry": {"type": "LineString", "coordinates": [[-41.395973623034, -21.811030227263004], [-41.395938362943006, -21.811610719661005], [-41.396253319601, -21.811557688346994], [-41.396285293983, -21.812044555762995]]}}, {"type": "Feature", "properties": {"tipo": "cabo", "nome": "262M - 6F", "comprimento": "", "descricao": "262M - 6F"}, "geometry": {"type": "LineString", "coordinates": [[-41.395105046741, -21.814332211091994], [-41.39450695345, -21.814255416181993], [-41.393474099097, -21.81413887407298], [-41.39283956895, -21.814064926461015], [-41.392832061487, -21.813962009414], [-41.392845755083, -21.813831867318]]}}, {"type": "Feature", "properties": {"tipo": "cabo", "nome": "287M - 6F", "comprimento": "", "descricao": "287M - 6F"}, "geometry": {"type": "LineString", "coordinates": [[-41.394917158506, -21.813611293275002], [-41.394130733732, -21.813517293152984], [-41.394112771959, -21.813667792874995], [-41.394100498025, -21.813661848726], [-41.39411011155601, -21.81351399463898], [-41.393413665219, -21.813435640546004], [-41.392933975522, -21.813368777123003], [-41.392907115813, -21.813406634686018], [-41.39285248297, -21.813831078948]]}}, {"type": "Feature", "properties": {"tipo": "cabo", "nome": "173M - 6F", "comprimento": "", "descricao": "173M - 6F"}, "geometry": {"type": "LineString", "coordinates": [[-41.392839323468, -21.813827595216992], [-41.392777761194, -21.814354515822004], [-41.392807136991, -21.814468804271996], [-41.39378211516901, -21.814585013523995]]}}, {"type": "Feature", "properties": {"tipo": "cabo", "nome": "151M - 6F", "comprimento": "", "descricao": "151M - 6F"}, "geometry": {"type": "LineString", "coordinates": [[-41.392839323468, -21.813827595216992], [-41.392896022256004, -21.813402460402997], [-41.392920184237994, -21.813370782389015], [-41.39267085440599, -21.813344087314988], [-41.392672488342, -21.813334333914], [-41.39293062894901, -21.813362241800007], [-41.392923687627, -21.813263941093], [-41.392965631778, -21.812889211425997]]}}, {"type": "Feature", "properties": {"tipo": "cabo", "nome": "193M - 12F", "comprimento": "", "descricao": "193M - 12F"}, "geometry": {"type": "LineString", "coordinates": [[-41.396285293983, -21.812044555762995], [-41.396291047136, -21.812428516082008], [-41.39636338101601, -21.813130490592002], [-41.39639604572, -21.813790987736013]]}}, {"type": "Feature", "properties": {"tipo": "cabo", "nome": "85M - 6F", "comprimento": "", "descricao": "85M - 6F"}, "geometry": {"type": "LineString", "coordinates": [[-41.395584224649, -21.813694525078006], [-41.39639604572, -21.813790987736013]]}}, {"type": "Feature", "properties": {"tipo": "cabo", "nome": "198M - 6F", "comprimento": "", "descricao": "198M - 6F"}, "geometry": {"type": "LineString", "coordinates": [[-41.396012738074, -21.81301950792499], [-41.395443828291, -21.812960460301], [-41.395137154189996, -21.812917304127012], [-41.395111046394995, -21.812946843139002], [-41.395095493024, -21.813102165686004], [-41.395078281228, -21.813094169498996], [-41.395180862555, -21.812348787724005]]}}, {"type": "Feature", "properties": {"tipo": "cabo", "nome": "164M - 6F", "comprimento": "", "descricao": "164M - 6F"}, "geometry": {"type": "LineString", "coordinates": [[-41.39639916232, -21.809705443011012], [-41.39643462209, -21.810484639988005], [-41.396483146108, -21.81119082606402]]}}, {"type": "Feature", "properties": {"tipo": "cabo", "nome": "149M - 6F", "comprimento": "", "descricao": "149M - 6F"}, "geometry": {"type": "LineString", "coordinates": [[-41.397083474284, -21.809156255570997], [-41.39694317268, -21.810502159624022]]}}, {"type": "Feature", "properties": {"tipo": "cabo", "nome": "152M - 12F", "comprimento": "", "descricao": "152M - 12F"}, "geometry": {"type": "LineString", "coordinates": [[-41.39707750831, -21.809156247689003], [-41.397074283044, -21.809183282877], [-41.396999853681, -21.809807171705003], [-41.396795718361, -21.809622100067003], [-41.396438134705, -21.809592640812014], [-41.39640530478, -21.809706225454008]]}}, {"type": "Feature", "properties": {"tipo": "cabo", "nome": "385M - 6F", "comprimento": "", "descricao": "385M - 6F"}, "geometry": {"type": "LineString", "coordinates": [[-41.398378862915, -21.809515006123007], [-41.398314502728994, -21.809295643877988], [-41.398291194273, -21.809318170262003], [-41.397551779455995, -21.809524812608004], [-41.39745638047601, -21.809630701294992], [-41.39770019154601, -21.80985605302898], [-41.397901216431, -21.810067734889998], [-41.397890151266, -21.810079718016993], [-41.39768885321901, -21.809865296938995], [-41.39744576954299, -21.809633978427996], [-41.397254173423, -21.80950281525999], [-41.39716991659899, -21.810404565807005]]}}, {"type": "Feature", "properties": {"tipo": "cabo", "nome": "50M - 6F", "comprimento": "", "descricao": "50M - 6F"}, "geometry": {"type": "LineString", "coordinates": [[-41.396195060671, -21.809324018023005], [-41.39641170925, -21.809578045237004], [-41.39639916232, -21.809705443011012]]}}, {"type": "Feature", "properties": {"tipo": "cabo", "nome": "163M - 6F", "comprimento": "", "descricao": "163M - 6F"}, "geometry": {"type": "LineString", "coordinates": [[-41.396403424982, -21.80969597174999], [-41.396295364898, -21.809694538409005], [-41.396188727106, -21.810063884290997], [-41.39615962744399, -21.810140138817005], [-41.396046114956995, -21.810460649445005], [-41.39599444604001, -21.810733701511978], [-41.395978317084, -21.811027171792006]]}}, {"type": "Feature", "properties": {"tipo": "cabo", "nome": "233M - 6F", "comprimento": "", "descricao": "233M - 6F"}, "geometry": {"type": "LineString", "coordinates": [[-41.397387813462, -21.808114028896995], [-41.397476719825, -21.807432580263978], [-41.397659110038, -21.807395226301978], [-41.3977073898, -21.807407677624], [-41.397966534888, -21.808129078993005], [-41.398180950878, -21.808794880733984], [-41.398402085461, -21.809514978311995]]}}, {"type": "Feature", "properties": {"tipo": "cabo", "nome": "126M - 6F", "comprimento": "", "descricao": "126M - 6F"}, "geometry": {"type": "LineString", "coordinates": [[-41.399208949726, -21.813503401771996], [-41.399112722404006, -21.813530242802003], [-41.399060426334, -21.813345025564004], [-41.398954858371, -21.813014854472982], [-41.398920884087, -21.81281884928501], [-41.39893603179101, -21.81266288830099], [-41.398909305034, -21.812515097323]]}}, {"type": "Feature", "properties": {"tipo": "cabo", "nome": "97M - 6F", "comprimento": "", "descricao": "97M - 6F"}, "geometry": {"type": "LineString", "coordinates": [[-41.398577629251, -21.812548661921994], [-41.398583600904, -21.812555375803], [-41.398689564228995, -21.812389329970998], [-41.398712088015, -21.81217789496], [-41.398801456482, -21.812059406364995], [-41.39874968659, -21.812042810658994], [-41.398463585036, -21.812030756943997]]}}, {"type": "Feature", "properties": {"tipo": "cabo", "nome": "94M - 6F", "comprimento": "", "descricao": "94M - 6F"}, "geometry": {"type": "LineString", "coordinates": [[-41.39792957736799, -21.812142002792015], [-41.397872967818, -21.812614689792014], [-41.397830282644, -21.812632806086], [-41.39748472522599, -21.81260517007098]]}}, {"type": "Feature", "properties": {"tipo": "cabo", "nome": "94M - 6F", "comprimento": "", "descricao": "94M - 6F"}, "geometry": {"type": "LineString", "coordinates": [[-41.39792957736799, -21.812142002792015], [-41.397994844634, -21.811301803606995]]}}, {"type": "Feature", "properties": {"tipo": "cabo", "nome": "173M - 12F", "comprimento": "", "descricao": "173M - 12F"}, "geometry": {"type": "LineString", "coordinates": [[-41.397940073983, -21.812149717558], [-41.397958427984, -21.811951417355004], [-41.39805246657, -21.81198165163201], [-41.398465757559, -21.812011730625002], [-41.398759694819, -21.812024565554992], [-41.39883836967701, -21.81204446486001], [-41.398742155639, -21.812171193919], [-41.398847844694, -21.812371971394], [-41.398921900678, -21.812505293517006]]}}, {"type": "Feature", "properties": {"tipo": "cabo", "nome": "111M - 6F", "comprimento": "", "descricao": "111M - 6F"}, "geometry": {"type": "LineString", "coordinates": [[-41.39791629591801, -21.81213857720101], [-41.397932748155995, -21.811944140378998], [-41.39790183101, -21.811967174510997], [-41.397081203641, -21.81190600437]]}}, {"type": "Feature", "properties": {"tipo": "cabo", "nome": "335M - 6F", "comprimento": "", "descricao": "335M - 6F"}, "geometry": {"type": "LineString", "coordinates": [[-41.39839250047601, -21.809519193244995], [-41.398637557942, -21.810246736544997], [-41.399009190404, -21.811411767655983], [-41.399085583946, -21.811664594337998], [-41.398845362231, -21.812027251386], [-41.398749294079, -21.812001739904005], [-41.398463187958, -21.811991623530005]]}}, {"type": "Feature", "properties": {"tipo": "cabo", "nome": "87M - 6F", "comprimento": "", "descricao": "87M - 6F"}, "geometry": {"type": "LineString", "coordinates": [[-41.397822922127, -21.813543535267], [-41.39795166671001, -21.813368361995003], [-41.398282501709, -21.81350444913201], [-41.39849785981299, -21.813630292121985]]}}, {"type": "Feature", "properties": {"tipo": "cabo", "nome": "209M - 6F", "comprimento": "", "descricao": "209M - 6F"}, "geometry": {"type": "LineString", "coordinates": [[-41.396812645955, -21.812118330201002], [-41.396749957610005, -21.812858496640004], [-41.39670125259, -21.813473078940007], [-41.396664604422, -21.81372258268199], [-41.396379981557, -21.813794452867995]]}}, {"type": "Feature", "properties": {"tipo": "cabo", "nome": "141M - 6F", "comprimento": "", "descricao": "141M - 6F"}, "geometry": {"type": "LineString", "coordinates": [[-41.398497715616, -21.814272896274005], [-41.39828645886999, -21.814491342072003], [-41.398192333874, -21.814478397112993], [-41.397901820205995, -21.814316899969995], [-41.39744974344, -21.814036097133993], [-41.397375580664, -21.814049489276982]]}}, {"type": "Feature", "properties": {"tipo": "cabo", "nome": "74M - 6F", "comprimento": "", "descricao": "74M - 6F"}, "geometry": {"type": "LineString", "coordinates": [[-41.396968498835, -21.814597560181014], [-41.397126911336, -21.81435779294999], [-41.397375580664, -21.814049489276982]]}}, {"type": "Feature", "properties": {"tipo": "cabo", "nome": "74M -12F", "comprimento": "", "descricao": "74M -12F"}, "geometry": {"type": "LineString", "coordinates": [[-41.397815227581, -21.813529383917995], [-41.397598574976, -21.813784966515996], [-41.397374798659996, -21.814058496380994]]}}, {"type": "Feature", "properties": {"tipo": "cabo", "nome": "77M - 6F", "comprimento": "", "descricao": "77M - 6F"}, "geometry": {"type": "LineString", "coordinates": [[-41.39825027263101, -21.812973293005996], [-41.397911907631, -21.813406714926984], [-41.397817574415, -21.813543118908]]}}, {"type": "Feature", "properties": {"tipo": "cabo", "nome": "214M - 6F", "comprimento": "", "descricao": "214M - 6F"}, "geometry": {"type": "LineString", "coordinates": [[-41.397498510479004, -21.812618949225012], [-41.397840241257, -21.812646010810994], [-41.397881764619, -21.81262410015698], [-41.397836594366, -21.813006115790998], [-41.39782348571399, -21.81314664236001], [-41.39779892504399, -21.813306217201983], [-41.397457257331, -21.813274250831], [-41.39745227897501, -21.813291697836007], [-41.39779204400699, -21.813323555313005], [-41.397817574415, -21.813543118908]]}}, {"type": "Feature", "properties": {"tipo": "cabo", "nome": "222M - 6F", "comprimento": "", "descricao": "222M - 6F"}, "geometry": {"type": "LineString", "coordinates": [[-41.395613660623, -21.81581691494202], [-41.39559842906999, -21.815573608958005], [-41.395616573913, -21.815079276706996], [-41.395498235062, -21.814927470955013], [-41.394937771396, -21.814924980106], [-41.394951131538, -21.815217877303], [-41.394993253879, -21.815475112898]]}}, {"type": "Feature", "properties": {"tipo": "cabo", "nome": "103M - 6F", "comprimento": "", "descricao": "103M - 6F"}, "geometry": {"type": "LineString", "coordinates": [[-41.393987272531994, -21.815531469850995], [-41.394661011644, -21.815447141723], [-41.394980064809, -21.81547184713]]}}, {"type": "Feature", "properties": {"tipo": "cabo", "nome": "218M - 6F", "comprimento": "", "descricao": "218M - 6F"}, "geometry": {"type": "LineString", "coordinates": [[-41.39342287483801, -21.815106692971995], [-41.393780604095, -21.815052091184], [-41.39434373899999, -21.814996882106], [-41.39492741287901, -21.814926192139993], [-41.394938999393, -21.815211921907007], [-41.394982536198, -21.815476145008006]]}}, {"type": "Feature", "properties": {"tipo": "cabo", "nome": "245M - 6F", "comprimento": "", "descricao": "245M - 6F"}, "geometry": {"type": "LineString", "coordinates": [[-41.395094920481, -21.814340622162007], [-41.39574821710599, -21.81441631369698], [-41.39638938806, -21.814488265761014], [-41.396482563062, -21.814487902886995], [-41.396568642256, -21.814549062938994], [-41.39663823335, -21.815052221160002], [-41.396641335512, -21.815349978298997]]}}, {"type": "Feature", "properties": {"tipo": "cabo", "nome": "147M - 6F", "comprimento": "", "descricao": "147M - 6F"}, "geometry": {"type": "LineString", "coordinates": [[-41.39433398253, -21.814987707081016], [-41.394934230142994, -21.814909872111997], [-41.39488990088199, -21.814872224715984], [-41.394880552859995, -21.814733236384], [-41.394926729981, -21.814332189281004], [-41.394958670374, -21.814321884981], [-41.395094920481, -21.814340622162007]]}}, {"type": "Feature", "properties": {"tipo": "cabo", "nome": "201M - 6F", "comprimento": "", "descricao": "201M - 6F"}, "geometry": {"type": "LineString", "coordinates": [[-41.396885694137, -21.813091624975996], [-41.396800425727, -21.813980672284984], [-41.396780135696, -21.814515125840003], [-41.396921380006, -21.814723257790007], [-41.396935386385, -21.814652967485998], [-41.396973255281, -21.814596640163018]]}}, {"type": "Feature", "properties": {"tipo": "cabo", "nome": "123M - 6F", "comprimento": "", "descricao": "123M - 6F"}, "geometry": {"type": "LineString", "coordinates": [[-41.395140603216994, -21.816227036019995], [-41.39522737648101, -21.816603365419013], [-41.395312198776, -21.816628117979008], [-41.394652974508, -21.816804547939]]}}, {"type": "Feature", "properties": {"tipo": "cabo", "nome": "97M - 6F", "comprimento": "", "descricao": "97M - 6F"}, "geometry": {"type": "LineString", "coordinates": [[-41.395125512848, -21.81622481197799], [-41.395156798534, -21.816365467718995], [-41.394918186656994, -21.816353407028018], [-41.394388155170006, -21.816462356539006]]}}, {"type": "Feature", "properties": {"tipo": "cabo", "nome": "148M - 12F", "comprimento": "", "descricao": "148M - 12F"}, "geometry": {"type": "LineString", "coordinates": [[-41.396959221181994, -21.816618919553022], [-41.396823283882, -21.81646627548801], [-41.396731791741, -21.816236483256006], [-41.39669987056399, -21.816020360359005], [-41.396641317008, -21.815354954881997]]}}, {"type": "Feature", "properties": {"tipo": "cabo", "nome": "116M - 6F", "comprimento": "", "descricao": "116M - 6F"}, "geometry": {"type": "LineString", "coordinates": [[-41.394279600497, -21.81600587220001], [-41.394906529643, -21.815870761361992], [-41.395069721714, -21.815960423668002], [-41.395125512848, -21.81622481197799]]}}, {"type": "Feature", "properties": {"tipo": "cabo", "nome": "209M - 6F", "comprimento": "", "descricao": "209M - 6F"}, "geometry": {"type": "LineString", "coordinates": [[-41.397881185859, -21.81677368973], [-41.397316706848, -21.816186711347], [-41.397128313436, -21.815916342427997], [-41.396935550389, -21.815651936305997], [-41.396776381773, -21.815352996879], [-41.396641335512, -21.815349978298997]]}}, {"type": "Feature", "properties": {"tipo": "cabo", "nome": "234M - 12F", "comprimento": "", "descricao": "234M - 12F"}, "geometry": {"type": "LineString", "coordinates": [[-41.397934240015, -21.816405445499996], [-41.39738081563299, -21.81584592915], [-41.397073542199, -21.81522182734099], [-41.396959326329004, -21.814950063118005], [-41.396929257324, -21.814726707001014], [-41.39695311738501, -21.814656724203005], [-41.396995419117, -21.81459988803398]]}}, {"type": "Feature", "properties": {"tipo": "cabo", "nome": "85M - 12F", "comprimento": "", "descricao": "85M - 12F"}, "geometry": {"type": "LineString", "coordinates": [[-41.39514295689, -21.816222713987997], [-41.394980064809, -21.81547184713]]}}, {"type": "Feature", "properties": {"tipo": "cabo", "nome": "250M - 6FO", "comprimento": "", "descricao": "250M - 6FO"}, "geometry": {"type": "LineString", "coordinates": [[-41.429114968353, -21.840569151284996], [-41.429127145055, -21.840282999484998], [-41.42915273631599, -21.840258201707], [-41.42917787407401, -21.840187121144993], [-41.42918477352601, -21.839865263007994], [-41.429179207049, -21.839738237606014], [-41.429254323448994, -21.839578773217], [-41.429241341886, -21.839150255592003], [-41.429226250733, -21.838885173669993], [-41.429453860861, -21.838907052748], [-41.429803850106, -21.83887110590898]]}}, {"type": "Feature", "properties": {"tipo": "cabo", "nome": "111M - 6FO", "comprimento": "", "descricao": "111M - 6FO"}, "geometry": {"type": "LineString", "coordinates": [[-41.429996919809, -21.83735289030399], [-41.42999042496, -21.83668233418001], [-41.429972205642, -21.836661756019993], [-41.429652594228, -21.836742792470005]]}}, {"type": "Feature", "properties": {"tipo": "cabo", "nome": "602M - 6FO", "comprimento": "", "descricao": "602M - 6FO"}, "geometry": {"type": "LineString", "coordinates": [[-41.413580990276, -21.832331513059017], [-41.414518589183, -21.831825135981006], [-41.415752880119, -21.831105623068993], [-41.416231691096, -21.830842193029], [-41.416518722745, -21.83073846740001], [-41.416779532207, -21.830711663486], [-41.417136175355, -21.830693313395983], [-41.41759657278799, -21.830751751774002], [-41.417874817577996, -21.830835272515984], [-41.418497447141, -21.831162666073], [-41.418720254149996, -21.83093486716602]]}}, {"type": "Feature", "properties": {"tipo": "cabo", "nome": "159M - 6FO", "comprimento": "", "descricao": "159M - 6FO"}, "geometry": {"type": "LineString", "coordinates": [[-41.410846948742, -21.830261697461978], [-41.41011800131301, -21.829785072367997], [-41.41010992309799, -21.829796858280005], [-41.410370776572, -21.829966121335005], [-41.410251907221, -21.830082911846986], [-41.410144563754, -21.830000421492002]]}}, {"type": "Feature", "properties": {"tipo": "cabo", "nome": "54M - 6FO", "comprimento": "", "descricao": "54M - 6FO"}, "geometry": {"type": "LineString", "coordinates": [[-41.410141796136, -21.830008675941002], [-41.410241966465, -21.830089059315995], [-41.41032546332801, -21.83044175114199]]}}, {"type": "Feature", "properties": {"tipo": "cabo", "nome": "160M - 6F", "comprimento": "", "descricao": "160M - 6F"}, "geometry": {"type": "LineString", "coordinates": [[-41.398553858302, -21.817690521616015], [-41.398544214947, -21.817563424127002], [-41.398520600617, -21.817311564560995], [-41.398383088794, -21.817036400692004], [-41.397934240015, -21.816405445499996]]}}, {"type": "Feature", "properties": {"tipo": "cabo", "nome": "158M - 6F", "comprimento": "", "descricao": "158M - 6F"}, "geometry": {"type": "LineString", "coordinates": [[-41.398128528578, -21.81752770137301], [-41.39795864808299, -21.817420281272007], [-41.397770979353, -21.81724425979401], [-41.39740000334099, -21.816912410789], [-41.396959221181994, -21.816618919553022]]}}, {"type": "Feature", "properties": {"tipo": "cabo", "nome": "329M - 12FO", "comprimento": "", "descricao": "329M - 12FO"}, "geometry": {"type": "LineString", "coordinates": [[-41.431009373827, -21.837084763134996], [-41.43105324816301, -21.837429482394], [-41.431770601892, -21.837300927504003], [-41.432547383678994, -21.837183198445004], [-41.433306866104, -21.837074969821003], [-41.433823427485, -21.836990695504]]}}, {"type": "Feature", "properties": {"tipo": "cabo", "nome": "748M - 12FO", "comprimento": "", "descricao": "748M - 12FO"}, "geometry": {"type": "LineString", "coordinates": [[-41.42789836202499, -21.83724080866], [-41.427952176008006, -21.837174862073994], [-41.42816205436501, -21.837106257149983], [-41.428111491639, -21.836857977633002], [-41.428496892524, -21.836772389652978], [-41.429478670188, -21.836537944609006], [-41.430591023854, -21.836274403768], [-41.43161047253599, -21.83604291456801], [-41.432904363379, -21.835676895297], [-41.433274845003, -21.83559090286002], [-41.433505123661995, -21.835505767301], [-41.433367025918, -21.835141397778017], [-41.433323502546, -21.834536861467]]}}, {"type": "Feature", "properties": {"tipo": "cabo", "nome": "175M - 6FO", "comprimento": "", "descricao": "175M - 6FO"}, "geometry": {"type": "LineString", "coordinates": [[-41.432239358495, -21.836091415501002], [-41.430595154063, -21.836477858533]]}}, {"type": "Feature", "properties": {"tipo": "cabo", "nome": "169M - 6FO", "comprimento": "", "descricao": "169M - 6FO"}, "geometry": {"type": "LineString", "coordinates": [[-41.433824615529, -21.83697037471201], [-41.433284919824, -21.837055205059997], [-41.433311004089, -21.837026444312997], [-41.433279978834, -21.83673282121501], [-41.434003920414, -21.83662072166001]]}}, {"type": "Feature", "properties": {"tipo": "cabo", "nome": "111M - 6FO", "comprimento": "", "descricao": "111M - 6FO"}, "geometry": {"type": "LineString", "coordinates": [[-41.431607053509005, -21.836015192088013], [-41.431857368988005, -21.835953360446], [-41.43169335553101, -21.83521188300101]]}}, {"type": "Feature", "properties": {"tipo": "cabo", "nome": "237M - 6FO", "comprimento": "", "descricao": "237M - 6FO"}, "geometry": {"type": "LineString", "coordinates": [[-41.43332759721, -21.834538018242995], [-41.433334675016006, -21.834226495428013], [-41.433407970472004, -21.83408073996098], [-41.433764312555, -21.834036789322994], [-41.433757868462, -21.83401578368901], [-41.433407253509, -21.834062801350996], [-41.433114557128, -21.834082257896], [-41.432731423646, -21.834062893669], [-41.432360796213, -21.834023630892986]]}}, {"type": "Feature", "properties": {"tipo": "cabo", "nome": "71M - 6FO", "comprimento": "", "descricao": "71M - 6FO"}, "geometry": {"type": "LineString", "coordinates": [[-41.43330468460701, -21.834543339926], [-41.433329586829, -21.83486229729], [-41.433307308474, -21.83484347395401], [-41.43299355809399, -21.834867117529]]}}, {"type": "Feature", "properties": {"tipo": "cabo", "nome": "155M - 6FO", "comprimento": "", "descricao": "155M - 6FO"}, "geometry": {"type": "LineString", "coordinates": [[-41.433652050489, -21.840655288650993], [-41.433774036905, -21.84152949341501], [-41.433863050354994, -21.842045560243008]]}}, {"type": "Feature", "properties": {"tipo": "cabo", "nome": "261M - 6FO", "comprimento": "", "descricao": "261M - 6FO"}, "geometry": {"type": "LineString", "coordinates": [[-41.43080497896301, -21.838811858035], [-41.430903217828, -21.840314383443], [-41.430868314476, -21.840341394150002], [-41.430907986309, -21.84078717717], [-41.431291992836, -21.840773055230002]]}}, {"type": "Feature", "properties": {"tipo": "cabo", "nome": "421M - 6FO", "comprimento": "", "descricao": "421M - 6FO"}, "geometry": {"type": "LineString", "coordinates": [[-41.429127644781, -21.840559587895996], [-41.429138705101, -21.840295072589996], [-41.429173448573, -21.840257646826018], [-41.430209035133, -21.840284189350996], [-41.430237274599, -21.840324308140993], [-41.430263676385, -21.84073360477001], [-41.430232918132, -21.840721418428004], [-41.4297307291, -21.840765142053996], [-41.429731706022, -21.840778699951997], [-41.430229999817, -21.840734073245017], [-41.43026544464199, -21.840749981770003], [-41.430285133464, -21.841063460537995], [-41.430399895415, -21.841273312748], [-41.430416011683, -21.841409333064007], [-41.43003357639599, -21.841434293329]]}}, {"type": "Feature", "properties": {"tipo": "cabo", "nome": "124M - 6FO", "comprimento": "", "descricao": "124M - 6FO"}, "geometry": {"type": "LineString", "coordinates": [[-41.430804453623, -21.838818908286], [-41.430278623393, -21.838858168732997], [-41.43022372896699, -21.838599772917007], [-41.430119603968, -21.838252640991996]]}}, {"type": "Feature", "properties": {"tipo": "cabo", "nome": "643M - 12FO", "comprimento": "", "descricao": "643M - 12FO"}, "geometry": {"type": "LineString", "coordinates": [[-41.43080865192799, -21.83881545221], [-41.43132850988, -21.838750082589996], [-41.431139013092, -21.838110625707984], [-41.431058944883, -21.837736365178003], [-41.430971220602, -21.837089908169006], [-41.430961400418, -21.83645793239502], [-41.430880770363, -21.83643981980501], [-41.430599494548, -21.83649707860799], [-41.429657385424, -21.836720471031015], [-41.428174201402, -21.837124681885996], [-41.427969725692, -21.837196025411004], [-41.427910247088995, -21.837262752867005]]}}, {"type": "Feature", "properties": {"tipo": "cabo", "nome": "91M - 6FO", "comprimento": "", "descricao": "91M - 6FO"}, "geometry": {"type": "LineString", "coordinates": [[-41.43382278362701, -21.836984044343012], [-41.433997536383, -21.836960128228], [-41.434074640978, -21.837613178528997]]}}, {"type": "Feature", "properties": {"tipo": "cabo", "nome": "58M - 6FO", "comprimento": "", "descricao": "58M - 6FO"}, "geometry": {"type": "LineString", "coordinates": [[-41.432549780172, -21.837214072500018], [-41.432319612523, -21.837252523637005], [-41.43238628599201, -21.837543884007005]]}}, {"type": "Feature", "properties": {"tipo": "cabo", "nome": "263M - 6FO", "comprimento": "", "descricao": "263M - 6FO"}, "geometry": {"type": "LineString", "coordinates": [[-41.43168474294, -21.845196186145998], [-41.432318553651, -21.84603750994198], [-41.432594708206, -21.846372731948023], [-41.433154827099, -21.847139448304006]]}}, {"type": "Feature", "properties": {"tipo": "cabo", "nome": "576M - 12FO", "comprimento": "", "descricao": "576M - 12FO"}, "geometry": {"type": "LineString", "coordinates": [[-41.43280908261, -21.842884403783003], [-41.432021420314, -21.843002098502993], [-41.431254999551996, -21.843118835919995], [-41.430634447139994, -21.843207582796992], [-41.430045115507994, -21.843298966731], [-41.430065960782, -21.843369850824004], [-41.430339105647995, -21.843618978286997], [-41.430811918693, -21.844049879189], [-41.430929891706995, -21.844163636481014], [-41.431218816623, -21.844146457785016], [-41.431603252254, -21.844098385248998], [-41.432399078353, -21.843985002069985]]}}, {"type": "Feature", "properties": {"tipo": "cabo", "nome": "82M - 6FO", "comprimento": "", "descricao": "82M - 6FO"}, "geometry": {"type": "LineString", "coordinates": [[-41.430793932174, -21.84405231134201], [-41.43091528847799, -21.844170630783992], [-41.431028891542, -21.84430936517299], [-41.431256802931, -21.844648461364997]]}}, {"type": "Feature", "properties": {"tipo": "cabo", "nome": "926M - 12FO", "comprimento": "", "descricao": "926M - 12FO"}, "geometry": {"type": "LineString", "coordinates": [[-41.427901192193, -21.837236787181], [-41.42788699585099, -21.837539641432997], [-41.427845719983, -21.838211014379993], [-41.42760584853501, -21.839223743581982], [-41.427587455429, -21.839340666832996], [-41.427565807639, -21.839898361265], [-41.427586876155, -21.840258978082005], [-41.427639654004, -21.840202620724], [-41.429141220777, -21.840253319462008], [-41.429116709702, -21.840274997030008], [-41.429103935473, -21.840570832617004], [-41.429037910425, -21.841494854995005], [-41.428956748368996, -21.841943784074004], [-41.429066201976006, -21.842149286348004], [-41.429313273931, -21.842501640503997], [-41.429734652555, -21.843106225979994], [-41.430326015968, -21.843643217636]]}}, {"type": "Feature", "properties": {"tipo": "cabo", "nome": "141M - 6FO", "comprimento": "", "descricao": "141M - 6FO"}, "geometry": {"type": "LineString", "coordinates": [[-41.43289509451299, -21.840895722163992], [-41.432989009529, -21.841493473636007], [-41.433085667301, -21.84215515558499]]}}, {"type": "Feature", "properties": {"tipo": "cabo", "nome": "372M - 6FO", "comprimento": "", "descricao": "372M - 6FO"}, "geometry": {"type": "LineString", "coordinates": [[-41.432893085114, -21.840899749981006], [-41.432000662427, -21.84102589233099], [-41.431961478253, -21.841005136986], [-41.432158790033995, -21.841615313611], [-41.432196008475, -21.8418090351], [-41.432302126543, -21.842079548822], [-41.432274611905, -21.84207799757], [-41.43217635162999, -21.841818852670016], [-41.432139614815, -21.84161783368701], [-41.43150908807299, -21.841645077417], [-41.431477251261, -21.841732464008004], [-41.431488087461, -21.841896530922014]]}}, {"type": "Feature", "properties": {"tipo": "cabo", "nome": "68M - 6FO", "comprimento": "", "descricao": "68M - 6FO"}, "geometry": {"type": "LineString", "coordinates": [[-41.429759327977, -21.843087209961], [-41.42977427172, -21.843059453211993], [-41.430057057136, -21.842940628830988], [-41.430356041835005, -21.842859441683004]]}}, {"type": "Feature", "properties": {"tipo": "cabo", "nome": "272M - 6FO", "comprimento": "", "descricao": "272M - 6FO"}, "geometry": {"type": "LineString", "coordinates": [[-41.432912008046, -21.835695763402], [-41.43328505293899, -21.83560984050898], [-41.433517862515, -21.835526736844002], [-41.434581984075, -21.83529553030202], [-41.434601624864, -21.83527036093598], [-41.434285277926, -21.835339356809], [-41.434299809923, -21.834930180233002], [-41.434290405618995, -21.834825748304]]}}, {"type": "Feature", "properties": {"tipo": "cabo", "nome": "563M - 6FO", "comprimento": "", "descricao": "563M - 6FO"}, "geometry": {"type": "LineString", "coordinates": [[-41.44215936328299, -21.832442343075982], [-41.442241340626, -21.833334435531015], [-41.442359843668, -21.833352971962], [-41.441432058503004, -21.833580528439], [-41.441119981598995, -21.83363240462799], [-41.440146186278, -21.833897377276998], [-41.439853712662, -21.833982818398994], [-41.439185261664, -21.834097892132007], [-41.438146416564, -21.834380699788], [-41.438321502655, -21.834362210182007], [-41.43824896085399, -21.83462227555502], [-41.43862178790701, -21.834540112439], [-41.438841729046, -21.834901131841008], [-41.439126043202, -21.835217334292977], [-41.438933735800006, -21.83539905922298]]}}, {"type": "Feature", "properties": {"tipo": "cabo", "nome": "636M - 6FO", "comprimento": "", "descricao": "636M - 6FO"}, "geometry": {"type": "LineString", "coordinates": [[-41.43920039226501, -21.832971390039006], [-41.438933674622, -21.833155419137], [-41.438757075744, -21.83335780100701], [-41.438174222582006, -21.833722328975995], [-41.437196006552, -21.834386192365002], [-41.436910981525, -21.834523976965002], [-41.436622160798, -21.834616076079996], [-41.436311539809, -21.834672096123995], [-41.435923951178, -21.83467397256601], [-41.435555579488, -21.834634332912003], [-41.435284795302, -21.834556082486017], [-41.434987654222, -21.834443330255993], [-41.434786877882004, -21.834290436543995], [-41.434270033506, -21.834099334377996], [-41.433762372181, -21.834021863646996]]}}, {"type": "Feature", "properties": {"tipo": "cabo", "nome": "81M - 6FO", "comprimento": "", "descricao": "81M - 6FO"}, "geometry": {"type": "LineString", "coordinates": [[-41.439847837492, -21.832652533994008], [-41.440068613687, -21.832580690651], [-41.440266923647, -21.833057290032002]]}}, {"type": "Feature", "properties": {"tipo": "cabo", "nome": "140M - 6FO", "comprimento": "", "descricao": "140M - 6FO"}, "geometry": {"type": "LineString", "coordinates": [[-41.44264611802, -21.832862141595015], [-41.442572608011, -21.832245264169018], [-41.44217993324099, -21.832174010595992], [-41.442183601845, -21.832443918961005]]}}, {"type": "Feature", "properties": {"tipo": "cabo", "nome": "143M - 6FO", "comprimento": "", "descricao": "143M - 6FO"}, "geometry": {"type": "LineString", "coordinates": [[-41.443222848783, -21.832270760315012], [-41.443008625982, -21.832292625153997], [-41.442806008172, -21.832270127784994], [-41.442162953391, -21.832157148508017], [-41.442168594033, -21.832443770804005]]}}, {"type": "Feature", "properties": {"tipo": "cabo", "nome": "360M - 12FO", "comprimento": "", "descricao": "360M - 12FO"}, "geometry": {"type": "LineString", "coordinates": [[-41.442152961409, -21.832443613326006], [-41.442147933236, -21.832157881808], [-41.442084607758, -21.832086028408], [-41.441866643157994, -21.832100973474], [-41.441527446889, -21.83216791822599], [-41.441316820214, -21.832216368447007], [-41.44059629684, -21.83238876652102], [-41.439839597977, -21.832642194174], [-41.439491599657, -21.832795964119995], [-41.43918907099701, -21.83297558304301]]}}, {"type": "Feature", "properties": {"tipo": "cabo", "nome": "454M - 12FO", "comprimento": "", "descricao": "454M - 12FO"}, "geometry": {"type": "LineString", "coordinates": [[-41.435352411626994, -21.840393289748988], [-41.434261377014, -21.840351419610997], [-41.434308262366, -21.840638924711], [-41.434285598141, -21.840638927843003], [-41.434232669272, -21.84035282605501], [-41.433752828915, -21.840350671932], [-41.433630449607, -21.840396970697], [-41.433662217183006, -21.840639598173993], [-41.43364256812201, -21.840648730456024], [-41.43361116141601, -21.840400686376015], [-41.433500251881, -21.840345887832996], [-41.432784012352, -21.840312262962], [-41.432893293729, -21.840910349287]]}}, {"type": "Feature", "properties": {"tipo": "cabo", "nome": "77M - 6FO", "comprimento": "", "descricao": "77M - 6FO"}, "geometry": {"type": "LineString", "coordinates": [[-41.435353123328, -21.840410512804], [-41.43496848545, -21.840396037562016], [-41.435031218942, -21.840721814296003]]}}, {"type": "Feature", "properties": {"tipo": "cabo", "nome": "163M - 6FO", "comprimento": "", "descricao": "163M - 6FO"}, "geometry": {"type": "LineString", "coordinates": [[-41.435367849081, -21.84038135485001], [-41.435693956978, -21.840440401069003], [-41.43568929804, -21.83991816465202], [-41.43500025567899, -21.839922226161022]]}}, {"type": "Feature", "properties": {"tipo": "cabo", "nome": "342M - 6FO", "comprimento": "", "descricao": "342M - 6FO"}, "geometry": {"type": "LineString", "coordinates": [[-41.43392166034701, -21.839893822182006], [-41.435009281693, -21.839906134046004], [-41.435653794320004, -21.83990292542198], [-41.435660460407, -21.839622492638995], [-41.434394910022, -21.839473108945995]]}}, {"type": "Feature", "properties": {"tipo": "cabo", "nome": "418M - 12FO", "comprimento": "", "descricao": "418M - 12FO"}, "geometry": {"type": "LineString", "coordinates": [[-41.43439226014401, -21.839452465584017], [-41.43476741682301, -21.839501897625], [-41.434781175171, -21.839117016491002], [-41.434787564317, -21.838514541118997], [-41.434697624964, -21.837625730254004], [-41.434631325433, -21.836847932446005], [-41.433822967708, -21.836965881498017]]}}, {"type": "Feature", "properties": {"tipo": "cabo", "nome": "165M - 6FO", "comprimento": "", "descricao": "165M - 6FO"}, "geometry": {"type": "LineString", "coordinates": [[-41.433183718375, -21.838505505594], [-41.43477884042899, -21.838530570490008]]}}, {"type": "Feature", "properties": {"tipo": "cabo", "nome": "230M - 6FO", "comprimento": "", "descricao": "230M - 6FO"}, "geometry": {"type": "LineString", "coordinates": [[-41.434711554594, -21.837632841437994], [-41.43467926625299, -21.837239716340008], [-41.434940647429, -21.83721211371501], [-41.434887935142, -21.836791869596013], [-41.434908992696, -21.836791866579986], [-41.434950980086995, -21.83710726675801], [-41.435090075675994, -21.837132507790002], [-41.435616194231, -21.837083313836004], [-41.43563886449499, -21.837038402532002]]}}, {"type": "Feature", "properties": {"tipo": "cabo", "nome": "344M - 6FO", "comprimento": "", "descricao": "344M - 6FO"}, "geometry": {"type": "LineString", "coordinates": [[-41.436033613636006, -21.844722772693004], [-41.43421781274499, -21.844968966251002], [-41.432737599994006, -21.845166899882997]]}}, {"type": "Feature", "properties": {"tipo": "cabo", "nome": "319M - 6FO", "comprimento": "", "descricao": "319M - 6FO"}, "geometry": {"type": "LineString", "coordinates": [[-41.432405639939, -21.84398703769901], [-41.433073863804005, -21.843891237539992], [-41.43457921620901, -21.84368308206699], [-41.43545317535799, -21.84355451342401]]}}, {"type": "Feature", "properties": {"tipo": "cabo", "nome": "678M - 12FO", "comprimento": "", "descricao": "678M - 12FO"}, "geometry": {"type": "LineString", "coordinates": [[-41.431641093576, -21.845203899951002], [-41.431244330992, -21.844661319967997], [-41.431274131174, -21.844640033347005], [-41.431402282051, -21.844829939632007], [-41.431406607759996, -21.844683170519005], [-41.432422931508, -21.844549289110006], [-41.43384637893799, -21.844364174702008], [-41.435304288335, -21.844156186684984], [-41.435676834766, -21.844113360585993], [-41.43564334578, -21.844083367588], [-41.435651013477994, -21.844732150743994], [-41.435686589192, -21.844752148669002], [-41.436008951773, -21.844709646842986]]}}, {"type": "Feature", "properties": {"tipo": "cabo", "nome": "120M - 6FO", "comprimento": "", "descricao": "120M - 6FO"}, "geometry": {"type": "LineString", "coordinates": [[-41.436031993293, -21.84473202582201], [-41.43565986962, -21.844784373208995], [-41.435636650995, -21.844744653622], [-41.43564752992, -21.845372761394017], [-41.43568919863701, -21.845416778654013]]}}, {"type": "Feature", "properties": {"tipo": "cabo", "nome": "305M - 6FO", "comprimento": "", "descricao": "305M - 6FO"}, "geometry": {"type": "LineString", "coordinates": [[-41.43278953580099, -21.842892081312], [-41.433588797002, -21.842786183398005], [-41.434885081902, -21.842598337558996], [-41.435704366645, -21.842480131227006]]}}, {"type": "Feature", "properties": {"tipo": "cabo", "nome": "129M - 6FO", "comprimento": "", "descricao": "129M - 6FO"}, "geometry": {"type": "LineString", "coordinates": [[-41.43429419277601, -21.840631429502977], [-41.43448569992, -21.841780027980988]]}}, {"type": "Feature", "properties": {"tipo": "cabo", "nome": "146M - 6FO", "comprimento": "", "descricao": "146M - 6FO"}, "geometry": {"type": "LineString", "coordinates": [[-41.435354645683994, -21.840393028193006], [-41.435686614553994, -21.840457420885997], [-41.435689103368, -21.841459933492004]]}}, {"type": "Feature", "properties": {"tipo": "caixa_emenda", "nome": "Caixa de Emenda (Distribuidora)", "descricao": "Caixa de Emenda (Distribuidora)", "endereco": ""}, "geometry": {"type": "Point", "coordinates": [-41.324561974971, -21.727570642518998]}}, {"type": "Feature", "properties": {"tipo": "caixa_emenda", "nome": "Caixa FTTH distribui\u00e7\u00e3o", "descricao": "Caixa FTTH distribui\u00e7\u00e3o", "endereco": ""}, "geometry": {"type": "Point", "coordinates": [-41.327411363055006, -21.75404367195401]}}, {"type": "Feature", "properties": {"tipo": "caixa_emenda", "nome": "Caixa de Emenda Preta 1", "descricao": "Caixa de Emenda Preta 1", "endereco": ""}, "geometry": {"type": "Point", "coordinates": [-41.27728840551, -21.64018309108802]}}, {"type": "Feature", "properties": {"tipo": "caixa_emenda", "nome": "Caixa de Emenda Preta 2", "descricao": "Caixa de Emenda Preta 2", "endereco": ""}, "geometry": {"type": "Point", "coordinates": [-41.350414495654, -21.766536499284]}}, {"type": "Feature", "properties": {"tipo": "caixa_emenda", "nome": "CAIXA FTTH PARA ENTRONCAMENTO", "descricao": "CAIXA FTTH PARA ENTRONCAMENTO", "endereco": ""}, "geometry": {"type": "Point", "coordinates": [-41.327667132537, -21.764718904647992]}}, {"type": "Feature", "properties": {"tipo": "caixa_emenda", "nome": "CEO - \u00c1REA 1518", "descricao": "CEO - \u00c1REA 1518", "endereco": ""}, "geometry": {"type": "Point", "coordinates": [-41.330627588755995, -21.778179197968996]}}, {"type": "Feature", "properties": {"tipo": "caixa_emenda", "nome": "CAIXA DE ENTRONCAMENTO DOS BLOCOS A / C", "descricao": "CAIXA DE ENTRONCAMENTO DOS BLOCOS A / C", "endereco": ""}, "geometry": {"type": "Point", "coordinates": [-41.330330781587, -21.777781999614007]}}, {"type": "Feature", "properties": {"tipo": "caixa_emenda", "nome": "CAIXA DE EMENDA CUSTODIA", "descricao": "CAIXA DE EMENDA CUSTODIA", "endereco": ""}, "geometry": {"type": "Point", "coordinates": [-41.290617949143005, -21.721167776632996]}}, {"type": "Feature", "properties": {"tipo": "caixa_emenda", "nome": "Caixa de Emenda 72", "descricao": "Caixa de Emenda 72", "endereco": ""}, "geometry": {"type": "Point", "coordinates": [-41.29285860433399, -21.720635673218]}}, {"type": "Feature", "properties": {"tipo": "caixa_emenda", "nome": "Caixa de Emenda 35", "descricao": "Caixa de Emenda 35", "endereco": ""}, "geometry": {"type": "Point", "coordinates": [-41.297764885045, -21.685939145552993]}}, {"type": "Feature", "properties": {"tipo": "caixa_emenda", "nome": "Caixa de Emenda 36", "descricao": "Caixa de Emenda 36", "endereco": ""}, "geometry": {"type": "Point", "coordinates": [-41.306720408877, -21.698247654054995]}}, {"type": "Feature", "properties": {"tipo": "caixa_emenda", "nome": "Caixa de Emenda 37", "descricao": "Caixa de Emenda 37", "endereco": ""}, "geometry": {"type": "Point", "coordinates": [-41.308080379172, -21.695494907975004]}}, {"type": "Feature", "properties": {"tipo": "caixa_emenda", "nome": "Caixa de Emenda aeroporto", "descricao": "Caixa de Emenda aeroporto", "endereco": ""}, "geometry": {"type": "Point", "coordinates": [-41.309604444656, -21.70286403905199]}}, {"type": "Feature", "properties": {"tipo": "caixa_emenda", "nome": "Caixa de Emenda Preta 61", "descricao": "Caixa de Emenda Preta 61", "endereco": ""}, "geometry": {"type": "Point", "coordinates": [-41.309760988321, -21.69784012025802]}}, {"type": "Feature", "properties": {"tipo": "caixa_emenda", "nome": "Caixa de Emenda 38", "descricao": "Caixa de Emenda 38", "endereco": ""}, "geometry": {"type": "Point", "coordinates": [-41.310459139455, -21.705537622109006]}}, {"type": "Feature", "properties": {"tipo": "caixa_emenda", "nome": "Caixa de Emenda 68", "descricao": "Caixa de Emenda 68", "endereco": ""}, "geometry": {"type": "Point", "coordinates": [-41.307388025695, -21.730397083474998]}}, {"type": "Feature", "properties": {"tipo": "caixa_emenda", "nome": "Caixa de Emenda 25", "descricao": "Caixa de Emenda 25", "endereco": ""}, "geometry": {"type": "Point", "coordinates": [-41.304618284979, -21.74105763420799]}}, {"type": "Feature", "properties": {"tipo": "caixa_emenda", "nome": "Caixa de Emenda 67", "descricao": "Caixa de Emenda 67", "endereco": ""}, "geometry": {"type": "Point", "coordinates": [-41.305908883083, -21.733795994627002]}}, {"type": "Feature", "properties": {"tipo": "caixa_emenda", "nome": "ENTRONCAMENTO", "descricao": "ENTRONCAMENTO", "endereco": ""}, "geometry": {"type": "Point", "coordinates": [-41.307133615746, -21.733476009851003]}}, {"type": "Feature", "properties": {"tipo": "caixa_emenda", "nome": "Caixa de Emenda 52", "descricao": "Caixa de Emenda 52", "endereco": ""}, "geometry": {"type": "Point", "coordinates": [-41.3086849337, -21.734932510199997]}}, {"type": "Feature", "properties": {"tipo": "caixa_emenda", "nome": "Caixa de Emenda 53", "descricao": "Caixa de Emenda 53", "endereco": ""}, "geometry": {"type": "Point", "coordinates": [-41.309480342261, -21.73470373960798]}}, {"type": "Feature", "properties": {"tipo": "caixa_emenda", "nome": "Caixa de Emenda Preta 59", "descricao": "Caixa de Emenda Preta 59", "endereco": ""}, "geometry": {"type": "Point", "coordinates": [-41.309175073962, -21.735539088693002]}}, {"type": "Feature", "properties": {"tipo": "caixa_emenda", "nome": "Caixa de Emenda Preta 58", "descricao": "Caixa de Emenda Preta 58", "endereco": ""}, "geometry": {"type": "Point", "coordinates": [-41.309237328481004, -21.736435534677]}}, {"type": "Feature", "properties": {"tipo": "caixa_emenda", "nome": "Caixa de Emenda Preta 57", "descricao": "Caixa de Emenda Preta 57", "endereco": ""}, "geometry": {"type": "Point", "coordinates": [-41.30986269484799, -21.736218590356003]}}, {"type": "Feature", "properties": {"tipo": "caixa_emenda", "nome": "Caixa de Emenda Preta 60", "descricao": "Caixa de Emenda Preta 60", "endereco": ""}, "geometry": {"type": "Point", "coordinates": [-41.309769413144, -21.736637591253]}}, {"type": "Feature", "properties": {"tipo": "caixa_emenda", "nome": "Caixa de Emenda 55", "descricao": "Caixa de Emenda 55", "endereco": ""}, "geometry": {"type": "Point", "coordinates": [-41.31056262833899, -21.734344314195]}}, {"type": "Feature", "properties": {"tipo": "caixa_emenda", "nome": "CAIXA DE EMENDA 48F", "descricao": "CAIXA DE EMENDA 48F", "endereco": ""}, "geometry": {"type": "Point", "coordinates": [-41.309941135976, -21.737106510594998]}}, {"type": "Feature", "properties": {"tipo": "caixa_emenda", "nome": "MINI CAIXA DE EMENDA 12F", "descricao": "MINI CAIXA DE EMENDA 12F", "endereco": ""}, "geometry": {"type": "Point", "coordinates": [-41.31033810291, -21.737293371845993]}}, {"type": "Feature", "properties": {"tipo": "caixa_emenda", "nome": "TOA DE FERRO DE FIBRA", "descricao": "TOA DE FERRO DE FIBRA", "endereco": ""}, "geometry": {"type": "Point", "coordinates": [-41.310448073478995, -21.737552485710992]}}, {"type": "Feature", "properties": {"tipo": "caixa_emenda", "nome": "Caixa de Emenda 20", "descricao": "Caixa de Emenda 20", "endereco": ""}, "geometry": {"type": "Point", "coordinates": [-41.311987118293, -21.683538926902997]}}, {"type": "Feature", "properties": {"tipo": "caixa_emenda", "nome": "Caixa de Emenda 33", "descricao": "Caixa de Emenda 33", "endereco": ""}, "geometry": {"type": "Point", "coordinates": [-41.312548605867995, -21.679217948995998]}}, {"type": "Feature", "properties": {"tipo": "caixa_emenda", "nome": "Caixa de Emenda 31", "descricao": "Caixa de Emenda 31", "endereco": ""}, "geometry": {"type": "Point", "coordinates": [-41.3165031354, -21.6538611509]}}, {"type": "Feature", "properties": {"tipo": "caixa_emenda", "nome": "Caixa de Emenda 30", "descricao": "Caixa de Emenda 30", "endereco": ""}, "geometry": {"type": "Point", "coordinates": [-41.318107011792, -21.651545446295003]}}, {"type": "Feature", "properties": {"tipo": "caixa_emenda", "nome": "Caixa de Emenda 32", "descricao": "Caixa de Emenda 32", "endereco": ""}, "geometry": {"type": "Point", "coordinates": [-41.31528613311801, -21.655719068164004]}}, {"type": "Feature", "properties": {"tipo": "caixa_emenda", "nome": "Caixa de Emenda 34", "descricao": "Caixa de Emenda 34", "endereco": ""}, "geometry": {"type": "Point", "coordinates": [-41.31624156414001, -21.687186429465]}}, {"type": "Feature", "properties": {"tipo": "caixa_emenda", "nome": "Caixa de Emenda 2", "descricao": "Caixa de Emenda 2", "endereco": ""}, "geometry": {"type": "Point", "coordinates": [-41.317300479294, -21.722882008208998]}}, {"type": "Feature", "properties": {"tipo": "caixa_emenda", "nome": "Caixa de Emenda 15", "descricao": "Caixa de Emenda 15", "endereco": ""}, "geometry": {"type": "Point", "coordinates": [-41.321095701522, -21.726918120162992]}}, {"type": "Feature", "properties": {"tipo": "caixa_emenda", "nome": "Caixa de Emenda 29", "descricao": "Caixa de Emenda 29", "endereco": ""}, "geometry": {"type": "Point", "coordinates": [-41.312403375695, -21.731315962978]}}, {"type": "Feature", "properties": {"tipo": "caixa_emenda", "nome": "Caixa de Emenda 43", "descricao": "Caixa de Emenda 43", "endereco": ""}, "geometry": {"type": "Point", "coordinates": [-41.313423137700006, -21.732061800300002]}}, {"type": "Feature", "properties": {"tipo": "caixa_emenda", "nome": "Caixa de Emenda 56", "descricao": "Caixa de Emenda 56", "endereco": ""}, "geometry": {"type": "Point", "coordinates": [-41.321745053437, -21.739196220203013]}}, {"type": "Feature", "properties": {"tipo": "caixa_emenda", "nome": "Caixa de Emenda 58", "descricao": "Caixa de Emenda 58", "endereco": ""}, "geometry": {"type": "Point", "coordinates": [-41.328168855189006, -21.744500295276993]}}, {"type": "Feature", "properties": {"tipo": "caixa_emenda", "nome": "Caixa de Emenda Preta 61", "descricao": "Caixa de Emenda Preta 61", "endereco": ""}, "geometry": {"type": "Point", "coordinates": [-41.321546333786, -21.746227636493003]}}, {"type": "Feature", "properties": {"tipo": "caixa_emenda", "nome": "AREA-52", "descricao": "AREA-52", "endereco": ""}, "geometry": {"type": "Point", "coordinates": [-41.32505923996, -21.747499320359992]}}, {"type": "Feature", "properties": {"tipo": "regiao_cobertura", "nome": "\u00c1REA 1778"}, "geometry": {"type": "Polygon", "coordinates": [[[-41.31171111377, -21.615823670771007], [-41.310119778756, -21.61593348619499], [-41.310168802585, -21.613226455388997], [-41.311743516279, -21.613182794322995], [-41.31171111377, -21.615823670771007], [-41.31171111377, -21.615823670771007]]]}}, {"type": "Feature", "properties": {"tipo": "regiao_cobertura", "nome": "\u00c1REA 1801"}, "geometry": {"type": "Polygon", "coordinates": [[[-41.306816783964, -21.609872801112004], [-41.306026043223, -21.61003412300802], [-41.30569418741101, -21.608980741533003], [-41.30442069163801, -21.609415323342006], [-41.294156159995, -21.610729212797978], [-41.294166672004, -21.609763931627], [-41.30081401345899, -21.608767573240982], [-41.300715622575005, -21.607104404216003], [-41.305241419483, -21.606880847666005], [-41.305531001047, -21.607176258466012], [-41.306252423774005, -21.607738516048002], [-41.306437718067, -21.60781695589], [-41.307015273776, -21.607969721312998], [-41.307691509347, -21.608013369000986], [-41.307700696764, -21.60806324045501], [-41.306090097206, -21.608316593558], [-41.306273344358, -21.608705416288004], [-41.30628869537599, -21.608737988778998], [-41.307083657527, -21.608588312552], [-41.307202333714, -21.609135986769004], [-41.30653632505, -21.609260624515997], [-41.306816783964, -21.609872801112004], [-41.306816783964, -21.609872801112004]]]}}, {"type": "Feature", "properties": {"tipo": "regiao_cobertura", "nome": "\u00c1REA 1797"}, "geometry": {"type": "Polygon", "coordinates": [[[-41.308913905885, -21.602066215877002], [-41.308917333588, -21.602068578732016], [-41.30914637463, -21.607235537332002], [-41.30846908784301, -21.607350317276016], [-41.308032988793, -21.600752327118997], [-41.309627833022006, -21.600647803705996], [-41.309690050378, -21.602038399001003], [-41.308913905885, -21.602066215877002], [-41.308913905885, -21.602066215877002]]]}}, {"type": "Feature", "properties": {"tipo": "regiao_cobertura", "nome": "\u00c1REA 1796"}, "geometry": {"type": "Polygon", "coordinates": [[[-41.308917333588, -21.602068578732016], [-41.309683947671, -21.602036477547998], [-41.309976361031, -21.608080452386005], [-41.30789008860499, -21.60843091270999], [-41.307723236388, -21.607471270852002], [-41.309151797377, -21.607239713], [-41.308917333588, -21.602068578732016], [-41.308917333588, -21.602068578732016]]]}}, {"type": "Feature", "properties": {"tipo": "regiao_cobertura", "nome": "\u00c1REA 1761"}, "geometry": {"type": "Polygon", "coordinates": [[[-41.219369076922, -21.612911510162988], [-41.218574867193, -21.612802019236], [-41.218659888237, -21.612281646018005], [-41.217107475972, -21.612108314733007], [-41.217212491111, -21.611327292845004], [-41.219495559199, -21.611563501900008], [-41.219761512694, -21.60962679262802], [-41.224164918056, -21.609897314264998], [-41.223959544756, -21.612394258638005], [-41.225490615944, -21.612510845491997], [-41.225408208837, -21.614793958598995], [-41.219195186103995, -21.614056537401012], [-41.219369076922, -21.612911510162988], [-41.219369076922, -21.612911510162988]]]}}, {"type": "Feature", "properties": {"tipo": "regiao_cobertura", "nome": "METRAGEM M\u00c1XIMA AT\u00c9 80M"}, "geometry": {"type": "Polygon", "coordinates": [[[-41.22434544268399, -21.60962608408802], [-41.219709484847996, -21.609173269446018], [-41.219078128722, -21.614120611804992], [-41.225806581146, -21.615009438429], [-41.22651009225801, -21.609777021987], [-41.22434544268399, -21.60962608408802], [-41.22434544268399, -21.60962608408802]]]}}, {"type": "Feature", "properties": {"tipo": "regiao_cobertura", "nome": "\u00c1REA 1766"}, "geometry": {"type": "Polygon", "coordinates": [[[-41.308499837757005, -21.632065743878], [-41.309184079134, -21.634096485974], [-41.308632236139, -21.634185247069], [-41.308477828885, -21.63360696989301], [-41.304482507163, -21.633734759202], [-41.3044151218, -21.632275499516], [-41.307000930797, -21.632189224853008], [-41.30607753394799, -21.627025127189], [-41.307001920558, -21.62702492722802], [-41.307082076071, -21.627628068492], [-41.308499837757005, -21.632065743878], [-41.308499837757005, -21.632065743878]]]}}, {"type": "Feature", "properties": {"tipo": "regiao_cobertura", "nome": "\u00c1REA 1762"}, "geometry": {"type": "Polygon", "coordinates": [[[-41.251725727473, -21.630550514367002], [-41.251810833052005, -21.63322781545203], [-41.249613847523, -21.633592511361], [-41.245566548987, -21.633676707348002], [-41.242946320696, -21.632649354478005], [-41.241872880422, -21.63148586948701], [-41.2411250795, -21.630960878205997], [-41.241258022098, -21.630518736103], [-41.24215806948, -21.63094607814], [-41.242686602857994, -21.631643056830995], [-41.24252531619499, -21.630365218579], [-41.243239384029, -21.630366224054015], [-41.24339588770301, -21.63218959048899], [-41.244028735624, -21.63221022983501], [-41.244074498961, -21.632561751402008], [-41.245413601028, -21.633011297422], [-41.24612224134, -21.63301127940798], [-41.2459765799, -21.63071246446401], [-41.246801241047, -21.63066896299199], [-41.246848283752, -21.632497502348997], [-41.24809348346601, -21.632515988135978], [-41.248089535365004, -21.633032005078007], [-41.249495725863, -21.632978330216005], [-41.25092112800001, -21.632826060184996], [-41.250835962216, -21.630600705808007], [-41.251725727473, -21.630550514367002], [-41.251725727473, -21.630550514367002]]]}}, {"type": "Feature", "properties": {"tipo": "regiao_cobertura", "nome": "\u00c1REA 1771"}, "geometry": {"type": "Polygon", "coordinates": [[[-41.311474642045006, -21.626309992132008], [-41.310002876488, -21.62629634492798], [-41.309023059986, -21.626792788917], [-41.30873208766301, -21.626345183395998], [-41.310315087257, -21.623889715979004], [-41.310689316667, -21.62327557413201], [-41.310700525874, -21.621807831547002], [-41.31159564506, -21.621762416891002], [-41.311474642045006, -21.626309992132008], [-41.311474642045006, -21.626309992132008]]]}}, {"type": "Feature", "properties": {"tipo": "regiao_cobertura", "nome": "\u00c1REA 1779"}, "geometry": {"type": "Polygon", "coordinates": [[[-41.310569948113006, -21.617955329531995], [-41.310568776758004, -21.618543930795013], [-41.30946274730601, -21.618571080108993], [-41.309444703174, -21.617965368769006], [-41.30750637131399, -21.618063734054004], [-41.307625735087, -21.616620890771998], [-41.30913079259199, -21.616505106654998], [-41.30909140717801, -21.616003504283995], [-41.310478202986, -21.615913060753016], [-41.310569948113006, -21.617955329531995], [-41.310569948113006, -21.617955329531995]]]}}, {"type": "Feature", "properties": {"tipo": "regiao_cobertura", "nome": "\u00c1REA 1802"}, "geometry": {"type": "Polygon", "coordinates": [[[-41.28940516953, -21.61095915046201], [-41.28532806449499, -21.61147953645701], [-41.28544587107201, -21.616205949222007], [-41.283515583907, -21.617637009220005], [-41.283310188743, -21.613633089962008], [-41.279740684527, -21.613936659228003], [-41.279562340965, -21.611662837064003], [-41.279379720977, -21.611693924034], [-41.279215418031, -21.610642074319003], [-41.27972123213701, -21.61055883554299], [-41.27953176805699, -21.609164287889016], [-41.280466603839, -21.609141733195997], [-41.280653121067, -21.610925418560996], [-41.289219002676, -21.609810210904], [-41.28940516953, -21.61095915046201], [-41.28940516953, -21.61095915046201]]]}}, {"type": "Feature", "properties": {"tipo": "regiao_cobertura", "nome": "\u00c1REA 1780"}, "geometry": {"type": "Polygon", "coordinates": [[[-41.310116656973, -21.61593417368998], [-41.309091037844, -21.616002012767993], [-41.309128125342, -21.616505489443995], [-41.307625735087, -21.616620890771998], [-41.30776909898, -21.614898358851008], [-41.307903354797, -21.613285242806995], [-41.310168803526004, -21.613229690691995], [-41.310116656973, -21.61593417368998], [-41.310116656973, -21.61593417368998]]]}}, {"type": "Feature", "properties": {"tipo": "regiao_cobertura", "nome": "\u00c1REA 1803"}, "geometry": {"type": "Polygon", "coordinates": [[[-41.27229656930001, -21.609488784405997], [-41.272726097733, -21.61331234929], [-41.272016659482006, -21.613387077268996], [-41.27225095073501, -21.614825984433978], [-41.271262107517, -21.614981219917], [-41.270929238734, -21.613453261760995], [-41.268653875959, -21.615351622237995], [-41.268783782459, -21.616167550179995], [-41.267610302773, -21.616351395148982], [-41.267463026522, -21.615623432014004], [-41.267930357153, -21.61542922175198], [-41.268550704588, -21.614883528845], [-41.268143848679, -21.61409616274402], [-41.269022489888, -21.613741526211], [-41.268837110880995, -21.611699451917005], [-41.269973299596, -21.61167621393099], [-41.269760806196, -21.609360073437017], [-41.27229656930001, -21.609488784405997], [-41.27229656930001, -21.609488784405997]]]}}, {"type": "Feature", "properties": {"tipo": "regiao_cobertura", "nome": "INSTALA\u00c7\u00c3O M\u00c1XIMA AT\u00c9 70M"}, "geometry": {"type": "Polygon", "coordinates": [[[-41.307242304575, -21.680465800121], [-41.299625486259, -21.681116601019994], [-41.299490625253, -21.679902555848003], [-41.29825414691701, -21.680063131742003], [-41.29861755642799, -21.684308470154008], [-41.304520687213, -21.683887072022998], [-41.304561816973006, -21.682778708794004], [-41.306094885066, -21.682588991741], [-41.306102698062, -21.68281405732199], [-41.306116342738996, -21.683207112811004], [-41.3093779089, -21.68310741604401], [-41.310322046474, -21.68286814352102], [-41.307242304575, -21.680465800121], [-41.307242304575, -21.680465800121], [-41.307242304575, -21.680465800121]]]}}, {"type": "Feature", "properties": {"tipo": "regiao_cobertura", "nome": "INSTALA\u00c7\u00c3O M\u00c1XIMA AT\u00c9 110M"}, "geometry": {"type": "Polygon", "coordinates": [[[-41.298226761706, -21.679743213503997], [-41.295737671741, -21.679862852409016], [-41.296681809314, -21.689234258043996], [-41.299299645312, -21.69082933021099], [-41.299042153247, -21.688965087873996], [-41.298827576526, -21.68676186127999], [-41.298226761706, -21.679743213503997], [-41.298226761706, -21.679743213503997]]]}}, {"type": "Feature", "properties": {"tipo": "regiao_cobertura", "nome": "INSTALA\u00c7\u00c3O M\u00c1XIMA AT\u00c9 130M"}, "geometry": {"type": "Polygon", "coordinates": [[[-41.30965704132599, -21.694279348966987], [-41.30321973969001, -21.694558478095004], [-41.303262655035, -21.695196485497007], [-41.304571573033, -21.695734802044], [-41.305279676214, -21.696352866710015], [-41.306202356115, -21.697788361503], [-41.308176461949, -21.699881765759002], [-41.308906022802, -21.70103810934401], [-41.309785787359, -21.701018172464998], [-41.309978906408, -21.694239473333994], [-41.30965704132599, -21.694279348966987], [-41.30965704132599, -21.694279348966987]]]}}, {"type": "Feature", "properties": {"tipo": "regiao_cobertura", "nome": "\u00c1REA 1175"}, "geometry": {"type": "Polygon", "coordinates": [[[-41.310596375144, -21.714203958097016], [-41.311263079486, -21.715690608849997], [-41.311150712957, -21.71574086301399], [-41.311210574398, -21.715889194748016], [-41.311375399188, -21.716297616247004], [-41.31092037981699, -21.716465582851], [-41.30977694387399, -21.715118137890997], [-41.309569582374, -21.714553076057996], [-41.310596375144, -21.714203958097016], [-41.310596375144, -21.714203958097016]]]}}, {"type": "Feature", "properties": {"tipo": "regiao_cobertura", "nome": "\u00c1REA 1764"}, "geometry": {"type": "Polygon", "coordinates": [[[-41.277474752246, -21.640307431839005], [-41.27751926596099, -21.640448856305], [-41.27760707912, -21.64058923148201], [-41.27772650185, -21.64072634021599], [-41.27790563263801, -21.64087323959299], [-41.27800046552801, -21.640931998072006], [-41.278137443662, -21.64097116644001], [-41.2782744223, -21.641016863999], [-41.278457057643, -21.641029912617995], [-41.278572961012, -21.641039700147005], [-41.280770644806, -21.640753954833002], [-41.280726334344, -21.64047265410599], [-41.281374932537, -21.640399472500008], [-41.281323206007, -21.639747671037], [-41.281795609828, -21.639713332423014], [-41.281884265, -21.640601836809992], [-41.283214725462, -21.640391381224987], [-41.285329758306, -21.640342733338002], [-41.28546300272501, -21.640355283022004], [-41.285451033038, -21.64013599621302], [-41.285666044157, -21.64013042361897], [-41.285581889993, -21.638427709659], [-41.286090730487, -21.638413748606], [-41.286158039076, -21.640585828170998], [-41.287196497248, -21.640871672483982], [-41.287164643252, -21.640163032613003], [-41.290118114638, -21.64009808478302], [-41.290163051252, -21.640963850188], [-41.290993496823, -21.64087938046501], [-41.29109352388701, -21.642399359307007], [-41.29181688872799, -21.642343229987006], [-41.291871235912, -21.642953966574993], [-41.290804152443, -21.64302644350701], [-41.291075309033005, -21.646840243813998], [-41.290243513101, -21.646868246436995], [-41.289919710183, -21.642018497490994], [-41.289212198877, -21.641944209030996], [-41.289140503129, -21.641192644908003], [-41.288099510465, -21.641250082620004], [-41.286346549328, -21.640740221415996], [-41.28638511547901, -21.641409739988006], [-41.285362417753, -21.641476283581], [-41.285545004733, -21.64320160038801], [-41.286078352578, -21.643165771715005], [-41.286231868609, -21.644176659199005], [-41.28508229428199, -21.644299849209006], [-41.284779729597, -21.641526068335992], [-41.281430178329, -21.641795398308005], [-41.281400056443, -21.640951889524004], [-41.278844662580994, -21.641268923438005], [-41.278472052428, -21.641274530128], [-41.278177568133, -21.641224270395], [-41.277889092037, -21.641129320790995], [-41.277642683583, -21.641000851873002], [-41.27768933666399, -21.642162914239023], [-41.276996137238, -21.642452037537993], [-41.276426395181005, -21.643081236827], [-41.276098532853005, -21.643443313022004], [-41.275796369001, -21.643121149235995], [-41.27671174773101, -21.642303345628008], [-41.277324962607, -21.642022482713983], [-41.277137825596, -21.64030260781898], [-41.276886520571, -21.639299130222], [-41.276087198812, -21.638762889066015], [-41.27586477109901, -21.637237877960004], [-41.275526923983996, -21.636215950463992], [-41.275542928135, -21.634864392425996], [-41.27539741903199, -21.633538784994016], [-41.265665754132, -21.633945985986003], [-41.265391734768, -21.630348974544006], [-41.27358216943501, -21.629719467092002], [-41.273746811517, -21.63088737835102], [-41.27546736795199, -21.63069237387701], [-41.275732743174, -21.633497049705014], [-41.275848185196, -21.634827046005], [-41.275856287118, -21.636268207564015], [-41.276049597657, -21.636856803908998], [-41.276186750685994, -21.637320292897], [-41.276286513247996, -21.637934414857], [-41.276373802825, -21.638455837126003], [-41.27682259806101, -21.638872957322008], [-41.277233983833, -21.63909309440801], [-41.277474752246, -21.640307431839005], [-41.277474752246, -21.640307431839005]]]}}, {"type": "Feature", "properties": {"tipo": "regiao_cobertura", "nome": "\u00c1REA 1765"}, "geometry": {"type": "Polygon", "coordinates": [[[-41.29915272646901, -21.637880755767995], [-41.29913581062401, -21.637614323055004], [-41.299821474961, -21.637577629306023], [-41.299832803978, -21.637995565329007], [-41.301041216311, -21.63822520748201], [-41.301423409459, -21.638272153818008], [-41.30203837336399, -21.638128726375996], [-41.303325328356, -21.637741875849002], [-41.305787390797, -21.637120596624996], [-41.306405164485, -21.637098669113982], [-41.30635989654, -21.635912777038], [-41.307118615858, -21.635876038527996], [-41.307242587683, -21.63711937688501], [-41.308220515528, -21.637140048873988], [-41.308276600553, -21.636706424751992], [-41.309690617216, -21.636763992633988], [-41.309956915904, -21.637532524717997], [-41.310389187805, -21.637629913276996], [-41.311299174565, -21.638272056388004], [-41.310973072105, -21.638506174908017], [-41.310838540552, -21.638304086207], [-41.310483665251, -21.637969076681003], [-41.310231842093, -21.637812227431994], [-41.297747916876, -21.63964178835201], [-41.29805813489, -21.641998286339017], [-41.296750337173, -21.64212647017598], [-41.296690328519, -21.641477466029997], [-41.291048856249006, -21.641765376411996], [-41.290995471048, -21.64088193212899], [-41.293389774029, -21.64026612829599], [-41.296756472791, -21.639234002681007], [-41.297816212223, -21.638132662548003], [-41.29915272646901, -21.637880755767995], [-41.29915272646901, -21.637880755767995]]]}}, {"type": "Feature", "properties": {"tipo": "regiao_cobertura", "nome": "\u00c1REA 1763"}, "geometry": {"type": "Polygon", "coordinates": [[[-41.25172754601499, -21.630549365712994], [-41.253508207149, -21.630461110217993], [-41.253667419558, -21.632668213822996], [-41.256235205711, -21.632576863761003], [-41.256244709414, -21.633066678353998], [-41.255052949636, -21.633151434129005], [-41.25512764498, -21.633714823988], [-41.25378932392099, -21.633817043060986], [-41.253821594418, -21.63420258471602], [-41.253508962094, -21.634227260995004], [-41.253443900268, -21.633510570227003], [-41.25325980705599, -21.63351953300601], [-41.253229634029, -21.633133508247994], [-41.252098011635, -21.633189324859984], [-41.251810538065, -21.633226638349], [-41.25172754601499, -21.630549365712994], [-41.25172754601499, -21.630549365712994]]]}}, {"type": "Feature", "properties": {"tipo": "regiao_cobertura", "nome": "\u00c1REA 1798"}, "geometry": {"type": "Polygon", "coordinates": [[[-41.31173951406999, -21.613184627703006], [-41.30789987395799, -21.613282008341997], [-41.30741525662901, -21.611980619996004], [-41.31148388184501, -21.611811414891008], [-41.311480634071, -21.61163378966799], [-41.311806999749, -21.611617891091], [-41.311806999749, -21.611617891091], [-41.311806999749, -21.611617891091], [-41.311806999749, -21.611617891091], [-41.31173951406999, -21.613184627703006], [-41.31173951406999, -21.613184627703006]]]}}, {"type": "Feature", "properties": {"tipo": "regiao_cobertura", "nome": "\u00c1REA 1794"}, "geometry": {"type": "Polygon", "coordinates": [[[-41.312797091622, -21.606944951558006], [-41.31275406105199, -21.60719138474998], [-41.312418433797, -21.607218586231], [-41.312208483145, -21.608090368435995], [-41.312468839697, -21.608142609658998], [-41.312227229725, -21.608838878437012], [-41.308831882887, -21.608836343544], [-41.307204531743004, -21.609135986827994], [-41.307083657463, -21.608590356115002], [-41.306287965803, -21.60873542377101], [-41.306090097206, -21.608316593558], [-41.30781832614199, -21.608045764661], [-41.307887343904, -21.60843054903502], [-41.309983116255005, -21.608081939366002], [-41.311079851745, -21.607891536097014], [-41.310943007104, -21.607062112801998], [-41.312797091622, -21.606944951558006], [-41.312797091622, -21.606944951558006]]]}}, {"type": "Feature", "properties": {"tipo": "regiao_cobertura", "nome": "\u00c1REA 1786"}, "geometry": {"type": "Polygon", "coordinates": [[[-41.312471317116, -21.608141903464002], [-41.312212562345, -21.608089005116994], [-41.312418433797, -21.607218586231], [-41.314490754613004, -21.607066097198995], [-41.314155647749, -21.609494039122012], [-41.313655254082, -21.609479434704], [-41.313760657989, -21.61109017486001], [-41.311928498569, -21.61095741537001], [-41.312471317116, -21.608141903464002], [-41.312471317116, -21.608141903464002]]]}}, {"type": "Feature", "properties": {"tipo": "regiao_cobertura", "nome": "\u00c1REA 1800"}, "geometry": {"type": "Polygon", "coordinates": [[[-41.30899601477599, -21.609996120717994], [-41.306691957534, -21.610419129389996], [-41.306466626367, -21.60994302322402], [-41.306816798438, -21.60987523391799], [-41.306533095704, -21.609260666235997], [-41.308860556836, -21.608832374898995], [-41.312367030405, -21.608692519716], [-41.312107399695, -21.609988816615015], [-41.30899601477599, -21.609996120717994], [-41.30899601477599, -21.609996120717994]]]}}, {"type": "Feature", "properties": {"tipo": "regiao_cobertura", "nome": "\u00c1REA 1799"}, "geometry": {"type": "Polygon", "coordinates": [[[-41.311806999749, -21.611617891091], [-41.311480634071, -21.61163378966799], [-41.31148388184501, -21.611811414891008], [-41.307418357772995, -21.611977735550994], [-41.306682869636006, -21.610419448787], [-41.306682869636006, -21.610419448787], [-41.30898657548, -21.609996107634004], [-41.312107399695, -21.609988816615015], [-41.312107399695, -21.609988816615015], [-41.311806999749, -21.611617891091], [-41.311806999749, -21.611617891091]]]}}, {"type": "Feature", "properties": {"tipo": "regiao_cobertura", "nome": "\u00c1REA 1795"}, "geometry": {"type": "Polygon", "coordinates": [[[-41.311881784257, -21.606998454934995], [-41.310942017257, -21.607060864041003], [-41.31107820773901, -21.607890819017], [-41.309979103239, -21.608082077038006], [-41.30972646647, -21.60294943543802], [-41.311600866834, -21.602620372131], [-41.311881784257, -21.606998454934995], [-41.311881784257, -21.606998454934995], [-41.311881784257, -21.606998454934995]]]}}, {"type": "Feature", "properties": {"tipo": "regiao_cobertura", "nome": "\u00c1REA 1793"}, "geometry": {"type": "Polygon", "coordinates": [[[-41.31407962004899, -21.606582204776004], [-41.312847012191, -21.606693643968], [-41.31279888109199, -21.606944570872997], [-41.31188222466, -21.607000068974997], [-41.311617032348, -21.602617352590997], [-41.313122955629005, -21.602271753479002], [-41.31407962004899, -21.606582204776004], [-41.31407962004899, -21.606582204776004]]]}}, {"type": "Feature", "properties": {"tipo": "regiao_cobertura", "nome": "\u00c1REA 1770"}, "geometry": {"type": "Polygon", "coordinates": [[[-41.311388991624, -21.62863332556401], [-41.310219726117, -21.62869999279698], [-41.30902422604899, -21.626794848117], [-41.310004450098006, -21.626296926202002], [-41.311473738685, -21.626309073626018], [-41.311476815156, -21.626113904478032], [-41.313908533245, -21.626257357282], [-41.313751820702, -21.62761908410802], [-41.311438002443, -21.627497935394004], [-41.311388991624, -21.62863332556401], [-41.311388991624, -21.62863332556401]]]}}, {"type": "Feature", "properties": {"tipo": "regiao_cobertura", "nome": "\u00c1REA 1772"}, "geometry": {"type": "Polygon", "coordinates": [[[-41.311539428079996, -21.624007421908004], [-41.314139542279, -21.62429251402601], [-41.31390772177501, -21.626257911135], [-41.311486815652, -21.626114768709], [-41.311539428079996, -21.624007421908004], [-41.311539428079996, -21.624007421908004]]]}}, {"type": "Feature", "properties": {"tipo": "regiao_cobertura", "nome": "\u00c1REA 1773"}, "geometry": {"type": "Polygon", "coordinates": [[[-41.311597157277, -21.621761010314003], [-41.314533320701, -21.621609704526023], [-41.31414102163699, -21.624291137984983], [-41.311543153616, -21.624009902572993], [-41.311597157277, -21.621761010314003], [-41.311597157277, -21.621761010314003]]]}}, {"type": "Feature", "properties": {"tipo": "regiao_cobertura", "nome": "\u00c1REA 1774"}, "geometry": {"type": "Polygon", "coordinates": [[[-41.314537760689994, -21.621609703201003], [-41.310701430189, -21.621808257846013], [-41.310575410829, -21.619527681457], [-41.313170157966, -21.619453916590018], [-41.313139188486, -21.61919955639398], [-41.313707684701, -21.619161637624018], [-41.313728601714, -21.619457485197003], [-41.314846260783, -21.619408825202996], [-41.314537760689994, -21.621609703201003], [-41.314537760689994, -21.621609703201003]]]}}, {"type": "Feature", "properties": {"tipo": "regiao_cobertura", "nome": "\u00c1REA 1781"}, "geometry": {"type": "Polygon", "coordinates": [[[-41.313168929081, -21.616326676119982], [-41.312318334162995, -21.616363730203005], [-41.312240874457, -21.613984544133018], [-41.312804008944, -21.613622808451993], [-41.312866052146, -21.61102380941901], [-41.313759187155, -21.611092474125], [-41.3140086856, -21.614083013254003], [-41.31410832589399, -21.614115929969998], [-41.31401110939199, -21.616769687323995], [-41.313202665299, -21.616876426922005], [-41.313168929081, -21.616326676119982], [-41.313168929081, -21.616326676119982]]]}}, {"type": "Feature", "properties": {"tipo": "regiao_cobertura", "nome": "\u00c1REA 1775"}, "geometry": {"type": "Polygon", "coordinates": [[[-41.31056455433101, -21.617960504144023], [-41.310521479523, -21.616832815628996], [-41.311742667925, -21.616838981477002], [-41.311744628838, -21.616381841176008], [-41.312317211277, -21.616364892947004], [-41.312312386975, -21.617999768345996], [-41.31258941183201, -21.61801143264701], [-41.312600286759995, -21.61854345514398], [-41.312985629339, -21.618548978945995], [-41.314951507564004, -21.618577159382], [-41.314849219829, -21.619407448746983], [-41.313729849846, -21.619456027847008], [-41.313711017211, -21.619161174480013], [-41.31328928844, -21.619190003221007], [-41.313137496228, -21.619200379505997], [-41.313172173585, -21.619453680706002], [-41.310577138177, -21.619528201793997], [-41.31056455433101, -21.617960504144023], [-41.31056455433101, -21.617960504144023]]]}}, {"type": "Feature", "properties": {"tipo": "regiao_cobertura", "nome": "\u00c1REA 1777"}, "geometry": {"type": "Polygon", "coordinates": [[[-41.310476759598, -21.615908927999982], [-41.311715607254, -21.615827915175004], [-41.31174149777, -21.613186493816997], [-41.311801839842, -21.611662364048], [-41.31192085294501, -21.610957895171012], [-41.312868081068, -21.611024945571003], [-41.31283746694, -21.612702631546], [-41.312808437776006, -21.613615667931995], [-41.31223758943699, -21.613986570671003], [-41.312314822318, -21.616356855190006], [-41.311737631615, -21.616382243906003], [-41.311744944769, -21.616839127787998], [-41.310525971769, -21.616832173025003], [-41.310476759598, -21.615908927999982], [-41.310476759598, -21.615908927999982]]]}}, {"type": "Feature", "properties": {"tipo": "regiao_cobertura", "nome": "\u00c1REA 1177"}, "geometry": {"type": "Polygon", "coordinates": [[[-41.312015816004, -21.715230921389008], [-41.31273429722199, -21.714876396293008], [-41.313154649545, -21.714434777481017], [-41.313950681045, -21.714194653747], [-41.315139296331, -21.714857770951], [-41.312355595976, -21.715939577628006], [-41.312015816004, -21.715230921389008], [-41.312015816004, -21.715230921389008]]]}}, {"type": "Feature", "properties": {"tipo": "regiao_cobertura", "nome": "INSTALA\u00c7\u00c3O M\u00c1XIMA AT\u00c9 70M"}, "geometry": {"type": "Polygon", "coordinates": [[[-41.313883136215, -21.69904702564], [-41.312257717552, -21.69862336049401], [-41.31212897152, -21.69911680566298], [-41.311732004585004, -21.699037057062995], [-41.311758826675, -21.699535485086002], [-41.31160862297101, -21.700427666937017], [-41.31261713356, -21.700661926059993], [-41.31297118514999, -21.699989053086995], [-41.313529084624996, -21.700203375930997], [-41.313824127617, -21.699650123287], [-41.313416431846, -21.699480658087992], [-41.314054797593, -21.699131758519997], [-41.313883136215, -21.69904702564], [-41.313883136215, -21.69904702564]]]}}, {"type": "Feature", "properties": {"tipo": "regiao_cobertura", "nome": "INSTALA\u00c7\u00c3O M\u00c1XIMA AT\u00c9 70M"}, "geometry": {"type": "Polygon", "coordinates": [[[-41.313244472185, -21.693484511685], [-41.313255201022, -21.694331870968995], [-41.311281095186, -21.694531248900006], [-41.31124890867801, -21.693125628603], [-41.312343249957, -21.693035907693], [-41.313244472185, -21.693484511685], [-41.313244472185, -21.693484511685]]]}}, {"type": "Feature", "properties": {"tipo": "regiao_cobertura", "nome": "INSTALA\u00c7\u00c3O M\u00c1XIMA AT\u00c9 100M"}, "geometry": {"type": "Polygon", "coordinates": [[[-41.311241319065, -21.68386470067], [-41.31463163125999, -21.683765004359003], [-41.314824750309, -21.683346279093016], [-41.314095189457, -21.68266834036899], [-41.311176946049, -21.682887673834998], [-41.311241319065, -21.68386470067], [-41.311241319065, -21.68386470067]]]}}, {"type": "Feature", "properties": {"tipo": "regiao_cobertura", "nome": "\u00c1REA 1767"}, "geometry": {"type": "Polygon", "coordinates": [[[-41.309179085687, -21.634090561758995], [-41.309285366532, -21.63442325656699], [-41.311219244207, -21.634191558317], [-41.311201969025, -21.637338545546], [-41.312370918203, -21.637326657009993], [-41.31197528367, -21.640185387678017], [-41.31127241010401, -21.640107165633992], [-41.31125995923101, -21.639597655399], [-41.311317419227, -21.639582684871996], [-41.31130328206, -21.638273928436007], [-41.310394893116, -21.637631531109008], [-41.309956036046, -21.637531884021996], [-41.309688723275, -21.636758902484985], [-41.30946359211799, -21.636756533257994], [-41.308633047682, -21.634183867659004], [-41.309179085687, -21.634090561758995], [-41.309179085687, -21.634090561758995]]]}}, {"type": "Feature", "properties": {"tipo": "regiao_cobertura", "nome": "\u00c1REA 1768"}, "geometry": {"type": "Polygon", "coordinates": [[[-41.311212847144, -21.634201803492005], [-41.311316194662, -21.631028540252004], [-41.313236529323994, -21.631111937414005], [-41.31237344467, -21.637327103437983], [-41.311204042721, -21.637335663296], [-41.311212847144, -21.634201803492005], [-41.311212847144, -21.634201803492005]]]}}, {"type": "Feature", "properties": {"tipo": "regiao_cobertura", "nome": "\u00c1REA 1769"}, "geometry": {"type": "Polygon", "coordinates": [[[-41.313238957397, -21.631110104352004], [-41.311319123513, -21.631030733331997], [-41.311438002443, -21.627497935394004], [-41.31374841787199, -21.627618030711005], [-41.313238957397, -21.631110104352004], [-41.313238957397, -21.631110104352004]]]}}, {"type": "Feature", "properties": {"tipo": "regiao_cobertura", "nome": "\u00c1REA 1783"}, "geometry": {"type": "Polygon", "coordinates": [[[-41.319419872397, -21.60966084714302], [-41.319764466897, -21.614482902768003], [-41.31524001097801, -21.614312829116997], [-41.315344357425, -21.61184637432099], [-41.315245908753, -21.61036984226301], [-41.319419872397, -21.60966084714302], [-41.319419872397, -21.60966084714302]]]}}, {"type": "Feature", "properties": {"tipo": "regiao_cobertura", "nome": "\u00c1REA 1789"}, "geometry": {"type": "Polygon", "coordinates": [[[-41.319765877428004, -21.605752470452003], [-41.319901657093006, -21.606373514336], [-41.316461249296, -21.60683020597702], [-41.316591791215, -21.605520211745997], [-41.316135660924, -21.605573321804002], [-41.31603376048701, -21.60489326295], [-41.31651545518401, -21.604837093293], [-41.315895682840996, -21.601093924664], [-41.317702887617, -21.600327753759004], [-41.318506794079, -21.605936889091993], [-41.319765877428004, -21.605752470452003], [-41.319765877428004, -21.605752470452003]]]}}, {"type": "Feature", "properties": {"tipo": "regiao_cobertura", "nome": "\u00c1REA 1791"}, "geometry": {"type": "Polygon", "coordinates": [[[-41.316794994684, -21.598933785973017], [-41.31680425185801, -21.599872695033014], [-41.313541058268, -21.600265976767005], [-41.31210999587499, -21.600369227930997], [-41.31210750355, -21.598871211759004], [-41.31344474172499, -21.598745985178994], [-41.313541290701, -21.599346042809003], [-41.316794994684, -21.598933785973017], [-41.316794994684, -21.598933785973017]]]}}, {"type": "Feature", "properties": {"tipo": "regiao_cobertura", "nome": "\u00c1REA 1790"}, "geometry": {"type": "Polygon", "coordinates": [[[-41.313335230424, -21.603236824742993], [-41.313127870698, -21.602272073392996], [-41.312184651077, -21.602490770716017], [-41.312095010063, -21.601815866286017], [-41.31211306878, -21.600369425409], [-41.31355525380399, -21.60026516000498], [-41.316805475, -21.599871522900997], [-41.316825596252, -21.600702565394002], [-41.315888810508, -21.60109521995099], [-41.316146901905, -21.602622759838], [-41.313335230424, -21.603236824742993], [-41.313335230424, -21.603236824742993]]]}}, {"type": "Feature", "properties": {"tipo": "regiao_cobertura", "nome": "\u00c1REA 1787"}, "geometry": {"type": "Polygon", "coordinates": [[[-41.314492894636, -21.607066097187], [-41.312754061043, -21.607192984991002], [-41.312848960231, -21.606693093371987], [-41.314082330756996, -21.606582204768003], [-41.313938513882, -21.60596910173699], [-41.315032116458006, -21.605830731690006], [-41.31501172098, -21.605697422383017], [-41.31660246929399, -21.605519984029], [-41.316188404146, -21.609080951851], [-41.31523457665299, -21.609217656249], [-41.315236615044, -21.608829327864], [-41.314242603361, -21.608879416912004], [-41.314492894636, -21.607066097187], [-41.314492894636, -21.607066097187]]]}}, {"type": "Feature", "properties": {"tipo": "regiao_cobertura", "nome": "\u00c1REA 1788"}, "geometry": {"type": "Polygon", "coordinates": [[[-41.31603109847, -21.60489073267], [-41.316137147452004, -21.60557323137401], [-41.315016269191, -21.605700247108004], [-41.315030827552, -21.605828777602], [-41.313941024069, -21.605970831944006], [-41.313668491391, -21.604705481577], [-41.313337804627004, -21.603236924680004], [-41.316148720764, -21.602624903485008], [-41.31643043009301, -21.604323582641996], [-41.316512636854, -21.604839599559], [-41.31603109847, -21.60489073267], [-41.31603109847, -21.60489073267]]]}}, {"type": "Feature", "properties": {"tipo": "regiao_cobertura", "nome": "\u00c1REA 1792"}, "geometry": {"type": "Polygon", "coordinates": [[[-41.31517272268301, -21.596937746286997], [-41.316758641576996, -21.596932087785987], [-41.316800787093, -21.598929096407005], [-41.313543511448, -21.59934432307], [-41.313447653051, -21.598744669838], [-41.31211109710001, -21.598871442700002], [-41.312151021169, -21.597368599576], [-41.31517272268301, -21.596937746286997], [-41.31517272268301, -21.596937746286997]]]}}, {"type": "Feature", "properties": {"tipo": "regiao_cobertura", "nome": "INSTALA\u00c7\u00c3O M\u00c1XIMA AT\u00c9 100M"}, "geometry": {"type": "Polygon", "coordinates": [[[-41.311198403721, -21.677025373717], [-41.313794782047, -21.676806031330003], [-41.314438512211, -21.677543818032007], [-41.315725972538, -21.678022380361], [-41.316026379947, -21.678979500249994], [-41.315962006931, -21.680155951407002], [-41.315082242375, -21.680973479607005], [-41.311005284672, -21.681132996764006], [-41.310962369327, -21.680096132089005], [-41.311198403721, -21.677025373717], [-41.311198403721, -21.677025373717]]]}}, {"type": "Feature", "properties": {"tipo": "regiao_cobertura", "nome": "\u00c1REA 1782"}, "geometry": {"type": "Polygon", "coordinates": [[[-41.314103897403, -21.61410973343702], [-41.314014948438, -21.614083616806994], [-41.313763235268, -21.611095353454004], [-41.313654514232, -21.60947765502999], [-41.314156372928, -21.609492109277994], [-41.31424260337, -21.608881352775995], [-41.315234017082, -21.608826913899023], [-41.315238110682, -21.614312583576023], [-41.31552974742, -21.614324036867004], [-41.315225229686, -21.616638615737997], [-41.314014862105, -21.616776592370996], [-41.314103897403, -21.61410973343702], [-41.314103897403, -21.61410973343702]]]}}, {"type": "Feature", "properties": {"tipo": "regiao_cobertura", "nome": "INSTALA\u00c7\u00c3O M\u00c1XIMA AT\u00c9 100M"}, "geometry": {"type": "Polygon", "coordinates": [[[-41.313256512436, -21.650376415111992], [-41.318642388138, -21.650635685398], [-41.319050083907996, -21.656299627740978], [-41.318213234695, -21.656379399988992], [-41.317419300827, -21.65645917219301], [-41.316689739975, -21.656778260569], [-41.316067467484, -21.657556035528003], [-41.31471563414, -21.656738374560007], [-41.312677155288, -21.656120140021002], [-41.31224800184701, -21.654604457038985], [-41.312097798141, -21.652510395150003], [-41.311454067978, -21.652410677159992], [-41.311454067978, -21.651573043317995], [-41.31299902037, -21.651533155871007], [-41.313256512436, -21.650376415111992], [-41.313256512436, -21.650376415111992]]]}}, {"type": "Feature", "properties": {"tipo": "regiao_cobertura", "nome": "METRAGEM M\u00c1XIMA AT\u00c9 80M"}, "geometry": {"type": "Polygon", "coordinates": [[[-41.317451774471, -21.596329421846008], [-41.311634387844, -21.59645521264001], [-41.311866757636, -21.600380199653003], [-41.307013653366, -21.600666370062996], [-41.307796732934996, -21.607591936489996], [-41.305318956476, -21.607852007286], [-41.307772650591, -21.613200585567995], [-41.306233149739, -21.627937523019995], [-41.308026837025, -21.631915840701993], [-41.303967439484, -21.632383870874023], [-41.304093312276, -21.633758700738014], [-41.30865620098499, -21.633700197606004], [-41.309516179189, -21.636759309572994], [-41.31097179588, -21.641377284373988], [-41.312158325261, -21.641499827811018], [-41.315032399778, -21.621239112872004], [-41.319123852378, -21.621809648420978], [-41.318791685787, -21.616690188427015], [-41.315695600444, -21.61630914306801], [-41.315966613878, -21.613589117611994], [-41.319875091786, -21.613851540858008], [-41.319514323624, -21.60965895961], [-41.316537986279, -21.609742812427], [-41.316900542152, -21.606442542484004], [-41.31906336342, -21.606220952301], [-41.317451774471, -21.596329421846008], [-41.317451774471, -21.596329421846008]]]}}, {"type": "Feature", "properties": {"tipo": "regiao_cobertura", "nome": "\u00c1REA 1785"}, "geometry": {"type": "Polygon", "coordinates": [[[-41.314676028346, -21.621905327904017], [-41.31522201846, -21.61796037392901], [-41.316878398768, -21.618070679968014], [-41.316815130924, -21.618727787864003], [-41.31792912211101, -21.618764889147997], [-41.31829613890999, -21.621897854172005], [-41.315346332386, -21.622622362190995], [-41.314676028346, -21.621905327904017], [-41.314676028346, -21.621905327904017], [-41.314676028346, -21.621905327904017]]]}}, {"type": "Feature", "properties": {"tipo": "regiao_cobertura", "nome": "\u00c1REA 1776"}, "geometry": {"type": "Polygon", "coordinates": [[[-41.312318881686, -21.616370637689997], [-41.313167741199, -21.616330315477], [-41.31320115292699, -21.616874426210018], [-41.315225230131, -21.616639991380993], [-41.314954467029004, -21.618577158560996], [-41.31260222737299, -21.61854083633], [-41.312590359641, -21.618010099073004], [-41.31231504011901, -21.61799793041199], [-41.312318881686, -21.616370637689997], [-41.312318881686, -21.616370637689997]]]}}, {"type": "Feature", "properties": {"tipo": "regiao_cobertura", "nome": "\u00c1REA 1784"}, "geometry": {"type": "Polygon", "coordinates": [[[-41.31792912211101, -21.618764889147997], [-41.316818291072, -21.618726318035], [-41.316878398768, -21.618070679968014], [-41.31521944542399, -21.617959859052007], [-41.315440414186, -21.616164986002005], [-41.318547024846, -21.616892677246994], [-41.319058043833, -21.621855476679997], [-41.31829775447801, -21.621892274478014], [-41.31792912211101, -21.618764889147997], [-41.31792912211101, -21.618764889147997]]]}}, {"type": "Feature", "properties": {"tipo": "regiao_cobertura", "nome": "INSTALA\u00c7\u00c3O M\u00c1XIMA AT\u00c9 100M"}, "geometry": {"type": "Polygon", "coordinates": [[[-41.318665673618, -21.685380076127018], [-41.315318276768, -21.685679161503998], [-41.315232446078994, -21.686955252142013], [-41.31132714975399, -21.687373966918997], [-41.31132714975399, -21.688689919724993], [-41.319802930240996, -21.687852496603], [-41.319631268863, -21.686696047145006], [-41.318622758275, -21.68673592486701], [-41.318665673618, -21.685380076127018], [-41.318665673618, -21.685380076127018]]]}}, {"type": "Feature", "properties": {"tipo": "regiao_cobertura", "nome": "\u00c1REA 1173"}, "geometry": {"type": "Polygon", "coordinates": [[[-41.321003831394, -21.716605505941004], [-41.320684414472005, -21.714250752493], [-41.32096358016301, -21.713656920079003], [-41.32101838023999, -21.713221756589007], [-41.321648119157, -21.712846559858008], [-41.322033818222, -21.712638536018986], [-41.321997899713, -21.71239108628299], [-41.322377467655, -21.7124837498], [-41.32245325286901, -21.71289093725599], [-41.32174230085399, -21.713474892292], [-41.321822476927, -21.714351350381023], [-41.321528406428996, -21.714407766666], [-41.321573151003, -21.714621577841], [-41.32119597257, -21.714677992069014], [-41.321293982182006, -21.715341079639003], [-41.32165902202599, -21.715269379014998], [-41.321824533981996, -21.716454806805004], [-41.321003831394, -21.716605505941004], [-41.321003831394, -21.716605505941004]]]}}, {"type": "Feature", "properties": {"tipo": "regiao_cobertura", "nome": "\u00c1REA 1167"}, "geometry": {"type": "Polygon", "coordinates": [[[-41.325630436303, -21.715774472136005], [-41.321827592136, -21.716451452024998], [-41.321659022128, -21.715264917588], [-41.32536493697099, -21.714510250857998], [-41.325630436303, -21.715774472136005], [-41.325630436303, -21.715774472136005]]]}}, {"type": "Feature", "properties": {"tipo": "regiao_cobertura", "nome": "AREA 1171"}, "geometry": {"type": "Polygon", "coordinates": [[[-41.322253743531, -21.71133253254], [-41.322752840375, -21.711361303195986], [-41.322790017681, -21.712359420951998], [-41.322377129456, -21.712478952780998], [-41.32200656353, -21.712398796296995], [-41.322031555126, -21.712640795651993], [-41.321025798682, -21.713217863056997], [-41.32096358016301, -21.713656920079003], [-41.320692739434, -21.714219378540008], [-41.320681469241, -21.714258258426], [-41.320659349152, -21.714228668041002], [-41.319395050117, -21.713648171741], [-41.31963827039, -21.713176308203984], [-41.320119786894, -21.713397629406003], [-41.320926855465, -21.712423707747988], [-41.32112677898801, -21.712641066621984], [-41.321896768771, -21.712280165615994], [-41.322253743531, -21.71133253254], [-41.322253743531, -21.71133253254]]]}}, {"type": "Feature", "properties": {"tipo": "regiao_cobertura", "nome": "INSTALA\u00c7\u00c3O M\u00c1XIMA AT\u00c9 130M"}, "geometry": {"type": "Polygon", "coordinates": [[[-41.316062840109, -21.704173687123003], [-41.312951477651, -21.707822010154004], [-41.309518250112, -21.707443226818995], [-41.310462387685, -21.704133814230005], [-41.314131649618, -21.704392987841004], [-41.314646633748005, -21.70347590988898], [-41.316062840109, -21.704173687123003], [-41.316062840109, -21.704173687123003]]]}}, {"type": "Feature", "properties": {"tipo": "regiao_cobertura", "nome": "AREA 1170"}, "geometry": {"type": "Polygon", "coordinates": [[[-41.321191787318995, -21.714680726480992], [-41.320747620623, -21.71474485256701], [-41.320839227095, -21.715405033804004], [-41.320265035904, -21.715490142159], [-41.320189721911, -21.714814827598005], [-41.320747620623, -21.71474485256701], [-41.321584756985, -21.714621762682995], [-41.321536909197, -21.714401898792985], [-41.321829286017, -21.714355079146998], [-41.32174041785999, -21.713478257068004], [-41.322459703674, -21.712893933944997], [-41.322369399223, -21.712474409991003], [-41.322797320673, -21.712356127831995], [-41.322771470471, -21.712064710752998], [-41.322730144438, -21.710262386713012], [-41.323180894913, -21.709981716687977], [-41.323558119280996, -21.709969005042993], [-41.323628424423, -21.71056257591499], [-41.323857095349, -21.711700926906005], [-41.324243768261994, -21.712435040716983], [-41.324226952839, -21.712864573543], [-41.323619390965, -21.713426349916006], [-41.323225664532, -21.713904017737022], [-41.322910678141, -21.714665699996004], [-41.32391119525099, -21.714484970233997], [-41.323952881321, -21.714794809252993], [-41.321290770505996, -21.715341079569], [-41.321191787318995, -21.714680726480992], [-41.321191787318995, -21.714680726480992]]]}}, {"type": "Feature", "properties": {"tipo": "regiao_cobertura", "nome": "\u00c1REA 1152"}, "geometry": {"type": "Polygon", "coordinates": [[[-41.315600536325, -21.714854067868004], [-41.315736018544, -21.715032003646], [-41.316146242579, -21.71521001046098], [-41.31684490533, -21.715015748569], [-41.317100167888, -21.715107236381996], [-41.317387613361, -21.715247954551003], [-41.317532151421, -21.71539535356898], [-41.317615847326, -21.71558745843501], [-41.317582866402994, -21.715788056985005], [-41.317489923985, -21.715986555390998], [-41.315975119568, -21.71637726194301], [-41.315148655586, -21.714874672310998], [-41.315600536325, -21.714854067868004], [-41.315600536325, -21.714854067868004]]]}}, {"type": "Feature", "properties": {"tipo": "regiao_cobertura", "nome": "\u00c1REA 1153"}, "geometry": {"type": "Polygon", "coordinates": [[[-41.31271472158, -21.716727879217004], [-41.314969564032, -21.71573360298798], [-41.315357952916, -21.716541164383003], [-41.315453424122, -21.71722447038499], [-41.314325145617, -21.717377896144015], [-41.314402330373, -21.71774389254601], [-41.31327745406699, -21.717923468728017], [-41.31271472158, -21.716727879217004], [-41.31271472158, -21.716727879217004]]]}}, {"type": "Feature", "properties": {"tipo": "regiao_cobertura", "nome": "\u00c1REA 1151"}, "geometry": {"type": "Polygon", "coordinates": [[[-41.315364318813, -21.716544122545002], [-41.314972748446, -21.715727687157994], [-41.31271472158, -21.716727879217004], [-41.312343731616, -21.715942450065995], [-41.315132880134, -21.714854790030003], [-41.31597545542299, -21.716384079221], [-41.315364318813, -21.716544122545002], [-41.315364318813, -21.716544122545002]]]}}, {"type": "Feature", "properties": {"tipo": "regiao_cobertura", "nome": "INSTALA\u00c7\u00c3O M\u00c1XIMA AT\u00c9 70M"}, "geometry": {"type": "Polygon", "coordinates": [[[-41.30422761295, -21.740226516253003], [-41.303250293565, -21.737504536661007], [-41.308249242866, -21.735724561314015], [-41.30942108508, -21.738155710003994], [-41.30422761295, -21.740226516253003], [-41.30422761295, -21.740226516253003]]]}}, {"type": "Feature", "properties": {"tipo": "regiao_cobertura", "nome": "INSTALA\u00c7\u00c3O M\u00c1XIMA AT\u00c9 20M"}, "geometry": {"type": "Polygon", "coordinates": [[[-41.310316729805, -21.736438962860007], [-41.309501338264, -21.736757874063002], [-41.309994864723, -21.737933853003994], [-41.31106774832901, -21.737465455764976], [-41.310509848854004, -21.736409064899007], [-41.310316729805, -21.736438962860007], [-41.310316729805, -21.736438962860007]]]}}, {"type": "Feature", "properties": {"tipo": "regiao_cobertura", "nome": "INSTALA\u00c7\u00c3O M\u00c1XIMA AT\u00c9 100M"}, "geometry": {"type": "Polygon", "coordinates": [[[-41.315290627106, -21.730644664671004], [-41.307587322815, -21.73172103053301], [-41.30797942542299, -21.73316174259], [-41.31057580374901, -21.736151575502987], [-41.314625439269996, -21.737042943288003], [-41.31576269589299, -21.735388587022996], [-41.315290627106, -21.730644664671004], [-41.315290627106, -21.730644664671004]]]}}, {"type": "Feature", "properties": {"tipo": "regiao_cobertura", "nome": "INSTALA\u00c7\u00c3O M\u00c1XIMA AT\u00c9 20M"}, "geometry": {"type": "Polygon", "coordinates": [[[-41.309392229384, -21.735028567694997], [-41.310157877931, -21.736210902753015], [-41.30888504795399, -21.736713731804997], [-41.308737303605, -21.73673711579299], [-41.308158413237, -21.735495160736008], [-41.309392229384, -21.735028567694997], [-41.309392229384, -21.735028567694997]]]}}, {"type": "Feature", "properties": {"tipo": "regiao_cobertura", "nome": "INSTALA\u00c7\u00c3O M\u00c1XIMA AT\u00c9 70M"}, "geometry": {"type": "Polygon", "coordinates": [[[-41.304052671425, -21.73423808960301], [-41.30385797049699, -21.734296259871996], [-41.304190564414995, -21.735492191060985], [-41.304008174201, -21.736269540997], [-41.304040360709, -21.736638282444986], [-41.305038142464, -21.736458894831003], [-41.305853534003994, -21.735821070393], [-41.309085477570996, -21.734913526553], [-41.309433773322, -21.734836489705003], [-41.30797942542299, -21.73316174259], [-41.304052671425, -21.73423808960301], [-41.304052671425, -21.73423808960301]]]}}, {"type": "Feature", "properties": {"tipo": "regiao_cobertura", "nome": "INSTALA\u00c7\u00c3O M\u00c1XIMA AT\u00c9 100M"}, "geometry": {"type": "Polygon", "coordinates": [[[-41.307250486042, -21.728465146288002], [-41.304804110485, -21.728349206513002], [-41.304739316933, -21.731048889827008], [-41.304181417458, -21.731487408993004], [-41.303194364541, -21.732145185232], [-41.303129991525, -21.733201607438005], [-41.304052671425, -21.73423808960301], [-41.30797942542299, -21.73316174259], [-41.307857314703, -21.732713069778], [-41.307587322815, -21.73172103053301], [-41.307501492126, -21.72946862609001], [-41.312389598514, -21.728475112826004], [-41.312303767825995, -21.728086417308006], [-41.307250486042, -21.728465146288002], [-41.307250486042, -21.728465146288002]]]}}, {"type": "Feature", "properties": {"tipo": "regiao_cobertura", "nome": "INSTALA\u00c7\u00c3O M\u00c1XIMA AT\u00c9 130M"}, "geometry": {"type": "Polygon", "coordinates": [[[-41.292825850199, -21.718007548960998], [-41.29283973905, -21.71865599259901], [-41.290758344854005, -21.719014812029002], [-41.290801260198, -21.719712513915], [-41.289900037969, -21.719553039496986], [-41.288827154363, -21.722882031300017], [-41.289621088232, -21.723101303503995], [-41.290565225805, -21.722981700524997], [-41.29112312528099, -21.723021568196003], [-41.29163810941099, -21.72158632508699], [-41.293294367415996, -21.721883942814998], [-41.293940243347, -21.72083740451599], [-41.294862923248004, -21.720219444993006], [-41.294669804199, -21.718963583587993], [-41.295049879278, -21.718675927034994], [-41.294885194384, -21.71778356857], [-41.292825850199, -21.718007548960998], [-41.292825850199, -21.718007548960998]]]}}, {"type": "Feature", "properties": {"tipo": "regiao_cobertura", "nome": "\u00c1REA 1176"}, "geometry": {"type": "Polygon", "coordinates": [[[-41.312012741919, -21.71522120002301], [-41.313274625726, -21.71792346851599], [-41.312311079195, -21.71809409906301], [-41.310916846640005, -21.71646558262499], [-41.31137617131899, -21.716299849948], [-41.311151855243004, -21.715745108194], [-41.311263153464, -21.715692596544997], [-41.311150618316, -21.715432116822996], [-41.311633934403, -21.71531387455498], [-41.312012741919, -21.71522120002301], [-41.312012741919, -21.71522120002301]]]}}, {"type": "Feature", "properties": {"tipo": "regiao_cobertura", "nome": "METRAGEM M\u00c1XIMA AT\u00c9 70M"}, "geometry": {"type": "Polygon", "coordinates": [[[-41.310182848023, -21.737851783766004], [-41.310573894007, -21.738566054475], [-41.30931831644101, -21.739122073117997], [-41.309011721919, -21.740952851003982], [-41.308632128701, -21.74140037093801], [-41.30807733861399, -21.74139359034399], [-41.307310852309, -21.740762993640004], [-41.306836360787, -21.740125613513996], [-41.30452259794999, -21.741014198342995], [-41.30422761295, -21.740226516253003], [-41.310182848023, -21.737851783766004], [-41.310182848023, -21.737851783766004]]]}}, {"type": "Feature", "properties": {"tipo": "regiao_cobertura", "nome": "\u00c1REA 1486"}, "geometry": {"type": "Polygon", "coordinates": [[[-41.311682216422, -21.772148470169995], [-41.311089844114, -21.772775052514007], [-41.312176791361, -21.774510306710994], [-41.311645766642, -21.774920548973995], [-41.312600199523004, -21.776669981544018], [-41.313061033826, -21.776607709062006], [-41.313910736816, -21.779263573161018], [-41.314384807954994, -21.780760450605], [-41.316099546536, -21.780665205175012], [-41.31503638177299, -21.777964517765], [-41.314824604519, -21.777337890482002], [-41.314574825798, -21.776843028809978], [-41.314287843115, -21.776032582544005], [-41.31334693469099, -21.774370483934007], [-41.311682216422, -21.772148470169995], [-41.311682216422, -21.772148470169995]]]}}, {"type": "Feature", "properties": {"tipo": "regiao_cobertura", "nome": "\u00c1REA 1521"}, "geometry": {"type": "Polygon", "coordinates": [[[-41.315775889293, -21.78288486088401], [-41.312711113728, -21.782884534451014], [-41.313300199362, -21.784109617583994], [-41.31622963704, -21.784040029964004], [-41.315775889293, -21.78288486088401], [-41.315775889293, -21.78288486088401]]]}}, {"type": "Feature", "properties": {"tipo": "regiao_cobertura", "nome": "\u00c1REA 1519"}, "geometry": {"type": "Polygon", "coordinates": [[[-41.313394623584, -21.771101698682997], [-41.315975436506996, -21.775051654906008], [-41.31491924959201, -21.775725022931], [-41.31417872203199, -21.774099002334992], [-41.313653447095, -21.773334089399], [-41.312485619662006, -21.77163346764101], [-41.313394623584, -21.771101698682997], [-41.313394623584, -21.771101698682997], [-41.313394623584, -21.771101698682997]]]}}, {"type": "Feature", "properties": {"tipo": "regiao_cobertura", "nome": "\u00c1REA 1487"}, "geometry": {"type": "Polygon", "coordinates": [[[-41.312605639227, -21.77668545296298], [-41.311645766642, -21.774920548973995], [-41.312176791361, -21.774510306710994], [-41.311089844114, -21.772775052514007], [-41.310099610744, -21.773601952320007], [-41.309328106112005, -21.77493536345699], [-41.308899492428, -21.775572212163], [-41.30804226506, -21.77642797315802], [-41.308855583107, -21.777303344716984], [-41.30978595278601, -21.777182730815], [-41.310269853322, -21.77797441744599], [-41.312605639227, -21.77668545296298], [-41.312605639227, -21.77668545296298]]]}}, {"type": "Feature", "properties": {"tipo": "regiao_cobertura", "nome": "INSTALA\u00c7\u00c3O M\u00c1XIMA AT\u00c9 130M"}, "geometry": {"type": "Polygon", "coordinates": [[[-41.306360508854, -21.74027346852199], [-41.306534312703, -21.740655041720984], [-41.306148074605, -21.741651607636996], [-41.30589058254, -21.741791126313984], [-41.306287549474, -21.742598338855004], [-41.306051515081, -21.742917236387], [-41.30550434444201, -21.743136478029], [-41.305161021687994, -21.743036822777995], [-41.304549478032, -21.743216202180008], [-41.30331924609499, -21.74380029536499], [-41.303073963106, -21.741316915821997], [-41.304410003164, -21.74110349723999], [-41.304597983431, -21.740954410103996], [-41.306360508854, -21.74027346852199], [-41.306360508854, -21.74027346852199]]]}}, {"type": "Feature", "properties": {"tipo": "regiao_cobertura", "nome": "\u00c1REA 1488"}, "geometry": {"type": "Polygon", "coordinates": [[[-41.313073037091, -21.77662475827698], [-41.313110764475, -21.77673762874099], [-41.314384807954994, -21.780760450605], [-41.311617055694, -21.78092220865598], [-41.310368688368996, -21.778851401512995], [-41.30967675486, -21.77861578322502], [-41.308855583107, -21.777303344716984], [-41.30978595278601, -21.777182730815], [-41.310269853322, -21.77797441744599], [-41.312605639227, -21.77668545296298], [-41.313073037091, -21.77662475827698], [-41.313073037091, -21.77662475827698]]]}}, {"type": "Feature", "properties": {"tipo": "regiao_cobertura", "nome": "INSTALA\u00c7\u00c3O M\u00c1XIMA AT\u00c9 70M"}, "geometry": {"type": "Polygon", "coordinates": [[[-41.302953727254, -21.736663343722], [-41.304155356892, -21.740071665233998], [-41.302998146367, -21.740549296875997], [-41.3029617, -21.74336670000001], [-41.30342729981, -21.74489427683301], [-41.302547535253, -21.744974000008995], [-41.30188234741699, -21.743678492930997], [-41.301388820958, -21.740728679382997], [-41.300723633123, -21.740788473501993], [-41.301581940008, -21.745990466614003], [-41.301431736303, -21.746189772947005], [-41.302139839483, -21.749518147852], [-41.302976688695, -21.749418497029012], [-41.302697738958, -21.747485257377022], [-41.305487236333, -21.747006926026003], [-41.306538662267, -21.75123213118701], [-41.305508694005006, -21.751630729031007], [-41.304586014105, -21.75171044846701], [-41.302976688695, -21.75127199102201], [-41.30171068604, -21.751192271342006], [-41.300036987614995, -21.751212201266], [-41.29866369659899, -21.751252061106], [-41.297633728338, -21.743798078688997], [-41.297118744207, -21.741765107259994], [-41.295874199224, -21.740210462641002], [-41.296882709814, -21.738635869533], [-41.29765518601, -21.738037918264], [-41.297977051091, -21.738396689324006], [-41.302953727254, -21.736663343722], [-41.302953727254, -21.736663343722]]]}}, {"type": "Feature", "properties": {"tipo": "regiao_cobertura", "nome": "\u00c1REA 1144"}, "geometry": {"type": "Polygon", "coordinates": [[[-41.321973154044, -21.716964083777], [-41.322150389162005, -21.718408357707006], [-41.321847472109, -21.718449923470004], [-41.32196292557, -21.719279566561994], [-41.32224863250101, -21.719247593909998], [-41.322428940328, -21.720802006973017], [-41.321858553126, -21.721102778799008], [-41.321436418188, -21.72098016841599], [-41.320959620439, -21.717156324743], [-41.321973154044, -21.716964083777], [-41.321973154044, -21.716964083777], [-41.321973154044, -21.716964083777]]]}}, {"type": "Feature", "properties": {"tipo": "regiao_cobertura", "nome": "\u00c1REA 1145"}, "geometry": {"type": "Polygon", "coordinates": [[[-41.32143641815801, -21.720976810016992], [-41.320060203349996, -21.720580919710983], [-41.319911566575, -21.719313230078], [-41.31959685111201, -21.71934208184301], [-41.319544267642, -21.718857216448], [-41.320054114042, -21.718798434519], [-41.31988162783, -21.717353660887994], [-41.32096355457299, -21.717159979859005], [-41.32143641815801, -21.720976810016992], [-41.32143641815801, -21.720976810016992]]]}}, {"type": "Feature", "properties": {"tipo": "regiao_cobertura", "nome": "\u00c1REA 1150"}, "geometry": {"type": "Polygon", "coordinates": [[[-41.315120469906994, -21.71764455266701], [-41.315036314127, -21.717286562989997], [-41.315456607921, -21.717227428579008], [-41.31535476871001, -21.716544122213023], [-41.317479075752, -21.715989808033], [-41.318004951725996, -21.717148531026993], [-41.315120469906994, -21.71764455266701], [-41.315120469906994, -21.71764455266701]]]}}, {"type": "Feature", "properties": {"tipo": "regiao_cobertura", "nome": "AREA 1147"}, "geometry": {"type": "Polygon", "coordinates": [[[-41.318434120338004, -21.717623776563983], [-41.318924535318, -21.719891836968003], [-41.318685984628, -21.719948024576], [-41.31845935115199, -21.720002063531], [-41.318284932094, -21.720558398519003], [-41.316944149783, -21.720135899350993], [-41.316712918575995, -21.718850888142995], [-41.317653218313, -21.718754698127995], [-41.317532993475, -21.717801472364982], [-41.318434120338004, -21.717623776563983], [-41.318434120338004, -21.717623776563983]]]}}, {"type": "Feature", "properties": {"tipo": "regiao_cobertura", "nome": "\u00c1REA 1146"}, "geometry": {"type": "Polygon", "coordinates": [[[-41.320045188953, -21.718794641269994], [-41.319539674574, -21.718852945158005], [-41.319595824419, -21.719334851089002], [-41.319903097962, -21.719319513586996], [-41.32006350717899, -21.720587058703998], [-41.319006224707, -21.720280078835998], [-41.318434120338004, -21.717623776563983], [-41.319881127487, -21.717359830204018], [-41.320045188953, -21.718794641269994], [-41.320045188953, -21.718794641269994]]]}}, {"type": "Feature", "properties": {"tipo": "regiao_cobertura", "nome": "\u00c1REA 1172"}, "geometry": {"type": "Polygon", "coordinates": [[[-41.32069153835, -21.714233439647998], [-41.320749656743, -21.714744852618992], [-41.32019464936501, -21.714814669111007], [-41.320262809563005, -21.71549279205], [-41.320834896182, -21.715402820205], [-41.321003831557, -21.716599595486997], [-41.318721298246, -21.717013184078], [-41.31914219175701, -21.715124409965995], [-41.319657175887, -21.714611084678992], [-41.31994839839, -21.714360836105996], [-41.320240633459, -21.714021506833006], [-41.32069153835, -21.714233439647998], [-41.32069153835, -21.714233439647998]]]}}, {"type": "Feature", "properties": {"tipo": "regiao_cobertura", "nome": "\u00c1REA 1174"}, "geometry": {"type": "Polygon", "coordinates": [[[-41.317446073118, -21.717515092794002], [-41.312328850556, -21.718473927823013], [-41.312118974486, -21.718419814505992], [-41.311277582265, -21.717471813222005], [-41.309679908398, -21.715693349256], [-41.309409665412, -21.715392428692], [-41.30876752023, -21.714086538336005], [-41.309345552856, -21.713932525453984], [-41.309767125615004, -21.715112201945004], [-41.312312707874, -21.718097339815003], [-41.31369249667, -21.717849948341993], [-41.314397680886, -21.71774808081402], [-41.314323135340004, -21.717376170839998], [-41.31503582987399, -21.71728185351199], [-41.315121204361, -21.717639424335005], [-41.317341566034, -21.717261127655007], [-41.317446073118, -21.717515092794002], [-41.317446073118, -21.717515092794002]]]}}, {"type": "Feature", "properties": {"tipo": "regiao_cobertura", "nome": "\u00c1REA 1148"}, "geometry": {"type": "Polygon", "coordinates": [[[-41.316522403322, -21.717889165714], [-41.316944149783, -21.720135899350993], [-41.31645050309701, -21.719973206852003], [-41.316340486097, -21.720329593852], [-41.315140415269994, -21.719921634922017], [-41.315435531276, -21.718907735787], [-41.31530614161599, -21.718135417217], [-41.315866719256, -21.718022347011], [-41.316522403322, -21.717889165714], [-41.316522403322, -21.717889165714]]]}}, {"type": "Feature", "properties": {"tipo": "regiao_cobertura", "nome": "\u00c1REA 1482"}, "geometry": {"type": "Polygon", "coordinates": [[[-41.321877339218, -21.770799243159004], [-41.320914580102, -21.767850739877005], [-41.320914580102, -21.767850739877005], [-41.319308132039, -21.768300647895998], [-41.318524927006, -21.768659343351004], [-41.31781682382601, -21.769087783966995], [-41.318150223204995, -21.77031750494301], [-41.318164274956, -21.770369333641], [-41.318531766014, -21.771724786761013], [-41.318531766014, -21.771724786761013], [-41.318864781446, -21.771481776391994], [-41.321877339218, -21.770799243159004], [-41.321877339218, -21.770799243159004], [-41.321877339218, -21.770799243159004]]]}}, {"type": "Feature", "properties": {"tipo": "regiao_cobertura", "nome": "INSTALA\u00c7\u00c3O M\u00c1XIMA AT\u00c9 100M"}, "geometry": {"type": "Polygon", "coordinates": [[[-41.322613557809, -21.737606605021014], [-41.32141192817001, -21.737487014109007], [-41.321197351448, -21.738822440304006], [-41.320253213876, -21.74015785409], [-41.31969531440101, -21.741313873910997], [-41.31990989112201, -21.74290836874698], [-41.31984551810499, -21.743446506758985], [-41.321562131875, -21.745638900049997], [-41.322613557809, -21.737606605021014], [-41.322613557809, -21.737606605021014]]]}}, {"type": "Feature", "properties": {"tipo": "regiao_cobertura", "nome": "\u00c1REA 1132"}, "geometry": {"type": "Polygon", "coordinates": [[[-41.32169536286101, -21.726658567099022], [-41.321446411277, -21.726277330249985], [-41.321151894793, -21.72604441616801], [-41.320919909907, -21.725737505493], [-41.318736927237, -21.723507129970002], [-41.317856252765, -21.722759819777977], [-41.31794848186, -21.722231117996984], [-41.318930608635, -21.722953796016], [-41.318750207087994, -21.723072776864996], [-41.319211208275, -21.723521748617998], [-41.31940117603699, -21.723367692279993], [-41.32059449506, -21.724602426844996], [-41.321678275961, -21.724492735653], [-41.321516492293, -21.723232708500007], [-41.321245564255, -21.72271962208599], [-41.321058417137, -21.722000063788002], [-41.321954019038, -21.721969424369007], [-41.32252200548301, -21.726532011901], [-41.32169536286101, -21.726658567099022], [-41.32169536286101, -21.726658567099022]]]}}, {"type": "Feature", "properties": {"tipo": "regiao_cobertura", "nome": "INSTALA\u00c7\u00c3O M\u00c1XIMA AT\u00c9 100M"}, "geometry": {"type": "Polygon", "coordinates": [[[-41.31711404327301, -21.722852600498996], [-41.316008973159, -21.725015407613], [-41.31595581494201, -21.72604091706799], [-41.316977986622, -21.724996795563996], [-41.31937051706301, -21.724787493044005], [-41.31711404327301, -21.722852600498996], [-41.31711404327301, -21.722852600498996]]]}}, {"type": "Feature", "properties": {"tipo": "regiao_cobertura", "nome": "\u00c1REA 1133"}, "geometry": {"type": "Polygon", "coordinates": [[[-41.319394502321, -21.723366910018996], [-41.319213220814, -21.723513471661008], [-41.318751684841, -21.72307880739602], [-41.319474952521, -21.72256026991201], [-41.32034788488999, -21.722025436601], [-41.32105469377301, -21.722002991829], [-41.321243144999, -21.722723068058997], [-41.321514072877, -21.723236154739993], [-41.321674802318, -21.724492735582004], [-41.320594495168, -21.724599199891998], [-41.319394502321, -21.723366910018996], [-41.319394502321, -21.723366910018996]]]}}, {"type": "Feature", "properties": {"tipo": "regiao_cobertura", "nome": "\u00c1REA 1135"}, "geometry": {"type": "Polygon", "coordinates": [[[-41.320347647479, -21.721403114336994], [-41.320344164897996, -21.72202370855402], [-41.318919470011, -21.722962096775007], [-41.317945433122, -21.722236682331015], [-41.317854774966996, -21.722769906153005], [-41.316925022536, -21.722055771095995], [-41.317317780551, -21.720666367407006], [-41.316340486097, -21.720329593852], [-41.31645587378, -21.719981330607], [-41.31828261345301, -21.720560552346996], [-41.318230935102, -21.72080123891898], [-41.320347647479, -21.721403114336994], [-41.320347647479, -21.721403114336994]]]}}, {"type": "Feature", "properties": {"tipo": "regiao_cobertura", "nome": "\u00c1REA 1149"}, "geometry": {"type": "Polygon", "coordinates": [[[-41.318091421822, -21.717399304412993], [-41.31817203062, -21.717676405610007], [-41.317531389904, -21.717800449805992], [-41.317653218105995, -21.718758399587998], [-41.316700965874, -21.718847186044016], [-41.316530173094, -21.717890074020005], [-41.315303229828, -21.71813209178299], [-41.315434567836, -21.718899509154994], [-41.315140415269994, -21.719921634922017], [-41.317314354933, -21.720669549483006], [-41.31691775058, -21.722052879456996], [-41.312839633376, -21.718926356333995], [-41.312779569023, -21.718392767656], [-41.318091421822, -21.717399304412993], [-41.318091421822, -21.717399304412993]]]}}, {"type": "Feature", "properties": {"tipo": "regiao_cobertura", "nome": "\u00c1REA 1134"}, "geometry": {"type": "Polygon", "coordinates": [[[-41.321947661297, -21.72197221438499], [-41.32034788488999, -21.722025436601], [-41.320349767331, -21.721404455558], [-41.318234690486, -21.720804727977992], [-41.318283523768, -21.720567484768978], [-41.31845935115199, -21.720002063531], [-41.318478221375, -21.719996460744], [-41.318931318701, -21.71989082944502], [-41.31900176815, -21.720283610840994], [-41.321858553126, -21.721102778799008], [-41.321947661297, -21.72197221438499], [-41.321947661297, -21.72197221438499]]]}}, {"type": "Feature", "properties": {"tipo": "regiao_cobertura", "nome": "\u00c1REA 1497"}, "geometry": {"type": "Polygon", "coordinates": [[[-41.321641351393, -21.782392351281004], [-41.321755826748, -21.78418324609602], [-41.319046448121, -21.784705388055997], [-41.31896266473, -21.784575581750005], [-41.316811765677, -21.785243916531996], [-41.315957740211, -21.78326345308298], [-41.315957740211, -21.78326345308298], [-41.315957740211, -21.78326345308298], [-41.31835630982, -21.782395416214], [-41.319008645097, -21.782255448905005], [-41.32138013114301, -21.782233009120006], [-41.321641351393, -21.782392351281004], [-41.321641351393, -21.782392351281004]]]}}, {"type": "Feature", "properties": {"tipo": "regiao_cobertura", "nome": "\u00c1REA 1499"}, "geometry": {"type": "Polygon", "coordinates": [[[-41.31621787251, -21.789772400402015], [-41.315079741392, -21.787581314865008], [-41.313300199362, -21.784109617583994], [-41.31622963704, -21.784040029964004], [-41.316704033765, -21.785021119456005], [-41.316811765677, -21.785243916531996], [-41.318944610471995, -21.784598925245007], [-41.319260130210004, -21.785691511322995], [-41.31966573903001, -21.78720272970901], [-41.317687711894, -21.787194676770014], [-41.31781318257601, -21.78788595824699], [-41.318779789827, -21.789815632173998], [-41.31621787251, -21.789772400402015], [-41.31621787251, -21.789772400402015]]]}}, {"type": "Feature", "properties": {"tipo": "regiao_cobertura", "nome": "\u00c1REA 1498"}, "geometry": {"type": "Polygon", "coordinates": [[[-41.315775889293, -21.78288486088401], [-41.312711113728, -21.782884534451014], [-41.311589384431, -21.780941924600995], [-41.31428520697799, -21.780766271671], [-41.317519285601, -21.780606713447], [-41.318346755408, -21.782398902620997], [-41.315957740211, -21.78326345308298], [-41.315775889293, -21.78288486088401], [-41.315775889293, -21.78288486088401], [-41.315775889293, -21.78288486088401]]]}}, {"type": "Feature", "properties": {"tipo": "regiao_cobertura", "nome": "\u00c1REA 1485"}, "geometry": {"type": "Polygon", "coordinates": [[[-41.312485619662006, -21.77163346764101], [-41.31200507117501, -21.771941512035994], [-41.311682216422, -21.772148470169995], [-41.31334693469099, -21.774370483934007], [-41.314287843115, -21.776032582544005], [-41.314574825798, -21.776843028809978], [-41.314697599879, -21.777086269066004], [-41.314824604519, -21.777337890482002], [-41.314911066852, -21.777593724032002], [-41.316099546536, -21.780665205175012], [-41.31763931869101, -21.780624395814996], [-41.317080332694005, -21.779316216424007], [-41.315591727125, -21.77575147366801], [-41.315056528446, -21.776026452284995], [-41.31417872203199, -21.774099002334992], [-41.312485619662006, -21.77163346764101], [-41.312485619662006, -21.77163346764101]]]}}, {"type": "Feature", "properties": {"tipo": "regiao_cobertura", "nome": "\u00c1REA 1483"}, "geometry": {"type": "Polygon", "coordinates": [[[-41.318531766014, -21.771724786761013], [-41.318146521121996, -21.772072826244], [-41.316860545543, -21.77245950000399], [-41.318358218777, -21.774253576451002], [-41.316959694877, -21.774984635169986], [-41.314117350761, -21.77067890055399], [-41.316020303426, -21.77009628423602], [-41.317404323276996, -21.769463591041998], [-41.31781682382601, -21.769087783966995], [-41.31841280901399, -21.77167736099402], [-41.318531766014, -21.771724786761013], [-41.318531766014, -21.771724786761013], [-41.318531766014, -21.771724786761013]]]}}, {"type": "Feature", "properties": {"tipo": "regiao_cobertura", "nome": "\u00c1REA 1481"}, "geometry": {"type": "Polygon", "coordinates": [[[-41.321871105159, -21.77077496667802], [-41.32043488508, -21.771112633445995], [-41.318864781446, -21.771481776391994], [-41.318531766014, -21.771724786761013], [-41.318146521121996, -21.772072826244], [-41.316860545543, -21.77245950000399], [-41.318358218777, -21.774253576451002], [-41.318457803793, -21.774236298282005], [-41.319167479163, -21.774113168344], [-41.320017061293, -21.77385919287299], [-41.31987910508, -21.773540213765997], [-41.319730612316, -21.773598396986998], [-41.318674797343, -21.773564430850996], [-41.318582330655, -21.772744195059005], [-41.318662468786, -21.773058591080996], [-41.318677235789, -21.773000591314016], [-41.319233794041, -21.77304082545899], [-41.319898859869, -21.773088903708], [-41.31987910508, -21.773540213765997], [-41.320017061293, -21.77385919287299], [-41.320863805995, -21.773606065180005], [-41.321005085761, -21.773284987469992], [-41.321192992557, -21.773229371788005], [-41.321526427885, -21.77341787415402], [-41.32262640761401, -21.77304052330102], [-41.321871105159, -21.77077496667802], [-41.321871105159, -21.77077496667802], [-41.321871105159, -21.77077496667802]]]}}, {"type": "Feature", "properties": {"tipo": "regiao_cobertura", "nome": "\u00c1REA 1484"}, "geometry": {"type": "Polygon", "coordinates": [[[-41.314117350761, -21.77067890055399], [-41.313394623584, -21.771101698682997], [-41.315975436506996, -21.775051654906008], [-41.31491924959201, -21.775725022931], [-41.315056528446, -21.776026452284995], [-41.315591727125, -21.77575147366801], [-41.317080332694005, -21.779316216424007], [-41.31840669128899, -21.779259594153004], [-41.318141970243005, -21.777010532695996], [-41.31707138848899, -21.777391960599005], [-41.316425314287, -21.776020091408], [-41.317218272588, -21.775814019661993], [-41.317188885195, -21.775157120219006], [-41.316959694877, -21.774984635169986], [-41.314117350761, -21.77067890055399], [-41.314117350761, -21.77067890055399]]]}}, {"type": "Feature", "properties": {"tipo": "regiao_cobertura", "nome": "\u00c1REA 1516"}, "geometry": {"type": "Polygon", "coordinates": [[[-41.319898859869, -21.773088903708], [-41.31987910508, -21.773540213765997], [-41.319730612316, -21.773598396986998], [-41.318674797343, -21.773564430850996], [-41.318677235789, -21.773000591314016], [-41.319898859869, -21.773088903708], [-41.319898859869, -21.773088903708]]]}}, {"type": "Feature", "properties": {"tipo": "regiao_cobertura", "nome": "\u00c1REA 1130"}, "geometry": {"type": "Polygon", "coordinates": [[[-41.324779700569, -21.724246368612], [-41.324595098302, -21.725326899343003], [-41.324121472816, -21.725194159577995], [-41.32414565935401, -21.725610321153], [-41.323720739784, -21.72701498280898], [-41.323198622876, -21.726821887721], [-41.323071811656, -21.724800787540985], [-41.323003031212, -21.724299131525015], [-41.323691342115, -21.724208746347998], [-41.32352260375199, -21.72233803545801], [-41.324204625994994, -21.72238469211601], [-41.324207864509994, -21.723625030636], [-41.324209465669, -21.724238264658013], [-41.324779700569, -21.724246368612], [-41.324779700569, -21.724246368612]]]}}, {"type": "Feature", "properties": {"tipo": "regiao_cobertura", "nome": "\u00c1REA 1131"}, "geometry": {"type": "Polygon", "coordinates": [[[-41.323014568286, -21.724291591864997], [-41.323195484401, -21.726817514237], [-41.32277151847101, -21.726657389292996], [-41.322523574773, -21.726532011941018], [-41.322328769551, -21.724854355415005], [-41.3219553909, -21.721976225974004], [-41.323378001334, -21.720718421025992], [-41.323654909629, -21.723804841163997], [-41.32368683609799, -21.724204477659995], [-41.323014568286, -21.724291591864997], [-41.323014568286, -21.724291591864997], [-41.323014568286, -21.724291591864997]]]}}, {"type": "Feature", "properties": {"tipo": "regiao_cobertura", "nome": "\u00c1REA 1124"}, "geometry": {"type": "Polygon", "coordinates": [[[-41.32680941913, -21.725938517227007], [-41.324598699831, -21.725326440816005], [-41.324825345583, -21.724021854691003], [-41.327235937713, -21.724601206225003], [-41.32680941913, -21.725938517227007], [-41.32680941913, -21.725938517227007]]]}}, {"type": "Feature", "properties": {"tipo": "regiao_cobertura", "nome": "\u00c1REA 1163"}, "geometry": {"type": "Polygon", "coordinates": [[[-41.32487279203, -21.720606092821], [-41.324855893515, -21.721215080114007], [-41.324758656266, -21.721768440220004], [-41.324647015342, -21.72242823383202], [-41.324794237578004, -21.722471461641007], [-41.324783790497, -21.723348619141007], [-41.324976195068, -21.72338549931399], [-41.324775190122004, -21.724242162701984], [-41.324214335425, -21.724240526634986], [-41.324202214370004, -21.72238592440199], [-41.323514253295, -21.722341914078], [-41.323376982383, -21.720721101389017], [-41.324025701359, -21.720149397056005], [-41.32487279203, -21.720606092821], [-41.32487279203, -21.720606092821]]]}}, {"type": "Feature", "properties": {"tipo": "regiao_cobertura", "nome": "\u00c1REA 1142"}, "geometry": {"type": "Polygon", "coordinates": [[[-41.325803492405996, -21.720154626916], [-41.325644920246, -21.72080711091901], [-41.324881449009, -21.720615310699017], [-41.324018887743, -21.720146232079998], [-41.324041783241995, -21.719538186690997], [-41.323512219903, -21.719072924792002], [-41.323429341311, -21.718207605125002], [-41.323248426465, -21.716730351753995], [-41.324311118322996, -21.716532911585006], [-41.324441567717, -21.717936423197003], [-41.32448006144, -21.718326080058006], [-41.324175609519, -21.718587569682015], [-41.32404514267801, -21.719542387174002], [-41.324047942245, -21.719604345636995], [-41.325803492405996, -21.720154626916], [-41.325803492405996, -21.720154626916]]]}}, {"type": "Feature", "properties": {"tipo": "regiao_cobertura", "nome": "\u00c1REA 1162"}, "geometry": {"type": "Polygon", "coordinates": [[[-41.326450965096, -21.723037542786997], [-41.326361978015, -21.723329636558987], [-41.325987776608, -21.723237204627992], [-41.326080822605, -21.722949635382008], [-41.32608454886301, -21.722952370672004], [-41.32608454886301, -21.722952370672004], [-41.325653195192, -21.72283810069399], [-41.325527542222, -21.723267760230996], [-41.32546469813, -21.723482649719998], [-41.324786390381, -21.723348623693], [-41.324793858432, -21.722466391799998], [-41.325259946828, -21.722576290191], [-41.32544534866099, -21.721982726652016], [-41.327243067596, -21.722452242498022], [-41.327243067596, -21.722452242498022], [-41.32699858563401, -21.723192896921006], [-41.326450965096, -21.723037542786997], [-41.326450965096, -21.723037542786997]]]}}, {"type": "Feature", "properties": {"tipo": "regiao_cobertura", "nome": "\u00c1REA 1143"}, "geometry": {"type": "Polygon", "coordinates": [[[-41.323251226368, -21.716732973746005], [-41.32351040304601, -21.719074898024004], [-41.32351040304601, -21.719074898024004], [-41.32351040304601, -21.719074898024004], [-41.323721938921, -21.71925979337999], [-41.322972183712, -21.720544589550016], [-41.322428940328, -21.720802006973017], [-41.322250035711, -21.719248734443], [-41.321967770936, -21.719277509413004], [-41.32185419814899, -21.718452455223996], [-41.322157880248, -21.718419045177995], [-41.322157880248, -21.718419045177995], [-41.321975927082, -21.716969236411003], [-41.321975927082, -21.716969236411003], [-41.323251226368, -21.716732973746005], [-41.323251226368, -21.716732973746005], [-41.323251226368, -21.716732973746005]]]}}, {"type": "Feature", "properties": {"tipo": "regiao_cobertura", "nome": "\u00c1REA 1164"}, "geometry": {"type": "Polygon", "coordinates": [[[-41.324019614966005, -21.720151126408], [-41.321954019038, -21.721969424369007], [-41.321858553126, -21.721102778799008], [-41.322975165724, -21.720539914145007], [-41.323725104594, -21.719265161441], [-41.32404514267801, -21.719542387174002], [-41.324179131223005, -21.718588743089], [-41.324478794831, -21.71832948490301], [-41.324308661753996, -21.716533129599014], [-41.325214822288, -21.71636652138399], [-41.325360556703, -21.717400996167996], [-41.325713776406005, -21.718369284025997], [-41.325272590327, -21.719138742278005], [-41.324674784856, -21.71895960729502], [-41.324391234227, -21.719331334873004], [-41.324389105443, -21.719710054147995], [-41.32404089568999, -21.719603535206005], [-41.324019614966005, -21.720151126408], [-41.324019614966005, -21.720151126408], [-41.324019614966005, -21.720151126408]]]}}, {"type": "Feature", "properties": {"tipo": "regiao_cobertura", "nome": "\u00c1REA 1489"}, "geometry": {"type": "Polygon", "coordinates": [[[-41.323601730205, -21.775806526837002], [-41.324412139267, -21.778109531950008], [-41.323185311341, -21.778475233967], [-41.319085555314, -21.778469250653984], [-41.31890112275, -21.777003509782986], [-41.31907925355599, -21.77701170608698], [-41.31908223388, -21.776848420741004], [-41.318881781546, -21.776849798564996], [-41.318890557603005, -21.776104383485006], [-41.322069410773, -21.776090350407003], [-41.323601730205, -21.775806526837002], [-41.323601730205, -21.775806526837002]]]}}, {"type": "Feature", "properties": {"tipo": "regiao_cobertura", "nome": "\u00c1REA 1480"}, "geometry": {"type": "Polygon", "coordinates": [[[-41.32262640761401, -21.77304052330102], [-41.323601730205, -21.775806526837002], [-41.32272824675, -21.775958194170997], [-41.32265779156, -21.775970427653988], [-41.322069410773, -21.776090350407003], [-41.318890557603005, -21.776104383485006], [-41.318890557603005, -21.776104383485006], [-41.318890554853, -21.775495696171006], [-41.319453019948, -21.775459920144], [-41.319322648806, -21.774859707353997], [-41.319167479163, -21.774113168344], [-41.320863805995, -21.773606065180005], [-41.321005085761, -21.773284987469992], [-41.321192992557, -21.773229371788005], [-41.321526427885, -21.77341787415402], [-41.322080994554, -21.773227628767017], [-41.32262640761401, -21.77304052330102], [-41.32262640761401, -21.77304052330102], [-41.32262640761401, -21.77304052330102], [-41.32262640761401, -21.77304052330102]]]}}, {"type": "Feature", "properties": {"tipo": "regiao_cobertura", "nome": "\u00c1REA 1476"}, "geometry": {"type": "Polygon", "coordinates": [[[-41.32296841964101, -21.769247061157003], [-41.322360801809, -21.76736467404899], [-41.325650383420005, -21.766383314056995], [-41.327172717795, -21.770466263356], [-41.32297166057899, -21.77156522116202], [-41.32231857803, -21.769655619299996], [-41.32296841964101, -21.769247061157003], [-41.32296841964101, -21.769247061157003]]]}}, {"type": "Feature", "properties": {"tipo": "regiao_cobertura", "nome": "INSTALA\u00c7\u00c3O M\u00c1XIMA AT\u00c9 70M"}, "geometry": {"type": "Polygon", "coordinates": [[[-41.307587322815, -21.710810982388992], [-41.30795716910901, -21.712502593023004], [-41.30815822221499, -21.713422165531], [-41.308703121765, -21.715914386205], [-41.307141513001, -21.716187474159014], [-41.305055317505, -21.71655229895299], [-41.305135910308, -21.717011517979998], [-41.305377182586, -21.718386282349], [-41.310183701141, -21.718027461350005], [-41.311705147606, -21.719227155970998], [-41.312617098672, -21.721160775749], [-41.315417324882, -21.72292493194101], [-41.31590012250499, -21.722167443798], [-41.31711404327301, -21.722852600498996], [-41.316008973159, -21.725015407613], [-41.3073139, -21.726118600000007], [-41.312439688969, -21.725166230713], [-41.31260062150899, -21.725973536626995], [-41.31595581494201, -21.72604091706799], [-41.316977986622, -21.724996795563996], [-41.31937051706301, -21.724787493044005], [-41.32150447778, -21.727860506851997], [-41.32299693549, -21.730348722950993], [-41.322534446042, -21.73075078625999], [-41.322457489593, -21.732240075189992], [-41.318273317405, -21.741882606819004], [-41.320133373877, -21.743814147448006], [-41.322098573678, -21.746436125678002], [-41.323644747329, -21.748175825202992], [-41.32340162716601, -21.749062166571008], [-41.324088272674, -21.75117475445701], [-41.323573288544, -21.75177265104699], [-41.321727928742, -21.752370545147002], [-41.318337616546, -21.752669491263987], [-41.31445377789299, -21.751354123696004], [-41.310162243469, -21.750636645398004], [-41.309797463043004, -21.741706929499017], [-41.311835941895, -21.740032695455994], [-41.312822994811995, -21.738896596960004], [-41.31355255566401, -21.738856733692003], [-41.314625439269996, -21.737042943288003], [-41.31576269589299, -21.735388587022996], [-41.315269169434, -21.731422040824995], [-41.315290627106, -21.730644664671004], [-41.312968895751, -21.730969075964992], [-41.307587322815, -21.73172103053301], [-41.307501492126, -21.72946862609001], [-41.312389598514, -21.728475112826004], [-41.312303767825995, -21.728086417308006], [-41.307250486042, -21.728465146288002], [-41.306114621856, -21.728411314892], [-41.304804110485, -21.728349206513002], [-41.301085648163, -21.728172979226997], [-41.30082815609801, -21.729648022427], [-41.300120052916995, -21.729568290749995], [-41.300635037048, -21.735408519139], [-41.297545132263, -21.73688348809098], [-41.297073063476, -21.728790904571994], [-41.297201809509, -21.72631918725901], [-41.29507749997, -21.72568131782799], [-41.292910275085, -21.725780985113005], [-41.293106612784996, -21.723942112585007], [-41.29350357972, -21.723463702868003], [-41.293444571121, -21.722083282579007], [-41.293444571121, -21.722068332107014], [-41.293417749031, -21.722003546707], [-41.293353376015, -21.721998563212992], [-41.293417749031, -21.721998563212992], [-41.293385562523, -21.722033447664003], [-41.293417749031, -21.721963678753], [-41.293353376015, -21.72197364574299], [-41.293348011597, -21.721923810789008], [-41.293294367415996, -21.721883942814998], [-41.293940243347, -21.72083740451599], [-41.294862923248004, -21.720219444993006], [-41.294669804199, -21.718963583587993], [-41.295871433838, -21.718704436218985], [-41.295764145477, -21.717867187682003], [-41.295399365051, -21.717727645786], [-41.29100054226699, -21.718206074582], [-41.29119366131601, -21.716870456880002], [-41.289519962891, -21.716930260922993], [-41.289477047546, -21.715993328061003], [-41.288146671875, -21.716252480313003], [-41.288125214203, -21.713959963412023], [-41.28939121685801, -21.713023011207], [-41.292009052856, -21.712564500457006], [-41.292725739105, -21.712524629887], [-41.294034657104994, -21.712424953416004], [-41.294249233825994, -21.713940028322014], [-41.297210392578, -21.71362106651], [-41.297360596283, -21.711747151582998], [-41.300723682726, -21.711340411604994], [-41.30098694287099, -21.711308572224], [-41.30371206723, -21.711328507679], [-41.307587322815, -21.710810982388992], [-41.307587322815, -21.710810982388992]]]}}, {"type": "Feature", "properties": {"tipo": "regiao_cobertura", "nome": "INSTALA\u00c7\u00c3O M\u00c1XIMA AT\u00c9 100M"}, "geometry": {"type": "Polygon", "coordinates": [[[-41.325350558176, -21.75458311701], [-41.325522219553, -21.755061423127998], [-41.324513708964, -21.755469975008012], [-41.32541428785199, -21.757510095754014], [-41.325893372047, -21.757334564207], [-41.326240700797, -21.757742276215012], [-41.32662179762, -21.758714507866998], [-41.32581136387, -21.759005728047995], [-41.32400945366899, -21.755270681553], [-41.325350558176, -21.75458311701], [-41.325350558176, -21.75458311701]]]}}, {"type": "Feature", "properties": {"tipo": "regiao_cobertura", "nome": "\u00c1REA 1050"}, "geometry": {"type": "Polygon", "coordinates": [[[-41.32640796048701, -21.759002614842004], [-41.325680967952, -21.759242092769], [-41.324305640498, -21.756381482540007], [-41.32368268076801, -21.756539151379997], [-41.323301155184, -21.755407804608012], [-41.323344286511, -21.755392430070998], [-41.323301155184, -21.755407804608012], [-41.325303459063996, -21.754694064166998], [-41.32547939061, -21.755145820707995], [-41.324454848076, -21.755491846034005], [-41.32528334261599, -21.757270391112], [-41.325619100956, -21.75714987248098], [-41.32640796048701, -21.759002614842004], [-41.32640796048701, -21.759002614842004], [-41.32640796048701, -21.759002614842004]]]}}, {"type": "Feature", "properties": {"tipo": "regiao_cobertura", "nome": "INSTALA\u00c7\u00c3O M\u00c1XIMA AT\u00c9 130M"}, "geometry": {"type": "Polygon", "coordinates": [[[-41.322098573678, -21.746436125678002], [-41.323450407021, -21.737188036394997], [-41.323552004291, -21.734081934361], [-41.325564412532, -21.735584015444005], [-41.32500530685401, -21.734076265214995], [-41.323466173603, -21.733304572593], [-41.322843077445, -21.730321771412022], [-41.321875716733004, -21.727801982313977], [-41.320723227813, -21.72600009841301], [-41.31857382436001, -21.723756632608996], [-41.317267225138, -21.722625255295995], [-41.31711404327301, -21.722852600498996], [-41.319148381210994, -21.72459701602699], [-41.32150447778, -21.727860506851997], [-41.322534446042, -21.73075078625999], [-41.322564423536, -21.733348671787013], [-41.322613557809, -21.737606605021014], [-41.321562131875, -21.745638900049997], [-41.322098573678, -21.746436125678002], [-41.322098573678, -21.746436125678002]]]}}, {"type": "Feature", "properties": {"tipo": "regiao_cobertura", "nome": "\u00c1REA 1126"}, "geometry": {"type": "Polygon", "coordinates": [[[-41.325662995811, -21.726628003965004], [-41.32572982086601, -21.727137029925984], [-41.324909427787, -21.727247056731997], [-41.32450015488399, -21.727687900658992], [-41.323150091836, -21.72715973851699], [-41.322010560655, -21.72714681344098], [-41.321700656574, -21.726660845783016], [-41.322523574773, -21.726532011941018], [-41.322778000687, -21.726661073003], [-41.323720739784, -21.72701498280898], [-41.323843449975996, -21.726606913767995], [-41.324456098241, -21.72671839046599], [-41.325662995811, -21.726628003965004], [-41.325662995811, -21.726628003965004]]]}}, {"type": "Feature", "properties": {"tipo": "regiao_cobertura", "nome": "\u00c1REA 1511"}, "geometry": {"type": "Polygon", "coordinates": [[[-41.325602695618, -21.788373924946995], [-41.325967336536, -21.790081945558995], [-41.32387092488601, -21.790376191742], [-41.323593886774, -21.789853317796982], [-41.32187839, -21.789861117583996], [-41.322078480110996, -21.789158827991997], [-41.322078480110996, -21.789158827991997], [-41.319397398799, -21.788383555043993], [-41.319363116107, -21.787353569491017], [-41.320567149763, -21.787427755449997], [-41.32121598910901, -21.787672517207994], [-41.322418119014, -21.787674817500005], [-41.322752010659, -21.788922273737], [-41.325602695618, -21.788373924946995], [-41.325602695618, -21.788373924946995]]]}}, {"type": "Feature", "properties": {"tipo": "regiao_cobertura", "nome": "\u00c1REA 1510"}, "geometry": {"type": "Polygon", "coordinates": [[[-41.324843670147, -21.785936268003], [-41.32493291600701, -21.786359460887], [-41.325264660191, -21.786531318483995], [-41.325602695618, -21.788373924946995], [-41.322752010659, -21.788922273737], [-41.322418119014, -21.787674817500005], [-41.322285882298, -21.786450888461005], [-41.324843670147, -21.785936268003], [-41.324843670147, -21.785936268003]]]}}, {"type": "Feature", "properties": {"tipo": "regiao_cobertura", "nome": "\u00c1REA 1509"}, "geometry": {"type": "Polygon", "coordinates": [[[-41.323327416467, -21.78390789733001], [-41.32356088244, -21.78494051627301], [-41.322104271228, -21.785322310975985], [-41.322167348385, -21.785712358565007], [-41.322009993389, -21.785748196461], [-41.32135871778801, -21.78587200080399], [-41.319260130210004, -21.785691511322995], [-41.319260130210004, -21.785691511322995], [-41.319004367421, -21.784720749939993], [-41.323327416467, -21.78390789733001], [-41.323327416467, -21.78390789733001]]]}}, {"type": "Feature", "properties": {"tipo": "regiao_cobertura", "nome": "\u00c1REA 1512"}, "geometry": {"type": "Polygon", "coordinates": [[[-41.323593886774, -21.789853317796982], [-41.322255712996, -21.789876471168014], [-41.32099098153701, -21.789825008194], [-41.322503747421, -21.792953129859995], [-41.322760558897, -21.792857429384995], [-41.323336070144, -21.79257625871699], [-41.324034729501, -21.792259908844997], [-41.324934242754, -21.79197071798602], [-41.324934242754, -21.79197071798602], [-41.32387092488601, -21.790376191742], [-41.323593886774, -21.789853317796982], [-41.323593886774, -21.789853317796982]]]}}, {"type": "Feature", "properties": {"tipo": "regiao_cobertura", "nome": "\u00c1REA 1496"}, "geometry": {"type": "Polygon", "coordinates": [[[-41.323681888295006, -21.780539760677996], [-41.324226442691995, -21.781744286275], [-41.324636424892994, -21.78364946888101], [-41.321754524065, -21.784204259801996], [-41.321641351393, -21.782392351281004], [-41.32138013114301, -21.782233009120006], [-41.319282494603, -21.782252857651002], [-41.319318959595, -21.78189132165498], [-41.319453177149, -21.78056059975502], [-41.319993619535005, -21.780557936457015], [-41.323681888295006, -21.780539760677996], [-41.323681888295006, -21.780539760677996]]]}}, {"type": "Feature", "properties": {"tipo": "regiao_cobertura", "nome": "\u00c1REA 1479"}, "geometry": {"type": "Polygon", "coordinates": [[[-41.32199209556, -21.76751585621402], [-41.321069471412, -21.767786505325006], [-41.320914580102, -21.767850739877005], [-41.320914580102, -21.767850739877005], [-41.321877339218, -21.770799243159004], [-41.32223780237201, -21.771874892501998], [-41.324643573883, -21.778767211665], [-41.324670815683, -21.778678192458997], [-41.324718811574, -21.77866455596501], [-41.325373366093, -21.778478585144], [-41.32231857803, -21.769655619299996], [-41.32296841964101, -21.769247061157003], [-41.322360801809, -21.76736467404899], [-41.32199209556, -21.76751585621402], [-41.32199209556, -21.76751585621402]]]}}, {"type": "Feature", "properties": {"tipo": "regiao_cobertura", "nome": "\u00c1REA 1491"}, "geometry": {"type": "Polygon", "coordinates": [[[-41.325373366093, -21.778478585144], [-41.325443853333, -21.778664058212], [-41.325326033744005, -21.77871104486499], [-41.325448934722, -21.778975349554997], [-41.32554867366, -21.778939871484], [-41.325874431521, -21.779839347895006], [-41.323681888295006, -21.780539760677996], [-41.319095798178, -21.780562360917997], [-41.31763931869101, -21.780624395814996], [-41.317080332694005, -21.779316216424007], [-41.31840669128899, -21.779259594153004], [-41.320078455772, -21.779216664610985], [-41.323283788461, -21.779134354258005], [-41.325270297413, -21.778510931108997], [-41.325373366093, -21.778478585144], [-41.325373366093, -21.778478585144]]]}}, {"type": "Feature", "properties": {"tipo": "regiao_cobertura", "nome": "\u00c1REA 1490"}, "geometry": {"type": "Polygon", "coordinates": [[[-41.324416646558, -21.778122340577994], [-41.324670815683, -21.778678192458997], [-41.324643573883, -21.778767211665], [-41.323283788461, -21.779134354258005], [-41.31840669128899, -21.779259594153004], [-41.318141970243005, -21.777010532695996], [-41.31707138848899, -21.777391960599005], [-41.316425314287, -21.776020091408], [-41.317218272588, -21.775814019661993], [-41.317188885195, -21.775157120219006], [-41.316959694877, -21.774984635169986], [-41.318358218777, -21.774253576451002], [-41.319167479163, -21.774113168344], [-41.319453019948, -21.775459920144], [-41.318890554853, -21.775495696171006], [-41.318890554853, -21.775495696171006], [-41.318881781546, -21.776849798564996], [-41.31908223388, -21.776848420741004], [-41.31907925355599, -21.77701170608698], [-41.31890112275, -21.777003509782986], [-41.319085555314, -21.778469250653984], [-41.323185311341, -21.778475233967], [-41.324416646558, -21.778122340577994], [-41.324416646558, -21.778122340577994]]]}}, {"type": "Feature", "properties": {"tipo": "regiao_cobertura", "nome": "\u00c1REA 1169"}, "geometry": {"type": "Polygon", "coordinates": [[[-41.329345329509, -21.715414185062997], [-41.327492679113, -21.715734837466], [-41.326031462254, -21.715970037736], [-41.325320010364, -21.716105878228007], [-41.32459785924, -21.716243761437994], [-41.323720268908, -21.71638795763701], [-41.322113046596, -21.716689311984], [-41.317446072092004, -21.717520072218008], [-41.317350796725, -21.717258536670997], [-41.322129881052, -21.716402964313005], [-41.329267148117005, -21.715125210403002], [-41.329345329509, -21.715414185062997], [-41.329345329509, -21.715414185062997]]]}}, {"type": "Feature", "properties": {"tipo": "regiao_cobertura", "nome": "\u00c1REA 1168"}, "geometry": {"type": "Polygon", "coordinates": [[[-41.328007175576, -21.71534144004299], [-41.32562077704999, -21.71577764045699], [-41.325361902656, -21.714507686701012], [-41.326143937163, -21.713933816142003], [-41.327132658718, -21.71388914103599], [-41.328175395826, -21.714703909568982], [-41.328007175576, -21.71534144004299], [-41.328007175576, -21.71534144004299]]]}}, {"type": "Feature", "properties": {"tipo": "regiao_cobertura", "nome": "\u00c1REA 1123"}, "geometry": {"type": "Polygon", "coordinates": [[[-41.327230341159, -21.724598606749993], [-41.324827600804, -21.724023957658005], [-41.324981350793, -21.723386950644], [-41.325468678061995, -21.723484966374002], [-41.325651271523995, -21.722842287533], [-41.326080822605, -21.722949635382008], [-41.32598302316, -21.723235071554], [-41.326364846553, -21.72333075055201], [-41.32645025526, -21.723036716766998], [-41.327634789021, -21.723372321935997], [-41.327230341159, -21.724598606749993], [-41.327230341159, -21.724598606749993]]]}}, {"type": "Feature", "properties": {"tipo": "regiao_cobertura", "nome": "\u00c1REA 1160"}, "geometry": {"type": "Polygon", "coordinates": [[[-41.324874402031, -21.720612273044992], [-41.325646201079, -21.720822221251012], [-41.325800862153, -21.720152183389004], [-41.326979013275, -21.720523194628015], [-41.328006815901006, -21.720825617244998], [-41.32810469772999, -21.722027553478], [-41.327224510891, -21.721886521358016], [-41.324857889616005, -21.721219661872013], [-41.324874402031, -21.720612273044992], [-41.324874402031, -21.720612273044992]]]}}, {"type": "Feature", "properties": {"tipo": "regiao_cobertura", "nome": "\u00c1REA 1161"}, "geometry": {"type": "Polygon", "coordinates": [[[-41.32526021658099, -21.72256546489899], [-41.324636156449, -21.722434136421995], [-41.324855613316004, -21.721213842526012], [-41.327224510891, -21.721886521358016], [-41.328100381427, -21.722027546008007], [-41.328077725079, -21.722717444677983], [-41.327991448875, -21.723198087830994], [-41.327926237697, -21.723450524306003], [-41.32699858563401, -21.723192896921006], [-41.327244618722005, -21.722453232834994], [-41.32543624177001, -21.72197781038099], [-41.32526021658099, -21.72256546489899], [-41.32526021658099, -21.72256546489899], [-41.32526021658099, -21.72256546489899]]]}}, {"type": "Feature", "properties": {"tipo": "regiao_cobertura", "nome": "\u00c1REA 1159"}, "geometry": {"type": "Polygon", "coordinates": [[[-41.324394230646, -21.719719448828997], [-41.324395480653, -21.719335279708005], [-41.324675835204, -21.718961632803996], [-41.327457777424, -21.719795056113], [-41.32756172475899, -21.719504874464008], [-41.327534572527, -21.719253808217005], [-41.327670951252, -21.71882081215699], [-41.327955407035, -21.719073630127994], [-41.32786446616, -21.719172997219005], [-41.32793945609, -21.719489256700996], [-41.328142770106, -21.719547254158], [-41.32800820899699, -21.720828809829996], [-41.324394230646, -21.719719448828997], [-41.324394230646, -21.719719448828997]]]}}, {"type": "Feature", "properties": {"tipo": "regiao_cobertura", "nome": "\u00c1REA 1158"}, "geometry": {"type": "Polygon", "coordinates": [[[-41.325713728986, -21.71839346701499], [-41.326219981023, -21.717880586441993], [-41.32738023399699, -21.718513238976], [-41.327677237354, -21.718800801631005], [-41.327532178278, -21.71925158396202], [-41.327558516805, -21.719507373663006], [-41.327454288386, -21.719796215572003], [-41.325269620145, -21.719131233116997], [-41.325713728986, -21.71839346701499], [-41.325713728986, -21.71839346701499]]]}}, {"type": "Feature", "properties": {"tipo": "regiao_cobertura", "nome": "\u00c1REA 1165"}, "geometry": {"type": "Polygon", "coordinates": [[[-41.325365756728, -21.717398221101007], [-41.32535213168601, -21.717341192595995], [-41.325214822288, -21.71636652138399], [-41.32827324405, -21.71580227506101], [-41.325722891954996, -21.718382826349], [-41.325365756728, -21.717398221101007], [-41.325365756728, -21.717398221101007]]]}}, {"type": "Feature", "properties": {"tipo": "regiao_cobertura", "nome": "\u00c1REA 1157"}, "geometry": {"type": "Polygon", "coordinates": [[[-41.326219664301, -21.717874619144993], [-41.328292173108, -21.715793481868005], [-41.329307725506, -21.715604968896997], [-41.32915414367401, -21.715871873720005], [-41.328569951929, -21.716313689562], [-41.328846742598, -21.71661025831601], [-41.328846742598, -21.71661025831601], [-41.327082877230005, -21.718350060093], [-41.327082877230005, -21.718350060093], [-41.327082877230005, -21.718350060093], [-41.32779815355201, -21.71763938763999], [-41.327082877230005, -21.718350060093], [-41.327082877230005, -21.718350060093], [-41.326219664301, -21.717874619144993], [-41.326219664301, -21.717874619144993]]]}}, {"type": "Feature", "properties": {"tipo": "regiao_cobertura", "nome": "\u00c1REA 1166"}, "geometry": {"type": "Polygon", "coordinates": [[[-41.329340071389005, -21.715414187989012], [-41.32936477553001, -21.715503837506986], [-41.329310460143, -21.71560244122402], [-41.318177376984, -21.717675656615995], [-41.31808392725199, -21.71740308229201], [-41.329340071389005, -21.715414187989012], [-41.329340071389005, -21.715414187989012]]]}}, {"type": "Feature", "properties": {"tipo": "regiao_cobertura", "nome": "\u00c1REA 1117"}, "geometry": {"type": "Polygon", "coordinates": [[[-41.328603169358, -21.730168030293996], [-41.328199988371, -21.729859403993004], [-41.326214953419004, -21.731706049420012], [-41.326039685732, -21.731288881691995], [-41.327918820054, -21.72959912829799], [-41.327817716302, -21.729527931548006], [-41.327817716302, -21.729527931548006], [-41.328050848779, -21.729318798869997], [-41.327757327656, -21.729127169006006], [-41.328192264776995, -21.728720913626006], [-41.328192264776995, -21.728720913626006], [-41.329137880707, -21.729639032135992], [-41.328603169358, -21.730168030293996], [-41.328603169358, -21.730168030293996]]]}}, {"type": "Feature", "properties": {"tipo": "regiao_cobertura", "nome": "\u00c1REA 1122"}, "geometry": {"type": "Polygon", "coordinates": [[[-41.327753238106, -21.729128602963996], [-41.327753238106, -21.729128602963996], [-41.328050848779, -21.729318798869997], [-41.327817716302, -21.729527931548006], [-41.326957772925, -21.729015898772005], [-41.328996115265, -21.727039589539004], [-41.329383975690995, -21.727582236490008], [-41.327753238106, -21.729128602963996], [-41.327753238106, -21.729128602963996]]]}}, {"type": "Feature", "properties": {"tipo": "regiao_cobertura", "nome": "\u00c1REA 1114"}, "geometry": {"type": "Polygon", "coordinates": [[[-41.327880993145, -21.732761201479022], [-41.32797416439999, -21.733130235659004], [-41.32777250370099, -21.733162335173006], [-41.327849997161, -21.733582964502006], [-41.327966575269, -21.734176255349013], [-41.327050804389, -21.734343491964992], [-41.325856426855, -21.733360681736016], [-41.325861662289, -21.73320553803501], [-41.327880993145, -21.732761201479022], [-41.327880993145, -21.732761201479022]]]}}, {"type": "Feature", "properties": {"tipo": "regiao_cobertura", "nome": "AREA 1120"}, "geometry": {"type": "Polygon", "coordinates": [[[-41.328604335333, -21.730168850306], [-41.328275089110996, -21.730494296516], [-41.32855745304201, -21.730775074484], [-41.326653628527, -21.732389490059006], [-41.32649595939699, -21.731824236094], [-41.32621716607599, -21.731705021739003], [-41.327333763614, -21.730612557044992], [-41.328199805883, -21.729861483624006], [-41.328604335333, -21.730168850306], [-41.328604335333, -21.730168850306]]]}}, {"type": "Feature", "properties": {"tipo": "regiao_cobertura", "nome": "\u00c1REA 1127"}, "geometry": {"type": "Polygon", "coordinates": [[[-41.32840865281899, -21.72761109299502], [-41.326200046424, -21.729748234978004], [-41.326200046424, -21.729748234978004], [-41.325259996489, -21.729017607494], [-41.324514574153, -21.72823999794501], [-41.32460964762, -21.728157032880006], [-41.324286809143, -21.727867030452003], [-41.324491949345, -21.727687900625], [-41.32624574901601, -21.728917703454997], [-41.326417750359006, -21.72875307914002], [-41.326637943056994, -21.728873050765998], [-41.326844473151, -21.72860644635699], [-41.326708283268, -21.72847500657602], [-41.327266752018005, -21.72794048786301], [-41.32813556637, -21.727326130888002], [-41.32840865281899, -21.72761109299502], [-41.32840865281899, -21.72761109299502]]]}}, {"type": "Feature", "properties": {"tipo": "regiao_cobertura", "nome": "\u00c1REA 1128"}, "geometry": {"type": "Polygon", "coordinates": [[[-41.327305524071, -21.727907479652018], [-41.326708283268, -21.72847500657602], [-41.326844473151, -21.72860644635699], [-41.326637943056994, -21.728873050765998], [-41.326417750359006, -21.72875307914002], [-41.326248305124, -21.728917703440004], [-41.324928713249, -21.727991857564007], [-41.324485792304, -21.72768980766699], [-41.324914535571, -21.727245793105993], [-41.327171414402, -21.726954242125004], [-41.327305524071, -21.727907479652018], [-41.327305524071, -21.727907479652018]]]}}, {"type": "Feature", "properties": {"tipo": "regiao_cobertura", "nome": "\u00c1REA 1129"}, "geometry": {"type": "Polygon", "coordinates": [[[-41.326942627463, -21.72644404104001], [-41.327297020775994, -21.726259386955007], [-41.327458235206, -21.726324412637], [-41.328912882247, -21.726911141765], [-41.328999717112, -21.727034217713992], [-41.32840865281899, -21.72761109299502], [-41.328410523281, -21.727611092996], [-41.328138523807, -21.727323628302997], [-41.327307349101, -21.727912816022], [-41.32717141437, -21.726951890056], [-41.325730738068, -21.727135362186004], [-41.32562331842999, -21.72632871558102], [-41.326942627463, -21.72644404104001], [-41.326942627463, -21.72644404104001], [-41.326942627463, -21.72644404104001], [-41.326942627463, -21.72644404104001], [-41.326942627463, -21.72644404104001]]]}}, {"type": "Feature", "properties": {"tipo": "regiao_cobertura", "nome": "\u00c1REA 1125"}, "geometry": {"type": "Polygon", "coordinates": [[[-41.327376354824, -21.726096201784003], [-41.327295812981, -21.726254657743993], [-41.326942627463, -21.72644404104001], [-41.325622000987, -21.726329416609985], [-41.325661086477, -21.72662623013599], [-41.32444912458201, -21.726717005951016], [-41.323842893436, -21.72660579683], [-41.32414600092601, -21.725611998503], [-41.324122439082, -21.725194092758997], [-41.327376354824, -21.726096201784003], [-41.327376354824, -21.726096201784003]]]}}, {"type": "Feature", "properties": {"tipo": "regiao_cobertura", "nome": "\u00c1REA 1100"}, "geometry": {"type": "Polygon", "coordinates": [[[-41.331046662888, -21.727291604857], [-41.330457573166, -21.727652295873014], [-41.329706111252, -21.726505191599003], [-41.328908967152, -21.726910015748004], [-41.327298175764, -21.726252665522978], [-41.327985212248, -21.724877852380985], [-41.329530637597, -21.725648799655985], [-41.329938558448, -21.725859106993994], [-41.331046662888, -21.727291604857], [-41.331046662888, -21.727291604857]]]}}, {"type": "Feature", "properties": {"tipo": "regiao_cobertura", "nome": "\u00c1REA 1099"}, "geometry": {"type": "Polygon", "coordinates": [[[-41.33052630360301, -21.725217210612], [-41.331201351299, -21.724867453249004], [-41.331201351299, -21.724867453249004], [-41.331801142919, -21.725829124702997], [-41.33113720002, -21.726178410204994], [-41.331519022301, -21.726785695768], [-41.33096664305, -21.727188989124997], [-41.33096664305, -21.727188989124997], [-41.329933864892006, -21.725850966387], [-41.327983670179, -21.724873191427008], [-41.329066325511995, -21.724294574330997], [-41.32921581076499, -21.724531952438014], [-41.329864078019, -21.724183984969997], [-41.33052630360301, -21.725217210612], [-41.33052630360301, -21.725217210612], [-41.33052630360301, -21.725217210612], [-41.33052630360301, -21.725217210612]]]}}, {"type": "Feature", "properties": {"tipo": "regiao_cobertura", "nome": "\u00c1REA 1097"}, "geometry": {"type": "Polygon", "coordinates": [[[-41.331065515335, -21.72340578229901], [-41.33178478931801, -21.72305683834699], [-41.332021862371, -21.723440754280006], [-41.332140487494996, -21.723632855337], [-41.330160453961, -21.724645637844986], [-41.329865538694, -21.724177213594004], [-41.329218105565, -21.724530344215992], [-41.32892716484599, -21.724065791564982], [-41.329418496156, -21.723543813831], [-41.329800155763, -21.721944448914982], [-41.329800155763, -21.721944448914982], [-41.330082718928, -21.721595539716986], [-41.331065515335, -21.72340578229901], [-41.331065515335, -21.72340578229901]]]}}, {"type": "Feature", "properties": {"tipo": "regiao_cobertura", "nome": "\u00c1REA 1098"}, "geometry": {"type": "Polygon", "coordinates": [[[-41.332828022743, -21.724739110260003], [-41.33216565744501, -21.725091962704], [-41.332229310274, -21.725199395187005], [-41.332606232429, -21.725815517848986], [-41.33288289815399, -21.726275212852997], [-41.33311615175, -21.726973296538006], [-41.332504576062, -21.727148413452994], [-41.332076111502, -21.726506752166003], [-41.33152020127899, -21.726788037145], [-41.33113912959101, -21.72617921022899], [-41.33180222273899, -21.725826251266], [-41.331203721331, -21.724865273907], [-41.330897874894, -21.725024436842006], [-41.330532144917996, -21.725214763026003], [-41.330162902962, -21.72464588730699], [-41.332138994641, -21.723626853183006], [-41.332828022743, -21.724739110260003], [-41.332828022743, -21.724739110260003], [-41.332828022743, -21.724739110260003]]]}}, {"type": "Feature", "properties": {"tipo": "regiao_cobertura", "nome": "\u00c1REA 1096"}, "geometry": {"type": "Polygon", "coordinates": [[[-41.33082089, -21.720832651582], [-41.331739415313, -21.720830605249006], [-41.332311495342, -21.721780702827004], [-41.332806642599, -21.721506425176003], [-41.333234443758, -21.722381169252998], [-41.331064564751, -21.72339985013501], [-41.330087676179, -21.721596659906993], [-41.33082089, -21.720832651582], [-41.33082089, -21.720832651582]]]}}, {"type": "Feature", "properties": {"tipo": "regiao_cobertura", "nome": "\u00c1REA 1155"}, "geometry": {"type": "Polygon", "coordinates": [[[-41.330611157297, -21.716940861912008], [-41.330897061407, -21.717071813379988], [-41.331050164928, -21.717446545369], [-41.329558484465, -21.718653191808997], [-41.329273316123995, -21.718704448224003], [-41.329018979243, -21.71906828361101], [-41.32913854960599, -21.719372416445992], [-41.328380696069, -21.719595506344007], [-41.327948749875, -21.719501939302006], [-41.327865434771994, -21.719172875675], [-41.330081481174, -21.716861097119008], [-41.330611157297, -21.716940861912008], [-41.330611157297, -21.716940861912008]]]}}, {"type": "Feature", "properties": {"tipo": "regiao_cobertura", "nome": "\u00c1REA 1156"}, "geometry": {"type": "Polygon", "coordinates": [[[-41.330067476821, -21.716856714315], [-41.327948101708, -21.719094458189005], [-41.32737626358901, -21.718501749375008], [-41.327082877230005, -21.718350060093], [-41.327797406819, -21.717653052228002], [-41.328996229799, -21.716485642386004], [-41.328996229799, -21.716485642386004], [-41.328996229799, -21.716485642386004], [-41.32952966204499, -21.716777122960977], [-41.330067476821, -21.716856714315], [-41.330067476821, -21.716856714315]]]}}, {"type": "Feature", "properties": {"tipo": "regiao_cobertura", "nome": "\u00c1REA 1154"}, "geometry": {"type": "Polygon", "coordinates": [[[-41.329021093273, -21.719067684747003], [-41.329275167145, -21.71870517447799], [-41.32957807247, -21.718641423847004], [-41.331060079813, -21.717452752298996], [-41.330898932987, -21.717066914088008], [-41.330579190157, -21.716937220664988], [-41.329539129997, -21.716776204998], [-41.328996229799, -21.716485642386004], [-41.328846742598, -21.71661025831601], [-41.32857154221501, -21.716319046693016], [-41.32915541145899, -21.715873627244008], [-41.329367555703996, -21.715507118722016], [-41.329267306366006, -21.715120559973002], [-41.32801090187, -21.715348079086], [-41.328169119635, -21.714732090723004], [-41.329376779713, -21.713863358396992], [-41.32992446559601, -21.714093464589], [-41.329987888783, -21.715275032177004], [-41.329723397844, -21.715967155865997], [-41.329738009987, -21.716447410886005], [-41.33036428214, -21.716479289618007], [-41.331304833922, -21.716682288637003], [-41.331656848007, -21.717160343133003], [-41.331543869896, -21.71777227377801], [-41.330907044892, -21.718363390994], [-41.330372841023, -21.718963056299998], [-41.32914523029701, -21.71937036042], [-41.329021093273, -21.719067684747003], [-41.329021093273, -21.719067684747003]]]}}, {"type": "Feature", "properties": {"tipo": "regiao_cobertura", "nome": "\u00c1REA 1101"}, "geometry": {"type": "Polygon", "coordinates": [[[-41.333427367835, -21.733930268378998], [-41.331423045502, -21.734591725688006], [-41.331097403006, -21.73477627089501], [-41.330580883491, -21.734316301609], [-41.33037308768301, -21.733910898927007], [-41.330573579690004, -21.733703065718004], [-41.33287793020601, -21.733003661181996], [-41.333427367835, -21.733930268378998], [-41.333427367835, -21.733930268378998]]]}}, {"type": "Feature", "properties": {"tipo": "regiao_cobertura", "nome": "\u00c1REA 1113"}, "geometry": {"type": "Polygon", "coordinates": [[[-41.330276474352, -21.732435159363007], [-41.329931404279, -21.732444154573002], [-41.32929721097, -21.733018997231994], [-41.329773239408, -21.733482584846996], [-41.329111233643, -21.734147837438996], [-41.328010315522, -21.734331813322996], [-41.32777250370099, -21.733162335173006], [-41.327968355928, -21.73312925446298], [-41.327880812887, -21.732758953745005], [-41.33025447841, -21.732234977234995], [-41.330276474352, -21.732435159363007], [-41.330276474352, -21.732435159363007]]]}}, {"type": "Feature", "properties": {"tipo": "regiao_cobertura", "nome": "\u00c1REA 1112"}, "geometry": {"type": "Polygon", "coordinates": [[[-41.330361535055, -21.733116584901012], [-41.330255443726, -21.732235633716], [-41.32997336619601, -21.732298118019003], [-41.329891829253, -21.731833837547995], [-41.331690474337, -21.731376707514002], [-41.331745829909, -21.73150949547299], [-41.332444943135, -21.731286150545998], [-41.332911885109006, -21.73231569211302], [-41.331515960538, -21.732754261988006], [-41.330361535055, -21.733116584901012], [-41.330361535055, -21.733116584901012]]]}}, {"type": "Feature", "properties": {"tipo": "regiao_cobertura", "nome": "\u00c1REA 1115"}, "geometry": {"type": "Polygon", "coordinates": [[[-41.329970354566, -21.73229438813], [-41.330256447529, -21.73223376870699], [-41.330353608747, -21.73306609712199], [-41.33035962462699, -21.733117631803992], [-41.330445500506, -21.733093812469022], [-41.330540696601, -21.733506257892003], [-41.330362364081, -21.733592776972998], [-41.330029276189, -21.733244901839996], [-41.32977740345, -21.733488119151005], [-41.329294159893, -21.73302070823702], [-41.329934729925, -21.732445886269986], [-41.330280546187, -21.73243705144], [-41.33025447841, -21.732234977234995], [-41.329222193418, -21.732462759428998], [-41.325865017571, -21.73320354546], [-41.325663740277996, -21.732691854726994], [-41.324636599931, -21.73287479025001], [-41.324522941546, -21.732241309781998], [-41.32516552904801, -21.732036656961014], [-41.326038295586, -21.731292675885015], [-41.326214203399, -21.731708008423013], [-41.326497538463, -21.731824254066993], [-41.326716486014995, -21.732646173119008], [-41.329897699696005, -21.731832019638006], [-41.329970354566, -21.73229438813], [-41.329970354566, -21.73229438813]]]}}, {"type": "Feature", "properties": {"tipo": "regiao_cobertura", "nome": "\u00c1REA 1121"}, "geometry": {"type": "Polygon", "coordinates": [[[-41.33313405437399, -21.730834830996002], [-41.333988527615, -21.732549145060005], [-41.333138987957, -21.732815512602997], [-41.332444856961004, -21.731287825311995], [-41.331742458573, -21.731502766974984], [-41.331697126602, -21.731378912633005], [-41.331433062067994, -21.731432662048007], [-41.330498165853, -21.73027733513898], [-41.330325397508005, -21.730040764655996], [-41.330842209808, -21.729661904112007], [-41.330489947436, -21.72920083286398], [-41.331176919045, -21.728732736775], [-41.33313405437399, -21.730834830996002], [-41.33313405437399, -21.730834830996002]]]}}, {"type": "Feature", "properties": {"tipo": "regiao_cobertura", "nome": "AREA 1119"}, "geometry": {"type": "Polygon", "coordinates": [[[-41.330010641287004, -21.729815525825003], [-41.329085483912, -21.730605531042002], [-41.32917032418301, -21.730701855826993], [-41.32767705226, -21.732050226428996], [-41.327682082931, -21.73240272253601], [-41.32671829759, -21.732648151510006], [-41.326651926758004, -21.732393640313006], [-41.328559369969, -21.73077730832], [-41.328276886199, -21.730493778012004], [-41.329137880707, -21.729639032135992], [-41.329727011741, -21.729178559485007], [-41.330031743220005, -21.729505032380004], [-41.330485884346, -21.729197058637993], [-41.330841238865, -21.729647199452998], [-41.33033241809, -21.730052102091022], [-41.330010641287004, -21.729815525825003], [-41.330010641287004, -21.729815525825003]]]}}, {"type": "Feature", "properties": {"tipo": "regiao_cobertura", "nome": "\u00c1REA 1118"}, "geometry": {"type": "Polygon", "coordinates": [[[-41.33000863895201, -21.729821626793992], [-41.33033432386, -21.730055754153], [-41.330806615251, -21.730649579263], [-41.33143321618099, -21.731437418265003], [-41.327688662637996, -21.732393687693005], [-41.327688662637996, -21.732393687693005], [-41.32767702097999, -21.732055990362994], [-41.329042393378, -21.730816499816996], [-41.329171895301, -21.730698936897], [-41.329084556962, -21.730604262867985], [-41.33000863895201, -21.729821626793992], [-41.33000863895201, -21.729821626793992]]]}}, {"type": "Feature", "properties": {"tipo": "regiao_cobertura", "nome": "\u00c1REA 1116"}, "geometry": {"type": "Polygon", "coordinates": [[[-41.331176919045, -21.728732736775], [-41.33003076983, -21.729505845933005], [-41.329723034559, -21.72917112221799], [-41.32914440386101, -21.729640238539005], [-41.32914440386101, -21.729640238539005], [-41.328192264776995, -21.728720913626006], [-41.329383975690995, -21.727582236490008], [-41.32891319373601, -21.726909772385], [-41.32970685316499, -21.726507102686], [-41.331176919045, -21.728732736775], [-41.331176919045, -21.728732736775]]]}}, {"type": "Feature", "properties": {"tipo": "regiao_cobertura", "nome": "\u00c1REA 1107"}, "geometry": {"type": "Polygon", "coordinates": [[[-41.326425200691, -21.73441999645199], [-41.326430810855, -21.734419848284006], [-41.330608242720004, -21.737842991644], [-41.329905559949, -21.738578114885], [-41.328321137369, -21.737190946561], [-41.328321137369, -21.737190946561], [-41.327668847452, -21.736611413380004], [-41.327137716333, -21.736139523160006], [-41.326283262266, -21.735387862262], [-41.32589937143, -21.734942397085007], [-41.326425200691, -21.73441999645199], [-41.326425200691, -21.73441999645199]]]}}, {"type": "Feature", "properties": {"tipo": "regiao_cobertura", "nome": "\u00c1REA 1108"}, "geometry": {"type": "Polygon", "coordinates": [[[-41.330596831651995, -21.737843004321988], [-41.332158773431, -21.739123885152992], [-41.331102502001, -21.741165069893015], [-41.329680307484, -21.740195034056015], [-41.33027331727101, -21.739560943968], [-41.329530904779, -21.738950343423014], [-41.330596831651995, -21.737843004321988], [-41.330596831651995, -21.737843004321988]]]}}, {"type": "Feature", "properties": {"tipo": "regiao_cobertura", "nome": "\u00c1REA 1105"}, "geometry": {"type": "Polygon", "coordinates": [[[-41.332417555495, -21.73876193234601], [-41.332158239792, -21.739114236261997], [-41.326430810855, -21.734419848284006], [-41.32588550550601, -21.734947978782003], [-41.325111280809, -21.733895434413995], [-41.325858541760006, -21.733365617313012], [-41.332417555495, -21.73876193234601], [-41.332417555495, -21.73876193234601]]]}}, {"type": "Feature", "properties": {"tipo": "regiao_cobertura", "nome": "\u00c1REA 1106"}, "geometry": {"type": "Polygon", "coordinates": [[[-41.325861662289, -21.73320553803501], [-41.325851431211994, -21.733363002001], [-41.325108371224, -21.733887100676], [-41.325896885286994, -21.734952894036], [-41.326258946784, -21.735361717892005], [-41.328987465098, -21.737776735382], [-41.32989894898801, -21.738570650528985], [-41.32952754612501, -21.738950664323], [-41.325527796143994, -21.73556022339301], [-41.32487825906501, -21.734628997236996], [-41.324308116869005, -21.73293825575101], [-41.325658839131, -21.732696596414], [-41.325861662289, -21.73320553803501], [-41.325861662289, -21.73320553803501]]]}}, {"type": "Feature", "properties": {"tipo": "regiao_cobertura", "nome": "\u00c1REA 1103"}, "geometry": {"type": "Polygon", "coordinates": [[[-41.332501701249, -21.737357360142994], [-41.332271958938, -21.737926338994995], [-41.329752238083, -21.735811862066], [-41.329752238083, -21.735811862066], [-41.330752611031, -21.734968877298996], [-41.331143414999, -21.735598442878995], [-41.331728878643005, -21.735296781584992], [-41.331967655865995, -21.735496177187017], [-41.332402200696, -21.736542066423013], [-41.332377538824, -21.736934828935006], [-41.332501701249, -21.737357360142994], [-41.332501701249, -21.737357360142994]]]}}, {"type": "Feature", "properties": {"tipo": "regiao_cobertura", "nome": "\u00c1REA 1102"}, "geometry": {"type": "Polygon", "coordinates": [[[-41.333818480179, -21.73452484592802], [-41.33230266786, -21.734946596363997], [-41.332700612696, -21.735961012778986], [-41.332959273929994, -21.73588193100001], [-41.333258654153, -21.73722292869502], [-41.333318516777005, -21.737766046779996], [-41.332344484569, -21.737741055618997], [-41.33250694776, -21.737359276365993], [-41.332377623541994, -21.736928115778], [-41.332403250007, -21.736546132128012], [-41.331970258721995, -21.735490028429], [-41.33172104981, -21.735286766797998], [-41.331141724907, -21.735599778818], [-41.330752533138, -21.734966334940992], [-41.331460797329, -21.734577982811018], [-41.333430979767, -21.733926715671004], [-41.333818480179, -21.73452484592802], [-41.333818480179, -21.73452484592802]]]}}, {"type": "Feature", "properties": {"tipo": "regiao_cobertura", "nome": "\u00c1REA 1109"}, "geometry": {"type": "Polygon", "coordinates": [[[-41.333818480179, -21.73452484592802], [-41.334271489750996, -21.735384269026], [-41.333791551407, -21.735549354918007], [-41.333812463908, -21.735639066584], [-41.332700612696, -21.735961012778986], [-41.33230266786, -21.734946596363997], [-41.333818480179, -21.73452484592802], [-41.333818480179, -21.73452484592802]]]}}, {"type": "Feature", "properties": {"tipo": "regiao_cobertura", "nome": "\u00c1REA 1111"}, "geometry": {"type": "Polygon", "coordinates": [[[-41.330584204782, -21.733690907378005], [-41.329830314214, -21.734633926342], [-41.32828773048001, -21.734909894633006], [-41.328188072787, -21.734301932232], [-41.329113737153, -21.734147771237005], [-41.330024595252, -21.733244716936014], [-41.330361834113, -21.733597786532997], [-41.330543814802006, -21.733508356307], [-41.330447643462, -21.733094852414], [-41.330795960829, -21.73298529406], [-41.33277823460699, -21.732357987024997], [-41.332911885109006, -21.73231569211302], [-41.333138987957, -21.732815512602997], [-41.33283299807599, -21.732916979511018], [-41.33287793020601, -21.733003661181996], [-41.330584204782, -21.733690907378005], [-41.330584204782, -21.733690907378005]]]}}, {"type": "Feature", "properties": {"tipo": "regiao_cobertura", "nome": "\u00c1REA 1093"}, "geometry": {"type": "Polygon", "coordinates": [[[-41.335371981129, -21.726354050640992], [-41.336070476646, -21.727118977413], [-41.334975883593, -21.727520566354016], [-41.335076525748, -21.727718241619016], [-41.334664232404, -21.727901172330988], [-41.334795936984, -21.728139340207008], [-41.334373876668, -21.72848655406598], [-41.333572318252, -21.726091534869], [-41.334193183557, -21.72581935154399], [-41.334101170432994, -21.725631420023007], [-41.33387891317901, -21.725177471338], [-41.334536290417, -21.724833093518], [-41.33464387368, -21.72480865438], [-41.335371981129, -21.726354050640992], [-41.335371981129, -21.726354050640992]]]}}, {"type": "Feature", "properties": {"tipo": "regiao_cobertura", "nome": "\u00c1REA 1091"}, "geometry": {"type": "Polygon", "coordinates": [[[-41.337619853377994, -21.726981714313], [-41.336975988151, -21.727436227181002], [-41.336639041390995, -21.727080858633997], [-41.336476802295, -21.727161688449996], [-41.336318344547, -21.726965790120005], [-41.336069132775, -21.727115490193], [-41.335376862419, -21.726355171793998], [-41.336589452052, -21.72563892998501], [-41.337027938548, -21.725174720466995], [-41.337513248238, -21.724516588409017], [-41.337879261009, -21.723917945560004], [-41.339005838571, -21.725469014786], [-41.337619853377994, -21.726981714313], [-41.337619853377994, -21.726981714313]]]}}, {"type": "Feature", "properties": {"tipo": "regiao_cobertura", "nome": "MARROM 2"}, "geometry": {"type": "Polygon", "coordinates": [[[-41.341523255644, -21.727042146423003], [-41.341522986579, -21.72703633518698], [-41.341522986579, -21.72703633518698], [-41.341523255644, -21.727042146423003], [-41.341523255644, -21.727042146423003]]]}}, {"type": "Feature", "properties": {"tipo": "regiao_cobertura", "nome": "\u00c1REA 1090"}, "geometry": {"type": "Polygon", "coordinates": [[[-41.335264037546, -21.72288268879001], [-41.335822211611, -21.723557873955002], [-41.33651768446, -21.724899841813], [-41.33685553297101, -21.725357240085998], [-41.33685553297101, -21.725357240085998], [-41.336584647386, -21.725640541868003], [-41.335371889912, -21.726352350656995], [-41.334204400517, -21.724218105931996], [-41.334043584989, -21.723924122455998], [-41.33485843791, -21.723498575215004], [-41.334477285456, -21.722654968087], [-41.335173488933, -21.722199254227007], [-41.335750071256, -21.722623872415994], [-41.335264037546, -21.72288268879001], [-41.335264037546, -21.72288268879001]]]}}, {"type": "Feature", "properties": {"tipo": "regiao_cobertura", "nome": "\u00c1REA 1140"}, "geometry": {"type": "Polygon", "coordinates": [[[-41.335813221393, -21.718269964699985], [-41.335592182411006, -21.719128873678002], [-41.33729265581499, -21.721538491435], [-41.336955367825006, -21.721759368912004], [-41.336714226907006, -21.721588847657998], [-41.334582428292, -21.719025450206985], [-41.335502393053, -21.715390191628003], [-41.334785736669, -21.71518781832698], [-41.33479434408999, -21.713961752779], [-41.336291371859, -21.714007235178997], [-41.336434908707, -21.71558578322599], [-41.336110945916, -21.716844494155012], [-41.335218923308005, -21.717307848934], [-41.335813221393, -21.718269964699985], [-41.335813221393, -21.718269964699985]]]}}, {"type": "Feature", "properties": {"tipo": "regiao_cobertura", "nome": "\u00c1REA 1089"}, "geometry": {"type": "Polygon", "coordinates": [[[-41.335749030959, -21.722625277340995], [-41.337794666719006, -21.72407299656102], [-41.337518191713, -21.724506351501006], [-41.337026666261, -21.725181555828], [-41.336584647386, -21.725640541868003], [-41.33685553297101, -21.725357240085998], [-41.33685553297101, -21.725357240085998], [-41.336521698253, -21.724898589758993], [-41.335827759325994, -21.72356568990402], [-41.335264023479, -21.72288528562501], [-41.335749030959, -21.722625277340995], [-41.335749030959, -21.722625277340995]]]}}, {"type": "Feature", "properties": {"tipo": "regiao_cobertura", "nome": "\u00c1REA 1092"}, "geometry": {"type": "Polygon", "coordinates": [[[-41.338507964386, -21.724785827890003], [-41.337634573093, -21.723591921593], [-41.33774304120399, -21.723500702249993], [-41.33774304120399, -21.723500702249993], [-41.336118343385, -21.722321487128], [-41.336714226907006, -21.721588847657998], [-41.336955367825006, -21.721759368912004], [-41.336955367825006, -21.721759368912004], [-41.33729265581499, -21.721538491435], [-41.335592182411006, -21.719128873678002], [-41.335815959721, -21.71826755966501], [-41.337547863387, -21.72107267655501], [-41.337835792095, -21.721186991506983], [-41.338659117514, -21.722911797424004], [-41.340066973389995, -21.72196999682899], [-41.340575003201, -21.722687766974005], [-41.339447152329, -21.723485546011986], [-41.33961821379799, -21.723674183095], [-41.338507964386, -21.724785827890003], [-41.338507964386, -21.724785827890003]]]}}, {"type": "Feature", "properties": {"tipo": "regiao_cobertura", "nome": "\u00c1REA 1094"}, "geometry": {"type": "Polygon", "coordinates": [[[-41.334043549114, -21.723930684159], [-41.33453188389699, -21.724828958122004], [-41.333880029355, -21.72517882247], [-41.33342209285, -21.724440843387], [-41.332828022743, -21.724739110260003], [-41.331787600098, -21.723061836940005], [-41.33322942706, -21.722383305129], [-41.334043549114, -21.723930684159], [-41.334043549114, -21.723930684159]]]}}, {"type": "Feature", "properties": {"tipo": "regiao_cobertura", "nome": "\u00c1REA 1623"}, "geometry": {"type": "Polygon", "coordinates": [[[-41.35605607251299, -21.732420664405993], [-41.356472607691, -21.73203061929499], [-41.355350267305, -21.730844406887], [-41.354872631429, -21.731168311841003], [-41.35605607251299, -21.732420664405993], [-41.35605607251299, -21.732420664405993]]]}}, {"type": "Feature", "properties": {"tipo": "regiao_cobertura", "nome": "\u00c1REA 1138"}, "geometry": {"type": "Polygon", "coordinates": [[[-41.341682798254, -21.726698828536], [-41.341522986579, -21.72703633518698], [-41.344031620109, -21.728132265268002], [-41.343842403094, -21.728519540134002], [-41.345060975052995, -21.72907842347898], [-41.34512394055799, -21.728950318519992], [-41.346261901347, -21.729471401303], [-41.346144082673, -21.729664366712], [-41.346326530857, -21.729766836013994], [-41.346551539654, -21.729736241035], [-41.346957130652996, -21.729587175551003], [-41.34716613344499, -21.729414365522004], [-41.347302555166, -21.72921551059801], [-41.347419039426995, -21.728989607065984], [-41.347501567784995, -21.72877036605901], [-41.347563249284, -21.72833779375], [-41.34733799544, -21.728333747540987], [-41.346993971758, -21.727979237612004], [-41.346512685759, -21.728833017387018], [-41.341682798254, -21.726698828536], [-41.341682798254, -21.726698828536], [-41.341682798254, -21.726698828536]]]}}, {"type": "Feature", "properties": {"tipo": "regiao_cobertura", "nome": "INSTALA\u00c7\u00c3O M\u00c1XIMA AT\u00c9 70M"}, "geometry": {"type": "Polygon", "coordinates": [[[-41.342192323107, -21.726167833458987], [-41.344785818327, -21.727161653718], [-41.347567469973, -21.728390389986004], [-41.347277791399, -21.729307309125005], [-41.346966655153004, -21.729566437388016], [-41.34667697657999, -21.729556470923995], [-41.34637656917, -21.729755800053013], [-41.345872313875, -21.729765766502], [-41.346047551531, -21.72932724208499], [-41.345135600465994, -21.728938548870005], [-41.344921023744, -21.729287376163], [-41.344599158662, -21.729107979375], [-41.344459683794, -21.72941694037], [-41.343579919236994, -21.729157811838007], [-41.343386800188, -21.729406973897014], [-41.340908439058, -21.728360490351008], [-41.341981322664004, -21.726117999958007], [-41.342192323107, -21.726167833458987], [-41.342192323107, -21.726167833458987]]]}}, {"type": "Feature", "properties": {"tipo": "regiao_cobertura", "nome": "\u00c1REA 1139"}, "geometry": {"type": "Polygon", "coordinates": [[[-41.336126539622, -21.729515824120995], [-41.33581391851101, -21.729060389818002], [-41.337283933684, -21.727830440122005], [-41.336969499103, -21.727434999018996], [-41.33761300335001, -21.726992484191996], [-41.339001812902, -21.725473216572993], [-41.34007666891, -21.726983015442997], [-41.336126539622, -21.729515824120995], [-41.336126539622, -21.729515824120995]]]}}, {"type": "Feature", "properties": {"tipo": "regiao_cobertura", "nome": "\u00c1REA 1095"}, "geometry": {"type": "Polygon", "coordinates": [[[-41.334188315301, -21.725814198573005], [-41.33357344303601, -21.726088141738998], [-41.33463485322, -21.729278753374984], [-41.333979331706, -21.729496483747], [-41.333457579971, -21.728114116380993], [-41.333249959744, -21.727485943668995], [-41.333122121033, -21.726979021421002], [-41.332891120084, -21.726297911153992], [-41.33215273897, -21.725079320974004], [-41.333419350195, -21.724446193252987], [-41.333868380641, -21.725156579325997], [-41.334188315301, -21.725814198573005], [-41.334188315301, -21.725814198573005]]]}}, {"type": "Feature", "properties": {"tipo": "regiao_cobertura", "nome": "INSTALA\u00c7\u00c3O M\u00c1XIMA AT\u00c9 130M"}, "geometry": {"type": "Polygon", "coordinates": [[[-41.335096058472, -21.726514628009], [-41.335718330963, -21.727710623939004], [-41.336245558547, -21.727026215937997], [-41.337060950088, -21.72720561532398], [-41.337189696120994, -21.728042809495008], [-41.335923693466, -21.729318524573003], [-41.33628847389101, -21.729477988162003], [-41.340107939529, -21.72720561532398], [-41.33871319084099, -21.724973073700994], [-41.338756106185, -21.724454800152984], [-41.33922817497201, -21.723996325841], [-41.34060146598801, -21.722401621199992], [-41.340086481856, -21.722002942277015], [-41.338627360152, -21.722760431286005], [-41.33561654563701, -21.71787010351899], [-41.335301420974, -21.717358251386997], [-41.336052439498, -21.716939623809992], [-41.33639576225201, -21.714368027683008], [-41.33613827018599, -21.714049066819], [-41.334764979171, -21.714069001892994], [-41.334807894515, -21.715045817169], [-41.335151217269, -21.715464450257002], [-41.335515997695, -21.71540464560499], [-41.334767041455, -21.718398194789003], [-41.33459331779401, -21.719092552656036], [-41.33607389717, -21.720507886470983], [-41.336524508284, -21.721325185571004], [-41.335966608809, -21.722162413979007], [-41.336250511324, -21.722862624996992], [-41.337971386536, -21.724321942969013], [-41.33689850293, -21.725657491473996], [-41.336083111389, -21.725936559744], [-41.335096058472, -21.726514628009], [-41.335096058472, -21.726514628009]]]}}, {"type": "Feature", "properties": {"tipo": "regiao_cobertura", "nome": "\u00c1REA 1136"}, "geometry": {"type": "Polygon", "coordinates": [[[-41.341523255644, -21.727042146423003], [-41.34133881057901, -21.727358289956], [-41.341039243825, -21.727531931216006], [-41.340884452161, -21.7275523287], [-41.34057037607, -21.727845350288007], [-41.340974183808996, -21.728379494170994], [-41.343321707329, -21.729377604160987], [-41.34340069201, -21.729374280835998], [-41.343462448746, -21.72934227328801], [-41.343611085029, -21.729066842570006], [-41.344408746347, -21.72943439928399], [-41.344481556517, -21.729422192643], [-41.34453843355999, -21.729379266474993], [-41.344655391659, -21.729130386588025], [-41.344865143198, -21.729223577124003], [-41.344988852351, -21.729187133374012], [-41.345060975052995, -21.72907842347898], [-41.343842403094, -21.728519540134002], [-41.344022524361, -21.728129565990002], [-41.341523255644, -21.727042146423003], [-41.341523255644, -21.727042146423003]]]}}, {"type": "Feature", "properties": {"tipo": "regiao_cobertura", "nome": "\u00c1REA 1137"}, "geometry": {"type": "Polygon", "coordinates": [[[-41.341682798254, -21.726698828536], [-41.342056910522, -21.72601189112102], [-41.342473147022005, -21.725822049499], [-41.342677796858, -21.725800533463996], [-41.343004286191, -21.726006575571986], [-41.343199808503, -21.726197607098996], [-41.343199808503, -21.726197607098996], [-41.343613788462, -21.726889686392], [-41.343707499512995, -21.726997677984997], [-41.343854446077, -21.727111020237984], [-41.344584253141996, -21.727089333326006], [-41.346873658408, -21.72818129572498], [-41.346504178107, -21.728825436997], [-41.344033018531, -21.727732927374007], [-41.34231828919, -21.726974833730992], [-41.341682798254, -21.726698828536], [-41.341682798254, -21.726698828536], [-41.341682798254, -21.726698828536]]]}}, {"type": "Feature", "properties": {"tipo": "regiao_cobertura", "nome": "INSTALA\u00c7\u00c3O M\u00c1XIMA AT\u00c9 70M"}, "geometry": {"type": "Polygon", "coordinates": [[[-41.30917519055199, -21.714673731619], [-41.310548481567, -21.714155420958008], [-41.31175011120601, -21.715351519665006], [-41.313295063599, -21.714115550829987], [-41.315097508057, -21.714275031276003], [-41.316299137695, -21.714912951293982], [-41.317414936646, -21.714075680690996], [-41.317844090088, -21.715351519665006], [-41.317844090088, -21.716388130501997], [-41.318702396973, -21.716348260992007], [-41.318916973693, -21.714275031276003], [-41.320118603332, -21.712281512990003], [-41.32239311657699, -21.710088610974992], [-41.323680576905, -21.709849383278993], [-41.323852238281, -21.711444227073997], [-41.324667629821, -21.712640348320008], [-41.32329433880601, -21.714314901359998], [-41.328315434082, -21.71339788663299], [-41.329216656311, -21.713836459624005], [-41.330332455261, -21.713995940379007], [-41.329860386474, -21.715909695659022], [-41.33200615368601, -21.716946302473005], [-41.331662830933, -21.718261984980998], [-41.329817471131, -21.719537786827985], [-41.328015026672, -21.72005607809602], [-41.328057942017, -21.721172391406995], [-41.32810085736101, -21.723205654103992], [-41.32719963513101, -21.724321942969013], [-41.326942143066, -21.72559769105999], [-41.327457127197, -21.725717291862992], [-41.328916248902004, -21.723125918853995], [-41.329559979065, -21.721531204559994], [-41.330804524048, -21.720335157236008], [-41.331963238343, -21.72037502564099], [-41.33295029126, -21.721012918607997], [-41.334280666931, -21.723046183559006], [-41.33501022778301, -21.721929884790995], [-41.33681267224101, -21.723285389310007], [-41.337971386536, -21.724321942969013], [-41.33689850293, -21.725657491473996], [-41.336083111389, -21.725936559744], [-41.335096058472, -21.726514628009], [-41.335718330963, -21.727710623939004], [-41.334559616669, -21.728348484365995], [-41.334559616669, -21.729205604859004], [-41.334087547882, -21.729504599178], [-41.33299320660401, -21.727192360256993], [-41.332349476441, -21.72733189297], [-41.332113442047, -21.726713961355003], [-41.330847439392, -21.727571091591997], [-41.331598457915995, -21.729145805921007], [-41.333143410309, -21.731477946084993], [-41.33447378598, -21.732235385178], [-41.334190396725, -21.732833360590007], [-41.333246259151004, -21.733092482496005], [-41.33444788879, -21.735524219159004], [-41.333460835872, -21.73620190893], [-41.33468392318401, -21.738075505197997], [-41.334168939052, -21.738533934608], [-41.333053140102, -21.738434276164995], [-41.332302121578, -21.738673456311005], [-41.331379441676, -21.740467294723004], [-41.325564412532, -21.735584015444005], [-41.324403981624, -21.732454643116995], [-41.327129105983, -21.729982988794006], [-41.324103574215, -21.72761095799102], [-41.322408418117, -21.727870089309988], [-41.320884923397, -21.725856826008], [-41.319747666775, -21.724441544833013], [-41.316786508022, -21.721969752754006], [-41.31333182281, -21.71955772114198], [-41.310955070069, -21.717284018917], [-41.309109710267, -21.715071258213], [-41.30917519055199, -21.714673731619], [-41.30917519055199, -21.714673731619]]]}}, {"type": "Feature", "properties": {"tipo": "regiao_cobertura", "nome": "\u00c1REA 1581"}, "geometry": {"type": "Polygon", "coordinates": [[[-41.357182407644004, -21.74104454704701], [-41.35767985037301, -21.740835286559005], [-41.356670669418, -21.740086695301002], [-41.357002931324, -21.73974976667398], [-41.35558449438, -21.73860611549101], [-41.35645911058, -21.737788009952993], [-41.359498577442, -21.740509036258004], [-41.357448807646, -21.741333271810987], [-41.357182407644004, -21.74104454704701], [-41.357182407644004, -21.74104454704701]]]}}, {"type": "Feature", "properties": {"tipo": "regiao_cobertura", "nome": "\u00c1REA 1104"}, "geometry": {"type": "Polygon", "coordinates": [[[-41.33497053254699, -21.738118196312], [-41.334219865912, -21.738504408934006], [-41.333964195321, -21.738569788855003], [-41.333165841953, -21.738429711357995], [-41.33265810906, -21.738506641956008], [-41.332416115883, -21.738757647244995], [-41.330479067099, -21.737165932519005], [-41.32936466260399, -21.736250242764], [-41.327504524138, -21.734694181774984], [-41.327079124696, -21.734338320158997], [-41.327966760421, -21.73417785703002], [-41.328010160695, -21.734340836906995], [-41.32818583166199, -21.734307651891996], [-41.32828996546899, -21.734909053734995], [-41.329830314214, -21.734633926342], [-41.330371758774, -21.735283686138004], [-41.32974924965801, -21.735815549052006], [-41.332281460884, -21.737926086799007], [-41.332361287189, -21.737738498515], [-41.333320091089, -21.737774128376003], [-41.333253644607, -21.737176909110005], [-41.334509752385, -21.736982483397], [-41.33497053254699, -21.738118196312], [-41.33497053254699, -21.738118196312]]]}}, {"type": "Feature", "properties": {"tipo": "regiao_cobertura", "nome": "\u00c1REA 1585"}, "geometry": {"type": "Polygon", "coordinates": [[[-41.35521952089001, -21.739035784912005], [-41.352552688385, -21.736741434056], [-41.353309620282, -21.735928037793997], [-41.35603610375199, -21.738164801542], [-41.35521952089001, -21.739035784912005], [-41.35521952089001, -21.739035784912005]]]}}, {"type": "Feature", "properties": {"tipo": "regiao_cobertura", "nome": "\u00c1REA1582"}, "geometry": {"type": "Polygon", "coordinates": [[[-41.354876590659, -21.741585487197995], [-41.354443156314, -21.741278459152], [-41.353758734714, -21.740704343150995], [-41.355609412162, -21.738615195267002], [-41.357002931324, -21.73974976667398], [-41.355214551620996, -21.74156325540301], [-41.354876590659, -21.741585487197995], [-41.354876590659, -21.741585487197995]]]}}, {"type": "Feature", "properties": {"tipo": "regiao_cobertura", "nome": "\u00c1REA 1586"}, "geometry": {"type": "Polygon", "coordinates": [[[-41.35175642472599, -21.73764801913599], [-41.35205461777, -21.737128419765014], [-41.35236269994999, -21.736591586668], [-41.35338571959, -21.73506967978699], [-41.351398803954, -21.733215632821], [-41.352011901074, -21.732751075072997], [-41.354098458836, -21.735084035681], [-41.352546481402, -21.736731098918014], [-41.354635787051, -21.738533676299994], [-41.355227954242, -21.739044572631997], [-41.354406195425994, -21.739942186077002], [-41.35175642472599, -21.73764801913599], [-41.35175642472599, -21.73764801913599]]]}}, {"type": "Feature", "properties": {"tipo": "regiao_cobertura", "nome": "\u00c1REA 1587"}, "geometry": {"type": "Polygon", "coordinates": [[[-41.353398402387, -21.735083865505004], [-41.35324992381, -21.735286003892], [-41.351332626344, -21.737932081075], [-41.348534040547, -21.736195486053987], [-41.35100338204, -21.732839781666016], [-41.353398402387, -21.735083865505004], [-41.353398402387, -21.735083865505004]]]}}, {"type": "Feature", "properties": {"tipo": "regiao_cobertura", "nome": "\u00c1REA 1622"}, "geometry": {"type": "Polygon", "coordinates": [[[-41.35605607251299, -21.732420664405993], [-41.354872631429, -21.731168311841003], [-41.354333209467, -21.731392554595004], [-41.355626630276, -21.732843202984995], [-41.35605607251299, -21.732420664405993], [-41.35605607251299, -21.732420664405993], [-41.35605607251299, -21.732420664405993]]]}}, {"type": "Feature", "properties": {"tipo": "regiao_cobertura", "nome": "\u00c1REA 1614"}, "geometry": {"type": "Polygon", "coordinates": [[[-41.331210492367, -21.746902927564008], [-41.33094780359, -21.747348151409994], [-41.330389928455, -21.74705888183702], [-41.330695947340004, -21.746573410721993], [-41.331210492367, -21.746902927564008], [-41.331210492367, -21.746902927564008]]]}}, {"type": "Feature", "properties": {"tipo": "regiao_cobertura", "nome": "\u00c1REA 1604"}, "geometry": {"type": "Polygon", "coordinates": [[[-41.33220927786, -21.742910779076993], [-41.33283821802, -21.741333317575993], [-41.33368571486, -21.740308038048994], [-41.334582511841006, -21.739963174770978], [-41.334596765976, -21.73994970582099], [-41.33529203322801, -21.739984572778], [-41.335676805527996, -21.740371493451008], [-41.335828731709, -21.741228435002], [-41.336376062837, -21.741927974609], [-41.33727779898, -21.742092501124006], [-41.337373859584, -21.743027577882003], [-41.33576527886801, -21.743292184376998], [-41.335587729769, -21.743086363518998], [-41.333009523872, -21.743539618192003], [-41.33220927786, -21.742910779076993], [-41.33220927786, -21.742910779076993]]]}}, {"type": "Feature", "properties": {"tipo": "regiao_cobertura", "nome": "\u00c1REA 1051"}, "geometry": {"type": "Polygon", "coordinates": [[[-41.327449783954, -21.756094808539004], [-41.327578529986, -21.756483428289016], [-41.326960842407004, -21.75668018898901], [-41.326835558089, -21.75628662739298], [-41.327449783954, -21.756094808539004], [-41.327449783954, -21.756094808539004]]]}}, {"type": "Feature", "properties": {"tipo": "regiao_cobertura", "nome": "\u00c1REA 1056"}, "geometry": {"type": "Polygon", "coordinates": [[[-41.326118736299, -21.753019251571985], [-41.325663157969, -21.753474023843992], [-41.326545830216, -21.75432075265701], [-41.32657202547801, -21.754462300903], [-41.32672687159201, -21.754834420313003], [-41.327205653634, -21.754681974231005], [-41.32729684874, -21.754891233209023], [-41.327530738882, -21.754811809543], [-41.327169006033, -21.753874510317004], [-41.326118736299, -21.753019251571985], [-41.326118736299, -21.753019251571985]]]}}, {"type": "Feature", "properties": {"tipo": "regiao_cobertura", "nome": "\u00c1REA 1055"}, "geometry": {"type": "Polygon", "coordinates": [[[-41.32657202547801, -21.754462300903], [-41.326392053528, -21.754531179821], [-41.32669005806599, -21.755223981102006], [-41.326946767577994, -21.755128421407008], [-41.327107906421006, -21.755552523988], [-41.327807487592004, -21.755323512722995], [-41.327888415001, -21.75551030908599], [-41.328511573652, -21.755325700192998], [-41.32843929679, -21.755124219064996], [-41.327807487592004, -21.755323512722995], [-41.327107906421006, -21.755552523988], [-41.326912402077, -21.755016959635], [-41.326817259472, -21.75505163606701], [-41.32657202547801, -21.754462300903], [-41.32657202547801, -21.754462300903], [-41.32657202547801, -21.754462300903]]]}}, {"type": "Feature", "properties": {"tipo": "regiao_cobertura", "nome": "\u00c1REA 1049"}, "geometry": {"type": "Polygon", "coordinates": [[[-41.327679636452004, -21.753599927997016], [-41.327832522366, -21.75395367780601], [-41.32733094928, -21.754150481900012], [-41.32719415662, -21.753776803010993], [-41.327679636452004, -21.753599927997016], [-41.327679636452004, -21.753599927997016]]]}}, {"type": "Feature", "properties": {"tipo": "regiao_cobertura", "nome": "\u00c1REA 1058"}, "geometry": {"type": "Polygon", "coordinates": [[[-41.32889502519999, -21.752592724349], [-41.329134152143, -21.753064912276997], [-41.32876132509, -21.753229331922995], [-41.328503882503, -21.752783054307002], [-41.32889502519999, -21.752592724349], [-41.32889502519999, -21.752592724349], [-41.32889502519999, -21.752592724349]]]}}, {"type": "Feature", "properties": {"tipo": "regiao_cobertura", "nome": "\u00c1REA 1054"}, "geometry": {"type": "Polygon", "coordinates": [[[-41.334859823807, -21.750439379160994], [-41.33522937275, -21.75015703676702], [-41.335867142431, -21.75000479309601], [-41.336192461138, -21.750656849937002], [-41.334974507168, -21.750916498608007], [-41.334859823807, -21.750439379160994], [-41.334859823807, -21.750439379160994]]]}}, {"type": "Feature", "properties": {"tipo": "regiao_cobertura", "nome": "\u00c1REA 1613"}, "geometry": {"type": "Polygon", "coordinates": [[[-41.334623114727, -21.743344926804], [-41.335598921998, -21.743127459396987], [-41.336133680897, -21.744719345864993], [-41.335543977622, -21.745028742139013], [-41.335207344277, -21.745647418885], [-41.335925476108, -21.747522450126993], [-41.335941386625, -21.747563991969002], [-41.336215345293006, -21.748442506741995], [-41.33653857558101, -21.749023260729004], [-41.33685913174699, -21.74895314363401], [-41.336882560545, -21.74915603351201], [-41.336901175169, -21.74954119871998], [-41.337637610359, -21.750543200585], [-41.337448853186004, -21.750616088325017], [-41.337061672514, -21.750729023833998], [-41.335356385426, -21.749427946298013], [-41.33508721273, -21.749078178890997], [-41.333346062544, -21.747693797975003], [-41.332098948468, -21.746785514127993], [-41.331008000162, -21.745941026075997], [-41.33188474696699, -21.744509130056983], [-41.332501323646, -21.743707780652997], [-41.334623114727, -21.743344926804], [-41.334623114727, -21.743344926804]]]}}, {"type": "Feature", "properties": {"tipo": "regiao_cobertura", "nome": "INSTALA\u00c7\u00c3O M\u00c1XIMA AT\u00c9 100M"}, "geometry": {"type": "Polygon", "coordinates": [[[-41.323450407021, -21.737188036394997], [-41.32963021659201, -21.743306989690993], [-41.328020891182, -21.74492139320199], [-41.326046785348005, -21.746854667362015], [-41.325188478462, -21.74797077255498], [-41.32473786734799, -21.749405752201994], [-41.322098573678, -21.746436125678002], [-41.323450407021, -21.737188036394997], [-41.323450407021, -21.737188036394997]]]}}, {"type": "Feature", "properties": {"tipo": "regiao_cobertura", "nome": "\u00c1REA 1475"}, "geometry": {"type": "Polygon", "coordinates": [[[-41.331697606103, -21.772245981893988], [-41.331539790332, -21.77177721357799], [-41.331539790332, -21.77177721357799], [-41.331539790332, -21.77177721357799], [-41.328919706931, -21.77257494869599], [-41.329012531931006, -21.773156851129997], [-41.328469475192, -21.773357828095], [-41.328853585047, -21.774754184789998], [-41.329216189975, -21.775605421739982], [-41.329216189975, -21.775605421739982], [-41.329216189975, -21.775605421739982], [-41.329216189975, -21.775605421739982], [-41.330048168354004, -21.77536131558], [-41.330202265859, -21.775712565378996], [-41.332609397218, -21.774948142940005], [-41.331697606103, -21.772245981893988], [-41.331697606103, -21.772245981893988]]]}}, {"type": "Feature", "properties": {"tipo": "regiao_cobertura", "nome": "\u00c1REA 1059"}, "geometry": {"type": "Polygon", "coordinates": [[[-41.329926110944, -21.759758312640002], [-41.329985119542, -21.759890340457005], [-41.32943526669399, -21.760069698807015], [-41.32937989680799, -21.759931033927003], [-41.329926110944, -21.759758312640002], [-41.329926110944, -21.759758312640002]]]}}, {"type": "Feature", "properties": {"tipo": "regiao_cobertura", "nome": "\u00c1REA 1477"}, "geometry": {"type": "Polygon", "coordinates": [[[-41.327172717795, -21.770466263356], [-41.327492499179, -21.771590658338], [-41.327948486645006, -21.771740560162996], [-41.32809678145401, -21.772212327694007], [-41.323727951121, -21.773661888256], [-41.32297166057899, -21.77156522116202], [-41.327172717795, -21.770466263356], [-41.327172717795, -21.770466263356]]]}}, {"type": "Feature", "properties": {"tipo": "regiao_cobertura", "nome": "\u00c1REA 1057"}, "geometry": {"type": "Polygon", "coordinates": [[[-41.331490110451, -21.764442765878], [-41.330696176581995, -21.763296896363997], [-41.33138282209, -21.763057757225], [-41.332124308447, -21.764243127347015], [-41.332558980803, -21.764106297126006], [-41.331951964905, -21.76319478074798], [-41.332576919606005, -21.76299300698099], [-41.332791496327005, -21.76360330947901], [-41.333048988393, -21.76351363254001], [-41.333207238724, -21.763902232204998], [-41.331490110451, -21.764442765878], [-41.331490110451, -21.764442765878]]]}}, {"type": "Feature", "properties": {"tipo": "regiao_cobertura", "nome": "\u00c1REA 1520"}, "geometry": {"type": "Polygon", "coordinates": [[[-41.327884219151, -21.764482364505], [-41.327988825304, -21.764738938310998], [-41.327315590841, -21.76500049366001], [-41.32720830248, -21.764746411326996], [-41.327884219151, -21.764482364505], [-41.327884219151, -21.764482364505]]]}}, {"type": "Feature", "properties": {"tipo": "regiao_cobertura", "nome": "\u00c1REA 1474"}, "geometry": {"type": "Polygon", "coordinates": [[[-41.331539790332, -21.77177721357799], [-41.331539790332, -21.77177721357799], [-41.331539790332, -21.77177721357799], [-41.328919706931, -21.77257494869599], [-41.329012531931006, -21.773156851129997], [-41.328469475192, -21.773357828095], [-41.328267328033, -21.77275488244601], [-41.328152849536, -21.772395533164996], [-41.328116648781005, -21.772277245279], [-41.327948486645006, -21.771740560162996], [-41.327492499179, -21.771590658338], [-41.326984710889, -21.769805201308003], [-41.32661377214, -21.768961728112004], [-41.32694541961201, -21.768954356471994], [-41.330271672201, -21.768010401344995], [-41.331539790332, -21.77177721357799], [-41.331539790332, -21.77177721357799]]]}}, {"type": "Feature", "properties": {"tipo": "regiao_cobertura", "nome": "\u00c1REA 1473"}, "geometry": {"type": "Polygon", "coordinates": [[[-41.32787429086499, -21.761762623061003], [-41.32787429086499, -21.761762623061003], [-41.32733956325901, -21.761948695662994], [-41.32685292451101, -21.760691337056997], [-41.327807355727, -21.760383128355997], [-41.328271257798, -21.761623123787018], [-41.32787429086499, -21.761762623061003], [-41.329261737005, -21.76531425963502], [-41.329385344379, -21.765266748622977], [-41.330269381818, -21.768002629229017], [-41.326900243148, -21.768941997393], [-41.326681624511, -21.768950959939986], [-41.325650383420005, -21.766383314056995], [-41.329261737005, -21.76531425963502], [-41.32787429086499, -21.761762623061003], [-41.32787429086499, -21.761762623061003]]]}}, {"type": "Feature", "properties": {"tipo": "regiao_cobertura", "nome": "\u00c1REA 1060"}, "geometry": {"type": "Polygon", "coordinates": [[[-41.328082294604, -21.759342075190006], [-41.328238628984, -21.759808228282992], [-41.328958482773004, -21.759566273987005], [-41.328913779398, -21.759447254877003], [-41.329226703838, -21.759350378840992], [-41.329107494513, -21.75904867873301], [-41.328082294604, -21.759342075190006], [-41.328082294604, -21.759342075190006]]]}}, {"type": "Feature", "properties": {"tipo": "regiao_cobertura", "nome": "\u00c1REA 1611"}, "geometry": {"type": "Polygon", "coordinates": [[[-41.340299159986, -21.744063203725005], [-41.34087876067199, -21.746348020208004], [-41.34087876067199, -21.746348020208004], [-41.339327445999, -21.746815371875996], [-41.339327445999, -21.746815371875996], [-41.339163596794, -21.746460474789004], [-41.337855421279, -21.746604767765007], [-41.337855421279, -21.746604767765007], [-41.337516946328, -21.745624051000007], [-41.337179348954, -21.744692705675007], [-41.336636812984004, -21.744846609657003], [-41.336478556157, -21.744546095920995], [-41.336133680897, -21.744719345864993], [-41.33566863533, -21.743334985150994], [-41.337389676588, -21.743037390281003], [-41.33772498016301, -21.743871062929003], [-41.337873119775, -21.744239384162995], [-41.338039066274, -21.744604698116007], [-41.33835672021999, -21.74449248223101], [-41.340299159986, -21.744063203725005], [-41.340299159986, -21.744063203725005]]]}}, {"type": "Feature", "properties": {"tipo": "regiao_cobertura", "nome": "\u00c1REA 1596"}, "geometry": {"type": "Polygon", "coordinates": [[[-41.348675234105, -21.741067572144985], [-41.349306938145, -21.742668861374], [-41.34975852053599, -21.74405800313602], [-41.349834484793, -21.744295980763], [-41.35006596446, -21.74502440190801], [-41.350615031832, -21.746081027022], [-41.35037241729499, -21.746155288044022], [-41.350451432999, -21.746426796519003], [-41.349896891587, -21.746645075838003], [-41.349497727576, -21.746635009005004], [-41.34844506710701, -21.743713441249], [-41.347632321803, -21.74145769656201], [-41.348675234105, -21.741067572144985], [-41.348675234105, -21.741067572144985]]]}}, {"type": "Feature", "properties": {"tipo": "regiao_cobertura", "nome": "\u00c1REA 1589"}, "geometry": {"type": "Polygon", "coordinates": [[[-41.350090513475, -21.745093522378], [-41.349742895731, -21.74401649059], [-41.34945094181501, -21.743111841824003], [-41.349309296117, -21.742643609956005], [-41.349784473944, -21.742464463472018], [-41.349830965620995, -21.742616602474996], [-41.350219410764005, -21.742487080765997], [-41.350542655975, -21.74344306738702], [-41.35087346186301, -21.743337875939005], [-41.351037154848, -21.743745764289997], [-41.352318749437, -21.743340539798993], [-41.352960446069005, -21.74515739725001], [-41.352591168508994, -21.745277957984], [-41.352629515885994, -21.74538083420198], [-41.352040587065, -21.745628636675008], [-41.352040587065, -21.745628636675008], [-41.35152300173, -21.745780180623996], [-41.350628628128, -21.746084727688], [-41.350421380004, -21.745701312666], [-41.350090513475, -21.745093522378], [-41.350090513475, -21.745093522378]]]}}, {"type": "Feature", "properties": {"tipo": "regiao_cobertura", "nome": "\u00c1REA 1603"}, "geometry": {"type": "Polygon", "coordinates": [[[-41.340643681253006, -21.741829657858005], [-41.340664261608, -21.741661638748], [-41.341221488202, -21.74155530674699], [-41.342445769738, -21.741342347002004], [-41.343280790313, -21.741498874301982], [-41.343777465354, -21.742792705827995], [-41.34304694295301, -21.742959484462006], [-41.340397008764, -21.743213700713994], [-41.340404519283, -21.743384691000998], [-41.340296585309, -21.744046697067006], [-41.338468519203005, -21.744466737543007], [-41.338019121115, -21.744589769054997], [-41.337380637040006, -21.742996726721998], [-41.33727779898, -21.742092501124006], [-41.340643681253006, -21.741829657858005], [-41.340643681253006, -21.741829657858005]]]}}, {"type": "Feature", "properties": {"tipo": "regiao_cobertura", "nome": "\u00c1REA 1584"}, "geometry": {"type": "Polygon", "coordinates": [[[-41.350152000749, -21.740155209815], [-41.351269260255, -21.738328655139], [-41.352688374777, -21.73949422405302], [-41.353194577371, -21.738964610832014], [-41.354404359746, -21.739963810638002], [-41.353462754537, -21.740950073471993], [-41.352675908456, -21.741782263556004], [-41.351775118193, -21.741176121262], [-41.351576233413994, -21.741387884435994], [-41.350152000749, -21.740155209815], [-41.350152000749, -21.740155209815]]]}}, {"type": "Feature", "properties": {"tipo": "regiao_cobertura", "nome": "\u00c1REA 1602"}, "geometry": {"type": "Polygon", "coordinates": [[[-41.343783906467, -21.742791972614], [-41.343369100641, -21.741728922321002], [-41.343296496142, -21.74157996872802], [-41.343273988861, -21.741533793315], [-41.34519685945099, -21.739973577089003], [-41.346134068414, -21.739766854224], [-41.34872202725, -21.741057705054004], [-41.346864389054005, -21.741729876584998], [-41.34670467248001, -21.741363045629996], [-41.34442834184299, -21.742096340562], [-41.344578406521, -21.742515590750003], [-41.343783906467, -21.742791972614], [-41.343783906467, -21.742791972614]]]}}, {"type": "Feature", "properties": {"tipo": "regiao_cobertura", "nome": "\u00c1REA 1601"}, "geometry": {"type": "Polygon", "coordinates": [[[-41.346864389054005, -21.741729876584998], [-41.344898469524, -21.742406836052993], [-41.344774204074, -21.742449687621004], [-41.344578406521, -21.742515590750003], [-41.34442834184299, -21.742096340562], [-41.34670467248001, -21.741363045629996], [-41.346864389054005, -21.741729876584998], [-41.346864389054005, -21.741729876584998]]]}}, {"type": "Feature", "properties": {"tipo": "regiao_cobertura", "nome": "\u00c1REA 1588"}, "geometry": {"type": "Polygon", "coordinates": [[[-41.351602193857, -21.741363978753995], [-41.35232204679, -21.743311161915017], [-41.35232204679, -21.743311161915017], [-41.352318749437, -21.743340539798993], [-41.352318749437, -21.743340539798993], [-41.351037154848, -21.743745764289997], [-41.35087346186301, -21.743337875939005], [-41.350542655975, -21.74344306738702], [-41.350219410764005, -21.742487080765997], [-41.349830965620995, -21.742616602474996], [-41.349784473944, -21.742464463472018], [-41.34927179456499, -21.742652166734004], [-41.348987707419, -21.741859654399008], [-41.34867490251201, -21.7410740671], [-41.349241240893, -21.740923942115998], [-41.349837245642995, -21.740522562580992], [-41.350115743027, -21.740157042236987], [-41.350115743027, -21.740157042236987], [-41.351602193857, -21.741363978753995], [-41.351602193857, -21.741363978753995]]]}}, {"type": "Feature", "properties": {"tipo": "regiao_cobertura", "nome": "\u00c1REA 1610"}, "geometry": {"type": "Polygon", "coordinates": [[[-41.34078050541401, -21.749329399744], [-41.338736570876, -21.750067414389022], [-41.337534962539, -21.75037751425002], [-41.336905155363, -21.74954525074699], [-41.336872984207, -21.748926555637993], [-41.337650297577, -21.748680621915], [-41.33808415600999, -21.74848975510301], [-41.338046692042, -21.748244758354005], [-41.338628678386, -21.747899327029003], [-41.338863272892, -21.747881824452023], [-41.339318163472, -21.747716405050994], [-41.339318163472, -21.747716405050994], [-41.338999047582, -21.747174170833006], [-41.338911299829, -21.746940740512002], [-41.34087876067199, -21.746348020208004], [-41.341253995744, -21.74678115520601], [-41.341253995744, -21.74678115520601], [-41.34146257508599, -21.747176664981993], [-41.34146257508599, -21.747176664981993], [-41.340151271186, -21.747583985218995], [-41.34078050541401, -21.749329399744], [-41.34078050541401, -21.749329399744]]]}}, {"type": "Feature", "properties": {"tipo": "regiao_cobertura", "nome": "\u00c1REA 1600"}, "geometry": {"type": "Polygon", "coordinates": [[[-41.347653456073004, -21.749597365834006], [-41.346787373286, -21.749874430927008], [-41.346663066342, -21.749799882507006], [-41.345647512571, -21.750215579731005], [-41.34476503531799, -21.748096522329007], [-41.345508424784, -21.747844236223003], [-41.34507692501, -21.746828901108003], [-41.344905969849, -21.746877131225006], [-41.344830011456, -21.74666240673801], [-41.344983251354, -21.746608482542996], [-41.344969186918, -21.746576257667996], [-41.344274950264, -21.744549426855983], [-41.34574145995, -21.74401333549301], [-41.347653456073004, -21.749597365834006], [-41.347653456073004, -21.749597365834006]]]}}, {"type": "Feature", "properties": {"tipo": "regiao_cobertura", "nome": "\u00c1REA 1599"}, "geometry": {"type": "Polygon", "coordinates": [[[-41.348397177379, -21.749344571020004], [-41.347653456073004, -21.749597365834006], [-41.34574145995, -21.74401333549301], [-41.34574145995, -21.74401333549301], [-41.345664533448996, -21.744041456484], [-41.344274950264, -21.744549426855983], [-41.344538087781, -21.74531766281801], [-41.344402781983, -21.74535255144201], [-41.343492932822, -21.745681164331998], [-41.343329452494, -21.744737491207985], [-41.342541248748, -21.744993158008015], [-41.342533894719, -21.74431929562101], [-41.343176030991, -21.744132354317998], [-41.342951341095, -21.74298128966001], [-41.343777465354, -21.742792705827995], [-41.344593564407, -21.74251055790002], [-41.344774204074, -21.742449687621004], [-41.345373324727, -21.743623167148996], [-41.346270628934, -21.743546837305004], [-41.348397177379, -21.749344571020004], [-41.348397177379, -21.749344571020004]]]}}, {"type": "Feature", "properties": {"tipo": "regiao_cobertura", "nome": "\u00c1REA 1598"}, "geometry": {"type": "Polygon", "coordinates": [[[-41.34649271790501, -21.741857075962983], [-41.34912821105999, -21.749087043591004], [-41.34839446214599, -21.749350051305], [-41.346277428713, -21.743548559049017], [-41.345373324727, -21.743623167148996], [-41.344774204074, -21.742449687621004], [-41.34649271790501, -21.741857075962983], [-41.34649271790501, -21.741857075962983], [-41.34649271790501, -21.741857075962983]]]}}, {"type": "Feature", "properties": {"tipo": "regiao_cobertura", "nome": "\u00c1REA 1605"}, "geometry": {"type": "Polygon", "coordinates": [[[-41.344538087781, -21.74531766281801], [-41.344983251354, -21.746608482542996], [-41.344830011456, -21.74666240673801], [-41.344905969849, -21.746877131225006], [-41.34507692501, -21.746828901108003], [-41.345508424784, -21.747844236223003], [-41.34217365880599, -21.749029238915995], [-41.34162490268, -21.747301942720995], [-41.34107059448, -21.746523642235005], [-41.344442661440006, -21.745350851829002], [-41.344538087781, -21.74531766281801], [-41.344538087781, -21.74531766281801]]]}}, {"type": "Feature", "properties": {"tipo": "regiao_cobertura", "nome": "\u00c1REA 1597"}, "geometry": {"type": "Polygon", "coordinates": [[[-41.346939908433, -21.741706561632], [-41.347004014708, -21.741685590247002], [-41.347632321803, -21.74145769656201], [-41.34885970682, -21.744864244872005], [-41.349497727576, -21.746635009005004], [-41.349899513345996, -21.746651754385994], [-41.349955217899, -21.746848207417983], [-41.349975067245, -21.746876271436022], [-41.35066836506001, -21.748627268139003], [-41.349139876962006, -21.749098606491998], [-41.348930321719, -21.748532536816], [-41.34649271790501, -21.741857075962983], [-41.346939908433, -21.741706561632], [-41.346939908433, -21.741706561632]]]}}, {"type": "Feature", "properties": {"tipo": "regiao_cobertura", "nome": "\u00c1REA 1590"}, "geometry": {"type": "Polygon", "coordinates": [[[-41.35341785368, -21.747527617060996], [-41.353405875732, -21.747606109489993], [-41.353451254167, -21.747707415118], [-41.35063874102201, -21.748616539203994], [-41.350621258764, -21.748549128983], [-41.350578886977, -21.74839229733101], [-41.349957289881, -21.746823443988006], [-41.349921439849, -21.746732371806004], [-41.349893587565994, -21.746634145242], [-41.350438952444, -21.746418876996984], [-41.350360141698, -21.746145517168003], [-41.352068772861, -21.745608715008984], [-41.352068772861, -21.745608715008984], [-41.352068772861, -21.745608715008984], [-41.352629515885994, -21.74538083420198], [-41.352760775531, -21.745701086103992], [-41.35341785368, -21.747527617060996], [-41.35341785368, -21.747527617060996]]]}}, {"type": "Feature", "properties": {"tipo": "regiao_cobertura", "nome": "\u00c1REA 1612"}, "geometry": {"type": "Polygon", "coordinates": [[[-41.338214120521, -21.746545048393997], [-41.339149966601, -21.74643610252801], [-41.339327445999, -21.746815371875996], [-41.338911299829, -21.746940740512002], [-41.339007670219, -21.747197109119995], [-41.339318163472, -21.747716405050994], [-41.338863272892, -21.747881824452023], [-41.338628678386, -21.747899327029003], [-41.338049189495, -21.748240021368005], [-41.338078063773, -21.748489303911], [-41.337643452679, -21.748681966046007], [-41.336544836918, -21.748998674069995], [-41.336219871363994, -21.74837291076099], [-41.335568311697, -21.746480308496004], [-41.335223891575, -21.745661512905997], [-41.335539467288, -21.745036870945], [-41.336478556157, -21.744546095920995], [-41.336624541136004, -21.74487212969801], [-41.337179348954, -21.744692705675007], [-41.337516946328, -21.745624051000007], [-41.337855421279, -21.746604767765007], [-41.338214120521, -21.746545048393997], [-41.338214120521, -21.746545048393997], [-41.338214120521, -21.746545048393997]]]}}, {"type": "Feature", "properties": {"tipo": "regiao_cobertura", "nome": "\u00c1REA 1053"}, "geometry": {"type": "Polygon", "coordinates": [[[-41.339844179790994, -21.755340089437993], [-41.33973689143, -21.755374965795994], [-41.33943111960299, -21.754483124844995], [-41.339527679127, -21.754448248271018], [-41.339844179790994, -21.755340089437993], [-41.339844179790994, -21.755340089437993]]]}}, {"type": "Feature", "properties": {"tipo": "regiao_cobertura", "nome": "\u00c1REA 1052"}, "geometry": {"type": "Polygon", "coordinates": [[[-41.339844179790994, -21.755340089437993], [-41.339970243614, -21.755297739564], [-41.339643014115, -21.754408389318], [-41.339527679127, -21.754448248271018], [-41.339844179790994, -21.755340089437993], [-41.339844179790994, -21.755340089437993]]]}}, {"type": "Feature", "properties": {"tipo": "regiao_cobertura", "nome": "\u00c1REA 1608"}, "geometry": {"type": "Polygon", "coordinates": [[[-41.341865517054, -21.751031188425998], [-41.342109397074, -21.750799806070006], [-41.34236860079001, -21.751451777298996], [-41.343704300309, -21.751120001108006], [-41.34393744761899, -21.75147012607499], [-41.343936863201, -21.752008086462], [-41.344727789819, -21.752039468499007], [-41.344068974203, -21.75275269777002], [-41.343127014478995, -21.753800900686997], [-41.342437348605, -21.753798392573998], [-41.34159076323801, -21.753586725429003], [-41.33919054441, -21.751890856749995], [-41.33820551781799, -21.750824568385], [-41.339242806572, -21.75045598125699], [-41.339426538249, -21.750913183408997], [-41.339757148894996, -21.75092917933698], [-41.341865517054, -21.751031188425998], [-41.341865517054, -21.751031188425998]]]}}, {"type": "Feature", "properties": {"tipo": "regiao_cobertura", "nome": "\u00c1REA 1609"}, "geometry": {"type": "Polygon", "coordinates": [[[-41.348028452841, -21.756410263129], [-41.347378834372996, -21.757314829395995], [-41.347378834372996, -21.757314829395995], [-41.342452373073, -21.754257748255995], [-41.342779665545, -21.753799637480995], [-41.343127014478995, -21.753800900686997], [-41.344079787984, -21.753683540786994], [-41.345116242172, -21.753772205324992], [-41.345945362664, -21.754222122902007], [-41.346618978376, -21.754752965784007], [-41.34757731635799, -21.755559944049992], [-41.348028452841, -21.756410263129], [-41.348028452841, -21.756410263129], [-41.348028452841, -21.756410263129]]]}}, {"type": "Feature", "properties": {"tipo": "regiao_cobertura", "nome": "\u00c1REA 1595"}, "geometry": {"type": "Polygon", "coordinates": [[[-41.346778670171, -21.749890323734988], [-41.349656175625, -21.748926758867995], [-41.35006717795, -21.749857168667006], [-41.350387002836, -21.749752554899004], [-41.351410236338, -21.752244121147], [-41.347925408328, -21.75231214819], [-41.346778670171, -21.749890323734988], [-41.346778670171, -21.749890323734988], [-41.346778670171, -21.749890323734988]]]}}, {"type": "Feature", "properties": {"tipo": "regiao_cobertura", "nome": "\u00c1REA 1594"}, "geometry": {"type": "Polygon", "coordinates": [[[-41.349656175625, -21.748926758867995], [-41.353197100158, -21.747803955349], [-41.354066665923995, -21.750105948965995], [-41.351359359128, -21.751010046771995], [-41.35187773878701, -21.752062330246005], [-41.351410236338, -21.752244121147], [-41.350387002836, -21.749752554899004], [-41.35006717795, -21.749857168667006], [-41.349656175625, -21.748926758867995], [-41.349656175625, -21.748926758867995], [-41.349656175625, -21.748926758867995]]]}}, {"type": "Feature", "properties": {"tipo": "regiao_cobertura", "nome": "\u00c1REA 1606"}, "geometry": {"type": "Polygon", "coordinates": [[[-41.343976156771, -21.751493318315], [-41.34370538177299, -21.751134532060007], [-41.34235203162099, -21.751437776326995], [-41.342284048961, -21.751224334526995], [-41.341621658546, -21.749582777581992], [-41.34197161954, -21.74935718105999], [-41.344833464865, -21.74822171723399], [-41.345926552247, -21.750839693171002], [-41.344724687292995, -21.752013324595993], [-41.34471249494, -21.752049582192996], [-41.343938740522, -21.751979420058007], [-41.343976156771, -21.751493318315], [-41.343976156771, -21.751493318315]]]}}, {"type": "Feature", "properties": {"tipo": "regiao_cobertura", "nome": "\u00c1REA 1607"}, "geometry": {"type": "Polygon", "coordinates": [[[-41.34211203633, -21.750788115782], [-41.341870210441, -21.751034769114], [-41.33942142438, -21.750900882721993], [-41.33923168207801, -21.750453837029994], [-41.338496910545, -21.750704546452994], [-41.338296348912, -21.750196117833], [-41.338657274899, -21.750095204335977], [-41.34079111952801, -21.749312117962006], [-41.340181115273005, -21.747584235459], [-41.341524371385994, -21.747177939625004], [-41.341635962415, -21.747396975917], [-41.34222649152, -21.749231484904996], [-41.341612073798, -21.749584713228003], [-41.34211203633, -21.750788115782], [-41.34211203633, -21.750788115782]]]}}, {"type": "Feature", "properties": {"tipo": "regiao_cobertura", "nome": "\u00c1REA 1573"}, "geometry": {"type": "Polygon", "coordinates": [[[-41.363211739539, -21.743602223717005], [-41.363214471268, -21.743608945719004], [-41.363214471268, -21.743608945719004], [-41.36336830644301, -21.743386290399997], [-41.363417189904, -21.743372871852998], [-41.363417189904, -21.743372871852998], [-41.36750950965099, -21.746263619253995], [-41.367318329899, -21.746486869357994], [-41.366755599421, -21.7472209557], [-41.365221775576, -21.746055608383003], [-41.362902896676, -21.744253040092005], [-41.363211739539, -21.743602223717005], [-41.363211739539, -21.743602223717005]]]}}, {"type": "Feature", "properties": {"tipo": "regiao_cobertura", "nome": "\u00c1REA 1574"}, "geometry": {"type": "Polygon", "coordinates": [[[-41.368340130183, -21.745476102216003], [-41.367666196956, -21.746374299435004], [-41.365529169648, -21.744864746892006], [-41.365303617013, -21.744705420182015], [-41.36330677870399, -21.743294878391012], [-41.364056198469, -21.742459924252998], [-41.368057842096, -21.74523956902], [-41.368340130183, -21.745476102216003], [-41.368340130183, -21.745476102216003]]]}}, {"type": "Feature", "properties": {"tipo": "regiao_cobertura", "nome": "\u00c1REA 1579"}, "geometry": {"type": "Polygon", "coordinates": [[[-41.35849242696099, -21.744094863854997], [-41.358641051391, -21.744284499645005], [-41.358547232192, -21.744387519054982], [-41.357324157431, -21.745653075742013], [-41.35764962736099, -21.745934826796002], [-41.35764962736099, -21.745934826796002], [-41.357078480093, -21.746509977830996], [-41.35583995508, -21.745488822385994], [-41.354635476085, -21.74453042842198], [-41.355202694691, -21.74392072537003], [-41.355640657558, -21.744225923445995], [-41.356961509114, -21.742886907236993], [-41.356961509114, -21.742886907236993], [-41.356961509114, -21.742886907236993], [-41.35754578795801, -21.743377714556004], [-41.357875798979, -21.742878675087], [-41.358814236409, -21.743666814275002], [-41.358846723867, -21.743704232892995], [-41.35849242696099, -21.744094863854997], [-41.35849242696099, -21.744094863854997]]]}}, {"type": "Feature", "properties": {"tipo": "regiao_cobertura", "nome": "\u00c1REA 1575"}, "geometry": {"type": "Polygon", "coordinates": [[[-41.360128888698, -21.745586220399005], [-41.359912916265, -21.745374449210004], [-41.359865370168, -21.74531838340802], [-41.358816331966, -21.744431726708], [-41.35861409804001, -21.744251611804984], [-41.358495746918, -21.744083374664], [-41.358551389707, -21.74402558768699], [-41.358665687551, -21.743906885317003], [-41.358848456569, -21.743697392967988], [-41.358614979829, -21.743496217361994], [-41.358922963977, -21.74318238658401], [-41.360597562915, -21.744637362934995], [-41.362739301825, -21.742304306635006], [-41.36289307361, -21.742422301459996], [-41.362696148438, -21.742626610114996], [-41.363473468975, -21.743095847106986], [-41.363287246088, -21.743294232056016], [-41.363287246088, -21.743294232056016], [-41.363026710966, -21.743526677793994], [-41.360925025533994, -21.746313778634004], [-41.360128888698, -21.745586220399005], [-41.360128888698, -21.745586220399005], [-41.360128888698, -21.745586220399005]]]}}, {"type": "Feature", "properties": {"tipo": "regiao_cobertura", "nome": "\u00c1REA 1580"}, "geometry": {"type": "Polygon", "coordinates": [[[-41.356329613747, -21.741755724361], [-41.356792124395, -21.742744619964014], [-41.356961509114, -21.742886907236993], [-41.356961509114, -21.742886907236993], [-41.355642960165994, -21.744199488344023], [-41.3551962765, -21.743896391587], [-41.354733335153995, -21.744394323644002], [-41.353569505203, -21.744961083259994], [-41.353569505203, -21.744961083259994], [-41.352960446069005, -21.74515739725001], [-41.35235780065601, -21.743397415955982], [-41.354060248446, -21.742755504236], [-41.356329613747, -21.741755724361], [-41.356329613747, -21.741755724361]]]}}, {"type": "Feature", "properties": {"tipo": "regiao_cobertura", "nome": "\u00c1REA 1583"}, "geometry": {"type": "Polygon", "coordinates": [[[-41.354484627063, -21.742515277861017], [-41.352286343915004, -21.743307035325003], [-41.352130261004994, -21.742740067881996], [-41.351613854264, -21.741355063331], [-41.351782924603995, -21.741183802639], [-41.352691830691, -21.741777184803993], [-41.353691819344, -21.740697550367997], [-41.354876590659, -21.741585487197995], [-41.355214551620996, -21.74156325540301], [-41.355699366841, -21.74199657336999], [-41.354484627063, -21.742515277861017], [-41.354484627063, -21.742515277861017]]]}}, {"type": "Feature", "properties": {"tipo": "regiao_cobertura", "nome": "\u00c1REA 1576"}, "geometry": {"type": "Polygon", "coordinates": [[[-41.360599520621, -21.744609457937997], [-41.358913867445, -21.743187617077993], [-41.358614979829, -21.743496217361994], [-41.357852409808, -21.742879291850997], [-41.358355433681, -21.742087721868998], [-41.359618686489, -21.741351694976004], [-41.36027174688899, -21.741896940402015], [-41.36070468485, -21.74148683254799], [-41.361981728691, -21.742200215853003], [-41.362514883753, -21.74253756348], [-41.361352649264, -21.743832381226], [-41.360599520621, -21.744609457937997], [-41.360599520621, -21.744609457937997]]]}}, {"type": "Feature", "properties": {"tipo": "regiao_cobertura", "nome": "\u00c1REA 1577"}, "geometry": {"type": "Polygon", "coordinates": [[[-41.362900464572, -21.74242464667502], [-41.362750773573, -21.742306198048], [-41.362514883753, -21.74253756348], [-41.362235040805, -21.742347543547993], [-41.36169265786201, -21.742027355215995], [-41.360700750186, -21.74148356332698], [-41.360274298307, -21.741886612228996], [-41.359626364978, -21.741353383920995], [-41.358355433681, -21.742087721868998], [-41.35754578795801, -21.743377714556004], [-41.356792124395, -21.742744619964014], [-41.356329613747, -21.741755724361], [-41.357484285929, -21.741306976504006], [-41.35993442871, -21.74035475673199], [-41.361705007917, -21.741277624454014], [-41.364051727899, -21.742463545330992], [-41.363489985707, -21.743097888731], [-41.36270301137, -21.742626784935], [-41.362900464572, -21.74242464667502], [-41.362900464572, -21.74242464667502]]]}}, {"type": "Feature", "properties": {"tipo": "regiao_cobertura", "nome": "\u00c1REA 1569"}, "geometry": {"type": "Polygon", "coordinates": [[[-41.361098824287, -21.74762011481701], [-41.36310876044001, -21.749091941548002], [-41.362713693245006, -21.749553864283982], [-41.363975653238, -21.750520193005002], [-41.36359412713401, -21.750856175813], [-41.36311449471301, -21.75091044057301], [-41.362646137448, -21.750776260153017], [-41.36092620711799, -21.749468973453006], [-41.36041214965701, -21.748852705805987], [-41.361098824287, -21.74762011481701], [-41.361098824287, -21.74762011481701]]]}}, {"type": "Feature", "properties": {"tipo": "regiao_cobertura", "nome": "\u00c1REA 1593"}, "geometry": {"type": "Polygon", "coordinates": [[[-41.353204936421, -21.747772135830004], [-41.35522366560101, -21.747179069634996], [-41.356117795737, -21.749577431636013], [-41.354297282526005, -21.750700692213], [-41.353204936421, -21.747772135830004], [-41.353204936421, -21.747772135830004]]]}}, {"type": "Feature", "properties": {"tipo": "regiao_cobertura", "nome": "\u00c1REA 1570"}, "geometry": {"type": "Polygon", "coordinates": [[[-41.361659884965995, -21.746507452244998], [-41.362572686832, -21.747183787753997], [-41.365133765203, -21.749091291605993], [-41.363972964694, -21.750504601789004], [-41.362713693245006, -21.749553864283982], [-41.363117748311, -21.74909372559199], [-41.361067488066, -21.747601998731014], [-41.361659884965995, -21.746507452244998], [-41.361659884965995, -21.746507452244998]]]}}, {"type": "Feature", "properties": {"tipo": "regiao_cobertura", "nome": "\u00c1REA 1592"}, "geometry": {"type": "Polygon", "coordinates": [[[-41.356893253756, -21.746638533379013], [-41.357214576514, -21.746395171239996], [-41.35742798029, -21.74617941282], [-41.35913455448, -21.747629964096987], [-41.358859877827, -21.747835874342016], [-41.356116164904, -21.749544516929006], [-41.356085936838, -21.749469328326995], [-41.355838679997, -21.748775873915022], [-41.35557934109, -21.748097504651994], [-41.355223477728, -21.747166645018012], [-41.356815989142, -21.746662970437015], [-41.356893253756, -21.746638533379013], [-41.356893253756, -21.746638533379013]]]}}, {"type": "Feature", "properties": {"tipo": "regiao_cobertura", "nome": "\u00c1REA 1571"}, "geometry": {"type": "Polygon", "coordinates": [[[-41.36473952976701, -21.74728311894502], [-41.365914398576, -21.748171400293003], [-41.365368329438, -21.748809751869018], [-41.365124170375, -21.749095171443003], [-41.363854635393, -21.748135846398014], [-41.36268302743, -21.74726068685399], [-41.361655519100005, -21.746498667837002], [-41.362145808419996, -21.745619247847003], [-41.362255253681994, -21.745414882551998], [-41.362578391704, -21.745667623429014], [-41.36361048582799, -21.74645372222801], [-41.36473952976701, -21.74728311894502], [-41.36473952976701, -21.74728311894502]]]}}, {"type": "Feature", "properties": {"tipo": "regiao_cobertura", "nome": "\u00c1REA 1572"}, "geometry": {"type": "Polygon", "coordinates": [[[-41.365255911143, -21.746080355524015], [-41.36566861551599, -21.746393181996012], [-41.366761650699, -21.74722041675099], [-41.36592076496999, -21.748178000264005], [-41.364788897394, -21.747321394016012], [-41.363619448372, -21.746461607431996], [-41.362259552265, -21.745418457395004], [-41.36246222038, -21.74505202666799], [-41.36291597266899, -21.744256284518997], [-41.365255911143, -21.746080355524015], [-41.365255911143, -21.746080355524015]]]}}, {"type": "Feature", "properties": {"tipo": "regiao_cobertura", "nome": "\u00c1REA 1591"}, "geometry": {"type": "Polygon", "coordinates": [[[-41.355177222209996, -21.744966020936005], [-41.357066802753, -21.746500929329002], [-41.356914924047, -21.746619564933], [-41.356845340482, -21.746521020583998], [-41.353471445800004, -21.74773538605899], [-41.353412657994, -21.747600405781], [-41.35341839730499, -21.747519412879996], [-41.352743502691006, -21.745686631254998], [-41.352591168508994, -21.745277957984], [-41.352960446069005, -21.74515739725001], [-41.353577626739, -21.74496212533799], [-41.354187735610004, -21.74466001891301], [-41.354573027726, -21.744472389972017], [-41.355177222209996, -21.744966020936005], [-41.355177222209996, -21.744966020936005]]]}}, {"type": "Feature", "properties": {"tipo": "regiao_cobertura", "nome": "\u00c1REA 1578"}, "geometry": {"type": "Polygon", "coordinates": [[[-41.360863177452, -21.746248219539012], [-41.360877888776, -21.746418873489006], [-41.359605000199, -21.748015325967003], [-41.357412714214, -21.746175403137002], [-41.35764962736099, -21.745934826796002], [-41.357331219117, -21.745655750428995], [-41.358630742761, -21.744280213676006], [-41.359865370168, -21.74531838340802], [-41.359893569929, -21.74536402454399], [-41.360863177452, -21.746248219539012], [-41.360863177452, -21.746248219539012]]]}}, {"type": "Feature", "properties": {"tipo": "regiao_cobertura", "nome": "INSTALA\u00c7\u00c3O M\u00c1XIMA DE AT\u00c9 70M"}, "geometry": {"type": "Polygon", "coordinates": [[[-41.381658976274, -21.77613064309601], [-41.381658976274, -21.77613064309601], [-41.381658976274, -21.77613064309601], [-41.381658976274, -21.77613064309601], [-41.381658976274, -21.77613064309601]]]}}, {"type": "Feature", "properties": {"tipo": "regiao_cobertura", "nome": "\u00c1REA 1621 (CONDOM\u00cdNIO ATHENAS PARK RESIDENCE)"}, "geometry": {"type": "Polygon", "coordinates": [[[-41.362843307864, -21.762309753585], [-41.361607207745, -21.763471849539982], [-41.361531724243, -21.763620056461008], [-41.355988127644, -21.75865437752101], [-41.356995332453, -21.757671896457992], [-41.356795471555, -21.756915120813986], [-41.362843307864, -21.762309753585], [-41.362843307864, -21.762309753585]]]}}, {"type": "Feature", "properties": {"tipo": "regiao_cobertura", "nome": "\u00c1REA 1517"}, "geometry": {"type": "Polygon", "coordinates": [[[-41.351458782154, -21.767068013206], [-41.350888573137, -21.76790823422799], [-41.349987642891, -21.767431638874015], [-41.350506191841, -21.76655857797701], [-41.35066686058299, -21.76625895210401], [-41.349095881136, -21.765464138058007], [-41.351013440665, -21.763689316161006], [-41.354176092345, -21.765847643165998], [-41.354819652902, -21.766286832080993], [-41.353844384786, -21.767940333829003], [-41.35066686058299, -21.76625895210401], [-41.35066686058299, -21.76625895210401], [-41.35066686058299, -21.76625895210401], [-41.350506191841, -21.76655857797701], [-41.350506191841, -21.76655857797701], [-41.351458782154, -21.767068013206], [-41.351458782154, -21.767068013206]]]}}, {"type": "Feature", "properties": {"tipo": "regiao_cobertura", "nome": "\u00c1REA 1620 (CONDOM\u00cdNIO ATHENAS PARK RESIDENCE)"}, "geometry": {"type": "Polygon", "coordinates": [[[-41.363714595984, -21.761500622730992], [-41.362849203733, -21.762306015687997], [-41.356745980695, -21.75687675588999], [-41.35665490514799, -21.756442991616993], [-41.357097006537, -21.755597179663], [-41.363714595984, -21.761500622730992], [-41.363714595984, -21.761500622730992]]]}}, {"type": "Feature", "properties": {"tipo": "regiao_cobertura", "nome": "INSTALA\u00c7\u00c3O M\u00c1XIMA DE AT\u00c9 70M"}, "geometry": {"type": "Polygon", "coordinates": [[[-41.353372120573, -21.735361220317998], [-41.356644415571, -21.737852713934984], [-41.359466099454, -21.740423890054984], [-41.35950901479901, -21.74058334132299], [-41.363875651075, -21.742795709399985], [-41.364111685468, -21.742526639426003], [-41.36821010084301, -21.745346866327992], [-41.368521237088, -21.746173989512002], [-41.367480539991, -21.746383260887995], [-41.363779091551, -21.750708134394998], [-41.363328480436, -21.750907434181997], [-41.36288859815801, -21.750887504215996], [-41.36236288519, -21.750598519394003], [-41.360925221158, -21.749422644120997], [-41.360474610044, -21.74884466799898], [-41.359026217176, -21.747688708778995], [-41.358500504209, -21.747868082371994], [-41.35401332630399, -21.751116698662003], [-41.35300481571401, -21.751694665639008], [-41.3518997456, -21.752013542974993], [-41.351116540569, -21.752033472785016], [-41.35032260669999, -21.752172981377996], [-41.348842027324, -21.752282595177007], [-41.34584868206301, -21.752172981377996], [-41.345430257457, -21.751375787594], [-41.344807984965, -21.751913893883], [-41.344647052424, -21.752302524948988], [-41.34434664501401, -21.752222805841996], [-41.34329521908, -21.75353816545399], [-41.343080642359, -21.753847073917996], [-41.344282271998, -21.75385703869601], [-41.344979646342, -21.753876968249998], [-41.345537545816995, -21.754106157924], [-41.346975209849, -21.755162418650002], [-41.34743654980001, -21.755630758183003], [-41.348026635783, -21.756437892942003], [-41.347415092128, -21.75726495224798], [-41.343928220408, -21.755092665822986], [-41.344947459834, -21.753896897802022], [-41.343091371196, -21.753827144360002], [-41.342211606639, -21.753747426098997], [-41.34140694393499, -21.753438517419994], [-41.33888566745999, -21.751704630565996], [-41.337748410838, -21.750668274404006], [-41.336922290462006, -21.749801316868997], [-41.336643340723, -21.750389254159984], [-41.333274486201, -21.747738534799993], [-41.33092487110401, -21.745865064542997], [-41.33224451794, -21.743792260467004], [-41.332544925349005, -21.742038325964998], [-41.333263757365, -21.74079262084301], [-41.333993318217, -21.740154815639997], [-41.334658506053, -21.739935569447994], [-41.33569920315, -21.740264438611007], [-41.335988881725, -21.741380595006987], [-41.336342933314, -21.741878876312], [-41.337705495494, -21.742217706613005], [-41.339228990213996, -21.742058257159], [-41.342945138096, -21.741078512567995], [-41.34453381927901, -21.740461834449988], [-41.346754688344, -21.73835905486], [-41.350883774795, -21.732021101704007], [-41.351248555221, -21.732120764594995], [-41.353844933547, -21.734871433086], [-41.353372120573, -21.735361220317998], [-41.353372120573, -21.735361220317998]]]}}, {"type": "Feature", "properties": {"tipo": "regiao_cobertura", "nome": "\u00c1REA 1619 (CONDOM\u00cdNIO ROYAL BOULEVARD)"}, "geometry": {"type": "Polygon", "coordinates": [[[-41.357413693764, -21.754745406950008], [-41.356805914078, -21.75452565520699], [-41.356397632795, -21.754254189712], [-41.35603574515999, -21.753913776822003], [-41.355655292304995, -21.753194160327993], [-41.35561558627699, -21.752841605645997], [-41.355626514904, -21.752551405337996], [-41.35631509246699, -21.752709208233], [-41.356887410649, -21.752671824489994], [-41.35737924795501, -21.75273826112999], [-41.358147021939, -21.753026924202004], [-41.359819980075, -21.749997890293997], [-41.360534352245, -21.750489079554], [-41.360945610164, -21.750854418418], [-41.361144663571, -21.751078322265002], [-41.36142064866501, -21.751429269623998], [-41.361586748346994, -21.751751363165994], [-41.361735372215, -21.752240332832997], [-41.36066974242, -21.753021164527], [-41.359876299347, -21.753530831838006], [-41.357413693764, -21.754745406950008], [-41.357413693764, -21.754745406950008]]]}}, {"type": "Feature", "properties": {"tipo": "regiao_cobertura", "nome": "\u00c1REA 1617 (CONDOM\u00cdNIO ROYAL BOULEVARD)"}, "geometry": {"type": "Polygon", "coordinates": [[[-41.351962639324, -21.752475719269995], [-41.353270790794, -21.752134854638996], [-41.355450293134, -21.75057671786101], [-41.355816516844, -21.750994605282997], [-41.356367584295, -21.750897415240004], [-41.35757296234, -21.750788978856008], [-41.357300931119, -21.751469269661996], [-41.357066992873, -21.75142915351499], [-41.356917017171, -21.751429156363002], [-41.35666589622101, -21.751458315856993], [-41.356460117601, -21.751519868657994], [-41.356039599826, -21.751812191474002], [-41.355877345671004, -21.752013131222], [-41.355711242409996, -21.752350673493012], [-41.355657157539, -21.752438585061995], [-41.355616596037, -21.752708597316996], [-41.355616598035, -21.752896977234997], [-41.35563688334, -21.75318582582399], [-41.356007098394, -21.753873477810984], [-41.35639367966499, -21.754247876706998], [-41.356789910608, -21.754524865576997], [-41.357411949131, -21.754746451007023], [-41.355175535804996, -21.755845191233988], [-41.353510671501, -21.754280429641994], [-41.35332136940799, -21.754167401117982], [-41.353152348972, -21.75416740054], [-41.352084128757, -21.75440601032598], [-41.35119848249499, -21.752528468078992], [-41.351962639324, -21.752475719269995], [-41.351962639324, -21.752475719269995]]]}}, {"type": "Feature", "properties": {"tipo": "regiao_cobertura", "nome": "\u00c1REA 1618 (CONDOM\u00cdNIO ROYAL BOULEVARD)"}, "geometry": {"type": "Polygon", "coordinates": [[[-41.358151395037005, -21.753022014026], [-41.35738775261, -21.752741182134002], [-41.356880372193, -21.752665029545014], [-41.356337118563, -21.752707879137006], [-41.355650358713, -21.752550804739982], [-41.355670858089, -21.752436561829995], [-41.355880980897, -21.75201767047102], [-41.356024479207, -21.751822504896978], [-41.356419100582, -21.75152737412199], [-41.356844473568, -21.75143692609001], [-41.357075098152, -21.75143692215302], [-41.357290348628, -21.75147499888199], [-41.35758758308901, -21.750780015787996], [-41.355834840414, -21.750970446549005], [-41.355450456287, -21.750570595385994], [-41.35863630802199, -21.748364579591993], [-41.358959172262, -21.748236046939], [-41.35916929416301, -21.748269361732], [-41.359323043566, -21.748340759091008], [-41.35947166936201, -21.748445477244005], [-41.35986117924101, -21.74890719556099], [-41.360358322589995, -21.749516470483996], [-41.360050850851, -21.750125774580994], [-41.359809972034, -21.749987739927008], [-41.358151395037005, -21.753022014026], [-41.358151395037005, -21.753022014026]]]}}, {"type": "Feature", "properties": {"tipo": "regiao_cobertura", "nome": "\u00c1REA 1518"}, "geometry": {"type": "Polygon", "coordinates": [[[-41.329216189975, -21.775605421739982], [-41.330048168354004, -21.77536131558], [-41.330202265859, -21.775712565378996], [-41.332609397218, -21.774948142940005], [-41.33347254514201, -21.77750609935201], [-41.33210098174101, -21.778009337000995], [-41.331661915871, -21.776750116539006], [-41.330189409761, -21.777239636641], [-41.33063568354001, -21.778406959283004], [-41.329816119547004, -21.778667105989996], [-41.329521992246, -21.777814054624017], [-41.329661640057, -21.777770587857987], [-41.32948640152999, -21.777270484354005], [-41.329827418148994, -21.777154800904], [-41.329453448026, -21.77615718443799], [-41.32915449916799, -21.77626922291502], [-41.329103608319, -21.776127207536007], [-41.329393602671, -21.776018009446005], [-41.329216189975, -21.775605421739982], [-41.329216189975, -21.775605421739982], [-41.329216189975, -21.775605421739982]]]}}, {"type": "Feature", "properties": {"tipo": "regiao_cobertura", "nome": "\u00c1REA 1478"}, "geometry": {"type": "Polygon", "coordinates": [[[-41.323727951121, -21.773661888256], [-41.324903192029, -21.777119432253997], [-41.326635598976, -21.77646165236898], [-41.326598841102, -21.776054886808993], [-41.326592683632, -21.774767896968], [-41.328666031305, -21.774072371323996], [-41.32809678145401, -21.772212327694007], [-41.323727951121, -21.773661888256], [-41.323727951121, -21.773661888256]]]}}, {"type": "Feature", "properties": {"tipo": "regiao_cobertura", "nome": "\u00c1REA 1503"}, "geometry": {"type": "Polygon", "coordinates": [[[-41.332169144365, -21.784313351576998], [-41.330421374047, -21.784835381579], [-41.329689104562, -21.785095899507013], [-41.329862449103004, -21.785941855345996], [-41.329502333682996, -21.786091460704995], [-41.329687962125, -21.786761935179], [-41.330188787738, -21.78647596789901], [-41.331139159124, -21.787825598395997], [-41.332933012882, -21.786604159777], [-41.332897290234996, -21.786179140694998], [-41.33247395545699, -21.78522135352401], [-41.332169144365, -21.784313351576998], [-41.332169144365, -21.784313351576998]]]}}, {"type": "Feature", "properties": {"tipo": "regiao_cobertura", "nome": "\u00c1REA 1508"}, "geometry": {"type": "Polygon", "coordinates": [[[-41.328880684636, -21.782580295177], [-41.329566893552, -21.784684447207], [-41.32708598913499, -21.785415902688], [-41.322285882298, -21.786450888461005], [-41.322149466732, -21.785598689921997], [-41.322104271228, -21.785322310975985], [-41.32356088244, -21.78494051627301], [-41.323327416467, -21.78390789733001], [-41.326190961996005, -21.783387028123002], [-41.326548559448995, -21.783532965283996], [-41.32701250928, -21.783384587277], [-41.32703652661, -21.783086343961997], [-41.328880684636, -21.782580295177], [-41.328880684636, -21.782580295177]]]}}, {"type": "Feature", "properties": {"tipo": "regiao_cobertura", "nome": "\u00c1REA 1501"}, "geometry": {"type": "Polygon", "coordinates": [[[-41.33381371909601, -21.778096165733004], [-41.331723985021, -21.778713495625], [-41.33201553369701, -21.779568964453006], [-41.333310336365, -21.77918140573398], [-41.333310336365, -21.77918140573398], [-41.33491220663501, -21.78348483808699], [-41.333417591931, -21.783926235108993], [-41.332169144365, -21.784313351576998], [-41.33247051716901, -21.78521357443502], [-41.332897290234996, -21.786179140694998], [-41.332897290234996, -21.786179140694998], [-41.332897290234996, -21.786179140694998], [-41.335274788228, -21.784973112013006], [-41.335274788228, -21.784973112013006], [-41.33612863408301, -21.784878636621997], [-41.33381371909601, -21.778096165733004], [-41.33381371909601, -21.778096165733004]]]}}, {"type": "Feature", "properties": {"tipo": "regiao_cobertura", "nome": "\u00c1REA 1500"}, "geometry": {"type": "Polygon", "coordinates": [[[-41.33387762880301, -21.780753025444], [-41.33491220663501, -21.78348483808699], [-41.3303914306, -21.784819931909993], [-41.330306053278, -21.784460449166005], [-41.329566893552, -21.784684447207], [-41.328861036747995, -21.78244997554701], [-41.329903191586, -21.782097450078], [-41.33387762880301, -21.780753025444], [-41.33387762880301, -21.780753025444]]]}}, {"type": "Feature", "properties": {"tipo": "regiao_cobertura", "nome": "\u00c1REA 1495"}, "geometry": {"type": "Polygon", "coordinates": [[[-41.327420762975, -21.779335798439007], [-41.327680503009006, -21.779573579607003], [-41.327856454537, -21.779914159575995], [-41.328276384193, -21.779783794083002], [-41.328639579660994, -21.780801675101998], [-41.328113109614, -21.780993236387005], [-41.328880684636, -21.782580295177], [-41.328880684636, -21.782580295177], [-41.32703652661, -21.783086343961997], [-41.32701250928, -21.783384587277], [-41.326548559448995, -21.783532965283996], [-41.326190961996005, -21.783387028123002], [-41.324636424892994, -21.78364946888101], [-41.324226442691995, -21.781744286275], [-41.323681888295006, -21.780539760677996], [-41.327420762975, -21.779335798439007], [-41.327420762975, -21.779335798439007]]]}}, {"type": "Feature", "properties": {"tipo": "regiao_cobertura", "nome": "\u00c1REA 1494"}, "geometry": {"type": "Polygon", "coordinates": [[[-41.331723985021, -21.778713495625], [-41.331723985021, -21.778713495625], [-41.33201553369701, -21.779568964453006], [-41.333310336365, -21.77918140573398], [-41.33387762880301, -21.780753025444], [-41.328861036747995, -21.78244997554701], [-41.328113109614, -21.780993236387005], [-41.328639579660994, -21.780801675101998], [-41.328423460299994, -21.78019598615799], [-41.328276384193, -21.779783794083002], [-41.331723985021, -21.778713495625], [-41.331723985021, -21.778713495625], [-41.331723985021, -21.778713495625]]]}}, {"type": "Feature", "properties": {"tipo": "regiao_cobertura", "nome": "\u00c1REA 1493"}, "geometry": {"type": "Polygon", "coordinates": [[[-41.331661915871, -21.776750116539006], [-41.33210098174101, -21.778009337000995], [-41.33347254514201, -21.77750609935201], [-41.33381371909601, -21.778096165733004], [-41.33299860805799, -21.778317790288], [-41.327856454537, -21.779914159575995], [-41.327680503009006, -21.779573579607003], [-41.327420762975, -21.779335798439007], [-41.327420762975, -21.779335798439007], [-41.325930823323, -21.779820984423992], [-41.32554867366, -21.778939871484], [-41.327739647083, -21.778171696651], [-41.32792237186501, -21.778601589809], [-41.329616444114, -21.778085926577006], [-41.329816119547004, -21.778667105989996], [-41.33063568354001, -21.778406959283004], [-41.33063568354001, -21.778406959283004], [-41.330189409761, -21.777239636641], [-41.331661915871, -21.776750116539006], [-41.331661915871, -21.776750116539006]]]}}, {"type": "Feature", "properties": {"tipo": "regiao_cobertura", "nome": "\u00c1REA 1492"}, "geometry": {"type": "Polygon", "coordinates": [[[-41.32948640152999, -21.777270484354005], [-41.329661640057, -21.777770587857987], [-41.329521992246, -21.777814054624017], [-41.329616444114, -21.778085926577006], [-41.32792237186501, -21.778601589809], [-41.327739647083, -21.778171696651], [-41.32554867366, -21.778939871484], [-41.325448934722, -21.778975349554997], [-41.325326033744005, -21.77871104486499], [-41.325443853333, -21.778664058212], [-41.324903192029, -21.777119432253997], [-41.326635598976, -21.77646165236898], [-41.326592683632, -21.774767896968], [-41.328667497236, -21.774077700431008], [-41.328853585047, -21.774754184789998], [-41.329216189975, -21.775605421739982], [-41.329393602671, -21.776018009446005], [-41.329103608319, -21.776127207536007], [-41.32915449916799, -21.77626922291502], [-41.329453448026, -21.77615718443799], [-41.329827418148994, -21.777154800904], [-41.329827418148994, -21.777154800904], [-41.32948640152999, -21.777270484354005], [-41.32948640152999, -21.777270484354005]]]}}, {"type": "Feature", "properties": {"tipo": "regiao_cobertura", "nome": "\u00c1REA 1504"}, "geometry": {"type": "Polygon", "coordinates": [[[-41.332933012882, -21.786604159777], [-41.33314658029399, -21.786458740605013], [-41.333589401374994, -21.787064934899007], [-41.329114456298, -21.790198679775003], [-41.32832068593499, -21.789254797064004], [-41.328700048542, -21.789007506337], [-41.328949569065, -21.788699711355022], [-41.329032265814, -21.788642146086005], [-41.32921135116601, -21.788919972795014], [-41.329925578429, -21.788473604551996], [-41.330013018351, -21.788418957418997], [-41.330057466909, -21.788320924947], [-41.330240253228, -21.787917784174], [-41.328975398937004, -21.78695237288902], [-41.329687962125, -21.786761935179], [-41.330188787738, -21.78647596789901], [-41.330188787738, -21.78647596789901], [-41.331139159124, -21.787825598395997], [-41.332933012882, -21.786604159777], [-41.332933012882, -21.786604159777]]]}}, {"type": "Feature", "properties": {"tipo": "regiao_cobertura", "nome": "INSTALA\u00c7\u00c3O M\u00c1XIMA AT\u00c9 80M"}, "geometry": {"type": "Polygon", "coordinates": [[[-41.329202734962, -21.765329138473987], [-41.324455225006, -21.76677889044501], [-41.31924101068, -21.768358156852003], [-41.31842561914, -21.768726815907996], [-41.317250811592004, -21.769499004104006], [-41.316553437248, -21.769867660228996], [-41.31619938565801, -21.770061951588005], [-41.315652215019, -21.770251260866004], [-41.314627611175, -21.770535224314003], [-41.31425746633099, -21.77065976950898], [-41.313946330085, -21.77082915079899], [-41.313377701774, -21.77122769422499], [-41.312143885627, -21.771920160792988], [-41.310105406776, -21.773608968117998], [-41.30903252317, -21.77541233333801], [-41.30851753904, -21.77598023923798], [-41.308088385597, -21.776448510833006], [-41.30997666074399, -21.778655344678995], [-41.310325347915, -21.778485972629994], [-41.316699808671, -21.79042271643101], [-41.321838921144, -21.795740490328], [-41.32361990793, -21.794385669820997], [-41.325186317993996, -21.797035527367015], [-41.327932900025, -21.79613896450998], [-41.324864452913, -21.790062112833], [-41.32690293176401, -21.789603847996005], [-41.328254765107005, -21.791018486905003], [-41.330829685762, -21.788846711575985], [-41.335679119661, -21.78571850028399], [-41.337224072053, -21.790161735430004], [-41.33784634454501, -21.789962490166985], [-41.336773460939, -21.787272652007005], [-41.342760151459, -21.788647464484], [-41.340099400117, -21.785658724881998], [-41.335700577333, -21.784562838081015], [-41.329202734962, -21.765329138473987], [-41.329202734962, -21.765329138473987]]]}}, {"type": "Feature", "properties": {"tipo": "regiao_cobertura", "nome": "\u00c1REA 1514"}, "geometry": {"type": "Polygon", "coordinates": [[[-41.350132686127004, -21.801896818772008], [-41.35027330788301, -21.802097387055], [-41.35278571728201, -21.800495723028007], [-41.354837786664, -21.801280763633997], [-41.353773290721, -21.80198588309098], [-41.35348724331201, -21.801593979808004], [-41.350366482477, -21.803711134759], [-41.349853489598004, -21.803447924119], [-41.349577805783994, -21.803194206174993], [-41.349918358969, -21.802977756027005], [-41.349390623884, -21.802327206775004], [-41.350132686127004, -21.801896818772008], [-41.350132686127004, -21.801896818772008]]]}}, {"type": "Feature", "properties": {"tipo": "regiao_cobertura", "nome": "\u00c1REA 1513"}, "geometry": {"type": "Polygon", "coordinates": [[[-41.322503747421, -21.792953129859995], [-41.324153703605994, -21.796112018271003], [-41.324701726446, -21.796246246983998], [-41.324840349114, -21.795833086407995], [-41.32551626578599, -21.797158007922988], [-41.327865880883, -21.79630129315501], [-41.327669455588, -21.79576599958601], [-41.32610638252, -21.791506278544006], [-41.324934242754, -21.79197071798602], [-41.324034729501, -21.792259908844997], [-41.322503747421, -21.792953129859995], [-41.322503747421, -21.792953129859995]]]}}, {"type": "Feature", "properties": {"tipo": "regiao_cobertura", "nome": "\u00c1REA 1506"}, "geometry": {"type": "Polygon", "coordinates": [[[-41.328300541041, -21.787547740945996], [-41.328949569065, -21.788699711355022], [-41.328700048542, -21.789007506337], [-41.32832068593499, -21.789254797064004], [-41.329114456298, -21.790198679775003], [-41.328352562542, -21.790927647737988], [-41.327239301924, -21.790100846799987], [-41.326729347486, -21.789722110165002], [-41.326645268634, -21.789063301116997], [-41.32715727001099, -21.788865407662996], [-41.326870582463, -21.787480653604007], [-41.32760552984201, -21.787247888091002], [-41.32774472012299, -21.78770326161799], [-41.328300541041, -21.787547740945996], [-41.328300541041, -21.787547740945996]]]}}, {"type": "Feature", "properties": {"tipo": "regiao_cobertura", "nome": "\u00c1REA 1507"}, "geometry": {"type": "Polygon", "coordinates": [[[-41.32708598913499, -21.785415902688], [-41.324843670147, -21.785936268003], [-41.32493291600701, -21.786359460887], [-41.325264660191, -21.786531318483995], [-41.325967336536, -21.790081945558995], [-41.326729347486, -21.789722110165002], [-41.326645268634, -21.789063301116997], [-41.32715727001099, -21.788865407662996], [-41.326870582463, -21.787480653604007], [-41.32760552984201, -21.787247888091002], [-41.327305248865, -21.786446595990995], [-41.32708598913499, -21.785415902688], [-41.32708598913499, -21.785415902688]]]}}, {"type": "Feature", "properties": {"tipo": "regiao_cobertura", "nome": "\u00c1REA 1502"}, "geometry": {"type": "Polygon", "coordinates": [[[-41.332897290234996, -21.786179140694998], [-41.332951854042, -21.786557088113], [-41.33314658029399, -21.786458740605013], [-41.333589401374994, -21.787064934899007], [-41.335575394257, -21.78574857684498], [-41.33681993924, -21.789185619858003], [-41.337592415436, -21.78897641089999], [-41.336583904845995, -21.786346329376002], [-41.338525824174, -21.786804604628998], [-41.33834343396, -21.787691263457006], [-41.342634968384, -21.788667578070005], [-41.342806629761, -21.788269083112993], [-41.3398132845, -21.785280335620996], [-41.336024314433004, -21.784572997319017], [-41.33612863408301, -21.784878636621997], [-41.335274788228, -21.784973112013006], [-41.332897290234996, -21.786179140694998], [-41.332897290234996, -21.786179140694998]]]}}, {"type": "Feature", "properties": {"tipo": "regiao_cobertura", "nome": "\u00c1REA 1505"}, "geometry": {"type": "Polygon", "coordinates": [[[-41.330306053278, -21.784460449166005], [-41.3303914306, -21.784819931909993], [-41.329689104562, -21.785095899507013], [-41.329862449103004, -21.785941855345996], [-41.329502333682996, -21.786091460704995], [-41.329687962125, -21.786761935179], [-41.328975398937004, -21.78695237288902], [-41.330240253228, -21.787917784174], [-41.330013018351, -21.788418957418997], [-41.32921135116601, -21.788919972795014], [-41.329032265814, -21.788642146086005], [-41.328949569065, -21.788699711355022], [-41.328300541041, -21.787547740945996], [-41.32774472012299, -21.78770326161799], [-41.32760552984201, -21.787247888091002], [-41.327305248865, -21.786446595990995], [-41.327117231883, -21.78544492019101], [-41.330306053278, -21.784460449166005], [-41.330306053278, -21.784460449166005]]]}}, {"type": "Feature", "properties": {"tipo": "regiao_cobertura", "nome": "\u00c1REA 1673"}, "geometry": {"type": "Polygon", "coordinates": [[[-41.38596654491, -21.784011731958998], [-41.385391833083, -21.784360696945], [-41.385178466438, -21.784525552112], [-41.385009978118, -21.784740016751], [-41.384691892878, -21.785145049899015], [-41.384464690199, -21.785364249279], [-41.384301132493, -21.785093981388002], [-41.384529811019, -21.784787489839005], [-41.383148853145, -21.781811637976006], [-41.38301418737, -21.781521440882003], [-41.38386506310201, -21.78075989734701], [-41.384562682098, -21.780467715251007], [-41.38596654491, -21.784011731958998], [-41.38596654491, -21.784011731958998]]]}}, {"type": "Feature", "properties": {"tipo": "regiao_cobertura", "nome": "\u00c1REA 1671"}, "geometry": {"type": "Polygon", "coordinates": [[[-41.38301418737, -21.781521440882003], [-41.384529811019, -21.784787489839005], [-41.384301132493, -21.785093981388002], [-41.384023825534, -21.785116417295], [-41.383721347954, -21.78499327953402], [-41.383888164194, -21.784729477550982], [-41.38356955702, -21.784514741796002], [-41.383407377702, -21.784108658443003], [-41.383066569932, -21.784200190575007], [-41.382653681832, -21.784100312060005], [-41.38191999021701, -21.78250038946102], [-41.38301418737, -21.781521440882003], [-41.38301418737, -21.781521440882003]]]}}, {"type": "Feature", "properties": {"tipo": "regiao_cobertura", "nome": "\u00c1REA 1669"}, "geometry": {"type": "Polygon", "coordinates": [[[-41.38365660406801, -21.778158898049995], [-41.384286325382995, -21.779728827493003], [-41.383438100236, -21.780247730132004], [-41.38289504382699, -21.780747200579995], [-41.38258380632101, -21.781033457234003], [-41.38209231368399, -21.780570410492984], [-41.37981279199499, -21.782709446780004], [-41.37933498330699, -21.782252478914018], [-41.38365660406801, -21.778158898049995], [-41.38365660406801, -21.778158898049995]]]}}, {"type": "Feature", "properties": {"tipo": "regiao_cobertura", "nome": "\u00c1REA 1670"}, "geometry": {"type": "Polygon", "coordinates": [[[-41.382587312533, -21.781037975892005], [-41.38346001183, -21.780232001456994], [-41.384279629527, -21.779726478453995], [-41.384562682098, -21.780467715251007], [-41.38386506310201, -21.78075989734701], [-41.380690756281, -21.783598963808004], [-41.37982098625999, -21.782711438014005], [-41.38209231368399, -21.780570410492984], [-41.382087531254, -21.78057285228401], [-41.382587312533, -21.781037975892005], [-41.382587312533, -21.781037975892005]]]}}, {"type": "Feature", "properties": {"tipo": "regiao_cobertura", "nome": "\u00c1REA 1668"}, "geometry": {"type": "Polygon", "coordinates": [[[-41.383421317836, -21.777531746503996], [-41.38365660406801, -21.778158898049995], [-41.37934316831199, -21.782251700377998], [-41.37837619452, -21.781279546470003], [-41.38002729968099, -21.779728105613998], [-41.380552646621, -21.780192308571998], [-41.380993923085, -21.779779483685004], [-41.383421317836, -21.777531746503996], [-41.383421317836, -21.777531746503996], [-41.383421317836, -21.777531746503996]]]}}, {"type": "Feature", "properties": {"tipo": "regiao_cobertura", "nome": "\u00c1REA 1667"}, "geometry": {"type": "Polygon", "coordinates": [[[-41.382863786759, -21.776282991101994], [-41.383416882317, -21.777524660403998], [-41.380568492899, -21.780175388415017], [-41.380568492899, -21.780175388415017], [-41.380058915139, -21.779697087705017], [-41.37837619452, -21.781279546470003], [-41.37791893388701, -21.78083319078], [-41.381337774116, -21.777693044470993], [-41.381337774116, -21.777693044470993], [-41.382863786759, -21.776282991101994], [-41.382863786759, -21.776282991101994]]]}}, {"type": "Feature", "properties": {"tipo": "regiao_cobertura", "nome": "\u00c1REA 1666"}, "geometry": {"type": "Polygon", "coordinates": [[[-41.38015928779901, -21.778794549240985], [-41.378534334627, -21.780264023833013], [-41.376719831611, -21.778554773100993], [-41.37783697776501, -21.777544453190004], [-41.37827675566499, -21.777950677660996], [-41.378778633429995, -21.777501714823998], [-41.38015928779901, -21.778794549240985], [-41.38015928779901, -21.778794549240985]]]}}, {"type": "Feature", "properties": {"tipo": "regiao_cobertura", "nome": "\u00c1REA 1665"}, "geometry": {"type": "Polygon", "coordinates": [[[-41.379877399411995, -21.776469714581992], [-41.38034286973801, -21.77691111120798], [-41.38163871131201, -21.77574904485799], [-41.382135236525, -21.776948018024015], [-41.382067503653, -21.777011297372], [-41.381690315924, -21.777363684007], [-41.380163167181, -21.778790409813], [-41.379639547974, -21.778303037395006], [-41.378778633429995, -21.777501714823998], [-41.379877399411995, -21.776469714581992], [-41.379877399411995, -21.776469714581992]]]}}, {"type": "Feature", "properties": {"tipo": "regiao_cobertura", "nome": "\u00c1REA 1676"}, "geometry": {"type": "Polygon", "coordinates": [[[-41.391862377115004, -21.79994854535701], [-41.390344271235, -21.800537206572002], [-41.388687315799, -21.796786021543], [-41.390205712053, -21.796198419476], [-41.391862377115004, -21.79994854535701], [-41.391862377115004, -21.79994854535701]]]}}, {"type": "Feature", "properties": {"tipo": "regiao_cobertura", "nome": "\u00c1REA 1677"}, "geometry": {"type": "Polygon", "coordinates": [[[-41.389241282338, -21.798041861406006], [-41.387167163423996, -21.798853097565996], [-41.386978314358, -21.798427504179003], [-41.386092699983, -21.79876942140301], [-41.38627400785901, -21.799212535915018], [-41.385663316823, -21.79945581596799], [-41.385346996782, -21.79915943891899], [-41.38525608979501, -21.799022855821008], [-41.3852562992, -21.798454224901988], [-41.385436928582, -21.798049759579015], [-41.388693919786, -21.79679368311899], [-41.389241282338, -21.798041861406006], [-41.389241282338, -21.798041861406006]]]}}, {"type": "Feature", "properties": {"tipo": "regiao_cobertura", "nome": "\u00c1REA 1675"}, "geometry": {"type": "Polygon", "coordinates": [[[-41.390182902555, -21.789615681057], [-41.390407943147, -21.789847229470993], [-41.389092238487, -21.790935976625008], [-41.38752211764001, -21.78920815787498], [-41.388813160324005, -21.788136985907983], [-41.38926847196701, -21.788616821191994], [-41.389396168877, -21.78849126501602], [-41.39031852679, -21.789510784599003], [-41.390182902555, -21.789615681057], [-41.390182902555, -21.789615681057]]]}}, {"type": "Feature", "properties": {"tipo": "regiao_cobertura", "nome": "\u00c1REA 1678"}, "geometry": {"type": "Polygon", "coordinates": [[[-41.389840206911, -21.799407570962998], [-41.38778589906201, -21.800162857207], [-41.387599696285, -21.799720135769007], [-41.386508514216, -21.800152222175996], [-41.385962570811, -21.799751256484996], [-41.38566158690001, -21.799461067419998], [-41.386269229784, -21.79921900281998], [-41.386092699983, -21.79876942140301], [-41.386092699983, -21.79876942140301], [-41.386092699983, -21.79876942140301], [-41.38697411413, -21.798430634747007], [-41.387167163423996, -21.798853097565996], [-41.387748590795, -21.798627266717006], [-41.387851411018, -21.79858733051701], [-41.388116379306, -21.798484414656016], [-41.38836556173, -21.798387630086992], [-41.389247859334, -21.798047024163992], [-41.389840206911, -21.799407570962998], [-41.389840206911, -21.799407570962998], [-41.389840206911, -21.799407570962998]]]}}, {"type": "Feature", "properties": {"tipo": "regiao_cobertura", "nome": "INSTALA\u00c7\u00c3O M\u00c1XIMA AT\u00c9 70M"}, "geometry": {"type": "Polygon", "coordinates": [[[-41.387603271472, -21.789170991096], [-41.389148223864, -21.79078487867301], [-41.391572940814, -21.788872121031005], [-41.391143787371995, -21.788453701894], [-41.39238833235499, -21.78743753604701], [-41.39118670271599, -21.786301812752995], [-41.39007090376601, -21.78731798665099], [-41.387603271472, -21.789170991096], [-41.387603271472, -21.789170991096]]]}}, {"type": "Feature", "properties": {"tipo": "regiao_cobertura", "nome": "INSTALA\u00c7\u00c3O M\u00c1XIMA AT\u00c9 70M"}, "geometry": {"type": "Polygon", "coordinates": [[[-41.381658976274, -21.77613064309601], [-41.382163231569, -21.77696755207799], [-41.382989351945, -21.77663876698898], [-41.385920222553, -21.783927541018002], [-41.385345868411, -21.784297246915997], [-41.384766511264, -21.78492489336199], [-41.384391002001, -21.785303472428993], [-41.38371508533, -21.785233734255982], [-41.383403949084, -21.785114183020013], [-41.383285931887, -21.786000852304994], [-41.38309281283801, -21.786050665022998], [-41.378071717562, -21.780978534493002], [-41.378769091906, -21.780360833708002], [-41.377513818087, -21.77922505435299], [-41.376591138186, -21.779384462525], [-41.376891545596, -21.778298490848], [-41.377803496660995, -21.777551257854995], [-41.378318480790995, -21.777939819496993], [-41.379616669955006, -21.776694425895997], [-41.380238942446, -21.77715273199901], [-41.381658976274, -21.77613064309601], [-41.381658976274, -21.77613064309601]]]}}, {"type": "Feature", "properties": {"tipo": "regiao_cobertura", "nome": "\u00c1REA 1672"}, "geometry": {"type": "Polygon", "coordinates": [[[-41.380690756281, -21.783598963808004], [-41.38191999021701, -21.78250038946102], [-41.38191999021701, -21.78250038946102], [-41.38191999021701, -21.78250038946102], [-41.382653681832, -21.784100312060005], [-41.382653681832, -21.784100312060005], [-41.38306545182299, -21.784205103831994], [-41.383407377702, -21.784108658443003], [-41.383574287633, -21.784527032993992], [-41.383565974573, -21.784519667438985], [-41.383893450278, -21.784728016679992], [-41.383893450278, -21.784728016679992], [-41.383714831583994, -21.784996324107993], [-41.384023825534, -21.785116417295], [-41.384301132493, -21.785093981388002], [-41.384464690199, -21.785364249279], [-41.384216196984, -21.785421024430008], [-41.38397965821899, -21.785383375997995], [-41.38381252357, -21.785296244888997], [-41.383526643154, -21.785140508970002], [-41.383469911617, -21.785122007254998], [-41.383401885454, -21.785151353502016], [-41.383353218847, -21.78520111700199], [-41.383290101862, -21.786012971204997], [-41.383301139477, -21.786160267377], [-41.383040660658004, -21.786607580343997], [-41.382485803406, -21.786288272468994], [-41.382873302006, -21.785810948752], [-41.381058922498006, -21.783972098419014], [-41.380690756281, -21.783598963808004], [-41.380690756281, -21.783598963808004], [-41.380690756281, -21.783598963808004]]]}}, {"type": "Feature", "properties": {"tipo": "regiao_cobertura", "nome": "\u00c1REA 1674"}, "geometry": {"type": "Polygon", "coordinates": [[[-41.388821079238, -21.78813086678599], [-41.390056586872, -21.78737843276099], [-41.3905193156, -21.786985995905013], [-41.391253252087, -21.786300758124], [-41.39236512326, -21.78749799560302], [-41.391179905938, -21.788452946201005], [-41.391552907733, -21.788909808550997], [-41.39042063949199, -21.789851804891995], [-41.390182902555, -21.789615681057], [-41.390317490533, -21.789504628556003], [-41.38939965661, -21.788495658124006], [-41.389268880812, -21.788611126036017], [-41.388821079238, -21.78813086678599], [-41.388821079238, -21.78813086678599]]]}}, {"type": "Feature", "properties": {"tipo": "regiao_cobertura", "nome": "\u00c1REA 1681"}, "geometry": {"type": "Polygon", "coordinates": [[[-41.39002904129, -21.80957499282499], [-41.39016934107, -21.808564960095993], [-41.390378730683, -21.808630978911978], [-41.390617131694, -21.808654984978006], [-41.391165546833, -21.808571148043995], [-41.39066819675401, -21.812127841150996], [-41.38940155755299, -21.810542203458], [-41.389561156003, -21.809522862562005], [-41.39002904129, -21.80957499282499], [-41.39002904129, -21.80957499282499]]]}}, {"type": "Feature", "properties": {"tipo": "regiao_cobertura", "nome": "\u00c1REA 1680"}, "geometry": {"type": "Polygon", "coordinates": [[[-41.389046136163, -21.808162241638996], [-41.39017479793701, -21.808565522235], [-41.39002904129, -21.80957499282499], [-41.389561852003, -21.809517038996006], [-41.389400387402, -21.810535440264005], [-41.387817595782, -21.80858374936399], [-41.387990655049, -21.807739254262003], [-41.389046136163, -21.808162241638996], [-41.389046136163, -21.808162241638996]]]}}, {"type": "Feature", "properties": {"tipo": "regiao_cobertura", "nome": "INSTALA\u00c7\u00c3O M\u00c1XIMA AT\u00c9 60M"}, "geometry": {"type": "Polygon", "coordinates": [[[-41.35290041378901, -21.800406587631002], [-41.35581752577801, -21.801618448461994], [-41.35736669250501, -21.80338877438099], [-41.351380654443, -21.807068548854005], [-41.351414982268004, -21.805212032100016], [-41.351106031845006, -21.804582563873993], [-41.350917228811, -21.804271812718], [-41.35053962273901, -21.804008868904006], [-41.349913139939, -21.803729988575], [-41.349475460176, -21.803371427353994], [-41.348977706716994, -21.802471036330004], [-41.35015610414799, -21.80194019817499], [-41.35015610414799, -21.80194019817499], [-41.35290041378901, -21.800406587631002], [-41.35290041378901, -21.800406587631002]]]}}, {"type": "Feature", "properties": {"tipo": "regiao_cobertura", "nome": "INSTALA\u00c7\u00c3O M\u00c1XIMA AT\u00c9 70M"}, "geometry": {"type": "Polygon", "coordinates": [[[-41.390244471285, -21.796405876189], [-41.39170359298901, -21.799952240975983], [-41.38736914322, -21.801625775890997], [-41.386939989778, -21.800749164802994], [-41.385352122041, -21.799235005740996], [-41.385309206697, -21.798079452531994], [-41.390244471285, -21.796405876189], [-41.390244471285, -21.796405876189]]]}}, {"type": "Feature", "properties": {"tipo": "regiao_cobertura", "nome": "\u00c1REA 1522"}, "geometry": {"type": "Polygon", "coordinates": [[[-41.356096989774, -21.801675995308983], [-41.35717108039001, -21.802132175254997], [-41.351850830762, -21.805678425688996], [-41.35174837624099, -21.805084820633], [-41.351554533928, -21.804674068335004], [-41.356096989774, -21.801675995308983], [-41.356096989774, -21.801675995308983]]]}}, {"type": "Feature", "properties": {"tipo": "regiao_cobertura", "nome": "\u00c1REA 1515"}, "geometry": {"type": "Polygon", "coordinates": [[[-41.350366482477, -21.803711134759], [-41.35348724331201, -21.801593979808004], [-41.353773290721, -21.80198588309098], [-41.354837786664, -21.801280763633997], [-41.356096989774, -21.801675995308983], [-41.352092852789, -21.804318774983003], [-41.351554533928, -21.804674068335004], [-41.350992765989005, -21.804037326907007], [-41.350366482477, -21.803711134759], [-41.350366482477, -21.803711134759], [-41.350366482477, -21.803711134759], [-41.350366482477, -21.803711134759]]]}}, {"type": "Feature", "properties": {"tipo": "regiao_cobertura", "nome": "\u00c1REA 1679"}, "geometry": {"type": "Polygon", "coordinates": [[[-41.390344271235, -21.800537206572002], [-41.387214809091, -21.801738950233997], [-41.387014012421, -21.800704228952995], [-41.386761457749, -21.800368814815997], [-41.386514241749, -21.800156540425007], [-41.38760521988301, -21.799724090843], [-41.387782887921, -21.800168604600003], [-41.389844937891, -21.799416609709], [-41.390344271235, -21.800537206572002], [-41.390344271235, -21.800537206572002]]]}}, {"type": "Feature", "properties": {"tipo": "regiao_cobertura", "nome": "\u00c1REA 1523"}, "geometry": {"type": "Polygon", "coordinates": [[[-41.357172335536994, -21.802131240936006], [-41.358028843688, -21.802449860191004], [-41.353183196434, -21.805737520001003], [-41.351598532293, -21.806812661666], [-41.351851524295, -21.805674524891003], [-41.357172335536994, -21.802131240936006], [-41.357172335536994, -21.802131240936006], [-41.357172335536994, -21.802131240936006]]]}}, {"type": "Feature", "properties": {"tipo": "regiao_cobertura", "nome": "\u00c1REA 1691"}, "geometry": {"type": "Polygon", "coordinates": [[[-41.395684273495, -21.810740536454006], [-41.396180597684, -21.810766464276014], [-41.396197863476, -21.811576191932005], [-41.39619669883, -21.811521572703], [-41.396244368128, -21.811521037163985], [-41.397012745531, -21.811512404848003], [-41.39671634924, -21.814124589367992], [-41.395251154919, -21.813944386558006], [-41.395330218788, -21.813318223525997], [-41.396208739624, -21.813411880342002], [-41.396205192958, -21.812780169150997], [-41.3957647878, -21.812655035865006], [-41.395580207788, -21.81177518704702], [-41.395625371072, -21.811326161861004], [-41.395684273495, -21.810740536454006], [-41.395684273495, -21.810740536454006], [-41.395684273495, -21.810740536454006]]]}}, {"type": "Feature", "properties": {"tipo": "regiao_cobertura", "nome": "\u00c1REA 1693"}, "geometry": {"type": "Polygon", "coordinates": [[[-41.397107266625, -21.810788027098], [-41.39867658501299, -21.810969199937006], [-41.398645477709, -21.81173097446002], [-41.399309420274, -21.811805093678984], [-41.400006208194, -21.813979335317], [-41.399527366338006, -21.814027499325007], [-41.399250977955, -21.814008117833993], [-41.398973519905006, -21.813737404057022], [-41.398448960232, -21.812784304467], [-41.398023398156, -21.812437140705], [-41.396925270341, -21.812289907456005], [-41.39701940326099, -21.811513100246998], [-41.397107266625, -21.810788027098], [-41.397107266625, -21.810788027098]]]}}, {"type": "Feature", "properties": {"tipo": "regiao_cobertura", "nome": "\u00c1REA 1686"}, "geometry": {"type": "Polygon", "coordinates": [[[-41.39584096025399, -21.809116547243022], [-41.395580207788, -21.81177518704702], [-41.3957647878, -21.812655035865006], [-41.396205192958, -21.812780169150997], [-41.396208739624, -21.813411880342002], [-41.394178175944, -21.813158448436], [-41.394251077213, -21.812491393816003], [-41.394340944048, -21.811446364649996], [-41.394710545259, -21.811485508678004], [-41.394877317303, -21.810401334278993], [-41.395192463378, -21.81043740575899], [-41.395192463378, -21.81043740575899], [-41.395376464944, -21.809058567592018], [-41.39584096025399, -21.809116547243022], [-41.39584096025399, -21.809116547243022], [-41.39584096025399, -21.809116547243022]]]}}, {"type": "Feature", "properties": {"tipo": "regiao_cobertura", "nome": "\u00c1REA 1685"}, "geometry": {"type": "Polygon", "coordinates": [[[-41.394710545259, -21.811485508678004], [-41.394349767243, -21.811439468139], [-41.394340944048, -21.811446364649996], [-41.394277335553, -21.812115435964003], [-41.394178175944, -21.813158448436], [-41.39326400801, -21.813038859935006], [-41.393326585575004, -21.812430332793], [-41.392557593504, -21.812334893636006], [-41.392801417776, -21.810283357309984], [-41.393083535529, -21.810319823778997], [-41.39310674881601, -21.810176304544996], [-41.394871584145, -21.810395048226], [-41.394710545259, -21.811485508678004], [-41.394710545259, -21.811485508678004]]]}}, {"type": "Feature", "properties": {"tipo": "regiao_cobertura", "nome": "\u00c1REA 1690"}, "geometry": {"type": "Polygon", "coordinates": [[[-41.395824098246, -21.80763063412401], [-41.397336702628, -21.807402297905], [-41.396918036833, -21.81149563279301], [-41.39619669883, -21.811521572703], [-41.39619669883, -21.811521572703], [-41.39619669883, -21.811521572703], [-41.396189376849, -21.811178188368984], [-41.396180597684, -21.810766464276014], [-41.395684273495, -21.810740536454006], [-41.395836484802, -21.80910704242102], [-41.395824098246, -21.80763063412401], [-41.395824098246, -21.80763063412401]]]}}, {"type": "Feature", "properties": {"tipo": "regiao_cobertura", "nome": "\u00c1REA 1692"}, "geometry": {"type": "Polygon", "coordinates": [[[-41.397732925066, -21.806770646992007], [-41.399314743743, -21.811800741539997], [-41.398631645619, -21.811732114411996], [-41.398690031915, -21.810966717211002], [-41.397112193828, -21.810784355841008], [-41.397197543188994, -21.809756187109997], [-41.397351594313, -21.80815386980001], [-41.397446107352, -21.807380798061004], [-41.397459372235005, -21.806828346171997], [-41.397732925066, -21.806770646992007], [-41.397732925066, -21.806770646992007]]]}}, {"type": "Feature", "properties": {"tipo": "regiao_cobertura", "nome": "\u00c1REA 1684"}, "geometry": {"type": "Polygon", "coordinates": [[[-41.393325671257, -21.808420842406008], [-41.39336251400799, -21.80809322751], [-41.395832245896, -21.80762542790002], [-41.395836484802, -21.80910704242102], [-41.39583468112599, -21.809113476807], [-41.395374751546, -21.809050381294], [-41.395193625462, -21.810432294983997], [-41.393101075927, -21.810172910486003], [-41.393325671257, -21.808420842406008], [-41.393325671257, -21.808420842406008]]]}}, {"type": "Feature", "properties": {"tipo": "regiao_cobertura", "nome": "\u00c1REA 1682"}, "geometry": {"type": "Polygon", "coordinates": [[[-41.391165546833, -21.808571148043995], [-41.392548802424, -21.808324633284002], [-41.393320183176996, -21.808410301498995], [-41.393083535529, -21.810319823778997], [-41.390958179365, -21.810046862782997], [-41.391165546833, -21.808571148043995], [-41.391165546833, -21.808571148043995]]]}}, {"type": "Feature", "properties": {"tipo": "regiao_cobertura", "nome": "\u00c1REA 1704"}, "geometry": {"type": "Polygon", "coordinates": [[[-41.41973278916899, -21.831230875800998], [-41.418903495576, -21.83159953104], [-41.41835926492201, -21.83118582395001], [-41.41795230838701, -21.830966712589017], [-41.417603551982, -21.830841988743003], [-41.417154145162, -21.830803262334], [-41.416713686689995, -21.830828288942], [-41.41631055430901, -21.830941882830004], [-41.413644012169996, -21.83249250697901], [-41.411216416725004, -21.830738661926006], [-41.410416310228996, -21.830728840925005], [-41.410392563687, -21.831062314093018], [-41.411300236373, -21.83227240695102], [-41.409989119508, -21.832238354539996], [-41.410051417775, -21.83074535526501], [-41.409224554430004, -21.829475400411], [-41.409614840457, -21.829176570233003], [-41.411925626281, -21.830494988208997], [-41.411856955773, -21.830932110879004], [-41.413678279311, -21.832162760797004], [-41.41460069216, -21.830543520494004], [-41.419764733289, -21.830605606424996], [-41.41973278916899, -21.831230875800998], [-41.41973278916899, -21.831230875800998]]]}}, {"type": "Feature", "properties": {"tipo": "regiao_cobertura", "nome": "INSTALA\u00c7\u00c3O M\u00c1XIMA AT\u00c9 70M"}, "geometry": {"type": "Polygon", "coordinates": [[[-41.39781049528, -21.807126818608992], [-41.400085008525, -21.813860348019986], [-41.39892629423, -21.81405956004201], [-41.398368394755, -21.815613404306987], [-41.398282564065994, -21.816211032225013], [-41.398776090525, -21.816868420052984], [-41.39903358259, -21.81818318664999], [-41.398840463541, -21.81854175726299], [-41.396029508494, -21.816569607778007], [-41.393626249217, -21.81720707321], [-41.393068349742, -21.81521498430901], [-41.39013538753499, -21.811460847999996], [-41.388128483903, -21.808967097893998], [-41.388128483903, -21.808967097893998], [-41.387984475791, -21.808538901654998], [-41.38705740991599, -21.808587183691003], [-41.388134679496, -21.807662332880994], [-41.390591328539, -21.808559841681003], [-41.397329665968, -21.80738739595698], [-41.39781049528, -21.807126818608992], [-41.39781049528, -21.807126818608992]]]}}, {"type": "Feature", "properties": {"tipo": "regiao_cobertura", "nome": "\u00c1REA 1695"}, "geometry": {"type": "Polygon", "coordinates": [[[-41.39702632855901, -21.814268951901], [-41.398156059184, -21.815018540528], [-41.397897525555, -21.815426830936005], [-41.397905234091, -21.815807835792995], [-41.398460351892, -21.816454741843984], [-41.398831826789, -21.816740318420997], [-41.398976969767, -21.817065278396996], [-41.39899987022801, -21.817319936420006], [-41.399036803381, -21.817644353205992], [-41.399044276143, -21.817967870779], [-41.39901012578999, -21.81811453099], [-41.398878433787004, -21.818287852463], [-41.398709518331, -21.81835101694], [-41.398242604764, -21.818126748945005], [-41.398335065633006, -21.81742523678902], [-41.398317003136995, -21.817164852854006], [-41.398275171805, -21.817029967565986], [-41.398056180436, -21.816725307717007], [-41.397381755096, -21.816056321969995], [-41.397161381279, -21.815768526447997], [-41.39701517040099, -21.81551790173802], [-41.396845096468994, -21.815174015755005], [-41.396709991114, -21.814649705388007], [-41.396729904619, -21.813987752117995], [-41.396858207839, -21.812870774299], [-41.397224203292, -21.812902318317995], [-41.397224203292, -21.812902318317995], [-41.397224203292, -21.812902318317995], [-41.39702632855901, -21.814268951901], [-41.39702632855901, -21.814268951901]]]}}, {"type": "Feature", "properties": {"tipo": "regiao_cobertura", "nome": "\u00c1REA 1687"}, "geometry": {"type": "Polygon", "coordinates": [[[-41.39326400801, -21.813038859935006], [-41.394507851423, -21.813210801661015], [-41.394507851423, -21.813210801661015], [-41.395327041032, -21.81332225426], [-41.395251154919, -21.813944386558006], [-41.395469016643, -21.813976466690008], [-41.39537395943499, -21.814698713831007], [-41.394124385051, -21.814826421914006], [-41.392719797011004, -21.815027906203], [-41.392328555054, -21.81430780480798], [-41.39256258791, -21.812352872228004], [-41.393326585575004, -21.812430332793], [-41.39326400801, -21.813038859935006], [-41.39326400801, -21.813038859935006]]]}}, {"type": "Feature", "properties": {"tipo": "regiao_cobertura", "nome": "\u00c1REA 1688"}, "geometry": {"type": "Polygon", "coordinates": [[[-41.394237429331, -21.814810564221006], [-41.395664716379, -21.814674297100993], [-41.39561703414, -21.815662987042003], [-41.39623198981799, -21.815602618050008], [-41.396523459234, -21.816471424938996], [-41.39426356175999, -21.81703683797201], [-41.393696113101, -21.81717880993199], [-41.39345603757, -21.81610619597498], [-41.392725207282, -21.815027194634013], [-41.394237429331, -21.814810564221006], [-41.394237429331, -21.814810564221006]]]}}, {"type": "Feature", "properties": {"tipo": "regiao_cobertura", "nome": "\u00c1REA 1689"}, "geometry": {"type": "Polygon", "coordinates": [[[-41.395469016643, -21.813976466690008], [-41.396721980289, -21.814128515552994], [-41.396709991114, -21.814649705388007], [-41.396845096468994, -21.815174015755005], [-41.397019830765, -21.815527135498996], [-41.397148958308996, -21.815753786792015], [-41.397381755096, -21.816056321969995], [-41.397893151147, -21.816564475698], [-41.398061557459, -21.816735055241992], [-41.398275171805, -21.817029967565986], [-41.398314899555, -21.817171521126], [-41.398333586571, -21.817429642614], [-41.398238417173005, -21.818122416538003], [-41.396544087417, -21.816935663544996], [-41.396406995151, -21.816504062685993], [-41.396523459234, -21.816471424938996], [-41.396225659531, -21.815603646416008], [-41.395619849130995, -21.815658162063016], [-41.395664716379, -21.814674297100993], [-41.39537395943499, -21.814698713831007], [-41.395469016643, -21.813976466690008], [-41.395469016643, -21.813976466690008]]]}}, {"type": "Feature", "properties": {"tipo": "regiao_cobertura", "nome": "\u00c1REA 1694"}, "geometry": {"type": "Polygon", "coordinates": [[[-41.396924032397, -21.812284057877008], [-41.39801422572499, -21.812437105426994], [-41.398448960232, -21.812784304467], [-41.398973519905006, -21.813737404057022], [-41.399250977955, -21.814008117833993], [-41.398835210109, -21.81421239543303], [-41.398156059184, -21.815018540528], [-41.39702632855901, -21.814268951901], [-41.397224203292, -21.812902318317995], [-41.396858207839, -21.812870774299], [-41.396924032397, -21.812284057877008], [-41.396924032397, -21.812284057877008]]]}}, {"type": "Feature", "properties": {"tipo": "regiao_cobertura", "nome": "\u00c1REA 1683"}, "geometry": {"type": "Polygon", "coordinates": [[[-41.39279863848999, -21.810287345977002], [-41.392322397463, -21.814302370666], [-41.39066889033101, -21.812133612316998], [-41.390955598688, -21.810052329537996], [-41.39279863848999, -21.810287345977002], [-41.39279863848999, -21.810287345977002]]]}}, {"type": "Feature", "properties": {"tipo": "regiao_cobertura", "nome": "\u00c1REA 1696"}, "geometry": {"type": "Polygon", "coordinates": [[[-41.438913160631, -21.84662134613299], [-41.431225954126994, -21.848281166893003], [-41.431028900743996, -21.845094318389002], [-41.430540205687, -21.84453159262], [-41.438541814141, -21.843400415177], [-41.438913160631, -21.84662134613299], [-41.438913160631, -21.84662134613299]]]}}, {"type": "Feature", "properties": {"tipo": "regiao_cobertura", "nome": "\u00c1REA 1703"}, "geometry": {"type": "Polygon", "coordinates": [[[-41.435718605229006, -21.835257970716995], [-41.435718605229006, -21.835257970716995], [-41.434204150026, -21.835623283662002], [-41.432818469797, -21.835958516817016], [-41.432809650209, -21.835873785819004], [-41.427865518386, -21.837056916715], [-41.42795402189, -21.835975390393003], [-41.429154789335, -21.835751087015993], [-41.429689581637, -21.835434937704008], [-41.430752119776, -21.833575414435998], [-41.434261828054, -21.833536672991002], [-41.435600073708, -21.834392159824006], [-41.435718605229006, -21.835257970716995], [-41.435718605229006, -21.835257970716995]]]}}, {"type": "Feature", "properties": {"tipo": "regiao_cobertura", "nome": "\u00c1REA 1702"}, "geometry": {"type": "Polygon", "coordinates": [[[-41.444487692162994, -21.831943849796005], [-41.44452286147901, -21.833078627757004], [-41.438907436435, -21.834468304362005], [-41.439514994167, -21.836245399858015], [-41.43779814454201, -21.83668469407199], [-41.437224151813005, -21.834936875533018], [-41.436169041894, -21.83515316731298], [-41.435720653753, -21.835256946998], [-41.435610239609, -21.834380093706002], [-41.436292917714, -21.834438262361004], [-41.436713403662, -21.834335244448], [-41.43851804958, -21.833022855137003], [-41.439616015743, -21.832244792086016], [-41.440897140994004, -21.831732518506996], [-41.442212298843, -21.831540018558], [-41.442313004895, -21.832024287525996], [-41.442974181328, -21.832116347010995], [-41.444487692162994, -21.831943849796005], [-41.444487692162994, -21.831943849796005]]]}}, {"type": "Feature", "properties": {"tipo": "regiao_cobertura", "nome": "\u00c1REA 1701"}, "geometry": {"type": "Polygon", "coordinates": [[[-41.433124331873, -21.84005508279199], [-41.43140343077201, -21.839983921341997], [-41.43163556380001, -21.840963293166993], [-41.430680489842004, -21.841013116981998], [-41.430545983213, -21.839098051136006], [-41.430084275843, -21.839134193891013], [-41.429802333986, -21.837768663933005], [-41.429305366376, -21.837830546985998], [-41.42924443667, -21.836727107219005], [-41.43280733098, -21.83587627070601], [-41.432992427587, -21.837046784175996], [-41.432699046061, -21.83709922915], [-41.433124331873, -21.84005508279199], [-41.433124331873, -21.84005508279199]]]}}, {"type": "Feature", "properties": {"tipo": "regiao_cobertura", "nome": "\u00c1REA 1700"}, "geometry": {"type": "Polygon", "coordinates": [[[-41.436169041894, -21.83515316731298], [-41.436214157813, -21.840197910569998], [-41.433127304985, -21.840052321765995], [-41.43270417496701, -21.837105222540004], [-41.432989228079, -21.837049802661994], [-41.432894005824, -21.836396983263995], [-41.432829138167, -21.835952265507004], [-41.433609236746996, -21.835765621194994], [-41.434458767999, -21.835562364330016], [-41.436169041894, -21.83515316731298], [-41.436169041894, -21.83515316731298]]]}}, {"type": "Feature", "properties": {"tipo": "regiao_cobertura", "nome": "\u00c1REA 1699"}, "geometry": {"type": "Polygon", "coordinates": [[[-41.43622409955601, -21.840197372332], [-41.43625523391, -21.842196438780007], [-41.43625523391, -21.842196438780007], [-41.43081111314001, -21.842798945078997], [-41.43068377905401, -21.841013115500004], [-41.431638618959, -21.840960960453003], [-41.43141330921, -21.839986975496004], [-41.43622409955601, -21.840197372332], [-41.43622409955601, -21.840197372332], [-41.43622409955601, -21.840197372332]]]}}, {"type": "Feature", "properties": {"tipo": "regiao_cobertura", "nome": "\u00c1REA 1698"}, "geometry": {"type": "Polygon", "coordinates": [[[-41.429239154773, -21.83672821349799], [-41.429303834279, -21.837847054425993], [-41.429803056704, -21.837766359935003], [-41.430084276313, -21.839136196591], [-41.43054166953301, -21.839104060151], [-41.43082660309301, -21.842963763928992], [-41.429390991447, -21.843439403746004], [-41.428238831632, -21.841986031662998], [-41.427652708383, -21.841792717649], [-41.427426458466, -21.841398434970998], [-41.42738822175, -21.837167830129005], [-41.429239154773, -21.83672821349799], [-41.429239154773, -21.83672821349799]]]}}, {"type": "Feature", "properties": {"tipo": "regiao_cobertura", "nome": "\u00c1REA 1697"}, "geometry": {"type": "Polygon", "coordinates": [[[-41.437367988243, -21.842074861344003], [-41.437572206156, -21.843535195335008], [-41.43054540533899, -21.844531591546996], [-41.429390991447, -21.843439403746004], [-41.43083073147999, -21.842964389467994], [-41.430807888575, -21.84279809083199], [-41.431441027107, -21.842728289543004], [-41.437367988243, -21.842074861344003], [-41.437367988243, -21.842074861344003]]]}}, {"type": "Feature", "properties": {"tipo": "regiao_cobertura", "nome": "AREA 1297"}, "geometry": {"type": "Polygon", "coordinates": [[[-41.291087733842, -21.71293675580401], [-41.291274913282, -21.714501744441023], [-41.291422476493, -21.71563260095799], [-41.291266988045, -21.715649485781995], [-41.291242224417, -21.715468488667], [-41.29062346801901, -21.715527731472022], [-41.29033803448001, -21.713025312222], [-41.291087733842, -21.71293675580401], [-41.291087733842, -21.71293675580401]]]}}, {"type": "Feature", "properties": {"tipo": "regiao_cobertura", "nome": "AREA 1295"}, "geometry": {"type": "Polygon", "coordinates": [[[-41.290301747334006, -21.712717131985002], [-41.290505517748, -21.714495956213995], [-41.29007441859, -21.714535899954], [-41.290182669921, -21.715559940077], [-41.289732708925, -21.715605046587996], [-41.28939975614399, -21.71283741651999], [-41.290301747334006, -21.712717131985002], [-41.290301747334006, -21.712717131985002]]]}}, {"type": "Feature", "properties": {"tipo": "regiao_cobertura", "nome": "AREA 1299"}, "geometry": {"type": "Polygon", "coordinates": [[[-41.292312230174, -21.712474362173992], [-41.292487998646, -21.714398590613982], [-41.292545778707, -21.71534157915498], [-41.291805044152, -21.715398090102], [-41.291508694362, -21.71254491381501], [-41.292312230174, -21.712474362173992], [-41.292312230174, -21.712474362173992]]]}}, {"type": "Feature", "properties": {"tipo": "regiao_cobertura", "nome": "AREA 1291"}, "geometry": {"type": "Polygon", "coordinates": [[[-41.297386526048, -21.714066090147014], [-41.297051509377006, -21.714103280402995], [-41.297119240586, -21.715122474076992], [-41.29510649507299, -21.715322334792006], [-41.294933152501, -21.714139779554998], [-41.294867857986, -21.712240823453], [-41.292661500181, -21.712509039655004], [-41.29270188298, -21.712151168451], [-41.295723069708, -21.711711099822992], [-41.295764882599, -21.712083317300994], [-41.295272749072, -21.712163960187], [-41.295357809819, -21.713627850639014], [-41.297338602942, -21.713459298342983], [-41.297386526048, -21.714066090147014], [-41.297386526048, -21.714066090147014]]]}}, {"type": "Feature", "properties": {"tipo": "regiao_cobertura", "nome": "AREA 1293"}, "geometry": {"type": "Polygon", "coordinates": [[[-41.293568285843, -21.715462795254012], [-41.293451646156, -21.71435509911001], [-41.292492623113, -21.714403254100006], [-41.29232013741199, -21.712554694134013], [-41.29422927352401, -21.712312552856005], [-41.294396311342, -21.713902784472992], [-41.294669856016, -21.71535176889398], [-41.293568285843, -21.715462795254012], [-41.293568285843, -21.715462795254012]]]}}, {"type": "Feature", "properties": {"tipo": "regiao_cobertura", "nome": "AREA 1290"}, "geometry": {"type": "Polygon", "coordinates": [[[-41.298163644094, -21.71164698577701], [-41.29830520201, -21.7140150938], [-41.29836250494, -21.714813816130984], [-41.296959272252, -21.714980984144006], [-41.29691293664601, -21.714123931481993], [-41.297335568679, -21.714091036629], [-41.297013302812, -21.711076636795], [-41.298158265249, -21.711017686199995], [-41.298163644094, -21.71164698577701], [-41.298163644094, -21.71164698577701]]]}}, {"type": "Feature", "properties": {"tipo": "regiao_cobertura", "nome": "\u00c1REA 1337"}, "geometry": {"type": "Polygon", "coordinates": [[[-41.297463586313995, -21.685823156568006], [-41.297463586313995, -21.685823156568006], [-41.296956404555, -21.679874192601005], [-41.295883521605, -21.679973765465007], [-41.296257710652, -21.684373404813016], [-41.296257710652, -21.684373404813016], [-41.29681010269199, -21.68431513693899], [-41.296818964032, -21.684423449082004], [-41.296936897968, -21.685864947702], [-41.297463586313995, -21.685823156568006], [-41.297463586313995, -21.685823156568006], [-41.297463586313995, -21.685823156568006]]]}}, {"type": "Feature", "properties": {"tipo": "regiao_cobertura", "nome": "\u00c3\u0083\u00c2\u0081REA 1302"}, "geometry": {"type": "Polygon", "coordinates": [[[-41.29682631860501, -21.71962622575799], [-41.296878622268, -21.720006337746995], [-41.297837717231, -21.719887316997017], [-41.297929010737, -21.720587305264004], [-41.294257179522, -21.720928738253022], [-41.292618051138, -21.720393795372004], [-41.292539221455996, -21.719983871764], [-41.293157369695, -21.719900296104], [-41.29318627158699, -21.720150839783003], [-41.293947950905, -21.720027264462004], [-41.293911107465, -21.719794438292993], [-41.295537049948, -21.719602697965996], [-41.295561354189, -21.719769214552002], [-41.29682631860501, -21.71962622575799], [-41.29682631860501, -21.71962622575799]]]}}, {"type": "Feature", "properties": {"tipo": "regiao_cobertura", "nome": "\u00c1REA 1441"}, "geometry": {"type": "Polygon", "coordinates": [[[-41.294478610921, -21.719159992810006], [-41.29436162601199, -21.718101994779005], [-41.294347300395, -21.717962367623997], [-41.29262589381201, -21.71813513599801], [-41.292701337705, -21.718725238489995], [-41.290918165426, -21.71888540577801], [-41.291024915222, -21.719938712236996], [-41.291622795961, -21.720116418296996], [-41.291774484128, -21.72010148093601], [-41.292157116468, -21.720044819986995], [-41.292345484066, -21.720016926135003], [-41.293286654129, -21.719877555701004], [-41.293286654129, -21.719877555701004], [-41.293333774695, -21.720160177837997], [-41.293785831154004, -21.720101531256006], [-41.293743700421, -21.71977363075399], [-41.295425821939, -21.719576694520995], [-41.29538235394101, -21.719100187521008], [-41.294478610921, -21.719159992810006], [-41.294478610921, -21.719159992810006], [-41.294478610921, -21.719159992810006]]]}}, {"type": "Feature", "properties": {"tipo": "regiao_cobertura", "nome": "AREA 1310"}, "geometry": {"type": "Polygon", "coordinates": [[[-41.296859768111, -21.71762606996799], [-41.291312872050995, -21.71818590330099], [-41.291277615815005, -21.71754025003399], [-41.296769816546, -21.717017607299], [-41.296859768111, -21.71762606996799], [-41.296859768111, -21.71762606996799]]]}}, {"type": "Feature", "properties": {"tipo": "regiao_cobertura", "nome": "AREA 1311"}, "geometry": {"type": "Polygon", "coordinates": [[[-41.291277615815005, -21.71754025003399], [-41.291209862243, -21.716958536259], [-41.29720351066799, -21.716344636445], [-41.297257409817, -21.716967545114997], [-41.291277615815005, -21.71754025003399], [-41.291277615815005, -21.71754025003399]]]}}, {"type": "Feature", "properties": {"tipo": "regiao_cobertura", "nome": "AREA 1294"}, "geometry": {"type": "Polygon", "coordinates": [[[-41.287503126127, -21.714093930092005], [-41.28939975614399, -21.71283741651999], [-41.289898894348994, -21.717007613576], [-41.28948884986, -21.717035012132], [-41.289368779213994, -21.716028233431004], [-41.28772465908099, -21.71628248562], [-41.287503126127, -21.714093930092005], [-41.287503126127, -21.714093930092005]]]}}, {"type": "Feature", "properties": {"tipo": "regiao_cobertura", "nome": "AREA 1296"}, "geometry": {"type": "Polygon", "coordinates": [[[-41.29062346801901, -21.715527731472022], [-41.291235915003995, -21.715470983014995], [-41.291426617264996, -21.716888012286006], [-41.289898894348994, -21.717007613576], [-41.289738205992, -21.715601199166983], [-41.290187509934, -21.71556452435], [-41.29007441859, -21.714535899954], [-41.290509291202, -21.714499780568005], [-41.29062346801901, -21.715527731472022], [-41.29062346801901, -21.715527731472022]]]}}, {"type": "Feature", "properties": {"tipo": "regiao_cobertura", "nome": "AREA 1313"}, "geometry": {"type": "Polygon", "coordinates": [[[-41.29711938509001, -21.715739864304], [-41.29720351066799, -21.716344636445], [-41.291431527572, -21.716935832220997], [-41.29136592568201, -21.716326958153005], [-41.29711938509001, -21.715739864304], [-41.29711938509001, -21.715739864304]]]}}, {"type": "Feature", "properties": {"tipo": "regiao_cobertura", "nome": "AREA 1292"}, "geometry": {"type": "Polygon", "coordinates": [[[-41.293502862873, -21.71562084765401], [-41.293485516152, -21.715469583050023], [-41.294669856016, -21.71535176889398], [-41.294396311342, -21.713902784472992], [-41.294920355384996, -21.713856385691997], [-41.29493334996, -21.714132632898995], [-41.29510550965, -21.71532783226], [-41.297280794540995, -21.715108276223006], [-41.297372226572, -21.715721501839013], [-41.29136592568201, -21.716326958153005], [-41.291305200846, -21.715872258196], [-41.293502862873, -21.71562084765401], [-41.293502862873, -21.71562084765401]]]}}, {"type": "Feature", "properties": {"tipo": "regiao_cobertura", "nome": "AREA 1298"}, "geometry": {"type": "Polygon", "coordinates": [[[-41.292993114976, -21.714381826408996], [-41.293108467463, -21.715691331076997], [-41.291294505123, -21.715908992041008], [-41.291259331862, -21.715653434893], [-41.291422476493, -21.71563260095799], [-41.291087733842, -21.71293675580401], [-41.29033803448001, -21.713025312222], [-41.290302560826994, -21.712721667447], [-41.291504679882, -21.712539385580996], [-41.29181179937199, -21.715400287861], [-41.292552416395, -21.71534668078], [-41.292492623113, -21.714403254100006], [-41.292993114976, -21.714381826408996], [-41.292993114976, -21.714381826408996]]]}}, {"type": "Feature", "properties": {"tipo": "regiao_cobertura", "nome": "\u00c3\u0083\u00c2\u0081REA 1411"}, "geometry": {"type": "Polygon", "coordinates": [[[-41.298356690357, -21.736369880089], [-41.297820417286, -21.736400550580996], [-41.297381915625, -21.729460295338], [-41.29787604818701, -21.729445360219998], [-41.298356690357, -21.736369880089], [-41.298356690357, -21.736369880089]]]}}, {"type": "Feature", "properties": {"tipo": "regiao_cobertura", "nome": "\u00c3\u0083\u00c2\u0081REA 1422"}, "geometry": {"type": "Polygon", "coordinates": [[[-41.293978907294, -21.725568457712995], [-41.293170141608, -21.725602351218], [-41.293151572577, -21.724353324700004], [-41.293613131523, -21.723707467723017], [-41.29353892504599, -21.721628815931], [-41.293610628237, -21.721287552427995], [-41.293826198889, -21.721282948738022], [-41.293978907294, -21.725568457712995], [-41.293978907294, -21.725568457712995]]]}}, {"type": "Feature", "properties": {"tipo": "regiao_cobertura", "nome": "\u00c3\u0083\u00c2\u0081REA 1427"}, "geometry": {"type": "Polygon", "coordinates": [[[-41.297848880634, -21.727175550729996], [-41.29751225230301, -21.72717467218], [-41.297457111748, -21.725921058008993], [-41.296728952257, -21.725805384447995], [-41.296731536063, -21.724393509566], [-41.297490240248, -21.724383440827012], [-41.29751016547699, -21.723697718470007], [-41.29792341356699, -21.723686300484985], [-41.297848880634, -21.727175550729996], [-41.297848880634, -21.727175550729996]]]}}, {"type": "Feature", "properties": {"tipo": "regiao_cobertura", "nome": "\u00c3\u0083\u00c2\u0081REA 1421"}, "geometry": {"type": "Polygon", "coordinates": [[[-41.293826198889, -21.721282948738022], [-41.294035182, -21.721274977001002], [-41.294029343986, -21.72117472181499], [-41.294322989948, -21.721154221182005], [-41.29446412235599, -21.725157939026005], [-41.29427219916501, -21.725160284157], [-41.294288832524, -21.725561058685997], [-41.293978907294, -21.725568457712995], [-41.293826198889, -21.721282948738022], [-41.293826198889, -21.721282948738022]]]}}, {"type": "Feature", "properties": {"tipo": "regiao_cobertura", "nome": "\u00c3\u0083\u00c2\u0081REA 1420"}, "geometry": {"type": "Polygon", "coordinates": [[[-41.29446439764, -21.725163882516995], [-41.29432897284101, -21.721158257426993], [-41.294876609263, -21.721100168673004], [-41.29495616641, -21.725153768317995], [-41.29446439764, -21.725163882516995], [-41.29446439764, -21.725163882516995]]]}}, {"type": "Feature", "properties": {"tipo": "regiao_cobertura", "nome": "\u00c3\u0083\u00c2\u0081REA 1423"}, "geometry": {"type": "Polygon", "coordinates": [[[-41.295242776897, -21.725106690887998], [-41.29495616641, -21.725153768317995], [-41.294926130974, -21.723411393088995], [-41.29547554307701, -21.723390884075002], [-41.295441623191, -21.723080138689994], [-41.295935504353, -21.72302007730501], [-41.295983934, -21.723543942267], [-41.29599124198, -21.72502568098301], [-41.29553439376, -21.725017428429], [-41.295242776897, -21.725106690887998], [-41.295242776897, -21.725106690887998]]]}}, {"type": "Feature", "properties": {"tipo": "regiao_cobertura", "nome": "\u00c3\u0083\u00c2\u0081REA 1434"}, "geometry": {"type": "Polygon", "coordinates": [[[-41.290980462656, -21.720704606178998], [-41.290537078281, -21.720572235858], [-41.29023972652001, -21.721394885596], [-41.290685119634, -21.721537262181997], [-41.290398939819, -21.722397527618], [-41.290727283014995, -21.722489766672], [-41.29050940825301, -21.72287677809399], [-41.28973043017099, -21.722999297312], [-41.28895867813401, -21.72276713121998], [-41.290038261603, -21.71962306209801], [-41.29124081136, -21.719991505189995], [-41.290980462656, -21.720704606178998], [-41.290980462656, -21.720704606178998]]]}}, {"type": "Feature", "properties": {"tipo": "regiao_cobertura", "nome": "\u00c3\u0083\u00c2\u0081REA 1433"}, "geometry": {"type": "Polygon", "coordinates": [[[-41.293540596092996, -21.722041754074], [-41.291639300948, -21.721448591379], [-41.291121495795, -21.722884540682998], [-41.290515428799, -21.722868326607994], [-41.290772528803, -21.722411328063004], [-41.291587589894, -21.720089443545007], [-41.292846038384994, -21.720461105515994], [-41.293429397003, -21.720651778486], [-41.293914017732, -21.720815926325997], [-41.293892454412, -21.720981275000014], [-41.293540596092996, -21.722041754074], [-41.293540596092996, -21.722041754074]]]}}, {"type": "Feature", "properties": {"tipo": "regiao_cobertura", "nome": "\u00c3\u0083\u00c2\u0081REA 1429"}, "geometry": {"type": "Polygon", "coordinates": [[[-41.29078937768399, -21.72237469679399], [-41.290727283014995, -21.722489766672], [-41.290398939819, -21.722397527618], [-41.290685119634, -21.721537262181997], [-41.29023972652001, -21.721394885596], [-41.290537078281, -21.720572235858], [-41.290980462656, -21.720704606178998], [-41.291246813585, -21.719987649437982], [-41.291587589894, -21.720089443545007], [-41.29078937768399, -21.72237469679399], [-41.29078937768399, -21.72237469679399]]]}}, {"type": "Feature", "properties": {"tipo": "regiao_cobertura", "nome": "AREA 1426"}, "geometry": {"type": "Polygon", "coordinates": [[[-41.29797261104301, -21.724561076136], [-41.297979583976, -21.723905802299], [-41.29970117574399, -21.723732882670987], [-41.299646073518, -21.723278191410998], [-41.297848516735, -21.723453198810006], [-41.29778815225999, -21.722864968503004], [-41.298210622997, -21.722819741932], [-41.298222023467, -21.722976730501003], [-41.300054464325, -21.722801966393007], [-41.300203508508, -21.724537973875996], [-41.299682183515, -21.724563034198994], [-41.299688743475, -21.724403608253027], [-41.29797261104301, -21.724561076136], [-41.29797261104301, -21.724561076136]]]}}, {"type": "Feature", "properties": {"tipo": "regiao_cobertura", "nome": "AREA 1424"}, "geometry": {"type": "Polygon", "coordinates": [[[-41.29795611240801, -21.722999465759997], [-41.297969896453, -21.72311032587801], [-41.294954193103, -21.723397337598996], [-41.294923595557, -21.722827344346996], [-41.300620352915, -21.722153491396995], [-41.300675180508, -21.722742151044017], [-41.29795611240801, -21.722999465759997], [-41.29795611240801, -21.722999465759997]]]}}, {"type": "Feature", "properties": {"tipo": "regiao_cobertura", "nome": "AREA 1389"}, "geometry": {"type": "Polygon", "coordinates": [[[-41.302595232962, -21.721165443510998], [-41.297899393019, -21.721704930179], [-41.29799663892301, -21.722459885256], [-41.29680063766099, -21.722598685072995], [-41.296746433365, -21.722229912166995], [-41.296322319532, -21.722280262273983], [-41.296208732564, -21.721512058814], [-41.302610632406, -21.720779401079], [-41.302595232962, -21.721165443510998], [-41.302595232962, -21.721165443510998]]]}}, {"type": "Feature", "properties": {"tipo": "regiao_cobertura", "nome": "\u00c3\u0083\u00c2\u0081REA 1316"}, "geometry": {"type": "Polygon", "coordinates": [[[-41.300213612079, -21.719236079316005], [-41.300348645251, -21.720325518246], [-41.297929010737, -21.720587305264004], [-41.297842089773, -21.71988382784602], [-41.296878622268, -21.720006337746995], [-41.29682631860501, -21.71962622575799], [-41.300213612079, -21.719236079316005], [-41.300213612079, -21.719236079316005]]]}}, {"type": "Feature", "properties": {"tipo": "regiao_cobertura", "nome": "AREA 1305"}, "geometry": {"type": "Polygon", "coordinates": [[[-41.2990117769, -21.718090673676002], [-41.29908251139, -21.718748719112], [-41.295014691065006, -21.719125798619004], [-41.29497289673801, -21.718611711597006], [-41.295642171493, -21.718550175895004], [-41.29557535719701, -21.717746134167], [-41.297831673454, -21.717538284664002], [-41.29792727556799, -21.718193850175], [-41.2990117769, -21.718090673676002], [-41.2990117769, -21.718090673676002]]]}}, {"type": "Feature", "properties": {"tipo": "regiao_cobertura", "nome": "\u00c1REA 1338"}, "geometry": {"type": "Polygon", "coordinates": [[[-41.299188463078, -21.69069478759998], [-41.299087534688, -21.689537274228], [-41.298356029808, -21.681147615598007], [-41.298067262230006, -21.681172094876004], [-41.297929369864, -21.679828340355996], [-41.296956404555, -21.679874192601005], [-41.296978684656, -21.680135531125003], [-41.297090793333, -21.6814505232], [-41.297157135317, -21.682228683754005], [-41.297450633273, -21.685671227559], [-41.297463586313995, -21.685823156568006], [-41.297463586313995, -21.685823156568006], [-41.29812682372, -21.685764245947], [-41.298203967557, -21.686596911916], [-41.298546043590996, -21.69028911353999], [-41.299188463078, -21.69069478759998], [-41.299188463078, -21.69069478759998], [-41.299188463078, -21.69069478759998], [-41.299188463078, -21.69069478759998]]]}}, {"type": "Feature", "properties": {"tipo": "regiao_cobertura", "nome": "\u00c1REA 1340"}, "geometry": {"type": "Polygon", "coordinates": [[[-41.29681010269199, -21.68431513693899], [-41.296257710652, -21.684373404813016], [-41.296348136094, -21.685320950974017], [-41.29672769072301, -21.689298143461997], [-41.296732707505, -21.68935071145799], [-41.297566630582, -21.689722291978995], [-41.298546043590996, -21.69028911353999], [-41.29812682372, -21.685764245947], [-41.297768656735, -21.685794557126997], [-41.296936897968, -21.685864947702], [-41.29681010269199, -21.68431513693899], [-41.29681010269199, -21.68431513693899], [-41.29681010269199, -21.68431513693899], [-41.29681010269199, -21.68431513693899], [-41.29681010269199, -21.68431513693899]]]}}, {"type": "Feature", "properties": {"tipo": "regiao_cobertura", "nome": "AREA 1393"}, "geometry": {"type": "Polygon", "coordinates": [[[-41.300735816225, -21.720619785233993], [-41.300790657158, -21.720984489250995], [-41.294894356083, -21.721660532548995], [-41.294872308682, -21.721268209122996], [-41.300735816225, -21.720619785233993], [-41.300735816225, -21.720619785233993]]]}}, {"type": "Feature", "properties": {"tipo": "regiao_cobertura", "nome": "AREA 1281"}, "geometry": {"type": "Polygon", "coordinates": [[[-41.299313163059, -21.714472989254006], [-41.298341522563, -21.714540668020007], [-41.298122815836, -21.710996948692], [-41.299246302657004, -21.710848487619003], [-41.299313163059, -21.714472989254006], [-41.299313163059, -21.714472989254006]]]}}, {"type": "Feature", "properties": {"tipo": "regiao_cobertura", "nome": "\u00c3\u0083\u00c2\u0081REA 1408"}, "geometry": {"type": "Polygon", "coordinates": [[[-41.301189471421, -21.727108167283006], [-41.30079118532, -21.727153158286], [-41.300811581981, -21.72755540778502], [-41.301201507105, -21.727554195747004], [-41.301354909377, -21.729589728297], [-41.300040511559, -21.729310649051996], [-41.300270437263, -21.727955308454995], [-41.300195267903, -21.725702320682018], [-41.301091074846994, -21.725684634388998], [-41.301189471421, -21.727108167283006], [-41.301189471421, -21.727108167283006]]]}}, {"type": "Feature", "properties": {"tipo": "regiao_cobertura", "nome": "AREA 1416"}, "geometry": {"type": "Polygon", "coordinates": [[[-41.299588966428, -21.728059405552003], [-41.299495640605, -21.729177922172013], [-41.297617529798, -21.728826632083], [-41.297629338564, -21.727701813878994], [-41.299588966428, -21.728059405552003], [-41.299588966428, -21.728059405552003], [-41.299588966428, -21.728059405552003]]]}}, {"type": "Feature", "properties": {"tipo": "regiao_cobertura", "nome": "\u00c3\u0083\u00c2\u0081REA 1405"}, "geometry": {"type": "Polygon", "coordinates": [[[-41.300270437263, -21.727955308454995], [-41.300078963916, -21.729090556399996], [-41.29952455623, -21.729030602169985], [-41.299568818406, -21.72853378778602], [-41.299611380051, -21.727531678261002], [-41.299509280526, -21.724999418993008], [-41.300166086816, -21.724956808496998], [-41.300270437263, -21.727955308454995], [-41.300270437263, -21.727955308454995]]]}}, {"type": "Feature", "properties": {"tipo": "regiao_cobertura", "nome": "\u00c3\u0083\u00c2\u0081REA 1410"}, "geometry": {"type": "Polygon", "coordinates": [[[-41.30185133737499, -21.72506048725799], [-41.301923770712, -21.726410138354993], [-41.302104747965, -21.726408061461], [-41.302110242946, -21.726656790469008], [-41.301934755767, -21.726677472153], [-41.302007260168004, -21.728002172272014], [-41.301238739474, -21.728014399681996], [-41.301201507105, -21.727554195747004], [-41.300811581981, -21.72755540778502], [-41.300796351154, -21.72715469416299], [-41.301196044514, -21.727122877447], [-41.3010635897, -21.72510970838202], [-41.30185133737499, -21.72506048725799], [-41.30185133737499, -21.72506048725799]]]}}, {"type": "Feature", "properties": {"tipo": "regiao_cobertura", "nome": "AREA 1418"}, "geometry": {"type": "Polygon", "coordinates": [[[-41.299951709553, -21.72757847630298], [-41.300555302853, -21.72764989909298], [-41.30056095347499, -21.727992838381013], [-41.299930750755, -21.727921175770007], [-41.297754098559, -21.727443782181012], [-41.297743529387, -21.727100250817003], [-41.299951709553, -21.72757847630298], [-41.299951709553, -21.72757847630298]]]}}, {"type": "Feature", "properties": {"tipo": "regiao_cobertura", "nome": "AREA 1409"}, "geometry": {"type": "Polygon", "coordinates": [[[-41.301059456142, -21.72510203475599], [-41.301100816766, -21.725678614954006], [-41.299537184382, -21.725722195521996], [-41.29960784049799, -21.72750432062601], [-41.298881129733, -21.72734564662599], [-41.298850553752, -21.725970712321995], [-41.298585021874, -21.725980554535013], [-41.298442236177, -21.72524048962501], [-41.301059456142, -21.72510203475599], [-41.301059456142, -21.72510203475599]]]}}, {"type": "Feature", "properties": {"tipo": "regiao_cobertura", "nome": "\u00c3\u0083\u00c2\u0081REA 1419"}, "geometry": {"type": "Polygon", "coordinates": [[[-41.298536267369, -21.725695432210003], [-41.298641120901, -21.726292904743005], [-41.298646878583, -21.727381856006986], [-41.298417391751, -21.727325092168996], [-41.298351613426, -21.726241104235], [-41.298075157602, -21.725058968444003], [-41.29840492303901, -21.725022042885996], [-41.298536267369, -21.725695432210003], [-41.298536267369, -21.725695432210003]]]}}, {"type": "Feature", "properties": {"tipo": "regiao_cobertura", "nome": "AREA 1425"}, "geometry": {"type": "Polygon", "coordinates": [[[-41.29657741471699, -21.72368387717499], [-41.296592258052996, -21.725725686719002], [-41.295987564037006, -21.725580453622996], [-41.295976548002, -21.723294452779], [-41.29781393609599, -21.723127428042005], [-41.297848516735, -21.723453198810006], [-41.299646073518, -21.723278191410998], [-41.29970117574399, -21.723732882670987], [-41.297982316965, -21.72389807667298], [-41.297520542568, -21.72356648850601], [-41.29657741471699, -21.72368387717499], [-41.29657741471699, -21.72368387717499]]]}}, {"type": "Feature", "properties": {"tipo": "regiao_cobertura", "nome": "\u00c3\u0083\u00c2\u0081REA 1430"}, "geometry": {"type": "Polygon", "coordinates": [[[-41.302456361643, -21.724519081381004], [-41.30116707287999, -21.724594124942], [-41.30115026708099, -21.724212785687996], [-41.300185559181, -21.724259609859004], [-41.300070303854, -21.722996488452978], [-41.301923542537, -21.722790241748], [-41.301894582073, -21.722382676034982], [-41.302321183069, -21.722328460854015], [-41.302456361643, -21.724519081381004], [-41.302456361643, -21.724519081381004]]]}}, {"type": "Feature", "properties": {"tipo": "regiao_cobertura", "nome": "\u00c3\u0083\u00c2\u0081REA 1256"}, "geometry": {"type": "Polygon", "coordinates": [[[-41.299711813888, -21.751102718637995], [-41.297885096970006, -21.740201056526004], [-41.298573671438, -21.739806185202], [-41.300440099795, -21.751094025696005], [-41.299711813888, -21.751102718637995], [-41.299711813888, -21.751102718637995]]]}}, {"type": "Feature", "properties": {"tipo": "regiao_cobertura", "nome": "\u00c3\u0083\u00c2\u0081REA 1255"}, "geometry": {"type": "Polygon", "coordinates": [[[-41.29872225135299, -21.751060008352], [-41.297498400789, -21.742125180947994], [-41.297224134844, -21.742151764981983], [-41.297260910143, -21.741714412912003], [-41.297403113541, -21.740855362833003], [-41.297651720305, -21.740570760460002], [-41.297928264833, -21.740522200448993], [-41.299711813888, -21.751102718637995], [-41.29872225135299, -21.751060008352], [-41.29872225135299, -21.751060008352]]]}}, {"type": "Feature", "properties": {"tipo": "regiao_cobertura", "nome": "\u00c3\u0083\u00c2\u0081REA 1257"}, "geometry": {"type": "Polygon", "coordinates": [[[-41.298573671438, -21.739806185202], [-41.299292242514, -21.73952937394199], [-41.301168721344, -21.751059717960004], [-41.300440099795, -21.751094025696005], [-41.298573671438, -21.739806185202], [-41.298573671438, -21.739806185202]]]}}, {"type": "Feature", "properties": {"tipo": "regiao_cobertura", "nome": "\u00c3\u0083\u00c2\u0081REA 1258"}, "geometry": {"type": "Polygon", "coordinates": [[[-41.301070303089006, -21.750314369248997], [-41.299623669209, -21.741573728850994], [-41.300307291511, -21.741437069133], [-41.30038974133001, -21.741837507929006], [-41.300995691755, -21.74173245538502], [-41.301589488308, -21.745661069744003], [-41.301088799531, -21.745734840421008], [-41.301787988624, -21.750207342033008], [-41.301070303089006, -21.750314369248997], [-41.301070303089006, -21.750314369248997]]]}}, {"type": "Feature", "properties": {"tipo": "regiao_cobertura", "nome": "\u00c3\u0083\u00c2\u0081REA 1254"}, "geometry": {"type": "Polygon", "coordinates": [[[-41.29604704024499, -21.740522898872996], [-41.295959799931005, -21.739908933693997], [-41.297066624478, -21.738721675267996], [-41.29730647362799, -21.738382059559], [-41.300070464028, -21.737329046645996], [-41.30071119863499, -21.740731783857], [-41.300371396378, -21.740794513769018], [-41.30034363181001, -21.741432059164993], [-41.299623669209, -21.741573728850994], [-41.299292242514, -21.73952937394199], [-41.298573671438, -21.739806185202], [-41.297885096970006, -21.740201056526004], [-41.297927957031995, -21.740517580347998], [-41.297630602571, -21.740580470707997], [-41.29739715210701, -21.74085404429499], [-41.29722953986499, -21.741945549969003], [-41.29604704024499, -21.740522898872996], [-41.29604704024499, -21.740522898872996]]]}}, {"type": "Feature", "properties": {"tipo": "regiao_cobertura", "nome": "\u00c3\u0083\u00c2\u0081REA 1415"}, "geometry": {"type": "Polygon", "coordinates": [[[-41.300339677629, -21.735062974409004], [-41.299784362362004, -21.734489962995], [-41.299431760421996, -21.72935611205598], [-41.299942155528, -21.72932858199701], [-41.300339677629, -21.735062974409004], [-41.300339677629, -21.735062974409004]]]}}, {"type": "Feature", "properties": {"tipo": "regiao_cobertura", "nome": "\u00c3\u0083\u00c2\u0081REA 1414"}, "geometry": {"type": "Polygon", "coordinates": [[[-41.299781147945, -21.734493381826], [-41.299223550896, -21.733974325337], [-41.298923839177, -21.72937191848], [-41.299431760421996, -21.72935611205598], [-41.299781147945, -21.734493381826], [-41.299781147945, -21.734493381826]]]}}, {"type": "Feature", "properties": {"tipo": "regiao_cobertura", "nome": "\u00c3\u0083\u00c2\u0081REA 1412"}, "geometry": {"type": "Polygon", "coordinates": [[[-41.298689431326, -21.734011076456994], [-41.298193467592995, -21.734048647403995], [-41.29787604818701, -21.729445360219998], [-41.298396593815, -21.729412679695002], [-41.298689431326, -21.734011076456994], [-41.298689431326, -21.734011076456994]]]}}, {"type": "Feature", "properties": {"tipo": "regiao_cobertura", "nome": "AREA 1413"}, "geometry": {"type": "Polygon", "coordinates": [[[-41.299223550896, -21.733974325337], [-41.298689431326, -21.734011076456994], [-41.298396593815, -21.729412679695002], [-41.298920625968, -21.72937533625], [-41.299223550896, -21.733974325337], [-41.299223550896, -21.733974325337]]]}}, {"type": "Feature", "properties": {"tipo": "regiao_cobertura", "nome": "AREA 1312"}, "geometry": {"type": "Polygon", "coordinates": [[[-41.29720351066799, -21.716344636445], [-41.303538668045, -21.715463792888002], [-41.303643999810994, -21.71613847620401], [-41.297261744155, -21.716961166212002], [-41.29720351066799, -21.716344636445], [-41.29720351066799, -21.716344636445]]]}}, {"type": "Feature", "properties": {"tipo": "regiao_cobertura", "nome": "AREA 1314"}, "geometry": {"type": "Polygon", "coordinates": [[[-41.297107810218, -21.715621801623], [-41.303252624589, -21.714876817906003], [-41.303289256301, -21.715246927747003], [-41.30331934133801, -21.71548881787899], [-41.29720351066799, -21.716344636445], [-41.297107810218, -21.715621801623], [-41.297107810218, -21.715621801623]]]}}, {"type": "Feature", "properties": {"tipo": "regiao_cobertura", "nome": "AREA 1315"}, "geometry": {"type": "Polygon", "coordinates": [[[-41.304212451713, -21.713539052931992], [-41.304197227967, -21.714544052619004], [-41.303225971789, -21.714607529763995], [-41.303252624589, -21.714876817906003], [-41.301574667378006, -21.715076151058], [-41.297324936734, -21.715584972532], [-41.297257729580004, -21.714940251119998], [-41.298369288734, -21.714819744279993], [-41.29835143547201, -21.714546924027005], [-41.302896720913, -21.71420607829502], [-41.302881791641, -21.713637875443], [-41.304212451713, -21.713539052931992], [-41.304212451713, -21.713539052931992]]]}}, {"type": "Feature", "properties": {"tipo": "regiao_cobertura", "nome": "AREA 1282"}, "geometry": {"type": "Polygon", "coordinates": [[[-41.29985668544901, -21.710775072961027], [-41.29999431931, -21.713191807068995], [-41.300917209083, -21.713132041495996], [-41.304599930058, -21.712864849884014], [-41.30463427296, -21.713506667462], [-41.302881791641, -21.713637875443], [-41.302896720913, -21.71420607829502], [-41.299313163059, -21.714472989254006], [-41.299247091295, -21.710857452493002], [-41.29985668544901, -21.710775072961027], [-41.29985668544901, -21.710775072961027]]]}}, {"type": "Feature", "properties": {"tipo": "regiao_cobertura", "nome": "AREA 1285"}, "geometry": {"type": "Polygon", "coordinates": [[[-41.301943194547, -21.711705907854977], [-41.302809774297, -21.711640102939], [-41.302816304099, -21.712227530614996], [-41.299953685749, -21.71245591606001], [-41.299868705022, -21.711025061052993], [-41.301846858210006, -21.710750933911015], [-41.301943194547, -21.711705907854977], [-41.301943194547, -21.711705907854977]]]}}, {"type": "Feature", "properties": {"tipo": "regiao_cobertura", "nome": "AREA 1348"}, "geometry": {"type": "Polygon", "coordinates": [[[-41.304481490026006, -21.683780758132997], [-41.298874456437, -21.684260666701007], [-41.298752143693, -21.683467564639997], [-41.304612062067, -21.683001453765996], [-41.304481490026006, -21.683780758132997], [-41.304481490026006, -21.683780758132997]]]}}, {"type": "Feature", "properties": {"tipo": "regiao_cobertura", "nome": "\u00c1REA 1347"}, "geometry": {"type": "Polygon", "coordinates": [[[-41.30454596791401, -21.682999591200996], [-41.298752143693, -21.683467564639997], [-41.298639854854, -21.682497447152997], [-41.30063912641701, -21.68232926114402], [-41.300831086376, -21.682800398270004], [-41.304502104779004, -21.682501542699], [-41.30454596791401, -21.682999591200996], [-41.30454596791401, -21.682999591200996]]]}}, {"type": "Feature", "properties": {"tipo": "regiao_cobertura", "nome": "\u00c1REA 1346"}, "geometry": {"type": "Polygon", "coordinates": [[[-41.304502104779004, -21.682501542699], [-41.300829744805995, -21.682795712268998], [-41.30044495842899, -21.681847331528004], [-41.304376609408, -21.681520279433002], [-41.3044001, -21.68220699999999], [-41.304502104779004, -21.682501542699], [-41.304502104779004, -21.682501542699]]]}}, {"type": "Feature", "properties": {"tipo": "regiao_cobertura", "nome": "\u00c1REA 1345"}, "geometry": {"type": "Polygon", "coordinates": [[[-41.304376609408, -21.681520279433002], [-41.302151464045, -21.681705376943995], [-41.30044495842899, -21.681847331528004], [-41.300649508329, -21.682333881934994], [-41.298639854854, -21.682497447152997], [-41.298502145548, -21.68150911068301], [-41.299007917082, -21.681466931018022], [-41.304333579700995, -21.681022787708997], [-41.304376609408, -21.681520279433002], [-41.304376609408, -21.681520279433002]]]}}, {"type": "Feature", "properties": {"tipo": "regiao_cobertura", "nome": "AREA 1428"}, "geometry": {"type": "Polygon", "coordinates": [[[-41.29796908692101, -21.725269346104994], [-41.29798417783601, -21.724558721669993], [-41.299684032645, -21.724405604476004], [-41.299682183515, -21.724563034198994], [-41.300203508508, -21.724537973875996], [-41.300185559181, -21.724259609859004], [-41.301148258606, -21.724218463697], [-41.30116707287999, -21.724594124942], [-41.302783417861995, -21.724504191261005], [-41.302781606182, -21.725010218997], [-41.29796908692101, -21.725269346104994], [-41.29796908692101, -21.725269346104994]]]}}, {"type": "Feature", "properties": {"tipo": "regiao_cobertura", "nome": "\u00c3\u0083\u00c2\u0081REA 1404"}, "geometry": {"type": "Polygon", "coordinates": [[[-41.30431995922301, -21.721780422712], [-41.304380662629, -21.722609492980013], [-41.303620002869, -21.722613486731007], [-41.303757464656, -21.724583862513995], [-41.303125672763, -21.72463492594798], [-41.302935526213, -21.721905362577004], [-41.30431995922301, -21.721780422712], [-41.30431995922301, -21.721780422712]]]}}, {"type": "Feature", "properties": {"tipo": "regiao_cobertura", "nome": "AREA 1400"}, "geometry": {"type": "Polygon", "coordinates": [[[-41.305239301104, -21.721145522724996], [-41.305001653326, -21.72118526878502], [-41.304955876881, -21.721347250275002], [-41.302799469578, -21.72155333860499], [-41.30273835629699, -21.72076852012401], [-41.304855831362, -21.720578367466985], [-41.304794626869, -21.720199588263995], [-41.305096214562, -21.720179878262], [-41.305270294288, -21.720635476446006], [-41.305132776401, -21.720650054030997], [-41.305239301104, -21.721145522724996], [-41.305239301104, -21.721145522724996]]]}}, {"type": "Feature", "properties": {"tipo": "regiao_cobertura", "nome": "AREA 1394"}, "geometry": {"type": "Polygon", "coordinates": [[[-41.304552809694, -21.719952024147005], [-41.30459206752, -21.720230833597], [-41.295140460378995, -21.721240008539], [-41.295108605113, -21.720900550384997], [-41.304552809694, -21.719952024147005], [-41.304552809694, -21.719952024147005]]]}}, {"type": "Feature", "properties": {"tipo": "regiao_cobertura", "nome": "\u00c3\u0083\u00c2\u0081REA 1301"}, "geometry": {"type": "Polygon", "coordinates": [[[-41.303347571484, -21.718890187043982], [-41.303495489814004, -21.719976664507], [-41.300343491298, -21.720325652544005], [-41.300213612079, -21.719236079316005], [-41.303347571484, -21.718890187043982], [-41.303347571484, -21.718890187043982]]]}}, {"type": "Feature", "properties": {"tipo": "regiao_cobertura", "nome": "\u00c3\u0083\u00c2\u0081REA 1300"}, "geometry": {"type": "Polygon", "coordinates": [[[-41.305190090305, -21.717927679321008], [-41.305357873597, -21.71865070263101], [-41.295561354189, -21.719769214552002], [-41.295475094671, -21.719081361391005], [-41.29908251139, -21.718748719112], [-41.305190090305, -21.717927679321008], [-41.305190090305, -21.717927679321008]]]}}, {"type": "Feature", "properties": {"tipo": "regiao_cobertura", "nome": "AREA 1306"}, "geometry": {"type": "Polygon", "coordinates": [[[-41.305190090305, -21.717927679321008], [-41.29908251139, -21.718748719112], [-41.2990117769, -21.718090673676002], [-41.305019112145, -21.717278563473997], [-41.305190090305, -21.717927679321008], [-41.305190090305, -21.717927679321008]]]}}, {"type": "Feature", "properties": {"tipo": "regiao_cobertura", "nome": "AREA 1307"}, "geometry": {"type": "Polygon", "coordinates": [[[-41.304078829597, -21.716757060361005], [-41.304175946457, -21.717390844958004], [-41.299007278491, -21.718086103199], [-41.297922099169, -21.718195013547003], [-41.297831915844, -21.71751522188501], [-41.304078829597, -21.716757060361005], [-41.304078829597, -21.716757060361005]]]}}, {"type": "Feature", "properties": {"tipo": "regiao_cobertura", "nome": "AREA 1309"}, "geometry": {"type": "Polygon", "coordinates": [[[-41.296865698272, -21.71762866059001], [-41.296767153442, -21.717010185638998], [-41.30295641171699, -21.716231940514007], [-41.303053185371, -21.716890331157998], [-41.296865698272, -21.71762866059001], [-41.296865698272, -21.71762866059001]]]}}, {"type": "Feature", "properties": {"tipo": "regiao_cobertura", "nome": "\u00c3\u0083\u00c2\u0081REA 1253"}, "geometry": {"type": "Polygon", "coordinates": [[[-41.303068506798, -21.743196994003995], [-41.303258352736, -21.744414036554005], [-41.303585437374, -21.744380657525], [-41.30363201433699, -21.744671801978], [-41.302250369776, -21.744869461408], [-41.301546472926, -21.740712751679], [-41.300746727141, -21.740780364475015], [-41.300070464028, -21.737329046645996], [-41.301149689777, -21.737134674884004], [-41.301246021517, -21.737585742617014], [-41.30143522239399, -21.737540939512996], [-41.30187676499901, -21.739932849683], [-41.302057096894, -21.739898968001], [-41.302373560454, -21.74063635943598], [-41.30276903373, -21.74324226075001], [-41.303068506798, -21.743196994003995], [-41.303068506798, -21.743196994003995]]]}}, {"type": "Feature", "properties": {"tipo": "regiao_cobertura", "nome": "\u00c3\u0083\u00c2\u0081REA 1252"}, "geometry": {"type": "Polygon", "coordinates": [[[-41.302684098441, -21.742538122400987], [-41.302384995998004, -21.740644266423004], [-41.302059965711, -21.739891058240005], [-41.30187676499901, -21.739932849683], [-41.30144467295501, -21.737537647501995], [-41.301244218947005, -21.737577529610007], [-41.301157633493006, -21.737137548373013], [-41.301875085844, -21.736980394515], [-41.302993087706, -21.737635257273], [-41.304062219925, -21.740003149079996], [-41.303929775231, -21.740757200219008], [-41.302957643406, -21.740902544101004], [-41.303130116736, -21.742489412224003], [-41.302684098441, -21.742538122400987], [-41.302684098441, -21.742538122400987]]]}}, {"type": "Feature", "properties": {"tipo": "regiao_cobertura", "nome": "\u00c3\u0083\u00c2\u0081REA 1437"}, "geometry": {"type": "Polygon", "coordinates": [[[-41.305336157138, -21.733977437074998], [-41.305431688167, -21.734301577010996], [-41.304961260302, -21.734416765475004], [-41.305450077083, -21.736117241664004], [-41.305212879046, -21.736314162924998], [-41.303898320151006, -21.736621798619012], [-41.304197934109, -21.73591752882801], [-41.304262306527, -21.735332044846018], [-41.304045947948, -21.734288136933003], [-41.305336157138, -21.733977437074998], [-41.305336157138, -21.733977437074998]]]}}, {"type": "Feature", "properties": {"tipo": "regiao_cobertura", "nome": "AREA 1407"}, "geometry": {"type": "Polygon", "coordinates": [[[-41.300269430581, -21.726511181351995], [-41.301043979041, -21.726574042836006], [-41.301611245267, -21.726744429799993], [-41.302277218527, -21.726932973077993], [-41.302880106935, -21.727205968104002], [-41.30328440580299, -21.727481924635995], [-41.304027555423, -21.727706369966995], [-41.30475894729, -21.728146543706004], [-41.305093959918, -21.728267900985003], [-41.305715280761, -21.728372795144992], [-41.305664623987994, -21.728690196379006], [-41.30549944843, -21.728668496099004], [-41.304961570996, -21.728573305563984], [-41.30453185918, -21.72841335989], [-41.303835188288, -21.727950694192003], [-41.303164207951, -21.727756236133004], [-41.302669141082, -21.727440076381995], [-41.30222356710999, -21.727250800158004], [-41.301526076325, -21.727009308945], [-41.301022102385, -21.726850773747998], [-41.300282461383, -21.726813654153005], [-41.299570770886, -21.726674465770003], [-41.29814491699799, -21.726354815639993], [-41.296316225192, -21.725933307242983], [-41.296306275743, -21.725677447517], [-41.300269430581, -21.726511181351995], [-41.300269430581, -21.726511181351995]]]}}, {"type": "Feature", "properties": {"tipo": "regiao_cobertura", "nome": "\u00c3\u0083\u00c2\u0081REA 1401"}, "geometry": {"type": "Polygon", "coordinates": [[[-41.305479712122995, -21.728389231655], [-41.305004773657, -21.728298600881004], [-41.304715046682, -21.728213998461996], [-41.304325018064, -21.72261188945002], [-41.305009006804, -21.72255569250099], [-41.305479712122995, -21.728389231655], [-41.305479712122995, -21.728389231655]]]}}, {"type": "Feature", "properties": {"tipo": "regiao_cobertura", "nome": "\u00c3\u0083\u00c2\u0081REA 1403"}, "geometry": {"type": "Polygon", "coordinates": [[[-41.303984903354, -21.727686561614007], [-41.30331999370001, -21.727485098970988], [-41.303128873589, -21.724647174997003], [-41.303756782538, -21.724593428269998], [-41.303984903354, -21.727686561614007], [-41.303984903354, -21.727686561614007]]]}}, {"type": "Feature", "properties": {"tipo": "regiao_cobertura", "nome": "\u00c3\u0083\u00c2\u0081REA 1402"}, "geometry": {"type": "Polygon", "coordinates": [[[-41.304715046682, -21.728213998461996], [-41.303997632515, -21.72782429025], [-41.303620002869, -21.722613486731007], [-41.304325018064, -21.72261188945002], [-41.304715046682, -21.728213998461996], [-41.304715046682, -21.728213998461996]]]}}, {"type": "Feature", "properties": {"tipo": "regiao_cobertura", "nome": "\u00c3\u0083\u00c2\u0081REA 1406"}, "geometry": {"type": "Polygon", "coordinates": [[[-41.302686863811005, -21.727975337234994], [-41.302013049526, -21.727999373028], [-41.30185133737499, -21.72506048725799], [-41.302488545581, -21.725026020499996], [-41.302686863811005, -21.727975337234994], [-41.302686863811005, -21.727975337234994]]]}}, {"type": "Feature", "properties": {"tipo": "regiao_cobertura", "nome": "\u00c3\u0083\u00c2\u0081REA 1417"}, "geometry": {"type": "Polygon", "coordinates": [[[-41.30331372314801, -21.72747714874602], [-41.30262214776, -21.727082827291], [-41.302301477421004, -21.721963469000997], [-41.302935543985, -21.721915870847994], [-41.30331372314801, -21.72747714874602], [-41.30331372314801, -21.72747714874602]]]}}, {"type": "Feature", "properties": {"tipo": "regiao_cobertura", "nome": "AREA 1287"}, "geometry": {"type": "Polygon", "coordinates": [[[-41.307861681034005, -21.714841715201004], [-41.303289256301, -21.715246927747003], [-41.303225971789, -21.714607529763995], [-41.304197227967, -21.714544052619004], [-41.304187401373, -21.71424951924], [-41.305991494283006, -21.714110810468995], [-41.306018990364, -21.714407284977], [-41.306651433515, -21.714370314787004], [-41.30663551749, -21.714207718243003], [-41.307640468337, -21.714156320683998], [-41.307861681034005, -21.714841715201004], [-41.307861681034005, -21.714841715201004]]]}}, {"type": "Feature", "properties": {"tipo": "regiao_cobertura", "nome": "\u00c3\u0083\u00c2\u0081REA 1304"}, "geometry": {"type": "Polygon", "coordinates": [[[-41.306313408736, -21.710601329181003], [-41.306681401322, -21.708244533796005], [-41.303097091106, -21.708336701476014], [-41.303057208621, -21.707372265196], [-41.305663017983, -21.707131765862], [-41.30652725915, -21.707175728173], [-41.308522403353, -21.70758543409599], [-41.309349626156, -21.705118612956014], [-41.309779609812, -21.705279523328997], [-41.308809728866, -21.709084082596007], [-41.308549930857, -21.711175392213008], [-41.307842639884, -21.71123104323398], [-41.307775110664, -21.71056297839999], [-41.306313408736, -21.710601329181003], [-41.306313408736, -21.710601329181003]]]}}, {"type": "Feature", "properties": {"tipo": "regiao_cobertura", "nome": "AREA 1286"}, "geometry": {"type": "Polygon", "coordinates": [[[-41.307336127946, -21.711883725345032], [-41.302823103772, -21.712230689169004], [-41.302809774297, -21.711640102939], [-41.30734536175301, -21.711247707187], [-41.307336127946, -21.711883725345032], [-41.307336127946, -21.711883725345032]]]}}, {"type": "Feature", "properties": {"tipo": "regiao_cobertura", "nome": "AREA 1283"}, "geometry": {"type": "Polygon", "coordinates": [[[-41.30731180911, -21.713422233523005], [-41.305931456035, -21.713490832399003], [-41.305991494283006, -21.714110810468995], [-41.304187401373, -21.71424951924], [-41.304201192453, -21.713542599644995], [-41.304621425204, -21.713511771385996], [-41.304603898115, -21.712873483188005], [-41.307252903073, -21.712649365930005], [-41.30731180911, -21.713422233523005], [-41.30731180911, -21.713422233523005]]]}}, {"type": "Feature", "properties": {"tipo": "regiao_cobertura", "nome": "\u00c1REA 1343"}, "geometry": {"type": "Polygon", "coordinates": [[[-41.304444032985, -21.682001432876007], [-41.308113004008, -21.68169478086], [-41.308479708586, -21.681680500558002], [-41.309583267672, -21.682527765755992], [-41.307665398100006, -21.682720924487], [-41.307616317685, -21.682216351118996], [-41.307616317685, -21.682216351118996], [-41.307616317685, -21.682216351118996], [-41.307616317685, -21.682216351118996], [-41.304502104779004, -21.682501542699], [-41.304444032985, -21.682001432876007], [-41.304444032985, -21.682001432876007]]]}}, {"type": "Feature", "properties": {"tipo": "regiao_cobertura", "nome": "\u00c1REA 1341"}, "geometry": {"type": "Polygon", "coordinates": [[[-41.307589569655995, -21.68074641152799], [-41.298502145548, -21.68150911068301], [-41.298224159176996, -21.67982369423801], [-41.299543351214, -21.679707829695005], [-41.299627358536, -21.680342830697995], [-41.299695516887, -21.680917095143002], [-41.307206703985, -21.680342848297997], [-41.307589569655995, -21.68074641152799], [-41.307589569655995, -21.68074641152799]]]}}, {"type": "Feature", "properties": {"tipo": "regiao_cobertura", "nome": "\u00c1REA 1342"}, "geometry": {"type": "Polygon", "coordinates": [[[-41.304340675606, -21.681018937329014], [-41.30755262322899, -21.680745573845], [-41.307688902727, -21.681728872698983], [-41.30592077093, -21.681877390994984], [-41.305663441839, -21.681899005931], [-41.304444032985, -21.682001432876007], [-41.304379313738, -21.681526454247006], [-41.304340675606, -21.681018937329014], [-41.304340675606, -21.681018937329014]]]}}, {"type": "Feature", "properties": {"tipo": "regiao_cobertura", "nome": "AREA 1284"}, "geometry": {"type": "Polygon", "coordinates": [[[-41.300000690717, -21.713186403055005], [-41.299948176039, -21.712458486998003], [-41.305902547899, -21.711999174879992], [-41.305949216805, -21.712756304045996], [-41.302582554188, -21.713017432347996], [-41.300000690717, -21.713186403055005], [-41.300000690717, -21.713186403055005]]]}}, {"type": "Feature", "properties": {"tipo": "regiao_cobertura", "nome": "AREA 1381"}, "geometry": {"type": "Polygon", "coordinates": [[[-41.30419424521801, -21.723578783563994], [-41.30414903558399, -21.722927272224], [-41.308564871883, -21.722457973947], [-41.308629121927, -21.723091822187996], [-41.30419424521801, -21.723578783563994], [-41.30419424521801, -21.723578783563994]]]}}, {"type": "Feature", "properties": {"tipo": "regiao_cobertura", "nome": "\u00c3\u0083\u00c2\u0081REA 1395"}, "geometry": {"type": "Polygon", "coordinates": [[[-41.307796569484, -21.719551787898], [-41.308017106732, -21.722515893649998], [-41.308041934208, -21.723441919042003], [-41.307646047283, -21.723508154818987], [-41.307248302338, -21.719617219524977], [-41.307796569484, -21.719551787898], [-41.307796569484, -21.719551787898]]]}}, {"type": "Feature", "properties": {"tipo": "regiao_cobertura", "nome": "AREA 1398"}, "geometry": {"type": "Polygon", "coordinates": [[[-41.30273509429001, -21.721924269791998], [-41.302684005086, -21.721561109572022], [-41.305048632894, -21.721334070859], [-41.305026261179, -21.721184444274996], [-41.30539065627201, -21.72110669158701], [-41.305435626837, -21.721398499588005], [-41.30740823718901, -21.721188492436013], [-41.307480068317, -21.72190908247002], [-41.305043030065, -21.72216818684001], [-41.30499305436701, -21.721712549152997], [-41.30273509429001, -21.721924269791998], [-41.30273509429001, -21.721924269791998]]]}}, {"type": "Feature", "properties": {"tipo": "regiao_cobertura", "nome": "\u00c3\u0083\u00c2\u0081REA 1384"}, "geometry": {"type": "Polygon", "coordinates": [[[-41.309231819214, -21.72133362365099], [-41.30967088455, -21.72324597741303], [-41.309304590203, -21.723281780557002], [-41.309131871512, -21.722615863548995], [-41.308943979687, -21.721967615028007], [-41.308818169827, -21.721369962734002], [-41.3089031287, -21.720894001401007], [-41.309291026428, -21.72084439305999], [-41.309231819214, -21.72133362365099], [-41.309231819214, -21.72133362365099]]]}}, {"type": "Feature", "properties": {"tipo": "regiao_cobertura", "nome": "AREA 1383"}, "geometry": {"type": "Polygon", "coordinates": [[[-41.30755230831, -21.722564541249014], [-41.304963611503, -21.722843818227005], [-41.304941673177, -21.722557869933], [-41.304380662629, -21.722609492980013], [-41.30431995922301, -21.721780422712], [-41.304984570639, -21.721710431996], [-41.305043030065, -21.72216818684001], [-41.307480068317, -21.72190908247002], [-41.30755230831, -21.722564541249014], [-41.30755230831, -21.722564541249014]]]}}, {"type": "Feature", "properties": {"tipo": "regiao_cobertura", "nome": "AREA 1392"}, "geometry": {"type": "Polygon", "coordinates": [[[-41.300735816225, -21.720619785233993], [-41.30459206752, -21.720230833597], [-41.304552809694, -21.719952024147005], [-41.306618000844, -21.719703750012002], [-41.306718800815, -21.720485675912002], [-41.305270294288, -21.720635476446006], [-41.305096214562, -21.720179878262], [-41.304794626869, -21.720199588263995], [-41.304848323856, -21.720561710775016], [-41.300791564902994, -21.720979958984998], [-41.300735816225, -21.720619785233993], [-41.300735816225, -21.720619785233993]]]}}, {"type": "Feature", "properties": {"tipo": "regiao_cobertura", "nome": "AREA 1288"}, "geometry": {"type": "Polygon", "coordinates": [[[-41.307861681034005, -21.714841715201004], [-41.308028237803, -21.715552420763004], [-41.303425097555994, -21.716009687962014], [-41.303340475499006, -21.71522724337099], [-41.307861681034005, -21.714841715201004], [-41.307861681034005, -21.714841715201004]]]}}, {"type": "Feature", "properties": {"tipo": "regiao_cobertura", "nome": "AREA 1308"}, "geometry": {"type": "Polygon", "coordinates": [[[-41.308641874117, -21.716025019708], [-41.309117947976, -21.716734953408007], [-41.308117199512004, -21.71729280030999], [-41.307950518385006, -21.717016462971003], [-41.306235226427, -21.717206059771], [-41.305019112145, -21.717278563473997], [-41.304178936574, -21.717396509338002], [-41.304078829597, -21.716757060361005], [-41.30306305274, -21.716883882871002], [-41.302960571856, -21.716239371900997], [-41.303261982851, -21.71621392550199], [-41.303243122601, -21.716066624163005], [-41.308361502761, -21.715509914097993], [-41.308641874117, -21.716025019708], [-41.308641874117, -21.716025019708]]]}}, {"type": "Feature", "properties": {"tipo": "regiao_cobertura", "nome": "AREA 1289"}, "geometry": {"type": "Polygon", "coordinates": [[[-41.30510540585001, -21.711449093200997], [-41.305043104213, -21.710800350683], [-41.307803773797, -21.710575887988995], [-41.308039308602, -21.71287420112199], [-41.308303288942, -21.713969453489], [-41.308602628862, -21.714891373547005], [-41.308850878722, -21.715375828207996], [-41.308042218797006, -21.715604816502008], [-41.307861681034005, -21.714841715201004], [-41.307644445831, -21.714152625167017], [-41.30663551749, -21.714207718243003], [-41.306646759422, -21.714366777048014], [-41.306024246776, -21.71440984212299], [-41.30594839293799, -21.713491732126997], [-41.30731180911, -21.713422233523005], [-41.307252903073, -21.712649365930005], [-41.30595315557199, -21.712767645558998], [-41.305902547899, -21.711999174879992], [-41.307336127946, -21.711883725345032], [-41.307346724558, -21.71124182697399], [-41.30510540585001, -21.711449093200997], [-41.30510540585001, -21.711449093200997]]]}}, {"type": "Feature", "properties": {"tipo": "regiao_cobertura", "nome": "\u00c1REA 1440 (CASINHAS DO SANTA CLARA)"}, "geometry": {"type": "Polygon", "coordinates": [[[-41.307198895682, -21.73074267473102], [-41.30723493552901, -21.731708056092998], [-41.303730847904006, -21.731936468041994], [-41.303989280443, -21.731734308076994], [-41.30442916272101, -21.731544948017003], [-41.304697383622, -21.73134562137001], [-41.304869045, -21.73104663088], [-41.304887507798, -21.730913713006004], [-41.30558723437699, -21.730861934600966], [-41.307198895682, -21.73074267473102], [-41.307198895682, -21.73074267473102], [-41.307198895682, -21.73074267473102]]]}}, {"type": "Feature", "properties": {"tipo": "regiao_cobertura", "nome": "\u00c1REA 1432 (CASINHAS DO SANTA CLARA)"}, "geometry": {"type": "Polygon", "coordinates": [[[-41.307411779146, -21.729461970903017], [-41.30749193318, -21.730720990503002], [-41.304887507798, -21.730913713006004], [-41.304879773836, -21.730119756410005], [-41.304933418016, -21.72986062914599], [-41.305233825425994, -21.729631400790993], [-41.307411779146, -21.729461970903017], [-41.307411779146, -21.729461970903017]]]}}, {"type": "Feature", "properties": {"tipo": "regiao_cobertura", "nome": "\u00c3\u0083\u00c2\u0081REA 1396"}, "geometry": {"type": "Polygon", "coordinates": [[[-41.308108799872, -21.723882726030013], [-41.308479482692995, -21.723846084675003], [-41.308524370163, -21.724512174858006], [-41.308183619961994, -21.72456764383699], [-41.308409367534, -21.726593759488992], [-41.30815647627699, -21.727803428645004], [-41.307335642214, -21.728806952390016], [-41.306935447171, -21.728700500076997], [-41.307818357856, -21.726554830493995], [-41.307572321798, -21.723608644782004], [-41.308076743971, -21.723562100037995], [-41.308108799872, -21.723882726030013], [-41.308108799872, -21.723882726030013]]]}}, {"type": "Feature", "properties": {"tipo": "regiao_cobertura", "nome": "AREA 1385"}, "geometry": {"type": "Polygon", "coordinates": [[[-41.307525991991994, -21.727265348196994], [-41.307136521937004, -21.728211846432004], [-41.307057171739, -21.728396502655002], [-41.307057171739, -21.728396502655002], [-41.305473737268, -21.728129992656008], [-41.305385761541, -21.727224903411994], [-41.305378274229, -21.727132112845993], [-41.305346965323, -21.726744099666007], [-41.307525991991994, -21.727265348196994], [-41.307525991991994, -21.727265348196994]]]}}, {"type": "Feature", "properties": {"tipo": "regiao_cobertura", "nome": "AREA 1386"}, "geometry": {"type": "Polygon", "coordinates": [[[-41.3077899404, -21.72628093249402], [-41.307815932848, -21.726548598109005], [-41.307592026007, -21.72708987911301], [-41.305189979553994, -21.726538423689007], [-41.305136405253, -21.725741945870993], [-41.3077899404, -21.72628093249402], [-41.3077899404, -21.72628093249402]]]}}, {"type": "Feature", "properties": {"tipo": "regiao_cobertura", "nome": "AREA 1388"}, "geometry": {"type": "Polygon", "coordinates": [[[-41.30299654107199, -21.724365725645015], [-41.30759929626501, -21.723922180063], [-41.307657583353, -21.724651841110003], [-41.303025200966, -21.724918364782994], [-41.30299654107199, -21.724365725645015], [-41.30299654107199, -21.724365725645015]]]}}, {"type": "Feature", "properties": {"tipo": "regiao_cobertura", "nome": "\u00c3\u0083\u00c2\u0081REA 1387"}, "geometry": {"type": "Polygon", "coordinates": [[[-41.306560786629, -21.723623781512003], [-41.306639817544, -21.724677870386003], [-41.306186339121, -21.724703416402022], [-41.30609168036, -21.723620156559008], [-41.306044142983, -21.722968670071992], [-41.305932566017, -21.72176496329], [-41.306392092163, -21.72170639516], [-41.306560786629, -21.723623781512003], [-41.306560786629, -21.723623781512003]]]}}, {"type": "Feature", "properties": {"tipo": "regiao_cobertura", "nome": "\u00c3\u0083\u00c2\u0081REA 1317"}, "geometry": {"type": "Polygon", "coordinates": [[[-41.305112181043995, -21.724974097205006], [-41.307936617097, -21.725658480319993], [-41.30939991169501, -21.725458896861], [-41.30952962034, -21.726201566333998], [-41.308040396691, -21.72638231238598], [-41.30507015469299, -21.72572944730298], [-41.305112181043995, -21.724974097205006], [-41.305112181043995, -21.724974097205006]]]}}, {"type": "Feature", "properties": {"tipo": "regiao_cobertura", "nome": "AREA 1379"}, "geometry": {"type": "Polygon", "coordinates": [[[-41.304251738201, -21.724248854585014], [-41.304203245264, -21.723585717294995], [-41.309634720808, -21.722977579699005], [-41.30971824724, -21.723717257784003], [-41.304251738201, -21.724248854585014], [-41.304251738201, -21.724248854585014]]]}}, {"type": "Feature", "properties": {"tipo": "regiao_cobertura", "nome": "AREA 1390"}, "geometry": {"type": "Polygon", "coordinates": [[[-41.310122185645994, -21.719275327214007], [-41.311421233362, -21.719140646260996], [-41.31165624615999, -21.720738777847004], [-41.31083344253099, -21.720810400051988], [-41.310859784898, -21.720976568932997], [-41.310348553923, -21.721031560230003], [-41.310122185645994, -21.719275327214007], [-41.310122185645994, -21.719275327214007]]]}}, {"type": "Feature", "properties": {"tipo": "regiao_cobertura", "nome": "\u00c1REA 1076"}, "geometry": {"type": "Polygon", "coordinates": [[[-41.31329832841201, -21.693214601242005], [-41.313318181475, -21.69432866151101], [-41.311237206871, -21.694518966017], [-41.311261230458, -21.693181140114987], [-41.311310839657, -21.693176818297005], [-41.312458775306, -21.693076813234995], [-41.312455204973, -21.693233532603003], [-41.31329832841201, -21.693214601242005], [-41.31329832841201, -21.693214601242005]]]}}, {"type": "Feature", "properties": {"tipo": "regiao_cobertura", "nome": "AREA 1391"}, "geometry": {"type": "Polygon", "coordinates": [[[-41.31023235893599, -21.720142934555], [-41.30672778625401, -21.720485266499992], [-41.30663016860999, -21.71969237931198], [-41.310119380536, -21.719280493255], [-41.31023235893599, -21.720142934555], [-41.31023235893599, -21.720142934555]]]}}, {"type": "Feature", "properties": {"tipo": "regiao_cobertura", "nome": "\u00c3\u0083\u00c2\u0081REA 1303"}, "geometry": {"type": "Polygon", "coordinates": [[[-41.305068971791, -21.719871147091993], [-41.304941688693, -21.718703889525997], [-41.3103412815, -21.718038661405984], [-41.310785014038, -21.718438173685996], [-41.310908220526, -21.719187666326008], [-41.305068971791, -21.719871147091993], [-41.305068971791, -21.719871147091993]]]}}, {"type": "Feature", "properties": {"tipo": "regiao_cobertura", "nome": "\u00c1REA 1344"}, "geometry": {"type": "Polygon", "coordinates": [[[-41.310081907803, -21.682980604332002], [-41.305948167244, -21.683297544632993], [-41.305932942148, -21.682883322448987], [-41.30454329116999, -21.683004936066993], [-41.304502104779004, -21.682501542699], [-41.307616317685, -21.682216351118996], [-41.307616317685, -21.682216351118996], [-41.307663895068, -21.682715487417], [-41.309583267672, -21.682527765755992], [-41.310150601611, -21.682796713864008], [-41.310081907803, -21.682980604332002], [-41.310081907803, -21.682980604332002]]]}}, {"type": "Feature", "properties": {"tipo": "regiao_cobertura", "nome": "\u00c1REA 1339"}, "geometry": {"type": "Polygon", "coordinates": [[[-41.310025955433, -21.695592655005996], [-41.310033626694, -21.694231143504], [-41.305401258249, -21.694516601824006], [-41.302533195237, -21.694693338874984], [-41.303606078843, -21.695345844722993], [-41.304659455535, -21.695699284575], [-41.30486328369901, -21.695813811438], [-41.310025955433, -21.695592655005996], [-41.310025955433, -21.695592655005996]]]}}, {"type": "Feature", "properties": {"tipo": "regiao_cobertura", "nome": "\u00c1REA 1349"}, "geometry": {"type": "Polygon", "coordinates": [[[-41.310169124839994, -21.690757293500994], [-41.30742497105901, -21.690807235443003], [-41.307448958402, -21.68889539137102], [-41.310194657472, -21.688860539741], [-41.310169124839994, -21.690757293500994], [-41.310169124839994, -21.690757293500994]]]}}, {"type": "Feature", "properties": {"tipo": "regiao_cobertura", "nome": "\u00c1REA 1334"}, "geometry": {"type": "Polygon", "coordinates": [[[-41.30998137548801, -21.697586458692], [-41.310025955433, -21.695592655005996], [-41.30486328369901, -21.695813811438], [-41.305466095983, -21.696680585706005], [-41.306134234568, -21.697594307520006], [-41.30632381744301, -21.697858331405982], [-41.308127187559, -21.69772428380101], [-41.30998137548801, -21.697586458692], [-41.30998137548801, -21.697586458692]]]}}, {"type": "Feature", "properties": {"tipo": "regiao_cobertura", "nome": "\u00c1REA 1335"}, "geometry": {"type": "Polygon", "coordinates": [[[-41.30998137548801, -21.697586458692], [-41.30632381744301, -21.697858331405982], [-41.306781196009, -21.698460373330008], [-41.307142589771, -21.698936069826004], [-41.308664654461, -21.70093952058801], [-41.309893594042, -21.700767337849015], [-41.30998137548801, -21.697586458692], [-41.30998137548801, -21.697586458692]]]}}, {"type": "Feature", "properties": {"tipo": "regiao_cobertura", "nome": "\u00c3\u0083\u00c2\u0081REA 1333"}, "geometry": {"type": "Polygon", "coordinates": [[[-41.311383653091, -21.723485310119997], [-41.311526840209, -21.724317271725013], [-41.312187513211, -21.724192881096997], [-41.312308272129, -21.724824908996], [-41.311835270565, -21.724886390595998], [-41.311881373014, -21.72510649466301], [-41.310918979605, -21.725246295131996], [-41.310892232658006, -21.725062912114993], [-41.31011152461, -21.72520337514399], [-41.310148015304, -21.725360989053996], [-41.30828156484301, -21.725604431489998], [-41.308183619961994, -21.72456764383699], [-41.308517713854, -21.724515757081008], [-41.308479482692995, -21.723846084675003], [-41.311383653091, -21.723485310119997], [-41.311383653091, -21.723485310119997]]]}}, {"type": "Feature", "properties": {"tipo": "regiao_cobertura", "nome": "\u00c3\u0083\u00c2\u0081REA 1377"}, "geometry": {"type": "Polygon", "coordinates": [[[-41.311906247519, -21.721171459321], [-41.312093861021, -21.721386421846006], [-41.311859437061, -21.721413150074], [-41.311942971307, -21.721991712448997], [-41.312050090947, -21.72310475566998], [-41.312214315874, -21.723740409022], [-41.312189449442, -21.723861521464997], [-41.312344968977, -21.724698126497003], [-41.312470698582, -21.725335358506], [-41.312068281354, -21.725384645274005], [-41.311961807479, -21.724588111677008], [-41.311787021247, -21.723915613165005], [-41.311880341188, -21.723770498301988], [-41.311880790156, -21.72375288952601], [-41.311632530998, -21.722972749234003], [-41.311587619187, -21.722309113343997], [-41.311465828440994, -21.72122146754201], [-41.311906247519, -21.721171459321], [-41.311906247519, -21.721171459321]]]}}, {"type": "Feature", "properties": {"tipo": "regiao_cobertura", "nome": "AREA 1322"}, "geometry": {"type": "Polygon", "coordinates": [[[-41.31440084254599, -21.72388968811501], [-41.314525757031994, -21.724522487534998], [-41.312305348277, -21.72481849535201], [-41.312182326932, -21.724188768992008], [-41.311526840209, -21.724317271725013], [-41.311383653091, -21.723485310119997], [-41.312871921743, -21.723284778668003], [-41.313043348115, -21.724089293345997], [-41.31440084254599, -21.72388968811501], [-41.31440084254599, -21.72388968811501]]]}}, {"type": "Feature", "properties": {"tipo": "regiao_cobertura", "nome": "AREA 1378"}, "geometry": {"type": "Polygon", "coordinates": [[[-41.30971824724, -21.723717257784003], [-41.309634720808, -21.722977579699005], [-41.3139244137, -21.722465052038004], [-41.31482995662, -21.72301984727899], [-41.30971824724, -21.723717257784003], [-41.30971824724, -21.723717257784003]]]}}, {"type": "Feature", "properties": {"tipo": "regiao_cobertura", "nome": "AREA 1380"}, "geometry": {"type": "Polygon", "coordinates": [[[-41.308635606085, -21.723094522523013], [-41.308564871883, -21.722457973947], [-41.313038953275004, -21.72193736934301], [-41.313802527628, -21.722479755891996], [-41.308635606085, -21.723094522523013], [-41.308635606085, -21.723094522523013]]]}}, {"type": "Feature", "properties": {"tipo": "regiao_cobertura", "nome": "AREA 1382"}, "geometry": {"type": "Polygon", "coordinates": [[[-41.308017106732, -21.722515893649998], [-41.307974180928, -21.72185445936799], [-41.312305941143, -21.721362944318997], [-41.313038953275004, -21.72193736934301], [-41.308017106732, -21.722515893649998], [-41.308017106732, -21.722515893649998]]]}}, {"type": "Feature", "properties": {"tipo": "regiao_cobertura", "nome": "AREA 1323"}, "geometry": {"type": "Polygon", "coordinates": [[[-41.312338375636, -21.721647333614982], [-41.311903793014004, -21.72116746847199], [-41.31165624615999, -21.720738777847004], [-41.311353454962, -21.718657632445982], [-41.314883272804, -21.721089631791003], [-41.314249466334005, -21.721984318487017], [-41.315454826648, -21.722716882474998], [-41.314915484085, -21.723176201662994], [-41.31320623238901, -21.722169451084994], [-41.312338375636, -21.721647333614982], [-41.312338375636, -21.721647333614982]]]}}, {"type": "Feature", "properties": {"tipo": "regiao_cobertura", "nome": "AREA 1397"}, "geometry": {"type": "Polygon", "coordinates": [[[-41.307974180928, -21.72185445936799], [-41.30790615750001, -21.721135676819003], [-41.310323602798, -21.720874378621986], [-41.310344308581, -21.721034947386002], [-41.31086487233999, -21.720980305070995], [-41.31083344253099, -21.720810400051988], [-41.31165624615999, -21.720738777847004], [-41.311903793014004, -21.72116746847199], [-41.311459500141, -21.721220163867997], [-41.311491091099, -21.72145436885701], [-41.307974180928, -21.72185445936799], [-41.307974180928, -21.72185445936799]]]}}, {"type": "Feature", "properties": {"tipo": "regiao_cobertura", "nome": "AREA 1399"}, "geometry": {"type": "Polygon", "coordinates": [[[-41.305435626837, -21.721398499588005], [-41.305398079288, -21.721119191742005], [-41.305239861202004, -21.721137174481015], [-41.305134235309, -21.720644268718004], [-41.306711847507, -21.720492470214992], [-41.31023235893599, -21.720142934555], [-41.310330223339, -21.720874605259], [-41.305435626837, -21.721398499588005], [-41.305435626837, -21.721398499588005]]]}}, {"type": "Feature", "properties": {"tipo": "regiao_cobertura", "nome": "\u00c3\u0083\u00c2\u0081REA 1431"}, "geometry": {"type": "Polygon", "coordinates": [[[-41.312388466861, -21.72859144008099], [-41.30781240058799, -21.72905764638702], [-41.307913095012, -21.729754587837988], [-41.308148725189, -21.73231516973101], [-41.307637891343, -21.732358402548], [-41.307433335426, -21.729486195454996], [-41.306821098569, -21.72892371836801], [-41.305364350039, -21.728692605118994], [-41.305473737268, -21.728129992656008], [-41.307346634533, -21.728445222477006], [-41.31235939661, -21.72793400101999], [-41.312388466861, -21.72859144008099], [-41.312388466861, -21.72859144008099]]]}}, {"type": "Feature", "properties": {"tipo": "regiao_cobertura", "nome": "\u00c3\u0083\u00c2\u0081REA 1330"}, "geometry": {"type": "Polygon", "coordinates": [[[-41.312233449908, -21.731290519688002], [-41.311995639411, -21.731373593883006], [-41.312082774668, -21.73214269660801], [-41.311629276864, -21.732181024697994], [-41.31156741138399, -21.731186207923002], [-41.308053200465, -21.731521130047994], [-41.307985541862, -21.73092229978498], [-41.312197302387005, -21.730566702610005], [-41.312233449908, -21.731290519688002], [-41.312233449908, -21.731290519688002]]]}}, {"type": "Feature", "properties": {"tipo": "regiao_cobertura", "nome": "\u00c3\u0083\u00c2\u0081REA 1328"}, "geometry": {"type": "Polygon", "coordinates": [[[-41.312233449908, -21.731290519688002], [-41.312182260333, -21.730075425935993], [-41.307932051451, -21.730459715037], [-41.307863397452, -21.729675353242996], [-41.312786224933, -21.729192405393007], [-41.312698873536, -21.73113724969801], [-41.312233449908, -21.731290519688002], [-41.312233449908, -21.731290519688002]]]}}, {"type": "Feature", "properties": {"tipo": "regiao_cobertura", "nome": "\u00c3\u0083\u00c2\u0081REA 1326"}, "geometry": {"type": "Polygon", "coordinates": [[[-41.315271788283006, -21.727353333520995], [-41.315196017427, -21.72936550439499], [-41.313493130873, -21.729321552844993], [-41.31350420212001, -21.728725082863008], [-41.312892705183, -21.72871100502701], [-41.312923266359, -21.728022029200986], [-41.313385033782, -21.727616265519003], [-41.313766375532, -21.727373981358994], [-41.315271788283006, -21.727353333520995], [-41.315271788283006, -21.727353333520995]]]}}, {"type": "Feature", "properties": {"tipo": "regiao_cobertura", "nome": "\u00c3\u0083\u00c2\u0081REA 1329"}, "geometry": {"type": "Polygon", "coordinates": [[[-41.31513661836901, -21.730693863461994], [-41.313469507451, -21.730655191525003], [-41.313434659247, -21.730889170243017], [-41.312698873536, -21.73113724969801], [-41.312755015408, -21.729989642435996], [-41.312176621287996, -21.73007704090699], [-41.312200189562, -21.730593979226], [-41.307985639454, -21.730916617812], [-41.307932051451, -21.730459715037], [-41.312176621287996, -21.73007704090699], [-41.312748447636, -21.72998935762601], [-41.315156920592, -21.73001003566], [-41.31513661836901, -21.730693863461994], [-41.31513661836901, -21.730693863461994]]]}}, {"type": "Feature", "properties": {"tipo": "regiao_cobertura", "nome": "\u00c3\u0083\u00c2\u0081REA 1324"}, "geometry": {"type": "Polygon", "coordinates": [[[-41.30816277138799, -21.727786365195982], [-41.308410080978, -21.726606840274002], [-41.308377660088, -21.726337664610995], [-41.312810188483, -21.725821614455], [-41.312873563858, -21.726203032347], [-41.31282742822301, -21.727131401410006], [-41.31248634920199, -21.727139809188998], [-41.31247869700999, -21.727258910809], [-41.30816277138799, -21.727786365195982], [-41.30816277138799, -21.727786365195982]]]}}, {"type": "Feature", "properties": {"tipo": "regiao_cobertura", "nome": "\u00c3\u0083\u00c2\u0081REA 1325"}, "geometry": {"type": "Polygon", "coordinates": [[[-41.315264220755, -21.72738975293899], [-41.313502313753, -21.727352789868007], [-41.313340629591, -21.72764865613999], [-41.31293127719, -21.728011817932], [-41.31289115677501, -21.728606062055007], [-41.312383390356, -21.728604816884996], [-41.312362919282, -21.72797522471602], [-41.312007834766, -21.727960830939978], [-41.309295735561, -21.728291122783006], [-41.309211194022, -21.727666851782985], [-41.31248487525501, -21.727260274889005], [-41.31248634920199, -21.727139809188998], [-41.312831794894, -21.727136228307003], [-41.31285435393801, -21.726707058564003], [-41.315285951392994, -21.726727950243998], [-41.315264220755, -21.72738975293899], [-41.315264220755, -21.72738975293899]]]}}, {"type": "Feature", "properties": {"tipo": "regiao_cobertura", "nome": "\u00c3\u0083\u00c2\u0081REA 1327"}, "geometry": {"type": "Polygon", "coordinates": [[[-41.307540270386, -21.729108705506007], [-41.311941799714, -21.728605625078018], [-41.31289115677501, -21.728606062055007], [-41.312892705183, -21.72871100502701], [-41.31350420212001, -21.728725082863008], [-41.313493130873, -21.729321552844993], [-41.315196017427, -21.72936550439499], [-41.315159327693, -21.73001461906098], [-41.312755015408, -21.729989642435996], [-41.312783967706, -21.72919774363102], [-41.307661406817004, -21.729694322986006], [-41.307540270386, -21.729108705506007], [-41.307540270386, -21.729108705506007]]]}}, {"type": "Feature", "properties": {"tipo": "regiao_cobertura", "nome": "\u00c3\u0083\u00c2\u0081REA 1318"}, "geometry": {"type": "Polygon", "coordinates": [[[-41.30952962034, -21.726201566333998], [-41.30939991169501, -21.725458896861], [-41.310148015304, -21.725360989053996], [-41.31011508754, -21.725208138569997], [-41.310899209804, -21.725060834589996], [-41.310918979605, -21.725246295131996], [-41.311881373014, -21.72510649466301], [-41.311905533742994, -21.725306220852005], [-41.312399153327995, -21.72527355143299], [-41.31252197828201, -21.725857350596], [-41.30952962034, -21.726201566333998], [-41.30952962034, -21.726201566333998]]]}}, {"type": "Feature", "properties": {"tipo": "regiao_cobertura", "nome": "\u00c1REA 1073"}, "geometry": {"type": "Polygon", "coordinates": [[[-41.31110971818, -21.686315274261005], [-41.312772688096004, -21.686121423418996], [-41.312507600168, -21.683868872153], [-41.316671988963, -21.683478119892], [-41.316590251412, -21.682524475418006], [-41.31102301594899, -21.682954882112], [-41.31110971818, -21.686315274261005], [-41.31110971818, -21.686315274261005], [-41.31110971818, -21.686315274261005]]]}}, {"type": "Feature", "properties": {"tipo": "regiao_cobertura", "nome": "\u00c1REA 1065"}, "geometry": {"type": "Polygon", "coordinates": [[[-41.312375549167, -21.654733846710997], [-41.312508271345, -21.655175136856002], [-41.31281468206999, -21.65619392174598], [-41.314529458245, -21.656733745945004], [-41.315836466717, -21.657578193204998], [-41.316858080065, -21.65662450771501], [-41.31442785546499, -21.655215310789004], [-41.314118305318, -21.655695537408988], [-41.312375549167, -21.654733846710997], [-41.312375549167, -21.654733846710997]]]}}, {"type": "Feature", "properties": {"tipo": "regiao_cobertura", "nome": "\u00c1REA 1068"}, "geometry": {"type": "Polygon", "coordinates": [[[-41.31878880616001, -21.655220415668992], [-41.318640696601, -21.653783953215992], [-41.316715815774, -21.652779841466], [-41.316224192354, -21.652523385584004], [-41.31418378625, -21.652478791631992], [-41.31878880616001, -21.655220415668992], [-41.31878880616001, -21.655220415668992]]]}}, {"type": "Feature", "properties": {"tipo": "regiao_cobertura", "nome": "\u00c1REA 1069"}, "geometry": {"type": "Polygon", "coordinates": [[[-41.312375549167, -21.654733846710997], [-41.313913890609, -21.652472892946022], [-41.316224192354, -21.652523385584004], [-41.316997090538, -21.652904637685992], [-41.317211667258995, -21.65254565357803], [-41.317544261177, -21.652595512535], [-41.317876855095, -21.651807738996], [-41.317898312767, -21.651488639630003], [-41.313324044783, -21.651438263692], [-41.313365126606, -21.647473968301], [-41.311614781489006, -21.647570789583], [-41.311519651068, -21.652380994330002], [-41.31287477301, -21.65237365574602], [-41.311991976402, -21.653567114264007], [-41.312375549167, -21.654733846710997], [-41.312375549167, -21.654733846710997]]]}}, {"type": "Feature", "properties": {"tipo": "regiao_cobertura", "nome": "\u00c1REA 1066"}, "geometry": {"type": "Polygon", "coordinates": [[[-41.31335686508999, -21.65331083661202], [-41.312375549167, -21.654733846710997], [-41.314118305318, -21.655695537408988], [-41.31442785546499, -21.655215310789004], [-41.316858080065, -21.65662450771501], [-41.317299635057005, -21.656335587132986], [-41.318481574507, -21.656229848051993], [-41.318481574507, -21.656229848051993], [-41.318481574507, -21.656229848051993], [-41.318481574507, -21.656229848051993], [-41.31335686508999, -21.65331083661202], [-41.31335686508999, -21.65331083661202], [-41.31335686508999, -21.65331083661202]]]}}, {"type": "Feature", "properties": {"tipo": "regiao_cobertura", "nome": "\u00c1REA 1070"}, "geometry": {"type": "Polygon", "coordinates": [[[-41.318640696601, -21.653783953215992], [-41.316997090538, -21.652904637685992], [-41.317211667258995, -21.65254565357803], [-41.317544261177, -21.652595512535], [-41.317876855095, -21.651807738996], [-41.317898312767, -21.651488639630003], [-41.313324044783, -21.651438263692], [-41.313333717704, -21.650504860310008], [-41.318404590287, -21.650628016935002], [-41.318640696601, -21.653783953215992], [-41.318640696601, -21.653783953215992]]]}}, {"type": "Feature", "properties": {"tipo": "regiao_cobertura", "nome": "\u00c1REA 1067"}, "geometry": {"type": "Polygon", "coordinates": [[[-41.318481574507, -21.656229848051993], [-41.31890442017901, -21.65618877778398], [-41.31878880616001, -21.655220415668992], [-41.31418378625, -21.652478791631992], [-41.313913890609, -21.652472892946022], [-41.31335686508999, -21.65331083661202], [-41.318481574507, -21.656229848051993], [-41.318481574507, -21.656229848051993]]]}}, {"type": "Feature", "properties": {"tipo": "regiao_cobertura", "nome": "\u00c1REA 1071"}, "geometry": {"type": "Polygon", "coordinates": [[[-41.311094010142, -21.681037576969004], [-41.311111759188, -21.67895209326001], [-41.312198742667, -21.678860985943004], [-41.312248462585, -21.679568436867], [-41.31279387919, -21.679523536325007], [-41.312743685495, -21.678815310637006], [-41.315773802957, -21.678561335949993], [-41.316046831663, -21.680461899047003], [-41.311094010142, -21.681037576969004], [-41.311094010142, -21.681037576969004]]]}}, {"type": "Feature", "properties": {"tipo": "regiao_cobertura", "nome": "\u00c1REA 1072"}, "geometry": {"type": "Polygon", "coordinates": [[[-41.311111759188, -21.67895209326001], [-41.311125583620004, -21.676884011172007], [-41.312778498554, -21.676723656976023], [-41.315684722613, -21.678090881766025], [-41.315773802957, -21.678561335949993], [-41.312743685495, -21.678815310637006], [-41.31279387919, -21.679523536325007], [-41.312248462585, -21.679568436867], [-41.312198742667, -21.678860985943004], [-41.311111759188, -21.67895209326001], [-41.311111759188, -21.67895209326001]]]}}, {"type": "Feature", "properties": {"tipo": "regiao_cobertura", "nome": "\u00c3\u0083\u00c2\u0081REA 1270"}, "geometry": {"type": "Polygon", "coordinates": [[[-41.31820654964, -21.72333356510501], [-41.317962239181, -21.723542957426005], [-41.319093320845, -21.72495064215498], [-41.316768749524, -21.725188519776992], [-41.316125699434, -21.725995639394995], [-41.315862175648, -21.72663986249499], [-41.315384473906, -21.726489682735007], [-41.316254370129, -21.724068492306003], [-41.317327596779, -21.722759750684006], [-41.31820654964, -21.72333356510501], [-41.31820654964, -21.72333356510501]]]}}, {"type": "Feature", "properties": {"tipo": "regiao_cobertura", "nome": "AREA 1319"}, "geometry": {"type": "Polygon", "coordinates": [[[-41.311835270565, -21.724886390595998], [-41.316055219626, -21.724310303433], [-41.31621346216599, -21.724958277604998], [-41.316102070875, -21.725308073875993], [-41.31244305589199, -21.72544474253999], [-41.31240354051901, -21.725269474778997], [-41.311912114825, -21.725302143941008], [-41.311835270565, -21.724886390595998], [-41.311835270565, -21.724886390595998]]]}}, {"type": "Feature", "properties": {"tipo": "regiao_cobertura", "nome": "\u00c3\u0083\u00c2\u0081REA 1186"}, "geometry": {"type": "Polygon", "coordinates": [[[-41.318780041902, -21.726404848401003], [-41.318469810631, -21.725722559646], [-41.317820602648, -21.725746805917993], [-41.317079220925, -21.726550882642996], [-41.316125699434, -21.725995639394995], [-41.31677743288, -21.725179486258], [-41.319082480852, -21.724950780355982], [-41.319684911004, -21.725702852229006], [-41.318780041902, -21.726404848401003], [-41.318780041902, -21.726404848401003]]]}}, {"type": "Feature", "properties": {"tipo": "regiao_cobertura", "nome": "AREA 1320"}, "geometry": {"type": "Polygon", "coordinates": [[[-41.31663735981099, -21.722233625814994], [-41.317304410575, -21.722698975490005], [-41.316075895787, -21.724310874189996], [-41.314527834101995, -21.724517384498995], [-41.31440084254599, -21.72388968811501], [-41.315358856657, -21.723742204529003], [-41.31530935896699, -21.72355265943], [-41.315783863196, -21.723173603468], [-41.31620852117301, -21.723449403177014], [-41.316573952973, -21.722936043277983], [-41.316264431944, -21.722752520558984], [-41.31663735981099, -21.722233625814994], [-41.31663735981099, -21.722233625814994]]]}}, {"type": "Feature", "properties": {"tipo": "regiao_cobertura", "nome": "AREA 1321"}, "geometry": {"type": "Polygon", "coordinates": [[[-41.315789413675994, -21.723173602665995], [-41.315301724729, -21.723556551288], [-41.315358856657, -21.723742204529003], [-41.313043348115, -21.724089293345997], [-41.312871921743, -21.723284778668003], [-41.314690791187, -21.723042904623995], [-41.314910072773, -21.723178153047996], [-41.315462276818, -21.722719530467003], [-41.315188822104, -21.722555359444], [-41.315415711714, -21.722244765547998], [-41.316573952973, -21.722936043277983], [-41.31620852117301, -21.723449403177014], [-41.315789413675994, -21.723173602665995], [-41.315789413675994, -21.723173602665995]]]}}, {"type": "Feature", "properties": {"tipo": "regiao_cobertura", "nome": "\u00c3\u0083\u00c2\u0081REA 1336"}, "geometry": {"type": "Polygon", "coordinates": [[[-41.312872067313, -21.707699823691996], [-41.309296580061, -21.707322173858998], [-41.310016912365, -21.704332007032008], [-41.310078738437, -21.70299683434598], [-41.312203773262, -21.702814421488995], [-41.316346143708, -21.703982046083], [-41.312872067313, -21.707699823691996], [-41.312872067313, -21.707699823691996]]]}}, {"type": "Feature", "properties": {"tipo": "regiao_cobertura", "nome": "\u00c1REA 1350"}, "geometry": {"type": "Polygon", "coordinates": [[[-41.313546843612, -21.70020190398199], [-41.312969182158, -21.700008356943002], [-41.31260878975199, -21.70085818173601], [-41.31362266476, -21.701246950824995], [-41.313456367801, -21.701805181525003], [-41.312249373744, -21.701466256000003], [-41.312493573221, -21.700643450260003], [-41.31163996282801, -21.700430341045006], [-41.311767739405, -21.69959470765599], [-41.311699066179, -21.698997474704], [-41.312140341518, -21.699103839241005], [-41.312276253219, -21.698632339379998], [-41.313894248785, -21.699029583118005], [-41.314297993286, -21.698820243160995], [-41.314708751511006, -21.698421105663016], [-41.31508832495799, -21.69800805298101], [-41.31567502130499, -21.698389750564004], [-41.315187171967, -21.698743649506], [-41.316395788448, -21.700124910564995], [-41.317886541955, -21.702167630684002], [-41.317403631051, -21.702428800413003], [-41.31650400962, -21.700966653186995], [-41.31485472543301, -21.69875580384098], [-41.314750141275, -21.698646071121004], [-41.314517951956, -21.698875902322996], [-41.314121049611, -21.699100914146], [-41.313546843612, -21.70020190398199], [-41.313546843612, -21.70020190398199]]]}}, {"type": "Feature", "properties": {"tipo": "regiao_cobertura", "nome": "\u00c1REA 1074"}, "geometry": {"type": "Polygon", "coordinates": [[[-41.311652164845, -21.688567476979017], [-41.311588591194, -21.68743664578902], [-41.319835001961, -21.68665180997], [-41.319971231214, -21.687926111124], [-41.311652164845, -21.688567476979017], [-41.311652164845, -21.688567476979017]]]}}, {"type": "Feature", "properties": {"tipo": "regiao_cobertura", "nome": "\u00c1REA 1075"}, "geometry": {"type": "Polygon", "coordinates": [[[-41.31540759676399, -21.68707318002599], [-41.31531219077, -21.685824774050005], [-41.318699758189, -21.685445011068012], [-41.31819718799, -21.686807686012003], [-41.31540759676399, -21.68707318002599], [-41.31540759676399, -21.68707318002599]]]}}, {"type": "Feature", "properties": {"tipo": "regiao_cobertura", "nome": "\u00c3\u0083\u00c2\u0081REA 1190"}, "geometry": {"type": "Polygon", "coordinates": [[[-41.31805924340001, -21.727923792108], [-41.318093626733, -21.728155856574006], [-41.31851788468601, -21.728160007654992], [-41.318979428303, -21.727740337515996], [-41.321215771284, -21.727700895369992], [-41.32150010780501, -21.728659691247003], [-41.319068978405, -21.728763401671003], [-41.318500538451005, -21.729078624783014], [-41.317173756414, -21.728286186154023], [-41.317586599444994, -21.727645783309995], [-41.31805924340001, -21.727923792108], [-41.31805924340001, -21.727923792108]]]}}, {"type": "Feature", "properties": {"tipo": "regiao_cobertura", "nome": "\u00c3\u0083\u00c2\u0081REA 1195"}, "geometry": {"type": "Polygon", "coordinates": [[[-41.321115129333, -21.730988500183997], [-41.320813951417, -21.731055890039983], [-41.320864514423995, -21.731285977189998], [-41.320504503158, -21.731561281636004], [-41.320328377231, -21.731359734707], [-41.319073725441, -21.732346289785013], [-41.318913850913, -21.732096824863987], [-41.318815338548994, -21.731476281314002], [-41.320179573084, -21.730468510407007], [-41.320099387705, -21.729657389067015], [-41.320851563457, -21.729628463362005], [-41.321115129333, -21.730988500183997], [-41.321115129333, -21.730988500183997]]]}}, {"type": "Feature", "properties": {"tipo": "regiao_cobertura", "nome": "\u00c3\u0083\u00c2\u0081REA 1194"}, "geometry": {"type": "Polygon", "coordinates": [[[-41.320094374618, -21.729660723278002], [-41.320176132454996, -21.730459216558998], [-41.318815338548994, -21.731476281314002], [-41.31832984867901, -21.731513345899003], [-41.31695345368999, -21.730665580117005], [-41.317026611200006, -21.73056055719401], [-41.31577081443099, -21.729939812176994], [-41.315788468235, -21.72915735895201], [-41.318434112862, -21.730715769506006], [-41.31865851402701, -21.73074149914298], [-41.31915659965599, -21.73033440544802], [-41.319121335688, -21.72969210841501], [-41.320094374618, -21.729660723278002], [-41.320094374618, -21.729660723278002]]]}}, {"type": "Feature", "properties": {"tipo": "regiao_cobertura", "nome": "\u00c3\u0083\u00c2\u0081REA 1191"}, "geometry": {"type": "Polygon", "coordinates": [[[-41.318503410088006, -21.729072942057996], [-41.319068978405, -21.728763401671003], [-41.31915659965599, -21.73033440544802], [-41.31865851402701, -21.73074149914298], [-41.318434112862, -21.730715769506006], [-41.315788468235, -21.72915735895201], [-41.315810729461006, -21.728404214844005], [-41.318594186252, -21.729894318684998], [-41.318503410088006, -21.729072942057996], [-41.318503410088006, -21.729072942057996]]]}}, {"type": "Feature", "properties": {"tipo": "regiao_cobertura", "nome": "\u00c3\u0083\u00c2\u0081REA 1189"}, "geometry": {"type": "Polygon", "coordinates": [[[-41.315831047177, -21.72749808396], [-41.318500538451005, -21.729078624783014], [-41.318594186252, -21.729894318684998], [-41.315813601144, -21.728398532213987], [-41.315831047177, -21.72749808396], [-41.315831047177, -21.72749808396]]]}}, {"type": "Feature", "properties": {"tipo": "regiao_cobertura", "nome": "\u00c3\u0083\u00c2\u0081REA 1271"}, "geometry": {"type": "Polygon", "coordinates": [[[-41.32206940721701, -21.729450924758993], [-41.322111216595, -21.729582630192], [-41.319121335688, -21.72969210841501], [-41.319099848396, -21.729221444119986], [-41.3217679619, -21.729140097452003], [-41.321471838712, -21.728366943379996], [-41.320796805724, -21.727325600543992], [-41.32072989789099, -21.726454397536003], [-41.320023501041, -21.726122029709018], [-41.31796675501699, -21.723546971421996], [-41.318203878931996, -21.723325710108995], [-41.319715713991, -21.724737759695998], [-41.320553425564, -21.725727849731996], [-41.32123448867, -21.726706738966996], [-41.321848606782, -21.72771230164598], [-41.322581522186, -21.729348773282], [-41.32206940721701, -21.729450924758993], [-41.32206940721701, -21.729450924758993]]]}}, {"type": "Feature", "properties": {"tipo": "regiao_cobertura", "nome": "\u00c3\u0083\u00c2\u0081REA 1188"}, "geometry": {"type": "Polygon", "coordinates": [[[-41.31716824023, -21.728283746761008], [-41.31573664731, -21.727440349324], [-41.31568442314501, -21.727123073355003], [-41.31583558468, -21.726703888627995], [-41.31612883358, -21.725999221595018], [-41.31797004333199, -21.727066628786005], [-41.318064666768, -21.727927064313022], [-41.317586599444994, -21.727645783309995], [-41.31716824023, -21.728283746761008], [-41.31716824023, -21.728283746761008]]]}}, {"type": "Feature", "properties": {"tipo": "regiao_cobertura", "nome": "\u00c3\u0083\u00c2\u0081REA 1187"}, "geometry": {"type": "Polygon", "coordinates": [[[-41.319365971667, -21.727722279437003], [-41.318985647503, -21.727723388507016], [-41.31852560361201, -21.728147555842], [-41.318091499797, -21.728143500143005], [-41.31797004333199, -21.727066628786005], [-41.317079220925, -21.726550882642996], [-41.317820602648, -21.725746805917993], [-41.318477000927, -21.725722895667005], [-41.319365971667, -21.727722279437003], [-41.319365971667, -21.727722279437003]]]}}, {"type": "Feature", "properties": {"tipo": "regiao_cobertura", "nome": "\u00c3\u0083\u00c2\u0081REA 1185"}, "geometry": {"type": "Polygon", "coordinates": [[[-41.320796309362, -21.727331150249995], [-41.321028735529005, -21.727686365726996], [-41.319365971667, -21.727722279437003], [-41.318780041902, -21.726404848401003], [-41.31969147864799, -21.72570295202], [-41.320011276905, -21.72610946255101], [-41.320728524938, -21.726449396536992], [-41.320796309362, -21.727331150249995], [-41.320796309362, -21.727331150249995]]]}}, {"type": "Feature", "properties": {"tipo": "regiao_cobertura", "nome": "\u00c1REA 1276"}, "geometry": {"type": "Polygon", "coordinates": [[[-41.310148940322, -21.736063601778], [-41.31009744060099, -21.736085403326], [-41.309898452568, -21.73616964156099], [-41.309639287505, -21.736279354656006], [-41.309332164796, -21.73566785691702], [-41.309424222606, -21.735631313293993], [-41.309653269795, -21.735540389798004], [-41.30981730443399, -21.735947698398007], [-41.309960851483, -21.735884279044015], [-41.310037672140005, -21.735850339524006], [-41.310148940322, -21.736063601778], [-41.310148940322, -21.736063601778]]]}}, {"type": "Feature", "properties": {"tipo": "regiao_cobertura", "nome": "\u00c1REA1438 (CASINHAS DO SANTA CLARA)"}, "geometry": {"type": "Polygon", "coordinates": [[[-41.307551866763006, -21.73264828027301], [-41.307647813539, -21.73316944988899], [-41.307872513762, -21.733403778091997], [-41.304281336177, -21.734286290031022], [-41.303817619065, -21.73401657548399], [-41.30347429631199, -21.733647827309], [-41.303302634935, -21.73316944988899], [-41.303330598289996, -21.732892375763], [-41.307551866763006, -21.73264828027301], [-41.307551866763006, -21.73264828027301]]]}}, {"type": "Feature", "properties": {"tipo": "regiao_cobertura", "nome": "\u00c3\u0083\u00c2\u0081REA 1436"}, "geometry": {"type": "Polygon", "coordinates": [[[-41.306272539544004, -21.733747653197], [-41.30642061684401, -21.734211107673985], [-41.306973139642, -21.73407083046], [-41.30735017032699, -21.735362568984], [-41.305905435359, -21.735723665784022], [-41.305452743113, -21.73612362807802], [-41.304961260302, -21.734416765475004], [-41.305431688167, -21.734301577010996], [-41.305336813352, -21.733982935684992], [-41.306272539544004, -21.733747653197], [-41.306272539544004, -21.733747653197]]]}}, {"type": "Feature", "properties": {"tipo": "regiao_cobertura", "nome": "\u00c3\u0083\u00c2\u0081REA 1351"}, "geometry": {"type": "Polygon", "coordinates": [[[-41.31162501798, -21.732183265323997], [-41.30883551688, -21.732401018561006], [-41.308159550559004, -21.73250263953699], [-41.308053200465, -21.731521130047994], [-41.311561192009, -21.731186709826005], [-41.31162501798, -21.732183265323997], [-41.31162501798, -21.732183265323997]]]}}, {"type": "Feature", "properties": {"tipo": "regiao_cobertura", "nome": "\u00c1REA 1331"}, "geometry": {"type": "Polygon", "coordinates": [[[-41.31167217370201, -21.732372975028994], [-41.311705987966, -21.732601190005], [-41.312223245856, -21.73609215669599], [-41.312223245856, -21.73609215669599], [-41.30986510232199, -21.733610143844004], [-41.30877864268, -21.732466599879984], [-41.311641291151, -21.732181202140993], [-41.31167217370201, -21.732372975028994], [-41.31167217370201, -21.732372975028994]]]}}, {"type": "Feature", "properties": {"tipo": "regiao_cobertura", "nome": "\u00c3\u0083\u00c2\u0081REA 1435"}, "geometry": {"type": "Polygon", "coordinates": [[[-41.30917875157301, -21.734925613881003], [-41.307351152406, -21.735370817106997], [-41.306973139642, -21.73407083046], [-41.30642061684401, -21.734211107673985], [-41.306272539544004, -21.733747653197], [-41.308035081485, -21.733303445036995], [-41.309201003740995, -21.73459554632599], [-41.30917875157301, -21.734925613881003], [-41.30917875157301, -21.734925613881003]]]}}, {"type": "Feature", "properties": {"tipo": "regiao_cobertura", "nome": "\u00c1REA 1278"}, "geometry": {"type": "Polygon", "coordinates": [[[-41.309311387097004, -21.735045225647], [-41.309441380239, -21.735316292836004], [-41.309269427522, -21.73538713451501], [-41.308757792542, -21.735597919469], [-41.308596723386, -21.735664277171978], [-41.308460926647, -21.735405983893997], [-41.309311387097004, -21.735045225647], [-41.309311387097004, -21.735045225647]]]}}, {"type": "Feature", "properties": {"tipo": "regiao_cobertura", "nome": "\u00c1REA 1439 (CASINHAS DO SANTA CLARA)"}, "geometry": {"type": "Polygon", "coordinates": [[[-41.30749193318, -21.730720990503002], [-41.30755065473, -21.73263543196302], [-41.305618826223004, -21.732757329954993], [-41.30333214183, -21.732877081620998], [-41.303367007951, -21.732531610851993], [-41.303581584673005, -21.732053229716996], [-41.303730847904006, -21.731936468041994], [-41.30723493552901, -21.731708056092998], [-41.30723493552901, -21.731708056092998], [-41.307198895682, -21.73074267473102], [-41.30749193318, -21.730720990503002], [-41.30749193318, -21.730720990503002]]]}}, {"type": "Feature", "properties": {"tipo": "regiao_cobertura", "nome": "\u00c1REA 1247"}, "geometry": {"type": "Polygon", "coordinates": [[[-41.309435797346005, -21.737253081532003], [-41.309761782068, -21.738006095537997], [-41.309116037524, -21.738263853408995], [-41.308771580803004, -21.737521067317005], [-41.309435797346005, -21.737253081532003], [-41.309435797346005, -21.737253081532003]]]}}, {"type": "Feature", "properties": {"tipo": "regiao_cobertura", "nome": "\u00c1REA 1248"}, "geometry": {"type": "Polygon", "coordinates": [[[-41.309761782068, -21.738006095537997], [-41.310062867615, -21.737880354837998], [-41.30952161504499, -21.736738207293], [-41.308576060005, -21.737099444777016], [-41.308771580803004, -21.737521067317005], [-41.309435797346005, -21.737253081532003], [-41.309761782068, -21.738006095537997], [-41.309761782068, -21.738006095537997], [-41.309761782068, -21.738006095537997]]]}}, {"type": "Feature", "properties": {"tipo": "regiao_cobertura", "nome": "MRV - JARDIM DAS FIGUEIRAS"}, "geometry": {"type": "Polygon", "coordinates": [[[-41.310147059396, -21.737844660804996], [-41.310062867615, -21.737880354837998], [-41.30952161504499, -21.736738207293], [-41.30952161504499, -21.736738207293], [-41.30952161504499, -21.736738207293], [-41.30952161504499, -21.736738207293], [-41.30952161504499, -21.736738207293], [-41.30966867279499, -21.736683476536996], [-41.310340751389994, -21.736433347532], [-41.310657252054, -21.736453279504005], [-41.310823549013, -21.736727343834005], [-41.31091634299, -21.736978458677996], [-41.310983976671, -21.73716148559599], [-41.311009320179, -21.73728654920899], [-41.311045212745995, -21.73746366949601], [-41.311045212745995, -21.73746366949601], [-41.310147059396, -21.737844660804996], [-41.310147059396, -21.737844660804996], [-41.310147059396, -21.737844660804996], [-41.310147059396, -21.737844660804996]]]}}, {"type": "Feature", "properties": {"tipo": "regiao_cobertura", "nome": "\u00c3\u0083\u00c2\u0081REA 1249"}, "geometry": {"type": "Polygon", "coordinates": [[[-41.30979937372601, -21.736601489210003], [-41.310361891517005, -21.737770063406998], [-41.310097591668, -21.737875622743005], [-41.309550424216, -21.736715571031993], [-41.30979937372601, -21.736601489210003], [-41.30979937372601, -21.736601489210003]]]}}, {"type": "Feature", "properties": {"tipo": "regiao_cobertura", "nome": "\u00c3\u0083\u00c2\u0081REA 1251"}, "geometry": {"type": "Polygon", "coordinates": [[[-41.310008111691, -21.737038446013997], [-41.30979937372601, -21.736601489210003], [-41.310298817244, -21.736425108113025], [-41.310589558745, -21.736505861611008], [-41.310719996437, -21.736750680646992], [-41.310008111691, -21.737038446013997], [-41.310008111691, -21.737038446013997]]]}}, {"type": "Feature", "properties": {"tipo": "regiao_cobertura", "nome": "\u00c1REA 1279"}, "geometry": {"type": "Polygon", "coordinates": [[[-41.308446130064, -21.73572088641002], [-41.308330242815, -21.735761990317002], [-41.308195008050006, -21.735514311366003], [-41.308460926647, -21.735405983893997], [-41.308614235968, -21.73570691345502], [-41.308723199747, -21.73592079714801], [-41.308932868672, -21.735830816179018], [-41.309103896516, -21.736163119826003], [-41.309237328481004, -21.736435534677], [-41.308866829272, -21.73659128232501], [-41.30858880312899, -21.735981875424997], [-41.308446130064, -21.73572088641002], [-41.308446130064, -21.73572088641002]]]}}, {"type": "Feature", "properties": {"tipo": "regiao_cobertura", "nome": "\u00c1REA 1277"}, "geometry": {"type": "Polygon", "coordinates": [[[-41.309332164796, -21.73566785691702], [-41.309639287505, -21.736279354656006], [-41.309422359921, -21.736371590028995], [-41.309311955972994, -21.736418532627], [-41.309199868915, -21.736197237572014], [-41.308947884460004, -21.735708722945986], [-41.308999851809, -21.735802340140992], [-41.309116745217, -21.735755034744017], [-41.309332164796, -21.73566785691702], [-41.309332164796, -21.73566785691702]]]}}, {"type": "Feature", "properties": {"tipo": "regiao_cobertura", "nome": "\u00c1REA 1266"}, "geometry": {"type": "Polygon", "coordinates": [[[-41.30877864268, -21.732466599879984], [-41.307933648936, -21.733128588049], [-41.307933648936, -21.733128588049], [-41.307933648936, -21.733128588049], [-41.309023823051, -21.734341648441003], [-41.30979424851999, -21.735198911401994], [-41.310558690213, -21.736049511079997], [-41.312237728547, -21.736360588319997], [-41.312223245856, -21.73609215669599], [-41.31193823370399, -21.735792175612005], [-41.311408086819, -21.735234183572004], [-41.31051757555, -21.734296894683], [-41.30877864268, -21.732466599879984], [-41.30877864268, -21.732466599879984]]]}}, {"type": "Feature", "properties": {"tipo": "regiao_cobertura", "nome": "\u00c3\u0083\u00c2\u0081REA 1250"}, "geometry": {"type": "Polygon", "coordinates": [[[-41.310008111691, -21.737038446013997], [-41.31072543080101, -21.736750680380013], [-41.310874891945, -21.737038405693], [-41.31099990954, -21.737492714923007], [-41.310361891517005, -21.737770063406998], [-41.310008111691, -21.737038446013997], [-41.310008111691, -21.737038446013997]]]}}, {"type": "Feature", "properties": {"tipo": "regiao_cobertura", "nome": "\u00c1REA 1243"}, "geometry": {"type": "Polygon", "coordinates": [[[-41.310227638816, -21.737811542301003], [-41.310637605602, -21.738642623177], [-41.310637605602, -21.738642623177], [-41.309331781004, -21.739166897076004], [-41.309109157657, -21.739747403574], [-41.309004551504, -21.740621896061], [-41.30893481407, -21.740920866631], [-41.308688050841, -21.741219836577997], [-41.308374232386, -21.741317001677004], [-41.308089918231, -21.741309527441004], [-41.307684904669, -21.741102740089005], [-41.307440823649, -21.740890969601978], [-41.307279891108, -21.740666741686], [-41.307076043223006, -21.740462444835984], [-41.306928521727, -21.740442513421], [-41.306660300826, -21.740457461983027], [-41.306392079924, -21.740547153321003], [-41.305566184985, -21.740875908964995], [-41.30511229331499, -21.739947821973004], [-41.309694755507, -21.738034087456995], [-41.310227638816, -21.737811542301003], [-41.310227638816, -21.737811542301003]]]}}, {"type": "Feature", "properties": {"tipo": "regiao_cobertura", "nome": "\u00c3\u0083\u00c2\u0081REA 1216"}, "geometry": {"type": "Polygon", "coordinates": [[[-41.312102072701, -21.746730856496995], [-41.310209989072, -21.746804717066], [-41.310176049460004, -21.745880770157996], [-41.312352271856, -21.745814234126996], [-41.312102072701, -21.746730856496995], [-41.312102072701, -21.746730856496995]]]}}, {"type": "Feature", "properties": {"tipo": "regiao_cobertura", "nome": "\u00c1REA 1241"}, "geometry": {"type": "Polygon", "coordinates": [[[-41.30511229331499, -21.739947821973004], [-41.304211755796, -21.740323723982996], [-41.304452895260994, -21.740911241747], [-41.304442351972995, -21.741227310738992], [-41.302911215082, -21.741361705784], [-41.303158280835, -21.743886609458997], [-41.306504197742, -21.742762732434016], [-41.306035028581, -21.741845275283993], [-41.306269613162, -21.741719124466997], [-41.306550184689, -21.740494284115], [-41.305566184985, -21.740875908964995], [-41.30511229331499, -21.739947821973004], [-41.30511229331499, -21.739947821973004]]]}}, {"type": "Feature", "properties": {"tipo": "regiao_cobertura", "nome": "\u00c1REA 1261"}, "geometry": {"type": "Polygon", "coordinates": [[[-41.305826034044, -21.738126638874007], [-41.306185504193, -21.738891187855003], [-41.30642472757399, -21.73939998443001], [-41.304211755796, -21.740323723982996], [-41.303607163023, -21.73905867949], [-41.305826034044, -21.738126638874007], [-41.305826034044, -21.738126638874007]]]}}, {"type": "Feature", "properties": {"tipo": "regiao_cobertura", "nome": "\u00c3\u0083\u00c2\u0081REA 1259"}, "geometry": {"type": "Polygon", "coordinates": [[[-41.304178980402, -21.749579483722982], [-41.303154897793, -21.749708326849984], [-41.302828987747, -21.747716520082008], [-41.304120197799, -21.746917243075004], [-41.305249996181, -21.746665278237984], [-41.306511829993, -21.75129187495301], [-41.30617064498001, -21.751478610995022], [-41.305653170575006, -21.751602395296004], [-41.304983134415, -21.75165635062001], [-41.304372638662, -21.751525162055003], [-41.304178980402, -21.749579483722982], [-41.304178980402, -21.749579483722982]]]}}, {"type": "Feature", "properties": {"tipo": "regiao_cobertura", "nome": "\u00c3\u0083\u00c2\u0081REA 1244"}, "geometry": {"type": "Polygon", "coordinates": [[[-41.311178618534, -21.750281283847002], [-41.311816147881004, -21.750409683441006], [-41.311222585131006, -21.75282782413801], [-41.31063875137401, -21.752701597752022], [-41.311178618534, -21.750281283847002], [-41.311178618534, -21.750281283847002]]]}}, {"type": "Feature", "properties": {"tipo": "regiao_cobertura", "nome": "\u00c3\u0083\u00c2\u0081REA 1245"}, "geometry": {"type": "Polygon", "coordinates": [[[-41.311823271043, -21.750414962029993], [-41.312379475241, -21.75055090680101], [-41.311825457958, -21.752961977272022], [-41.311222585131006, -21.75282782413801], [-41.311823271043, -21.750414962029993], [-41.311823271043, -21.750414962029993]]]}}, {"type": "Feature", "properties": {"tipo": "regiao_cobertura", "nome": "\u00c1REA 1260"}, "geometry": {"type": "Polygon", "coordinates": [[[-41.308537442741, -21.737016170066994], [-41.309116037524, -21.738263853408995], [-41.306885107525, -21.739202020218002], [-41.306418203113, -21.739386124288004], [-41.30582688504501, -21.738119826374998], [-41.308537442741, -21.737016170066994], [-41.308537442741, -21.737016170066994]]]}}, {"type": "Feature", "properties": {"tipo": "regiao_cobertura", "nome": "\u00c1REA 1262"}, "geometry": {"type": "Polygon", "coordinates": [[[-41.305817483802, -21.73670977878602], [-41.306106889676, -21.737319577223985], [-41.306141274513, -21.737392028309998], [-41.306381442232, -21.737898076289], [-41.303607163023, -21.73905867949], [-41.30307040566, -21.737853578753004], [-41.305817483802, -21.73670977878602], [-41.305817483802, -21.73670977878602]]]}}, {"type": "Feature", "properties": {"tipo": "regiao_cobertura", "nome": "AREA 1206"}, "geometry": {"type": "Polygon", "coordinates": [[[-41.318377153295, -21.735026380964], [-41.318888563829, -21.73532730957899], [-41.318902452365, -21.735510897325014], [-41.316518059322, -21.738908703388006], [-41.315917230632, -21.738532145872014], [-41.318377153295, -21.735026380964], [-41.318377153295, -21.735026380964]]]}}, {"type": "Feature", "properties": {"tipo": "regiao_cobertura", "nome": "\u00c1REA 1265"}, "geometry": {"type": "Polygon", "coordinates": [[[-41.313468751678, -21.732326595228997], [-41.312342223892, -21.732540869901996], [-41.312470969924995, -21.733392982298994], [-41.312760648498006, -21.735127090175], [-41.312959352188, -21.736511559990007], [-41.314156817619, -21.736767917757987], [-41.313866653953, -21.73489498838798], [-41.313468751678, -21.732326595228997], [-41.313468751678, -21.732326595228997]]]}}, {"type": "Feature", "properties": {"tipo": "regiao_cobertura", "nome": "\u00c3\u0083\u00c2\u0081REA 1203"}, "geometry": {"type": "Polygon", "coordinates": [[[-41.315917230632, -21.738532145872014], [-41.315343619847, -21.738173549427998], [-41.31781169593301, -21.734688794356984], [-41.318377153295, -21.735026380964], [-41.315917230632, -21.738532145872014], [-41.315917230632, -21.738532145872014]]]}}, {"type": "Feature", "properties": {"tipo": "regiao_cobertura", "nome": "\u00c3\u0083\u00c2\u0081REA 1235"}, "geometry": {"type": "Polygon", "coordinates": [[[-41.31585859885201, -21.726630402623996], [-41.315677763952, -21.72712339382599], [-41.31573664731, -21.727440349324], [-41.315831047177, -21.72749808396], [-41.315782521838, -21.729149868410985], [-41.315743617609, -21.731952162170984], [-41.315762122896, -21.73269916809801], [-41.315829913631994, -21.733320040783], [-41.315639256257, -21.733347214519], [-41.315430663325, -21.73179390983401], [-41.315430047052, -21.730952935967977], [-41.315459737518, -21.729566821069], [-41.315478532357, -21.728641370693992], [-41.315515363572, -21.727867225471982], [-41.31553453601799, -21.727166157145007], [-41.315575952087, -21.726557903252996], [-41.31585859885201, -21.726630402623996], [-41.31585859885201, -21.726630402623996]]]}}, {"type": "Feature", "properties": {"tipo": "regiao_cobertura", "nome": "\u00c3\u0083\u00c2\u0081REA 1204"}, "geometry": {"type": "Polygon", "coordinates": [[[-41.315856037619, -21.733536850991996], [-41.31781169593301, -21.734688794356984], [-41.31621489207999, -21.736948095776015], [-41.31559189168001, -21.736598870124], [-41.31639010228899, -21.735527636575995], [-41.316052898338995, -21.735316117577], [-41.315856037619, -21.733536850991996], [-41.315856037619, -21.733536850991996]]]}}, {"type": "Feature", "properties": {"tipo": "regiao_cobertura", "nome": "\u00c3\u0083\u00c2\u0081REA 1236"}, "geometry": {"type": "Polygon", "coordinates": [[[-41.314866573165, -21.736269147193], [-41.315497099279, -21.734932560290005], [-41.315438323808, -21.734364665520005], [-41.315341310959, -21.733594477436995], [-41.31503859744501, -21.731396289662996], [-41.31525285353699, -21.726681476707995], [-41.315571788457, -21.72654411809401], [-41.315486725278994, -21.728309312357], [-41.315475908204, -21.729253385327013], [-41.315432667077005, -21.730543467675986], [-41.315423867485, -21.731873598321016], [-41.31582192528399, -21.734534712311003], [-41.315889783837, -21.735274336662002], [-41.315071329945, -21.73657900012101], [-41.314866573165, -21.736269147193], [-41.314866573165, -21.736269147193]]]}}, {"type": "Feature", "properties": {"tipo": "regiao_cobertura", "nome": "\u00c1REA 1267"}, "geometry": {"type": "Polygon", "coordinates": [[[-41.312342223892, -21.732540869901996], [-41.312211928837, -21.731658239718982], [-41.312193632155, -21.73153429595], [-41.31244372755601, -21.731451076515], [-41.313271880179, -21.731175507757996], [-41.313304066687, -21.73062237420899], [-41.314235486566, -21.730641067413003], [-41.315042138128995, -21.73065725656801], [-41.315020680457, -21.731205406808016], [-41.314999222785, -21.731479481145016], [-41.315256714849994, -21.73300432154801], [-41.314446687728, -21.733173747262], [-41.31429648402299, -21.732157189987987], [-41.312342223892, -21.732540869901996], [-41.312342223892, -21.732540869901996]]]}}, {"type": "Feature", "properties": {"tipo": "regiao_cobertura", "nome": "\u00c3\u0083\u00c2\u0081REA 1193"}, "geometry": {"type": "Polygon", "coordinates": [[[-41.31845223056601, -21.73242689510498], [-41.318461161024, -21.732710023696015], [-41.318760730184, -21.732896452793995], [-41.318791917653, -21.733242224045014], [-41.31574962481, -21.731386904508], [-41.315759227719, -21.730864360298014], [-41.31845223056601, -21.73242689510498], [-41.31845223056601, -21.73242689510498]]]}}, {"type": "Feature", "properties": {"tipo": "regiao_cobertura", "nome": "\u00c1REA 1332"}, "geometry": {"type": "Polygon", "coordinates": [[[-41.31429648402299, -21.732157189987987], [-41.313486652694, -21.732316184306], [-41.314148686691, -21.73671543511], [-41.314156817619, -21.736767917757987], [-41.31475915836899, -21.736878798854008], [-41.31465723442701, -21.735966911022004], [-41.31535997318801, -21.735767590506], [-41.315172218557, -21.734641424402], [-41.314362191435, -21.734770983784017], [-41.314120792623, -21.733236195914003], [-41.314446687728, -21.733173747262], [-41.31429648402299, -21.732157189987987], [-41.31429648402299, -21.732157189987987]]]}}, {"type": "Feature", "properties": {"tipo": "regiao_cobertura", "nome": "\u00c3\u0083\u00c2\u0081REA 1212"}, "geometry": {"type": "Polygon", "coordinates": [[[-41.313118619775, -21.743977398745997], [-41.310008601648, -21.744029030441], [-41.309993173717, -21.74190562706599], [-41.31100974529, -21.741872157208007], [-41.311015899597, -21.743216895098016], [-41.31311227698901, -21.743185878817997], [-41.313118619775, -21.743977398745997], [-41.313118619775, -21.743977398745997]]]}}, {"type": "Feature", "properties": {"tipo": "regiao_cobertura", "nome": "\u00c3\u0083\u00c2\u0081REA 1237"}, "geometry": {"type": "Polygon", "coordinates": [[[-41.31333900488, -21.743628749239008], [-41.313353895576, -21.742828671348008], [-41.313466905999995, -21.741521564738008], [-41.313519824495, -21.740396014525004], [-41.31357446886, -21.739493260559016], [-41.31362805541401, -21.738797663070002], [-41.313673887731, -21.738638146726004], [-41.313749060767, -21.738463474987995], [-41.31431447889, -21.73768015745499], [-41.314847821703, -21.736917772162997], [-41.31532922993801, -21.736177239338005], [-41.315925314538, -21.73523477007498], [-41.31638476807299, -21.735524577712], [-41.314020779317, -21.738699222511002], [-41.31391120391999, -21.739982788381], [-41.313757430682, -21.73998097997], [-41.313724422707, -21.74189481240201], [-41.31392504952401, -21.741889594381007], [-41.313900503358, -21.74263162127899], [-41.31457343233, -21.742708661403015], [-41.314721868094, -21.743652920261], [-41.31333900488, -21.743628749239008], [-41.31333900488, -21.743628749239008]]]}}, {"type": "Feature", "properties": {"tipo": "regiao_cobertura", "nome": "\u00c3\u0083\u00c2\u0081REA 1211"}, "geometry": {"type": "Polygon", "coordinates": [[[-41.311015899597, -21.743216895098016], [-41.31100974529, -21.741872157208007], [-41.313222145067, -21.74186570917199], [-41.313122202631995, -21.742754537913996], [-41.313258746393, -21.742753270174006], [-41.31325464938901, -21.742971416810008], [-41.31311264372, -21.742973952903995], [-41.31311227698901, -21.743185878817997], [-41.311015899597, -21.743216895098016], [-41.311015899597, -21.743216895098016]]]}}, {"type": "Feature", "properties": {"tipo": "regiao_cobertura", "nome": "\u00c3\u0083\u00c2\u0081REA 1221"}, "geometry": {"type": "Polygon", "coordinates": [[[-41.318078319945, -21.740683730672018], [-41.318554865180005, -21.74201864912], [-41.317524887557, -21.742859067124016], [-41.31650560516599, -21.742546302605007], [-41.316225074429, -21.741528255091012], [-41.318078319945, -21.740683730672018], [-41.318078319945, -21.740683730672018]]]}}, {"type": "Feature", "properties": {"tipo": "regiao_cobertura", "nome": "\u00c3\u0083\u00c2\u0081REA 1208"}, "geometry": {"type": "Polygon", "coordinates": [[[-41.314289940233, -21.73840840204602], [-41.316069175607005, -21.739494248300005], [-41.315561796320004, -21.73999450331], [-41.31391120391999, -21.739982788381], [-41.314025178371, -21.738677588301996], [-41.314289940233, -21.73840840204602], [-41.314289940233, -21.73840840204602]]]}}, {"type": "Feature", "properties": {"tipo": "regiao_cobertura", "nome": "\u00c3\u0083\u00c2\u0081REA 1210"}, "geometry": {"type": "Polygon", "coordinates": [[[-41.31416119203501, -21.741269015345992], [-41.315854964221, -21.741316752030983], [-41.316921210006996, -21.740563315157004], [-41.317448075862, -21.740288074432996], [-41.31804733895999, -21.740517590573006], [-41.318078319945, -21.740683730672018], [-41.316225074429, -21.741528255091012], [-41.31650560516599, -21.742546302605007], [-41.315863454954, -21.742697044273], [-41.31574703871699, -21.742064528938002], [-41.314593343911, -21.742067415218003], [-41.314604552466, -21.741708663230995], [-41.314150465774, -21.741700847023992], [-41.31416119203501, -21.741269015345992], [-41.31416119203501, -21.741269015345992]]]}}, {"type": "Feature", "properties": {"tipo": "regiao_cobertura", "nome": "\u00c3\u0083\u00c2\u0081REA 1207"}, "geometry": {"type": "Polygon", "coordinates": [[[-41.315561796320004, -21.73999450331], [-41.316073660799, -21.739492165322005], [-41.316518059322, -21.738908703388006], [-41.317766784589, -21.739661320769997], [-41.317452889082, -21.740283603560002], [-41.316918548773, -21.740557245934014], [-41.316342968522, -21.740142941732984], [-41.315524424694, -21.740684637768993], [-41.31374597104801, -21.740620851424993], [-41.313757430682, -21.73998097997], [-41.315561796320004, -21.73999450331], [-41.315561796320004, -21.73999450331]]]}}, {"type": "Feature", "properties": {"tipo": "regiao_cobertura", "nome": "\u00c3\u0083\u00c2\u0081REA 1209"}, "geometry": {"type": "Polygon", "coordinates": [[[-41.315524424694, -21.740684637768993], [-41.316338150804, -21.74014685161201], [-41.316921210006996, -21.740563315157004], [-41.315854964221, -21.741316752030983], [-41.31416119203501, -21.741269015345992], [-41.314150465774, -21.741700847023992], [-41.314604552466, -21.741708663230995], [-41.31457343233, -21.742708661403015], [-41.313900503358, -21.74263162127899], [-41.31392504952401, -21.741889594381007], [-41.313724422707, -21.74189481240201], [-41.31374597104801, -21.740620851424993], [-41.315524424694, -21.740684637768993], [-41.315524424694, -21.740684637768993]]]}}, {"type": "Feature", "properties": {"tipo": "regiao_cobertura", "nome": "\u00c3\u0083\u00c2\u0081REA 1205"}, "geometry": {"type": "Polygon", "coordinates": [[[-41.316214307357, -21.736938796428007], [-41.315340961390994, -21.738167809321993], [-41.316518059322, -21.738908703388006], [-41.316069175607005, -21.739494248300005], [-41.314257789666, -21.738381637941018], [-41.31559189168001, -21.736598870124], [-41.316214307357, -21.736938796428007], [-41.316214307357, -21.736938796428007]]]}}, {"type": "Feature", "properties": {"tipo": "regiao_cobertura", "nome": "\u00c3\u0083\u00c2\u0081REA 1246"}, "geometry": {"type": "Polygon", "coordinates": [[[-41.312367727099, -21.750547947642005], [-41.312951526093, -21.750690437735003], [-41.312398682895, -21.753080577373993], [-41.311825457958, -21.752961977272022], [-41.312367727099, -21.750547947642005], [-41.312367727099, -21.750547947642005]]]}}, {"type": "Feature", "properties": {"tipo": "regiao_cobertura", "nome": "\u00c3\u0083\u00c2\u0081REA 1233"}, "geometry": {"type": "Polygon", "coordinates": [[[-41.317525637941, -21.746602501981982], [-41.317885441792995, -21.749324986236005], [-41.31756003057, -21.749354136562985], [-41.317936425084, -21.751945062450005], [-41.317152475268, -21.75168528270602], [-41.316335997152, -21.746709718933005], [-41.317525637941, -21.746602501981982], [-41.317525637941, -21.746602501981982]]]}}, {"type": "Feature", "properties": {"tipo": "regiao_cobertura", "nome": "\u00c3\u0083\u00c2\u0081REA 1220"}, "geometry": {"type": "Polygon", "coordinates": [[[-41.311879221572, -21.750089359468006], [-41.31183719917501, -21.750172502481007], [-41.311383595987, -21.750035037081005], [-41.311844285583, -21.749155321722], [-41.311486634711, -21.749014596552016], [-41.311657276039, -21.74866792116299], [-41.312606883288, -21.749018960076995], [-41.312507823425, -21.749224761677993], [-41.312354445939, -21.74918194173], [-41.311879221572, -21.750089359468006], [-41.313632923162, -21.750546828309993], [-41.31417865657, -21.748516223880017], [-41.314356018378, -21.747994736993007], [-41.31517758585301, -21.748233914872017], [-41.314847250783, -21.750874205782992], [-41.311879221572, -21.750089359468006], [-41.311879221572, -21.750089359468006]]]}}, {"type": "Feature", "properties": {"tipo": "regiao_cobertura", "nome": "\u00c3\u0083\u00c2\u0081REA 1218"}, "geometry": {"type": "Polygon", "coordinates": [[[-41.313632923162, -21.750546828309993], [-41.312600458397, -21.750281000892997], [-41.313750085120994, -21.747414438677993], [-41.314479642296, -21.747629135737], [-41.314176938706, -21.748522547454], [-41.313632923162, -21.750546828309993], [-41.313632923162, -21.750546828309993]]]}}, {"type": "Feature", "properties": {"tipo": "regiao_cobertura", "nome": "?\u00c3\u0083\u00c2\u0081REA 1219"}, "geometry": {"type": "Polygon", "coordinates": [[[-41.312600458397, -21.750281000892997], [-41.311879221572, -21.750089359468006], [-41.312354445939, -21.74918194173], [-41.312507823425, -21.749224761677993], [-41.31261229313, -21.749022451135005], [-41.311657276039, -21.74866792116299], [-41.311879701573, -21.748358353629982], [-41.312423728206, -21.748624714331], [-41.313231755317, -21.746596776765003], [-41.31400750979099, -21.74677176812301], [-41.312600458397, -21.750281000892997], [-41.312600458397, -21.750281000892997]]]}}, {"type": "Feature", "properties": {"tipo": "regiao_cobertura", "nome": "\u00c3\u0083\u00c2\u0081REA 1238"}, "geometry": {"type": "Polygon", "coordinates": [[[-41.31160498828199, -21.748218056240006], [-41.311860579417996, -21.747781234255], [-41.312228604932, -21.747032837568], [-41.312511571172, -21.746071241604], [-41.312886091636, -21.74502008091902], [-41.31336835372999, -21.744156905680995], [-41.313350843149, -21.74360832255502], [-41.314223650574995, -21.743616990129013], [-41.314874452921, -21.74366038912801], [-41.315058058237, -21.74418463775899], [-41.31460611396, -21.744670894121], [-41.313625043261, -21.74475601818], [-41.313312212533, -21.745267450377], [-41.313140869671, -21.746814235253012], [-41.31242746576, -21.74862863426], [-41.31160498828199, -21.748218056240006], [-41.31160498828199, -21.748218056240006]]]}}, {"type": "Feature", "properties": {"tipo": "regiao_cobertura", "nome": "\u00c3\u0083\u00c2\u0081REA 1213"}, "geometry": {"type": "Polygon", "coordinates": [[[-41.310613732674, -21.74986833117501], [-41.310910659293, -21.749101868715], [-41.31128529993, -21.748489949352006], [-41.31022704501999, -21.748523192308], [-41.310190214904, -21.746809712333004], [-41.312102072701, -21.746730856496995], [-41.312398260246, -21.745576786803], [-41.312649685298, -21.745086219100003], [-41.313118619775, -21.743977398745997], [-41.31311264372, -21.742973952903995], [-41.31325464938901, -21.742971416810008], [-41.313258746393, -21.742753270174006], [-41.313122202631995, -21.742754537913996], [-41.313222145067, -21.74186570917199], [-41.31165480135801, -21.741882835781], [-41.31172183114, -21.74028972825201], [-41.31344757681901, -21.740382641845983], [-41.31338761132, -21.74169876366298], [-41.313317860957, -21.743391954348994], [-41.313374138752, -21.744158204317003], [-41.312914852031, -21.744944902824017], [-41.312574054672, -21.745861959929], [-41.31233769226701, -21.746666659122994], [-41.31208217388, -21.747471701734], [-41.31156725967201, -21.748198812580995], [-41.311879701573, -21.748358353629982], [-41.311657276039, -21.74866792116299], [-41.311021728835, -21.749944856805982], [-41.310613732674, -21.74986833117501], [-41.310613732674, -21.74986833117501]]]}}, {"type": "Feature", "properties": {"tipo": "regiao_cobertura", "nome": "\u00c3\u0083\u00c2\u0081REA 1215"}, "geometry": {"type": "Polygon", "coordinates": [[[-41.31234791208801, -21.745817949705], [-41.310059768712, -21.745886452085017], [-41.31003328548001, -21.744881830829982], [-41.312776846716, -21.744790778709017], [-41.312402230427, -21.745542864583996], [-41.31234791208801, -21.745817949705], [-41.31234791208801, -21.745817949705]]]}}, {"type": "Feature", "properties": {"tipo": "regiao_cobertura", "nome": "\u00c3\u0083\u00c2\u0081REA 1214"}, "geometry": {"type": "Polygon", "coordinates": [[[-41.312776846716, -21.744790778709017], [-41.31002788976299, -21.744884688818004], [-41.310008601648, -21.744029030441], [-41.313118619775, -21.743977398745997], [-41.312776846716, -21.744790778709017], [-41.312776846716, -21.744790778709017]]]}}, {"type": "Feature", "properties": {"tipo": "regiao_cobertura", "nome": "\u00c3\u0083\u00c2\u0081REA 1201"}, "geometry": {"type": "Polygon", "coordinates": [[[-41.319003646456, -21.734675423927], [-41.319195143591, -21.734646505916004], [-41.319270161192, -21.735636070221986], [-41.31939870225099, -21.735627739989], [-41.31949886871, -21.736852854351], [-41.318862322623, -21.738494741072003], [-41.318768353761, -21.738457710145], [-41.31804733895999, -21.740517590573006], [-41.317452853222, -21.740290473656998], [-41.318151013313006, -21.738905256609996], [-41.31899442576799, -21.736824838225004], [-41.318945336245, -21.736153843883997], [-41.31885761930499, -21.734872156468], [-41.319003646456, -21.734675423927], [-41.319003646456, -21.734675423927]]]}}, {"type": "Feature", "properties": {"tipo": "regiao_cobertura", "nome": "\u00c3\u0083\u00c2\u0081REA 1202"}, "geometry": {"type": "Polygon", "coordinates": [[[-41.318945336343994, -21.736132128875], [-41.318992088073, -21.736816152222985], [-41.318153349645, -21.738884194882004], [-41.317771493234005, -21.73966346578898], [-41.316518059322, -21.738908703388006], [-41.318902452365, -21.735510897325014], [-41.318945336343994, -21.736132128875], [-41.318945336343994, -21.736132128875]]]}}, {"type": "Feature", "properties": {"tipo": "regiao_cobertura", "nome": "\u00c3\u0083\u00c2\u0081REA 1200"}, "geometry": {"type": "Polygon", "coordinates": [[[-41.320644694691, -21.735257508112], [-41.320785736249, -21.73627709611698], [-41.319667022099004, -21.739618972464015], [-41.318491826737, -21.739257759072004], [-41.318768353761, -21.738457710145], [-41.318862322623, -21.738494741072003], [-41.31949886871, -21.736852854351], [-41.31939870225099, -21.735627739989], [-41.319270161192, -21.735636070221986], [-41.31919871891199, -21.734651452739], [-41.31954002240499, -21.734631908897], [-41.320644694691, -21.735257508112], [-41.320644694691, -21.735257508112]]]}}, {"type": "Feature", "properties": {"tipo": "regiao_cobertura", "nome": "\u00c3\u0083\u00c2\u0081REA 1196"}, "geometry": {"type": "Polygon", "coordinates": [[[-41.318815338548994, -21.731476281314002], [-41.318913850913, -21.732096824863987], [-41.318443938844, -21.732165936944], [-41.31845223056601, -21.73242689510498], [-41.315759228354, -21.73085930311001], [-41.315773207768, -21.729944258960003], [-41.317026611200006, -21.73056055719401], [-41.31695345368999, -21.730665580117005], [-41.31832984867901, -21.731513345899003], [-41.318815338548994, -21.731476281314002], [-41.318815338548994, -21.731476281314002]]]}}, {"type": "Feature", "properties": {"tipo": "regiao_cobertura", "nome": "\u00c3\u0083\u00c2\u0081REA 1198"}, "geometry": {"type": "Polygon", "coordinates": [[[-41.319286844394, -21.734004941976977], [-41.31930363584401, -21.734406539732007], [-41.318663309548995, -21.734432611285], [-41.315762122896, -21.73269916809801], [-41.31574189993799, -21.731968221157004], [-41.319286844394, -21.734004941976977], [-41.319286844394, -21.734004941976977]]]}}, {"type": "Feature", "properties": {"tipo": "regiao_cobertura", "nome": "\u00c3\u0083\u00c2\u0081REA 1192"}, "geometry": {"type": "Polygon", "coordinates": [[[-41.319273881046, -21.732662986812002], [-41.319286844394, -21.734004941976977], [-41.315744623629, -21.731972200184998], [-41.31574962481, -21.731386904508], [-41.318791917653, -21.733242224045014], [-41.318760730184, -21.732896452793995], [-41.318461161024, -21.732710023696015], [-41.318443938844, -21.732165936944], [-41.318913850913, -21.732096824863987], [-41.319273881046, -21.732662986812002], [-41.319273881046, -21.732662986812002]]]}}, {"type": "Feature", "properties": {"tipo": "regiao_cobertura", "nome": "\u00c3\u0083\u00c2\u0081REA 1197"}, "geometry": {"type": "Polygon", "coordinates": [[[-41.32138872988501, -21.732442496031], [-41.319556849611004, -21.73309038722101], [-41.319073725441, -21.732346289785013], [-41.320328377231, -21.731359734707], [-41.320504503158, -21.731561281636004], [-41.320864514423995, -21.731285977189998], [-41.320787719746, -21.730955897255], [-41.321095926544004, -21.730895276374], [-41.320851563457, -21.729628463362005], [-41.322111216595, -21.729582630192], [-41.322696622754, -21.731528967672006], [-41.321276131967, -21.731834845923004], [-41.32138872988501, -21.732442496031], [-41.32138872988501, -21.732442496031]]]}}, {"type": "Feature", "properties": {"tipo": "regiao_cobertura", "nome": "\u00c3\u0083\u00c2\u0081REA 1268"}, "geometry": {"type": "Polygon", "coordinates": [[[-41.32162975975201, -21.736654346495982], [-41.322018294862, -21.733720785543], [-41.321847267388, -21.73237332282301], [-41.321395675807, -21.732443228441], [-41.321276131967, -21.731834845923004], [-41.32270536067801, -21.731531307590984], [-41.32206940721701, -21.729450924758993], [-41.322692151268, -21.729329093085994], [-41.324150567229005, -21.733147881834], [-41.325139929178, -21.73503713577098], [-41.324993303104, -21.73521994757401], [-41.323415652684, -21.733880342118994], [-41.323332859895, -21.73541765722898], [-41.322895593484, -21.738402258586007], [-41.322231868259, -21.738306909318013], [-41.32234136631401, -21.737398011402007], [-41.32162975975201, -21.736654346495982], [-41.32162975975201, -21.736654346495982]]]}}, {"type": "Feature", "properties": {"tipo": "regiao_cobertura", "nome": "\u00c3\u0083\u00c2\u0081REA 1199"}, "geometry": {"type": "Polygon", "coordinates": [[[-41.318663309548995, -21.734432611285], [-41.318977332604, -21.73442120530602], [-41.319003646456, -21.734675423927], [-41.31885761930499, -21.734872156468], [-41.318888563829, -21.73532730957899], [-41.315856037619, -21.733536850991996], [-41.315762122896, -21.73269916809801], [-41.318663309548995, -21.734432611285], [-41.318663309548995, -21.734432611285]]]}}, {"type": "Feature", "properties": {"tipo": "regiao_cobertura", "nome": "\u00c3\u0083\u00c2\u0081REA 1231"}, "geometry": {"type": "Polygon", "coordinates": [[[-41.319485460866, -21.74938212541001], [-41.31885908030199, -21.749439480790002], [-41.318870512313, -21.749502590657002], [-41.318510811769, -21.749538033747996], [-41.31851424934499, -21.749587180741997], [-41.318114128396, -21.749615943083015], [-41.31807850121201, -21.749305073635], [-41.317885441792995, -21.749324986236005], [-41.317525637941, -21.746602501981982], [-41.318921967617996, -21.746507028191004], [-41.319102101565, -21.747724924165993], [-41.319224584458, -21.74771404001801], [-41.319485460866, -21.74938212541001], [-41.319485460866, -21.74938212541001]]]}}, {"type": "Feature", "properties": {"tipo": "regiao_cobertura", "nome": "\u00c3\u0083\u00c2\u0081REA 1226"}, "geometry": {"type": "Polygon", "coordinates": [[[-41.321740673784, -21.747143669208], [-41.322899987583995, -21.748719569916005], [-41.32094929501199, -21.749133624536], [-41.320800810354, -21.748503552573013], [-41.320311414529, -21.748528589453002], [-41.320191943722, -21.747832998853994], [-41.320057353752, -21.747852566562997], [-41.319999673148, -21.747535468925008], [-41.32022569104, -21.74735677775], [-41.321740673784, -21.747143669208], [-41.321740673784, -21.747143669208]]]}}, {"type": "Feature", "properties": {"tipo": "regiao_cobertura", "nome": "\u00c3\u0083\u00c2\u0081REA 1222"}, "geometry": {"type": "Polygon", "coordinates": [[[-41.318554865180005, -21.74201864912], [-41.31994985615, -21.743278752614984], [-41.319800787946, -21.743608934616006], [-41.32132115532, -21.74538482373501], [-41.321873356425, -21.746203553681994], [-41.322391761547, -21.74691236778], [-41.323349476339, -21.748133352373983], [-41.32362218974801, -21.748644469816], [-41.323279468114, -21.748781282364988], [-41.322539984936, -21.747759602795], [-41.320995558349, -21.74561730443699], [-41.320717856562, -21.745218205810005], [-41.320468105541, -21.744842127805], [-41.31995418516599, -21.744202057565005], [-41.319504113841, -21.743698390746005], [-41.319084085651006, -21.743270941324994], [-41.318647178881996, -21.742881108730003], [-41.318100014015, -21.74239143271201], [-41.318554865180005, -21.74201864912], [-41.318554865180005, -21.74201864912]]]}}, {"type": "Feature", "properties": {"tipo": "regiao_cobertura", "nome": "\u00c3\u0083\u00c2\u0081REA 1242"}, "geometry": {"type": "Polygon", "coordinates": [[[-41.321806437627, -21.746350062641], [-41.321775327923, -21.746584740154987], [-41.321428004953, -21.746114823067998], [-41.31972602845, -21.743790717292995], [-41.320039769324, -21.743087464672], [-41.319929626225, -21.742111920908997], [-41.320954750656, -21.742146643926006], [-41.320850340922, -21.743548523003994], [-41.321702856863, -21.74364797822801], [-41.322189016714994, -21.738939750560988], [-41.322844722244, -21.739019553096], [-41.32271197968599, -21.73943317387601], [-41.322780566392, -21.739859993249], [-41.321806437627, -21.746350062641], [-41.321806437627, -21.746350062641]]]}}, {"type": "Feature", "properties": {"tipo": "regiao_cobertura", "nome": "\u00c3\u0083\u00c2\u0081REA 1224"}, "geometry": {"type": "Polygon", "coordinates": [[[-41.321747758492, -21.747135292959], [-41.320193294201005, -21.747346853554006], [-41.320279145579, -21.74782757415099], [-41.319721797345, -21.747887512419], [-41.319237417688, -21.745060452944998], [-41.320132853975004, -21.744927198200998], [-41.321747758492, -21.747135292959], [-41.321747758492, -21.747135292959]]]}}, {"type": "Feature", "properties": {"tipo": "regiao_cobertura", "nome": "\u00c3\u0083\u00c2\u0081REA 1272"}, "geometry": {"type": "Polygon", "coordinates": [[[-41.326184503587, -21.746394066503], [-41.322543340844, -21.74222094324699], [-41.322801930566, -21.73986142861399], [-41.322724522579, -21.739455084279996], [-41.322926662988, -21.738793051061023], [-41.327561825903, -21.743309467480003], [-41.327121023318, -21.743636461752004], [-41.328091777531, -21.744646228978], [-41.326184503587, -21.746394066503], [-41.326184503587, -21.746394066503]]]}}, {"type": "Feature", "properties": {"tipo": "regiao_cobertura", "nome": "\u00c3\u0083\u00c2\u0081REA 1273"}, "geometry": {"type": "Polygon", "coordinates": [[[-41.323040747503, -21.737212268388006], [-41.323470428098, -21.737604007470978], [-41.323760956166, -21.73737864667902], [-41.324871089728994, -21.73857409905301], [-41.324610383316, -21.738792760931005], [-41.329314359199, -21.743516424760003], [-41.328091777531, -21.744646228978], [-41.327121023318, -21.743636461752004], [-41.327561825903, -21.743309467480003], [-41.322882806039, -21.738745302346004], [-41.323040747503, -21.737212268388006], [-41.323040747503, -21.737212268388006]]]}}, {"type": "Feature", "properties": {"tipo": "regiao_cobertura", "nome": "\u00c3\u0083\u00c2\u0081REA 1225"}, "geometry": {"type": "Polygon", "coordinates": [[[-41.319237398214, -21.745065171560015], [-41.319467443874, -21.746195856773994], [-41.318895541631, -21.746257740828], [-41.318780197176, -21.745244385054008], [-41.318134328256, -21.745304818639], [-41.31801732057, -21.744284568409], [-41.318339240181, -21.743848880431017], [-41.318914285865, -21.743495459347997], [-41.320133543824, -21.744914688329004], [-41.319237398214, -21.745065171560015], [-41.319237398214, -21.745065171560015]]]}}, {"type": "Feature", "properties": {"tipo": "regiao_cobertura", "nome": "\u00c3\u0083\u00c2\u0081REA 1269"}, "geometry": {"type": "Polygon", "coordinates": [[[-41.322321386167005, -21.737500964812], [-41.322236650846996, -21.738324990154], [-41.32288153653099, -21.738394761674996], [-41.322843601149, -21.739043211422995], [-41.322193174816, -21.738947599132004], [-41.321714227298, -21.743651326853012], [-41.320847724501, -21.743542368849006], [-41.320937818036, -21.742633629015003], [-41.320950947504, -21.742154128446998], [-41.319924821022994, -21.742108173975993], [-41.31974589044301, -21.741501775996994], [-41.319951209123, -21.74069465077301], [-41.321211132818, -21.739042584012992], [-41.321558346003, -21.737700782223], [-41.322321386167005, -21.737500964812], [-41.322321386167005, -21.737500964812]]]}}, {"type": "Feature", "properties": {"tipo": "regiao_cobertura", "nome": "\u00c3\u0083\u00c2\u0081REA 1232"}, "geometry": {"type": "Polygon", "coordinates": [[[-41.319038768143, -21.751899385834008], [-41.31920555070099, -21.75188188829098], [-41.319234575495, -21.752074114913995], [-41.318758488093, -21.75211518308501], [-41.318283451606, -21.752068550255984], [-41.317936425084, -21.751945062450005], [-41.31756003057, -21.749354136562985], [-41.31807850121201, -21.749305073635], [-41.318114128396, -21.749615943083015], [-41.31851424934499, -21.749587180741997], [-41.31853717567899, -21.749767451181995], [-41.318751167928994, -21.749751889338], [-41.319038768143, -21.751899385834008], [-41.319038768143, -21.751899385834008]]]}}, {"type": "Feature", "properties": {"tipo": "regiao_cobertura", "nome": "\u00c3\u0083\u00c2\u0081REA 1230"}, "geometry": {"type": "Polygon", "coordinates": [[[-41.31990942263501, -21.752130980874995], [-41.319526236603, -21.752166797602996], [-41.319510857557, -21.75204898426601], [-41.319234575495, -21.752074114913995], [-41.31920555070099, -21.75188188829098], [-41.319038768143, -21.751899385834008], [-41.318751167928994, -21.749751889338], [-41.31853717567899, -21.749767451181995], [-41.318510811769, -21.749538033747996], [-41.318870512313, -21.749502590657002], [-41.31885908030199, -21.749439480790002], [-41.319476887883, -21.749382987160004], [-41.31990942263501, -21.752130980874995], [-41.31990942263501, -21.752130980874995]]]}}, {"type": "Feature", "properties": {"tipo": "regiao_cobertura", "nome": "\u00c3\u0083\u00c2\u0081REA 1217"}, "geometry": {"type": "Polygon", "coordinates": [[[-41.320263700691, -21.75152083015], [-41.320336389692, -21.752016192909977], [-41.320584620195, -21.752000609261984], [-41.320753275093, -21.752484086261006], [-41.318579482286, -21.752727942819007], [-41.312902191182, -21.75108142801801], [-41.312988835358, -21.750700478542], [-41.311300572063, -21.750301405916005], [-41.311222886024, -21.750787158853], [-41.310031113925, -21.750587915907005], [-41.309800127402006, -21.749716764222], [-41.311016813657, -21.749947944712005], [-41.311486634711, -21.749014596552016], [-41.311844285583, -21.749155321722], [-41.311383595987, -21.750035037081005], [-41.31183719917501, -21.750172502481007], [-41.311879221572, -21.750089359468006], [-41.314847250783, -21.750874205782992], [-41.315107739019, -21.748796118526016], [-41.31666488684701, -21.748712007026], [-41.317152475268, -21.75168528270602], [-41.318283451606, -21.752068550255984], [-41.318758488093, -21.75211518308501], [-41.319510857557, -21.75204898426601], [-41.319526236603, -21.752166797602996], [-41.31990942263501, -21.752130980874995], [-41.31982043544901, -21.751580131696002], [-41.320263700691, -21.75152083015], [-41.320263700691, -21.75152083015]]]}}, {"type": "Feature", "properties": {"tipo": "regiao_cobertura", "nome": "\u00c3\u0083\u00c2\u0081REA 1234"}, "geometry": {"type": "Polygon", "coordinates": [[[-41.323889380828, -21.750759325705985], [-41.324284963134, -21.751329587336997], [-41.323239376091, -21.751917299308005], [-41.322408954829, -21.752210622475005], [-41.32169771398, -21.752255714895995], [-41.320723152703, -21.752300382084996], [-41.32057887363, -21.752003054975006], [-41.320336389692, -21.752016192909977], [-41.320263700691, -21.75152083015], [-41.321186724981, -21.751296363307006], [-41.321255527848, -21.751502654722998], [-41.322099577335, -21.751307915672], [-41.32353274658, -21.751183200701007], [-41.323469654772, -21.750975329491], [-41.323889380828, -21.750759325705985], [-41.323889380828, -21.750759325705985]]]}}, {"type": "Feature", "properties": {"tipo": "regiao_cobertura", "nome": "\u00c3\u0083\u00c2\u0081REA 1229"}, "geometry": {"type": "Polygon", "coordinates": [[[-41.320263700691, -21.75152083015], [-41.31981521950801, -21.751575166661], [-41.319224584458, -21.74771404001801], [-41.319102101565, -21.747724924165993], [-41.318887204864005, -21.746251391247], [-41.319467443874, -21.746195856773994], [-41.320263700691, -21.75152083015], [-41.320263700691, -21.75152083015]]]}}, {"type": "Feature", "properties": {"tipo": "regiao_cobertura", "nome": "\u00c3\u0083\u00c2\u0081REA 1227"}, "geometry": {"type": "Polygon", "coordinates": [[[-41.323022843271, -21.748942967190004], [-41.32282966093099, -21.749056340761996], [-41.32284708566001, -21.749513387996004], [-41.32353274658, -21.751183200701007], [-41.322065909138, -21.751308715823], [-41.321241710956, -21.751506931113994], [-41.320941166326, -21.749117303405], [-41.32286979452, -21.74874520675901], [-41.323022843271, -21.748942967190004], [-41.323022843271, -21.748942967190004]]]}}, {"type": "Feature", "properties": {"tipo": "regiao_cobertura", "nome": "\u00c3\u0083\u00c2\u0081REA 1228"}, "geometry": {"type": "Polygon", "coordinates": [[[-41.320301457677, -21.748498955227006], [-41.320785915669, -21.748518560202], [-41.320941060745, -21.749107744610995], [-41.321166705307, -21.750962893402004], [-41.321200738298, -21.751290564784995], [-41.320263700691, -21.75152083015], [-41.319721797345, -21.747887512419], [-41.320203341273, -21.74783808139999], [-41.320301457677, -21.748498955227006], [-41.320301457677, -21.748498955227006]]]}}, {"type": "Feature", "properties": {"tipo": "regiao_cobertura", "nome": "\u00c3\u0083\u00c2\u0081REA 1223"}, "geometry": {"type": "Polygon", "coordinates": [[[-41.319462072979, -21.743655876535], [-41.31989258432599, -21.744141543894997], [-41.320315292909, -21.744664758519022], [-41.320968201544, -21.745583210891], [-41.32179897371301, -21.746734053338002], [-41.322737044117, -21.748027021192], [-41.323276168905, -21.74877781245202], [-41.323400545941, -21.74905187170502], [-41.323165453599, -21.749248518279998], [-41.323905561181, -21.75075001251099], [-41.323520172138, -21.75095881871499], [-41.322861160112, -21.749550572733], [-41.322845437013996, -21.749079888832995], [-41.323046343377, -21.748929139188007], [-41.32213460756, -21.747691484168996], [-41.320133543824, -21.744914688329004], [-41.318914285865, -21.743495459347997], [-41.31819467239201, -21.742835381997992], [-41.318403725874, -21.74266470846598], [-41.319462072979, -21.743655876535], [-41.319462072979, -21.743655876535]]]}}, {"type": "Feature", "properties": {"tipo": "regiao_cobertura", "nome": "\u00c3\u0083\u00c2\u0081REA 1239"}, "geometry": {"type": "Polygon", "coordinates": [[[-41.322562062513, -21.742213352815014], [-41.326103627117, -21.746323239004994], [-41.325240403534, -21.747315702980003], [-41.324746902943005, -21.748583278558996], [-41.324692345125, -21.749051836348997], [-41.324550850498, -21.749684050762994], [-41.324066718897, -21.74970404149498], [-41.323908660194, -21.749688579096997], [-41.322470320069, -21.747372685490006], [-41.32184964846, -21.746618744461998], [-41.322562062513, -21.742213352815014], [-41.322562062513, -21.742213352815014]]]}}]}