<?xml version="1.0" encoding="UTF-8"?>
<kml xmlns="http://www.opengis.net/kml/2.2" xmlns:gx="http://www.google.com/kml/ext/2.2" xmlns:kml="http://www.opengis.net/kml/2.2" xmlns:atom="http://www.w3.org/2005/Atom">
<Document>
	<name>ROTAS-base.kmz</name>
	<Style id="inline0">
		<LineStyle>
			<color>ff0055aa</color>
			<width>2</width>
		</LineStyle>
		<PolyStyle>
			<fill>0</fill>
		</PolyStyle>
	</Style>
	<StyleMap id="inline000">
		<Pair>
			<key>normal</key>
			<styleUrl>#inline120</styleUrl>
		</Pair>
		<Pair>
			<key>highlight</key>
			<styleUrl>#inline2201</styleUrl>
		</Pair>
	</StyleMap>
	<Style id="inline001">
		<LineStyle>
			<color>ff00ff00</color>
			<width>2</width>
		</LineStyle>
	</Style>
	<Style id="inline1">
		<LineStyle>
			<color>ff0055aa</color>
			<width>2</width>
		</LineStyle>
		<PolyStyle>
			<fill>0</fill>
		</PolyStyle>
	</Style>
	<StyleMap id="inline10080">
		<Pair>
			<key>normal</key>
			<styleUrl>#inline3852</styleUrl>
		</Pair>
		<Pair>
			<key>highlight</key>
			<styleUrl>#inline6268</styleUrl>
		</Pair>
	</StyleMap>
	<Style id="inline10293">
		<LineStyle>
			<color>ffff0000</color>
			<width>2</width>
		</LineStyle>
	</Style>
	<StyleMap id="inline1041">
		<Pair>
			<key>normal</key>
			<styleUrl>#inline421</styleUrl>
		</Pair>
		<Pair>
			<key>highlight</key>
			<styleUrl>#inline251</styleUrl>
		</Pair>
	</StyleMap>
	<Style id="inline1053">
		<LineStyle>
			<width>2</width>
		</LineStyle>
	</Style>
	<StyleMap id="inline10790">
		<Pair>
			<key>normal</key>
			<styleUrl>#inline3808</styleUrl>
		</Pair>
		<Pair>
			<key>highlight</key>
			<styleUrl>#inline6228</styleUrl>
		</Pair>
	</StyleMap>
	<Style id="inline108122412030">
		<LineStyle>
			<color>ffffff00</color>
			<width>4</width>
		</LineStyle>
	</Style>
	<Style id="inline1081224120314">
		<LineStyle>
			<color>ff000000</color>
			<width>2</width>
		</LineStyle>
	</Style>
	<Style id="inline10861">
		<LineStyle>
			<color>ff0000ff</color>
			<width>2</width>
		</LineStyle>
	</Style>
	<Style id="inline10922">
		<LineStyle>
			<color>ff7f00aa</color>
			<width>2</width>
		</LineStyle>
	</Style>
	<Style id="inline1101">
		<LineStyle>
			<color>ff00ff00</color>
			<width>2</width>
		</LineStyle>
	</Style>
	<Style id="inline11020">
		<LineStyle>
			<color>ff7f00aa</color>
			<width>2</width>
		</LineStyle>
	</Style>
	<Style id="inline1103">
		<LineStyle>
			<color>ff0055aa</color>
			<width>2</width>
		</LineStyle>
	</Style>
	<Style id="inline1104111">
		<LineStyle>
			<width>2</width>
		</LineStyle>
	</Style>
	<Style id="inline110413">
		<LineStyle>
			<color>ffffff00</color>
			<width>4</width>
		</LineStyle>
	</Style>
	<Style id="inline110417">
		<LineStyle>
			<color>ff00ffff</color>
			<width>2</width>
		</LineStyle>
	</Style>
	<Style id="inline11045">
		<LineStyle>
			<color>ff7f00aa</color>
			<width>2</width>
		</LineStyle>
	</Style>
	<Style id="inline110471">
		<LineStyle>
			<color>ff00ff00</color>
			<width>2</width>
		</LineStyle>
	</Style>
	<Style id="inline11100">
		<LineStyle>
			<color>ff0000ff</color>
			<width>2</width>
		</LineStyle>
	</Style>
	<StyleMap id="inline11170">
		<Pair>
			<key>normal</key>
			<styleUrl>#inline1637</styleUrl>
		</Pair>
		<Pair>
			<key>highlight</key>
			<styleUrl>#inline2662</styleUrl>
		</Pair>
	</StyleMap>
	<Style id="inline112">
		<LineStyle>
			<color>ff0055aa</color>
			<width>2</width>
		</LineStyle>
	</Style>
	<Style id="inline11201">
		<LineStyle>
			<color>ff7f00aa</color>
			<width>2</width>
		</LineStyle>
	</Style>
	<Style id="inline11210">
		<LineStyle>
			<color>ffff55ff</color>
			<width>2</width>
		</LineStyle>
	</Style>
	<Style id="inline11211">
		<LineStyle>
			<width>2</width>
		</LineStyle>
	</Style>
	<StyleMap id="inline11217">
		<Pair>
			<key>normal</key>
			<styleUrl>#inline11931</styleUrl>
		</Pair>
		<Pair>
			<key>highlight</key>
			<styleUrl>#inline10922</styleUrl>
		</Pair>
	</StyleMap>
	<Style id="inline1123">
		<LineStyle>
			<color>ff00ff00</color>
			<width>2</width>
		</LineStyle>
	</Style>
	<Style id="inline1124">
		<LineStyle>
			<color>ff00ffff</color>
			<width>2</width>
		</LineStyle>
	</Style>
	<Style id="inline1125">
		<LineStyle>
			<color>ff0000ff</color>
			<width>2</width>
		</LineStyle>
	</Style>
	<Style id="inline1126">
		<LineStyle>
			<color>ffffff00</color>
			<width>4</width>
		</LineStyle>
	</Style>
	<Style id="inline1129">
		<LineStyle>
			<color>ffff0000</color>
			<width>2</width>
		</LineStyle>
	</Style>
	<StyleMap id="inline11463">
		<Pair>
			<key>normal</key>
			<styleUrl>#inline8703</styleUrl>
		</Pair>
		<Pair>
			<key>highlight</key>
			<styleUrl>#inline845</styleUrl>
		</Pair>
	</StyleMap>
	<Style id="inline11518">
		<LineStyle>
			<color>ff0055ff</color>
			<width>4</width>
		</LineStyle>
	</Style>
	<Style id="inline1159">
		<LineStyle>
			<color>ff0000ff</color>
			<width>2</width>
		</LineStyle>
	</Style>
	<StyleMap id="inline11851">
		<Pair>
			<key>normal</key>
			<styleUrl>#inline2106</styleUrl>
		</Pair>
		<Pair>
			<key>highlight</key>
			<styleUrl>#inline2544</styleUrl>
		</Pair>
	</StyleMap>
	<Style id="inline11931">
		<LineStyle>
			<color>ff7f00aa</color>
			<width>2</width>
		</LineStyle>
	</Style>
	<Style id="inline120">
		<LineStyle>
			<color>ff0000ff</color>
			<width>2</width>
		</LineStyle>
		<PolyStyle>
			<fill>0</fill>
		</PolyStyle>
	</Style>
	<Style id="inline1201">
		<LineStyle>
			<color>ff00ffff</color>
			<width>2</width>
		</LineStyle>
	</Style>
	<StyleMap id="inline12202">
		<Pair>
			<key>normal</key>
			<styleUrl>#inline901</styleUrl>
		</Pair>
		<Pair>
			<key>highlight</key>
			<styleUrl>#inline2802</styleUrl>
		</Pair>
	</StyleMap>
	<Style id="inline1225">
		<LineStyle>
			<color>ffffff00</color>
			<width>4</width>
		</LineStyle>
	</Style>
	<Style id="inline12251">
		<LineStyle>
			<width>2</width>
		</LineStyle>
	</Style>
	<StyleMap id="inline12281">
		<Pair>
			<key>normal</key>
			<styleUrl>#inline2887</styleUrl>
		</Pair>
		<Pair>
			<key>highlight</key>
			<styleUrl>#inline733</styleUrl>
		</Pair>
	</StyleMap>
	<Style id="inline1252">
		<LineStyle>
			<color>ff00ffff</color>
			<width>2</width>
		</LineStyle>
	</Style>
	<StyleMap id="inline1263">
		<Pair>
			<key>normal</key>
			<styleUrl>#inline4382</styleUrl>
		</Pair>
		<Pair>
			<key>highlight</key>
			<styleUrl>#inline4689</styleUrl>
		</Pair>
	</StyleMap>
	<Style id="inline127">
		<LineStyle>
			<color>ff0000ff</color>
			<width>2</width>
		</LineStyle>
	</Style>
	<StyleMap id="inline1289">
		<Pair>
			<key>normal</key>
			<styleUrl>#inline28170</styleUrl>
		</Pair>
		<Pair>
			<key>highlight</key>
			<styleUrl>#inline2356</styleUrl>
		</Pair>
	</StyleMap>
	<Style id="inline1290">
		<LineStyle>
			<width>2</width>
		</LineStyle>
	</Style>
	<Style id="inline12911">
		<LineStyle>
			<color>ffff55ff</color>
			<width>2</width>
		</LineStyle>
	</Style>
	<Style id="inline12920">
		<LineStyle>
			<color>ffff0000</color>
			<width>2</width>
		</LineStyle>
	</Style>
	<Style id="inline1293">
		<LineStyle>
			<color>ff0000ff</color>
			<width>2</width>
		</LineStyle>
	</Style>
	<Style id="inline1294">
		<LineStyle>
			<color>ffffff00</color>
			<width>4</width>
		</LineStyle>
	</Style>
	<StyleMap id="inline12943">
		<Pair>
			<key>normal</key>
			<styleUrl>#inline6265</styleUrl>
		</Pair>
		<Pair>
			<key>highlight</key>
			<styleUrl>#inline3635</styleUrl>
		</Pair>
	</StyleMap>
	<Style id="inline1295">
		<LineStyle>
			<color>ff00ffff</color>
			<width>2</width>
		</LineStyle>
	</Style>
	<Style id="inline1296">
		<LineStyle>
			<color>ff00ff00</color>
			<width>2</width>
		</LineStyle>
	</Style>
	<Style id="inline1297">
		<LineStyle>
			<color>ff0055aa</color>
			<width>2</width>
		</LineStyle>
	</Style>
	<Style id="inline1298">
		<LineStyle>
			<color>ffff0000</color>
			<width>2</width>
		</LineStyle>
	</Style>
	<Style id="inline1299">
		<LineStyle>
			<color>ff7f00aa</color>
			<width>2</width>
		</LineStyle>
	</Style>
	<Style id="inline13113">
		<LineStyle>
			<color>ff7f00aa</color>
			<width>2</width>
		</LineStyle>
	</Style>
	<StyleMap id="inline1321">
		<Pair>
			<key>normal</key>
			<styleUrl>#inline14600</styleUrl>
		</Pair>
		<Pair>
			<key>highlight</key>
			<styleUrl>#inline1800</styleUrl>
		</Pair>
	</StyleMap>
	<StyleMap id="inline13290">
		<Pair>
			<key>normal</key>
			<styleUrl>#inline5054</styleUrl>
		</Pair>
		<Pair>
			<key>highlight</key>
			<styleUrl>#inline47251</styleUrl>
		</Pair>
	</StyleMap>
	<StyleMap id="inline132900">
		<Pair>
			<key>normal</key>
			<styleUrl>#inline50542</styleUrl>
		</Pair>
		<Pair>
			<key>highlight</key>
			<styleUrl>#inline472510</styleUrl>
		</Pair>
	</StyleMap>
	<StyleMap id="inline1339">
		<Pair>
			<key>normal</key>
			<styleUrl>#inline3055</styleUrl>
		</Pair>
		<Pair>
			<key>highlight</key>
			<styleUrl>#inline22402</styleUrl>
		</Pair>
	</StyleMap>
	<StyleMap id="inline1341">
		<Pair>
			<key>normal</key>
			<styleUrl>#inline157</styleUrl>
		</Pair>
		<Pair>
			<key>highlight</key>
			<styleUrl>#inline2710</styleUrl>
		</Pair>
	</StyleMap>
	<StyleMap id="inline13442">
		<Pair>
			<key>normal</key>
			<styleUrl>#inline4978</styleUrl>
		</Pair>
		<Pair>
			<key>highlight</key>
			<styleUrl>#inline3874</styleUrl>
		</Pair>
	</StyleMap>
	<Style id="inline1367">
		<LineStyle>
			<color>ff00ffff</color>
			<width>2</width>
		</LineStyle>
	</Style>
	<Style id="inline1376">
		<LineStyle>
			<color>ff00ffff</color>
			<width>2</width>
		</LineStyle>
	</Style>
	<StyleMap id="inline13832">
		<Pair>
			<key>normal</key>
			<styleUrl>#inline7214</styleUrl>
		</Pair>
		<Pair>
			<key>highlight</key>
			<styleUrl>#inline6721</styleUrl>
		</Pair>
	</StyleMap>
	<Style id="inline1384">
		<LineStyle>
			<color>ffff0000</color>
			<width>2</width>
		</LineStyle>
	</Style>
	<Style id="inline13881">
		<LineStyle>
			<color>ff00ff00</color>
			<width>2</width>
		</LineStyle>
	</Style>
	<Style id="inline1408">
		<LineStyle>
			<color>ffff0000</color>
			<width>2</width>
		</LineStyle>
	</Style>
	<Style id="inline1412">
		<LineStyle>
			<color>ff00ff00</color>
			<width>2</width>
		</LineStyle>
	</Style>
	<Style id="inline14600">
		<LineStyle>
			<color>ff0055aa</color>
			<width>2</width>
		</LineStyle>
	</Style>
	<Style id="inline1491">
		<LineStyle>
			<color>ff00ff00</color>
			<width>2</width>
		</LineStyle>
	</Style>
	<Style id="inline1500">
		<LineStyle>
			<color>ff00ffff</color>
			<width>2</width>
		</LineStyle>
	</Style>
	<StyleMap id="inline1510">
		<Pair>
			<key>normal</key>
			<styleUrl>#inline1500</styleUrl>
		</Pair>
		<Pair>
			<key>highlight</key>
			<styleUrl>#inline1831</styleUrl>
		</Pair>
	</StyleMap>
	<Style id="inline15103">
		<LineStyle>
			<color>ff00ffff</color>
			<width>2</width>
		</LineStyle>
	</Style>
	<Style id="inline1518">
		<LineStyle>
			<color>ffffff00</color>
			<width>4</width>
		</LineStyle>
	</Style>
	<Style id="inline15180">
		<LineStyle>
			<color>ffffff00</color>
			<width>4</width>
		</LineStyle>
	</Style>
	<Style id="inline1532">
		<LineStyle>
			<color>ffffff00</color>
			<width>4</width>
		</LineStyle>
	</Style>
	<Style id="inline1533">
		<LineStyle>
			<color>ffff0000</color>
			<width>2</width>
		</LineStyle>
	</Style>
	<Style id="inline15360">
		<LineStyle>
			<color>ffffff00</color>
			<width>4</width>
		</LineStyle>
	</Style>
	<Style id="inline1540">
		<LineStyle>
			<color>ffffff00</color>
			<width>4</width>
		</LineStyle>
	</Style>
	<Style id="inline15401">
		<LineStyle>
			<color>ff7f00aa</color>
			<width>2</width>
		</LineStyle>
	</Style>
	<StyleMap id="inline1543">
		<Pair>
			<key>normal</key>
			<styleUrl>#inline2182</styleUrl>
		</Pair>
		<Pair>
			<key>highlight</key>
			<styleUrl>#inline1103</styleUrl>
		</Pair>
	</StyleMap>
	<Style id="inline1562">
		<LineStyle>
			<color>ff00ff00</color>
			<width>2</width>
		</LineStyle>
	</Style>
	<Style id="inline1568">
		<LineStyle>
			<color>ff0000ff</color>
			<width>2</width>
		</LineStyle>
	</Style>
	<Style id="inline157">
		<LineStyle>
			<color>ffff0000</color>
			<width>2</width>
		</LineStyle>
	</Style>
	<Style id="inline1571011">
		<LineStyle>
			<color>ff7f00aa</color>
			<width>2</width>
		</LineStyle>
	</Style>
	<Style id="inline1571013">
		<LineStyle>
			<color>ff0055aa</color>
			<width>2</width>
		</LineStyle>
	</Style>
	<Style id="inline157101440">
		<LineStyle>
			<color>ff00ff00</color>
			<width>2</width>
		</LineStyle>
	</Style>
	<Style id="inline157101442">
		<LineStyle>
			<color>ff00ffff</color>
			<width>2</width>
		</LineStyle>
	</Style>
	<Style id="inline157101444">
		<LineStyle>
			<width>2</width>
		</LineStyle>
	</Style>
	<Style id="inline157101445">
		<LineStyle>
			<color>ffff0000</color>
			<width>2</width>
		</LineStyle>
	</Style>
	<Style id="inline1571016">
		<LineStyle>
			<color>ff0055aa</color>
			<width>2</width>
		</LineStyle>
	</Style>
	<Style id="inline1571017">
		<LineStyle>
			<color>ff0055aa</color>
			<width>2</width>
		</LineStyle>
	</Style>
	<Style id="inline1571018">
		<LineStyle>
			<color>ff7f00aa</color>
			<width>2</width>
		</LineStyle>
	</Style>
	<Style id="inline1571019">
		<LineStyle>
			<color>ff0055aa</color>
			<width>2</width>
		</LineStyle>
	</Style>
	<Style id="inline157102">
		<LineStyle>
			<color>ff0055aa</color>
			<width>2</width>
		</LineStyle>
	</Style>
	<Style id="inline1571020">
		<LineStyle>
			<color>ff0055aa</color>
			<width>2</width>
		</LineStyle>
	</Style>
	<Style id="inline157102100">
		<LineStyle>
			<color>ff0055aa</color>
			<width>2</width>
		</LineStyle>
	</Style>
	<Style id="inline157103">
		<LineStyle>
			<color>ff0055aa</color>
			<width>2</width>
		</LineStyle>
	</Style>
	<Style id="inline157104">
		<LineStyle>
			<color>ff0055aa</color>
			<width>2</width>
		</LineStyle>
	</Style>
	<Style id="inline1571058">
		<LineStyle>
			<color>ffff0000</color>
			<width>2</width>
		</LineStyle>
	</Style>
	<Style id="inline157106">
		<LineStyle>
			<color>ff0055aa</color>
			<width>2</width>
		</LineStyle>
	</Style>
	<Style id="inline157109">
		<LineStyle>
			<color>ff7f00aa</color>
			<width>2</width>
		</LineStyle>
	</Style>
	<StyleMap id="inline1600">
		<Pair>
			<key>normal</key>
			<styleUrl>#inline250</styleUrl>
		</Pair>
		<Pair>
			<key>highlight</key>
			<styleUrl>#inline1532</styleUrl>
		</Pair>
	</StyleMap>
	<Style id="inline1617">
		<LineStyle>
			<color>ff0000ff</color>
			<width>2</width>
		</LineStyle>
	</Style>
	<Style id="inline1632">
		<LineStyle>
			<color>ff00ffff</color>
			<width>2</width>
		</LineStyle>
	</Style>
	<Style id="inline1637">
		<LineStyle>
			<color>ff00ff00</color>
			<width>2</width>
		</LineStyle>
	</Style>
	<Style id="inline1649">
		<LineStyle>
			<color>ffff0000</color>
			<width>2</width>
		</LineStyle>
	</Style>
	<Style id="inline1660">
		<LineStyle>
			<color>ff7f00aa</color>
			<width>2</width>
		</LineStyle>
	</Style>
	<Style id="inline16600">
		<LineStyle>
			<color>ffffff00</color>
			<width>4</width>
		</LineStyle>
	</Style>
	<Style id="inline16830">
		<LineStyle>
			<color>ffff0000</color>
			<width>2</width>
		</LineStyle>
	</Style>
	<Style id="inline17081">
		<LineStyle>
			<color>ff00ff00</color>
			<width>2</width>
		</LineStyle>
	</Style>
	<Style id="inline17154">
		<LineStyle>
			<color>ff7f00aa</color>
			<width>2</width>
		</LineStyle>
	</Style>
	<Style id="inline1718">
		<LineStyle>
			<color>ffff0000</color>
			<width>2</width>
		</LineStyle>
	</Style>
	<Style id="inline1728">
		<LineStyle>
			<color>ff00ffff</color>
			<width>2</width>
		</LineStyle>
	</Style>
	<Style id="inline1740">
		<LineStyle>
			<color>ff00ff00</color>
			<width>2</width>
		</LineStyle>
	</Style>
	<StyleMap id="inline17431">
		<Pair>
			<key>normal</key>
			<styleUrl>#inline7742</styleUrl>
		</Pair>
		<Pair>
			<key>highlight</key>
			<styleUrl>#inline9740</styleUrl>
		</Pair>
	</StyleMap>
	<Style id="inline17622">
		<LineStyle>
			<color>ff00ffff</color>
			<width>2</width>
		</LineStyle>
	</Style>
	<Style id="inline176221">
		<LineStyle>
			<width>2</width>
		</LineStyle>
	</Style>
	<Style id="inline1764">
		<LineStyle>
			<color>ffff55ff</color>
			<width>2</width>
		</LineStyle>
	</Style>
	<StyleMap id="inline178">
		<Pair>
			<key>normal</key>
			<styleUrl>#inline1617</styleUrl>
		</Pair>
		<Pair>
			<key>highlight</key>
			<styleUrl>#inline2321</styleUrl>
		</Pair>
	</StyleMap>
	<Style id="inline1787">
		<LineStyle>
			<color>ff0055aa</color>
			<width>2</width>
		</LineStyle>
	</Style>
	<StyleMap id="inline180">
		<Pair>
			<key>normal</key>
			<styleUrl>#inline001</styleUrl>
		</Pair>
		<Pair>
			<key>highlight</key>
			<styleUrl>#inline1101</styleUrl>
		</Pair>
	</StyleMap>
	<Style id="inline1800">
		<LineStyle>
			<color>ff0055aa</color>
			<width>2</width>
		</LineStyle>
	</Style>
	<Style id="inline1801021201103">
		<LineStyle>
			<color>ffffff00</color>
			<width>4</width>
		</LineStyle>
	</Style>
	<Style id="inline180102120110512">
		<LineStyle>
			<color>ff000000</color>
			<width>2</width>
		</LineStyle>
	</Style>
	<Style id="inline18051">
		<LineStyle>
			<color>ff00ffff</color>
			<width>2</width>
		</LineStyle>
	</Style>
	<Style id="inline180511">
		<LineStyle>
			<width>2</width>
		</LineStyle>
	</Style>
	<Style id="inline1831">
		<LineStyle>
			<color>ff00ffff</color>
			<width>2</width>
		</LineStyle>
	</Style>
	<StyleMap id="inline18581">
		<Pair>
			<key>normal</key>
			<styleUrl>#inline3666</styleUrl>
		</Pair>
		<Pair>
			<key>highlight</key>
			<styleUrl>#inline2779</styleUrl>
		</Pair>
	</StyleMap>
	<StyleMap id="inline18631">
		<Pair>
			<key>normal</key>
			<styleUrl>#inline15103</styleUrl>
		</Pair>
		<Pair>
			<key>highlight</key>
			<styleUrl>#inline6237</styleUrl>
		</Pair>
	</StyleMap>
	<StyleMap id="inline18724">
		<Pair>
			<key>normal</key>
			<styleUrl>#inline56516</styleUrl>
		</Pair>
		<Pair>
			<key>highlight</key>
			<styleUrl>#inline4220</styleUrl>
		</Pair>
	</StyleMap>
	<Style id="inline1900">
		<LineStyle>
			<color>ffff0000</color>
			<width>2</width>
		</LineStyle>
	</Style>
	<Style id="inline19061">
		<LineStyle>
			<color>ff7f00aa</color>
			<width>2</width>
		</LineStyle>
	</Style>
	<StyleMap id="inline1911">
		<Pair>
			<key>normal</key>
			<styleUrl>#inline1290</styleUrl>
		</Pair>
		<Pair>
			<key>highlight</key>
			<styleUrl>#inline11211</styleUrl>
		</Pair>
	</StyleMap>
	<StyleMap id="inline1912">
		<Pair>
			<key>normal</key>
			<styleUrl>#inline1299</styleUrl>
		</Pair>
		<Pair>
			<key>highlight</key>
			<styleUrl>#inline11201</styleUrl>
		</Pair>
	</StyleMap>
	<StyleMap id="inline1913">
		<Pair>
			<key>normal</key>
			<styleUrl>#inline1294</styleUrl>
		</Pair>
		<Pair>
			<key>highlight</key>
			<styleUrl>#inline1126</styleUrl>
		</Pair>
	</StyleMap>
	<StyleMap id="inline1914">
		<Pair>
			<key>normal</key>
			<styleUrl>#inline1296</styleUrl>
		</Pair>
		<Pair>
			<key>highlight</key>
			<styleUrl>#inline1123</styleUrl>
		</Pair>
	</StyleMap>
	<StyleMap id="inline1915">
		<Pair>
			<key>normal</key>
			<styleUrl>#inline1297</styleUrl>
		</Pair>
		<Pair>
			<key>highlight</key>
			<styleUrl>#inline112</styleUrl>
		</Pair>
	</StyleMap>
	<StyleMap id="inline192">
		<Pair>
			<key>normal</key>
			<styleUrl>#inline12911</styleUrl>
		</Pair>
		<Pair>
			<key>highlight</key>
			<styleUrl>#inline11210</styleUrl>
		</Pair>
	</StyleMap>
	<StyleMap id="inline193">
		<Pair>
			<key>normal</key>
			<styleUrl>#inline1293</styleUrl>
		</Pair>
		<Pair>
			<key>highlight</key>
			<styleUrl>#inline1125</styleUrl>
		</Pair>
	</StyleMap>
	<Style id="inline1937">
		<LineStyle>
			<color>ff0000ff</color>
			<width>2</width>
		</LineStyle>
	</Style>
	<StyleMap id="inline194">
		<Pair>
			<key>normal</key>
			<styleUrl>#inline12920</styleUrl>
		</Pair>
		<Pair>
			<key>highlight</key>
			<styleUrl>#inline1129</styleUrl>
		</Pair>
	</StyleMap>
	<StyleMap id="inline195">
		<Pair>
			<key>normal</key>
			<styleUrl>#inline1295</styleUrl>
		</Pair>
		<Pair>
			<key>highlight</key>
			<styleUrl>#inline1124</styleUrl>
		</Pair>
	</StyleMap>
	<Style id="inline196">
		<LineStyle>
			<color>ff0000ff</color>
			<width>2</width>
		</LineStyle>
	</Style>
	<Style id="inline1985">
		<LineStyle>
			<color>ffff0000</color>
			<width>2</width>
		</LineStyle>
	</Style>
	<StyleMap id="inline20">
		<Pair>
			<key>normal</key>
			<styleUrl>#inline1</styleUrl>
		</Pair>
		<Pair>
			<key>highlight</key>
			<styleUrl>#inline0</styleUrl>
		</Pair>
	</StyleMap>
	<Style id="inline2001">
		<LineStyle>
			<color>ff0000ff</color>
			<width>2</width>
		</LineStyle>
	</Style>
	<StyleMap id="inline20021">
		<Pair>
			<key>normal</key>
			<styleUrl>#inline3694</styleUrl>
		</Pair>
		<Pair>
			<key>highlight</key>
			<styleUrl>#inline3157</styleUrl>
		</Pair>
	</StyleMap>
	<Style id="inline2008">
		<LineStyle>
			<color>ff00ff00</color>
			<width>2</width>
		</LineStyle>
	</Style>
	<StyleMap id="inline2010">
		<Pair>
			<key>normal</key>
			<styleUrl>#inline196</styleUrl>
		</Pair>
		<Pair>
			<key>highlight</key>
			<styleUrl>#inline2001</styleUrl>
		</Pair>
	</StyleMap>
	<StyleMap id="inline2029">
		<Pair>
			<key>normal</key>
			<styleUrl>#inline4024</styleUrl>
		</Pair>
		<Pair>
			<key>highlight</key>
			<styleUrl>#inline4221</styleUrl>
		</Pair>
	</StyleMap>
	<Style id="inline20313">
		<LineStyle>
			<color>ff00ffff</color>
			<width>2</width>
		</LineStyle>
	</Style>
	<Style id="inline2051">
		<LineStyle>
			<color>ffff55ff</color>
			<width>2</width>
		</LineStyle>
	</Style>
	<Style id="inline2075">
		<LineStyle>
			<color>ff00ff00</color>
			<width>2</width>
		</LineStyle>
	</Style>
	<StyleMap id="inline20991">
		<Pair>
			<key>normal</key>
			<styleUrl>#inline3052</styleUrl>
		</Pair>
		<Pair>
			<key>highlight</key>
			<styleUrl>#inline54800</styleUrl>
		</Pair>
	</StyleMap>
	<Style id="inline2104">
		<LineStyle>
			<color>ff00ff00</color>
			<width>2</width>
		</LineStyle>
	</Style>
	<Style id="inline2106">
		<LineStyle>
			<color>ff00ff00</color>
			<width>2</width>
		</LineStyle>
	</Style>
	<StyleMap id="inline21100">
		<Pair>
			<key>normal</key>
			<styleUrl>#inline85001</styleUrl>
		</Pair>
		<Pair>
			<key>highlight</key>
			<styleUrl>#inline45001</styleUrl>
		</Pair>
	</StyleMap>
	<StyleMap id="inline212">
		<Pair>
			<key>normal</key>
			<styleUrl>#inline80</styleUrl>
		</Pair>
		<Pair>
			<key>highlight</key>
			<styleUrl>#inline1412</styleUrl>
		</Pair>
	</StyleMap>
	<StyleMap id="inline2126">
		<Pair>
			<key>normal</key>
			<styleUrl>#inline3342</styleUrl>
		</Pair>
		<Pair>
			<key>highlight</key>
			<styleUrl>#inline3127</styleUrl>
		</Pair>
	</StyleMap>
	<StyleMap id="inline213">
		<Pair>
			<key>normal</key>
			<styleUrl>#inline1660</styleUrl>
		</Pair>
		<Pair>
			<key>highlight</key>
			<styleUrl>#inline15401</styleUrl>
		</Pair>
	</StyleMap>
	<StyleMap id="inline2130">
		<Pair>
			<key>normal</key>
			<styleUrl>#inline16600</styleUrl>
		</Pair>
		<Pair>
			<key>highlight</key>
			<styleUrl>#inline1540</styleUrl>
		</Pair>
	</StyleMap>
	<Style id="inline21471">
		<LineStyle>
			<color>ff00ff00</color>
			<width>2</width>
		</LineStyle>
	</Style>
	<StyleMap id="inline2170">
		<Pair>
			<key>normal</key>
			<styleUrl>#inline6027</styleUrl>
		</Pair>
		<Pair>
			<key>highlight</key>
			<styleUrl>#inline4010</styleUrl>
		</Pair>
	</StyleMap>
	<Style id="inline2182">
		<LineStyle>
			<color>ff0055aa</color>
			<width>2</width>
		</LineStyle>
	</Style>
	<Style id="inline2191">
		<LineStyle>
			<color>ff00ffff</color>
			<width>2</width>
		</LineStyle>
	</Style>
	<Style id="inline219103">
		<LineStyle>
			<color>ff00ffff</color>
			<width>2</width>
		</LineStyle>
	</Style>
	<Style id="inline219104">
		<LineStyle>
			<color>ff0000ff</color>
			<width>2</width>
		</LineStyle>
	</Style>
	<Style id="inline219105">
		<LineStyle>
			<color>ffffff00</color>
			<width>4</width>
		</LineStyle>
	</Style>
	<Style id="inline219110">
		<LineStyle>
			<color>ff7f00aa</color>
			<width>2</width>
		</LineStyle>
	</Style>
	<Style id="inline219114">
		<LineStyle>
			<color>ff00ff00</color>
			<width>2</width>
		</LineStyle>
	</Style>
	<Style id="inline219117">
		<LineStyle>
			<color>ff7f00aa</color>
			<width>2</width>
		</LineStyle>
	</Style>
	<Style id="inline219118">
		<LineStyle>
			<color>ff00ff00</color>
			<width>2</width>
		</LineStyle>
	</Style>
	<Style id="inline219119">
		<LineStyle>
			<color>ff7f00aa</color>
			<width>2</width>
		</LineStyle>
	</Style>
	<Style id="inline2191200">
		<LineStyle>
			<color>ff00ff00</color>
			<width>2</width>
		</LineStyle>
	</Style>
	<Style id="inline219122">
		<LineStyle>
			<color>ffffff00</color>
			<width>4</width>
		</LineStyle>
	</Style>
	<Style id="inline219123">
		<LineStyle>
			<color>ffffff00</color>
			<width>4</width>
		</LineStyle>
	</Style>
	<Style id="inline219124">
		<LineStyle>
			<color>ff7f55ff</color>
			<width>2</width>
		</LineStyle>
	</Style>
	<Style id="inline219127">
		<LineStyle>
			<color>ff00ffff</color>
			<width>2</width>
		</LineStyle>
	</Style>
	<Style id="inline219138">
		<LineStyle>
			<color>ff7f00aa</color>
			<width>2</width>
		</LineStyle>
	</Style>
	<Style id="inline219141">
		<LineStyle>
			<color>ff7f00aa</color>
			<width>2</width>
		</LineStyle>
	</Style>
	<Style id="inline219142">
		<LineStyle>
			<color>ffffff00</color>
			<width>4</width>
		</LineStyle>
	</Style>
	<Style id="inline219143">
		<LineStyle>
			<color>ffffff00</color>
			<width>4</width>
		</LineStyle>
	</Style>
	<Style id="inline219147">
		<LineStyle>
			<color>ffffff00</color>
			<width>4</width>
		</LineStyle>
	</Style>
	<Style id="inline219148">
		<LineStyle>
			<color>ff00ffff</color>
			<width>2</width>
		</LineStyle>
	</Style>
	<Style id="inline21915">
		<LineStyle>
			<color>ffffff00</color>
			<width>4</width>
		</LineStyle>
	</Style>
	<Style id="inline219155">
		<LineStyle>
			<color>ff00ff00</color>
			<width>2</width>
		</LineStyle>
	</Style>
	<Style id="inline219156">
		<LineStyle>
			<color>ff7f55ff</color>
			<width>2</width>
		</LineStyle>
	</Style>
	<Style id="inline21916">
		<LineStyle>
			<color>ff0000ff</color>
			<width>2</width>
		</LineStyle>
	</Style>
	<Style id="inline219162">
		<LineStyle>
			<color>ff00ffff</color>
			<width>2</width>
		</LineStyle>
	</Style>
	<Style id="inline219163">
		<LineStyle>
			<color>ff7f00aa</color>
			<width>2</width>
		</LineStyle>
	</Style>
	<Style id="inline21917">
		<LineStyle>
			<color>ffffff00</color>
			<width>4</width>
		</LineStyle>
	</Style>
	<Style id="inline219170">
		<LineStyle>
			<color>ff00ff00</color>
			<width>2</width>
		</LineStyle>
	</Style>
	<Style id="inline219171">
		<LineStyle>
			<color>ffffff00</color>
			<width>4</width>
		</LineStyle>
	</Style>
	<Style id="inline219172">
		<LineStyle>
			<color>ff00ff00</color>
			<width>2</width>
		</LineStyle>
	</Style>
	<Style id="inline219173">
		<LineStyle>
			<color>ff00ffff</color>
			<width>2</width>
		</LineStyle>
	</Style>
	<Style id="inline2191782">
		<LineStyle>
			<color>ff00ffff</color>
			<width>2</width>
		</LineStyle>
	</Style>
	<Style id="inline219180">
		<LineStyle>
			<color>ff00ffff</color>
			<width>2</width>
		</LineStyle>
	</Style>
	<Style id="inline2191810">
		<LineStyle>
			<color>ffffff00</color>
			<width>4</width>
		</LineStyle>
	</Style>
	<Style id="inline219183">
		<LineStyle>
			<color>ff0000ff</color>
			<width>2</width>
		</LineStyle>
	</Style>
	<Style id="inline219184">
		<LineStyle>
			<color>ff7f00aa</color>
			<width>2</width>
		</LineStyle>
	</Style>
	<Style id="inline219189">
		<LineStyle>
			<color>ff0000ff</color>
			<width>2</width>
		</LineStyle>
	</Style>
	<Style id="inline219191">
		<LineStyle>
			<color>ffffff00</color>
			<width>4</width>
		</LineStyle>
	</Style>
	<Style id="inline219195">
		<LineStyle>
			<color>ff0000ff</color>
			<width>2</width>
		</LineStyle>
	</Style>
	<Style id="inline219198">
		<LineStyle>
			<color>ff00ffff</color>
			<width>2</width>
		</LineStyle>
	</Style>
	<Style id="inline2192020">
		<LineStyle>
			<color>ffff0000</color>
			<width>2</width>
		</LineStyle>
	</Style>
	<Style id="inline219203">
		<LineStyle>
			<color>ff0000ff</color>
			<width>2</width>
		</LineStyle>
	</Style>
	<Style id="inline2192044">
		<LineStyle>
			<color>ffffff00</color>
			<width>4</width>
		</LineStyle>
	</Style>
	<Style id="inline21920440">
		<LineStyle>
			<color>ff00ffff</color>
			<width>2</width>
		</LineStyle>
	</Style>
	<Style id="inline21920441">
		<LineStyle>
			<color>ff00ffff</color>
			<width>2</width>
		</LineStyle>
	</Style>
	<Style id="inline21920442">
		<LineStyle>
			<color>ff7f00aa</color>
			<width>2</width>
		</LineStyle>
	</Style>
	<Style id="inline21920443">
		<LineStyle>
			<width>2</width>
		</LineStyle>
	</Style>
	<Style id="inline2192048">
		<LineStyle>
			<color>ff00ffff</color>
			<width>2</width>
		</LineStyle>
	</Style>
	<Style id="inline219206">
		<LineStyle>
			<color>ffffff00</color>
			<width>4</width>
		</LineStyle>
	</Style>
	<Style id="inline219209">
		<LineStyle>
			<color>ffff0000</color>
			<width>2</width>
		</LineStyle>
	</Style>
	<Style id="inline2192090">
		<LineStyle>
			<color>ff00ff00</color>
			<width>2</width>
		</LineStyle>
	</Style>
	<Style id="inline219210">
		<LineStyle>
			<color>ff00ff00</color>
			<width>2</width>
		</LineStyle>
	</Style>
	<Style id="inline219213">
		<LineStyle>
			<color>ff7f55ff</color>
			<width>2</width>
		</LineStyle>
	</Style>
	<Style id="inline219221">
		<LineStyle>
			<color>ff00ffff</color>
			<width>2</width>
		</LineStyle>
	</Style>
	<Style id="inline219222">
		<LineStyle>
			<color>ff00ffff</color>
			<width>2</width>
		</LineStyle>
	</Style>
	<Style id="inline219226">
		<LineStyle>
			<color>ffff0000</color>
			<width>2</width>
		</LineStyle>
	</Style>
	<Style id="inline219231">
		<LineStyle>
			<color>ff0000ff</color>
			<width>2</width>
		</LineStyle>
	</Style>
	<Style id="inline219242">
		<LineStyle>
			<color>ffff0000</color>
			<width>2</width>
		</LineStyle>
	</Style>
	<Style id="inline219243">
		<LineStyle>
			<color>ff7f00aa</color>
			<width>2</width>
		</LineStyle>
	</Style>
	<Style id="inline219244">
		<LineStyle>
			<color>ffff0000</color>
			<width>2</width>
		</LineStyle>
	</Style>
	<Style id="inline219245">
		<LineStyle>
			<color>ffffff00</color>
			<width>4</width>
		</LineStyle>
	</Style>
	<Style id="inline219248">
		<LineStyle>
			<color>ff0000ff</color>
			<width>2</width>
		</LineStyle>
	</Style>
	<Style id="inline219249">
		<LineStyle>
			<color>ffff0000</color>
			<width>2</width>
		</LineStyle>
	</Style>
	<Style id="inline219262">
		<LineStyle>
			<color>ffff0000</color>
			<width>2</width>
		</LineStyle>
	</Style>
	<Style id="inline219264">
		<LineStyle>
			<color>ffff0000</color>
			<width>2</width>
		</LineStyle>
	</Style>
	<Style id="inline219266">
		<LineStyle>
			<color>ff7f55ff</color>
			<width>2</width>
		</LineStyle>
	</Style>
	<Style id="inline219269">
		<LineStyle>
			<color>ff00ffff</color>
			<width>2</width>
		</LineStyle>
	</Style>
	<Style id="inline219271">
		<LineStyle>
			<color>ffff0000</color>
			<width>2</width>
		</LineStyle>
	</Style>
	<Style id="inline219277">
		<LineStyle>
			<color>ff7f55ff</color>
			<width>2</width>
		</LineStyle>
	</Style>
	<Style id="inline219285">
		<LineStyle>
			<color>ffff00ff</color>
			<width>2</width>
		</LineStyle>
	</Style>
	<Style id="inline2192850">
		<LineStyle>
			<color>ffffff00</color>
			<width>4</width>
		</LineStyle>
	</Style>
	<Style id="inline219286">
		<LineStyle>
			<color>ff00ffff</color>
			<width>2</width>
		</LineStyle>
	</Style>
	<Style id="inline219289">
		<LineStyle>
			<color>ffffff00</color>
			<width>4</width>
		</LineStyle>
	</Style>
	<Style id="inline219290">
		<LineStyle>
			<color>ffffff00</color>
			<width>4</width>
		</LineStyle>
	</Style>
	<Style id="inline219292">
		<LineStyle>
			<color>ffffff00</color>
			<width>4</width>
		</LineStyle>
	</Style>
	<Style id="inline219294">
		<LineStyle>
			<width>2</width>
		</LineStyle>
	</Style>
	<Style id="inline219296">
		<LineStyle>
			<width>2</width>
		</LineStyle>
	</Style>
	<Style id="inline219299">
		<LineStyle>
			<color>ff00ff00</color>
			<width>2</width>
		</LineStyle>
	</Style>
	<Style id="inline219305">
		<LineStyle>
			<color>ff00ff00</color>
			<width>2</width>
		</LineStyle>
	</Style>
	<Style id="inline21931">
		<LineStyle>
			<color>ffffff00</color>
			<width>4</width>
		</LineStyle>
	</Style>
	<Style id="inline219313">
		<LineStyle>
			<color>ff0000ff</color>
			<width>2</width>
		</LineStyle>
	</Style>
	<Style id="inline219316">
		<LineStyle>
			<color>ff7f00aa</color>
			<width>2</width>
		</LineStyle>
	</Style>
	<Style id="inline21932">
		<LineStyle>
			<color>ff7f55ff</color>
			<width>2</width>
		</LineStyle>
	</Style>
	<Style id="inline219321">
		<LineStyle>
			<color>ff00ffff</color>
			<width>2</width>
		</LineStyle>
	</Style>
	<Style id="inline219327">
		<LineStyle>
			<color>ffff0000</color>
			<width>2</width>
		</LineStyle>
	</Style>
	<Style id="inline219333">
		<LineStyle>
			<color>ff0000ff</color>
			<width>2</width>
		</LineStyle>
	</Style>
	<Style id="inline219341">
		<LineStyle>
			<color>ff00ffff</color>
			<width>2</width>
		</LineStyle>
	</Style>
	<Style id="inline219342">
		<LineStyle>
			<color>ff0000ff</color>
			<width>2</width>
		</LineStyle>
	</Style>
	<Style id="inline219348">
		<LineStyle>
			<color>ffff0000</color>
			<width>2</width>
		</LineStyle>
	</Style>
	<Style id="inline21935">
		<LineStyle>
			<color>ff7f55ff</color>
			<width>2</width>
		</LineStyle>
	</Style>
	<Style id="inline219353">
		<LineStyle>
			<color>ff00ff00</color>
			<width>2</width>
		</LineStyle>
	</Style>
	<Style id="inline2193530">
		<LineStyle>
			<color>ff0000ff</color>
			<width>2</width>
		</LineStyle>
	</Style>
	<Style id="inline219354">
		<LineStyle>
			<color>ff0000ff</color>
			<width>2</width>
		</LineStyle>
	</Style>
	<Style id="inline21936">
		<LineStyle>
			<color>ff7f00aa</color>
			<width>2</width>
		</LineStyle>
	</Style>
	<Style id="inline219360">
		<LineStyle>
			<color>ffffff00</color>
			<width>4</width>
		</LineStyle>
	</Style>
	<Style id="inline219370">
		<LineStyle>
			<color>ff0000ff</color>
			<width>2</width>
		</LineStyle>
	</Style>
	<Style id="inline219374">
		<LineStyle>
			<color>ff00ffff</color>
			<width>2</width>
		</LineStyle>
	</Style>
	<Style id="inline219378">
		<LineStyle>
			<color>ff7f00aa</color>
			<width>2</width>
		</LineStyle>
	</Style>
	<Style id="inline21938">
		<LineStyle>
			<color>ff7f00aa</color>
			<width>2</width>
		</LineStyle>
	</Style>
	<Style id="inline219381">
		<LineStyle>
			<color>ff00ffff</color>
			<width>2</width>
		</LineStyle>
	</Style>
	<Style id="inline219385">
		<LineStyle>
			<color>ff00ff00</color>
			<width>2</width>
		</LineStyle>
	</Style>
	<Style id="inline219386">
		<LineStyle>
			<color>ff00ff00</color>
			<width>2</width>
		</LineStyle>
	</Style>
	<Style id="inline21939">
		<LineStyle>
			<color>ffff0000</color>
			<width>2</width>
		</LineStyle>
	</Style>
	<Style id="inline219398">
		<LineStyle>
			<color>ffff0000</color>
			<width>2</width>
		</LineStyle>
	</Style>
	<Style id="inline2194030">
		<LineStyle>
			<color>ffff0000</color>
			<width>2</width>
		</LineStyle>
	</Style>
	<Style id="inline219405">
		<LineStyle>
			<color>ff0000ff</color>
			<width>2</width>
		</LineStyle>
	</Style>
	<Style id="inline219406">
		<LineStyle>
			<color>ff0000ff</color>
			<width>2</width>
		</LineStyle>
	</Style>
	<Style id="inline219408">
		<LineStyle>
			<color>ffffff00</color>
			<width>4</width>
		</LineStyle>
	</Style>
	<Style id="inline219413">
		<LineStyle>
			<color>ff00ff00</color>
			<width>2</width>
		</LineStyle>
	</Style>
	<Style id="inline219418">
		<LineStyle>
			<color>ffffff00</color>
			<width>4</width>
		</LineStyle>
	</Style>
	<Style id="inline21942">
		<LineStyle>
			<width>2</width>
		</LineStyle>
	</Style>
	<Style id="inline219420">
		<LineStyle>
			<color>ff00ffff</color>
			<width>2</width>
		</LineStyle>
	</Style>
	<Style id="inline219425">
		<LineStyle>
			<color>ff00ff00</color>
			<width>2</width>
		</LineStyle>
	</Style>
	<Style id="inline219429">
		<LineStyle>
			<color>ff7f00aa</color>
			<width>2</width>
		</LineStyle>
	</Style>
	<Style id="inline21944">
		<LineStyle>
			<color>ff00ffff</color>
			<width>2</width>
		</LineStyle>
	</Style>
	<Style id="inline2195">
		<LineStyle>
			<color>ff0000ff</color>
			<width>2</width>
		</LineStyle>
	</Style>
	<Style id="inline21953">
		<LineStyle>
			<color>ff00ff00</color>
			<width>2</width>
		</LineStyle>
	</Style>
	<Style id="inline21954">
		<LineStyle>
			<color>ffff0000</color>
			<width>2</width>
		</LineStyle>
	</Style>
	<Style id="inline21955">
		<LineStyle>
			<color>ff00ff00</color>
			<width>2</width>
		</LineStyle>
	</Style>
	<Style id="inline21961">
		<LineStyle>
			<color>ff00ff00</color>
			<width>2</width>
		</LineStyle>
	</Style>
	<Style id="inline21968">
		<LineStyle>
			<color>ff00ff00</color>
			<width>2</width>
		</LineStyle>
	</Style>
	<Style id="inline21972">
		<LineStyle>
			<color>ff7f00aa</color>
			<width>2</width>
		</LineStyle>
	</Style>
	<Style id="inline219720">
		<LineStyle>
			<color>ffff0000</color>
			<width>2</width>
		</LineStyle>
	</Style>
	<Style id="inline21975">
		<LineStyle>
			<color>ffff0000</color>
			<width>2</width>
		</LineStyle>
	</Style>
	<Style id="inline21988">
		<LineStyle>
			<color>ff00ffff</color>
			<width>2</width>
		</LineStyle>
	</Style>
	<Style id="inline21989">
		<LineStyle>
			<color>ff00ffff</color>
			<width>2</width>
		</LineStyle>
	</Style>
	<Style id="inline21994">
		<LineStyle>
			<color>ff00ff00</color>
			<width>2</width>
		</LineStyle>
	</Style>
	<Style id="inline21995">
		<LineStyle>
			<color>ff7f55ff</color>
			<width>2</width>
		</LineStyle>
	</Style>
	<Style id="inline2201">
		<LineStyle>
			<color>ff0000ff</color>
			<width>2</width>
		</LineStyle>
		<PolyStyle>
			<fill>0</fill>
		</PolyStyle>
	</Style>
	<Style id="inline2203">
		<LineStyle>
			<color>ffffff00</color>
			<width>4</width>
		</LineStyle>
	</Style>
	<StyleMap id="inline2215">
		<Pair>
			<key>normal</key>
			<styleUrl>#inline127</styleUrl>
		</Pair>
		<Pair>
			<key>highlight</key>
			<styleUrl>#inline4163</styleUrl>
		</Pair>
	</StyleMap>
	<Style id="inline2235">
		<LineStyle>
			<color>ff00ff00</color>
			<width>2</width>
		</LineStyle>
	</Style>
	<Style id="inline22402">
		<LineStyle>
			<color>ffffff00</color>
			<width>4</width>
		</LineStyle>
	</Style>
	<StyleMap id="inline2248">
		<Pair>
			<key>normal</key>
			<styleUrl>#inline39570</styleUrl>
		</Pair>
		<Pair>
			<key>highlight</key>
			<styleUrl>#inline4247</styleUrl>
		</Pair>
	</StyleMap>
	<StyleMap id="inline2273">
		<Pair>
			<key>normal</key>
			<styleUrl>#inline17154</styleUrl>
		</Pair>
		<Pair>
			<key>highlight</key>
			<styleUrl>#inline11020</styleUrl>
		</Pair>
	</StyleMap>
	<Style id="inline229110">
		<LineStyle>
			<color>ffffff00</color>
			<width>4</width>
		</LineStyle>
	</Style>
	<Style id="inline2291111">
		<LineStyle>
			<width>2</width>
		</LineStyle>
	</Style>
	<Style id="inline2291112">
		<LineStyle>
			<color>ff0055ff</color>
			<width>4</width>
		</LineStyle>
	</Style>
	<Style id="inline229112">
		<LineStyle>
			<color>ffffff00</color>
			<width>4</width>
		</LineStyle>
	</Style>
	<Style id="inline229119">
		<LineStyle>
			<color>ff00ffff</color>
			<width>2</width>
		</LineStyle>
	</Style>
	<Style id="inline22932">
		<LineStyle>
			<color>ffff0000</color>
			<width>2</width>
		</LineStyle>
	</Style>
	<Style id="inline2321">
		<LineStyle>
			<color>ff0000ff</color>
			<width>2</width>
		</LineStyle>
	</Style>
	<StyleMap id="inline232801">
		<Pair>
			<key>normal</key>
			<styleUrl>#inline3328100</styleUrl>
		</Pair>
		<Pair>
			<key>highlight</key>
			<styleUrl>#inline31361</styleUrl>
		</Pair>
	</StyleMap>
	<Style id="inline2329">
		<LineStyle>
			<color>ffff0000</color>
			<width>2</width>
		</LineStyle>
	</Style>
	<Style id="inline2356">
		<LineStyle>
			<color>ff7f55ff</color>
			<width>2</width>
		</LineStyle>
	</Style>
	<StyleMap id="inline23916050008">
		<Pair>
			<key>normal</key>
			<styleUrl>#inline180102120110512</styleUrl>
		</Pair>
		<Pair>
			<key>highlight</key>
			<styleUrl>#inline1081224120314</styleUrl>
		</Pair>
	</StyleMap>
	<StyleMap id="inline2391605001">
		<Pair>
			<key>normal</key>
			<styleUrl>#inline1801021201103</styleUrl>
		</Pair>
		<Pair>
			<key>highlight</key>
			<styleUrl>#inline108122412030</styleUrl>
		</Pair>
	</StyleMap>
	<StyleMap id="inline23950">
		<Pair>
			<key>normal</key>
			<styleUrl>#inline4977</styleUrl>
		</Pair>
		<Pair>
			<key>highlight</key>
			<styleUrl>#inline48750</styleUrl>
		</Pair>
	</StyleMap>
	<Style id="inline2401">
		<LineStyle>
			<width>2</width>
		</LineStyle>
	</Style>
	<Style id="inline24061">
		<LineStyle>
			<color>ffffff00</color>
			<width>4</width>
		</LineStyle>
	</Style>
	<Style id="inline2421">
		<LineStyle>
			<color>ff0000ff</color>
			<width>2</width>
		</LineStyle>
	</Style>
	<Style id="inline2429">
		<LineStyle>
			<color>ff00ff00</color>
			<width>2</width>
		</LineStyle>
	</Style>
	<StyleMap id="inline24371">
		<Pair>
			<key>normal</key>
			<styleUrl>#inline6238</styleUrl>
		</Pair>
		<Pair>
			<key>highlight</key>
			<styleUrl>#inline5888</styleUrl>
		</Pair>
	</StyleMap>
	<StyleMap id="inline24381">
		<Pair>
			<key>normal</key>
			<styleUrl>#inline8643</styleUrl>
		</Pair>
		<Pair>
			<key>highlight</key>
			<styleUrl>#inline1053</styleUrl>
		</Pair>
	</StyleMap>
	<StyleMap id="inline2492">
		<Pair>
			<key>normal</key>
			<styleUrl>#inline3544</styleUrl>
		</Pair>
		<Pair>
			<key>highlight</key>
			<styleUrl>#inline33850</styleUrl>
		</Pair>
	</StyleMap>
	<Style id="inline2493">
		<LineStyle>
			<color>ff00ff00</color>
			<width>2</width>
		</LineStyle>
	</Style>
	<Style id="inline250">
		<LineStyle>
			<color>ffffff00</color>
			<width>4</width>
		</LineStyle>
	</Style>
	<Style id="inline2506">
		<LineStyle>
			<color>ff7f00aa</color>
			<width>2</width>
		</LineStyle>
	</Style>
	<Style id="inline251">
		<LineStyle>
			<color>ff0000ff</color>
			<width>2</width>
		</LineStyle>
	</Style>
	<Style id="inline25291">
		<LineStyle>
			<color>ff00ffff</color>
			<width>2</width>
		</LineStyle>
	</Style>
	<Style id="inline2544">
		<LineStyle>
			<color>ff00ff00</color>
			<width>2</width>
		</LineStyle>
	</Style>
	<Style id="inline2602">
		<LineStyle>
			<color>ffff0000</color>
			<width>2</width>
		</LineStyle>
	</Style>
	<Style id="inline26571">
		<LineStyle>
			<color>ff7f00aa</color>
			<width>2</width>
		</LineStyle>
	</Style>
	<Style id="inline2662">
		<LineStyle>
			<color>ff00ff00</color>
			<width>2</width>
		</LineStyle>
	</Style>
	<Style id="inline2674">
		<LineStyle>
			<color>ff00ff00</color>
			<width>2</width>
		</LineStyle>
	</Style>
	<Style id="inline2692">
		<LineStyle>
			<color>ffffff00</color>
			<width>4</width>
		</LineStyle>
	</Style>
	<StyleMap id="inline2705">
		<Pair>
			<key>normal</key>
			<styleUrl>#inline3715</styleUrl>
		</Pair>
		<Pair>
			<key>highlight</key>
			<styleUrl>#inline3596</styleUrl>
		</Pair>
	</StyleMap>
	<Style id="inline2710">
		<LineStyle>
			<color>ffff0000</color>
			<width>2</width>
		</LineStyle>
	</Style>
	<Style id="inline2712">
		<LineStyle>
			<color>ff7f55ff</color>
			<width>2</width>
		</LineStyle>
	</Style>
	<Style id="inline2731">
		<LineStyle>
			<color>ffff0000</color>
			<width>2</width>
		</LineStyle>
	</Style>
	<StyleMap id="inline2734">
		<Pair>
			<key>normal</key>
			<styleUrl>#inline1728</styleUrl>
		</Pair>
		<Pair>
			<key>highlight</key>
			<styleUrl>#inline1632</styleUrl>
		</Pair>
	</StyleMap>
	<StyleMap id="inline2738">
		<Pair>
			<key>normal</key>
			<styleUrl>#inline16830</styleUrl>
		</Pair>
		<Pair>
			<key>highlight</key>
			<styleUrl>#inline1408</styleUrl>
		</Pair>
	</StyleMap>
	<Style id="inline2779">
		<LineStyle>
			<color>ff7f55ff</color>
			<width>2</width>
		</LineStyle>
	</Style>
	<Style id="inline2795">
		<LineStyle>
			<color>ffffff00</color>
			<width>4</width>
		</LineStyle>
	</Style>
	<Style id="inline2802">
		<LineStyle>
			<color>ffff0000</color>
			<width>2</width>
		</LineStyle>
	</Style>
	<Style id="inline28170">
		<LineStyle>
			<color>ff7f55ff</color>
			<width>2</width>
		</LineStyle>
	</Style>
	<Style id="inline2826">
		<LineStyle>
			<color>ffffff00</color>
			<width>4</width>
		</LineStyle>
	</Style>
	<Style id="inline2839">
		<LineStyle>
			<color>ff00ff00</color>
			<width>2</width>
		</LineStyle>
	</Style>
	<Style id="inline2887">
		<LineStyle>
			<color>ff0000ff</color>
			<width>2</width>
		</LineStyle>
	</Style>
	<Style id="inline2888">
		<LineStyle>
			<color>ffffff00</color>
			<width>4</width>
		</LineStyle>
	</Style>
	<Style id="inline2889">
		<LineStyle>
			<color>ff00ff00</color>
			<width>2</width>
		</LineStyle>
	</Style>
	<Style id="inline28950">
		<LineStyle>
			<color>ffff0000</color>
			<width>2</width>
		</LineStyle>
	</Style>
	<Style id="inline28951">
		<LineStyle>
			<color>ff00ff00</color>
			<width>2</width>
		</LineStyle>
	</Style>
	<StyleMap id="inline29100">
		<Pair>
			<key>normal</key>
			<styleUrl>#inline450</styleUrl>
		</Pair>
		<Pair>
			<key>highlight</key>
			<styleUrl>#inline1201</styleUrl>
		</Pair>
	</StyleMap>
	<Style id="inline2926">
		<LineStyle>
			<color>ffffff00</color>
			<width>4</width>
		</LineStyle>
	</Style>
	<Style id="inline2973">
		<LineStyle>
			<color>ff00ff00</color>
			<width>2</width>
		</LineStyle>
	</Style>
	<Style id="inline2997">
		<LineStyle>
			<width>2</width>
		</LineStyle>
	</Style>
	<Style id="inline29980">
		<LineStyle>
			<color>ffff0000</color>
			<width>2</width>
		</LineStyle>
	</Style>
	<Style id="inline2998000">
		<LineStyle>
			<color>ff00ff00</color>
			<width>2</width>
		</LineStyle>
	</Style>
	<StyleMap id="inline3030">
		<Pair>
			<key>normal</key>
			<styleUrl>#inline3562</styleUrl>
		</Pair>
		<Pair>
			<key>highlight</key>
			<styleUrl>#inline3709</styleUrl>
		</Pair>
	</StyleMap>
	<StyleMap id="inline3035">
		<Pair>
			<key>normal</key>
			<styleUrl>#inline3213</styleUrl>
		</Pair>
		<Pair>
			<key>highlight</key>
			<styleUrl>#inline2795</styleUrl>
		</Pair>
	</StyleMap>
	<Style id="inline3044">
		<LineStyle>
			<color>ff00ff00</color>
			<width>2</width>
		</LineStyle>
	</Style>
	<Style id="inline3052">
		<LineStyle>
			<color>ffffff00</color>
			<width>4</width>
		</LineStyle>
	</Style>
	<Style id="inline3055">
		<LineStyle>
			<color>ffffff00</color>
			<width>4</width>
		</LineStyle>
	</Style>
	<StyleMap id="inline3089">
		<Pair>
			<key>normal</key>
			<styleUrl>#inline2674</styleUrl>
		</Pair>
		<Pair>
			<key>highlight</key>
			<styleUrl>#inline2075</styleUrl>
		</Pair>
	</StyleMap>
	<Style id="inline30922">
		<LineStyle>
			<color>ff00ff00</color>
			<width>2</width>
		</LineStyle>
	</Style>
	<Style id="inline3126">
		<LineStyle>
			<color>ff0000ff</color>
			<width>2</width>
		</LineStyle>
	</Style>
	<Style id="inline3127">
		<LineStyle>
			<color>ff00ffff</color>
			<width>2</width>
		</LineStyle>
	</Style>
	<Style id="inline31361">
		<LineStyle>
			<width>2</width>
		</LineStyle>
	</Style>
	<Style id="inline3157">
		<LineStyle>
			<color>ff0000ff</color>
			<width>2</width>
		</LineStyle>
	</Style>
	<StyleMap id="inline3162">
		<Pair>
			<key>normal</key>
			<styleUrl>#inline43390</styleUrl>
		</Pair>
		<Pair>
			<key>highlight</key>
			<styleUrl>#inline762</styleUrl>
		</Pair>
	</StyleMap>
	<StyleMap id="inline31822">
		<Pair>
			<key>normal</key>
			<styleUrl>#inline30922</styleUrl>
		</Pair>
		<Pair>
			<key>highlight</key>
			<styleUrl>#inline33561</styleUrl>
		</Pair>
	</StyleMap>
	<Style id="inline3201">
		<LineStyle>
			<color>ff00ffff</color>
			<width>2</width>
		</LineStyle>
	</Style>
	<Style id="inline3207">
		<LineStyle>
			<color>ff00ff00</color>
			<width>2</width>
		</LineStyle>
	</Style>
	<Style id="inline3213">
		<LineStyle>
			<color>ffffff00</color>
			<width>4</width>
		</LineStyle>
	</Style>
	<StyleMap id="inline32140">
		<Pair>
			<key>normal</key>
			<styleUrl>#inline3847</styleUrl>
		</Pair>
		<Pair>
			<key>highlight</key>
			<styleUrl>#inline2429</styleUrl>
		</Pair>
	</StyleMap>
	<StyleMap id="inline32171">
		<Pair>
			<key>normal</key>
			<styleUrl>#inline979</styleUrl>
		</Pair>
		<Pair>
			<key>highlight</key>
			<styleUrl>#inline15180</styleUrl>
		</Pair>
	</StyleMap>
	<StyleMap id="inline321710">
		<Pair>
			<key>normal</key>
			<styleUrl>#inline9790</styleUrl>
		</Pair>
		<Pair>
			<key>highlight</key>
			<styleUrl>#inline1518</styleUrl>
		</Pair>
	</StyleMap>
	<Style id="inline3220">
		<LineStyle>
			<width>2</width>
		</LineStyle>
	</Style>
	<Style id="inline3225">
		<LineStyle>
			<color>ffffff00</color>
			<width>4</width>
		</LineStyle>
	</Style>
	<Style id="inline32381">
		<LineStyle>
			<color>ff0000ff</color>
			<width>2</width>
		</LineStyle>
	</Style>
	<StyleMap id="inline3258">
		<Pair>
			<key>normal</key>
			<styleUrl>#inline5377</styleUrl>
		</Pair>
		<Pair>
			<key>highlight</key>
			<styleUrl>#inline56690</styleUrl>
		</Pair>
	</StyleMap>
	<StyleMap id="inline3263">
		<Pair>
			<key>normal</key>
			<styleUrl>#inline6630</styleUrl>
		</Pair>
		<Pair>
			<key>highlight</key>
			<styleUrl>#inline553</styleUrl>
		</Pair>
	</StyleMap>
	<StyleMap id="inline32660">
		<Pair>
			<key>normal</key>
			<styleUrl>#inline9750</styleUrl>
		</Pair>
		<Pair>
			<key>highlight</key>
			<styleUrl>#inline1649</styleUrl>
		</Pair>
	</StyleMap>
	<StyleMap id="inline3279">
		<Pair>
			<key>normal</key>
			<styleUrl>#inline4947</styleUrl>
		</Pair>
		<Pair>
			<key>highlight</key>
			<styleUrl>#inline5266</styleUrl>
		</Pair>
	</StyleMap>
	<Style id="inline32970">
		<LineStyle>
			<color>ffff0000</color>
			<width>2</width>
		</LineStyle>
	</Style>
	<Style id="inline3307">
		<LineStyle>
			<color>ff00ff00</color>
			<width>2</width>
		</LineStyle>
	</Style>
	<StyleMap id="inline33191">
		<Pair>
			<key>normal</key>
			<styleUrl>#inline9584</styleUrl>
		</Pair>
		<Pair>
			<key>highlight</key>
			<styleUrl>#inline8821</styleUrl>
		</Pair>
	</StyleMap>
	<StyleMap id="inline332111">
		<Pair>
			<key>normal</key>
			<styleUrl>#inline5782</styleUrl>
		</Pair>
		<Pair>
			<key>highlight</key>
			<styleUrl>#inline219327</styleUrl>
		</Pair>
	</StyleMap>
	<StyleMap id="inline332112">
		<Pair>
			<key>normal</key>
			<styleUrl>#inline5788</styleUrl>
		</Pair>
		<Pair>
			<key>highlight</key>
			<styleUrl>#inline2194030</styleUrl>
		</Pair>
	</StyleMap>
	<StyleMap id="inline332114">
		<Pair>
			<key>normal</key>
			<styleUrl>#inline578167</styleUrl>
		</Pair>
		<Pair>
			<key>highlight</key>
			<styleUrl>#inline219242</styleUrl>
		</Pair>
	</StyleMap>
	<StyleMap id="inline332118">
		<Pair>
			<key>normal</key>
			<styleUrl>#inline578222</styleUrl>
		</Pair>
		<Pair>
			<key>highlight</key>
			<styleUrl>#inline219222</styleUrl>
		</Pair>
	</StyleMap>
	<StyleMap id="inline33212">
		<Pair>
			<key>normal</key>
			<styleUrl>#inline578226</styleUrl>
		</Pair>
		<Pair>
			<key>highlight</key>
			<styleUrl>#inline219294</styleUrl>
		</Pair>
	</StyleMap>
	<StyleMap id="inline332124">
		<Pair>
			<key>normal</key>
			<styleUrl>#inline578218</styleUrl>
		</Pair>
		<Pair>
			<key>highlight</key>
			<styleUrl>#inline219210</styleUrl>
		</Pair>
	</StyleMap>
	<StyleMap id="inline332125">
		<Pair>
			<key>normal</key>
			<styleUrl>#inline578395</styleUrl>
		</Pair>
		<Pair>
			<key>highlight</key>
			<styleUrl>#inline219342</styleUrl>
		</Pair>
	</StyleMap>
	<StyleMap id="inline332126">
		<Pair>
			<key>normal</key>
			<styleUrl>#inline578369</styleUrl>
		</Pair>
		<Pair>
			<key>highlight</key>
			<styleUrl>#inline219385</styleUrl>
		</Pair>
	</StyleMap>
	<StyleMap id="inline33213">
		<Pair>
			<key>normal</key>
			<styleUrl>#inline5786</styleUrl>
		</Pair>
		<Pair>
			<key>highlight</key>
			<styleUrl>#inline21931</styleUrl>
		</Pair>
	</StyleMap>
	<StyleMap id="inline332132">
		<Pair>
			<key>normal</key>
			<styleUrl>#inline57888</styleUrl>
		</Pair>
		<Pair>
			<key>highlight</key>
			<styleUrl>#inline219378</styleUrl>
		</Pair>
	</StyleMap>
	<StyleMap id="inline332142">
		<Pair>
			<key>normal</key>
			<styleUrl>#inline578220</styleUrl>
		</Pair>
		<Pair>
			<key>highlight</key>
			<styleUrl>#inline219418</styleUrl>
		</Pair>
	</StyleMap>
	<StyleMap id="inline332145">
		<Pair>
			<key>normal</key>
			<styleUrl>#inline578396</styleUrl>
		</Pair>
		<Pair>
			<key>highlight</key>
			<styleUrl>#inline2191</styleUrl>
		</Pair>
	</StyleMap>
	<StyleMap id="inline33215">
		<Pair>
			<key>normal</key>
			<styleUrl>#inline5787</styleUrl>
		</Pair>
		<Pair>
			<key>highlight</key>
			<styleUrl>#inline219354</styleUrl>
		</Pair>
	</StyleMap>
	<StyleMap id="inline332151">
		<Pair>
			<key>normal</key>
			<styleUrl>#inline578408</styleUrl>
		</Pair>
		<Pair>
			<key>highlight</key>
			<styleUrl>#inline219398</styleUrl>
		</Pair>
	</StyleMap>
	<StyleMap id="inline332154">
		<Pair>
			<key>normal</key>
			<styleUrl>#inline578172</styleUrl>
		</Pair>
		<Pair>
			<key>highlight</key>
			<styleUrl>#inline219110</styleUrl>
		</Pair>
	</StyleMap>
	<StyleMap id="inline3321562">
		<Pair>
			<key>normal</key>
			<styleUrl>#inline57830</styleUrl>
		</Pair>
		<Pair>
			<key>highlight</key>
			<styleUrl>#inline219221</styleUrl>
		</Pair>
	</StyleMap>
	<StyleMap id="inline332163">
		<Pair>
			<key>normal</key>
			<styleUrl>#inline578287</styleUrl>
		</Pair>
		<Pair>
			<key>highlight</key>
			<styleUrl>#inline219206</styleUrl>
		</Pair>
	</StyleMap>
	<StyleMap id="inline332166">
		<Pair>
			<key>normal</key>
			<styleUrl>#inline578160</styleUrl>
		</Pair>
		<Pair>
			<key>highlight</key>
			<styleUrl>#inline219163</styleUrl>
		</Pair>
	</StyleMap>
	<StyleMap id="inline33217">
		<Pair>
			<key>normal</key>
			<styleUrl>#inline578279</styleUrl>
		</Pair>
		<Pair>
			<key>highlight</key>
			<styleUrl>#inline219203</styleUrl>
		</Pair>
	</StyleMap>
	<StyleMap id="inline332171">
		<Pair>
			<key>normal</key>
			<styleUrl>#inline578247</styleUrl>
		</Pair>
		<Pair>
			<key>highlight</key>
			<styleUrl>#inline219285</styleUrl>
		</Pair>
	</StyleMap>
	<StyleMap id="inline3321710">
		<Pair>
			<key>normal</key>
			<styleUrl>#inline5782470</styleUrl>
		</Pair>
		<Pair>
			<key>highlight</key>
			<styleUrl>#inline2192850</styleUrl>
		</Pair>
	</StyleMap>
	<StyleMap id="inline332183">
		<Pair>
			<key>normal</key>
			<styleUrl>#inline57885</styleUrl>
		</Pair>
		<Pair>
			<key>highlight</key>
			<styleUrl>#inline21968</styleUrl>
		</Pair>
	</StyleMap>
	<StyleMap id="inline332192">
		<Pair>
			<key>normal</key>
			<styleUrl>#inline578107</styleUrl>
		</Pair>
		<Pair>
			<key>highlight</key>
			<styleUrl>#inline219156</styleUrl>
		</Pair>
	</StyleMap>
	<StyleMap id="inline332197">
		<Pair>
			<key>normal</key>
			<styleUrl>#inline578225</styleUrl>
		</Pair>
		<Pair>
			<key>highlight</key>
			<styleUrl>#inline219290</styleUrl>
		</Pair>
	</StyleMap>
	<StyleMap id="inline3322013">
		<Pair>
			<key>normal</key>
			<styleUrl>#inline578451</styleUrl>
		</Pair>
		<Pair>
			<key>highlight</key>
			<styleUrl>#inline2192048</styleUrl>
		</Pair>
	</StyleMap>
	<StyleMap id="inline3322016">
		<Pair>
			<key>normal</key>
			<styleUrl>#inline5784520</styleUrl>
		</Pair>
		<Pair>
			<key>highlight</key>
			<styleUrl>#inline21920440</styleUrl>
		</Pair>
	</StyleMap>
	<StyleMap id="inline33220160">
		<Pair>
			<key>normal</key>
			<styleUrl>#inline578452</styleUrl>
		</Pair>
		<Pair>
			<key>highlight</key>
			<styleUrl>#inline21920443</styleUrl>
		</Pair>
	</StyleMap>
	<StyleMap id="inline33220161">
		<Pair>
			<key>normal</key>
			<styleUrl>#inline5784522</styleUrl>
		</Pair>
		<Pair>
			<key>highlight</key>
			<styleUrl>#inline2192044</styleUrl>
		</Pair>
	</StyleMap>
	<StyleMap id="inline33220162">
		<Pair>
			<key>normal</key>
			<styleUrl>#inline5784521</styleUrl>
		</Pair>
		<Pair>
			<key>highlight</key>
			<styleUrl>#inline21920441</styleUrl>
		</Pair>
	</StyleMap>
	<StyleMap id="inline33220163">
		<Pair>
			<key>normal</key>
			<styleUrl>#inline5784523</styleUrl>
		</Pair>
		<Pair>
			<key>highlight</key>
			<styleUrl>#inline21920442</styleUrl>
		</Pair>
	</StyleMap>
	<StyleMap id="inline332204">
		<Pair>
			<key>normal</key>
			<styleUrl>#inline578126</styleUrl>
		</Pair>
		<Pair>
			<key>highlight</key>
			<styleUrl>#inline219172</styleUrl>
		</Pair>
	</StyleMap>
	<StyleMap id="inline332207">
		<Pair>
			<key>normal</key>
			<styleUrl>#inline57841</styleUrl>
		</Pair>
		<Pair>
			<key>highlight</key>
			<styleUrl>#inline219180</styleUrl>
		</Pair>
	</StyleMap>
	<StyleMap id="inline332209">
		<Pair>
			<key>normal</key>
			<styleUrl>#inline578118</styleUrl>
		</Pair>
		<Pair>
			<key>highlight</key>
			<styleUrl>#inline219198</styleUrl>
		</Pair>
	</StyleMap>
	<StyleMap id="inline332215">
		<Pair>
			<key>normal</key>
			<styleUrl>#inline578190</styleUrl>
		</Pair>
		<Pair>
			<key>highlight</key>
			<styleUrl>#inline219122</styleUrl>
		</Pair>
	</StyleMap>
	<StyleMap id="inline332221">
		<Pair>
			<key>normal</key>
			<styleUrl>#inline578342</styleUrl>
		</Pair>
		<Pair>
			<key>highlight</key>
			<styleUrl>#inline219333</styleUrl>
		</Pair>
	</StyleMap>
	<StyleMap id="inline332222">
		<Pair>
			<key>normal</key>
			<styleUrl>#inline578428</styleUrl>
		</Pair>
		<Pair>
			<key>highlight</key>
			<styleUrl>#inline219105</styleUrl>
		</Pair>
	</StyleMap>
	<StyleMap id="inline332224">
		<Pair>
			<key>normal</key>
			<styleUrl>#inline578258</styleUrl>
		</Pair>
		<Pair>
			<key>highlight</key>
			<styleUrl>#inline219231</styleUrl>
		</Pair>
	</StyleMap>
	<StyleMap id="inline332225">
		<Pair>
			<key>normal</key>
			<styleUrl>#inline578257</styleUrl>
		</Pair>
		<Pair>
			<key>highlight</key>
			<styleUrl>#inline219289</styleUrl>
		</Pair>
	</StyleMap>
	<StyleMap id="inline332231">
		<Pair>
			<key>normal</key>
			<styleUrl>#inline578356</styleUrl>
		</Pair>
		<Pair>
			<key>highlight</key>
			<styleUrl>#inline219191</styleUrl>
		</Pair>
	</StyleMap>
	<StyleMap id="inline332232">
		<Pair>
			<key>normal</key>
			<styleUrl>#inline578367</styleUrl>
		</Pair>
		<Pair>
			<key>highlight</key>
			<styleUrl>#inline219189</styleUrl>
		</Pair>
	</StyleMap>
	<StyleMap id="inline332236">
		<Pair>
			<key>normal</key>
			<styleUrl>#inline578317</styleUrl>
		</Pair>
		<Pair>
			<key>highlight</key>
			<styleUrl>#inline219305</styleUrl>
		</Pair>
	</StyleMap>
	<StyleMap id="inline332237">
		<Pair>
			<key>normal</key>
			<styleUrl>#inline5783910</styleUrl>
		</Pair>
		<Pair>
			<key>highlight</key>
			<styleUrl>#inline219413</styleUrl>
		</Pair>
	</StyleMap>
	<StyleMap id="inline332241">
		<Pair>
			<key>normal</key>
			<styleUrl>#inline578164</styleUrl>
		</Pair>
		<Pair>
			<key>highlight</key>
			<styleUrl>#inline219114</styleUrl>
		</Pair>
	</StyleMap>
	<StyleMap id="inline332244">
		<Pair>
			<key>normal</key>
			<styleUrl>#inline578113</styleUrl>
		</Pair>
		<Pair>
			<key>highlight</key>
			<styleUrl>#inline21915</styleUrl>
		</Pair>
	</StyleMap>
	<StyleMap id="inline33225">
		<Pair>
			<key>normal</key>
			<styleUrl>#inline578206</styleUrl>
		</Pair>
		<Pair>
			<key>highlight</key>
			<styleUrl>#inline219117</styleUrl>
		</Pair>
	</StyleMap>
	<StyleMap id="inline332250">
		<Pair>
			<key>normal</key>
			<styleUrl>#inline578182</styleUrl>
		</Pair>
		<Pair>
			<key>highlight</key>
			<styleUrl>#inline2191200</styleUrl>
		</Pair>
	</StyleMap>
	<StyleMap id="inline332265">
		<Pair>
			<key>normal</key>
			<styleUrl>#inline578210</styleUrl>
		</Pair>
		<Pair>
			<key>highlight</key>
			<styleUrl>#inline219147</styleUrl>
		</Pair>
	</StyleMap>
	<StyleMap id="inline332271">
		<Pair>
			<key>normal</key>
			<styleUrl>#inline578173</styleUrl>
		</Pair>
		<Pair>
			<key>highlight</key>
			<styleUrl>#inline219226</styleUrl>
		</Pair>
	</StyleMap>
	<StyleMap id="inline332272">
		<Pair>
			<key>normal</key>
			<styleUrl>#inline5783</styleUrl>
		</Pair>
		<Pair>
			<key>highlight</key>
			<styleUrl>#inline219374</styleUrl>
		</Pair>
	</StyleMap>
	<StyleMap id="inline332277">
		<Pair>
			<key>normal</key>
			<styleUrl>#inline578255</styleUrl>
		</Pair>
		<Pair>
			<key>highlight</key>
			<styleUrl>#inline219420</styleUrl>
		</Pair>
	</StyleMap>
	<StyleMap id="inline332278">
		<Pair>
			<key>normal</key>
			<styleUrl>#inline578165</styleUrl>
		</Pair>
		<Pair>
			<key>highlight</key>
			<styleUrl>#inline219271</styleUrl>
		</Pair>
	</StyleMap>
	<StyleMap id="inline332287">
		<Pair>
			<key>normal</key>
			<styleUrl>#inline57860</styleUrl>
		</Pair>
		<Pair>
			<key>highlight</key>
			<styleUrl>#inline2195</styleUrl>
		</Pair>
	</StyleMap>
	<StyleMap id="inline332291">
		<Pair>
			<key>normal</key>
			<styleUrl>#inline57861</styleUrl>
		</Pair>
		<Pair>
			<key>highlight</key>
			<styleUrl>#inline219170</styleUrl>
		</Pair>
	</StyleMap>
	<StyleMap id="inline332293">
		<Pair>
			<key>normal</key>
			<styleUrl>#inline57816</styleUrl>
		</Pair>
		<Pair>
			<key>highlight</key>
			<styleUrl>#inline21995</styleUrl>
		</Pair>
	</StyleMap>
	<StyleMap id="inline332294">
		<Pair>
			<key>normal</key>
			<styleUrl>#inline578121</styleUrl>
		</Pair>
		<Pair>
			<key>highlight</key>
			<styleUrl>#inline2192020</styleUrl>
		</Pair>
	</StyleMap>
	<StyleMap id="inline332296">
		<Pair>
			<key>normal</key>
			<styleUrl>#inline578215</styleUrl>
		</Pair>
		<Pair>
			<key>highlight</key>
			<styleUrl>#inline219142</styleUrl>
		</Pair>
	</StyleMap>
	<StyleMap id="inline3323000">
		<Pair>
			<key>normal</key>
			<styleUrl>#inline578420</styleUrl>
		</Pair>
		<Pair>
			<key>highlight</key>
			<styleUrl>#inline219316</styleUrl>
		</Pair>
	</StyleMap>
	<StyleMap id="inline332302">
		<Pair>
			<key>normal</key>
			<styleUrl>#inline578305</styleUrl>
		</Pair>
		<Pair>
			<key>highlight</key>
			<styleUrl>#inline21932</styleUrl>
		</Pair>
	</StyleMap>
	<StyleMap id="inline332304">
		<Pair>
			<key>normal</key>
			<styleUrl>#inline578157</styleUrl>
		</Pair>
		<Pair>
			<key>highlight</key>
			<styleUrl>#inline219299</styleUrl>
		</Pair>
	</StyleMap>
	<StyleMap id="inline332307">
		<Pair>
			<key>normal</key>
			<styleUrl>#inline578145</styleUrl>
		</Pair>
		<Pair>
			<key>highlight</key>
			<styleUrl>#inline219127</styleUrl>
		</Pair>
	</StyleMap>
	<StyleMap id="inline3323111">
		<Pair>
			<key>normal</key>
			<styleUrl>#inline5785420</styleUrl>
		</Pair>
		<Pair>
			<key>highlight</key>
			<styleUrl>#inline2191782</styleUrl>
		</Pair>
	</StyleMap>
	<StyleMap id="inline332312">
		<Pair>
			<key>normal</key>
			<styleUrl>#inline578326</styleUrl>
		</Pair>
		<Pair>
			<key>highlight</key>
			<styleUrl>#inline219406</styleUrl>
		</Pair>
	</StyleMap>
	<StyleMap id="inline332316">
		<Pair>
			<key>normal</key>
			<styleUrl>#inline57894</styleUrl>
		</Pair>
		<Pair>
			<key>highlight</key>
			<styleUrl>#inline219248</styleUrl>
		</Pair>
	</StyleMap>
	<StyleMap id="inline332317">
		<Pair>
			<key>normal</key>
			<styleUrl>#inline578351</styleUrl>
		</Pair>
		<Pair>
			<key>highlight</key>
			<styleUrl>#inline219360</styleUrl>
		</Pair>
	</StyleMap>
	<StyleMap id="inline332324">
		<Pair>
			<key>normal</key>
			<styleUrl>#inline57820</styleUrl>
		</Pair>
		<Pair>
			<key>highlight</key>
			<styleUrl>#inline2191810</styleUrl>
		</Pair>
	</StyleMap>
	<StyleMap id="inline332331">
		<Pair>
			<key>normal</key>
			<styleUrl>#inline578103</styleUrl>
		</Pair>
		<Pair>
			<key>highlight</key>
			<styleUrl>#inline21954</styleUrl>
		</Pair>
	</StyleMap>
	<StyleMap id="inline332332">
		<Pair>
			<key>normal</key>
			<styleUrl>#inline578147</styleUrl>
		</Pair>
		<Pair>
			<key>highlight</key>
			<styleUrl>#inline21916</styleUrl>
		</Pair>
	</StyleMap>
	<StyleMap id="inline332334">
		<Pair>
			<key>normal</key>
			<styleUrl>#inline578426</styleUrl>
		</Pair>
		<Pair>
			<key>highlight</key>
			<styleUrl>#inline21955</styleUrl>
		</Pair>
	</StyleMap>
	<StyleMap id="inline332336">
		<Pair>
			<key>normal</key>
			<styleUrl>#inline57811</styleUrl>
		</Pair>
		<Pair>
			<key>highlight</key>
			<styleUrl>#inline219141</styleUrl>
		</Pair>
	</StyleMap>
	<StyleMap id="inline332343">
		<Pair>
			<key>normal</key>
			<styleUrl>#inline57895</styleUrl>
		</Pair>
		<Pair>
			<key>highlight</key>
			<styleUrl>#inline21972</styleUrl>
		</Pair>
	</StyleMap>
	<StyleMap id="inline332344">
		<Pair>
			<key>normal</key>
			<styleUrl>#inline57863</styleUrl>
		</Pair>
		<Pair>
			<key>highlight</key>
			<styleUrl>#inline21989</styleUrl>
		</Pair>
	</StyleMap>
	<StyleMap id="inline332346">
		<Pair>
			<key>normal</key>
			<styleUrl>#inline57850</styleUrl>
		</Pair>
		<Pair>
			<key>highlight</key>
			<styleUrl>#inline21944</styleUrl>
		</Pair>
	</StyleMap>
	<StyleMap id="inline3323481">
		<Pair>
			<key>normal</key>
			<styleUrl>#inline5781950</styleUrl>
		</Pair>
		<Pair>
			<key>highlight</key>
			<styleUrl>#inline219370</styleUrl>
		</Pair>
	</StyleMap>
	<StyleMap id="inline332349">
		<Pair>
			<key>normal</key>
			<styleUrl>#inline578429</styleUrl>
		</Pair>
		<Pair>
			<key>highlight</key>
			<styleUrl>#inline219262</styleUrl>
		</Pair>
	</StyleMap>
	<StyleMap id="inline332351">
		<Pair>
			<key>normal</key>
			<styleUrl>#inline57817</styleUrl>
		</Pair>
		<Pair>
			<key>highlight</key>
			<styleUrl>#inline21935</styleUrl>
		</Pair>
	</StyleMap>
	<StyleMap id="inline332361">
		<Pair>
			<key>normal</key>
			<styleUrl>#inline57873</styleUrl>
		</Pair>
		<Pair>
			<key>highlight</key>
			<styleUrl>#inline219720</styleUrl>
		</Pair>
	</StyleMap>
	<StyleMap id="inline332364">
		<Pair>
			<key>normal</key>
			<styleUrl>#inline578267</styleUrl>
		</Pair>
		<Pair>
			<key>highlight</key>
			<styleUrl>#inline219269</styleUrl>
		</Pair>
	</StyleMap>
	<StyleMap id="inline332365">
		<Pair>
			<key>normal</key>
			<styleUrl>#inline578237</styleUrl>
		</Pair>
		<Pair>
			<key>highlight</key>
			<styleUrl>#inline219244</styleUrl>
		</Pair>
	</StyleMap>
	<StyleMap id="inline332366">
		<Pair>
			<key>normal</key>
			<styleUrl>#inline57810</styleUrl>
		</Pair>
		<Pair>
			<key>highlight</key>
			<styleUrl>#inline21961</styleUrl>
		</Pair>
	</StyleMap>
	<StyleMap id="inline332378">
		<Pair>
			<key>normal</key>
			<styleUrl>#inline578414</styleUrl>
		</Pair>
		<Pair>
			<key>highlight</key>
			<styleUrl>#inline219245</styleUrl>
		</Pair>
	</StyleMap>
	<StyleMap id="inline332382">
		<Pair>
			<key>normal</key>
			<styleUrl>#inline57856</styleUrl>
		</Pair>
		<Pair>
			<key>highlight</key>
			<styleUrl>#inline219183</styleUrl>
		</Pair>
	</StyleMap>
	<StyleMap id="inline332384">
		<Pair>
			<key>normal</key>
			<styleUrl>#inline578377</styleUrl>
		</Pair>
		<Pair>
			<key>highlight</key>
			<styleUrl>#inline219353</styleUrl>
		</Pair>
	</StyleMap>
	<StyleMap id="inline3323840">
		<Pair>
			<key>normal</key>
			<styleUrl>#inline5783770</styleUrl>
		</Pair>
		<Pair>
			<key>highlight</key>
			<styleUrl>#inline2193530</styleUrl>
		</Pair>
	</StyleMap>
	<StyleMap id="inline332386">
		<Pair>
			<key>normal</key>
			<styleUrl>#inline57855</styleUrl>
		</Pair>
		<Pair>
			<key>highlight</key>
			<styleUrl>#inline21936</styleUrl>
		</Pair>
	</StyleMap>
	<StyleMap id="inline332390">
		<Pair>
			<key>normal</key>
			<styleUrl>#inline578297</styleUrl>
		</Pair>
		<Pair>
			<key>highlight</key>
			<styleUrl>#inline219296</styleUrl>
		</Pair>
	</StyleMap>
	<StyleMap id="inline332391">
		<Pair>
			<key>normal</key>
			<styleUrl>#inline57864</styleUrl>
		</Pair>
		<Pair>
			<key>highlight</key>
			<styleUrl>#inline21953</styleUrl>
		</Pair>
	</StyleMap>
	<StyleMap id="inline332393">
		<Pair>
			<key>normal</key>
			<styleUrl>#inline57819</styleUrl>
		</Pair>
		<Pair>
			<key>highlight</key>
			<styleUrl>#inline219195</styleUrl>
		</Pair>
	</StyleMap>
	<StyleMap id="inline332397">
		<Pair>
			<key>normal</key>
			<styleUrl>#inline578306</styleUrl>
		</Pair>
		<Pair>
			<key>highlight</key>
			<styleUrl>#inline219249</styleUrl>
		</Pair>
	</StyleMap>
	<StyleMap id="inline33240">
		<Pair>
			<key>normal</key>
			<styleUrl>#inline578357</styleUrl>
		</Pair>
		<Pair>
			<key>highlight</key>
			<styleUrl>#inline219386</styleUrl>
		</Pair>
	</StyleMap>
	<StyleMap id="inline332406">
		<Pair>
			<key>normal</key>
			<styleUrl>#inline578102</styleUrl>
		</Pair>
		<Pair>
			<key>highlight</key>
			<styleUrl>#inline21988</styleUrl>
		</Pair>
	</StyleMap>
	<StyleMap id="inline332407">
		<Pair>
			<key>normal</key>
			<styleUrl>#inline578177</styleUrl>
		</Pair>
		<Pair>
			<key>highlight</key>
			<styleUrl>#inline219103</styleUrl>
		</Pair>
	</StyleMap>
	<StyleMap id="inline332408">
		<Pair>
			<key>normal</key>
			<styleUrl>#inline57866</styleUrl>
		</Pair>
		<Pair>
			<key>highlight</key>
			<styleUrl>#inline219119</styleUrl>
		</Pair>
	</StyleMap>
	<StyleMap id="inline332416">
		<Pair>
			<key>normal</key>
			<styleUrl>#inline578262</styleUrl>
		</Pair>
		<Pair>
			<key>highlight</key>
			<styleUrl>#inline219266</styleUrl>
		</Pair>
	</StyleMap>
	<StyleMap id="inline332417">
		<Pair>
			<key>normal</key>
			<styleUrl>#inline578108</styleUrl>
		</Pair>
		<Pair>
			<key>highlight</key>
			<styleUrl>#inline21942</styleUrl>
		</Pair>
	</StyleMap>
	<StyleMap id="inline3324170">
		<Pair>
			<key>normal</key>
			<styleUrl>#inline5781080</styleUrl>
		</Pair>
		<Pair>
			<key>highlight</key>
			<styleUrl>#inline219429</styleUrl>
		</Pair>
	</StyleMap>
	<StyleMap id="inline332425">
		<Pair>
			<key>normal</key>
			<styleUrl>#inline578425</styleUrl>
		</Pair>
		<Pair>
			<key>highlight</key>
			<styleUrl>#inline219162</styleUrl>
		</Pair>
	</StyleMap>
	<StyleMap id="inline332431">
		<Pair>
			<key>normal</key>
			<styleUrl>#inline57852</styleUrl>
		</Pair>
		<Pair>
			<key>highlight</key>
			<styleUrl>#inline21938</styleUrl>
		</Pair>
	</StyleMap>
	<StyleMap id="inline332433">
		<Pair>
			<key>normal</key>
			<styleUrl>#inline578174</styleUrl>
		</Pair>
		<Pair>
			<key>highlight</key>
			<styleUrl>#inline219213</styleUrl>
		</Pair>
	</StyleMap>
	<StyleMap id="inline332434">
		<Pair>
			<key>normal</key>
			<styleUrl>#inline578271</styleUrl>
		</Pair>
		<Pair>
			<key>highlight</key>
			<styleUrl>#inline219321</styleUrl>
		</Pair>
	</StyleMap>
	<StyleMap id="inline332439">
		<Pair>
			<key>normal</key>
			<styleUrl>#inline578135</styleUrl>
		</Pair>
		<Pair>
			<key>highlight</key>
			<styleUrl>#inline219148</styleUrl>
		</Pair>
	</StyleMap>
	<StyleMap id="inline332442">
		<Pair>
			<key>normal</key>
			<styleUrl>#inline578397</styleUrl>
		</Pair>
		<Pair>
			<key>highlight</key>
			<styleUrl>#inline219381</styleUrl>
		</Pair>
	</StyleMap>
	<StyleMap id="inline332444">
		<Pair>
			<key>normal</key>
			<styleUrl>#inline578202</styleUrl>
		</Pair>
		<Pair>
			<key>highlight</key>
			<styleUrl>#inline219138</styleUrl>
		</Pair>
	</StyleMap>
	<StyleMap id="inline332451">
		<Pair>
			<key>normal</key>
			<styleUrl>#inline578148</styleUrl>
		</Pair>
		<Pair>
			<key>highlight</key>
			<styleUrl>#inline219277</styleUrl>
		</Pair>
	</StyleMap>
	<StyleMap id="inline332452">
		<Pair>
			<key>normal</key>
			<styleUrl>#inline578124</styleUrl>
		</Pair>
		<Pair>
			<key>highlight</key>
			<styleUrl>#inline219286</styleUrl>
		</Pair>
	</StyleMap>
	<StyleMap id="inline332453">
		<Pair>
			<key>normal</key>
			<styleUrl>#inline578175</styleUrl>
		</Pair>
		<Pair>
			<key>highlight</key>
			<styleUrl>#inline219124</styleUrl>
		</Pair>
	</StyleMap>
	<StyleMap id="inline332464">
		<Pair>
			<key>normal</key>
			<styleUrl>#inline578250</styleUrl>
		</Pair>
		<Pair>
			<key>highlight</key>
			<styleUrl>#inline219104</styleUrl>
		</Pair>
	</StyleMap>
	<StyleMap id="inline332473">
		<Pair>
			<key>normal</key>
			<styleUrl>#inline578313</styleUrl>
		</Pair>
		<Pair>
			<key>highlight</key>
			<styleUrl>#inline219313</styleUrl>
		</Pair>
	</StyleMap>
	<StyleMap id="inline332476">
		<Pair>
			<key>normal</key>
			<styleUrl>#inline578243</styleUrl>
		</Pair>
		<Pair>
			<key>highlight</key>
			<styleUrl>#inline21994</styleUrl>
		</Pair>
	</StyleMap>
	<StyleMap id="inline332478">
		<Pair>
			<key>normal</key>
			<styleUrl>#inline578132</styleUrl>
		</Pair>
		<Pair>
			<key>highlight</key>
			<styleUrl>#inline219123</styleUrl>
		</Pair>
	</StyleMap>
	<StyleMap id="inline33248">
		<Pair>
			<key>normal</key>
			<styleUrl>#inline578390</styleUrl>
		</Pair>
		<Pair>
			<key>highlight</key>
			<styleUrl>#inline21975</styleUrl>
		</Pair>
	</StyleMap>
	<StyleMap id="inline332486">
		<Pair>
			<key>normal</key>
			<styleUrl>#inline578246</styleUrl>
		</Pair>
		<Pair>
			<key>highlight</key>
			<styleUrl>#inline219408</styleUrl>
		</Pair>
	</StyleMap>
	<StyleMap id="inline332489">
		<Pair>
			<key>normal</key>
			<styleUrl>#inline578149</styleUrl>
		</Pair>
		<Pair>
			<key>highlight</key>
			<styleUrl>#inline219155</styleUrl>
		</Pair>
	</StyleMap>
	<StyleMap id="inline33250">
		<Pair>
			<key>normal</key>
			<styleUrl>#inline57899</styleUrl>
		</Pair>
		<Pair>
			<key>highlight</key>
			<styleUrl>#inline2192090</styleUrl>
		</Pair>
	</StyleMap>
	<StyleMap id="inline332500">
		<Pair>
			<key>normal</key>
			<styleUrl>#inline578990</styleUrl>
		</Pair>
		<Pair>
			<key>highlight</key>
			<styleUrl>#inline219209</styleUrl>
		</Pair>
	</StyleMap>
	<StyleMap id="inline33251">
		<Pair>
			<key>normal</key>
			<styleUrl>#inline578234</styleUrl>
		</Pair>
		<Pair>
			<key>highlight</key>
			<styleUrl>#inline219264</styleUrl>
		</Pair>
	</StyleMap>
	<StyleMap id="inline33257">
		<Pair>
			<key>normal</key>
			<styleUrl>#inline578322</styleUrl>
		</Pair>
		<Pair>
			<key>highlight</key>
			<styleUrl>#inline219243</styleUrl>
		</Pair>
	</StyleMap>
	<StyleMap id="inline33263">
		<Pair>
			<key>normal</key>
			<styleUrl>#inline578290</styleUrl>
		</Pair>
		<Pair>
			<key>highlight</key>
			<styleUrl>#inline219292</styleUrl>
		</Pair>
	</StyleMap>
	<StyleMap id="inline33266">
		<Pair>
			<key>normal</key>
			<styleUrl>#inline5782111</styleUrl>
		</Pair>
		<Pair>
			<key>highlight</key>
			<styleUrl>#inline219171</styleUrl>
		</Pair>
	</StyleMap>
	<StyleMap id="inline332660">
		<Pair>
			<key>normal</key>
			<styleUrl>#inline57821</styleUrl>
		</Pair>
		<Pair>
			<key>highlight</key>
			<styleUrl>#inline21917</styleUrl>
		</Pair>
	</StyleMap>
	<StyleMap id="inline3326600">
		<Pair>
			<key>normal</key>
			<styleUrl>#inline578211</styleUrl>
		</Pair>
		<Pair>
			<key>highlight</key>
			<styleUrl>#inline219173</styleUrl>
		</Pair>
	</StyleMap>
	<StyleMap id="inline33269">
		<Pair>
			<key>normal</key>
			<styleUrl>#inline57813</styleUrl>
		</Pair>
		<Pair>
			<key>highlight</key>
			<styleUrl>#inline21939</styleUrl>
		</Pair>
	</StyleMap>
	<StyleMap id="inline33271">
		<Pair>
			<key>normal</key>
			<styleUrl>#inline578133</styleUrl>
		</Pair>
		<Pair>
			<key>highlight</key>
			<styleUrl>#inline219184</styleUrl>
		</Pair>
	</StyleMap>
	<StyleMap id="inline33281">
		<Pair>
			<key>normal</key>
			<styleUrl>#inline578392</styleUrl>
		</Pair>
		<Pair>
			<key>highlight</key>
			<styleUrl>#inline219425</styleUrl>
		</Pair>
	</StyleMap>
	<Style id="inline3328100">
		<LineStyle>
			<width>2</width>
		</LineStyle>
	</Style>
	<StyleMap id="inline33288">
		<Pair>
			<key>normal</key>
			<styleUrl>#inline578341</styleUrl>
		</Pair>
		<Pair>
			<key>highlight</key>
			<styleUrl>#inline219341</styleUrl>
		</Pair>
	</StyleMap>
	<StyleMap id="inline3329">
		<Pair>
			<key>normal</key>
			<styleUrl>#inline578358</styleUrl>
		</Pair>
		<Pair>
			<key>highlight</key>
			<styleUrl>#inline219405</styleUrl>
		</Pair>
	</StyleMap>
	<StyleMap id="inline33291">
		<Pair>
			<key>normal</key>
			<styleUrl>#inline578166</styleUrl>
		</Pair>
		<Pair>
			<key>highlight</key>
			<styleUrl>#inline219118</styleUrl>
		</Pair>
	</StyleMap>
	<StyleMap id="inline33293">
		<Pair>
			<key>normal</key>
			<styleUrl>#inline578387</styleUrl>
		</Pair>
		<Pair>
			<key>highlight</key>
			<styleUrl>#inline219348</styleUrl>
		</Pair>
	</StyleMap>
	<StyleMap id="inline33295">
		<Pair>
			<key>normal</key>
			<styleUrl>#inline578153</styleUrl>
		</Pair>
		<Pair>
			<key>highlight</key>
			<styleUrl>#inline219143</styleUrl>
		</Pair>
	</StyleMap>
	<Style id="inline3342">
		<LineStyle>
			<color>ff00ffff</color>
			<width>2</width>
		</LineStyle>
	</Style>
	<Style id="inline33450">
		<LineStyle>
			<color>ffffff00</color>
			<width>4</width>
		</LineStyle>
	</Style>
	<Style id="inline33561">
		<LineStyle>
			<color>ff00ff00</color>
			<width>2</width>
		</LineStyle>
	</Style>
	<StyleMap id="inline3358">
		<Pair>
			<key>normal</key>
			<styleUrl>#inline1740</styleUrl>
		</Pair>
		<Pair>
			<key>highlight</key>
			<styleUrl>#inline17081</styleUrl>
		</Pair>
	</StyleMap>
	<StyleMap id="inline3365">
		<Pair>
			<key>normal</key>
			<styleUrl>#inline2602</styleUrl>
		</Pair>
		<Pair>
			<key>highlight</key>
			<styleUrl>#inline3478</styleUrl>
		</Pair>
	</StyleMap>
	<StyleMap id="inline3376">
		<Pair>
			<key>normal</key>
			<styleUrl>#inline19061</styleUrl>
		</Pair>
		<Pair>
			<key>highlight</key>
			<styleUrl>#inline4541</styleUrl>
		</Pair>
	</StyleMap>
	<Style id="inline33850">
		<LineStyle>
			<color>ff00ffff</color>
			<width>2</width>
		</LineStyle>
	</Style>
	<StyleMap id="inline3388">
		<Pair>
			<key>normal</key>
			<styleUrl>#inline7780</styleUrl>
		</Pair>
		<Pair>
			<key>highlight</key>
			<styleUrl>#inline15360</styleUrl>
		</Pair>
	</StyleMap>
	<StyleMap id="inline33900">
		<Pair>
			<key>normal</key>
			<styleUrl>#inline180511</styleUrl>
		</Pair>
		<Pair>
			<key>highlight</key>
			<styleUrl>#inline176221</styleUrl>
		</Pair>
	</StyleMap>
	<StyleMap id="inline33901">
		<Pair>
			<key>normal</key>
			<styleUrl>#inline18051</styleUrl>
		</Pair>
		<Pair>
			<key>highlight</key>
			<styleUrl>#inline17622</styleUrl>
		</Pair>
	</StyleMap>
	<StyleMap id="inline3397">
		<Pair>
			<key>normal</key>
			<styleUrl>#inline2104</styleUrl>
		</Pair>
		<Pair>
			<key>highlight</key>
			<styleUrl>#inline2235</styleUrl>
		</Pair>
	</StyleMap>
	<Style id="inline3409">
		<LineStyle>
			<color>ffffff00</color>
			<width>4</width>
		</LineStyle>
	</Style>
	<StyleMap id="inline34260">
		<Pair>
			<key>normal</key>
			<styleUrl>#inline1159</styleUrl>
		</Pair>
		<Pair>
			<key>highlight</key>
			<styleUrl>#inline32381</styleUrl>
		</Pair>
	</StyleMap>
	<Style id="inline34480">
		<LineStyle>
			<color>ff7f55ff</color>
			<width>2</width>
		</LineStyle>
	</Style>
	<Style id="inline3455">
		<LineStyle>
			<color>ffffff00</color>
			<width>4</width>
		</LineStyle>
	</Style>
	<Style id="inline3476">
		<LineStyle>
			<width>2</width>
		</LineStyle>
	</Style>
	<Style id="inline3478">
		<LineStyle>
			<color>ffff0000</color>
			<width>2</width>
		</LineStyle>
	</Style>
	<StyleMap id="inline34792">
		<Pair>
			<key>normal</key>
			<styleUrl>#inline42660</styleUrl>
		</Pair>
		<Pair>
			<key>highlight</key>
			<styleUrl>#inline6315</styleUrl>
		</Pair>
	</StyleMap>
	<StyleMap id="inline35160">
		<Pair>
			<key>normal</key>
			<styleUrl>#inline1367</styleUrl>
		</Pair>
		<Pair>
			<key>highlight</key>
			<styleUrl>#inline751</styleUrl>
		</Pair>
	</StyleMap>
	<Style id="inline3544">
		<LineStyle>
			<color>ff00ffff</color>
			<width>2</width>
		</LineStyle>
	</Style>
	<StyleMap id="inline3548">
		<Pair>
			<key>normal</key>
			<styleUrl>#inline3476</styleUrl>
		</Pair>
		<Pair>
			<key>highlight</key>
			<styleUrl>#inline2401</styleUrl>
		</Pair>
	</StyleMap>
	<Style id="inline3562">
		<LineStyle>
			<color>ff00ffff</color>
			<width>2</width>
		</LineStyle>
	</Style>
	<StyleMap id="inline35720">
		<Pair>
			<key>normal</key>
			<styleUrl>#inline2506</styleUrl>
		</Pair>
		<Pair>
			<key>highlight</key>
			<styleUrl>#inline36770</styleUrl>
		</Pair>
	</StyleMap>
	<StyleMap id="inline35931">
		<Pair>
			<key>normal</key>
			<styleUrl>#inline6411</styleUrl>
		</Pair>
		<Pair>
			<key>highlight</key>
			<styleUrl>#inline54211</styleUrl>
		</Pair>
	</StyleMap>
	<Style id="inline3596">
		<LineStyle>
			<color>ffffff00</color>
			<width>4</width>
		</LineStyle>
	</Style>
	<Style id="inline361">
		<LineStyle>
			<color>ffffff00</color>
			<width>4</width>
		</LineStyle>
	</Style>
	<Style id="inline36220">
		<LineStyle>
			<color>ff00ffff</color>
			<width>2</width>
		</LineStyle>
	</Style>
	<Style id="inline3635">
		<LineStyle>
			<color>ffff0000</color>
			<width>2</width>
		</LineStyle>
	</Style>
	<StyleMap id="inline3656">
		<Pair>
			<key>normal</key>
			<styleUrl>#inline1298</styleUrl>
		</Pair>
		<Pair>
			<key>highlight</key>
			<styleUrl>#inline1533</styleUrl>
		</Pair>
	</StyleMap>
	<Style id="inline3666">
		<LineStyle>
			<color>ff7f55ff</color>
			<width>2</width>
		</LineStyle>
	</Style>
	<Style id="inline36770">
		<LineStyle>
			<color>ff7f00aa</color>
			<width>2</width>
		</LineStyle>
	</Style>
	<StyleMap id="inline3686">
		<Pair>
			<key>normal</key>
			<styleUrl>#inline9519</styleUrl>
		</Pair>
		<Pair>
			<key>highlight</key>
			<styleUrl>#inline4208</styleUrl>
		</Pair>
	</StyleMap>
	<Style id="inline3694">
		<LineStyle>
			<color>ff0000ff</color>
			<width>2</width>
		</LineStyle>
	</Style>
	<StyleMap id="inline3707">
		<Pair>
			<key>normal</key>
			<styleUrl>#inline2051</styleUrl>
		</Pair>
		<Pair>
			<key>highlight</key>
			<styleUrl>#inline1764</styleUrl>
		</Pair>
	</StyleMap>
	<Style id="inline3709">
		<LineStyle>
			<color>ff00ffff</color>
			<width>2</width>
		</LineStyle>
	</Style>
	<Style id="inline3715">
		<LineStyle>
			<color>ffffff00</color>
			<width>4</width>
		</LineStyle>
	</Style>
	<Style id="inline3746">
		<LineStyle>
			<color>ff0000ff</color>
			<width>2</width>
		</LineStyle>
	</Style>
	<StyleMap id="inline3777">
		<Pair>
			<key>normal</key>
			<styleUrl>#inline1937</styleUrl>
		</Pair>
		<Pair>
			<key>highlight</key>
			<styleUrl>#inline2421</styleUrl>
		</Pair>
	</StyleMap>
	<Style id="inline3782">
		<LineStyle>
			<color>ff00ffff</color>
			<width>2</width>
		</LineStyle>
	</Style>
	<StyleMap id="inline3801">
		<Pair>
			<key>normal</key>
			<styleUrl>#inline420</styleUrl>
		</Pair>
		<Pair>
			<key>highlight</key>
			<styleUrl>#inline361</styleUrl>
		</Pair>
	</StyleMap>
	<Style id="inline3808">
		<LineStyle>
			<color>ff00ffff</color>
			<width>2</width>
		</LineStyle>
	</Style>
	<Style id="inline3823">
		<LineStyle>
			<color>ff0055aa</color>
			<width>2</width>
		</LineStyle>
	</Style>
	<Style id="inline38230">
		<LineStyle>
			<color>ff00ffff</color>
			<width>2</width>
		</LineStyle>
	</Style>
	<StyleMap id="inline3838">
		<Pair>
			<key>normal</key>
			<styleUrl>#inline6197</styleUrl>
		</Pair>
		<Pair>
			<key>highlight</key>
			<styleUrl>#inline564</styleUrl>
		</Pair>
	</StyleMap>
	<Style id="inline3846">
		<LineStyle>
			<color>ffffff00</color>
			<width>4</width>
		</LineStyle>
	</Style>
	<Style id="inline3847">
		<LineStyle>
			<color>ff00ff00</color>
			<width>2</width>
		</LineStyle>
	</Style>
	<Style id="inline3852">
		<LineStyle>
			<color>ff0000ff</color>
			<width>2</width>
		</LineStyle>
	</Style>
	<Style id="inline387">
		<LineStyle>
			<color>ff0000ff</color>
			<width>2</width>
		</LineStyle>
	</Style>
	<StyleMap id="inline3873">
		<Pair>
			<key>normal</key>
			<styleUrl>#inline4367</styleUrl>
		</Pair>
		<Pair>
			<key>highlight</key>
			<styleUrl>#inline4837</styleUrl>
		</Pair>
	</StyleMap>
	<Style id="inline3874">
		<LineStyle>
			<color>ff00ff00</color>
			<width>2</width>
		</LineStyle>
	</Style>
	<Style id="inline3879">
		<LineStyle>
			<color>ffff0000</color>
			<width>2</width>
		</LineStyle>
	</Style>
	<Style id="inline38850">
		<LineStyle>
			<color>ff00ffff</color>
			<width>2</width>
		</LineStyle>
	</Style>
	<StyleMap id="inline38911">
		<Pair>
			<key>normal</key>
			<styleUrl>#inline3455</styleUrl>
		</Pair>
		<Pair>
			<key>highlight</key>
			<styleUrl>#inline3225</styleUrl>
		</Pair>
	</StyleMap>
	<StyleMap id="inline3934">
		<Pair>
			<key>normal</key>
			<styleUrl>#inline6248</styleUrl>
		</Pair>
		<Pair>
			<key>highlight</key>
			<styleUrl>#inline5299</styleUrl>
		</Pair>
	</StyleMap>
	<Style id="inline3940">
		<LineStyle>
			<color>ffff0000</color>
			<width>2</width>
		</LineStyle>
	</Style>
	<Style id="inline39570">
		<LineStyle>
			<color>ff00ff00</color>
			<width>2</width>
		</LineStyle>
	</Style>
	<Style id="inline4006">
		<LineStyle>
			<color>ff0000ff</color>
			<width>2</width>
		</LineStyle>
	</Style>
	<Style id="inline4010">
		<LineStyle>
			<color>ff7f55ff</color>
			<width>2</width>
		</LineStyle>
	</Style>
	<StyleMap id="inline4015">
		<Pair>
			<key>normal</key>
			<styleUrl>#inline4798</styleUrl>
		</Pair>
		<Pair>
			<key>highlight</key>
			<styleUrl>#inline44041</styleUrl>
		</Pair>
	</StyleMap>
	<Style id="inline4024">
		<LineStyle>
			<color>ff7f55ff</color>
			<width>2</width>
		</LineStyle>
	</Style>
	<Style id="inline4059">
		<LineStyle>
			<color>ff0000ff</color>
			<width>2</width>
		</LineStyle>
	</Style>
	<StyleMap id="inline4116">
		<Pair>
			<key>normal</key>
			<styleUrl>#inline1787</styleUrl>
		</Pair>
		<Pair>
			<key>highlight</key>
			<styleUrl>#inline8112</styleUrl>
		</Pair>
	</StyleMap>
	<StyleMap id="inline4128">
		<Pair>
			<key>normal</key>
			<styleUrl>#inline5269</styleUrl>
		</Pair>
		<Pair>
			<key>highlight</key>
			<styleUrl>#inline5345</styleUrl>
		</Pair>
	</StyleMap>
	<Style id="inline4134">
		<LineStyle>
			<color>ff00ffff</color>
			<width>2</width>
		</LineStyle>
	</Style>
	<StyleMap id="inline4142">
		<Pair>
			<key>normal</key>
			<styleUrl>#inline3044</styleUrl>
		</Pair>
		<Pair>
			<key>highlight</key>
			<styleUrl>#inline21471</styleUrl>
		</Pair>
	</StyleMap>
	<Style id="inline4144">
		<LineStyle>
			<color>ff00ffff</color>
			<width>2</width>
		</LineStyle>
	</Style>
	<Style id="inline4163">
		<LineStyle>
			<color>ff0000ff</color>
			<width>2</width>
		</LineStyle>
	</Style>
	<Style id="inline416610">
		<LineStyle>
			<color>ffffff00</color>
			<width>4</width>
		</LineStyle>
	</Style>
	<Style id="inline416613">
		<LineStyle>
			<color>ff00ffff</color>
			<width>2</width>
		</LineStyle>
	</Style>
	<Style id="inline41662">
		<LineStyle>
			<color>ff0055ff</color>
			<width>4</width>
		</LineStyle>
	</Style>
	<Style id="inline41663">
		<LineStyle>
			<color>ffffff00</color>
			<width>4</width>
		</LineStyle>
	</Style>
	<Style id="inline41666">
		<LineStyle>
			<width>2</width>
		</LineStyle>
	</Style>
	<Style id="inline4172">
		<LineStyle>
			<color>ff0000ff</color>
			<width>2</width>
		</LineStyle>
	</Style>
	<Style id="inline420">
		<LineStyle>
			<color>ffffff00</color>
			<width>4</width>
		</LineStyle>
	</Style>
	<Style id="inline4208">
		<LineStyle>
			<color>ffff0000</color>
			<width>2</width>
		</LineStyle>
	</Style>
	<Style id="inline421">
		<LineStyle>
			<color>ff0000ff</color>
			<width>2</width>
		</LineStyle>
	</Style>
	<Style id="inline4220">
		<LineStyle>
			<color>ffff55ff</color>
			<width>2</width>
		</LineStyle>
		<PolyStyle>
			<fill>0</fill>
		</PolyStyle>
	</Style>
	<Style id="inline4221">
		<LineStyle>
			<color>ff7f55ff</color>
			<width>2</width>
		</LineStyle>
	</Style>
	<Style id="inline4247">
		<LineStyle>
			<color>ff00ff00</color>
			<width>2</width>
		</LineStyle>
	</Style>
	<Style id="inline42660">
		<LineStyle>
			<color>ffffff00</color>
			<width>4</width>
		</LineStyle>
	</Style>
	<StyleMap id="inline4295">
		<Pair>
			<key>normal</key>
			<styleUrl>#inline2731</styleUrl>
		</Pair>
		<Pair>
			<key>highlight</key>
			<styleUrl>#inline3879</styleUrl>
		</Pair>
	</StyleMap>
	<StyleMap id="inline42990">
		<Pair>
			<key>normal</key>
			<styleUrl>#inline229110</styleUrl>
		</Pair>
		<Pair>
			<key>highlight</key>
			<styleUrl>#inline41663</styleUrl>
		</Pair>
	</StyleMap>
	<StyleMap id="inline429901">
		<Pair>
			<key>normal</key>
			<styleUrl>#inline229119</styleUrl>
		</Pair>
		<Pair>
			<key>highlight</key>
			<styleUrl>#inline416613</styleUrl>
		</Pair>
	</StyleMap>
	<StyleMap id="inline429902">
		<Pair>
			<key>normal</key>
			<styleUrl>#inline2291112</styleUrl>
		</Pair>
		<Pair>
			<key>highlight</key>
			<styleUrl>#inline41662</styleUrl>
		</Pair>
	</StyleMap>
	<StyleMap id="inline429907">
		<Pair>
			<key>normal</key>
			<styleUrl>#inline2291111</styleUrl>
		</Pair>
		<Pair>
			<key>highlight</key>
			<styleUrl>#inline41666</styleUrl>
		</Pair>
	</StyleMap>
	<StyleMap id="inline429909">
		<Pair>
			<key>normal</key>
			<styleUrl>#inline229112</styleUrl>
		</Pair>
		<Pair>
			<key>highlight</key>
			<styleUrl>#inline416610</styleUrl>
		</Pair>
	</StyleMap>
	<Style id="inline4335">
		<LineStyle>
			<color>ff0000ff</color>
			<width>2</width>
		</LineStyle>
	</Style>
	<StyleMap id="inline4337">
		<Pair>
			<key>normal</key>
			<styleUrl>#inline9231</styleUrl>
		</Pair>
		<Pair>
			<key>highlight</key>
			<styleUrl>#inline25291</styleUrl>
		</Pair>
	</StyleMap>
	<Style id="inline43390">
		<LineStyle>
			<color>ffff0000</color>
			<width>2</width>
		</LineStyle>
	</Style>
	<Style id="inline4345">
		<LineStyle>
			<color>ff00ff00</color>
			<width>2</width>
		</LineStyle>
	</Style>
	<StyleMap id="inline4358">
		<Pair>
			<key>normal</key>
			<styleUrl>#inline3220</styleUrl>
		</Pair>
		<Pair>
			<key>highlight</key>
			<styleUrl>#inline2997</styleUrl>
		</Pair>
	</StyleMap>
	<Style id="inline4367">
		<LineStyle>
			<color>ff00ffff</color>
			<width>2</width>
		</LineStyle>
	</Style>
	<Style id="inline4372">
		<LineStyle>
			<color>ff7f55ff</color>
			<width>2</width>
		</LineStyle>
	</Style>
	<Style id="inline4382">
		<LineStyle>
			<color>ff0055ff</color>
			<width>4</width>
		</LineStyle>
	</Style>
	<StyleMap id="inline4398">
		<Pair>
			<key>normal</key>
			<styleUrl>#inline29980</styleUrl>
		</Pair>
		<Pair>
			<key>highlight</key>
			<styleUrl>#inline28950</styleUrl>
		</Pair>
	</StyleMap>
	<StyleMap id="inline439801">
		<Pair>
			<key>normal</key>
			<styleUrl>#inline2998000</styleUrl>
		</Pair>
		<Pair>
			<key>highlight</key>
			<styleUrl>#inline28951</styleUrl>
		</Pair>
	</StyleMap>
	<Style id="inline4403">
		<LineStyle>
			<color>ff7f00aa</color>
			<width>2</width>
		</LineStyle>
	</Style>
	<Style id="inline44041">
		<LineStyle>
			<color>ff00ffff</color>
			<width>2</width>
		</LineStyle>
	</Style>
	<Style id="inline4424">
		<LineStyle>
			<color>ffffff00</color>
			<width>4</width>
		</LineStyle>
	</Style>
	<Style id="inline4442">
		<LineStyle>
			<color>ff0055ff</color>
			<width>4</width>
		</LineStyle>
	</Style>
	<StyleMap id="inline4459">
		<Pair>
			<key>normal</key>
			<styleUrl>#inline6910</styleUrl>
		</Pair>
		<Pair>
			<key>highlight</key>
			<styleUrl>#inline3823</styleUrl>
		</Pair>
	</StyleMap>
	<StyleMap id="inline44590">
		<Pair>
			<key>normal</key>
			<styleUrl>#inline69100</styleUrl>
		</Pair>
		<Pair>
			<key>highlight</key>
			<styleUrl>#inline38230</styleUrl>
		</Pair>
	</StyleMap>
	<StyleMap id="inline4469">
		<Pair>
			<key>normal</key>
			<styleUrl>#inline3409</styleUrl>
		</Pair>
		<Pair>
			<key>highlight</key>
			<styleUrl>#inline2692</styleUrl>
		</Pair>
	</StyleMap>
	<StyleMap id="inline4499">
		<Pair>
			<key>normal</key>
			<styleUrl>#inline5814</styleUrl>
		</Pair>
		<Pair>
			<key>highlight</key>
			<styleUrl>#inline11100</styleUrl>
		</Pair>
	</StyleMap>
	<Style id="inline450">
		<LineStyle>
			<color>ff00ffff</color>
			<width>2</width>
		</LineStyle>
	</Style>
	<Style id="inline45001">
		<LineStyle>
			<color>ff000000</color>
			<width>2</width>
		</LineStyle>
		<PolyStyle>
			<fill>0</fill>
		</PolyStyle>
	</Style>
	<Style id="inline4506">
		<LineStyle>
			<color>ff00ffff</color>
			<width>2</width>
		</LineStyle>
	</Style>
	<StyleMap id="inline4526">
		<Pair>
			<key>normal</key>
			<styleUrl>#inline4700</styleUrl>
		</Pair>
		<Pair>
			<key>highlight</key>
			<styleUrl>#inline806</styleUrl>
		</Pair>
	</StyleMap>
	<StyleMap id="inline45312">
		<Pair>
			<key>normal</key>
			<styleUrl>#inline1718</styleUrl>
		</Pair>
		<Pair>
			<key>highlight</key>
			<styleUrl>#inline10293</styleUrl>
		</Pair>
	</StyleMap>
	<Style id="inline4541">
		<LineStyle>
			<color>ff7f00aa</color>
			<width>2</width>
		</LineStyle>
	</Style>
	<Style id="inline4577">
		<LineStyle>
			<color>ff00ff00</color>
			<width>2</width>
		</LineStyle>
	</Style>
	<StyleMap id="inline4658">
		<Pair>
			<key>normal</key>
			<styleUrl>#inline2889</styleUrl>
		</Pair>
		<Pair>
			<key>highlight</key>
			<styleUrl>#inline2839</styleUrl>
		</Pair>
	</StyleMap>
	<Style id="inline4666">
		<LineStyle>
			<color>ffffff00</color>
			<width>4</width>
		</LineStyle>
	</Style>
	<Style id="inline4689">
		<LineStyle>
			<color>ff0055ff</color>
			<width>4</width>
		</LineStyle>
	</Style>
	<StyleMap id="inline47">
		<Pair>
			<key>normal</key>
			<styleUrl>#inline1491</styleUrl>
		</Pair>
		<Pair>
			<key>highlight</key>
			<styleUrl>#inline1562</styleUrl>
		</Pair>
	</StyleMap>
	<Style id="inline4700">
		<LineStyle>
			<color>ff00ffff</color>
			<width>2</width>
		</LineStyle>
	</Style>
	<Style id="inline47251">
		<LineStyle>
			<color>ff00ff00</color>
			<width>2</width>
		</LineStyle>
	</Style>
	<Style id="inline472510">
		<LineStyle>
			<color>ffffff00</color>
			<width>4</width>
		</LineStyle>
	</Style>
	<Style id="inline4728">
		<LineStyle>
			<color>ff00ffff</color>
			<width>2</width>
		</LineStyle>
	</Style>
	<Style id="inline4731">
		<LineStyle>
			<color>ff00ff00</color>
			<width>2</width>
		</LineStyle>
	</Style>
	<Style id="inline4745">
		<LineStyle>
			<color>ff00ffff</color>
			<width>2</width>
		</LineStyle>
	</Style>
	<StyleMap id="inline4777">
		<Pair>
			<key>normal</key>
			<styleUrl>#inline5254</styleUrl>
		</Pair>
		<Pair>
			<key>highlight</key>
			<styleUrl>#inline4745</styleUrl>
		</Pair>
	</StyleMap>
	<StyleMap id="inline4783">
		<Pair>
			<key>normal</key>
			<styleUrl>#inline2926</styleUrl>
		</Pair>
		<Pair>
			<key>highlight</key>
			<styleUrl>#inline2888</styleUrl>
		</Pair>
	</StyleMap>
	<StyleMap id="inline4787">
		<Pair>
			<key>normal</key>
			<styleUrl>#inline60980</styleUrl>
		</Pair>
		<Pair>
			<key>highlight</key>
			<styleUrl>#inline8334</styleUrl>
		</Pair>
	</StyleMap>
	<Style id="inline4788">
		<LineStyle>
			<color>ffffff00</color>
			<width>4</width>
		</LineStyle>
	</Style>
	<Style id="inline4798">
		<LineStyle>
			<color>ff00ffff</color>
			<width>2</width>
		</LineStyle>
	</Style>
	<Style id="inline48290">
		<LineStyle>
			<color>ff00ffff</color>
			<width>2</width>
		</LineStyle>
	</Style>
	<Style id="inline48350">
		<LineStyle>
			<color>ff00ffff</color>
			<width>2</width>
		</LineStyle>
	</Style>
	<Style id="inline4837">
		<LineStyle>
			<color>ff00ffff</color>
			<width>2</width>
		</LineStyle>
	</Style>
	<StyleMap id="inline4868">
		<Pair>
			<key>normal</key>
			<styleUrl>#inline5052</styleUrl>
		</Pair>
		<Pair>
			<key>highlight</key>
			<styleUrl>#inline6059</styleUrl>
		</Pair>
	</StyleMap>
	<Style id="inline48750">
		<LineStyle>
			<color>ff0055aa</color>
			<width>2</width>
		</LineStyle>
	</Style>
	<Style id="inline4883">
		<LineStyle>
			<color>ff7f00aa</color>
			<width>2</width>
		</LineStyle>
	</Style>
	<StyleMap id="inline4886">
		<Pair>
			<key>normal</key>
			<styleUrl>#inline2203</styleUrl>
		</Pair>
		<Pair>
			<key>highlight</key>
			<styleUrl>#inline2826</styleUrl>
		</Pair>
	</StyleMap>
	<StyleMap id="inline4921">
		<Pair>
			<key>normal</key>
			<styleUrl>#inline4345</styleUrl>
		</Pair>
		<Pair>
			<key>highlight</key>
			<styleUrl>#inline4577</styleUrl>
		</Pair>
	</StyleMap>
	<StyleMap id="inline4930">
		<Pair>
			<key>normal</key>
			<styleUrl>#inline11518</styleUrl>
		</Pair>
		<Pair>
			<key>highlight</key>
			<styleUrl>#inline4442</styleUrl>
		</Pair>
	</StyleMap>
	<Style id="inline49340">
		<LineStyle>
			<color>ff00ff00</color>
			<width>2</width>
		</LineStyle>
	</Style>
	<Style id="inline4947">
		<LineStyle>
			<color>ffffff00</color>
			<width>4</width>
		</LineStyle>
	</Style>
	<Style id="inline4977">
		<LineStyle>
			<color>ff0055aa</color>
			<width>2</width>
		</LineStyle>
	</Style>
	<Style id="inline4978">
		<LineStyle>
			<color>ff00ff00</color>
			<width>2</width>
		</LineStyle>
	</Style>
	<StyleMap id="inline4984">
		<Pair>
			<key>normal</key>
			<styleUrl>#inline4372</styleUrl>
		</Pair>
		<Pair>
			<key>highlight</key>
			<styleUrl>#inline34480</styleUrl>
		</Pair>
	</StyleMap>
	<StyleMap id="inline5038">
		<Pair>
			<key>normal</key>
			<styleUrl>#inline4728</styleUrl>
		</Pair>
		<Pair>
			<key>highlight</key>
			<styleUrl>#inline48350</styleUrl>
		</Pair>
	</StyleMap>
	<Style id="inline5052">
		<LineStyle>
			<color>ff7f00aa</color>
			<width>2</width>
		</LineStyle>
	</Style>
	<Style id="inline5054">
		<LineStyle>
			<color>ff00ff00</color>
			<width>2</width>
		</LineStyle>
	</Style>
	<Style id="inline50542">
		<LineStyle>
			<color>ffffff00</color>
			<width>4</width>
		</LineStyle>
	</Style>
	<Style id="inline5084">
		<LineStyle>
			<color>ff00ff00</color>
			<width>2</width>
		</LineStyle>
	</Style>
	<StyleMap id="inline5145">
		<Pair>
			<key>normal</key>
			<styleUrl>#inline4731</styleUrl>
		</Pair>
		<Pair>
			<key>highlight</key>
			<styleUrl>#inline5084</styleUrl>
		</Pair>
	</StyleMap>
	<StyleMap id="inline5158">
		<Pair>
			<key>normal</key>
			<styleUrl>#inline2329</styleUrl>
		</Pair>
		<Pair>
			<key>highlight</key>
			<styleUrl>#inline22932</styleUrl>
		</Pair>
	</StyleMap>
	<StyleMap id="inline5175">
		<Pair>
			<key>normal</key>
			<styleUrl>#inline4144</styleUrl>
		</Pair>
		<Pair>
			<key>highlight</key>
			<styleUrl>#inline1376</styleUrl>
		</Pair>
	</StyleMap>
	<StyleMap id="inline5176">
		<Pair>
			<key>normal</key>
			<styleUrl>#inline2973</styleUrl>
		</Pair>
		<Pair>
			<key>highlight</key>
			<styleUrl>#inline2008</styleUrl>
		</Pair>
	</StyleMap>
	<Style id="inline520">
		<LineStyle>
			<color>ffff0000</color>
			<width>2</width>
		</LineStyle>
	</Style>
	<Style id="inline5215">
		<LineStyle>
			<color>ff7f00aa</color>
			<width>2</width>
		</LineStyle>
	</Style>
	<StyleMap id="inline5249">
		<Pair>
			<key>normal</key>
			<styleUrl>#inline617</styleUrl>
		</Pair>
		<Pair>
			<key>highlight</key>
			<styleUrl>#inline3307</styleUrl>
		</Pair>
	</StyleMap>
	<Style id="inline5254">
		<LineStyle>
			<color>ff00ffff</color>
			<width>2</width>
		</LineStyle>
	</Style>
	<StyleMap id="inline5265">
		<Pair>
			<key>normal</key>
			<styleUrl>#inline6099</styleUrl>
		</Pair>
		<Pair>
			<key>highlight</key>
			<styleUrl>#inline2712</styleUrl>
		</Pair>
	</StyleMap>
	<Style id="inline5266">
		<LineStyle>
			<color>ffffff00</color>
			<width>4</width>
		</LineStyle>
	</Style>
	<Style id="inline5269">
		<LineStyle>
			<color>ff00ff00</color>
			<width>2</width>
		</LineStyle>
	</Style>
	<Style id="inline5299">
		<LineStyle>
			<color>ff00ff00</color>
			<width>2</width>
		</LineStyle>
	</Style>
	<Style id="inline5345">
		<LineStyle>
			<color>ff00ff00</color>
			<width>2</width>
		</LineStyle>
	</Style>
	<Style id="inline5377">
		<LineStyle>
			<color>ff7f55ff</color>
			<width>2</width>
		</LineStyle>
	</Style>
	<StyleMap id="inline5396">
		<Pair>
			<key>normal</key>
			<styleUrl>#inline7932</styleUrl>
		</Pair>
		<Pair>
			<key>highlight</key>
			<styleUrl>#inline3126</styleUrl>
		</Pair>
	</StyleMap>
	<StyleMap id="inline540">
		<Pair>
			<key>normal</key>
			<styleUrl>#inline520</styleUrl>
		</Pair>
		<Pair>
			<key>highlight</key>
			<styleUrl>#inline1900</styleUrl>
		</Pair>
	</StyleMap>
	<Style id="inline54211">
		<LineStyle>
			<color>ff00ff00</color>
			<width>2</width>
		</LineStyle>
	</Style>
	<Style id="inline54800">
		<LineStyle>
			<color>ffffff00</color>
			<width>4</width>
		</LineStyle>
	</Style>
	<StyleMap id="inline5484">
		<Pair>
			<key>normal</key>
			<styleUrl>#inline4788</styleUrl>
		</Pair>
		<Pair>
			<key>highlight</key>
			<styleUrl>#inline4666</styleUrl>
		</Pair>
	</StyleMap>
	<StyleMap id="inline55">
		<Pair>
			<key>normal</key>
			<styleUrl>#inline603</styleUrl>
		</Pair>
		<Pair>
			<key>highlight</key>
			<styleUrl>#inline6211</styleUrl>
		</Pair>
	</StyleMap>
	<Style id="inline553">
		<LineStyle>
			<color>ffff0000</color>
			<width>2</width>
		</LineStyle>
	</Style>
	<Style id="inline564">
		<LineStyle>
			<color>ff7f00aa</color>
			<width>2</width>
		</LineStyle>
	</Style>
	<StyleMap id="inline5647">
		<Pair>
			<key>normal</key>
			<styleUrl>#inline6302</styleUrl>
		</Pair>
		<Pair>
			<key>highlight</key>
			<styleUrl>#inline387</styleUrl>
		</Pair>
	</StyleMap>
	<Style id="inline56516">
		<LineStyle>
			<color>ffff55ff</color>
			<width>2</width>
		</LineStyle>
		<PolyStyle>
			<fill>0</fill>
		</PolyStyle>
	</Style>
	<Style id="inline56690">
		<LineStyle>
			<color>ff7f55ff</color>
			<width>2</width>
		</LineStyle>
	</Style>
	<Style id="inline5696">
		<LineStyle>
			<width>2</width>
		</LineStyle>
	</Style>
	<Style id="inline5754">
		<LineStyle>
			<width>2</width>
		</LineStyle>
	</Style>
	<Style id="inline57810">
		<LineStyle>
			<color>ff00ff00</color>
			<width>2</width>
		</LineStyle>
	</Style>
	<Style id="inline578102">
		<LineStyle>
			<color>ff00ffff</color>
			<width>2</width>
		</LineStyle>
	</Style>
	<Style id="inline578103">
		<LineStyle>
			<color>ffff0000</color>
			<width>2</width>
		</LineStyle>
	</Style>
	<Style id="inline578107">
		<LineStyle>
			<color>ff7f55ff</color>
			<width>2</width>
		</LineStyle>
	</Style>
	<Style id="inline578108">
		<LineStyle>
			<width>2</width>
		</LineStyle>
	</Style>
	<Style id="inline5781080">
		<LineStyle>
			<color>ff7f00aa</color>
			<width>2</width>
		</LineStyle>
	</Style>
	<Style id="inline57811">
		<LineStyle>
			<color>ff7f00aa</color>
			<width>2</width>
		</LineStyle>
	</Style>
	<Style id="inline578113">
		<LineStyle>
			<color>ffffff00</color>
			<width>4</width>
		</LineStyle>
	</Style>
	<Style id="inline578118">
		<LineStyle>
			<color>ff00ffff</color>
			<width>2</width>
		</LineStyle>
	</Style>
	<Style id="inline578121">
		<LineStyle>
			<color>ffff0000</color>
			<width>2</width>
		</LineStyle>
	</Style>
	<Style id="inline578124">
		<LineStyle>
			<color>ff00ffff</color>
			<width>2</width>
		</LineStyle>
	</Style>
	<Style id="inline578126">
		<LineStyle>
			<color>ff00ff00</color>
			<width>2</width>
		</LineStyle>
	</Style>
	<Style id="inline57813">
		<LineStyle>
			<color>ffff0000</color>
			<width>2</width>
		</LineStyle>
	</Style>
	<Style id="inline578132">
		<LineStyle>
			<color>ffffff00</color>
			<width>4</width>
		</LineStyle>
	</Style>
	<Style id="inline578133">
		<LineStyle>
			<color>ff7f00aa</color>
			<width>2</width>
		</LineStyle>
	</Style>
	<Style id="inline578135">
		<LineStyle>
			<color>ff00ffff</color>
			<width>2</width>
		</LineStyle>
	</Style>
	<Style id="inline578145">
		<LineStyle>
			<color>ff00ffff</color>
			<width>2</width>
		</LineStyle>
	</Style>
	<Style id="inline578147">
		<LineStyle>
			<color>ff0000ff</color>
			<width>2</width>
		</LineStyle>
	</Style>
	<Style id="inline578148">
		<LineStyle>
			<color>ff7f55ff</color>
			<width>2</width>
		</LineStyle>
	</Style>
	<Style id="inline578149">
		<LineStyle>
			<color>ff00ff00</color>
			<width>2</width>
		</LineStyle>
	</Style>
	<Style id="inline578153">
		<LineStyle>
			<color>ffffff00</color>
			<width>4</width>
		</LineStyle>
	</Style>
	<Style id="inline578157">
		<LineStyle>
			<color>ff00ff00</color>
			<width>2</width>
		</LineStyle>
	</Style>
	<Style id="inline57816">
		<LineStyle>
			<color>ff7f55ff</color>
			<width>2</width>
		</LineStyle>
	</Style>
	<Style id="inline578160">
		<LineStyle>
			<color>ff7f00aa</color>
			<width>2</width>
		</LineStyle>
	</Style>
	<Style id="inline578164">
		<LineStyle>
			<color>ff00ff00</color>
			<width>2</width>
		</LineStyle>
	</Style>
	<Style id="inline578165">
		<LineStyle>
			<color>ffff0000</color>
			<width>2</width>
		</LineStyle>
	</Style>
	<Style id="inline578166">
		<LineStyle>
			<color>ff00ff00</color>
			<width>2</width>
		</LineStyle>
	</Style>
	<Style id="inline578167">
		<LineStyle>
			<color>ffff0000</color>
			<width>2</width>
		</LineStyle>
	</Style>
	<Style id="inline57817">
		<LineStyle>
			<color>ff7f55ff</color>
			<width>2</width>
		</LineStyle>
	</Style>
	<Style id="inline578172">
		<LineStyle>
			<color>ff7f00aa</color>
			<width>2</width>
		</LineStyle>
	</Style>
	<Style id="inline578173">
		<LineStyle>
			<color>ffff0000</color>
			<width>2</width>
		</LineStyle>
	</Style>
	<Style id="inline578174">
		<LineStyle>
			<color>ff7f55ff</color>
			<width>2</width>
		</LineStyle>
	</Style>
	<Style id="inline578175">
		<LineStyle>
			<color>ff7f55ff</color>
			<width>2</width>
		</LineStyle>
	</Style>
	<Style id="inline578177">
		<LineStyle>
			<color>ff00ffff</color>
			<width>2</width>
		</LineStyle>
	</Style>
	<Style id="inline578182">
		<LineStyle>
			<color>ff00ff00</color>
			<width>2</width>
		</LineStyle>
	</Style>
	<Style id="inline57819">
		<LineStyle>
			<color>ff0000ff</color>
			<width>2</width>
		</LineStyle>
	</Style>
	<Style id="inline578190">
		<LineStyle>
			<color>ffffff00</color>
			<width>4</width>
		</LineStyle>
	</Style>
	<Style id="inline5781950">
		<LineStyle>
			<color>ff0000ff</color>
			<width>2</width>
		</LineStyle>
	</Style>
	<Style id="inline5782">
		<LineStyle>
			<color>ffff0000</color>
			<width>2</width>
		</LineStyle>
	</Style>
	<Style id="inline57820">
		<LineStyle>
			<color>ffffff00</color>
			<width>4</width>
		</LineStyle>
	</Style>
	<Style id="inline578202">
		<LineStyle>
			<color>ff7f00aa</color>
			<width>2</width>
		</LineStyle>
	</Style>
	<Style id="inline578206">
		<LineStyle>
			<color>ff7f00aa</color>
			<width>2</width>
		</LineStyle>
	</Style>
	<Style id="inline57821">
		<LineStyle>
			<color>ffffff00</color>
			<width>4</width>
		</LineStyle>
	</Style>
	<Style id="inline578210">
		<LineStyle>
			<color>ffffff00</color>
			<width>4</width>
		</LineStyle>
	</Style>
	<Style id="inline578211">
		<LineStyle>
			<color>ff00ffff</color>
			<width>2</width>
		</LineStyle>
	</Style>
	<Style id="inline5782111">
		<LineStyle>
			<color>ffffff00</color>
			<width>4</width>
		</LineStyle>
	</Style>
	<Style id="inline578215">
		<LineStyle>
			<color>ffffff00</color>
			<width>4</width>
		</LineStyle>
	</Style>
	<Style id="inline578218">
		<LineStyle>
			<color>ff00ff00</color>
			<width>2</width>
		</LineStyle>
	</Style>
	<Style id="inline578220">
		<LineStyle>
			<color>ffffff00</color>
			<width>4</width>
		</LineStyle>
	</Style>
	<Style id="inline578222">
		<LineStyle>
			<color>ff00ffff</color>
			<width>2</width>
		</LineStyle>
	</Style>
	<Style id="inline578225">
		<LineStyle>
			<color>ffffff00</color>
			<width>4</width>
		</LineStyle>
	</Style>
	<Style id="inline578226">
		<LineStyle>
			<width>2</width>
		</LineStyle>
	</Style>
	<Style id="inline578234">
		<LineStyle>
			<color>ffff0000</color>
			<width>2</width>
		</LineStyle>
	</Style>
	<Style id="inline578237">
		<LineStyle>
			<color>ffff0000</color>
			<width>2</width>
		</LineStyle>
	</Style>
	<Style id="inline578243">
		<LineStyle>
			<color>ff00ff00</color>
			<width>2</width>
		</LineStyle>
	</Style>
	<Style id="inline578246">
		<LineStyle>
			<color>ffffff00</color>
			<width>4</width>
		</LineStyle>
	</Style>
	<Style id="inline578247">
		<LineStyle>
			<color>ffff00ff</color>
			<width>2</width>
		</LineStyle>
	</Style>
	<Style id="inline5782470">
		<LineStyle>
			<color>ffffff00</color>
			<width>4</width>
		</LineStyle>
	</Style>
	<Style id="inline578250">
		<LineStyle>
			<color>ff0000ff</color>
			<width>2</width>
		</LineStyle>
	</Style>
	<Style id="inline578255">
		<LineStyle>
			<color>ff00ffff</color>
			<width>2</width>
		</LineStyle>
	</Style>
	<Style id="inline578257">
		<LineStyle>
			<color>ffffff00</color>
			<width>4</width>
		</LineStyle>
	</Style>
	<Style id="inline578258">
		<LineStyle>
			<color>ff0000ff</color>
			<width>2</width>
		</LineStyle>
	</Style>
	<Style id="inline578262">
		<LineStyle>
			<color>ff7f55ff</color>
			<width>2</width>
		</LineStyle>
	</Style>
	<Style id="inline578267">
		<LineStyle>
			<color>ff00ffff</color>
			<width>2</width>
		</LineStyle>
	</Style>
	<Style id="inline578271">
		<LineStyle>
			<color>ff00ffff</color>
			<width>2</width>
		</LineStyle>
	</Style>
	<Style id="inline578279">
		<LineStyle>
			<color>ff0000ff</color>
			<width>2</width>
		</LineStyle>
	</Style>
	<Style id="inline578287">
		<LineStyle>
			<color>ffffff00</color>
			<width>4</width>
		</LineStyle>
	</Style>
	<Style id="inline578290">
		<LineStyle>
			<color>ffffff00</color>
			<width>4</width>
		</LineStyle>
	</Style>
	<Style id="inline578297">
		<LineStyle>
			<width>2</width>
		</LineStyle>
	</Style>
	<Style id="inline5783">
		<LineStyle>
			<color>ff00ffff</color>
			<width>2</width>
		</LineStyle>
	</Style>
	<Style id="inline57830">
		<LineStyle>
			<color>ff00ffff</color>
			<width>2</width>
		</LineStyle>
	</Style>
	<Style id="inline578305">
		<LineStyle>
			<color>ff7f55ff</color>
			<width>2</width>
		</LineStyle>
	</Style>
	<Style id="inline578306">
		<LineStyle>
			<color>ffff0000</color>
			<width>2</width>
		</LineStyle>
	</Style>
	<Style id="inline578313">
		<LineStyle>
			<color>ff0000ff</color>
			<width>2</width>
		</LineStyle>
	</Style>
	<Style id="inline578317">
		<LineStyle>
			<color>ff00ff00</color>
			<width>2</width>
		</LineStyle>
	</Style>
	<Style id="inline578322">
		<LineStyle>
			<color>ff7f00aa</color>
			<width>2</width>
		</LineStyle>
	</Style>
	<Style id="inline578326">
		<LineStyle>
			<color>ff0000ff</color>
			<width>2</width>
		</LineStyle>
	</Style>
	<Style id="inline578341">
		<LineStyle>
			<color>ff00ffff</color>
			<width>2</width>
		</LineStyle>
	</Style>
	<Style id="inline578342">
		<LineStyle>
			<color>ff0000ff</color>
			<width>2</width>
		</LineStyle>
	</Style>
	<Style id="inline578351">
		<LineStyle>
			<color>ffffff00</color>
			<width>4</width>
		</LineStyle>
	</Style>
	<Style id="inline578356">
		<LineStyle>
			<color>ffffff00</color>
			<width>4</width>
		</LineStyle>
	</Style>
	<Style id="inline578357">
		<LineStyle>
			<color>ff00ff00</color>
			<width>2</width>
		</LineStyle>
	</Style>
	<Style id="inline578358">
		<LineStyle>
			<color>ff0000ff</color>
			<width>2</width>
		</LineStyle>
	</Style>
	<Style id="inline578367">
		<LineStyle>
			<color>ff0000ff</color>
			<width>2</width>
		</LineStyle>
	</Style>
	<Style id="inline578369">
		<LineStyle>
			<color>ff00ff00</color>
			<width>2</width>
		</LineStyle>
	</Style>
	<Style id="inline578377">
		<LineStyle>
			<color>ff00ff00</color>
			<width>2</width>
		</LineStyle>
	</Style>
	<Style id="inline5783770">
		<LineStyle>
			<color>ff0000ff</color>
			<width>2</width>
		</LineStyle>
	</Style>
	<Style id="inline578387">
		<LineStyle>
			<color>ffff0000</color>
			<width>2</width>
		</LineStyle>
	</Style>
	<Style id="inline578390">
		<LineStyle>
			<color>ffff0000</color>
			<width>2</width>
		</LineStyle>
	</Style>
	<Style id="inline5783910">
		<LineStyle>
			<color>ff00ff00</color>
			<width>2</width>
		</LineStyle>
	</Style>
	<Style id="inline578392">
		<LineStyle>
			<color>ff00ff00</color>
			<width>2</width>
		</LineStyle>
	</Style>
	<Style id="inline578395">
		<LineStyle>
			<color>ff0000ff</color>
			<width>2</width>
		</LineStyle>
	</Style>
	<Style id="inline578396">
		<LineStyle>
			<color>ff00ffff</color>
			<width>2</width>
		</LineStyle>
	</Style>
	<Style id="inline578397">
		<LineStyle>
			<color>ff00ffff</color>
			<width>2</width>
		</LineStyle>
	</Style>
	<Style id="inline578408">
		<LineStyle>
			<color>ffff0000</color>
			<width>2</width>
		</LineStyle>
	</Style>
	<Style id="inline57841">
		<LineStyle>
			<color>ff00ffff</color>
			<width>2</width>
		</LineStyle>
	</Style>
	<Style id="inline578414">
		<LineStyle>
			<color>ffffff00</color>
			<width>4</width>
		</LineStyle>
	</Style>
	<Style id="inline578420">
		<LineStyle>
			<color>ff7f00aa</color>
			<width>2</width>
		</LineStyle>
	</Style>
	<Style id="inline578425">
		<LineStyle>
			<color>ff00ffff</color>
			<width>2</width>
		</LineStyle>
	</Style>
	<Style id="inline578426">
		<LineStyle>
			<color>ff00ff00</color>
			<width>2</width>
		</LineStyle>
	</Style>
	<Style id="inline578428">
		<LineStyle>
			<color>ffffff00</color>
			<width>4</width>
		</LineStyle>
	</Style>
	<Style id="inline578429">
		<LineStyle>
			<color>ffff0000</color>
			<width>2</width>
		</LineStyle>
	</Style>
	<Style id="inline578451">
		<LineStyle>
			<color>ff00ffff</color>
			<width>2</width>
		</LineStyle>
	</Style>
	<Style id="inline578452">
		<LineStyle>
			<width>2</width>
		</LineStyle>
	</Style>
	<Style id="inline5784520">
		<LineStyle>
			<color>ff00ffff</color>
			<width>2</width>
		</LineStyle>
	</Style>
	<Style id="inline5784521">
		<LineStyle>
			<color>ff00ffff</color>
			<width>2</width>
		</LineStyle>
	</Style>
	<Style id="inline5784522">
		<LineStyle>
			<color>ffffff00</color>
			<width>4</width>
		</LineStyle>
	</Style>
	<Style id="inline5784523">
		<LineStyle>
			<color>ff7f00aa</color>
			<width>2</width>
		</LineStyle>
	</Style>
	<Style id="inline57850">
		<LineStyle>
			<color>ff00ffff</color>
			<width>2</width>
		</LineStyle>
	</Style>
	<Style id="inline57852">
		<LineStyle>
			<color>ff7f00aa</color>
			<width>2</width>
		</LineStyle>
	</Style>
	<Style id="inline5785420">
		<LineStyle>
			<color>ff00ffff</color>
			<width>2</width>
		</LineStyle>
	</Style>
	<Style id="inline57855">
		<LineStyle>
			<color>ff7f00aa</color>
			<width>2</width>
		</LineStyle>
	</Style>
	<Style id="inline57856">
		<LineStyle>
			<color>ff0000ff</color>
			<width>2</width>
		</LineStyle>
	</Style>
	<Style id="inline5786">
		<LineStyle>
			<color>ffffff00</color>
			<width>4</width>
		</LineStyle>
	</Style>
	<Style id="inline57860">
		<LineStyle>
			<color>ff0000ff</color>
			<width>2</width>
		</LineStyle>
	</Style>
	<Style id="inline57861">
		<LineStyle>
			<color>ff00ff00</color>
			<width>2</width>
		</LineStyle>
	</Style>
	<Style id="inline57863">
		<LineStyle>
			<color>ff00ffff</color>
			<width>2</width>
		</LineStyle>
	</Style>
	<Style id="inline57864">
		<LineStyle>
			<color>ff00ff00</color>
			<width>2</width>
		</LineStyle>
	</Style>
	<Style id="inline57866">
		<LineStyle>
			<color>ff7f00aa</color>
			<width>2</width>
		</LineStyle>
	</Style>
	<Style id="inline5787">
		<LineStyle>
			<color>ff0000ff</color>
			<width>2</width>
		</LineStyle>
	</Style>
	<Style id="inline57873">
		<LineStyle>
			<color>ffff0000</color>
			<width>2</width>
		</LineStyle>
	</Style>
	<Style id="inline5788">
		<LineStyle>
			<color>ffff0000</color>
			<width>2</width>
		</LineStyle>
	</Style>
	<Style id="inline57885">
		<LineStyle>
			<color>ff00ff00</color>
			<width>2</width>
		</LineStyle>
	</Style>
	<Style id="inline57888">
		<LineStyle>
			<color>ff7f00aa</color>
			<width>2</width>
		</LineStyle>
	</Style>
	<Style id="inline57894">
		<LineStyle>
			<color>ff0000ff</color>
			<width>2</width>
		</LineStyle>
	</Style>
	<Style id="inline57895">
		<LineStyle>
			<color>ff7f00aa</color>
			<width>2</width>
		</LineStyle>
	</Style>
	<Style id="inline57899">
		<LineStyle>
			<color>ff00ff00</color>
			<width>2</width>
		</LineStyle>
	</Style>
	<Style id="inline578990">
		<LineStyle>
			<color>ffff0000</color>
			<width>2</width>
		</LineStyle>
	</Style>
	<Style id="inline5814">
		<LineStyle>
			<color>ff0000ff</color>
			<width>2</width>
		</LineStyle>
	</Style>
	<Style id="inline5888">
		<LineStyle>
			<color>ff0000ff</color>
			<width>2</width>
		</LineStyle>
	</Style>
	<Style id="inline590">
		<LineStyle>
			<color>ffffff00</color>
			<width>4</width>
		</LineStyle>
	</Style>
	<Style id="inline5908">
		<LineStyle>
			<color>ffffff00</color>
			<width>4</width>
		</LineStyle>
	</Style>
	<Style id="inline5909">
		<LineStyle>
			<color>ff0000ff</color>
			<width>2</width>
		</LineStyle>
	</Style>
	<StyleMap id="inline5920">
		<Pair>
			<key>normal</key>
			<styleUrl>#inline590</styleUrl>
		</Pair>
		<Pair>
			<key>highlight</key>
			<styleUrl>#inline4424</styleUrl>
		</Pair>
	</StyleMap>
	<StyleMap id="inline5974">
		<Pair>
			<key>normal</key>
			<styleUrl>#inline4134</styleUrl>
		</Pair>
		<Pair>
			<key>highlight</key>
			<styleUrl>#inline6257</styleUrl>
		</Pair>
	</StyleMap>
	<StyleMap id="inline598">
		<Pair>
			<key>normal</key>
			<styleUrl>#inline3846</styleUrl>
		</Pair>
		<Pair>
			<key>highlight</key>
			<styleUrl>#inline5908</styleUrl>
		</Pair>
	</StyleMap>
	<Style id="inline6000">
		<LineStyle>
			<color>ff0000ff</color>
			<width>2</width>
		</LineStyle>
	</Style>
	<Style id="inline6027">
		<LineStyle>
			<color>ff7f55ff</color>
			<width>2</width>
		</LineStyle>
	</Style>
	<Style id="inline603">
		<LineStyle>
			<color>ff0000ff</color>
			<width>2</width>
		</LineStyle>
	</Style>
	<Style id="inline6058">
		<LineStyle>
			<color>ff7f00aa</color>
			<width>2</width>
		</LineStyle>
	</Style>
	<Style id="inline6059">
		<LineStyle>
			<color>ff7f00aa</color>
			<width>2</width>
		</LineStyle>
	</Style>
	<Style id="inline60980">
		<LineStyle>
			<color>ffffff00</color>
			<width>4</width>
		</LineStyle>
	</Style>
	<Style id="inline6099">
		<LineStyle>
			<color>ff7f55ff</color>
			<width>2</width>
		</LineStyle>
	</Style>
	<StyleMap id="inline6137">
		<Pair>
			<key>normal</key>
			<styleUrl>#inline3201</styleUrl>
		</Pair>
		<Pair>
			<key>highlight</key>
			<styleUrl>#inline20313</styleUrl>
		</Pair>
	</StyleMap>
	<Style id="inline6144">
		<LineStyle>
			<color>ffffff00</color>
			<width>4</width>
		</LineStyle>
	</Style>
	<StyleMap id="inline6149">
		<Pair>
			<key>normal</key>
			<styleUrl>#inline32970</styleUrl>
		</Pair>
		<Pair>
			<key>highlight</key>
			<styleUrl>#inline3940</styleUrl>
		</Pair>
	</StyleMap>
	<StyleMap id="inline6167">
		<Pair>
			<key>normal</key>
			<styleUrl>#inline5215</styleUrl>
		</Pair>
		<Pair>
			<key>highlight</key>
			<styleUrl>#inline13113</styleUrl>
		</Pair>
	</StyleMap>
	<Style id="inline617">
		<LineStyle>
			<color>ff00ff00</color>
			<width>2</width>
		</LineStyle>
	</Style>
	<Style id="inline6177">
		<LineStyle>
			<color>ff0000ff</color>
			<width>2</width>
		</LineStyle>
	</Style>
	<StyleMap id="inline6189">
		<Pair>
			<key>normal</key>
			<styleUrl>#inline4403</styleUrl>
		</Pair>
		<Pair>
			<key>highlight</key>
			<styleUrl>#inline6058</styleUrl>
		</Pair>
	</StyleMap>
	<Style id="inline6197">
		<LineStyle>
			<color>ff7f00aa</color>
			<width>2</width>
		</LineStyle>
	</Style>
	<StyleMap id="inline6199">
		<Pair>
			<key>normal</key>
			<styleUrl>#inline6000</styleUrl>
		</Pair>
		<Pair>
			<key>highlight</key>
			<styleUrl>#inline5909</styleUrl>
		</Pair>
	</StyleMap>
	<Style id="inline6203">
		<LineStyle>
			<color>ffffff00</color>
			<width>4</width>
		</LineStyle>
	</Style>
	<Style id="inline6211">
		<LineStyle>
			<color>ff0000ff</color>
			<width>2</width>
		</LineStyle>
	</Style>
	<StyleMap id="inline62133">
		<Pair>
			<key>normal</key>
			<styleUrl>#inline11045</styleUrl>
		</Pair>
		<Pair>
			<key>highlight</key>
			<styleUrl>#inline680250</styleUrl>
		</Pair>
	</StyleMap>
	<StyleMap id="inline621360">
		<Pair>
			<key>normal</key>
			<styleUrl>#inline110471</styleUrl>
		</Pair>
		<Pair>
			<key>highlight</key>
			<styleUrl>#inline680261</styleUrl>
		</Pair>
	</StyleMap>
	<StyleMap id="inline621373">
		<Pair>
			<key>normal</key>
			<styleUrl>#inline110417</styleUrl>
		</Pair>
		<Pair>
			<key>highlight</key>
			<styleUrl>#inline680215</styleUrl>
		</Pair>
	</StyleMap>
	<StyleMap id="inline621374">
		<Pair>
			<key>normal</key>
			<styleUrl>#inline1104111</styleUrl>
		</Pair>
		<Pair>
			<key>highlight</key>
			<styleUrl>#inline68029</styleUrl>
		</Pair>
	</StyleMap>
	<StyleMap id="inline621378">
		<Pair>
			<key>normal</key>
			<styleUrl>#inline110413</styleUrl>
		</Pair>
		<Pair>
			<key>highlight</key>
			<styleUrl>#inline680216</styleUrl>
		</Pair>
	</StyleMap>
	<StyleMap id="inline6222">
		<Pair>
			<key>normal</key>
			<styleUrl>#inline49340</styleUrl>
		</Pair>
		<Pair>
			<key>highlight</key>
			<styleUrl>#inline2493</styleUrl>
		</Pair>
	</StyleMap>
	<Style id="inline6228">
		<LineStyle>
			<color>ff00ffff</color>
			<width>2</width>
		</LineStyle>
	</Style>
	<Style id="inline6237">
		<LineStyle>
			<color>ff00ffff</color>
			<width>2</width>
		</LineStyle>
	</Style>
	<Style id="inline6238">
		<LineStyle>
			<color>ff0000ff</color>
			<width>2</width>
		</LineStyle>
	</Style>
	<Style id="inline6248">
		<LineStyle>
			<color>ff00ff00</color>
			<width>2</width>
		</LineStyle>
	</Style>
	<Style id="inline6257">
		<LineStyle>
			<color>ff00ffff</color>
			<width>2</width>
		</LineStyle>
	</Style>
	<Style id="inline6265">
		<LineStyle>
			<color>ffff0000</color>
			<width>2</width>
		</LineStyle>
	</Style>
	<Style id="inline6268">
		<LineStyle>
			<color>ff0000ff</color>
			<width>2</width>
		</LineStyle>
	</Style>
	<StyleMap id="inline62810">
		<Pair>
			<key>normal</key>
			<styleUrl>#inline6203</styleUrl>
		</Pair>
		<Pair>
			<key>highlight</key>
			<styleUrl>#inline6144</styleUrl>
		</Pair>
	</StyleMap>
	<Style id="inline6302">
		<LineStyle>
			<color>ff0000ff</color>
			<width>2</width>
		</LineStyle>
	</Style>
	<StyleMap id="inline6307">
		<Pair>
			<key>normal</key>
			<styleUrl>#inline38850</styleUrl>
		</Pair>
		<Pair>
			<key>highlight</key>
			<styleUrl>#inline3782</styleUrl>
		</Pair>
	</StyleMap>
	<Style id="inline6309">
		<LineStyle>
			<color>ff00ffff</color>
			<width>2</width>
		</LineStyle>
	</Style>
	<Style id="inline6315">
		<LineStyle>
			<color>ffffff00</color>
			<width>4</width>
		</LineStyle>
	</Style>
	<StyleMap id="inline6325">
		<Pair>
			<key>normal</key>
			<styleUrl>#inline4506</styleUrl>
		</Pair>
		<Pair>
			<key>highlight</key>
			<styleUrl>#inline36220</styleUrl>
		</Pair>
	</StyleMap>
	<StyleMap id="inline639">
		<Pair>
			<key>normal</key>
			<styleUrl>#inline5754</styleUrl>
		</Pair>
		<Pair>
			<key>highlight</key>
			<styleUrl>#inline5696</styleUrl>
		</Pair>
	</StyleMap>
	<Style id="inline6411">
		<LineStyle>
			<color>ff00ff00</color>
			<width>2</width>
		</LineStyle>
	</Style>
	<StyleMap id="inline6440">
		<Pair>
			<key>normal</key>
			<styleUrl>#inline1985</styleUrl>
		</Pair>
		<Pair>
			<key>highlight</key>
			<styleUrl>#inline1384</styleUrl>
		</Pair>
	</StyleMap>
	<Style id="inline6491">
		<LineStyle>
			<width>2</width>
		</LineStyle>
	</Style>
	<Style id="inline64911">
		<LineStyle>
			<color>ffffff00</color>
			<width>4</width>
		</LineStyle>
	</Style>
	<Style id="inline6630">
		<LineStyle>
			<color>ffff0000</color>
			<width>2</width>
		</LineStyle>
	</Style>
	<StyleMap id="inline6652">
		<Pair>
			<key>normal</key>
			<styleUrl>#inline4059</styleUrl>
		</Pair>
		<Pair>
			<key>highlight</key>
			<styleUrl>#inline1568</styleUrl>
		</Pair>
	</StyleMap>
	<Style id="inline6721">
		<LineStyle>
			<color>ff7f00aa</color>
			<width>2</width>
		</LineStyle>
	</Style>
	<Style id="inline680215">
		<LineStyle>
			<color>ff00ffff</color>
			<width>2</width>
		</LineStyle>
	</Style>
	<Style id="inline680216">
		<LineStyle>
			<color>ffffff00</color>
			<width>4</width>
		</LineStyle>
	</Style>
	<Style id="inline680250">
		<LineStyle>
			<color>ff7f00aa</color>
			<width>2</width>
		</LineStyle>
	</Style>
	<Style id="inline680261">
		<LineStyle>
			<color>ff00ff00</color>
			<width>2</width>
		</LineStyle>
	</Style>
	<Style id="inline68029">
		<LineStyle>
			<width>2</width>
		</LineStyle>
	</Style>
	<Style id="inline6910">
		<LineStyle>
			<color>ff0055aa</color>
			<width>2</width>
		</LineStyle>
	</Style>
	<Style id="inline69100">
		<LineStyle>
			<color>ff00ffff</color>
			<width>2</width>
		</LineStyle>
	</Style>
	<StyleMap id="inline693100">
		<Pair>
			<key>normal</key>
			<styleUrl>#inline971316</styleUrl>
		</Pair>
		<Pair>
			<key>highlight</key>
			<styleUrl>#inline1571013</styleUrl>
		</Pair>
	</StyleMap>
	<StyleMap id="inline693110">
		<Pair>
			<key>normal</key>
			<styleUrl>#inline971319</styleUrl>
		</Pair>
		<Pair>
			<key>highlight</key>
			<styleUrl>#inline157103</styleUrl>
		</Pair>
	</StyleMap>
	<StyleMap id="inline693111">
		<Pair>
			<key>normal</key>
			<styleUrl>#inline971311</styleUrl>
		</Pair>
		<Pair>
			<key>highlight</key>
			<styleUrl>#inline157102100</styleUrl>
		</Pair>
	</StyleMap>
	<StyleMap id="inline6931127">
		<Pair>
			<key>normal</key>
			<styleUrl>#inline9713152</styleUrl>
		</Pair>
		<Pair>
			<key>highlight</key>
			<styleUrl>#inline1571058</styleUrl>
		</Pair>
	</StyleMap>
	<StyleMap id="inline693113">
		<Pair>
			<key>normal</key>
			<styleUrl>#inline971314</styleUrl>
		</Pair>
		<Pair>
			<key>highlight</key>
			<styleUrl>#inline1571016</styleUrl>
		</Pair>
	</StyleMap>
	<StyleMap id="inline693114">
		<Pair>
			<key>normal</key>
			<styleUrl>#inline971313</styleUrl>
		</Pair>
		<Pair>
			<key>highlight</key>
			<styleUrl>#inline157104</styleUrl>
		</Pair>
	</StyleMap>
	<StyleMap id="inline693115">
		<Pair>
			<key>normal</key>
			<styleUrl>#inline97131</styleUrl>
		</Pair>
		<Pair>
			<key>highlight</key>
			<styleUrl>#inline1571020</styleUrl>
		</Pair>
	</StyleMap>
	<StyleMap id="inline693116">
		<Pair>
			<key>normal</key>
			<styleUrl>#inline97139</styleUrl>
		</Pair>
		<Pair>
			<key>highlight</key>
			<styleUrl>#inline157109</styleUrl>
		</Pair>
	</StyleMap>
	<StyleMap id="inline693117">
		<Pair>
			<key>normal</key>
			<styleUrl>#inline971317</styleUrl>
		</Pair>
		<Pair>
			<key>highlight</key>
			<styleUrl>#inline1571017</styleUrl>
		</Pair>
	</StyleMap>
	<StyleMap id="inline693118">
		<Pair>
			<key>normal</key>
			<styleUrl>#inline971312</styleUrl>
		</Pair>
		<Pair>
			<key>highlight</key>
			<styleUrl>#inline157106</styleUrl>
		</Pair>
	</StyleMap>
	<StyleMap id="inline69312">
		<Pair>
			<key>normal</key>
			<styleUrl>#inline97137</styleUrl>
		</Pair>
		<Pair>
			<key>highlight</key>
			<styleUrl>#inline1571011</styleUrl>
		</Pair>
	</StyleMap>
	<StyleMap id="inline693121">
		<Pair>
			<key>normal</key>
			<styleUrl>#inline9713</styleUrl>
		</Pair>
		<Pair>
			<key>highlight</key>
			<styleUrl>#inline157102</styleUrl>
		</Pair>
	</StyleMap>
	<StyleMap id="inline69313">
		<Pair>
			<key>normal</key>
			<styleUrl>#inline971318</styleUrl>
		</Pair>
		<Pair>
			<key>highlight</key>
			<styleUrl>#inline1571018</styleUrl>
		</Pair>
	</StyleMap>
	<StyleMap id="inline693156">
		<Pair>
			<key>normal</key>
			<styleUrl>#inline9713444</styleUrl>
		</Pair>
		<Pair>
			<key>highlight</key>
			<styleUrl>#inline157101440</styleUrl>
		</Pair>
	</StyleMap>
	<StyleMap id="inline6931561">
		<Pair>
			<key>normal</key>
			<styleUrl>#inline971344</styleUrl>
		</Pair>
		<Pair>
			<key>highlight</key>
			<styleUrl>#inline157101444</styleUrl>
		</Pair>
	</StyleMap>
	<StyleMap id="inline6931564">
		<Pair>
			<key>normal</key>
			<styleUrl>#inline9713440</styleUrl>
		</Pair>
		<Pair>
			<key>highlight</key>
			<styleUrl>#inline157101445</styleUrl>
		</Pair>
	</StyleMap>
	<StyleMap id="inline6931565">
		<Pair>
			<key>normal</key>
			<styleUrl>#inline9713442</styleUrl>
		</Pair>
		<Pair>
			<key>highlight</key>
			<styleUrl>#inline157101442</styleUrl>
		</Pair>
	</StyleMap>
	<StyleMap id="inline69319">
		<Pair>
			<key>normal</key>
			<styleUrl>#inline97132000</styleUrl>
		</Pair>
		<Pair>
			<key>highlight</key>
			<styleUrl>#inline1571019</styleUrl>
		</Pair>
	</StyleMap>
	<StyleMap id="inline720">
		<Pair>
			<key>normal</key>
			<styleUrl>#inline3207</styleUrl>
		</Pair>
		<Pair>
			<key>highlight</key>
			<styleUrl>#inline13881</styleUrl>
		</Pair>
	</StyleMap>
	<Style id="inline7214">
		<LineStyle>
			<color>ff7f00aa</color>
			<width>2</width>
		</LineStyle>
	</Style>
	<Style id="inline733">
		<LineStyle>
			<color>ff0000ff</color>
			<width>2</width>
		</LineStyle>
	</Style>
	<Style id="inline751">
		<LineStyle>
			<color>ff00ffff</color>
			<width>2</width>
		</LineStyle>
	</Style>
	<Style id="inline762">
		<LineStyle>
			<color>ffff0000</color>
			<width>2</width>
		</LineStyle>
	</Style>
	<StyleMap id="inline7671">
		<Pair>
			<key>normal</key>
			<styleUrl>#inline947</styleUrl>
		</Pair>
		<Pair>
			<key>highlight</key>
			<styleUrl>#inline1252</styleUrl>
		</Pair>
	</StyleMap>
	<Style id="inline7742">
		<LineStyle>
			<color>ffff0000</color>
			<width>2</width>
		</LineStyle>
	</Style>
	<Style id="inline7780">
		<LineStyle>
			<color>ffffff00</color>
			<width>4</width>
		</LineStyle>
	</Style>
	<StyleMap id="inline7923">
		<Pair>
			<key>normal</key>
			<styleUrl>#inline4883</styleUrl>
		</Pair>
		<Pair>
			<key>highlight</key>
			<styleUrl>#inline26571</styleUrl>
		</Pair>
	</StyleMap>
	<Style id="inline7932">
		<LineStyle>
			<color>ff0000ff</color>
			<width>2</width>
		</LineStyle>
	</Style>
	<Style id="inline80">
		<LineStyle>
			<color>ff00ff00</color>
			<width>2</width>
		</LineStyle>
	</Style>
	<Style id="inline806">
		<LineStyle>
			<color>ff00ffff</color>
			<width>2</width>
		</LineStyle>
	</Style>
	<Style id="inline8112">
		<LineStyle>
			<color>ff0055aa</color>
			<width>2</width>
		</LineStyle>
	</Style>
	<Style id="inline8334">
		<LineStyle>
			<color>ffffff00</color>
			<width>4</width>
		</LineStyle>
	</Style>
	<StyleMap id="inline842">
		<Pair>
			<key>normal</key>
			<styleUrl>#inline48290</styleUrl>
		</Pair>
		<Pair>
			<key>highlight</key>
			<styleUrl>#inline6309</styleUrl>
		</Pair>
	</StyleMap>
	<Style id="inline845">
		<LineStyle>
			<color>ff00ff00</color>
			<width>2</width>
		</LineStyle>
	</Style>
	<Style id="inline85001">
		<LineStyle>
			<color>ff000000</color>
			<width>2</width>
		</LineStyle>
		<PolyStyle>
			<fill>0</fill>
		</PolyStyle>
	</Style>
	<Style id="inline8643">
		<LineStyle>
			<width>2</width>
		</LineStyle>
	</Style>
	<Style id="inline8703">
		<LineStyle>
			<color>ff00ff00</color>
			<width>2</width>
		</LineStyle>
	</Style>
	<Style id="inline8821">
		<LineStyle>
			<color>ff7f00aa</color>
			<width>2</width>
		</LineStyle>
	</Style>
	<StyleMap id="inline884">
		<Pair>
			<key>normal</key>
			<styleUrl>#inline10861</styleUrl>
		</Pair>
		<Pair>
			<key>highlight</key>
			<styleUrl>#inline3746</styleUrl>
		</Pair>
	</StyleMap>
	<Style id="inline901">
		<LineStyle>
			<color>ffff0000</color>
			<width>2</width>
		</LineStyle>
	</Style>
	<StyleMap id="inline9110">
		<Pair>
			<key>normal</key>
			<styleUrl>#inline24061</styleUrl>
		</Pair>
		<Pair>
			<key>highlight</key>
			<styleUrl>#inline33450</styleUrl>
		</Pair>
	</StyleMap>
	<StyleMap id="inline921">
		<Pair>
			<key>normal</key>
			<styleUrl>#inline6177</styleUrl>
		</Pair>
		<Pair>
			<key>highlight</key>
			<styleUrl>#inline4172</styleUrl>
		</Pair>
	</StyleMap>
	<Style id="inline9231">
		<LineStyle>
			<color>ff00ffff</color>
			<width>2</width>
		</LineStyle>
	</Style>
	<Style id="inline947">
		<LineStyle>
			<color>ff00ffff</color>
			<width>2</width>
		</LineStyle>
	</Style>
	<Style id="inline9519">
		<LineStyle>
			<color>ffff0000</color>
			<width>2</width>
		</LineStyle>
	</Style>
	<StyleMap id="inline9541">
		<Pair>
			<key>normal</key>
			<styleUrl>#inline6491</styleUrl>
		</Pair>
		<Pair>
			<key>highlight</key>
			<styleUrl>#inline12251</styleUrl>
		</Pair>
	</StyleMap>
	<StyleMap id="inline95410">
		<Pair>
			<key>normal</key>
			<styleUrl>#inline64911</styleUrl>
		</Pair>
		<Pair>
			<key>highlight</key>
			<styleUrl>#inline1225</styleUrl>
		</Pair>
	</StyleMap>
	<Style id="inline9584">
		<LineStyle>
			<color>ff7f00aa</color>
			<width>2</width>
		</LineStyle>
	</Style>
	<Style id="inline9713">
		<LineStyle>
			<color>ff0055aa</color>
			<width>2</width>
		</LineStyle>
	</Style>
	<Style id="inline97131">
		<LineStyle>
			<color>ff0055aa</color>
			<width>2</width>
		</LineStyle>
	</Style>
	<Style id="inline971311">
		<LineStyle>
			<color>ff0055aa</color>
			<width>2</width>
		</LineStyle>
	</Style>
	<Style id="inline971312">
		<LineStyle>
			<color>ff0055aa</color>
			<width>2</width>
		</LineStyle>
	</Style>
	<Style id="inline971313">
		<LineStyle>
			<color>ff0055aa</color>
			<width>2</width>
		</LineStyle>
	</Style>
	<Style id="inline971314">
		<LineStyle>
			<color>ff0055aa</color>
			<width>2</width>
		</LineStyle>
	</Style>
	<Style id="inline9713152">
		<LineStyle>
			<color>ffff0000</color>
			<width>2</width>
		</LineStyle>
	</Style>
	<Style id="inline971316">
		<LineStyle>
			<color>ff0055aa</color>
			<width>2</width>
		</LineStyle>
	</Style>
	<Style id="inline971317">
		<LineStyle>
			<color>ff0055aa</color>
			<width>2</width>
		</LineStyle>
	</Style>
	<Style id="inline971318">
		<LineStyle>
			<color>ff7f00aa</color>
			<width>2</width>
		</LineStyle>
	</Style>
	<Style id="inline971319">
		<LineStyle>
			<color>ff0055aa</color>
			<width>2</width>
		</LineStyle>
	</Style>
	<Style id="inline97132000">
		<LineStyle>
			<color>ff0055aa</color>
			<width>2</width>
		</LineStyle>
	</Style>
	<Style id="inline971344">
		<LineStyle>
			<width>2</width>
		</LineStyle>
	</Style>
	<Style id="inline9713440">
		<LineStyle>
			<color>ffff0000</color>
			<width>2</width>
		</LineStyle>
	</Style>
	<Style id="inline9713442">
		<LineStyle>
			<color>ff00ffff</color>
			<width>2</width>
		</LineStyle>
	</Style>
	<Style id="inline9713444">
		<LineStyle>
			<color>ff00ff00</color>
			<width>2</width>
		</LineStyle>
	</Style>
	<Style id="inline97137">
		<LineStyle>
			<color>ff7f00aa</color>
			<width>2</width>
		</LineStyle>
	</Style>
	<Style id="inline97139">
		<LineStyle>
			<color>ff7f00aa</color>
			<width>2</width>
		</LineStyle>
	</Style>
	<Style id="inline9740">
		<LineStyle>
			<color>ffff0000</color>
			<width>2</width>
		</LineStyle>
	</Style>
	<Style id="inline9750">
		<LineStyle>
			<color>ffff0000</color>
			<width>2</width>
		</LineStyle>
	</Style>
	<Style id="inline979">
		<LineStyle>
			<color>ffffff00</color>
			<width>4</width>
		</LineStyle>
	</Style>
	<Style id="inline9790">
		<LineStyle>
			<color>ffffff00</color>
			<width>4</width>
		</LineStyle>
	</Style>
	<StyleMap id="inline9871">
		<Pair>
			<key>normal</key>
			<styleUrl>#inline4006</styleUrl>
		</Pair>
		<Pair>
			<key>highlight</key>
			<styleUrl>#inline4335</styleUrl>
		</Pair>
	</StyleMap>
	<StyleMap id="m_ylw-pushpin0">
		<Pair>
			<key>normal</key>
			<styleUrl>#s_ylw-pushpin0</styleUrl>
		</Pair>
		<Pair>
			<key>highlight</key>
			<styleUrl>#s_ylw-pushpin_hl</styleUrl>
		</Pair>
	</StyleMap>
	<StyleMap id="msn_ylw-pushpin0002">
		<Pair>
			<key>normal</key>
			<styleUrl>#sn_ylw-pushpin1000</styleUrl>
		</Pair>
		<Pair>
			<key>highlight</key>
			<styleUrl>#sh_ylw-pushpin320</styleUrl>
		</Pair>
	</StyleMap>
	<StyleMap id="msn_ylw-pushpin003">
		<Pair>
			<key>normal</key>
			<styleUrl>#sn_ylw-pushpin150</styleUrl>
		</Pair>
		<Pair>
			<key>highlight</key>
			<styleUrl>#sh_ylw-pushpin010</styleUrl>
		</Pair>
	</StyleMap>
	<StyleMap id="msn_ylw-pushpin100">
		<Pair>
			<key>normal</key>
			<styleUrl>#sn_ylw-pushpin450</styleUrl>
		</Pair>
		<Pair>
			<key>highlight</key>
			<styleUrl>#sh_ylw-pushpin450</styleUrl>
		</Pair>
	</StyleMap>
	<StyleMap id="msn_ylw-pushpin101">
		<Pair>
			<key>normal</key>
			<styleUrl>#sn_ylw-pushpin140</styleUrl>
		</Pair>
		<Pair>
			<key>highlight</key>
			<styleUrl>#sh_ylw-pushpin250</styleUrl>
		</Pair>
	</StyleMap>
	<StyleMap id="msn_ylw-pushpin110">
		<Pair>
			<key>normal</key>
			<styleUrl>#sn_ylw-pushpin210</styleUrl>
		</Pair>
		<Pair>
			<key>highlight</key>
			<styleUrl>#sh_ylw-pushpin140</styleUrl>
		</Pair>
	</StyleMap>
	<StyleMap id="msn_ylw-pushpin130">
		<Pair>
			<key>normal</key>
			<styleUrl>#sn_ylw-pushpin350</styleUrl>
		</Pair>
		<Pair>
			<key>highlight</key>
			<styleUrl>#sh_ylw-pushpin100</styleUrl>
		</Pair>
	</StyleMap>
	<StyleMap id="msn_ylw-pushpin1300">
		<Pair>
			<key>normal</key>
			<styleUrl>#sn_ylw-pushpin320</styleUrl>
		</Pair>
		<Pair>
			<key>highlight</key>
			<styleUrl>#sh_ylw-pushpin132</styleUrl>
		</Pair>
	</StyleMap>
	<StyleMap id="msn_ylw-pushpin140">
		<Pair>
			<key>normal</key>
			<styleUrl>#sn_ylw-pushpin29</styleUrl>
		</Pair>
		<Pair>
			<key>highlight</key>
			<styleUrl>#sh_ylw-pushpin25</styleUrl>
		</Pair>
	</StyleMap>
	<StyleMap id="msn_ylw-pushpin153">
		<Pair>
			<key>normal</key>
			<styleUrl>#sn_ylw-pushpin112</styleUrl>
		</Pair>
		<Pair>
			<key>highlight</key>
			<styleUrl>#sh_ylw-pushpin021</styleUrl>
		</Pair>
	</StyleMap>
	<StyleMap id="msn_ylw-pushpin201">
		<Pair>
			<key>normal</key>
			<styleUrl>#sn_ylw-pushpin111</styleUrl>
		</Pair>
		<Pair>
			<key>highlight</key>
			<styleUrl>#sh_ylw-pushpin200</styleUrl>
		</Pair>
	</StyleMap>
	<StyleMap id="msn_ylw-pushpin211">
		<Pair>
			<key>normal</key>
			<styleUrl>#sn_ylw-pushpin1100</styleUrl>
		</Pair>
		<Pair>
			<key>highlight</key>
			<styleUrl>#sh_ylw-pushpin42</styleUrl>
		</Pair>
	</StyleMap>
	<StyleMap id="msn_ylw-pushpin27">
		<Pair>
			<key>normal</key>
			<styleUrl>#sn_ylw-pushpin21</styleUrl>
		</Pair>
		<Pair>
			<key>highlight</key>
			<styleUrl>#sh_ylw-pushpin20</styleUrl>
		</Pair>
	</StyleMap>
	<StyleMap id="msn_ylw-pushpin270">
		<Pair>
			<key>normal</key>
			<styleUrl>#sn_ylw-pushpin510</styleUrl>
		</Pair>
		<Pair>
			<key>highlight</key>
			<styleUrl>#sh_ylw-pushpin2400</styleUrl>
		</Pair>
	</StyleMap>
	<StyleMap id="msn_ylw-pushpin310">
		<Pair>
			<key>normal</key>
			<styleUrl>#sn_ylw-pushpin431</styleUrl>
		</Pair>
		<Pair>
			<key>highlight</key>
			<styleUrl>#sh_ylw-pushpin30</styleUrl>
		</Pair>
	</StyleMap>
	<StyleMap id="msn_ylw-pushpin320">
		<Pair>
			<key>normal</key>
			<styleUrl>#sn_ylw-pushpin39</styleUrl>
		</Pair>
		<Pair>
			<key>highlight</key>
			<styleUrl>#sh_ylw-pushpin511</styleUrl>
		</Pair>
	</StyleMap>
	<StyleMap id="msn_ylw-pushpin370">
		<Pair>
			<key>normal</key>
			<styleUrl>#sn_ylw-pushpin340</styleUrl>
		</Pair>
		<Pair>
			<key>highlight</key>
			<styleUrl>#sh_ylw-pushpin440</styleUrl>
		</Pair>
	</StyleMap>
	<StyleMap id="msn_ylw-pushpin391">
		<Pair>
			<key>normal</key>
			<styleUrl>#sn_ylw-pushpin480</styleUrl>
		</Pair>
		<Pair>
			<key>highlight</key>
			<styleUrl>#sh_ylw-pushpin46</styleUrl>
		</Pair>
	</StyleMap>
	<StyleMap id="msn_ylw-pushpin40">
		<Pair>
			<key>normal</key>
			<styleUrl>#sn_ylw-pushpin1</styleUrl>
		</Pair>
		<Pair>
			<key>highlight</key>
			<styleUrl>#sh_ylw-pushpin18</styleUrl>
		</Pair>
	</StyleMap>
	<StyleMap id="msn_ylw-pushpin45">
		<Pair>
			<key>normal</key>
			<styleUrl>#sn_ylw-pushpin171</styleUrl>
		</Pair>
		<Pair>
			<key>highlight</key>
			<styleUrl>#sh_ylw-pushpin29</styleUrl>
		</Pair>
	</StyleMap>
	<StyleMap id="msn_ylw-pushpin700">
		<Pair>
			<key>normal</key>
			<styleUrl>#sn_ylw-pushpin180</styleUrl>
		</Pair>
		<Pair>
			<key>highlight</key>
			<styleUrl>#sh_ylw-pushpin0003</styleUrl>
		</Pair>
	</StyleMap>
	<StyleMap id="msn_ylw-pushpin81">
		<Pair>
			<key>normal</key>
			<styleUrl>#sn_ylw-pushpin401</styleUrl>
		</Pair>
		<Pair>
			<key>highlight</key>
			<styleUrl>#sh_ylw-pushpin510</styleUrl>
		</Pair>
	</StyleMap>
	<StyleMap id="msn_ylw-pushpin9">
		<Pair>
			<key>normal</key>
			<styleUrl>#sn_ylw-pushpin34</styleUrl>
		</Pair>
		<Pair>
			<key>highlight</key>
			<styleUrl>#sh_ylw-pushpin1</styleUrl>
		</Pair>
	</StyleMap>
	<StyleMap id="msn_ylw-pushpin91">
		<Pair>
			<key>normal</key>
			<styleUrl>#sn_ylw-pushpin47</styleUrl>
		</Pair>
		<Pair>
			<key>highlight</key>
			<styleUrl>#sh_ylw-pushpin180</styleUrl>
		</Pair>
	</StyleMap>
	<Style id="s_ylw-pushpin0">
		<IconStyle>
			<scale>1.1</scale>
			<Icon>
				<href>http://maps.google.com/mapfiles/kml/pushpin/ylw-pushpin.png</href>
			</Icon>
			<hotSpot x="20" y="2" xunits="pixels" yunits="pixels"/>
		</IconStyle>
		<LineStyle>
			<color>ff0000ff</color>
			<width>2</width>
		</LineStyle>
	</Style>
	<Style id="s_ylw-pushpin_hl">
		<IconStyle>
			<scale>1.3</scale>
			<Icon>
				<href>http://maps.google.com/mapfiles/kml/pushpin/ylw-pushpin.png</href>
			</Icon>
			<hotSpot x="20" y="2" xunits="pixels" yunits="pixels"/>
		</IconStyle>
		<LineStyle>
			<color>ff0000ff</color>
			<width>2</width>
		</LineStyle>
	</Style>
	<Style id="sh_ylw-pushpin0003">
		<IconStyle>
			<scale>1.3</scale>
			<Icon>
				<href>http://maps.google.com/mapfiles/kml/pushpin/ylw-pushpin.png</href>
			</Icon>
			<hotSpot x="20" y="2" xunits="pixels" yunits="pixels"/>
		</IconStyle>
		<LineStyle>
			<color>ff0055aa</color>
			<width>2</width>
		</LineStyle>
	</Style>
	<Style id="sh_ylw-pushpin010">
		<IconStyle>
			<scale>1.3</scale>
			<Icon>
				<href>http://maps.google.com/mapfiles/kml/pushpin/ylw-pushpin.png</href>
			</Icon>
			<hotSpot x="20" y="2" xunits="pixels" yunits="pixels"/>
		</IconStyle>
		<LineStyle>
			<color>ff7f00aa</color>
			<width>2</width>
		</LineStyle>
	</Style>
	<Style id="sh_ylw-pushpin021">
		<IconStyle>
			<scale>1.3</scale>
			<Icon>
				<href>http://maps.google.com/mapfiles/kml/pushpin/ylw-pushpin.png</href>
			</Icon>
			<hotSpot x="20" y="2" xunits="pixels" yunits="pixels"/>
		</IconStyle>
		<LineStyle>
			<color>ffffff00</color>
			<width>4</width>
		</LineStyle>
	</Style>
	<Style id="sh_ylw-pushpin1">
		<IconStyle>
			<scale>1.3</scale>
			<Icon>
				<href>http://maps.google.com/mapfiles/kml/pushpin/ylw-pushpin.png</href>
			</Icon>
			<hotSpot x="20" y="2" xunits="pixels" yunits="pixels"/>
		</IconStyle>
		<LineStyle>
			<color>ff00ff00</color>
			<width>2</width>
		</LineStyle>
	</Style>
	<Style id="sh_ylw-pushpin100">
		<IconStyle>
			<scale>1.3</scale>
			<Icon>
				<href>http://maps.google.com/mapfiles/kml/pushpin/ylw-pushpin.png</href>
			</Icon>
			<hotSpot x="20" y="2" xunits="pixels" yunits="pixels"/>
		</IconStyle>
		<LineStyle>
			<color>ffffff00</color>
			<width>4</width>
		</LineStyle>
	</Style>
	<Style id="sh_ylw-pushpin132">
		<IconStyle>
			<scale>1.3</scale>
			<Icon>
				<href>http://maps.google.com/mapfiles/kml/pushpin/ylw-pushpin.png</href>
			</Icon>
			<hotSpot x="20" y="2" xunits="pixels" yunits="pixels"/>
		</IconStyle>
		<LineStyle>
			<color>ff7f00aa</color>
			<width>2</width>
		</LineStyle>
	</Style>
	<Style id="sh_ylw-pushpin140">
		<IconStyle>
			<scale>1.3</scale>
			<Icon>
				<href>http://maps.google.com/mapfiles/kml/pushpin/ylw-pushpin.png</href>
			</Icon>
			<hotSpot x="20" y="2" xunits="pixels" yunits="pixels"/>
		</IconStyle>
		<LineStyle>
			<color>ff00ffff</color>
			<width>2</width>
		</LineStyle>
	</Style>
	<Style id="sh_ylw-pushpin18">
		<IconStyle>
			<scale>1.3</scale>
			<Icon>
				<href>http://maps.google.com/mapfiles/kml/pushpin/ylw-pushpin.png</href>
			</Icon>
			<hotSpot x="20" y="2" xunits="pixels" yunits="pixels"/>
		</IconStyle>
		<LineStyle>
			<color>ff0000ff</color>
			<width>2</width>
		</LineStyle>
	</Style>
	<Style id="sh_ylw-pushpin180">
		<IconStyle>
			<scale>1.3</scale>
			<Icon>
				<href>http://maps.google.com/mapfiles/kml/pushpin/ylw-pushpin.png</href>
			</Icon>
			<hotSpot x="20" y="2" xunits="pixels" yunits="pixels"/>
		</IconStyle>
		<LineStyle>
			<width>2</width>
		</LineStyle>
	</Style>
	<Style id="sh_ylw-pushpin20">
		<IconStyle>
			<scale>1.3</scale>
			<Icon>
				<href>http://maps.google.com/mapfiles/kml/pushpin/ylw-pushpin.png</href>
			</Icon>
			<hotSpot x="20" y="2" xunits="pixels" yunits="pixels"/>
		</IconStyle>
		<LineStyle>
			<color>ffff0000</color>
			<width>2</width>
		</LineStyle>
	</Style>
	<Style id="sh_ylw-pushpin200">
		<IconStyle>
			<scale>1.3</scale>
			<Icon>
				<href>http://maps.google.com/mapfiles/kml/pushpin/ylw-pushpin.png</href>
			</Icon>
			<hotSpot x="20" y="2" xunits="pixels" yunits="pixels"/>
		</IconStyle>
		<LineStyle>
			<color>ffff55ff</color>
			<width>2</width>
		</LineStyle>
	</Style>
	<Style id="sh_ylw-pushpin2400">
		<IconStyle>
			<scale>1.3</scale>
			<Icon>
				<href>http://maps.google.com/mapfiles/kml/pushpin/ylw-pushpin.png</href>
			</Icon>
			<hotSpot x="20" y="2" xunits="pixels" yunits="pixels"/>
		</IconStyle>
		<LineStyle>
			<width>2</width>
		</LineStyle>
	</Style>
	<Style id="sh_ylw-pushpin25">
		<IconStyle>
			<scale>1.3</scale>
			<Icon>
				<href>http://maps.google.com/mapfiles/kml/pushpin/ylw-pushpin.png</href>
			</Icon>
			<hotSpot x="20" y="2" xunits="pixels" yunits="pixels"/>
		</IconStyle>
		<LineStyle>
			<width>2</width>
		</LineStyle>
	</Style>
	<Style id="sh_ylw-pushpin250">
		<IconStyle>
			<scale>1.3</scale>
			<Icon>
				<href>http://maps.google.com/mapfiles/kml/pushpin/ylw-pushpin.png</href>
			</Icon>
			<hotSpot x="20" y="2" xunits="pixels" yunits="pixels"/>
		</IconStyle>
		<LineStyle>
			<color>ff0055aa</color>
			<width>2</width>
		</LineStyle>
	</Style>
	<Style id="sh_ylw-pushpin29">
		<IconStyle>
			<scale>1.3</scale>
			<Icon>
				<href>http://maps.google.com/mapfiles/kml/pushpin/ylw-pushpin.png</href>
			</Icon>
			<hotSpot x="20" y="2" xunits="pixels" yunits="pixels"/>
		</IconStyle>
		<LineStyle>
			<color>ffff0000</color>
			<width>2</width>
		</LineStyle>
	</Style>
	<Style id="sh_ylw-pushpin30">
		<IconStyle>
			<scale>1.3</scale>
			<Icon>
				<href>http://maps.google.com/mapfiles/kml/pushpin/ylw-pushpin.png</href>
			</Icon>
			<hotSpot x="20" y="2" xunits="pixels" yunits="pixels"/>
		</IconStyle>
		<LineStyle>
			<color>ffff0000</color>
			<width>2</width>
		</LineStyle>
	</Style>
	<Style id="sh_ylw-pushpin320">
		<IconStyle>
			<scale>1.3</scale>
			<Icon>
				<href>http://maps.google.com/mapfiles/kml/pushpin/ylw-pushpin.png</href>
			</Icon>
			<hotSpot x="20" y="2" xunits="pixels" yunits="pixels"/>
		</IconStyle>
		<LineStyle>
			<color>ff0000ff</color>
			<width>2</width>
		</LineStyle>
	</Style>
	<Style id="sh_ylw-pushpin42">
		<IconStyle>
			<scale>1.3</scale>
			<Icon>
				<href>http://maps.google.com/mapfiles/kml/pushpin/ylw-pushpin.png</href>
			</Icon>
			<hotSpot x="20" y="2" xunits="pixels" yunits="pixels"/>
		</IconStyle>
		<LineStyle>
			<color>ff000000</color>
			<width>2</width>
		</LineStyle>
	</Style>
	<Style id="sh_ylw-pushpin440">
		<IconStyle>
			<scale>1.3</scale>
			<Icon>
				<href>http://maps.google.com/mapfiles/kml/pushpin/ylw-pushpin.png</href>
			</Icon>
			<hotSpot x="20" y="2" xunits="pixels" yunits="pixels"/>
		</IconStyle>
		<LineStyle>
			<color>ffff55ff</color>
			<width>2</width>
		</LineStyle>
	</Style>
	<Style id="sh_ylw-pushpin450">
		<IconStyle>
			<scale>1.3</scale>
			<Icon>
				<href>http://maps.google.com/mapfiles/kml/pushpin/ylw-pushpin.png</href>
			</Icon>
			<hotSpot x="20" y="2" xunits="pixels" yunits="pixels"/>
		</IconStyle>
		<LineStyle>
			<color>ff0055aa</color>
			<width>2</width>
		</LineStyle>
	</Style>
	<Style id="sh_ylw-pushpin46">
		<IconStyle>
			<scale>1.3</scale>
			<Icon>
				<href>http://maps.google.com/mapfiles/kml/pushpin/ylw-pushpin.png</href>
			</Icon>
			<hotSpot x="20" y="2" xunits="pixels" yunits="pixels"/>
		</IconStyle>
		<LineStyle>
			<color>ff00ff00</color>
			<width>2</width>
		</LineStyle>
	</Style>
	<Style id="sh_ylw-pushpin510">
		<IconStyle>
			<scale>1.3</scale>
			<Icon>
				<href>http://maps.google.com/mapfiles/kml/pushpin/ylw-pushpin.png</href>
			</Icon>
			<hotSpot x="20" y="2" xunits="pixels" yunits="pixels"/>
		</IconStyle>
		<LineStyle>
			<color>ff00ff55</color>
			<width>2</width>
		</LineStyle>
	</Style>
	<Style id="sh_ylw-pushpin511">
		<IconStyle>
			<scale>1.3</scale>
			<Icon>
				<href>http://maps.google.com/mapfiles/kml/pushpin/ylw-pushpin.png</href>
			</Icon>
			<hotSpot x="20" y="2" xunits="pixels" yunits="pixels"/>
		</IconStyle>
		<LineStyle>
			<color>ff00ff00</color>
			<width>2</width>
		</LineStyle>
	</Style>
	<Style id="sn_ylw-pushpin1">
		<IconStyle>
			<scale>1.1</scale>
			<Icon>
				<href>http://maps.google.com/mapfiles/kml/pushpin/ylw-pushpin.png</href>
			</Icon>
			<hotSpot x="20" y="2" xunits="pixels" yunits="pixels"/>
		</IconStyle>
		<LineStyle>
			<color>ff0000ff</color>
			<width>2</width>
		</LineStyle>
	</Style>
	<Style id="sn_ylw-pushpin1000">
		<IconStyle>
			<scale>1.1</scale>
			<Icon>
				<href>http://maps.google.com/mapfiles/kml/pushpin/ylw-pushpin.png</href>
			</Icon>
			<hotSpot x="20" y="2" xunits="pixels" yunits="pixels"/>
		</IconStyle>
		<LineStyle>
			<color>ff0000ff</color>
			<width>2</width>
		</LineStyle>
	</Style>
	<Style id="sn_ylw-pushpin1100">
		<IconStyle>
			<scale>1.1</scale>
			<Icon>
				<href>http://maps.google.com/mapfiles/kml/pushpin/ylw-pushpin.png</href>
			</Icon>
			<hotSpot x="20" y="2" xunits="pixels" yunits="pixels"/>
		</IconStyle>
		<LineStyle>
			<color>ff000000</color>
			<width>2</width>
		</LineStyle>
	</Style>
	<Style id="sn_ylw-pushpin111">
		<IconStyle>
			<scale>1.1</scale>
			<Icon>
				<href>http://maps.google.com/mapfiles/kml/pushpin/ylw-pushpin.png</href>
			</Icon>
			<hotSpot x="20" y="2" xunits="pixels" yunits="pixels"/>
		</IconStyle>
		<LineStyle>
			<color>ffff55ff</color>
			<width>2</width>
		</LineStyle>
	</Style>
	<Style id="sn_ylw-pushpin112">
		<IconStyle>
			<scale>1.1</scale>
			<Icon>
				<href>http://maps.google.com/mapfiles/kml/pushpin/ylw-pushpin.png</href>
			</Icon>
			<hotSpot x="20" y="2" xunits="pixels" yunits="pixels"/>
		</IconStyle>
		<LineStyle>
			<color>ffffff00</color>
			<width>4</width>
		</LineStyle>
	</Style>
	<Style id="sn_ylw-pushpin140">
		<IconStyle>
			<scale>1.1</scale>
			<Icon>
				<href>http://maps.google.com/mapfiles/kml/pushpin/ylw-pushpin.png</href>
			</Icon>
			<hotSpot x="20" y="2" xunits="pixels" yunits="pixels"/>
		</IconStyle>
		<LineStyle>
			<color>ff0055aa</color>
			<width>2</width>
		</LineStyle>
	</Style>
	<Style id="sn_ylw-pushpin150">
		<IconStyle>
			<scale>1.1</scale>
			<Icon>
				<href>http://maps.google.com/mapfiles/kml/pushpin/ylw-pushpin.png</href>
			</Icon>
			<hotSpot x="20" y="2" xunits="pixels" yunits="pixels"/>
		</IconStyle>
		<LineStyle>
			<color>ff7f00aa</color>
			<width>2</width>
		</LineStyle>
	</Style>
	<Style id="sn_ylw-pushpin171">
		<IconStyle>
			<scale>1.1</scale>
			<Icon>
				<href>http://maps.google.com/mapfiles/kml/pushpin/ylw-pushpin.png</href>
			</Icon>
			<hotSpot x="20" y="2" xunits="pixels" yunits="pixels"/>
		</IconStyle>
		<LineStyle>
			<color>ffff0000</color>
			<width>2</width>
		</LineStyle>
	</Style>
	<Style id="sn_ylw-pushpin180">
		<IconStyle>
			<scale>1.1</scale>
			<Icon>
				<href>http://maps.google.com/mapfiles/kml/pushpin/ylw-pushpin.png</href>
			</Icon>
			<hotSpot x="20" y="2" xunits="pixels" yunits="pixels"/>
		</IconStyle>
		<LineStyle>
			<color>ff0055aa</color>
			<width>2</width>
		</LineStyle>
	</Style>
	<Style id="sn_ylw-pushpin21">
		<IconStyle>
			<scale>1.1</scale>
			<Icon>
				<href>http://maps.google.com/mapfiles/kml/pushpin/ylw-pushpin.png</href>
			</Icon>
			<hotSpot x="20" y="2" xunits="pixels" yunits="pixels"/>
		</IconStyle>
		<LineStyle>
			<color>ffff0000</color>
			<width>2</width>
		</LineStyle>
	</Style>
	<Style id="sn_ylw-pushpin210">
		<IconStyle>
			<scale>1.1</scale>
			<Icon>
				<href>http://maps.google.com/mapfiles/kml/pushpin/ylw-pushpin.png</href>
			</Icon>
			<hotSpot x="20" y="2" xunits="pixels" yunits="pixels"/>
		</IconStyle>
		<LineStyle>
			<color>ff00ffff</color>
			<width>2</width>
		</LineStyle>
	</Style>
	<Style id="sn_ylw-pushpin29">
		<IconStyle>
			<scale>1.1</scale>
			<Icon>
				<href>http://maps.google.com/mapfiles/kml/pushpin/ylw-pushpin.png</href>
			</Icon>
			<hotSpot x="20" y="2" xunits="pixels" yunits="pixels"/>
		</IconStyle>
		<LineStyle>
			<width>2</width>
		</LineStyle>
	</Style>
	<Style id="sn_ylw-pushpin320">
		<IconStyle>
			<scale>1.1</scale>
			<Icon>
				<href>http://maps.google.com/mapfiles/kml/pushpin/ylw-pushpin.png</href>
			</Icon>
			<hotSpot x="20" y="2" xunits="pixels" yunits="pixels"/>
		</IconStyle>
		<LineStyle>
			<color>ff7f00aa</color>
			<width>2</width>
		</LineStyle>
	</Style>
	<Style id="sn_ylw-pushpin34">
		<IconStyle>
			<scale>1.1</scale>
			<Icon>
				<href>http://maps.google.com/mapfiles/kml/pushpin/ylw-pushpin.png</href>
			</Icon>
			<hotSpot x="20" y="2" xunits="pixels" yunits="pixels"/>
		</IconStyle>
		<LineStyle>
			<color>ff00ff00</color>
			<width>2</width>
		</LineStyle>
	</Style>
	<Style id="sn_ylw-pushpin340">
		<IconStyle>
			<scale>1.1</scale>
			<Icon>
				<href>http://maps.google.com/mapfiles/kml/pushpin/ylw-pushpin.png</href>
			</Icon>
			<hotSpot x="20" y="2" xunits="pixels" yunits="pixels"/>
		</IconStyle>
		<LineStyle>
			<color>ffff55ff</color>
			<width>2</width>
		</LineStyle>
	</Style>
	<Style id="sn_ylw-pushpin350">
		<IconStyle>
			<scale>1.1</scale>
			<Icon>
				<href>http://maps.google.com/mapfiles/kml/pushpin/ylw-pushpin.png</href>
			</Icon>
			<hotSpot x="20" y="2" xunits="pixels" yunits="pixels"/>
		</IconStyle>
		<LineStyle>
			<color>ffffff00</color>
			<width>4</width>
		</LineStyle>
	</Style>
	<Style id="sn_ylw-pushpin39">
		<IconStyle>
			<scale>1.1</scale>
			<Icon>
				<href>http://maps.google.com/mapfiles/kml/pushpin/ylw-pushpin.png</href>
			</Icon>
			<hotSpot x="20" y="2" xunits="pixels" yunits="pixels"/>
		</IconStyle>
		<LineStyle>
			<color>ff00ff00</color>
			<width>2</width>
		</LineStyle>
	</Style>
	<Style id="sn_ylw-pushpin401">
		<IconStyle>
			<scale>1.1</scale>
			<Icon>
				<href>http://maps.google.com/mapfiles/kml/pushpin/ylw-pushpin.png</href>
			</Icon>
			<hotSpot x="20" y="2" xunits="pixels" yunits="pixels"/>
		</IconStyle>
		<LineStyle>
			<color>ff00ff55</color>
			<width>2</width>
		</LineStyle>
	</Style>
	<Style id="sn_ylw-pushpin431">
		<IconStyle>
			<scale>1.1</scale>
			<Icon>
				<href>http://maps.google.com/mapfiles/kml/pushpin/ylw-pushpin.png</href>
			</Icon>
			<hotSpot x="20" y="2" xunits="pixels" yunits="pixels"/>
		</IconStyle>
		<LineStyle>
			<color>ffff0000</color>
			<width>2</width>
		</LineStyle>
	</Style>
	<Style id="sn_ylw-pushpin450">
		<IconStyle>
			<scale>1.1</scale>
			<Icon>
				<href>http://maps.google.com/mapfiles/kml/pushpin/ylw-pushpin.png</href>
			</Icon>
			<hotSpot x="20" y="2" xunits="pixels" yunits="pixels"/>
		</IconStyle>
		<LineStyle>
			<color>ff0055aa</color>
			<width>2</width>
		</LineStyle>
	</Style>
	<Style id="sn_ylw-pushpin47">
		<IconStyle>
			<scale>1.1</scale>
			<Icon>
				<href>http://maps.google.com/mapfiles/kml/pushpin/ylw-pushpin.png</href>
			</Icon>
			<hotSpot x="20" y="2" xunits="pixels" yunits="pixels"/>
		</IconStyle>
		<LineStyle>
			<width>2</width>
		</LineStyle>
	</Style>
	<Style id="sn_ylw-pushpin480">
		<IconStyle>
			<scale>1.1</scale>
			<Icon>
				<href>http://maps.google.com/mapfiles/kml/pushpin/ylw-pushpin.png</href>
			</Icon>
			<hotSpot x="20" y="2" xunits="pixels" yunits="pixels"/>
		</IconStyle>
		<LineStyle>
			<color>ff00ff00</color>
			<width>2</width>
		</LineStyle>
	</Style>
	<Style id="sn_ylw-pushpin510">
		<IconStyle>
			<scale>1.1</scale>
			<Icon>
				<href>http://maps.google.com/mapfiles/kml/pushpin/ylw-pushpin.png</href>
			</Icon>
			<hotSpot x="20" y="2" xunits="pixels" yunits="pixels"/>
		</IconStyle>
		<LineStyle>
			<width>2</width>
		</LineStyle>
	</Style>
	<Folder>
		<name>ROTAS</name>
		<visibility>0</visibility>
		<Folder>
			<name>ÁREA 1473</name>
			<visibility>0</visibility>
			<Placemark>
				<name>280M - 6F</name>
				<visibility>0</visibility>
				<description>328M - 6F C/RESERVA
15 POSTES
15 ETIQUETAS
15 FITAS
15 ROLDANAS
30 ANEIS GUIAS
10 ALÇAS</description>
				<styleUrl>#inline332124</styleUrl>
				<LineString>
					<tessellate>1</tessellate>
					<coordinates>
						-41.32935934177181,-21.76574083656739,0 -41.32958629477154,-21.76635659937348,0 -41.33000781225922,-21.76765602000941,0 -41.32996162704977,-21.7677404194929,0 -41.32923098087063,-21.76798137332188,0 
					</coordinates>
				</LineString>
			</Placemark>
			<Placemark>
				<name>714M - 6FO</name>
				<visibility>0</visibility>
				<description>870M - 6FO C/ RESERVA
30 KIT EQUIPAGEM
50 ALÇAS

REDUNDÂNCIA LOJA PELINCA</description>
				<styleUrl>#msn_ylw-pushpin81</styleUrl>
				<LineString>
					<tessellate>1</tessellate>
					<coordinates>
						-41.32938264387037,-21.76573087146755,0 -41.32973254038074,-21.76565849144483,0 -41.32961972215875,-21.76535386273371,0 -41.32972737916269,-21.76522738331915,0 -41.32975608773888,-21.76515530749894,0 -41.33235442353469,-21.76437112489439,0 -41.33223604018595,-21.76420210986062,0 -41.33265213347804,-21.76407807604997,0 -41.3325185556768,-21.76406608018366,0 -41.33177267462622,-21.76297347889302,0 -41.33170172015907,-21.76296120602144,0 -41.3309975602062,-21.76320418863328,0 -41.33111080870921,-21.7633734114034,0 
					</coordinates>
				</LineString>
			</Placemark>
			<Placemark>
				<name>132M - 6F</name>
				<visibility>0</visibility>
				<description>148M - 6F C/RESERVA
4 POSTES
4 ETIQUETAS
4 FITAS
4 ROLDANAS
8 ANEIS GUIAS
6 ALÇAS</description>
				<styleUrl>#inline3321562</styleUrl>
				<LineString>
					<tessellate>1</tessellate>
					<coordinates>
						-41.32902379716886,-21.76734654292969,0 -41.32978251443799,-21.76706176863392,0 -41.32998889855352,-21.76765043595487,0 
					</coordinates>
				</LineString>
			</Placemark>
			<Placemark>
				<name>185M - 6F</name>
				<visibility>0</visibility>
				<description>217M - 6F C/RESERVA
7 POSTES
7 ETIQUETAS
7 FITAS
7 ROLDANAS
14 ANEIS GUIAS
8 ALÇAS</description>
				<styleUrl>#inline33212</styleUrl>
				<LineString>
					<tessellate>1</tessellate>
					<coordinates>
						-41.32787846451033,-21.76617992486858,0 -41.3280995883621,-21.76707420635001,0 -41.3283627263849,-21.76784555115927,0 
					</coordinates>
				</LineString>
			</Placemark>
			<Placemark>
				<name>60M - 6F</name>
				<visibility>0</visibility>
				<description>76M - 6F C/RESERVA
5 POSTES
5 ETIQUETAS
5 FITAS
5 ROLDANAS
10 ANEIS GUIAS
4 ALÇAS</description>
				<styleUrl>#inline332397</styleUrl>
				<LineString>
					<tessellate>1</tessellate>
					<coordinates>
						-41.32759867242456,-21.76725462047139,0 -41.32803238074227,-21.76711096920152,0 -41.32807831077128,-21.76710189811873,0 -41.32811955350523,-21.76713808613553,0 
					</coordinates>
				</LineString>
			</Placemark>
			<Placemark>
				<name>416M - 6F</name>
				<visibility>0</visibility>
				<description>464M - 6F C/RESERVA
19 POSTES
19 ETIQUETAS
19 FITAS
19 ROLDANAS
38 ANEIS GUIAS
18 ALÇAS</description>
				<styleUrl>#inline3329</styleUrl>
				<LineString>
					<tessellate>1</tessellate>
					<coordinates>
						-41.32613770912551,-21.76687308936116,0 -41.3265133511363,-21.76780427279082,0 -41.32671984141727,-21.76836886656228,0 -41.32674208465436,-21.76837958766575,0 -41.32711512824623,-21.76827930156945,0 -41.32674953307782,-21.76839152085726,0 -41.32688631294278,-21.76870054887019,0 -41.32694034050737,-21.76870088795737,0 -41.32759556825113,-21.76849557656503,0 
					</coordinates>
				</LineString>
			</Placemark>
			<Placemark>
				<name>197M - 6F</name>
				<visibility>0</visibility>
				<description>213M - 6F C/RESERVA
9 POSTES
9 ETIQUETAS
9 FITAS
9 ROLDANAS
18 ANEIS GUIAS
10 ALÇAS</description>
				<styleUrl>#inline332336</styleUrl>
				<LineString>
					<tessellate>1</tessellate>
					<coordinates>
						-41.32743793925276,-21.76787943021087,0 -41.32664859297416,-21.76813364833896,0 -41.32673071503643,-21.76836443573455,0 -41.32710763462921,-21.76826884866081,0 
					</coordinates>
				</LineString>
			</Placemark>
			<Placemark>
				<name>166M - 6F</name>
				<visibility>0</visibility>
				<description>182M - 6F C/RESERVA
3 POSTES
3 ETIQUETAS
3 FITAS
3 ROLDANAS
6 ANEIS GUIAS
8 ALÇAS</description>
				<styleUrl>#inline693115</styleUrl>
				<LineString>
					<tessellate>1</tessellate>
					<coordinates>
						-41.32710958132068,-21.76923169858465,0 -41.32711045523831,-21.76929203903286,0 -41.32688470928208,-21.76872047713697,0 -41.32694661125019,-21.76872242001348,0 -41.32760726651509,-21.76851142115566,0 
					</coordinates>
				</LineString>
			</Placemark>
			<Placemark>
				<name>183M - 6FO</name>
				<visibility>0</visibility>
				<description>196M - 6F C/RESERVA
4 POSTES
4 ETIQUETAS
4 FITAS
4 ROLDANAS
8 ANEIS GUIAS
14 ALÇAS</description>
				<styleUrl>#inline18724</styleUrl>
				<LineString>
					<tessellate>1</tessellate>
					<coordinates>
						-41.32777064190736,-21.76052096643663,0 -41.32823211128336,-21.76158226908399,0 -41.32812344127628,-21.76167898151466,0 -41.32794994534861,-21.76174673043739,0 -41.3277732755823,-21.76165624163006,0 
					</coordinates>
				</LineString>
			</Placemark>
			<Placemark>
				<name>315M - 12F</name>
				<visibility>0</visibility>
				<description>363M - 12F C/RESERVA
15 POSTES
15 ETIQUETAS
15 FITAS
15 ROLDANAS
30 ANEIS GUIAS
14 ALÇAS</description>
				<styleUrl>#inline33295</styleUrl>
				<LineString>
					<tessellate>1</tessellate>
					<coordinates>
						-41.32759696551063,-21.76850357256269,0 -41.32853897333973,-21.76820519140171,0 -41.32845207528396,-21.76817415123972,0 -41.32835854950982,-21.76784567002327,0 -41.32837020316919,-21.76784038382226,0 -41.32846839794002,-21.76815708350355,0 -41.32856255371534,-21.76819481423955,0 -41.32923491290038,-21.76797873396283,0 
					</coordinates>
				</LineString>
			</Placemark>
		</Folder>
		<Folder>
			<name>ÁREA 1474</name>
			<visibility>0</visibility>
			<Placemark>
				<name>95M - 6F</name>
				<visibility>0</visibility>
				<description>111M - 6F C/RESERVA
4 POSTES
4 ETIQUETAS
4 FITAS
4 ROLDANAS
8 ANEIS GUIAS
2 ALÇAS</description>
				<styleUrl>#inline332476</styleUrl>
				<LineString>
					<tessellate>1</tessellate>
					<coordinates>
						-41.33121758409288,-21.77173615520947,0 -41.3309936577411,-21.77098638806482,0 -41.33094673091178,-21.77097507012134,0 
					</coordinates>
				</LineString>
			</Placemark>
			<Placemark>
				<name>184M - 6F</name>
				<visibility>0</visibility>
				<description>216M - 6F C/RESERVA
9 POSTES
9 ETIQUETAS
9 FITAS
9 ROLDANAS
18 ANEIS GUIAS
6 ALÇAS</description>
				<styleUrl>#inline332364</styleUrl>
				<LineString>
					<tessellate>1</tessellate>
					<coordinates>
						-41.33046328953089,-21.76921420580963,0 -41.33032556856438,-21.76910402079788,0 -41.32986393683666,-21.76924233256356,0 -41.32918533963147,-21.76946053537872,0 -41.32879200596744,-21.76957053925553,0 
					</coordinates>
				</LineString>
			</Placemark>
			<Placemark>
				<name>40M - 6F</name>
				<visibility>0</visibility>
				<description>60M - 6F C/RESERVA</description>
				<styleUrl>#msn_ylw-pushpin270</styleUrl>
				<LineString>
					<tessellate>1</tessellate>
					<coordinates>
						-41.32879609381551,-21.7695687928354,0 -41.32869001493861,-21.76974127963106,0 -41.32873991234585,-21.76989692251047,0 
					</coordinates>
				</LineString>
			</Placemark>
			<Placemark>
				<name>357M - 6F</name>
				<visibility>0</visibility>
				<description>405M - 6F C/RESERVA
17 POSTES
17 ETIQUETAS
17 FITAS
17 ROLDANAS
34 ANEIS GUIAS
14 ALÇAS</description>
				<styleUrl>#inline332112</styleUrl>
				<LineString>
					<tessellate>1</tessellate>
					<coordinates>
						-41.32821176623334,-21.77201959395661,0 -41.32770830721822,-21.77074931627558,0 -41.32745364032574,-21.77014485200687,0 -41.32744247644253,-21.76998253494847,0 -41.32739185053477,-21.76996417066701,0 -41.32712720652537,-21.7693029988581,0 -41.32710307472456,-21.76922363374944,0 
					</coordinates>
				</LineString>
			</Placemark>
			<Placemark>
				<name>135M - 6F</name>
				<visibility>0</visibility>
				<description>262M - 6F C/RESERVA</description>
				<styleUrl>#inline3323481</styleUrl>
				<LineString>
					<tessellate>1</tessellate>
					<coordinates>
						-41.32769093674924,-21.77074043565509,0 -41.32793399956588,-21.77134829445041,0 -41.32782136389287,-21.77136004261967,0 -41.32739991201915,-21.77150065423649,0 
					</coordinates>
				</LineString>
			</Placemark>
			<Placemark>
				<name>97M - 6F</name>
				<visibility>0</visibility>
				<description>113M - 6F C/RESERVA
6 POSTES
6 ETIQUETAS
6 FITAS
6 ROLDANAS
12 ANEIS GUIAS
2 ALÇAS</description>
				<styleUrl>#inline332408</styleUrl>
				<LineString>
					<tessellate>1</tessellate>
					<coordinates>
						-41.32860904647374,-21.77298717760437,0 -41.32821610937136,-21.77201883037497,0 
					</coordinates>
				</LineString>
			</Placemark>
			<Placemark>
				<name>118M - 6F</name>
				<visibility>0</visibility>
				<description>150M - 6F C/RESERVA</description>
				<styleUrl>#msn_ylw-pushpin101</styleUrl>
				<LineString>
					<tessellate>1</tessellate>
					<coordinates>
						-41.32932821802248,-21.77244625763938,0 -41.32914397433778,-21.77250821930572,0 -41.32884512707345,-21.77166859503928,0 
					</coordinates>
				</LineString>
			</Placemark>
			<Placemark>
				<name>595M - 12F</name>
				<visibility>0</visibility>
				<description>675M - 12F C/RESERVA
25 POSTES
25 ETIQUETAS
25 FITAS
25 ROLDANAS
50 ANEIS GUIAS
38 ALÇAS</description>
				<styleUrl>#inline332324</styleUrl>
				<LineString>
					<tessellate>1</tessellate>
					<coordinates>
						-41.32822454690577,-21.77201666918698,0 -41.32818223209276,-21.77190764204063,0 -41.32825637587101,-21.77182500795538,0 -41.3288615780794,-21.77162974645231,0 -41.32884002902323,-21.77168614250881,0 -41.32885461660018,-21.77168960352779,0 -41.3288826146531,-21.77162410389976,0 -41.32933780281059,-21.77147940991602,0 -41.32950576256453,-21.77147804708189,0 -41.32950494819857,-21.77146711227282,0 -41.32936665357881,-21.77147011786996,0 -41.3301894756584,-21.77121451550953,0 -41.33017093089595,-21.77131227259944,0 -41.33018035860992,-21.77131491182548,0 -41.33020069425108,-21.77121357522526,0 -41.33094524725423,-21.77097620892205,0 -41.3309428835618,-21.77076909497621,0 -41.33046186047932,-21.76921572220709,0 
					</coordinates>
				</LineString>
			</Placemark>
		</Folder>
		<Folder>
			<name>ÁREA 1475</name>
			<visibility>0</visibility>
			<Placemark>
				<name>379M - 6F</name>
				<visibility>0</visibility>
				<description>427M - 6F C/RESERVA
13 POSTES
13 ETIQUETAS
13 FITAS
13 ROLDANAS
26 ANEIS GUIAS
12 ALÇAS</description>
				<styleUrl>#inline332126</styleUrl>
				<LineString>
					<tessellate>1</tessellate>
					<coordinates>
						-41.32941192609064,-21.77499919800224,0 -41.32900691532274,-21.77398754072881,0 -41.32882135258501,-21.77353130616095,0 -41.32868367144148,-21.77350833175186,0 -41.3291990292856,-21.77333592031416,0 -41.33074273593154,-21.77276689328202,0 
					</coordinates>
				</LineString>
			</Placemark>
			<Placemark>
				<name>230M - 6F</name>
				<visibility>0</visibility>
				<description>262M - 6F C/RESERVA
6 POSTES
6 ETIQUETAS
6 FITAS
6 ROLDANAS
12 ANEIS GUIAS
6 ALÇAS</description>
				<styleUrl>#inline332145</styleUrl>
				<LineString>
					<tessellate>1</tessellate>
					<coordinates>
						-41.33022152361657,-21.77494846668904,0 -41.33126862196015,-21.77458072961954,0 -41.33198742563401,-21.77431704633358,0 -41.33198276344165,-21.77422969919908,0 
					</coordinates>
				</LineString>
			</Placemark>
			<Placemark>
				<name>102M - 6FO</name>
				<visibility>0</visibility>
				<description>118M - 6FO C/RESERVA
6 POSTES
6 ETIQUETAS
6 FITAS
6 ROLDANAS
12 ANEIS GUIAS
6 ALÇAS

LANÇAR ESSE PEDAÇO
REMOVER PEDAÇO ENTRE AS CAIXAS 7 E 8</description>
				<styleUrl>#inline3323111</styleUrl>
				<LineString>
					<tessellate>1</tessellate>
					<coordinates>
						-41.33021233928834,-21.77495158549456,0 -41.32950077242618,-21.77520376766012,0 -41.32941967095669,-21.77500400203615,0 
					</coordinates>
				</LineString>
			</Placemark>
			<Placemark>
				<name>67M - 6FO</name>
				<visibility>0</visibility>
				<description>100M - 6FO - CAIXA 10 A CAIXA 3
50M - 6FO - CAIXA 3 A CAIXA 4</description>
				<styleUrl>#inline232801</styleUrl>
				<LineString>
					<tessellate>1</tessellate>
					<coordinates>
						-41.33162364769145,-21.77443815970524,0 -41.33125864290977,-21.77457145018234,0 -41.33127326809418,-21.77452873055499,0 -41.3313471229648,-21.77446423549037,0 -41.33130185268293,-21.77432630156181,0 -41.33121098392933,-21.77402008460807,0 
					</coordinates>
				</LineString>
			</Placemark>
			<Placemark>
				<name>106M - 6FO</name>
				<visibility>0</visibility>
				<description>126M - 6F C/RESERVA
7 ETIQUETAS</description>
				<styleUrl>#msn_ylw-pushpin310</styleUrl>
				<LineString>
					<tessellate>1</tessellate>
					<coordinates>
						-41.33137689276701,-21.77300503343869,0 -41.33144391951154,-21.77320234395814,0 -41.33145751152863,-21.77331256773904,0 -41.3313537775381,-21.77324044416246,0 -41.33125344574312,-21.77299810022659,0 
					</coordinates>
				</LineString>
			</Placemark>
			<Placemark>
				<name>211M - 6FO</name>
				<visibility>0</visibility>
				<description>251M - 6F C/RESERVA
14 ETIQUETAS</description>
				<styleUrl>#msn_ylw-pushpin0002</styleUrl>
				<LineString>
					<tessellate>1</tessellate>
					<coordinates>
						-41.33145221026884,-21.77331568958465,0 -41.33135871061031,-21.77326925629436,0 -41.33114963335831,-21.7733348368807,0 -41.33098326167682,-21.77335684734872,0 -41.3304862326824,-21.77351335576459,0 -41.32993216602009,-21.77369162191167,0 -41.32951912859832,-21.77381707693574,0 
					</coordinates>
				</LineString>
			</Placemark>
			<Placemark>
				<name>171M - 6F</name>
				<visibility>0</visibility>
				<description>187M - 6F C/RESERVA
1 POSTES
1 ETIQUETAS
1 FITAS
1 ROLDANAS
2 ANEIS GUIAS
2 ALÇAS</description>
				<styleUrl>#inline69313</styleUrl>
				<LineString>
					<tessellate>1</tessellate>
					<coordinates>
						-41.33167461133363,-21.77325975902449,0 -41.33143589185669,-21.77251848292628,0 -41.33120711691567,-21.77171421191627,0 
					</coordinates>
				</LineString>
			</Placemark>
			<Placemark>
				<name>200M - 6FO</name>
				<visibility>0</visibility>
				<description>240M - 6F C/RESERVA
12 ETIQUETAS</description>
				<styleUrl>#msn_ylw-pushpin700</styleUrl>
				<LineString>
					<tessellate>1</tessellate>
					<coordinates>
						-41.33146565752633,-21.77331377866275,0 -41.3310781372636,-21.77339790043305,0 -41.33092403403201,-21.77345301296549,0 -41.33059765582051,-21.77355775437288,0 -41.33012081918336,-21.7737109019625,0 -41.32962765606504,-21.7738597477866,0 
					</coordinates>
				</LineString>
			</Placemark>
			<Placemark>
				<name>25M - 6FO</name>
				<visibility>0</visibility>
				<description>40M - 6FO C/RESERVA
2 ETIQUETAS</description>
				<styleUrl>#msn_ylw-pushpin201</styleUrl>
				<LineString>
					<tessellate>1</tessellate>
					<coordinates>
						-41.33166592737382,-21.77325539330808,0 -41.33163258481971,-21.77324506362115,0 -41.33145364026944,-21.77330888340731,0 
					</coordinates>
				</LineString>
			</Placemark>
			<Placemark>
				<name>469M - 12F</name>
				<visibility>0</visibility>
				<description>801M - 12F C/RESERVA
21 POSTES
21 ETIQUETAS
21 FITAS
21 ROLDANAS
42 ANEIS GUIAS
16 ALÇAS</description>
				<styleUrl>#inline33266</styleUrl>
				<LineString>
					<tessellate>1</tessellate>
					<coordinates>
						-41.33256404343528,-21.77591694759122,0 -41.33197733086918,-21.77421577541401,0 -41.33165894468623,-21.7732547131053,0 -41.33140465973388,-21.77251473859916,0 -41.33074468912772,-21.77277394473526,0 
					</coordinates>
				</LineString>
			</Placemark>
		</Folder>
		<Folder>
			<name>ÁREA 1476</name>
			<visibility>0</visibility>
			<Placemark>
				<name>236M - 6F</name>
				<visibility>0</visibility>
				<description>268M - 6F C/RESERVA
10 POSTES
10 ETIQUETAS
10 FITAS
10 ROLDANAS
20 ANEIS GUIAS
8 ALÇAS</description>
				<styleUrl>#inline33250</styleUrl>
				<LineString>
					<tessellate>1</tessellate>
					<coordinates>
						-41.32504128860185,-21.76712976848085,0 -41.32570156753623,-21.76828972982045,0 -41.32590976394324,-21.76834884754471,0 -41.32504187288564,-21.76860249456499,0 
					</coordinates>
				</LineString>
			</Placemark>
			<Placemark>
				<name>294M - 6F</name>
				<visibility>0</visibility>
				<description>326M - 6F C/RESERVA
13 POSTES
13 ETIQUETAS
13 FITAS
13 ROLDANAS
26 ANEIS GUIAS
12 ALÇAS</description>
				<styleUrl>#inline332207</styleUrl>
				<LineString>
					<tessellate>1</tessellate>
					<coordinates>
						-41.32434937874617,-21.77082997683505,0 -41.32446567784319,-21.77094617380439,0 -41.32553384081045,-21.77062812482733,0 -41.3261205296278,-21.77045886869942,0 -41.32628089893787,-21.77049507026888,0 -41.32613008340423,-21.76978475762062,0 
					</coordinates>
				</LineString>
			</Placemark>
			<Placemark>
				<name>82M - 6F</name>
				<visibility>0</visibility>
				<styleUrl>#inline332500</styleUrl>
				<LineString>
					<tessellate>1</tessellate>
					<coordinates>
						-41.32507767222949,-21.76814638312089,0 -41.3253614625818,-21.7680126108729,0 -41.32547902060196,-21.7679590096038,0 -41.32563825067028,-21.76823752351098,0 
					</coordinates>
				</LineString>
			</Placemark>
			<Placemark>
				<name>361M - 6F</name>
				<visibility>0</visibility>
				<description>409M - 6F C/RESERVA
14 POSTES
14 ETIQUETAS
14 FITAS
14 ROLDANAS
28 ANEIS GUIAS
16 ALÇAS</description>
				<styleUrl>#inline332312</styleUrl>
				<LineString>
					<tessellate>1</tessellate>
					<coordinates>
						-41.32352457543148,-21.7703700775963,0 -41.3236277071978,-21.77048608282082,0 -41.32506926750712,-21.7701040047343,0 -41.32512979830842,-21.76993726284925,0 -41.32502616100741,-21.76946822379447,0 -41.32489201541998,-21.7687397120365,0 -41.32471572619599,-21.76873076217915,0 -41.32504083990746,-21.76863089093194,0 
					</coordinates>
				</LineString>
			</Placemark>
			<Placemark>
				<name>432M - 6F</name>
				<visibility>0</visibility>
				<description>464M - 6F C/RESERVA
19 POSTES
19 ETIQUETAS
19 FITAS
19 ROLDANAS
38 ANEIS GUIAS
12 ALÇAS</description>
				<styleUrl>#inline33271</styleUrl>
				<LineString>
					<tessellate>1</tessellate>
					<coordinates>
						-41.32259072313647,-21.76843762496498,0 -41.32230083988266,-21.76759832852013,0 -41.32224625136688,-21.76745547529491,0 -41.32357582674105,-21.76704351732621,0 -41.32354361198942,-21.76709950452229,0 -41.3236410054466,-21.76746832370935,0 -41.32370294385027,-21.76772761319405,0 -41.32383423713114,-21.76834617418843,0 
					</coordinates>
				</LineString>
			</Placemark>
			<Placemark>
				<name>106M - 6F</name>
				<visibility>0</visibility>
				<description>112M - 6F C/RESERVA
6 POSTES
6 ETIQUETAS
6 FITAS
6 ROLDANAS
12 ANEIS GUIAS
4 ALÇAS</description>
				<styleUrl>#inline332433</styleUrl>
				<LineString>
					<tessellate>1</tessellate>
					<coordinates>
						-41.32407440135946,-21.76949521559211,0 -41.32396860988275,-21.76903769601751,0 -41.32382219759768,-21.76835487270645,0 
					</coordinates>
				</LineString>
			</Placemark>
			<Placemark>
				<name>410M - 12F</name>
				<visibility>0</visibility>
				<description>458M - 12F C/RESERVA
7 POSTES
7 ETIQUETAS
7 FITAS
7 ROLDANAS
14 ANEIS GUIAS
14 ALÇAS</description>
				<styleUrl>#inline332142</styleUrl>
				<LineString>
					<tessellate>1</tessellate>
					<coordinates>
						-41.3261369179881,-21.76978686521982,0 -41.32600249044705,-21.7691023541143,0 -41.32585150063753,-21.76844523590776,0 -41.32591972162754,-21.76836479235227,0 -41.32504526100747,-21.76861788730858,0 -41.32403384130672,-21.76893622133171,0 -41.32397352434107,-21.76900068910468,0 -41.32384331977153,-21.76836914903176,0 
					</coordinates>
				</LineString>
			</Placemark>
		</Folder>
		<Folder>
			<name>ÁREA 1477</name>
			<visibility>0</visibility>
			<Placemark>
				<name>216M - 6F</name>
				<visibility>0</visibility>
				<description>248M - 6F C/RESERVA
9 POSTES
9 ETIQUETAS
9 FITAS
9 ROLDANAS
18 ANEIS GUIAS
10 ALÇAS</description>
				<styleUrl>#inline332236</styleUrl>
				<LineString>
					<tessellate>1</tessellate>
					<coordinates>
						-41.32633090090985,-21.77084838916439,0 -41.32653151913341,-21.77179408218666,0 -41.32664862698469,-21.77235501095533,0 -41.32653466390911,-21.77233866929573,0 -41.32622108481917,-21.77244190600839,0 
					</coordinates>
				</LineString>
			</Placemark>
			<Placemark>
				<name>320M - 6F</name>
				<visibility>0</visibility>
				<description>368M - 6F C/RESERVA
13 POSTES
13 ETIQUETAS
13 FITAS
13 ROLDANAS
26 ANEIS GUIAS
14 ALÇAS</description>
				<styleUrl>#inline332439</styleUrl>
				<LineString>
					<tessellate>1</tessellate>
					<coordinates>
						-41.32378965111061,-21.77235277701542,0 -41.32370563608418,-21.77222373367898,0 -41.32352488418133,-21.77159464538088,0 -41.32366577393176,-21.77152229383361,0 -41.32431647657624,-21.77133536027474,0 -41.32445916935411,-21.77138498542229,0 -41.32452796792547,-21.77166975724344,0 -41.32471908387963,-21.77251526756005,0 
					</coordinates>
				</LineString>
			</Placemark>
			<Placemark>
				<name>83M - 6F</name>
				<visibility>0</visibility>
				<description>99M - 6F C/RESERVA
5 POSTES
5 ETIQUETAS
5 FITAS
5 ROLDANAS
10 ANEIS GUIAS
2 ALÇAS</description>
				<styleUrl>#inline33257</styleUrl>
				<LineString>
					<tessellate>1</tessellate>
					<coordinates>
						-41.32550017933088,-21.77208712198173,0 -41.32535973205805,-21.7713558635425,0 
					</coordinates>
				</LineString>
			</Placemark>
			<Placemark>
				<name>94M - 6F</name>
				<visibility>0</visibility>
				<description>110M - 6F C/RESERVA
3 POSTES
3 ETIQUETAS
3 FITAS
3 ROLDANAS
6 ANEIS GUIAS
4 ALÇAS</description>
				<styleUrl>#inline693121</styleUrl>
				<LineString>
					<tessellate>1</tessellate>
					<coordinates>
						-41.32454516502197,-21.77166956429146,0 -41.32435775160458,-21.7708429398449,0 
					</coordinates>
				</LineString>
			</Placemark>
			<Placemark>
				<name>315M - 12F</name>
				<visibility>0</visibility>
				<description>363M - 12F C/RESERVA
13 POSTES
13 ETIQUETAS
13 FITAS
13 ROLDANAS
26 ANEIS GUIAS
20 ALÇAS</description>
				<styleUrl>#inline33263</styleUrl>
				<LineString>
					<tessellate>1</tessellate>
					<coordinates>
						-41.32623695626467,-21.77245698451231,0 -41.32566170725775,-21.77264734699055,0 -41.32552866427278,-21.77210281780163,0 -41.32550483725077,-21.77211205461156,0 -41.32564388858439,-21.77265061871666,0 -41.32520082464948,-21.77279098180712,0 -41.32480487813526,-21.77291644968852,0 -41.32471680476328,-21.77251295866317,0 
					</coordinates>
				</LineString>
			</Placemark>
		</Folder>
		<Folder>
			<name>ÁREA 1478</name>
			<visibility>0</visibility>
			<Placemark>
				<name>168M - 6F</name>
				<visibility>0</visibility>
				<description>200M - 6F C/RESERVA
8 POSTES
8 ETIQUETAS
8 FITAS
8 ROLDANAS
16 ANEIS GUIAS
8 ALÇAS</description>
				<styleUrl>#inline332237</styleUrl>
				<LineString>
					<tessellate>1</tessellate>
					<coordinates>
						-41.32489383133253,-21.77376958746436,0 -41.32504381157773,-21.77447281499917,0 -41.32511205129372,-21.77482451557956,0 -41.3251366548923,-21.77491412526668,0 -41.32453030495096,-21.77520375348499,0 
					</coordinates>
				</LineString>
			</Placemark>
			<Placemark>
				<name>291M - 6F</name>
				<visibility>0</visibility>
				<description>339M - 6F C/RESERVA
9 POSTES
9 ETIQUETAS
9 FITAS
9 ROLDANAS
18 ANEIS GUIAS
8 ALÇAS</description>
				<styleUrl>#inline332406</styleUrl>
				<LineString>
					<tessellate>1</tessellate>
					<coordinates>
						-41.3263694139586,-21.7758393718954,0 -41.32620438108778,-21.77511666140282,0 -41.3259105914245,-21.77386812551332,0 -41.32577729076922,-21.77326635340358,0 
					</coordinates>
				</LineString>
			</Placemark>
			<Placemark>
				<name>148M - 6F</name>
				<visibility>0</visibility>
				<description>164M - 6F C/RESERVA
7 POSTES
7 ETIQUETAS
7 FITAS
7 ROLDANAS
14 ANEIS GUIAS
6 ALÇAS</description>
				<styleUrl>#inline332151</styleUrl>
				<LineString>
					<tessellate>1</tessellate>
					<coordinates>
						-41.32426248089387,-21.77409434683979,0 -41.32452457251154,-21.77521364904336,0 
					</coordinates>
				</LineString>
			</Placemark>
			<Placemark>
				<name>276M - 6F</name>
				<visibility>0</visibility>
				<description>308M - 6F C/RESERVA
11 POSTES
11 ETIQUETAS
11 FITAS
11 ROLDANAS
22 ANEIS GUIAS
16 ALÇAS</description>
				<styleUrl>#inline332232</styleUrl>
				<LineString>
					<tessellate>1</tessellate>
					<coordinates>
						-41.32527191927734,-21.77666512617772,0 -41.3255198906366,-21.77656034499076,0 -41.3253438326395,-21.77572687752686,0 -41.32521942297365,-21.77568620731377,0 -41.32534332688413,-21.77569580337754,0 -41.32521442060573,-21.77508243347065,0 -41.32514459343624,-21.77497609254169,0 -41.32455161674873,-21.77521440030696,0 
					</coordinates>
				</LineString>
			</Placemark>
			<Placemark>
				<name>274M - 6F</name>
				<visibility>0</visibility>
				<description>306M - 6F C/RESERVA
12 POSTES
12 ETIQUETAS
12 FITAS
12 ROLDANAS
24 ANEIS GUIAS
12 ALÇAS</description>
				<styleUrl>#inline332192</styleUrl>
				<LineString>
					<tessellate>1</tessellate>
					<coordinates>
						-41.32776032823403,-21.77288271196711,0 -41.32693085593483,-21.77320207097205,0 -41.32682234694792,-21.77330485672267,0 -41.32692747286132,-21.77368379795453,0 -41.32702390639293,-21.77423430367638,0 -41.32691214621855,-21.7742544650664,0 -41.32648374269925,-21.77442993359224,0 
					</coordinates>
				</LineString>
			</Placemark>
			<Placemark>
				<name>131M - 6F</name>
				<visibility>0</visibility>
				<description>147M - 6F C/RESERVA
1 POSTES
1 ETIQUETAS
1 FITAS
1 ROLDANAS
2 ANEIS GUIAS
6 ALÇAS</description>
				<styleUrl>#inline693114</styleUrl>
				<LineString>
					<tessellate>1</tessellate>
					<coordinates>
						-41.32577152541266,-21.77326766035461,0 -41.32568018361222,-21.77293762318888,0 -41.32557356847265,-21.77243394768001,0 -41.32550477646184,-21.77211288713877,0 
					</coordinates>
				</LineString>
			</Placemark>
			<Placemark>
				<name>534M - 12F</name>
				<visibility>0</visibility>
				<description>598M - 12F C/RESERVA
21 POSTES
21 ETIQUETAS
21 FITAS
21 ROLDANAS
42 ANEIS GUIAS
26 ALÇAS</description>
				<styleUrl>#inline332231</styleUrl>
				<LineString>
					<tessellate>1</tessellate>
					<coordinates>
						-41.32791937815701,-21.77385374733067,0 -41.32748231194494,-21.77404364412304,0 -41.32704314988799,-21.77425461178161,0 -41.32690813462077,-21.77428140872532,0 -41.3265171160306,-21.77443655882544,0 -41.32598652334343,-21.77462326932496,0 -41.32609247027478,-21.77443676718911,0 -41.32590941514516,-21.77385466983372,0 -41.32605775238475,-21.77444373921211,0 -41.32597127520866,-21.77459014027115,0 -41.32576083223596,-21.77469787389871,0 -41.32452551928081,-21.77520442492764,0 
					</coordinates>
				</LineString>
			</Placemark>
		</Folder>
		<Folder>
			<name>ÁREA 1479</name>
			<visibility>0</visibility>
			<Placemark>
				<name>373M - 6F</name>
				<visibility>0</visibility>
				<description>421M - 6F C/RESERVA
26 POSTES
26 ETIQUETAS
26 FITAS
26 ROLDANAS
52 ANEIS GUIAS
16 ALÇAS</description>
				<styleUrl>#inline33281</styleUrl>
				<LineString>
					<tessellate>1</tessellate>
					<coordinates>
						-41.32502773050368,-21.77847750462024,0 -41.32485213285393,-21.77798898681833,0 -41.32474158797379,-21.77769614131594,0 -41.3246340337577,-21.77743336254014,0 -41.32454696530844,-21.77717022435792,0 -41.32434535585682,-21.77660345247685,0 -41.32428261111488,-21.77639488160756,0 -41.32422313913729,-21.77621598886359,0 -41.32403433998572,-21.7757073384785,0 -41.32399112398009,-21.77547821438239,0 
					</coordinates>
				</LineString>
			</Placemark>
			<Placemark>
				<name>433M - 6F</name>
				<visibility>0</visibility>
				<description>482M - 6F C/RESERVA
13 POSTES
13 ETIQUETAS
13 FITAS
13 ROLDANAS
26 ANEIS GUIAS
8 ALÇAS</description>
				<styleUrl>#inline332442</styleUrl>
				<LineString>
					<tessellate>1</tessellate>
					<coordinates>
						-41.32149545963978,-21.76849764427518,0 -41.32192293617977,-21.7696819805245,0 -41.32201295606073,-21.76985779879958,0 -41.32245811021176,-21.77110446884477,0 -41.32283212478141,-21.77214741004217,0 -41.32271874387535,-21.77218977975659,0 
					</coordinates>
				</LineString>
			</Placemark>
			<Placemark>
				<name>77M - 6FO</name>
				<visibility>0</visibility>
				<description>120M - 6FO C/RESERVA
10 ALÇAS</description>
				<styleUrl>#inline33900</styleUrl>
				<LineString>
					<tessellate>1</tessellate>
					<coordinates>
						-41.32349314421553,-21.7734824693063,0 -41.3234470619392,-21.77335582298105,0 -41.32329502440581,-21.77340697645056,0 -41.32321675182109,-21.77318174179254,0 -41.32304431865661,-21.77323413436789,0 
					</coordinates>
				</LineString>
			</Placemark>
			<Placemark>
				<name>386M - 12F</name>
				<visibility>0</visibility>
				<description>434M - 12F C/RESERVA
14 POSTES
14 ETIQUETAS
14 FITAS
14 ROLDANAS
28 ANEIS GUIAS
14 ALÇAS</description>
				<styleUrl>#inline332225</styleUrl>
				<LineString>
					<tessellate>1</tessellate>
					<coordinates>
						-41.32398542417008,-21.7754823332986,0 -41.32388100708372,-21.77525388156355,0 -41.32360759658149,-21.77439166043803,0 -41.32330123497244,-21.77350076481865,0 -41.3231351646405,-21.77355814026465,0 -41.32303951184576,-21.77324707766422,0 -41.32286791745709,-21.77269916394367,0 -41.32277405262293,-21.77240133656304,0 -41.32268815320509,-21.77219361756728,0 
					</coordinates>
				</LineString>
			</Placemark>
		</Folder>
		<Folder>
			<name>ÁREA 1480</name>
			<visibility>0</visibility>
			<Placemark>
				<name>264M - 6F</name>
				<visibility>0</visibility>
				<description>296M - 6F C/RESERVA
14 POSTES
14 ETIQUETAS
14 FITAS
14 ROLDANAS
28 ANEIS GUIAS
10 ALÇAS</description>
				<styleUrl>#inline5249</styleUrl>
				<LineString>
					<tessellate>1</tessellate>
					<coordinates>
						-41.31990194766717,-21.77497659535696,0 -41.31978543031153,-21.77444604001281,0 -41.32044197265714,-21.7742028473436,0 
					</coordinates>
				</LineString>
			</Placemark>
			<Placemark>
				<name>216M - 6F</name>
				<visibility>0</visibility>
				<description>248M - 6F C/RESERVA
9 POSTES
9 ETIQUETAS
9 FITAS
9 ROLDANAS
18 ANEIS GUIAS
8 ALÇAS</description>
				<styleUrl>#inline2734</styleUrl>
				<LineString>
					<tessellate>1</tessellate>
					<coordinates>
						-41.32140160001849,-21.77574587061389,0 -41.32049873189401,-21.77574013029483,0 -41.31933800163452,-21.77575541836569,0 
					</coordinates>
				</LineString>
			</Placemark>
			<Placemark>
				<name>128M - 6F</name>
				<visibility>0</visibility>
				<description>144M - 6F C/RESERVA
10 POSTES
10 ETIQUETAS
10 FITAS
10 ROLDANAS
20 ANEIS GUIAS
4 ALÇAS</description>
				<styleUrl>#inline3656</styleUrl>
				<LineString>
					<tessellate>1</tessellate>
					<coordinates>
						-41.32117412078197,-21.77395181769763,0 -41.32231143182369,-21.77359204176517,0 
					</coordinates>
				</LineString>
			</Placemark>
			<Placemark>
				<name>163M - 6F</name>
				<visibility>0</visibility>
				<description>195M - 6F C/RESERVA
4 POSTES
4 ETIQUETAS
4 FITAS
4 ROLDANAS
8 ANEIS GUIAS
6 ALÇAS</description>
				<styleUrl>#inline9871</styleUrl>
				<LineString>
					<tessellate>1</tessellate>
					<coordinates>
						-41.32098681484092,-21.77514047415738,0 -41.32089882260447,-21.77474502827225,0 -41.32079178353189,-21.77438413138041,0 -41.3207105557502,-21.77413299430628,0 -41.32045129287735,-21.77420173896486,0 
					</coordinates>
				</LineString>
			</Placemark>
			<Placemark>
				<name>72M - 6FO</name>
				<visibility>0</visibility>
				<description>90M - 6FO C/RESERVA</description>
				<styleUrl>#msn_ylw-pushpin1300</styleUrl>
				<LineString>
					<tessellate>1</tessellate>
					<coordinates>
						-41.32118067826872,-21.7739525606253,0 -41.32084963298358,-21.7740561687217,0 -41.32087663906785,-21.77401814196985,0 -41.32094729008009,-21.77397185087931,0 -41.32087555966555,-21.77378405914677,0 
					</coordinates>
				</LineString>
			</Placemark>
			<Placemark>
				<name>295M - 6F</name>
				<visibility>0</visibility>
				<description>343M - 6F C/RESERVA
12 POSTES
12 ETIQUETAS
12 FITAS
12 ROLDANAS
24 ANEIS GUIAS
10 ALÇAS</description>
				<styleUrl>#inline18581</styleUrl>
				<LineString>
					<tessellate>1</tessellate>
					<coordinates>
						-41.32299413321518,-21.77501796098307,0 -41.32270350939324,-21.77421697749059,0 -41.32230343062282,-21.77431914101733,0 -41.32244773239816,-21.77484622670844,0 -41.32264149913343,-21.77571187816967,0 
					</coordinates>
				</LineString>
			</Placemark>
			<Placemark>
				<name>409M - 12F</name>
				<visibility>0</visibility>
				<description>457M - 12F C/RESERVA
19 POSTES
19 ETIQUETAS
19 FITAS
19 ROLDANAS
38 ANEIS GUIAS
22 ALÇAS</description>
				<styleUrl>#inline32171</styleUrl>
				<LineString>
					<tessellate>1</tessellate>
					<coordinates>
						-41.32137957521628,-21.77575842139651,0 -41.32186427162366,-21.77575181025886,0 -41.32185152867334,-21.77520922446556,0 -41.3218064250232,-21.77478084196031,0 -41.32164237134531,-21.77426569376221,0 -41.32155867721971,-21.77402628373211,0 -41.32160950435495,-21.77394317235531,0 -41.32157329718881,-21.7738420863941,0 -41.32118251227379,-21.773968961988,0 -41.32044719444102,-21.77419579764193,0 
					</coordinates>
				</LineString>
			</Placemark>
			<Placemark>
				<name>409M - 12F</name>
				<visibility>0</visibility>
				<description>457M - 12F C/RESERVA
19 POSTES
19 ETIQUETAS
19 FITAS
19 ROLDANAS
38 ANEIS GUIAS
22 ALÇAS</description>
				<styleUrl>#inline321710</styleUrl>
				<LineString>
					<tessellate>1</tessellate>
					<coordinates>
						-41.32264045990731,-21.77570047982714,0 -41.32220755892925,-21.77574016430625,0 -41.32188172495409,-21.77575383907551,0 -41.32187111865188,-21.77520978364845,0 
					</coordinates>
				</LineString>
			</Placemark>
		</Folder>
		<Folder>
			<name>ÁREA 1481</name>
			<visibility>0</visibility>
			<Placemark>
				<name>332M - 6F</name>
				<visibility>0</visibility>
				<description>364M - 6F C/RESERVA
7 POSTES
7 ETIQUETAS
7 FITAS
7 ROLDANAS
14 ANEIS GUIAS
12 ALÇAS</description>
				<styleUrl>#inline2248</styleUrl>
				<LineString>
					<tessellate>1</tessellate>
					<coordinates>
						-41.32106863791851,-21.77273833615519,0 -41.32085059866112,-21.77219552368726,0 -41.32077399561586,-21.77226215052487,0 -41.31991433187341,-21.77256029858618,0 
					</coordinates>
				</LineString>
			</Placemark>
			<Placemark>
				<name>158M - 6F</name>
				<visibility>0</visibility>
				<description>174M - 6F C/RESERVA
8 POSTES
8 ETIQUETAS
8 FITAS
8 ROLDANAS
16 ANEIS GUIAS
6 ALÇAS</description>
				<styleUrl>#inline3873</styleUrl>
				<LineString>
					<tessellate>1</tessellate>
					<coordinates>
						-41.32221206349342,-21.77286121845649,0 -41.32133285927833,-21.77312334475415,0 -41.32123277358969,-21.77313588418606,0 -41.32108150551407,-21.77273938957976,0 
					</coordinates>
				</LineString>
			</Placemark>
			<Placemark>
				<name>278M - 6F</name>
				<visibility>0</visibility>
				<description>326M - 6F C/RESERVA
9 POSTES
9 ETIQUETAS
9 FITAS
9 ROLDANAS
18 ANEIS GUIAS
12 ALÇAS</description>
				<styleUrl>#inline34260</styleUrl>
				<LineString>
					<tessellate>1</tessellate>
					<coordinates>
						-41.31872556536381,-21.77403355473184,0 -41.31866737767456,-21.7740982610396,0 -41.31865945546884,-21.77330752092213,0 -41.31863314975202,-21.7724202988155,0 -41.31860700517382,-21.77218144400038,0 -41.31881322222231,-21.77222468354897,0 -41.31920816854117,-21.77211216619069,0 
					</coordinates>
				</LineString>
			</Placemark>
			<Placemark>
				<name>133M - 6F</name>
				<visibility>0</visibility>
				<styleUrl>#inline000</styleUrl>
				<LineString>
					<tessellate>1</tessellate>
					<coordinates>
						-41.32168330964525,-21.77201052578047,0 -41.32086860658319,-21.7722529313627,0 -41.32082409125274,-21.77221003699973,0 
					</coordinates>
				</LineString>
			</Placemark>
			<Placemark>
				<name>222M - 6F</name>
				<visibility>0</visibility>
				<description>254M - 6F C/RESERVA
7 POSTES
7 ETIQUETAS
7 FITAS
7 ROLDANAS
14 ANEIS GUIAS
8 ALÇAS</description>
				<styleUrl>#inline13832</styleUrl>
				<LineString>
					<tessellate>1</tessellate>
					<coordinates>
						-41.32107444152638,-21.77274416301199,0 -41.32086646660067,-21.7722096951377,0 -41.32057326705326,-21.77151930555741,0 -41.32074935330844,-21.77155801673046,0 -41.32133163793894,-21.77138431113215,0 
					</coordinates>
				</LineString>
			</Placemark>
			<Placemark>
				<name>318M - 12F</name>
				<visibility>0</visibility>
				<description>366M - 12F C/RESERVA
8 POSTES
8 ETIQUETAS
8 FITAS
8 ROLDANAS
16 ANEIS GUIAS
10 ALÇAS</description>
				<styleUrl>#inline3279</styleUrl>
				<LineString>
					<tessellate>1</tessellate>
					<coordinates>
						-41.32107585138869,-21.772740085149,0 -41.32120406398584,-21.77309169190564,0 -41.32111591861329,-21.77327576948587,0 -41.32094661731929,-21.77332372243151,0 -41.31984884510391,-21.77368616861812,0 -41.31872881010257,-21.77403357522987,0 
					</coordinates>
				</LineString>
			</Placemark>
		</Folder>
		<Folder>
			<name>ÁREA 1482</name>
			<visibility>0</visibility>
			<Placemark>
				<name>295M - 6F</name>
				<visibility>0</visibility>
				<description>343M - 6F C/RESERVA
12 POSTES
12 ETIQUETAS
12 FITAS
12 ROLDANAS
24 ANEIS GUIAS
22 ALÇAS</description>
				<styleUrl>#inline3934</styleUrl>
				<LineString>
					<tessellate>1</tessellate>
					<coordinates>
						-41.32069040420011,-21.76898519359598,0 -41.32067831062442,-21.76908832156558,0 -41.32110565213304,-21.76950545604127,0 -41.32138312864576,-21.76974690937621,0 -41.32136735941708,-21.76990257080266,0 -41.32159447866159,-21.77010478715853,0 -41.32158726036145,-21.77011794584656,0 -41.32135625297417,-21.76991309610756,0 -41.32118309964811,-21.76985145393968,0 -41.32082665726352,-21.76992864482717,0 
					</coordinates>
				</LineString>
			</Placemark>
			<Placemark>
				<name>256M - 6F</name>
				<visibility>0</visibility>
				<description>288M - 6F C/RESERVA
10 POSTES
10 ETIQUETAS
10 FITAS
10 ROLDANAS
20 ANEIS GUIAS
14 ALÇAS</description>
				<styleUrl>#inline2492</styleUrl>
				<LineString>
					<tessellate>1</tessellate>
					<coordinates>
						-41.31997662290592,-21.76864941196324,0 -41.32044013096028,-21.76907891585726,0 -41.32035591011982,-21.7690798730654,0 -41.31975488850257,-21.76920468925358,0 -41.31980427583352,-21.76935793684331,0 -41.3200572420404,-21.77002944950881,0 
					</coordinates>
				</LineString>
			</Placemark>
			<Placemark>
				<name>324M - 6F</name>
				<visibility>0</visibility>
				<description>372M - 6F C/RESERVA
9 POSTES
9 ETIQUETAS
9 FITAS
9 ROLDANAS
18 ANEIS GUIAS
14 ALÇAS</description>
				<styleUrl>#inline10080</styleUrl>
				<LineString>
					<tessellate>1</tessellate>
					<coordinates>
						-41.31945017792717,-21.77108363563156,0 -41.32090806751204,-21.77072261763181,0 -41.32090421912422,-21.77070326108366,0 -41.32036963695209,-21.7708241113336,0 -41.320289678852,-21.77063104843102,0 -41.32006376317248,-21.77003763036281,0 
					</coordinates>
				</LineString>
			</Placemark>
			<Placemark>
				<name>192M - 6F</name>
				<visibility>0</visibility>
				<description>224M - 6F C/RESERVA
7 POSTES
7 ETIQUETAS
7 FITAS
7 ROLDANAS
14 ANEIS GUIAS
8 ALÇAS</description>
				<styleUrl>#inline7923</styleUrl>
				<LineString>
					<tessellate>1</tessellate>
					<coordinates>
						-41.31860491591662,-21.76908531651348,0 -41.31861948819233,-21.77026436500912,0 -41.31862603851741,-21.77046641544207,0 -41.31879983589997,-21.77042854894349,0 
					</coordinates>
				</LineString>
			</Placemark>
			<Placemark>
				<name>119M - 6F</name>
				<visibility>0</visibility>
				<description>135M - 6F C/RESERVA
4 ALÇAS</description>
				<styleUrl>#inline693100</styleUrl>
				<LineString>
					<tessellate>1</tessellate>
					<coordinates>
						-41.31879917095919,-21.77043732158823,0 -41.31768765040447,-21.77072313350197,0 
					</coordinates>
				</LineString>
			</Placemark>
			<Placemark>
				<name>271M - 12F</name>
				<visibility>0</visibility>
				<description>303M - 12F C/RESERVA
7 POSTES
7 ETIQUETAS
7 FITAS
7 ROLDANAS
14 ANEIS GUIAS
10 ALÇAS</description>
				<styleUrl>#inline62810</styleUrl>
				<LineString>
					<tessellate>1</tessellate>
					<coordinates>
						-41.32083794521041,-21.7699271158855,0 -41.32010827754876,-21.77011960896801,0 -41.32006701809162,-21.77002096688391,0 -41.3200507379284,-21.77002603198017,0 -41.32008857027978,-21.77012949290675,0 -41.31880123104815,-21.77043206644916,0 
					</coordinates>
				</LineString>
			</Placemark>
		</Folder>
		<Folder>
			<name>ÁREA 1483</name>
			<visibility>0</visibility>
			<Placemark>
				<name>281M - 6F</name>
				<visibility>0</visibility>
				<description>329M - 6F C/RESERVA
10 POSTES
10 ETIQUETAS
10 FITAS
10 ROLDANAS
20 ANEIS GUIAS
10 ALÇAS</description>
				<styleUrl>#inline4658</styleUrl>
				<LineString>
					<tessellate>1</tessellate>
					<coordinates>
						-41.317369959782,-21.77452532112809,0 -41.31723801016933,-21.7744928424664,0 -41.31694816161984,-21.77404259394232,0 -41.31644291637541,-21.77325668154194,0 -41.31600215910838,-21.77260555919817,0 
					</coordinates>
				</LineString>
			</Placemark>
			<Placemark>
				<name>218M - 6F</name>
				<visibility>0</visibility>
				<description>250M - 6F C/RESERVA
8 POSTES
8 ETIQUETAS
8 FITAS
8 ROLDANAS
16 ANEIS GUIAS
4 ALÇAS</description>
				<styleUrl>#inline4777</styleUrl>
				<LineString>
					<tessellate>1</tessellate>
					<coordinates>
						-41.31599533273378,-21.77260626385289,0 -41.31545412300359,-21.77179807755358,0 -41.31487792527039,-21.77095535776026,0 
					</coordinates>
				</LineString>
			</Placemark>
			<Placemark>
				<name>225M - 6F</name>
				<visibility>0</visibility>
				<description>257M - 6F C/RESERVA
6 POSTES
6 ETIQUETAS
6 FITAS
6 ROLDANAS
12 ANEIS GUIAS
6 ALÇAS</description>
				<styleUrl>#inline45312</styleUrl>
				<LineString>
					<tessellate>1</tessellate>
					<coordinates>
						-41.3164370738278,-21.77227703998584,0 -41.31655007141947,-21.77229704333537,0 -41.31714847802395,-21.77313121066261,0 -41.3176589852478,-21.77383490007589,0 
					</coordinates>
				</LineString>
			</Placemark>
			<Placemark>
				<name>422M - 6F</name>
				<visibility>0</visibility>
				<description>454M - 6F C/RESERVA
11 POSTES
11 ETIQUETAS
11 FITAS
11 ROLDANAS
22 ANEIS GUIAS
18 ALÇAS</description>
				<styleUrl>#inline24371</styleUrl>
				<LineString>
					<tessellate>1</tessellate>
					<coordinates>
						-41.31774625441159,-21.7718884274125,0 -41.31846997993944,-21.77172888263794,0 -41.31866245601831,-21.77172739528924,0 -41.31864969660309,-21.771378324701,0 -41.31853443918541,-21.77128845019583,0 -41.31755641924148,-21.77149596009223,0 -41.3175442162682,-21.77147495687857,0 -41.31854033397484,-21.77126673423957,0 -41.31865099628307,-21.77135944157401,0 -41.31864096201417,-21.77106709561259,0 -41.31854019543226,-21.77115387470216,0 -41.31774783338784,-21.77134901195827,0 
					</coordinates>
				</LineString>
			</Placemark>
			<Placemark>
				<name>355M - 6F</name>
				<visibility>0</visibility>
				<description>387M - 6F C/RESERVA
10 POSTES
10 ETIQUETAS
10 FITAS
10 ROLDANAS
20 ANEIS GUIAS
10 ALÇAS</description>
				<styleUrl>#inline62133</styleUrl>
				<LineString>
					<tessellate>1</tessellate>
					<coordinates>
						-41.31774626332549,-21.77132955609722,0 -41.31853489168237,-21.77113714765613,0 -41.31864198783714,-21.7710464664705,0 -41.31863531110346,-21.77048983301817,0 -41.31768480551012,-21.77073119432976,0 -41.31657743567569,-21.77099327685395,0 
					</coordinates>
				</LineString>
			</Placemark>
			<Placemark>
				<name>227M - 12F</name>
				<visibility>0</visibility>
				<description>275M - 12F C/RESERVA
9 POSTES
9 ETIQUETAS
9 FITAS
9 ROLDANAS
18 ANEIS GUIAS
10 ALÇAS</description>
				<styleUrl>#inline4469</styleUrl>
				<LineString>
					<tessellate>1</tessellate>
					<coordinates>
						-41.31600417012015,-21.77259960958742,0 -41.31596662951747,-21.77252778036399,0 -41.31644901590313,-21.77226492010311,0 -41.31672503624954,-21.77211999611212,0 -41.3177401934018,-21.77187999268678,0 
					</coordinates>
				</LineString>
			</Placemark>
		</Folder>
		<Folder>
			<name>ÁREA 1484</name>
			<visibility>0</visibility>
			<Placemark>
				<name>360M - 6F</name>
				<visibility>0</visibility>
				<description>408M - 6F C/RESERVA
8 POSTES
8 ETIQUETAS
8 FITAS
8 ROLDANAS
16 ANEIS GUIAS
6 ALÇAS</description>
				<styleUrl>#inline5145</styleUrl>
				<LineString>
					<tessellate>1</tessellate>
					<coordinates>
						-41.31429348190585,-21.77149134064288,0 -41.31489490990872,-21.77238750766599,0 -41.31530408244267,-21.77300469996629,0 -41.31612365755206,-21.77422820559807,0 
					</coordinates>
				</LineString>
			</Placemark>
			<Placemark>
				<name>353M - 6F</name>
				<visibility>0</visibility>
				<description>401M - 6F C/RESERVA
11 POSTES
11 ETIQUETAS
11 FITAS
11 ROLDANAS
22 ANEIS GUIAS
10 ALÇAS</description>
				<styleUrl>#inline3030</styleUrl>
				<LineString>
					<tessellate>1</tessellate>
					<coordinates>
						-41.31734867322737,-21.77891365690155,0 -41.31699246596597,-21.7779603181312,0 -41.31666084681354,-21.77708275646333,0 -41.31631655055992,-21.77620888636626,0 
					</coordinates>
				</LineString>
			</Placemark>
			<Placemark>
				<name>130M - 12F</name>
				<visibility>0</visibility>
				<description>146M - 12F C/RESERVA
6 POSTES
6 ETIQUETAS
6 FITAS
6 ROLDANAS
12 ANEIS GUIAS
4 ALÇAS</description>
				<styleUrl>#inline1263</styleUrl>
				<LineString>
					<tessellate>1</tessellate>
					<coordinates>
						-41.31573385972126,-21.77532635784852,0 -41.3159870066143,-21.77531984977911,0 -41.31631758728221,-21.77621297379525,0 
					</coordinates>
				</LineString>
			</Placemark>
			<Placemark>
				<name>180M - 12F</name>
				<visibility>0</visibility>
				<description>212M - 12F C/RESERVA
10 POSTES
10 ETIQUETAS
10 FITAS
10 ROLDANAS
20 ANEIS GUIAS
12 ALÇAS</description>
				<styleUrl>#inline429909</styleUrl>
				<LineString>
					<tessellate>1</tessellate>
					<coordinates>
						-41.31612870019963,-21.77422632777375,0 -41.31653151435292,-21.7748101039301,0 -41.31646019881602,-21.77495374989665,0 -41.31574627457377,-21.77533935986813,0 
					</coordinates>
				</LineString>
			</Placemark>
		</Folder>
		<Folder>
			<name>ÁREA 1485</name>
			<visibility>0</visibility>
			<Placemark>
				<name>315M - 6F</name>
				<visibility>0</visibility>
				<description>363M - 6F C/RESERVA
15 POSTES
15 ETIQUETAS
15 FITAS
15 ROLDANAS
30 ANEIS GUIAS
12 ALÇAS</description>
				<styleUrl>#inline3397</styleUrl>
				<LineString>
					<tessellate>1</tessellate>
					<coordinates>
						-41.317030542164,-21.78003852647792,0 -41.31690054864269,-21.7796844405776,0 -41.31639959995615,-21.77836458374431,0 -41.3160375296796,-21.77742347851513,0 
					</coordinates>
				</LineString>
			</Placemark>
			<Placemark>
				<name>309M - 6F</name>
				<visibility>0</visibility>
				<description>357M - 6F C/RESERVA
11 POSTES
11 ETIQUETAS
11 FITAS
11 ROLDANAS
22 ANEIS GUIAS
8 ALÇAS</description>
				<styleUrl>#inline5175</styleUrl>
				<LineString>
					<tessellate>1</tessellate>
					<coordinates>
						-41.31635825942033,-21.78009455020067,0 -41.31613030902498,-21.77951383025534,0 -41.31575559529281,-21.77851166953446,0 -41.31535664730971,-21.77745371571683,0 
					</coordinates>
				</LineString>
			</Placemark>
			<Placemark>
				<name>294M - 6F</name>
				<visibility>0</visibility>
				<description>342M - 6F C/RESERVA
10 POSTES
10 ETIQUETAS
10 FITAS
10 ROLDANAS
20 ANEIS GUIAS
10 ALÇAS</description>
				<styleUrl>#inline6440</styleUrl>
				<LineString>
					<tessellate>1</tessellate>
					<coordinates>
						-41.31412013268878,-21.77449661372906,0 -41.31387394001328,-21.7746387228317,0 -41.31340967907035,-21.77391700577557,0 -41.31295145251957,-21.77321383813997,0 -41.31254158457291,-21.7725726505363,0 
					</coordinates>
				</LineString>
			</Placemark>
			<Placemark>
				<name>202M - 12F</name>
				<visibility>0</visibility>
				<description>234M - 12F C/RESERVA
10 POSTES
10 ETIQUETAS
10 FITAS
10 ROLDANAS
20 ANEIS GUIAS
8 ALÇAS</description>
				<styleUrl>#inline4930</styleUrl>
				<LineString>
					<tessellate>1</tessellate>
					<coordinates>
						-41.31603054961568,-21.77741477382154,0 -41.3157986614578,-21.77676977132881,0 -41.31554004450891,-21.7769239955695,0 -41.31522336058882,-21.7771014465542,0 -41.31535557836495,-21.77745407156058,0 
					</coordinates>
				</LineString>
			</Placemark>
			<Placemark>
				<name>349M - 12F</name>
				<visibility>0</visibility>
				<description>397M - 12F C/RESERVA
15 POSTES
15 ETIQUETAS
15 FITAS
15 ROLDANAS
30 ANEIS GUIAS
14 ALÇAS</description>
				<styleUrl>#inline5920</styleUrl>
				<LineString>
					<tessellate>1</tessellate>
					<coordinates>
						-41.31412110220123,-21.77450692997426,0 -41.31388074144781,-21.77464830755296,0 -41.31440743362133,-21.77545748769709,0 -41.31468591488331,-21.77589752920155,0 -41.31468637317798,-21.77595754829175,0 -41.31483184644313,-21.77606080008756,0 -41.314888045047,-21.77621789978554,0 -41.31521916031819,-21.77709008294713,0 -41.31551881676742,-21.77691459507298,0 
					</coordinates>
				</LineString>
			</Placemark>
			<Placemark>
				<name>65M - 6FO</name>
				<visibility>0</visibility>
				<description>90M - 6F C/RESERVA
2 POSTES
2 ETIQUETAS
2 FITAS
2 ROLDANAS
4 ANEIS GUIAS
4 ALÇAS</description>
				<styleUrl>#m_ylw-pushpin0</styleUrl>
				<LineString>
					<tessellate>1</tessellate>
					<coordinates>
						-41.31254485257698,-21.77258067683477,0 -41.31236933829342,-21.77231123923509,0 -41.31239505648463,-21.77239918057769,0 -41.31224223358619,-21.77250437086783,0 
					</coordinates>
				</LineString>
			</Placemark>
		</Folder>
		<Folder>
			<name>ÁREA 1486</name>
			<visibility>0</visibility>
			<Placemark>
				<name>510M - 6F</name>
				<visibility>0</visibility>
				<description>574M - 6F C/RESERVA
17 POSTES
17 ETIQUETAS
17 FITAS
17 ROLDANAS
34 ANEIS GUIAS
22 ALÇAS</description>
				<styleUrl>#inline4128</styleUrl>
				<LineString>
					<tessellate>1</tessellate>
					<coordinates>
						-41.3137156190632,-21.77645537068522,0 -41.3138516361592,-21.7763815902007,0 -41.3139562353919,-21.77624484668982,0 -41.3136284878936,-21.77576338158638,0 -41.31317964821381,-21.77506715536071,0 -41.31213408597562,-21.7735616225239,0 -41.31238231070488,-21.77372120146375,0 -41.31211312507531,-21.77351904989187,0 -41.31185475191973,-21.77306642703071,0 
					</coordinates>
				</LineString>
			</Placemark>
			<Placemark>
				<name>463M - 6F</name>
				<visibility>0</visibility>
				<description>511M - 6F C/RESERVA
16 POSTES
16 ETIQUETAS
16 FITAS
16 ROLDANAS
32 ANEIS GUIAS
12 ALÇAS</description>
				<styleUrl>#inline18631</styleUrl>
				<LineString>
					<tessellate>1</tessellate>
					<coordinates>
						-41.31372787264137,-21.7764604560216,0 -41.31386271915593,-21.77638979441018,0 -41.31404271292478,-21.77640634522499,0 -41.31456708734626,-21.77735137753652,0 -41.31467535577902,-21.77760216162326,0 -41.31489040212175,-21.77818700982449,0 -41.31524542438235,-21.77912907569406,0 -41.31557574616269,-21.78002312346046,0 
					</coordinates>
				</LineString>
			</Placemark>
			<Placemark>
				<name>625M - 6F</name>
				<visibility>0</visibility>
				<description>673M - 6F C/RESERVA
18 POSTES
18 ETIQUETAS
18 FITAS
18 ROLDANAS
34 ANEIS GUIAS
18 ALÇAS</description>
				<styleUrl>#inline3686</styleUrl>
				<LineString>
					<tessellate>1</tessellate>
					<coordinates>
						-41.31373073244252,-21.77646961512106,0 -41.31327182301072,-21.7767411599774,0 -41.31321785608993,-21.77692034857616,0 -41.31366772120499,-21.77800135276759,0 -41.31377413192919,-21.77797163215092,0 -41.31399061750908,-21.77777782316582,0 -41.31400212263437,-21.77778829384478,0 -41.31378213177505,-21.77798774833894,0 -41.31367479849241,-21.77801830127315,0 -41.31403667978465,-21.7788637898237,0 -41.31393430293085,-21.77872933409007,0 -41.31392217576895,-21.77874155714649,0 -41.31404399583396,-21.7788907956474,0 -41.31470393799217,-21.78050648687342,0 
					</coordinates>
				</LineString>
			</Placemark>
			<Placemark>
				<name>142M - 6F</name>
				<visibility>0</visibility>
				<description>158M - 6F C/RESERVA
6 POSTES
6 ETIQUETAS
6 FITAS
6 ROLDANAS
12 ANEIS GUIAS
6 ALÇAS</description>
				<styleUrl>#inline884</styleUrl>
				<LineString>
					<tessellate>1</tessellate>
					<coordinates>
						-41.31371524764127,-21.77646410747043,0 -41.31277181726419,-21.77700905977752,0 -41.31276162728016,-21.77698860271468,0 -41.31325450156426,-21.77670656426681,0 -41.31310164592917,-21.77673900848359,0 -41.31268757120636,-21.7760838497733,0 
					</coordinates>
				</LineString>
			</Placemark>
			<Placemark>
				<name>25M - 6FO</name>
				<visibility>0</visibility>
				<description>45M - 6FO C/RESERVA
1 KIT EQUIPAGEM
2 ALÇAS</description>
				<styleUrl>#msn_ylw-pushpin003</styleUrl>
				<LineString>
					<tessellate>1</tessellate>
					<coordinates>
						-41.31557902129711,-21.78002070653162,0 -41.31555273231989,-21.77988988755865,0 -41.31561391527619,-21.77982824775743,0 
					</coordinates>
				</LineString>
			</Placemark>
		</Folder>
		<Folder>
			<name>ÁREA 1487</name>
			<visibility>0</visibility>
			<Placemark>
				<name>299M - 6F</name>
				<visibility>0</visibility>
				<description>347M - 6F C/RESERVA
10 POSTES
10 ETIQUETAS
10 FITAS
10 ROLDANAS
20 ANEIS GUIAS
10 ALÇAS</description>
				<styleUrl>#inline3358</styleUrl>
				<LineString>
					<tessellate>1</tessellate>
					<coordinates>
						-41.31174973302938,-21.77611911058633,0 -41.31126499231885,-21.77535487259238,0 -41.31086326581931,-21.77472535107727,0 -41.31030414773124,-21.77385031077909,0 
					</coordinates>
				</LineString>
			</Placemark>
			<Placemark>
				<name>345M - 6F</name>
				<visibility>0</visibility>
				<description>393M - 6F C/RESERVA
12 POSTES
12 ETIQUETAS
12 FITAS
12 ROLDANAS
24 ANEIS GUIAS
14 ALÇAS</description>
				<styleUrl>#inline4337</styleUrl>
				<LineString>
					<tessellate>1</tessellate>
					<coordinates>
						-41.30993298718151,-21.77490218077117,0 -41.31044917946311,-21.77572279254048,0 -41.31085379370291,-21.77635520828394,0 -41.31061942837344,-21.7764843034452,0 -41.31062836798565,-21.77649600346136,0 -41.3108617902082,-21.77636964054813,0 -41.31133312128219,-21.77709823417251,0 -41.31164323716656,-21.77757065428128,0 
					</coordinates>
				</LineString>
			</Placemark>
			<Placemark>
				<name>119M - 6F</name>
				<visibility>0</visibility>
				<description>135M - 6F C/RESERVA
5 POSTES
5 ETIQUETAS
5 FITAS
5 ROLDANAS
10 ANEIS GUIAS
4 ALÇAS</description>
				<styleUrl>#inline3162</styleUrl>
				<LineString>
					<tessellate>1</tessellate>
					<coordinates>
						-41.31103555195266,-21.77346452821886,0 -41.31162002144614,-21.77439326632389,0 
					</coordinates>
				</LineString>
			</Placemark>
			<Placemark>
				<name>185M - 6F</name>
				<visibility>0</visibility>
				<description>217M - 6F C/RESERVA
9 POSTES
9 ETIQUETAS
9 FITAS
9 ROLDANAS
18 ANEIS GUIAS
8 ALÇAS</description>
				<styleUrl>#inline3777</styleUrl>
				<LineString>
					<tessellate>1</tessellate>
					<coordinates>
						-41.3087546005186,-21.77640723073569,0 -41.30912869737408,-21.77702212676797,0 -41.30911887014314,-21.77717230355937,0 -41.30930004305584,-21.77721515852715,0 -41.3099178086046,-21.77686688509629,0 
					</coordinates>
				</LineString>
			</Placemark>
			<Placemark>
				<name>94M - 6F</name>
				<visibility>0</visibility>
				<description>110M - 6F C/RESERVA
5 POSTES
5 ETIQUETAS
5 FITAS
5 ROLDANAS
10 ANEIS GUIAS
4 ALÇAS</description>
				<styleUrl>#inline3838</styleUrl>
				<LineString>
					<tessellate>1</tessellate>
					<coordinates>
						-41.31046711152702,-21.77750795959728,0 -41.3100066621877,-21.77681048348896,0 -41.3099242513416,-21.77685850300747,0 
					</coordinates>
				</LineString>
			</Placemark>
			<Placemark>
				<name>537M - 12F</name>
				<visibility>0</visibility>
				<description>601M - 12F C/RESERVA
22 POSTES
22 ETIQUETAS
22 FITAS
22 ROLDANAS
44 ANEIS GUIAS
24 ALÇAS</description>
				<styleUrl>#inline4787</styleUrl>
				<LineString>
					<tessellate>1</tessellate>
					<coordinates>
						-41.30991935580479,-21.77686726320227,0 -41.30993947158229,-21.77669826255923,0 -41.30942913885427,-21.77588581950229,0 -41.30910239203395,-21.77540345937633,0 -41.30934011791743,-21.77544553617817,0 -41.31002568747427,-21.77506553403762,0 -41.30991828835563,-21.77489720371443,0 -41.30993485411471,-21.77489037798019,0 -41.31003916538094,-21.77505897274782,0 -41.31079356591929,-21.77462480097034,0 -41.31085394710666,-21.77472783118752,0 -41.31086834577302,-21.77472123026044,0 -41.3108084945218,-21.77461708333685,0 -41.31149618107485,-21.77422694653452,0 -41.31160298200896,-21.77439495318582,0 
					</coordinates>
				</LineString>
			</Placemark>
		</Folder>
		<Folder>
			<name>ÁREA 1488</name>
			<visibility>0</visibility>
			<Placemark>
				<name>289M - 6F</name>
				<visibility>0</visibility>
				<description>321M - 6F C/RESERVA
10 POSTES
10 ETIQUETAS
10 FITAS
10 ROLDANAS
20 ANEIS GUIAS
12 ALÇAS</description>
				<styleUrl>#inline35931</styleUrl>
				<LineString>
					<tessellate>1</tessellate>
					<coordinates>
						-41.31274962367196,-21.78040819895255,0 -41.31291232293564,-21.78049425705771,0 -41.31290472292817,-21.77985760174748,0 -41.3128726160882,-21.77978850958316,0 -41.31341540051537,-21.77976968872962,0 -41.31286208306962,-21.77976751686096,0 -41.31211635205421,-21.77978534573083,0 
					</coordinates>
				</LineString>
			</Placemark>
			<Placemark>
				<name>130M - 6F</name>
				<visibility>0</visibility>
				<description>146M - 6F C/RESERVA
8 POSTES
8 ETIQUETAS
8 FITAS
8 ROLDANAS
16 ANEIS GUIAS
8 ALÇAS</description>
				<styleUrl>#inline6325</styleUrl>
				<LineString>
					<tessellate>1</tessellate>
					<coordinates>
						-41.31296612227482,-21.77845530500347,0 -41.31293410532708,-21.77852706812346,0 -41.31265501696185,-21.7786941072248,0 -41.31244409823478,-21.77887798890735,0 -41.31243374690686,-21.77872755557772,0 -41.31236792910853,-21.77869206559587,0 -41.3121977223356,-21.77844015104159,0 
					</coordinates>
				</LineString>
			</Placemark>
			<Placemark>
				<name>183M - 6F</name>
				<visibility>0</visibility>
				<description>215M - 6F C/RESERVA
7 POSTES
7 ETIQUETAS
7 FITAS
7 ROLDANAS
14 ANEIS GUIAS
4 ALÇAS</description>
				<styleUrl>#inline32660</styleUrl>
				<LineString>
					<tessellate>1</tessellate>
					<coordinates>
						-41.3136411569949,-21.78040923110856,0 -41.31275735665885,-21.78040594599295,0 -41.31187571012131,-21.7804059362163,0 
					</coordinates>
				</LineString>
			</Placemark>
			<Placemark>
				<name>352M - 6F</name>
				<visibility>0</visibility>
				<description>384M - 6F C/RESERVA
8 POSTES
8 ETIQUETAS
8 FITAS
8 ROLDANAS
16 ANEIS GUIAS
14 ALÇAS</description>
				<styleUrl>#inline4499</styleUrl>
				<LineString>
					<tessellate>1</tessellate>
					<coordinates>
						-41.31218375773781,-21.77846754052951,0 -41.31201907766375,-21.7783013391043,0 -41.31283465342957,-21.77776657971619,0 -41.31100180537113,-21.77883967793171,0 
					</coordinates>
				</LineString>
			</Placemark>
			<Placemark>
				<name>456M - 6F</name>
				<visibility>0</visibility>
				<description>504M - 6F C/RESERVA
23 POSTES
23 ETIQUETAS
23 FITAS
23 ROLDANAS
46 ANEIS GUIAS
16 ALÇAS</description>
				<styleUrl>#inline4868</styleUrl>
				<LineString>
					<tessellate>1</tessellate>
					<coordinates>
						-41.31275557521922,-21.77698819540482,0 -41.31181895674781,-21.77748715996297,0 -41.31158247115648,-21.77754012155726,0 -41.31147095748809,-21.77770223982915,0 -41.31028364229046,-21.77834316654483,0 -41.3102227541995,-21.77843168882341,0 -41.30987953685874,-21.7784800729892,0 -41.30936084263067,-21.7776307521688,0 
					</coordinates>
				</LineString>
			</Placemark>
			<Placemark>
				<name>143M - 6F</name>
				<visibility>0</visibility>
				<description>159M - 6F C/RESERVA
7 POSTES
7 ETIQUETAS
7 FITAS
7 ROLDANAS
14 ANEIS GUIAS
4 ALÇAS</description>
				<styleUrl>#inline5265</styleUrl>
				<LineString>
					<tessellate>1</tessellate>
					<coordinates>
						-41.3112828545131,-21.78006308672124,0 -41.31110408159849,-21.77977507349009,0 -41.3121256760673,-21.77978080405017,0 
					</coordinates>
				</LineString>
			</Placemark>
			<Placemark>
				<name>345M - 12F</name>
				<visibility>0</visibility>
				<description>393M - 12F C/RESERVA
17 POSTES
17 ETIQUETAS
17 FITAS
17 ROLDANAS
34 ANEIS GUIAS
20 ALÇAS</description>
				<styleUrl>#inline3035</styleUrl>
				<LineString>
					<tessellate>1</tessellate>
					<coordinates>
						-41.31157329870263,-21.77753308028496,0 -41.31195756454676,-21.77807574329183,0 -41.31219458387746,-21.77845839877262,0 -41.31237155063047,-21.77871635114026,0 -41.31241986845406,-21.77873601486748,0 -41.3123098396413,-21.77881050614764,0 -41.31226730022995,-21.77887842175402,0 -41.31235786988264,-21.77898863348576,0 -41.31251057249492,-21.77910291288314,0 -41.31266157410906,-21.77933611842475,0 -41.31275349424538,-21.7793208101599,0 -41.31266254578581,-21.77936865038679,0 -41.31232987793825,-21.77957688426311,0 -41.31210951656561,-21.77976143632975,0 
					</coordinates>
				</LineString>
			</Placemark>
			<Placemark>
				<name>82M - 6FO</name>
				<visibility>0</visibility>
				<styleUrl>#inline21100</styleUrl>
				<LineString>
					<tessellate>1</tessellate>
					<coordinates>
						-41.31248765631812,-21.77748259137881,0 -41.31233243198805,-21.77724643137936,0 -41.31275804132465,-21.77701895394935,0 
					</coordinates>
				</LineString>
			</Placemark>
		</Folder>
		<Folder>
			<name>ÁREA 1489</name>
			<visibility>0</visibility>
			<Placemark>
				<name>148M - 6FO</name>
				<visibility>0</visibility>
				<description>180M - 6FO C/RESERVA
7 POSTES
7 ETIQUETAS
7 FITAS
7 ROLDANAS
14 ANEIS GUIAS
8 ALÇAS</description>
				<styleUrl>#inline4142</styleUrl>
				<LineString>
					<tessellate>1</tessellate>
					<coordinates>
						-41.32318878731851,-21.77655739693897,0 -41.3229070370426,-21.77659614533735,0 -41.32247829769602,-21.77663289824196,0 -41.32176457104876,-21.77663204342987,0 
					</coordinates>
				</LineString>
			</Placemark>
			<Placemark>
				<name>257M - 6FO</name>
				<visibility>0</visibility>
				<description>290M - 6FO C/RESERVA
8 POSTES
8 ETIQUETAS
8 FITAS
8 ROLDANAS
16 ANEIS GUIAS
8 ALÇAS</description>
				<styleUrl>#inline5038</styleUrl>
				<LineString>
					<tessellate>1</tessellate>
					<coordinates>
						-41.32176296882706,-21.7766384049172,0 -41.32048360188581,-21.77665600544762,0 -41.31926897606542,-21.77666787417179,0 
					</coordinates>
				</LineString>
			</Placemark>
			<Placemark>
				<name>114M - 6FO</name>
				<visibility>0</visibility>
				<description>130M - 6FO C/RESERVA
10 POSTES
10 ETIQUETAS
10 FITAS
10 ROLDANAS
20 ANEIS GUIAS
8 ALÇAS</description>
				<styleUrl>#inline24381</styleUrl>
				<LineString>
					<tessellate>1</tessellate>
					<coordinates>
						-41.3230877164161,-21.77731761448916,0 -41.32267942848058,-21.77736825097781,0 -41.32199195834352,-21.77739236187819,0 
					</coordinates>
				</LineString>
			</Placemark>
			<Placemark>
				<name>242M - 6FO</name>
				<visibility>0</visibility>
				<description>290M - 6FO C/RESERVA
6 POSTES
6 ETIQUETAS
6 FITAS
6 ROLDANAS
12 ANEIS GUIAS
6 ALÇAS</description>
				<styleUrl>#inline5158</styleUrl>
				<LineString>
					<tessellate>1</tessellate>
					<coordinates>
						-41.32198932318168,-21.77739243560178,0 -41.3212012897887,-21.77739329386946,0 -41.32045974445441,-21.77739779884995,0 -41.3196468549248,-21.77741243570789,0 
					</coordinates>
				</LineString>
			</Placemark>
			<Placemark>
				<name>198M - 6FO</name>
				<visibility>0</visibility>
				<description>230M - 6FO C/RESERVA
7 POSTES
7 ETIQUETAS
7 FITAS
7 ROLDANAS
14 ANEIS GUIAS
8 ALÇAS</description>
				<styleUrl>#inline5647</styleUrl>
				<LineString>
					<tessellate>1</tessellate>
					<coordinates>
						-41.32354839571349,-21.77806745406095,0 -41.32318990314315,-21.77812707668527,0 -41.32261932481511,-21.77816334252315,0 -41.32236739701228,-21.77816703712018,0 -41.32200338977403,-21.77817722560162,0 -41.32163948237288,-21.77818152144557,0 
					</coordinates>
				</LineString>
			</Placemark>
			<Placemark>
				<name>246M - 6FO</name>
				<visibility>0</visibility>
				<description>278M - 6FO C/RESERVA
7 POSTES
7 ETIQUETAS
7 FITAS
7 ROLDANAS
14 ANEIS GUIAS
6 ALÇAS</description>
				<styleUrl>#inline11217</styleUrl>
				<LineString>
					<tessellate>1</tessellate>
					<coordinates>
						-41.32163520718603,-21.77818055077711,0 -41.32043721245294,-21.77818876697048,0 -41.31925236747713,-21.77819599038532,0 
					</coordinates>
				</LineString>
			</Placemark>
			<Placemark>
				<name>75M - 6FO</name>
				<visibility>0</visibility>
				<description>100M - 6FO C/RESERVA
2 ALÇAS</description>
				<styleUrl>#inline23950</styleUrl>
				<LineString>
					<tessellate>1</tessellate>
					<coordinates>
						-41.32236384210717,-21.77814431033952,0 -41.3226961709421,-21.77814457017669,0 -41.32281141222717,-21.77813825769005,0 -41.32278856467391,-21.77787787159392,0 
					</coordinates>
				</LineString>
			</Placemark>
			<Placemark>
				<name>222M - 12FO</name>
				<visibility>0</visibility>
				<description>254M - 12FO C/RESERVA
7 POSTES
7 ETIQUETAS
7 FITAS
7 ROLDANAS
14 ANEIS GUIAS
16 ALÇAS</description>
				<styleUrl>#inline9110</styleUrl>
				<LineString>
					<tessellate>1</tessellate>
					<coordinates>
						-41.32176735625922,-21.77663974410053,0 -41.32190066614022,-21.77665811003881,0 -41.32191131695679,-21.77738521225225,0 -41.32199459555839,-21.77738477700431,0 -41.32190552208466,-21.77750658300528,0 -41.32192413105719,-21.77816346756236,0 -41.32163931191388,-21.77816862288148,0 
					</coordinates>
				</LineString>
			</Placemark>
		</Folder>
		<Folder>
			<name>ÁREA 1490</name>
			<visibility>0</visibility>
			<Placemark>
				<name>403M - 6FO</name>
				<visibility>0</visibility>
				<description>451M - 6FO C/RESERVA
11 POSTES
11 ETIQUETAS
11 FITAS
11 ROLDANAS
22 ANEIS GUIAS
10 ALÇAS</description>
				<styleUrl>#inline720</styleUrl>
				<LineString>
					<tessellate>1</tessellate>
					<coordinates>
						-41.32405737433887,-21.77867332919709,0 -41.32326230777971,-21.77880964263544,0 -41.32282851954368,-21.77884750942164,0 -41.32171164592429,-21.77887653004423,0 -41.32017936986325,-21.77889410095644,0 
					</coordinates>
				</LineString>
			</Placemark>
			<Placemark>
				<name>245M - 6FO</name>
				<visibility>0</visibility>
				<description>277M - 6FO C/RESERVA
5 POSTES
5 ETIQUETAS
5 FITAS
5 ROLDANAS
10 ANEIS GUIAS
6 ALÇAS</description>
				<styleUrl>#inline7671</styleUrl>
				<LineString>
					<tessellate>1</tessellate>
					<coordinates>
						-41.316935475794,-21.7762063573615,0 -41.31812502537808,-21.77583709082327,0 -41.31854104080757,-21.77570367435727,0 -41.31860936094486,-21.77571620193,0 -41.31861414427365,-21.77628387274867,0 
					</coordinates>
				</LineString>
			</Placemark>
			<Placemark>
				<name>86M - 6FO</name>
				<visibility>0</visibility>
				<description>100M - 6FO C/RESERVA
4 ALÇAS</description>
				<styleUrl>#inline9541</styleUrl>
				<LineString>
					<tessellate>1</tessellate>
					<coordinates>
						-41.31862593546062,-21.77728554694651,0 -41.31863099582106,-21.77692415258078,0 -41.31878065935911,-21.77698126348751,0 -41.31883119692137,-21.77698190346221,0 -41.31902881252779,-21.77690429730173,0 
					</coordinates>
				</LineString>
			</Placemark>
			<Placemark>
				<name>195M - 6FO</name>
				<visibility>0</visibility>
				<description>227M - 6FO C/RESERVA
6 POSTES
6 ETIQUETAS
6 FITAS
6 ROLDANAS
12 ANEIS GUIAS
8 ALÇAS</description>
				<styleUrl>#inline17431</styleUrl>
				<LineString>
					<tessellate>1</tessellate>
					<coordinates>
						-41.31772237643136,-21.77554774031755,0 -41.31783873463198,-21.77551431471833,0 -41.31837850594927,-21.77521960028134,0 -41.3186801626987,-21.77523572864695,0 -41.3187023902583,-21.775157758198,0 -41.31944453231591,-21.77503838343406,0 
					</coordinates>
				</LineString>
			</Placemark>
			<Placemark>
				<name>122M - 6FO</name>
				<visibility>0</visibility>
				<description>138M - 6FO C/RESERVA
7 POSTES
7 ETIQUETAS
7 FITAS
7 ROLDANAS
14 ANEIS GUIAS
4 ALÇAS</description>
				<styleUrl>#inline6652</styleUrl>
				<LineString>
					<tessellate>1</tessellate>
					<coordinates>
						-41.31762077990703,-21.77676937704756,0 -41.31861376903931,-21.77637045832537,0 -41.31861521052451,-21.77628267210683,0 
					</coordinates>
				</LineString>
			</Placemark>
			<Placemark>
				<name>86M - 6FO</name>
				<visibility>0</visibility>
				<description>102M - 6FO C/RESERVA
2 POSTES
2 ETIQUETAS
2 FITAS
2 ROLDANAS
4 ANEIS GUIAS
4 ALÇAS</description>
				<styleUrl>#inline33191</styleUrl>
				<LineString>
					<tessellate>1</tessellate>
					<coordinates>
						-41.31867760418731,-21.77523231035147,0 -41.3186744107784,-21.77445516015259,0 
					</coordinates>
				</LineString>
			</Placemark>
			<Placemark>
				<name>565M - 12FO</name>
				<visibility>0</visibility>
				<description>647M - 12FO C/RESERVA
22 POSTES
22 ETIQUETAS
22 FITAS
22 ROLDANAS
44 ANEIS GUIAS
16 ALÇAS</description>
				<styleUrl>#inline95410</styleUrl>
				<LineString>
					<tessellate>1</tessellate>
					<coordinates>
						-41.32017707060837,-21.77889341284538,0 -41.3190117064811,-21.77890775358696,0 -41.31865591472241,-21.77891506940569,0 -41.31863868411072,-21.77818141317669,0 -41.31861116284176,-21.7772856121944,0 -41.31862826141267,-21.77628076394346,0 -41.31862286587884,-21.77548828820792,0 -41.31867673074134,-21.77523573056257,0 
					</coordinates>
				</LineString>
			</Placemark>
		</Folder>
		<Folder>
			<name>ÁREA 1491</name>
			<visibility>0</visibility>
			<Placemark>
				<name>290M - 6FO</name>
				<visibility>0</visibility>
				<description>338M - 6FO C/RESERVA
10 POSTES
10 ETIQUETAS
10 FITAS
10 ROLDANAS
20 ANEIS GUIAS
12 ALÇAS</description>
				<styleUrl>#inline32140</styleUrl>
				<LineString>
					<tessellate>1</tessellate>
					<coordinates>
						-41.31792430995851,-21.77937794859225,0 -41.31795898912375,-21.77960710238152,0 -41.31763978047917,-21.7796149041173,0 -41.31763945728311,-21.7796289575731,0 -41.31920747168304,-21.77959544766676,0 -41.3198572924986,-21.7796029506261,0 
					</coordinates>
				</LineString>
			</Placemark>
			<Placemark>
				<name>339M - 6FO</name>
				<visibility>0</visibility>
				<description>387M - 6FO C/RESERVA
14 POSTES
14 ETIQUETAS
14 FITAS
14 ROLDANAS
28 ANEIS GUIAS
10 ALÇAS</description>
				<styleUrl>#inline5974</styleUrl>
				<LineString>
					<tessellate>1</tessellate>
					<coordinates>
						-41.31979877377067,-21.78030269999363,0 -41.32134048882605,-21.78029170283218,0 -41.32234743647918,-21.78027634160164,0 -41.32307549364174,-21.78026849819611,0 
					</coordinates>
				</LineString>
			</Placemark>
			<Placemark>
				<name>164M - 6FO</name>
				<visibility>0</visibility>
				<description>180M - 6FO C/RESERVA
3 POSTES
3 ETIQUETAS
3 FITAS
3 ROLDANAS
6 ANEIS GUIAS
8 ALÇAS</description>
				<styleUrl>#inline639</styleUrl>
				<LineString>
					<tessellate>1</tessellate>
					<coordinates>
						-41.3183057887499,-21.78025009739731,0 -41.31869660903268,-21.7802469690886,0 -41.31868351230797,-21.77962198019413,0 -41.31920900427537,-21.77961241255468,0 
					</coordinates>
				</LineString>
			</Placemark>
			<Placemark>
				<name>869M - 12FO</name>
				<visibility>0</visibility>
				<description>997M - 12FO C/RESERVA
30 POSTES
30 ETIQUETAS
30 FITAS
30 ROLDANAS
60 ANEIS GUIAS
32 ALÇAS</description>
				<styleUrl>#inline3388</styleUrl>
				<LineString>
					<tessellate>1</tessellate>
					<coordinates>
						-41.31985837807412,-21.77960343230457,0 -41.32062725521104,-21.77960246728632,0 -41.32177813683422,-21.77957864807715,0 -41.32252185512592,-21.77957257147596,0 -41.32310138345797,-21.77953005860633,0 -41.32364776003655,-21.77941910448854,0 -41.32504314991963,-21.77907560046882,0 -41.32512649703508,-21.77909712055582,0 -41.32535003575212,-21.779699095028,0 -41.32528207756505,-21.77966267282522,0 -41.32450760100824,-21.77992705461605,0 -41.32377226317045,-21.78018432317146,0 -41.32343018365913,-21.78024624898047,0 -41.32307619377541,-21.78026817529208,0 
					</coordinates>
				</LineString>
			</Placemark>
		</Folder>
		<Folder>
			<name>ÁREA 1492</name>
			<visibility>0</visibility>
			<Placemark>
				<name>578M - 6FO</name>
				<visibility>0</visibility>
				<description>626M - 6FO C/RESERVA
16 POSTES
16 ETIQUETAS
16 FITAS
16 ROLDANAS
32 ANEIS GUIAS
22 ALÇAS</description>
				<styleUrl>#inline332183</styleUrl>
				<LineString>
					<tessellate>1</tessellate>
					<coordinates>
						-41.32721919762483,-21.77497167505777,0 -41.32731547897756,-21.77502454690865,0 -41.32800500939778,-21.77477394331343,0 -41.3291676243531,-21.77435828076591,0 -41.32950408465303,-21.77519043140136,0 -41.32898360736263,-21.77537181603486,0 -41.32790145441479,-21.77576590916485,0 -41.32717189610887,-21.77612413661972,0 
					</coordinates>
				</LineString>
			</Placemark>
			<Placemark>
				<name>670M - 6FO</name>
				<visibility>0</visibility>
				<description>718M - 6FO C/RESERVA
16 POSTES
16 ETIQUETAS
16 FITAS
16 ROLDANAS
32 ANEIS GUIAS
22 ALÇAS</description>
				<styleUrl>#inline3322013</styleUrl>
				<LineString>
					<tessellate>1</tessellate>
					<coordinates>
						-41.32930022582646,-21.77671301048026,0 -41.32989092866052,-21.77651502241036,0 -41.33001420079854,-21.77651500193481,0 -41.32986491130629,-21.77615267758606,0 -41.3276100769444,-21.7769180121438,0 -41.32610663732312,-21.77744755226893,0 -41.3261014521289,-21.77743182170578,0 -41.32701741827647,-21.77711374515921,0 -41.32694976233874,-21.77683441969024,0 
					</coordinates>
				</LineString>
			</Placemark>
			<Placemark>
				<name>154M - 6F</name>
				<visibility>0</visibility>
				<description>170M - 6F C/RESERVA
8 POSTES
8 ETIQUETAS
8 FITAS
8 ROLDANAS
16 ANEIS GUIAS
6 ALÇAS</description>
				<styleUrl>#inline332390</styleUrl>
				<LineString>
					<tessellate>1</tessellate>
					<coordinates>
						-41.32801497609664,-21.77719297399251,0 -41.32725824253204,-21.77743367599579,0 -41.32718036080329,-21.77751143337625,0 -41.32695511864888,-21.77683667523779,0 
					</coordinates>
				</LineString>
			</Placemark>
			<Placemark>
				<name>176M - 6FO</name>
				<visibility>0</visibility>
				<description>192M - 6FO C/RESERVA
7 POSTES
7 ETIQUETAS
7 FITAS
7 ROLDANAS
14 ANEIS GUIAS
4 ALÇAS</description>
				<styleUrl>#inline33269</styleUrl>
				<LineString>
					<tessellate>1</tessellate>
					<coordinates>
						-41.32775730560103,-21.77635846401083,0 -41.32690844895027,-21.77666259848457,0 -41.32680229905584,-21.77634535692538,0 -41.32717641757918,-21.77613091825527,0 
					</coordinates>
				</LineString>
			</Placemark>
			<Placemark>
				<name>344M - 6FO</name>
				<visibility>0</visibility>
				<description>392M - 6FO C/RESERVA
11 POSTES
11 ETIQUETAS
11 FITAS
11 ROLDANAS
22 ANEIS GUIAS
16 ALÇAS</description>
				<styleUrl>#inline332464</styleUrl>
				<LineString>
					<tessellate>1</tessellate>
					<coordinates>
						-41.32929774596614,-21.77771513030348,0 -41.32926131734759,-21.77777322096738,0 -41.32888486471536,-21.7778921383583,0 -41.32857203523425,-21.77794482287412,0 -41.32833468246865,-21.7780492473584,0 -41.32821093572189,-21.77774316173713,0 -41.32814334309439,-21.7777128731202,0 -41.32844966232594,-21.77760410369353,0 -41.3284414915011,-21.77759145099277,0 -41.32746243184358,-21.77794883206399,0 -41.32735990214215,-21.77805191260236,0 -41.32726921355759,-21.77778293821424,0 
					</coordinates>
				</LineString>
			</Placemark>
			<Placemark>
				<name>241M - 6FO</name>
				<visibility>0</visibility>
				<description>273M - 6FO C/RESERVA
6 POSTES
6 ETIQUETAS
6 FITAS
6 ROLDANAS
12 ANEIS GUIAS
4 ALÇAS</description>
				<styleUrl>#inline332132</styleUrl>
				<LineString>
					<tessellate>1</tessellate>
					<coordinates>
						-41.32551508276538,-21.77875348428173,0 -41.325636921281,-21.77860613646442,0 -41.32644658874309,-21.77830733489657,0 -41.32725380132545,-21.77802389269521,0 -41.32734570651866,-21.77805497571281,0 -41.32725800037464,-21.77778681065443,0 
					</coordinates>
				</LineString>
			</Placemark>
			<Placemark>
				<name>216M - 12FO</name>
				<visibility>0</visibility>
				<description>248M - 12FO C/RESERVA
8 POSTES
8 ETIQUETAS
8 FITAS
8 ROLDANAS
16 ANEIS GUIAS
8 ALÇAS</description>
				<styleUrl>#inline332197</styleUrl>
				<LineString>
					<tessellate>1</tessellate>
					<coordinates>
						-41.32717083646663,-21.7761201826682,0 -41.32677810509288,-21.77633532682288,0 -41.32694080708353,-21.77683817869391,0 -41.32725710437045,-21.77779428440461,0 
					</coordinates>
				</LineString>
			</Placemark>
		</Folder>
		<Folder>
			<name>ÁREA 1493</name>
			<visibility>0</visibility>
			<Placemark>
				<name>240M - 6FO</name>
				<visibility>0</visibility>
				<description>272M - 6FO C/RESERVA
12 POSTES
12 ETIQUETAS
12 FITAS
12 ROLDANAS
24 ANEIS GUIAS
14 ALÇAS</description>
				<styleUrl>#inline332366</styleUrl>
				<LineString>
					<tessellate>1</tessellate>
					<coordinates>
						-41.33098052981227,-21.77728410594128,0 -41.3304121445676,-21.77746875966712,0 -41.33036215738809,-21.77740833353443,0 -41.3305913394798,-21.77802316771068,0 -41.33078771382746,-21.77855009192051,0 -41.3308062633205,-21.77856197287603,0 -41.33110448547716,-21.77845563807763,0 
					</coordinates>
				</LineString>
			</Placemark>
			<Placemark>
				<name>212M - 6FO</name>
				<visibility>0</visibility>
				<description>244M - 6FO C/RESERVA
8 POSTES
8 ETIQUETAS
8 FITAS
8 ROLDANAS
16 ANEIS GUIAS
8 ALÇAS

RUA SEM NOME 1</description>
				<styleUrl>#inline33288</styleUrl>
				<LineString>
					<tessellate>1</tessellate>
					<coordinates>
						-41.32778655247414,-21.77942159604535,0 -41.32767437416269,-21.77906534190986,0 -41.32774968677784,-21.77898883853669,0 -41.32812187995745,-21.7788719753622,0 -41.32921588858482,-21.77855587969083,0 
					</coordinates>
				</LineString>
			</Placemark>
			<Placemark>
				<name>103M - 6FO</name>
				<visibility>0</visibility>
				<description>119M - 6FO C/RESERVA
15 POSTES
15 ETIQUETAS
15 FITAS
15 ROLDANAS
30 ANEIS GUIAS
12 ALÇAS</description>
				<styleUrl>#inline332417</styleUrl>
				<LineString>
					<tessellate>1</tessellate>
					<coordinates>
						-41.3311075270167,-21.77846709706057,0 -41.33203806217813,-21.77814132681212,0 
					</coordinates>
				</LineString>
			</Placemark>
			<Placemark>
				<name>266M - 6FO</name>
				<visibility>0</visibility>
				<description>298M - 6FO C/RESERVA
9 POSTES
9 ETIQUETAS
9 FITAS
9 ROLDANAS
18 ANEIS GUIAS
6 ALÇAS</description>
				<styleUrl>#inline33293</styleUrl>
				<LineString>
					<tessellate>1</tessellate>
					<coordinates>
						-41.32776012989321,-21.77942868536439,0 -41.3275880090831,-21.77890692779871,0 -41.3275090309201,-21.7787890912483,0 -41.3267410198977,-21.7790623349047,0 -41.32579220520211,-21.77940051471287,0 
					</coordinates>
				</LineString>
			</Placemark>
			<Placemark>
				<name>162M - 6FO</name>
				<visibility>0</visibility>
				<description>194M - 6FO C/RESERVA
10 POSTES
10 ETIQUETAS
10 FITAS
10 ROLDANAS
20 ANEIS GUIAS
10 ALÇAS</description>
				<styleUrl>#inline332473</styleUrl>
				<LineString>
					<tessellate>1</tessellate>
					<coordinates>
						-41.33104648718324,-21.77773293329514,0 -41.33060067291382,-21.77787995395625,0 -41.33052266066123,-21.77780767371914,0 -41.33060967489224,-21.77802133854056,0 -41.33066921904796,-21.77819739886359,0 -41.3306918492129,-21.77820939298775,0 -41.33117872149253,-21.77804560333232,0 
					</coordinates>
				</LineString>
			</Placemark>
			<Placemark>
				<name>327M - 6FO</name>
				<visibility>0</visibility>
				<description>359M - 6FO C/RESERVA
15 POSTES
15 ETIQUETAS
15 FITAS
15 ROLDANAS
30 ANEIS GUIAS
12 ALÇAS</description>
				<styleUrl>#inline3324170</styleUrl>
				<LineString>
					<tessellate>1</tessellate>
					<coordinates>
						-41.32977939483365,-21.77916764064411,0 -41.33105235925397,-21.77872147732718,0 -41.33175830726331,-21.77845931282818,0 -41.3317493644187,-21.77844224434835,0 -41.33104462259832,-21.77870599665236,0 -41.3311075270167,-21.77846709706057,0 
					</coordinates>
				</LineString>
			</Placemark>
			<Placemark>
				<name>190M - 6FO</name>
				<visibility>0</visibility>
				<description>206M - 6FO C/RESERVA
3 POSTES
3 ETIQUETAS
3 FITAS
3 ROLDANAS
6 ANEIS GUIAS
4 ALÇAS</description>
				<styleUrl>#inline693113</styleUrl>
				<LineString>
					<tessellate>1</tessellate>
					<coordinates>
						-41.32777587192979,-21.77942437478502,0 -41.3272424672835,-21.77777847019783,0 
					</coordinates>
				</LineString>
			</Placemark>
			<Placemark>
				<name>384M - 12FO</name>
				<visibility>0</visibility>
				<description>432M - 12FO C/RESERVA
17 POSTES
17 ETIQUETAS
17 FITAS
17 ROLDANAS
34 ANEIS GUIAS
12 ALÇAS</description>
				<styleUrl>#inline33213</styleUrl>
				<LineString>
					<tessellate>1</tessellate>
					<coordinates>
						-41.32778322535347,-21.77942406740305,0 -41.32784092589444,-21.77962123812143,0 -41.32837171623608,-21.77944497652758,0 -41.32967654211365,-21.77898567111304,0 -41.3311100268306,-21.77847103448063,0 
					</coordinates>
				</LineString>
			</Placemark>
		</Folder>
		<Folder>
			<name>ÁREA 1494</name>
			<visibility>0</visibility>
			<Placemark>
				<name>278M - 6F</name>
				<visibility>0</visibility>
				<description>310M - 6F C/RESERVA
12 POSTES
12 ETIQUETAS
12 FITAS
12 ROLDANAS
24 ANEIS GUIAS
12 ALÇAS</description>
				<styleUrl>#inline11170</styleUrl>
				<LineString>
					<tessellate>1</tessellate>
					<coordinates>
						-41.3281162339951,-21.78049583790473,0 -41.3283756849123,-21.78129464795099,0 -41.3285475917383,-21.78138883895903,0 -41.32885877470154,-21.78128879079173,0 -41.33006982496558,-21.78090706384312,0 
					</coordinates>
				</LineString>
			</Placemark>
			<Placemark>
				<name>234M - 6F</name>
				<visibility>0</visibility>
				<description>266M - 6F C/RESERVA
12 POSTES
12 ETIQUETAS
12 FITAS
12 ROLDANAS
24 ANEIS GUIAS
12 ALÇAS</description>
				<styleUrl>#inline44590</styleUrl>
				<LineString>
					<tessellate>1</tessellate>
					<coordinates>
						-41.33337951856727,-21.78072021088776,0 -41.33240856873346,-21.78103698848476,0 -41.33211084305346,-21.78022820427133,0 -41.33210954207806,-21.78016892304993,0 
					</coordinates>
				</LineString>
			</Placemark>
			<Placemark>
				<name>262M - 6F</name>
				<visibility>0</visibility>
				<description>278M - 6F C/RESERVA
14 POSTES
14 ETIQUETAS
14 FITAS
14 ROLDANAS
28 ANEIS GUIAS
12 ALÇAS</description>
				<styleUrl>#inline12943</styleUrl>
				<LineString>
					<tessellate>1</tessellate>
					<coordinates>
						-41.32962923772402,-21.77957610201249,0 -41.32991589252248,-21.78046866807947,0 -41.32935170658883,-21.78063576442784,0 -41.32941553770222,-21.78084335083115,0 -41.32943864093036,-21.78108706435906,0 -41.33006172851168,-21.78089706238304,0 
					</coordinates>
				</LineString>
			</Placemark>
			<Placemark>
				<name>365M - 6F</name>
				<visibility>0</visibility>
				<description>397M - 6F C/RESERVA
20 POSTES
20 ETIQUETAS
20 FITAS
20 ROLDANAS
40 ANEIS GUIAS
16 ALÇAS</description>
				<styleUrl>#inline12281</styleUrl>
				<LineString>
					<tessellate>1</tessellate>
					<coordinates>
						-41.33041336832275,-21.77959248363124,0 -41.3301997536756,-21.77903373975374,0 -41.33089754766957,-21.77876483009044,0 -41.33089116910628,-21.7788188779983,0 -41.331151056993,-21.77958267594998,0 -41.33145333257566,-21.78031583554512,0 -41.33127010207129,-21.78046973999584,0 
					</coordinates>
				</LineString>
			</Placemark>
			<Placemark>
				<name>130M - 6FO</name>
				<visibility>0</visibility>
				<styleUrl>#inline35720</styleUrl>
				<LineString>
					<tessellate>1</tessellate>
					<coordinates>
						-41.32964169805398,-21.77956450914322,0 -41.32979829205163,-21.7800599177277,0 -41.32999834626211,-21.77997951704652,0 -41.32995866958265,-21.77987990193657,0 -41.32997187090025,-21.77987747482028,0 -41.33003160657356,-21.78002741747181,0 -41.33009032539484,-21.78019935727657,0 
					</coordinates>
				</LineString>
			</Placemark>
			<Placemark>
				<name>134M - 6F</name>
				<visibility>0</visibility>
				<description>150M - 6F C/RESERVA
3 POSTES
3 ETIQUETAS
3 FITAS
3 ROLDANAS
9 ANEIS GUIAS
4 ALÇAS</description>
				<styleUrl>#inline4459</styleUrl>
				<LineString>
					<tessellate>1</tessellate>
					<coordinates>
						-41.33011264571176,-21.78179410571939,0 -41.33133939478861,-21.78139093295761,0 
					</coordinates>
				</LineString>
			</Placemark>
			<Placemark>
				<name>199M - 6F</name>
				<visibility>0</visibility>
				<description>231M - 6F C/RESERVA
9 POSTES
9 ETIQUETAS
9 FITAS
9 ROLDANAS
18 ANEIS GUIAS
8 ALÇAS</description>
				<styleUrl>#inline4984</styleUrl>
				<LineString>
					<tessellate>1</tessellate>
					<coordinates>
						-41.32924737868119,-21.78200488187595,0 -41.32976492202614,-21.78182508312237,0 -41.3301143217497,-21.78179003719386,0 -41.33023717786052,-21.78173327837856,0 -41.32996005781369,-21.78095090952847,0 
					</coordinates>
				</LineString>
			</Placemark>
			<Placemark>
				<name>357M - 12F</name>
				<visibility>0</visibility>
				<description>405M - 6F C/RESERVA
11 POSTES
11 ETIQUETAS
11 FITAS
11 ROLDANAS
22 ANEIS GUIAS
14 ALÇAS</description>
				<styleUrl>#inline34792</styleUrl>
				<LineString>
					<tessellate>1</tessellate>
					<coordinates>
						-41.33006794328713,-21.78090646009513,0 -41.33126694875759,-21.78046773646842,0 -41.33150607812495,-21.78038506606468,0 -41.33158491636124,-21.78034473302316,0 -41.33210370602059,-21.78017675869013,0 -41.33308670316548,-21.77986964308256,0 
					</coordinates>
				</LineString>
			</Placemark>
		</Folder>
		<Folder>
			<name>ÁREA 1495</name>
			<visibility>0</visibility>
			<Placemark>
				<name>253M - 6FO</name>
				<visibility>0</visibility>
				<description>285M - 6FO C/RESERVA
13 POSTES
13 ETIQUETAS
13 FITAS
13 ROLDANAS
26 ANEIS GUIAS
8 ALÇAS</description>
				<styleUrl>#inline11851</styleUrl>
				<LineString>
					<tessellate>1</tessellate>
					<coordinates>
						-41.32774365271851,-21.78257830032952,0 -41.32678180016865,-21.78287813203285,0 -41.32605645469677,-21.78310260285059,0 -41.32541517066627,-21.78327032332881,0 
					</coordinates>
				</LineString>
			</Placemark>
			<Placemark>
				<name>225M - 6FO</name>
				<visibility>0</visibility>
				<description>257M - 6FO C/RESERVA
10 POSTES
10 ETIQUETAS
10 FITAS
10 ROLDANAS
20 ANEIS GUIAS
6 ALÇAS</description>
				<styleUrl>#inline2126</styleUrl>
				<LineString>
					<tessellate>1</tessellate>
					<coordinates>
						-41.32743460022037,-21.78172751047633,0 -41.32591503139013,-21.78219478436287,0 -41.32567628763601,-21.78227199010461,0 -41.32536404524364,-21.78235580949037,0 
					</coordinates>
				</LineString>
			</Placemark>
			<Placemark>
				<name>218M - 6FO</name>
				<visibility>0</visibility>
				<description>250M - 6FO C/RESERVA
11 POSTES
11 ETIQUETAS
11 FITAS
11 ROLDANAS
22 ANEIS GUIAS
8 ALÇAS</description>
				<styleUrl>#inline3548</styleUrl>
				<LineString>
					<tessellate>1</tessellate>
					<coordinates>
						-41.32704717476473,-21.78013747051408,0 -41.32613632535081,-21.78045808128755,0 -41.32548607350897,-21.78067933733512,0 -41.32528286822359,-21.78074717496315,0 -41.32506190065264,-21.78080033422204,0 
					</coordinates>
				</LineString>
			</Placemark>
			<Placemark>
				<name>270M - 6F</name>
				<visibility>0</visibility>
				<description>302M - 6F C/RESERVA
9 POSTES
9 ETIQUETAS
9 FITAS
9 ROLDANAS
18 ANEIS GUIAS
14 ALÇAS</description>
				<styleUrl>#inline6149</styleUrl>
				<LineString>
					<tessellate>1</tessellate>
					<coordinates>
						-41.32515165241737,-21.78057085040101,0 -41.32641129499114,-21.78013347313801,0 -41.3264168418332,-21.78014511861317,0 -41.32577945595148,-21.78036173531511,0 -41.32586959110197,-21.7805383500701,0 -41.32613577828383,-21.78045062959795,0 
					</coordinates>
				</LineString>
			</Placemark>
			<Placemark>
				<name>415M - 12FO</name>
				<visibility>0</visibility>
				<description>463M - 12FO C/RESERVA
13 POSTES
13 ETIQUETAS
13 FITAS
13 ROLDANAS
26 ANEIS GUIAS
20 ALÇAS</description>
				<styleUrl>#inline4783</styleUrl>
				<LineString>
					<tessellate>1</tessellate>
					<coordinates>
						-41.32613974671739,-21.78046471271196,0 -41.32586182236393,-21.78055702469457,0 -41.32579500143957,-21.78062401686589,0 -41.32597509163614,-21.78113336537429,0 -41.32634386657615,-21.782116730654,0 -41.32609648616884,-21.78213349923295,0 -41.32590974587782,-21.78219016665393,0 -41.32591339097142,-21.78220453406155,0 -41.32609915385755,-21.78214802144896,0 -41.32634639053673,-21.78213594589703,0 -41.32656352841283,-21.7828167536332,0 -41.32666014953133,-21.78290658067282,0 -41.32677907421033,-21.78287038240915,0 
					</coordinates>
				</LineString>
			</Placemark>
		</Folder>
		<Folder>
			<name>ÁREA 1496</name>
			<visibility>0</visibility>
			<Placemark>
				<name>248M - 6FO</name>
				<visibility>0</visibility>
				<description>280M - 6FO C/RESERVA
16 POSTES
16 ETIQUETAS
16 FITAS
16 ROLDANAS
32 ANEIS GUIAS
14 ALÇAS</description>
				<styleUrl>#inline5176</styleUrl>
				<LineString>
					<tessellate>1</tessellate>
					<coordinates>
						-41.3222122523856,-21.78184832714853,0 -41.32074197558858,-21.78186611895876,0 -41.32010529068963,-21.78187456901742,0 -41.32005186149019,-21.78174689221616,0 -41.3200490123567,-21.78161405103571,0 
					</coordinates>
				</LineString>
			</Placemark>
			<Placemark>
				<name>426M - 6FO</name>
				<visibility>0</visibility>
				<description>474M - 6FO C/RESERVA
18 POSTES
18 ETIQUETAS
18 FITAS
18 ROLDANAS
34 ANEIS GUIAS
14 ALÇAS</description>
				<styleUrl>#inline4015</styleUrl>
				<LineString>
					<tessellate>1</tessellate>
					<coordinates>
						-41.32104040561423,-21.78113322509933,0 -41.32282790842441,-21.7811142917191,0 -41.32282168982989,-21.78090826074625,0 -41.32070814644653,-21.78093781210974,0 
					</coordinates>
				</LineString>
			</Placemark>
			<Placemark>
				<name>130M - 6FO</name>
				<visibility>0</visibility>
				<description>146M - 6FO C/RESERVA
7 POSTES
7 ETIQUETAS
7 FITAS
7 ROLDANAS
14 ANEIS GUIAS
2 ALÇAS</description>
				<styleUrl>#inline4358</styleUrl>
				<LineString>
					<tessellate>1</tessellate>
					<coordinates>
						-41.32238927089599,-21.78294702711294,0 -41.32362275172376,-21.78270006238504,0 
					</coordinates>
				</LineString>
			</Placemark>
			<Placemark>
				<name>350M - 6FO</name>
				<visibility>0</visibility>
				<description>382M - 6FO C/RESERVA
19 POSTES
19 ETIQUETAS
19 FITAS
19 ROLDANAS
38 ANEIS GUIAS
14 ALÇAS</description>
				<styleUrl>#inline3263</styleUrl>
				<LineString>
					<tessellate>1</tessellate>
					<coordinates>
						-41.32242701613435,-21.78386565170168,0 -41.32377728820355,-21.78358177800607,0 -41.32431738108503,-21.78348185634855,0 -41.32411963233437,-21.78261787506754,0 -41.32362635353355,-21.78270915126252,0 
					</coordinates>
				</LineString>
			</Placemark>
			<Placemark>
				<name>511M - 12FO</name>
				<visibility>0</visibility>
				<description>543M - 12FO C/RESERVA
12 POSTES
12 ETIQUETAS
12 FITAS
12 ROLDANAS
24 ANEIS GUIAS
18 ALÇAS</description>
				<styleUrl>#inline4886</styleUrl>
				<LineString>
					<tessellate>1</tessellate>
					<coordinates>
						-41.32362098543729,-21.78269844167626,0 -41.32411582889458,-21.7826060520508,0 -41.3239710439539,-21.78185902567773,0 -41.32400915898292,-21.78183035303766,0 -41.32316908560473,-21.78184594046165,0 -41.32316659832424,-21.78183398383503,0 -41.32401468352649,-21.78181754916534,0 -41.32395485028892,-21.78172110206719,0 -41.32385176455309,-21.78105738699811,0 -41.32372092139106,-21.7810242089632,0 -41.32282749802867,-21.78111020472419,0 
					</coordinates>
				</LineString>
			</Placemark>
		</Folder>
		<Folder>
			<name>ÁREA 1497</name>
			<visibility>0</visibility>
			<Placemark>
				<name>379M - 6F</name>
				<visibility>0</visibility>
				<description>427M - 6F C/RESERVA
18 POSTES
18 ETIQUETAS
18 FITAS
18 ROLDANAS
34 ANEIS GUIAS
14 ALÇAS</description>
				<styleUrl>#inline11463</styleUrl>
				<LineString>
					<tessellate>1</tessellate>
					<coordinates>
						-41.32081887495836,-21.78260420825859,0 -41.31956816776715,-21.78263600024973,0 -41.31920119208348,-21.78264525118751,0 -41.31870173496159,-21.78256907363639,0 -41.31854066165015,-21.78268940322859,0 -41.31818971106979,-21.78279417286904,0 -41.31723010646203,-21.78312277315371,0 
					</coordinates>
				</LineString>
			</Placemark>
			<Placemark>
				<name>389M - 6F</name>
				<visibility>0</visibility>
				<description>437M - 6F C/RESERVA
18 POSTES
18 ETIQUETAS
18 FITAS
18 ROLDANAS
34 ANEIS GUIAS
16 ALÇAS</description>
				<styleUrl>#inline35160</styleUrl>
				<LineString>
					<tessellate>1</tessellate>
					<coordinates>
						-41.31956603330795,-21.78330240484606,0 -41.31911182131386,-21.78328971367704,0 -41.31893778516665,-21.78322160469536,0 -41.31876137038263,-21.78321440512271,0 -41.3183660447991,-21.78332547511701,0 -41.3174302223357,-21.7836822790492,0 
					</coordinates>
				</LineString>
			</Placemark>
			<Placemark>
				<name>260M - 6F</name>
				<visibility>0</visibility>
				<description>292M - 6F C/RESERVA
13 POSTES
13 ETIQUETAS
13 FITAS
13 ROLDANAS
26 ANEIS GUIAS
10 ALÇAS</description>
				<styleUrl>#inline20021</styleUrl>
				<LineString>
					<tessellate>1</tessellate>
					<coordinates>
						-41.31966045822197,-21.78383377445696,0 -41.31901155824642,-21.78381699860927,0 -41.31898259583923,-21.78369359647571,0 -41.31879289367051,-21.7837368210629,0 -41.31850618095548,-21.7838570643268,0 -41.31735989572673,-21.78425640316989,0 
					</coordinates>
				</LineString>
			</Placemark>
			<Placemark>
				<name>259M - 6F</name>
				<visibility>0</visibility>
				<description>275M - 6F C/RESERVA
4 POSTES
4 ETIQUETAS
4 FITAS
4 ROLDANAS
8 ANEIS GUIAS
10 ALÇAS</description>
				<styleUrl>#inline69312</styleUrl>
				<LineString>
					<tessellate>1</tessellate>
					<coordinates>
						-41.31769846293246,-21.78483642146143,0 -41.31684188148085,-21.78514630356945,0 -41.31668653467612,-21.78513318158089,0 -41.31681835231592,-21.78545276815185,0 -41.3168672668997,-21.78552166277386,0 -41.31668411800732,-21.78545115829802,0 -41.31600789317297,-21.78544738115578,0 
					</coordinates>
				</LineString>
			</Placemark>
			<Placemark>
				<name>262M - 6F</name>
				<visibility>0</visibility>
				<description>278M - 6F C/RESERVA
11 POSTES
11 ETIQUETAS
11 FITAS
11 ROLDANAS
22 ANEIS GUIAS
12 ALÇAS</description>
				<styleUrl>#inline693117</styleUrl>
				<LineString>
					<tessellate>1</tessellate>
					<coordinates>
						-41.31818651477305,-21.78278235711528,0 -41.31853322269804,-21.78267759194976,0 -41.31868582035467,-21.78256515064185,0 -41.31809612443689,-21.7825490876543,0 -41.31726540841908,-21.78236073665337,0 -41.31720002999769,-21.78229843157101,0 -41.31709149328084,-21.78203345831395,0 
					</coordinates>
				</LineString>
			</Placemark>
			<Placemark>
				<name>359M - 6F</name>
				<visibility>0</visibility>
				<description>407M - 6F C/RESERVA
14 POSTES
14 ETIQUETAS
14 FITAS
14 ROLDANAS
28 ANEIS GUIAS
12 ALÇAS</description>
				<styleUrl>#inline1289</styleUrl>
				<LineString>
					<tessellate>1</tessellate>
					<coordinates>
						-41.32097631368746,-21.78415245921943,0 -41.31956788720761,-21.7844234751647,0 -41.31913980586086,-21.78449894322775,0 -41.31903630240543,-21.7844066041601,0 -41.31890992055787,-21.78438294853869,0 -41.31861918000723,-21.78449430122027,0 -41.31769840101568,-21.78483447955988,0 
					</coordinates>
				</LineString>
			</Placemark>
			<Placemark>
				<name>554M - 12F</name>
				<visibility>0</visibility>
				<description>602M - 12F C/RESERVA
5 POSTES
5 ETIQUETAS
5 FITAS
5 ROLDANAS
10 ANEIS GUIAS
20 ALÇAS</description>
				<styleUrl>#inline5484</styleUrl>
				<LineString>
					<tessellate>1</tessellate>
					<coordinates>
						-41.31957842634858,-21.78262641037131,0 -41.3191956178037,-21.78263231653149,0 -41.31900609331386,-21.78257008343594,0 -41.31888104244894,-21.782573819415,0 -41.3188832963503,-21.78268404059999,0 -41.31893158939853,-21.78319989458612,0 -41.31911004274294,-21.78330604583415,0 -41.31956445825729,-21.78331320314084,0 -41.31910134384098,-21.78332168471724,0 -41.31894391486159,-21.78323888727898,0 -41.31898124067561,-21.78367887610445,0 -41.31903312265563,-21.78379022868657,0 -41.3196526315127,-21.78381583019857,0 -41.31965930941953,-21.78384489298493,0 -41.31900615163028,-21.78383924578022,0 -41.31904044346293,-21.78437299074037,0 -41.31915231274428,-21.78446509408484,0 -41.31956453667517,-21.7843951630129,0 
					</coordinates>
				</LineString>
			</Placemark>
		</Folder>
		<Folder>
			<name>ÁREA 1498</name>
			<visibility>0</visibility>
			<Placemark>
				<name>481M - 6F</name>
				<visibility>0</visibility>
				<description>529M - 6F C/RESERVA
15POSTES
15 ETIQUETAS
15 FITAS
15 ROLDANAS
30 ANEIS GUIAS
14 ALÇAS</description>
				<styleUrl>#inline332118</styleUrl>
				<LineString>
					<tessellate>1</tessellate>
					<coordinates>
						-41.31247568128104,-21.78126749981808,0 -41.31276296540826,-21.78122696371548,0 -41.31382833581012,-21.78123556819572,0 -41.31447519141851,-21.78121605138491,0 -41.31546661619864,-21.78119627055765,0 -41.31585483763141,-21.78116231291689,0 -41.31596887771241,-21.78120385796506,0 -41.31634216082196,-21.78220024601334,0 
					</coordinates>
				</LineString>
			</Placemark>
			<Placemark>
				<name>350M - 6F</name>
				<visibility>0</visibility>
				<description>382M - 6F C/RESERVA
12 POSTES
12 ETIQUETAS
12 FITAS
12 ROLDANAS
24 ANEIS GUIAS
12 ALÇAS</description>
				<styleUrl>#inline332349</styleUrl>
				<LineString>
					<tessellate>1</tessellate>
					<coordinates>
						-41.31769259900006,-21.78186529491312,0 -41.31755941646838,-21.78143064691017,0 -41.31729300531793,-21.78111930749903,0 -41.31672276033257,-21.78117913305584,0 -41.31646323955861,-21.78113273408757,0 -41.31599848155062,-21.78117398997015,0 -41.31637098715098,-21.782213028271,0 
					</coordinates>
				</LineString>
			</Placemark>
			<Placemark>
				<name>96M - 6F</name>
				<visibility>0</visibility>
				<description>112M - 6F C/RESERVA
4 POSTES
4 ETIQUETAS
4 FITAS
4 ROLDANAS
8 ANEIS GUIAS
2 ALÇAS</description>
				<styleUrl>#inline332316</styleUrl>
				<LineString>
					<tessellate>1</tessellate>
					<coordinates>
						-41.31708301518116,-21.78201868048606,0 -41.316745347874,-21.78119349791699,0 
					</coordinates>
				</LineString>
			</Placemark>
			<Placemark>
				<name>400M - 6F</name>
				<visibility>0</visibility>
				<description>432M - 6F C/RESERVA
6 POSTES
6 ETIQUETAS
6 FITAS
6 ROLDANAS
12 ANEIS GUIAS
6 ALÇAS</description>
				<styleUrl>#inline332444</styleUrl>
				<LineString>
					<tessellate>1</tessellate>
					<coordinates>
						-41.31266489351175,-21.78197441516142,0 -41.31343720736616,-21.78196303931282,0 -41.31448102807406,-21.78195962165394,0 -41.31620412535063,-21.78194908109922,0 -41.31633479899753,-21.78221012770475,0 
					</coordinates>
				</LineString>
			</Placemark>
			<Placemark>
				<name>147M - 6F</name>
				<visibility>0</visibility>
				<description>163M C/RESERVA
5 POSTES
5 ETIQUETAS
5 FITAS
5 ROLDANAS
10 ANEIS GUIAS
4 ALCAS</description>
				<styleUrl>#inline332171</styleUrl>
				<LineString>
					<tessellate>1</tessellate>
					<coordinates>
						-41.31453609882193,-21.78260832027105,0 -41.31313982060063,-21.78261043692603,0 
					</coordinates>
				</LineString>
			</Placemark>
			<Placemark>
				<name>255M - 12F</name>
				<visibility>0</visibility>
				<description>275M - 12F C/RESERVA
19 POSTES
19 ETIQUETAS
19 FITAS
19 ROLDANAS
38 ANEIS GUIAS
20 ALÇAS</description>
				<styleUrl>#inline3321710</styleUrl>
				<LineString>
					<tessellate>1</tessellate>
					<coordinates>
						-41.31451328606681,-21.7826087686779,0 -41.31548378204695,-21.78260261239995,0 -41.31554220359084,-21.78249539705554,0 -41.31569573782454,-21.78254060406671,0 -41.31628444045885,-21.78255847483999,0 -41.31655525318358,-21.7825634227076,0 -41.31634025153419,-21.7822139265328,0 
					</coordinates>
				</LineString>
			</Placemark>
		</Folder>
		<Folder>
			<name>ÁREA 1499</name>
			<visibility>0</visibility>
			<Placemark>
				<name>600M - 6F</name>
				<visibility>0</visibility>
				<description>632M - 6F C/RESERVA
8 POSTES
8 ETIQUETAS
8 FITAS
8 ROLDANAS
16 ANEIS GUIAS
14 ALÇAS</description>
				<styleUrl>#inline31822</styleUrl>
				<LineString>
					<tessellate>1</tessellate>
					<coordinates>
						-41.31831103154761,-21.78671950848137,0 -41.31952981960467,-21.78676845591056,0 -41.31948934276039,-21.78592445856343,0 -41.31934474944063,-21.78586108737273,0 -41.31805534083446,-21.7863332960237,0 -41.31729979468367,-21.78659830490376,0 -41.31713061844408,-21.78605725079742,0 -41.31784268794972,-21.78582215375226,0 
					</coordinates>
				</LineString>
			</Placemark>
			<Placemark>
				<name>87M - 6F</name>
				<visibility>0</visibility>
				<description>103M - 6F C/RESERVA
2 POSTES
2 ETIQUETAS
2 FITAS
2 ROLDANAS
4 ANEIS GUIAS
2 ALÇAS</description>
				<styleUrl>#inline842</styleUrl>
				<LineString>
					<tessellate>1</tessellate>
					<coordinates>
						-41.31751428532969,-21.78540206581241,0 -41.31827947648333,-21.78511226833788,0 
					</coordinates>
				</LineString>
			</Placemark>
			<Placemark>
				<name>105M - 6F</name>
				<visibility>0</visibility>
				<description>121M - 6F C/RESERVA
6 POSTES
6 ETIQUETAS
6 FITAS
6 ROLDANAS
12 ANEIS GUIAS
2 ALÇAS</description>
				<styleUrl>#inline4295</styleUrl>
				<LineString>
					<tessellate>1</tessellate>
					<coordinates>
						-41.31784642643395,-21.78581532568912,0 -41.31878803072756,-21.7854518508316,0 
					</coordinates>
				</LineString>
			</Placemark>
			<Placemark>
				<name>874M - 6F</name>
				<visibility>0</visibility>
				<description>922M - 6F C/RESERVA
22 POSTES
22 ETIQUETAS
22 FITAS
22 ROLDANAS
44 ANEIS GUIAS
28 ALÇAS</description>
				<styleUrl>#inline6189</styleUrl>
				<LineString>
					<tessellate>1</tessellate>
					<coordinates>
						-41.3177455689061,-21.78952990553144,0 -41.31834874202673,-21.7895036794075,0 -41.31824407633559,-21.7890744053803,0 -41.31812529868969,-21.78902995493918,0 -41.31743540057408,-21.78902213871426,0 -41.31685713905105,-21.78904641484174,0 -41.3174410016339,-21.78898572512482,0 -41.31811348054503,-21.78899156932989,0 -41.31821483116801,-21.78902261673061,0 -41.31792920531303,-21.78837908403234,0 -41.31794068177935,-21.78855003431131,0 -41.31677360188662,-21.78855909147713,0 -41.31711817229679,-21.7885084201295,0 -41.31778092609616,-21.78850455854726,0 -41.31791910701966,-21.78848968060323,0 -41.31770698582303,-21.78806616981019,0 -41.31683890143248,-21.78807618384699,0 
					</coordinates>
				</LineString>
			</Placemark>
			<Placemark>
				<name>272M - 6F</name>
				<visibility>0</visibility>
				<description>304M - 6F C/RESERVA
7 POSTES
7 ETIQUETAS
7 FITAS
7 ROLDANAS
14 ANEIS GUIAS
10 ALÇAS</description>
				<styleUrl>#inline4116</styleUrl>
				<LineString>
					<tessellate>1</tessellate>
					<coordinates>
						-41.3149072353177,-21.78543150704487,0 -41.31600688226293,-21.7854627083979,0 -41.31667792725586,-21.78546396699644,0 -41.31688514016052,-21.78554324738273,0 -41.31693215523407,-21.78557823221725,0 -41.31722896249373,-21.78548204653071,0 -41.31751890565555,-21.78539855537437,0 
					</coordinates>
				</LineString>
			</Placemark>
			<Placemark>
				<name>236M - 6F</name>
				<visibility>0</visibility>
				<description>252M - 6F C/RESERVA
13 POSTES
13 ETIQUETAS
13 FITAS
13 ROLDANAS
26 ANEIS GUIAS
10 ALÇAS</description>
				<styleUrl>#inline3707</styleUrl>
				<LineString>
					<tessellate>1</tessellate>
					<coordinates>
						-41.31565009204193,-21.78415348284502,0 -41.31521660046457,-21.7841513582637,0 -41.31521410413792,-21.78488794771115,0 -41.31634091541446,-21.78489620001963,0 -41.31663866011582,-21.78498754233245,0 -41.31682724086152,-21.78543250419231,0 -41.31689053746963,-21.78553353910929,0 -41.31693120347085,-21.78555635916192,0 -41.31723259104847,-21.78546325203024,0 -41.31752576130947,-21.78538586249663,0 
					</coordinates>
				</LineString>
			</Placemark>
			<Placemark>
				<name>609M - 12F</name>
				<visibility>0</visibility>
				<description>641M - 12F C/RESERVA
16 POSTES
16 ETIQUETAS
16 FITAS
16 ROLDANAS
32 ANEIS GUIAS
20 ALÇAS</description>
				<styleUrl>#inline1339</styleUrl>
				<LineString>
					<tessellate>1</tessellate>
					<coordinates>
						-41.316818613256,-21.78805512362871,0 -41.31771859042932,-21.78802363667469,0 -41.3177251463427,-21.787894817556,0 -41.3173650190242,-21.78697242686514,0 -41.31728430710457,-21.78661695134114,0 -41.31708988311769,-21.78604406905664,0 -41.31784631571419,-21.78580548425313,0 -41.31706904667376,-21.78600946859932,0 -41.31691816240847,-21.78559639311083,0 -41.31753236560006,-21.78540525667103,0 
					</coordinates>
				</LineString>
			</Placemark>
		</Folder>
		<Folder>
			<name>ÁREA 1500</name>
			<visibility>0</visibility>
			<Placemark>
				<name>358M - 6F</name>
				<visibility>0</visibility>
				<description>390M - 6F C/RESERVA
18 POSTES
18 ETIQUETAS
18 FITAS
18 ROLDANAS
36 ANEIS GUIAS
20 ALÇAS</description>
				<styleUrl>#inline439801</styleUrl>
				<LineString>
					<tessellate>1</tessellate>
					<coordinates>
						-41.33000199728627,-21.78367652363259,0 -41.32999840770032,-21.78371063913841,0 -41.33040797271302,-21.78484813931185,0 -41.33089272175978,-21.78469254615374,0 -41.3319205461496,-21.78435052433321,0 
					</coordinates>
				</LineString>
			</Placemark>
			<Placemark>
				<name>255M - 6F</name>
				<visibility>0</visibility>
				<description>278M - 6F C/RESERVA
11 POSTES
11 ETIQUETAS
11 FITAS
11 ROLDANAS
22 ANEIS GUIAS
10 ALÇAS</description>
				<styleUrl>#inline4526</styleUrl>
				<LineString>
					<tessellate>1</tessellate>
					<coordinates>
						-41.32964878344331,-21.78289249419458,0 -41.33057650842063,-21.78261055857871,0 -41.33056614069542,-21.7826521988943,0 -41.33082343054289,-21.78340080632924,0 -41.33134288905001,-21.78322811835815,0 
					</coordinates>
				</LineString>
			</Placemark>
			<Placemark>
				<name>148M - 6F</name>
				<visibility>0</visibility>
				<description>164M - 6F C/RESERVA
2 POSTES
2 ETIQUETAS
2 FITAS
2 ROLDANAS
4 ANEIS GUIAS
6 ALÇAS</description>
				<styleUrl>#inline4398</styleUrl>
				<LineString>
					<tessellate>1</tessellate>
					<coordinates>
						-41.33240038911715,-21.782903543966,0 -41.33304088119861,-21.78270870416686,0 -41.33313097608377,-21.78300291715578,0 -41.33321886226822,-21.78333498974928,0 
					</coordinates>
				</LineString>
			</Placemark>
			<Placemark>
				<name>155M - 6F</name>
				<visibility>0</visibility>
				<description>187M - 6F C/RESERVA
10 POSTES
10 ETIQUETAS
10 FITAS
10 ROLDANAS
20 ANEIS GUIAS
14 ALÇAS</description>
				<styleUrl>#inline6199</styleUrl>
				<LineString>
					<tessellate>1</tessellate>
					<coordinates>
						-41.32963017865026,-21.78430980580029,0 -41.32949154536855,-21.78385588863303,0 -41.3294945919706,-21.78383102666541,0 -41.32979266754054,-21.78374112323763,0 -41.32981776727036,-21.78383633254823,0 -41.3298290278972,-21.78383570497671,0 -41.32980355385211,-21.78373727567788,0 -41.33000230949528,-21.78368051807242,0 
					</coordinates>
				</LineString>
			</Placemark>
			<Placemark>
				<name>209M - 6F</name>
				<visibility>0</visibility>
				<description>283M - 6F C/RESERVA
10 POSTES
10 ETIQUETAS
10 FITAS
10 ROLDANAS
20 ANEIS GUIAS
12 ALÇAS</description>
				<styleUrl>#inline3376</styleUrl>
				<LineString>
					<tessellate>1</tessellate>
					<coordinates>
						-41.33306978333042,-21.78181224324137,0 -41.33215439210714,-21.78211159954119,0 -41.33212509860279,-21.78215731371649,0 -41.33239437750884,-21.78289856539597,0 
					</coordinates>
				</LineString>
			</Placemark>
			<Placemark>
				<name>91M - 6FO</name>
				<visibility>0</visibility>
				<description>107M - 6FO C/ RESERVA</description>
				<styleUrl>#inline20</styleUrl>
				<LineString>
					<tessellate>1</tessellate>
					<coordinates>
						-41.32924825745558,-21.78396594169122,0 -41.32922992373908,-21.78390311457042,0 -41.33000084955589,-21.78366679365462,0 
					</coordinates>
				</LineString>
			</Placemark>
			<Placemark>
				<name>314M - 6F</name>
				<visibility>0</visibility>
				<description>346M - 6F C/RESERVA
13 POSTES
13 ETIQUETAS
13 FITAS
13 ROLDANAS
26 ANEIS GUIAS
12 ALÇAS</description>
				<styleUrl>#inline3258</styleUrl>
				<LineString>
					<tessellate>1</tessellate>
					<coordinates>
						-41.33239469343246,-21.78290004104552,0 -41.33292014224356,-21.78272142867123,0 -41.33353295749151,-21.7825642724757,0 -41.33441309640313,-21.78227686423424,0 -41.33474723434407,-21.78218469047938,0 -41.33493057363437,-21.78268024415686,0 
					</coordinates>
				</LineString>
			</Placemark>
			<Placemark>
				<name>413M - 12F</name>
				<visibility>0</visibility>
				<description>462M - 12F C/RESERVA
13 POSTES
13 ETIQUETAS
13 FITAS
13 ROLDANAS
26 ANEIS GUIAS
14 ALÇAS</description>
				<styleUrl>#inline2705</styleUrl>
				<LineString>
					<tessellate>1</tessellate>
					<coordinates>
						-41.33239690798688,-21.78290268409886,0 -41.3313390435099,-21.78324844351233,0 -41.33001262595064,-21.78368124818131,0 
					</coordinates>
				</LineString>
			</Placemark>
			<Placemark>
				<name>173M - 6FO</name>
				<visibility>0</visibility>
				<description>200M - 6FO C/RESERVA
8 KIT EQUIPAGEM
8 ALÇAS</description>
				<styleUrl>#inline33901</styleUrl>
				<LineString>
					<tessellate>1</tessellate>
					<coordinates>
						-41.3321353295636,-21.78216082061175,0 -41.33195104425005,-21.78217080489412,0 -41.33059201047721,-21.7826095228261,0 -41.33056921744447,-21.78265162899394,0 
					</coordinates>
				</LineString>
			</Placemark>
		</Folder>
		<Folder>
			<name>ÁREA 1501</name>
			<visibility>0</visibility>
			<Placemark>
				<name>582M - 6F</name>
				<visibility>0</visibility>
				<description>545M - 6F C/RESERVA
19 POSTES
19 ETIQUETAS
19 FITAS
19 ROLDANAS
38 ANEIS GUIAS
8 ALÇAS</description>
				<styleUrl>#inline33291</styleUrl>
				<LineString>
					<tessellate>1</tessellate>
					<coordinates>
						-41.3326767714621,-21.77859534248576,0 -41.33341661067325,-21.77835668453455,0 -41.33344577959681,-21.77836941915976,0 -41.33355109338899,-21.77868058821428,0 -41.33376619814658,-21.77931887662714,0 -41.33400113935069,-21.78001177214392,0 -41.33438882804321,-21.78110346337471,0 -41.33493709926603,-21.78263931357069,0 
					</coordinates>
				</LineString>
			</Placemark>
			<Placemark>
				<name>115M - 6F</name>
				<visibility>0</visibility>
				<description>147M - 6F C/RESERVA
5 POSTES
5 ETIQUETAS
5 FITAS
5 ROLDANAS
10 ANEIS GUIAS
8 ALÇAS</description>
				<styleUrl>#inline332434</styleUrl>
				<LineString>
					<tessellate>1</tessellate>
					<coordinates>
						-41.33302753468884,-21.78534528819704,0 -41.3328585644882,-21.78541635399369,0 -41.33265828876851,-21.78481658549941,0 -41.3325269596829,-21.78443745986607,0 
					</coordinates>
				</LineString>
			</Placemark>
			<Placemark>
				<name>70M - 6F</name>
				<visibility>0</visibility>
				<description>86M - 6F C/RESERVA
4 POSTES
4 ETIQUETAS
4 FITAS
4 ROLDANAS
8 ANEIS GUIAS
4 ALÇAS

RUA SEM NOME 2</description>
				<styleUrl>#inline332111</styleUrl>
				<LineString>
					<tessellate>1</tessellate>
					<coordinates>
						-41.33402280932068,-21.78427894949575,0 -41.33423785320893,-21.78476408268762,0 -41.33439359224873,-21.78468988597553,0 
					</coordinates>
				</LineString>
			</Placemark>
			<Placemark>
				<name>76M - 6F</name>
				<visibility>0</visibility>
				<description>92M - 6F C/RESERVA
5 POSTES
5 ETIQUETAS
5 FITAS
5 ROLDANAS
10 ANEIS GUIAS
4 ALÇAS

RUA SEM NOME 3</description>
				<styleUrl>#inline332287</styleUrl>
				<LineString>
					<tessellate>1</tessellate>
					<coordinates>
						-41.33466731969835,-21.78401323981207,0 -41.33486083115406,-21.78450260302956,0 -41.33527652211288,-21.78427994725063,0 
					</coordinates>
				</LineString>
			</Placemark>
			<Placemark>
				<name>76M - 6F</name>
				<visibility>0</visibility>
				<description>92M - 6F C/RESERVA
4 POSTES
4 ETIQUETAS
4 FITAS
4 ROLDANAS
8 ANEIS GUIAS
6 ALÇAS</description>
				<styleUrl>#inline332431</styleUrl>
				<LineString>
					<tessellate>1</tessellate>
					<coordinates>
						-41.3333904082932,-21.78454843882869,0 -41.33353449723467,-21.78490581104453,0 -41.33355990923061,-21.78509312448335,0 
					</coordinates>
				</LineString>
			</Placemark>
			<Placemark>
				<name>74M - 6F</name>
				<visibility>0</visibility>
				<description>90M - 6F C/RESERVA
5 POSTES
5 ETIQUETAS
5 FITAS
5 ROLDANAS
10 ANEIS GUIAS
4 ALÇAS</description>
				<styleUrl>#inline332416</styleUrl>
				<LineString>
					<tessellate>1</tessellate>
					<coordinates>
						-41.33555898807876,-21.78440754212446,0 -41.33547869850093,-21.7841696771851,0 -41.33527124392079,-21.78426912646569,0 
					</coordinates>
				</LineString>
			</Placemark>
			<Placemark>
				<name>434M - 12F</name>
				<visibility>0</visibility>
				<description>498M - 12F C/RESERVA
22 POSTES
22 ETIQUETAS
22 FITAS
22 ROLDANAS
44 ANEIS GUIAS
20 ALÇAS</description>
				<styleUrl>#inline332215</styleUrl>
				<LineString>
					<tessellate>1</tessellate>
					<coordinates>
						-41.333019069117,-21.78534232831414,0 -41.33356324512161,-21.78510476216488,0 -41.33372134947066,-21.78503430599791,0 -41.33408055926272,-21.78486555746586,0 -41.3344029945928,-21.78470603494103,0 -41.33475261845669,-21.78453507630851,0 -41.33526384079436,-21.78426354636926,0 -41.33543679599719,-21.78411907651543,0 -41.33531476069615,-21.78369555551591,0 -41.33493685804238,-21.78264515236187,0 
					</coordinates>
				</LineString>
			</Placemark>
		</Folder>
		<Folder>
			<name>ÁREA 1502</name>
			<visibility>0</visibility>
			<Placemark>
				<name>494M - 6F</name>
				<visibility>0</visibility>
				<description>542M - 6F C/RESERVA
20 POSTES
20 ETIQUETAS
20 FITAS
20 ROLDANAS
40 ANEIS GUIAS
10 ALÇAS</description>
				<styleUrl>#inline13442</styleUrl>
				<LineString>
					<tessellate>1</tessellate>
					<coordinates>
						-41.3371095923349,-21.78874974008484,0 -41.33655085916319,-21.78727116126682,0 -41.33615998957369,-21.78613139538314,0 -41.33579296622693,-21.78507272888915,0 -41.33506570584823,-21.78557146757961,0 
					</coordinates>
				</LineString>
			</Placemark>
			<Placemark>
				<name>429M - 6F</name>
				<visibility>0</visibility>
				<description>477M - 6F C/RESERVA
21 POSTES
21 ETIQUETAS
21 FITAS
21 ROLDANAS
42 ANEIS GUIAS
10 ALÇAS

RUA SEM NOME 12</description>
				<styleUrl>#inline6307</styleUrl>
				<LineString>
					<tessellate>1</tessellate>
					<coordinates>
						-41.34148896605744,-21.78819484602562,0 -41.34079722415645,-21.78803456170469,0 -41.3405622880104,-21.78795738856223,0 -41.34034420565407,-21.78796091296708,0 -41.33911176757073,-21.78768840851854,0 -41.3390378808696,-21.78765657767988,0 -41.33932571514751,-21.78690587131183,0 -41.33890597862388,-21.78682827564078,0 -41.33891969393738,-21.78658874598509,0 -41.33942188023419,-21.78670976715016,0 
					</coordinates>
				</LineString>
			</Placemark>
			<Placemark>
				<name>242M - 6F</name>
				<visibility>0</visibility>
				<description>274M - 6F C/RESERVA
8 POSTES
8 ETIQUETAS
8 FITAS
8 ROLDANAS
16 ANEIS GUIAS
4 ALÇAS</description>
				<styleUrl>#inline3365</styleUrl>
				<LineString>
					<tessellate>1</tessellate>
					<coordinates>
						-41.33313739664924,-21.78680248395588,0 -41.33403459719185,-21.78622168380117,0 -41.33507305836215,-21.78557113432869,0 
					</coordinates>
				</LineString>
			</Placemark>
			<Placemark>
				<name>134M - 6F</name>
				<visibility>0</visibility>
				<description>150M - 6F C/RESERVA
7 POSTES
7 ETIQUETAS
7 FITAS
7 ROLDANAS
14 ANEIS GUIAS
10 ALÇAS</description>
				<styleUrl>#inline5396</styleUrl>
				<LineString>
					<tessellate>1</tessellate>
					<coordinates>
						-41.34118169013826,-21.78728159198914,0 -41.33992440940843,-21.78699543487693,0 
					</coordinates>
				</LineString>
			</Placemark>
			<Placemark>
				<name>111M - 6F</name>
				<visibility>0</visibility>
				<description>M - 6F C/RESERVA
 POSTES
 ETIQUETAS
 FITAS
 ROLDANAS
 ANEIS GUIAS
 ALÇAS

RUA SEM NOME 13</description>
				<styleUrl>#inline6167</styleUrl>
				<LineString>
					<tessellate>1</tessellate>
					<coordinates>
						-41.33958182057668,-21.78567457045799,0 -41.33940152069492,-21.78652362815518,0 -41.33940371495907,-21.7866809528695,0 
					</coordinates>
				</LineString>
			</Placemark>
			<Placemark>
				<name>153M - 6F</name>
				<visibility>0</visibility>
				<description>M - 6F C/RESERVA
 POSTES
 ETIQUETAS
 FITAS
 ROLDANAS
 ANEIS GUIAS
 ALÇAS

RUA SEM NOME 14</description>
				<styleUrl>#inline2170</styleUrl>
				<LineString>
					<tessellate>1</tessellate>
					<coordinates>
						-41.33728131908464,-21.78511237571417,0 -41.33766114909366,-21.78520222970496,0 -41.33741453047869,-21.78604897985654,0 -41.33732189364623,-21.78616228025829,0 
					</coordinates>
				</LineString>
			</Placemark>
			<Placemark>
				<name>668M - 12F</name>
				<visibility>0</visibility>
				<description>M - 12F C/RESERVA
 POSTES
 ETIQUETAS
 FITAS
 ROLDANAS
 ANEIS GUIAS
 ALÇAS</description>
				<styleUrl>#inline38911</styleUrl>
				<LineString>
					<tessellate>1</tessellate>
					<coordinates>
						-41.33506746369251,-21.78554851736424,0 -41.33539721663603,-21.78530834571137,0 -41.33572180124863,-21.785094815666,0 -41.3357763660236,-21.78504555096867,0 -41.33590239203437,-21.78507108077995,0 -41.3361235799053,-21.78494878774283,0 -41.33649764386664,-21.78599200465484,0 -41.33724507287535,-21.78618400648165,0 -41.33732083211913,-21.7860943278639,0 -41.33729499308915,-21.78619785469365,0 -41.33944088535725,-21.78669850026833,0 -41.33941453441647,-21.78672867488486,0 -41.33894439958149,-21.78660818709135,0 -41.33893683544996,-21.78681066859626,0 -41.33934368251484,-21.78688657619647,0 -41.33994016984565,-21.78699986499462,0 
					</coordinates>
				</LineString>
			</Placemark>
		</Folder>
		<Folder>
			<name>ÁREA 1503</name>
			<visibility>0</visibility>
			<Placemark>
				<name>195M - 6F</name>
				<visibility>0</visibility>
				<description>227M - 6F C/RESERVA
11 POSTES
11 ETIQUETAS
11 FITAS
11 ROLDANAS
22 ANEIS GUIAS
6 ALÇAS</description>
				<styleUrl>#inline332204</styleUrl>
				<LineString>
					<tessellate>1</tessellate>
					<coordinates>
						-41.33171771941102,-21.78647572541689,0 -41.33124617150062,-21.78559817852481,0 -41.331051448919,-21.78515099303351,0 -41.33108554121124,-21.78511530866415,0 -41.33133697330228,-21.78504233537243,0 
					</coordinates>
				</LineString>
			</Placemark>
			<Placemark>
				<name>193M - 6F</name>
				<visibility>0</visibility>
				<description>225M - 6F C/RESERVA
10 POSTES
10 ETIQUETAS
10 FITAS
10 ROLDANAS
20 ANEIS GUIAS
4 ALÇAS</description>
				<styleUrl>#inline332277</styleUrl>
				<LineString>
					<tessellate>1</tessellate>
					<coordinates>
						-41.33138330308399,-21.786781653332,0 -41.33129586625093,-21.78657872779228,0 -41.33099362497058,-21.78603307488139,0 -41.3305400848937,-21.78522693881916,0 
					</coordinates>
				</LineString>
			</Placemark>
			<Placemark>
				<name>282M - 6F</name>
				<visibility>0</visibility>
				<description>314M - 6F C/RESERVA
16 POSTES
16 ETIQUETAS
16 FITAS
16 ROLDANAS
32 ANEIS GUIAS
10 ALÇAS</description>
				<styleUrl>#inline332114</styleUrl>
				<LineString>
					<tessellate>1</tessellate>
					<coordinates>
						-41.33065500652953,-21.78646894359069,0 -41.33047894789534,-21.786117033599,0 -41.33025488617943,-21.78569475130138,0 -41.33015213969571,-21.78550980854827,0 -41.33001010805403,-21.78517525634486,0 -41.32987092140085,-21.78498665428455,0 -41.33021569039976,-21.78487116164654,0 -41.33036415450475,-21.7848771637472,0 -41.33055230644727,-21.78524684083856,0 
					</coordinates>
				</LineString>
			</Placemark>
			<Placemark>
				<name>264M - 6F</name>
				<visibility>0</visibility>
				<description>296M - 6F C/RESERVA
9 POSTES
9 ETIQUETAS
9 FITAS
9 ROLDANAS
18 ANEIS GUIAS
8 ALÇAS</description>
				<styleUrl>#inline33217</styleUrl>
				<LineString>
					<tessellate>1</tessellate>
					<coordinates>
						-41.33259681148944,-21.78581761829637,0 -41.33205239176379,-21.78465717693839,0 -41.33192980032171,-21.78437717041274,0 -41.33175554960776,-21.78442977860368,0 -41.33200823099497,-21.784964491113,0 
					</coordinates>
				</LineString>
			</Placemark>
			<Placemark>
				<name>199M - 6F</name>
				<visibility>0</visibility>
				<description>231M - 6F C/RESERVA
6 POSTES
6 ETIQUETAS
6 FITAS
6 ROLDANAS
12 ANEIS GUIAS
4 ALÇAS</description>
				<styleUrl>#inline332166</styleUrl>
				<LineString>
					<tessellate>1</tessellate>
					<coordinates>
						-41.33278599590093,-21.78658776938172,0 -41.33254753812673,-21.78613526613231,0 -41.33228670966049,-21.78558291811101,0 -41.33198373439713,-21.78495396401716,0 
					</coordinates>
				</LineString>
			</Placemark>
			<Placemark>
				<name>70M - 6F</name>
				<visibility>0</visibility>
				<description>86M - 6F C/RESERVA
4 ALÇAS</description>
				<styleUrl>#inline693118</styleUrl>
				<LineString>
					<tessellate>1</tessellate>
					<coordinates>
						-41.33277165524821,-21.78656846147456,0 -41.33291948175086,-21.78691394798516,0 -41.33315310363552,-21.78677329743896,0 
					</coordinates>
				</LineString>
			</Placemark>
			<Placemark>
				<name>142M - 6F</name>
				<visibility>0</visibility>
				<description>158M - 6F C/RESERVA
7 POSTES
7 ETIQUETAS
7 FITAS
7 ROLDANAS
14 ANEIS GUIAS
2 ALÇAS</description>
				<styleUrl>#inline332351</styleUrl>
				<LineString>
					<tessellate>1</tessellate>
					<coordinates>
						-41.33224782935443,-21.78627178350168,0 -41.33166491679768,-21.78510939868511,0 
					</coordinates>
				</LineString>
			</Placemark>
			<Placemark>
				<name>407M - 12F</name>
				<visibility>0</visibility>
				<description>455M - 12F C/RESERVA
20 POSTES
20 ETIQUETAS
20 FITAS
20 ROLDANAS
40 ANEIS GUIAS
24 ALÇAS</description>
				<styleUrl>#inline332163</styleUrl>
				<LineString>
					<tessellate>1</tessellate>
					<coordinates>
						-41.33200949708585,-21.78499397284406,0 -41.33175205938828,-21.78445671705126,0 -41.3317047336618,-21.78444282132088,0 -41.33141982298565,-21.78453735886677,0 -41.33149132309851,-21.78474208395951,0 -41.33168162145218,-21.78514875459587,0 -41.33158330956775,-21.78499067860585,0 -41.33132846194078,-21.78504410737813,0 -41.33115668073563,-21.78471941277177,0 -41.33111606865391,-21.78464640145636,0 -41.33086238514336,-21.78472409039491,0 -41.33042137223343,-21.78486370234007,0 -41.33038244016517,-21.7848840051869,0 -41.33055892195895,-21.78523353621084,0 
					</coordinates>
				</LineString>
			</Placemark>
		</Folder>
		<Folder>
			<name>ÁREA 1504</name>
			<visibility>0</visibility>
			<Placemark>
				<name>162M - 6F</name>
				<visibility>0</visibility>
				<description>194M - 6F C/RESERVA
13 POSTES
13 ETIQUETAS
13 FITAS
13 ROLDANAS
26 ANEIS GUIAS
4 ALÇAS</description>
				<styleUrl>#inline332241</styleUrl>
				<LineString>
					<tessellate>1</tessellate>
					<coordinates>
						-41.3331506652226,-21.7868017886652,0 -41.33240056473373,-21.78729784057855,0 -41.33185802077035,-21.78763065406948,0 
					</coordinates>
				</LineString>
			</Placemark>
			<Placemark>
				<name>276M - 6F</name>
				<visibility>0</visibility>
				<description>308M - 6F C/RESERVA
13 POSTES
13 ETIQUETAS
13 FITAS
13 ROLDANAS
26 ANEIS GUIAS
8 ALÇAS</description>
				<styleUrl>#inline332209</styleUrl>
				<LineString>
					<tessellate>1</tessellate>
					<coordinates>
						-41.33023608120317,-21.78706414980022,0 -41.33053821043028,-21.78767317133914,0 -41.33084060609704,-21.7882246399528,0 -41.3308710738315,-21.78827724745585,0 -41.33123829669135,-21.78802744737111,0 -41.33185697541171,-21.78761474499421,0 -41.33185632310625,-21.78762564160488,0 
					</coordinates>
				</LineString>
			</Placemark>
			<Placemark>
				<name>120M - 6F</name>
				<visibility>0</visibility>
				<description>152M - 6F C/RESERVA
7 POSTES
7 ETIQUETAS
7 FITAS
7 ROLDANAS
14 ANEIS GUIAS
8 ALÇAS</description>
				<styleUrl>#inline332332</styleUrl>
				<LineString>
					<tessellate>1</tessellate>
					<coordinates>
						-41.33006332932261,-21.7885030439365,0 -41.33026772187366,-21.78868264025038,0 -41.33002928945493,-21.78893511994226,0 -41.32992327288336,-21.78899938834451,0 -41.32966720692803,-21.78871616222616,0 
					</coordinates>
				</LineString>
			</Placemark>
			<Placemark>
				<name>142M - 6F</name>
				<visibility>0</visibility>
				<description>174M - 6F C/RESERVA
8 POSTES
8 ETIQUETAS
8 FITAS
8 ROLDANAS
16 ANEIS GUIAS
14 ALÇAS</description>
				<styleUrl>#inline332361</styleUrl>
				<LineString>
					<tessellate>1</tessellate>
					<coordinates>
						-41.32953584351442,-21.7889518611154,0 -41.32972772743122,-21.78914405547008,0 -41.32950571781723,-21.78934106178535,0 -41.32944444109377,-21.78940826640672,0 -41.3294849677131,-21.78932902272741,0 -41.32908736247885,-21.78891306422052,0 
					</coordinates>
				</LineString>
			</Placemark>
			<Placemark>
				<name>68M - 6F</name>
				<visibility>0</visibility>
				<description>84M - 6F C/RESERVA
7 POSTES
7 ETIQUETAS
7 FITAS
7 ROLDANAS
14 ANEIS GUIAS
6 ALÇAS</description>
				<styleUrl>#inline332343</styleUrl>
				<LineString>
					<tessellate>1</tessellate>
					<coordinates>
						-41.32900575660118,-21.78920848059357,0 -41.32929938139136,-21.78952122867203,0 -41.32945722667464,-21.78939860596749,0 
					</coordinates>
				</LineString>
			</Placemark>
			<Placemark>
				<name>194M - 6F</name>
				<visibility>0</visibility>
				<description>226M - 6F C/RESERVA
16 POSTES
16 ETIQUETAS
16 FITAS
16 ROLDANAS
32 ANEIS GUIAS
16 ALÇAS</description>
				<styleUrl>#inline332293</styleUrl>
				<LineString>
					<tessellate>1</tessellate>
					<coordinates>
						-41.32861397116681,-21.78939019055614,0 -41.32870779110237,-21.78950574136553,0 -41.32895950324456,-21.7897811826634,0 -41.32914509641436,-21.78965259274333,0 -41.32917299052672,-21.789621778818,0 -41.32893402842765,-21.78938492832405,0 -41.32915105487272,-21.7895815904866,0 -41.32920892580916,-21.78961708287092,0 -41.32946342798133,-21.7894074535947,0 
					</coordinates>
				</LineString>
			</Placemark>
			<Placemark>
				<name>319M - 12F</name>
				<visibility>0</visibility>
				<description>351M - 12F C/RESERVA
20 POSTES
20 ETIQUETAS
20 FITAS
20 ROLDANAS
40 ANEIS GUIAS
6 ALÇAS</description>
				<styleUrl>#inline332265</styleUrl>
				<LineString>
					<tessellate>1</tessellate>
					<coordinates>
						-41.32944909437754,-21.78941249375596,0 -41.3296384434317,-21.78925420588911,0 -41.32982992741893,-21.78910401004871,0 -41.33002858986573,-21.78894842527163,0 -41.33043967850379,-21.78859137405443,0 -41.33098038842373,-21.78824689910685,0 -41.33187018603997,-21.78763391331471,0 
					</coordinates>
				</LineString>
			</Placemark>
		</Folder>
		<Folder>
			<name>ÁREA 1505</name>
			<visibility>0</visibility>
			<Placemark>
				<name>224M - 6F</name>
				<visibility>0</visibility>
				<description>256M - 6F C/RESERVA
14 POSTES
14 ETIQUETAS
14 FITAS
14 ROLDANAS
28 ANEIS GUIAS
10 ALÇAS</description>
				<styleUrl>#inline33240</styleUrl>
				<LineString>
					<tessellate>1</tessellate>
					<coordinates>
						-41.32977774716399,-21.7878870756146,0 -41.32887261507661,-21.78703987667852,0 -41.32873225494853,-21.78688863194982,0 -41.328649086475,-21.78690987047753,0 -41.32852849188976,-21.78689249526254,0 -41.32868859516816,-21.7872979399514,0 
					</coordinates>
				</LineString>
			</Placemark>
			<Placemark>
				<name>315M - 6F</name>
				<visibility>0</visibility>
				<description>363M - 6F C/RESERVA
18 POSTES
18 ETIQUETAS
18 FITAS
18 ROLDANAS
36 ANEIS GUIAS
12 ALÇAS</description>
				<styleUrl>#inline332425</styleUrl>
				<LineString>
					<tessellate>1</tessellate>
					<coordinates>
						-41.32866467819549,-21.78598643008127,0 -41.32918414447626,-21.78579512477932,0 -41.32956299374337,-21.78567743324579,0 -41.33012759588617,-21.78554546426712,0 -41.329954725177,-21.78518638727909,0 -41.32984360767477,-21.78484433775257,0 -41.32909113372448,-21.78510461840773,0 
					</coordinates>
				</LineString>
			</Placemark>
			<Placemark>
				<name>272M - 6F</name>
				<visibility>0</visibility>
				<description>304M - 6F C/RESERVA
14 POSTES
14 ETIQUETAS
14 FITAS
14 ROLDANAS
28 ANEIS GUIAS
10 ALÇAS</description>
				<styleUrl>#inline33248</styleUrl>
				<LineString>
					<tessellate>1</tessellate>
					<coordinates>
						-41.32908463762585,-21.78821833374442,0 -41.32867142315818,-21.78729915622485,0 
					</coordinates>
				</LineString>
			</Placemark>
			<Placemark>
				<name>58M - 6F</name>
				<visibility>0</visibility>
				<description>74M - 6F C/RESERVA
1 POSTES
1 ETIQUETAS
1 FITAS
1 ROLDANAS
2 ANEIS GUIAS
6 ALÇAS</description>
				<styleUrl>#inline693116</styleUrl>
				<LineString>
					<tessellate>1</tessellate>
					<coordinates>
						-41.32738896117029,-21.78575330878308,0 -41.32733099050026,-21.78564242341787,0 -41.32721084816789,-21.78578072385345,0 -41.32698801060839,-21.78583203440545,0 
					</coordinates>
				</LineString>
			</Placemark>
			<Placemark>
				<name>34M - 6F</name>
				<visibility>0</visibility>
				<description>50M - 6F C/RESERVA
2 ALÇAS</description>
				<styleUrl>#inline693111</styleUrl>
				<LineString>
					<tessellate>1</tessellate>
					<coordinates>
						-41.32796809612017,-21.78745640486204,0 -41.3280637445461,-21.78774344701503,0 
					</coordinates>
				</LineString>
			</Placemark>
			<Placemark>
				<name>585M - 12F</name>
				<visibility>0</visibility>
				<description>480M - 12F C/RESERVA
18 POSTES
18 ETIQUETAS
18 FITAS
18 ROLDANAS
36 ANEIS GUIAS
16 ALÇAS</description>
				<styleUrl>#inline332244</styleUrl>
				<LineString>
					<tessellate>1</tessellate>
					<coordinates>
						-41.32867116265347,-21.78730674229061,0 -41.32850522626683,-21.7868867273772,0 -41.32785015251212,-21.78701927471813,0 -41.32797717153775,-21.78745592766997,0 -41.32796303452907,-21.78746294138171,0 -41.32766640872886,-21.78649996446036,0 -41.3277238186292,-21.78637070553281,0 -41.327527234215,-21.78580114408549,0 -41.32738953929436,-21.78575214356887,0 -41.32735079665849,-21.7856340017575,0 -41.32798319637856,-21.78545229091322,0 -41.32909395809127,-21.78510195301335,0 
					</coordinates>
				</LineString>
			</Placemark>
		</Folder>
		<Folder>
			<name>ÁREA 1506</name>
			<visibility>0</visibility>
			<Placemark>
				<name>384M - 6F</name>
				<visibility>0</visibility>
				<description>432M - 6F C/RESERVA
17 POSTES
17 ETIQUETAS
17 FITAS
17 ROLDANAS
34 ANEIS GUIAS
14 ALÇAS</description>
				<styleUrl>#inline332250</styleUrl>
				<LineString>
					<tessellate>1</tessellate>
					<coordinates>
						-41.32852612104303,-21.78898145982576,0 -41.32843190913705,-21.78886185948676,0 -41.32832808294368,-21.78866219778373,0 -41.32823292319334,-21.78839585086196,0 -41.32804482301781,-21.78774678184898,0 -41.32784602674175,-21.78712449376853,0 -41.32774585207464,-21.78704500527563,0 -41.32726501330224,-21.78713295105743,0 -41.32743024339212,-21.78783620027972,0 
					</coordinates>
				</LineString>
			</Placemark>
			<Placemark>
				<name>454M - 6F</name>
				<visibility>0</visibility>
				<description>486M - 6F C/RESERVA
20 POSTES
20 ETIQUETAS
20 FITAS
20 ROLDANAS
40 ANEIS GUIAS
12 ALÇAS</description>
				<styleUrl>#inline332452</styleUrl>
				<LineString>
					<tessellate>1</tessellate>
					<coordinates>
						-41.32721423842941,-21.7898569394113,0 -41.32706478758628,-21.78918779861204,0 -41.32661857420358,-21.78723650635894,0 -41.3266846467972,-21.78725380466545,0 -41.32724033191385,-21.78713053782149,0 -41.32732837811901,-21.78746582859594,0 -41.32740584964256,-21.78783054360995,0 
					</coordinates>
				</LineString>
			</Placemark>
			<Placemark>
				<name>114M - 6F</name>
				<visibility>0</visibility>
				<description>146M - 6F C/RESERVA
7 POSTES
7 ETIQUETAS
7 FITAS
7 ROLDANAS
14 ANEIS GUIAS
6 ALÇAS

RUA SEM NOME 4</description>
				<styleUrl>#inline332278</styleUrl>
				<LineString>
					<tessellate>1</tessellate>
					<coordinates>
						-41.32848219603719,-21.78960673434256,0 -41.32857563851061,-21.7897362946658,0 -41.32879942201211,-21.78994565187271,0 -41.32875313046484,-21.78997353733356,0 -41.32832579217124,-21.79031349257756,0 
					</coordinates>
				</LineString>
			</Placemark>
			<Placemark>
				<name>44M - 6F</name>
				<visibility>0</visibility>
				<description>60M - 6F C/RESERVA
5 POSTES
5 ETIQUETAS
5 FITAS
5 ROLDANAS
10 ANEIS GUIAS
4 ALÇAS</description>
				<styleUrl>#inline332221</styleUrl>
				<LineString>
					<tessellate>1</tessellate>
					<coordinates>
						-41.32845200007611,-21.78992673051033,0 -41.32858580160046,-21.79008134927723,0 -41.32875035697889,-21.78996447874912,0 
					</coordinates>
				</LineString>
			</Placemark>
			<Placemark>
				<name>300M - 12F</name>
				<visibility>0</visibility>
				<description>380M - 12F C/RESERVA
13 POSTES
13 ETIQUETAS
13 FITAS
13 ROLDANAS
26 ANEIS GUIAS
12 ALÇAS</description>
				<styleUrl>#inline332222</styleUrl>
				<LineString>
					<tessellate>1</tessellate>
					<coordinates>
						-41.32742118146658,-21.78782738672429,0 -41.32752545062944,-21.78820989824131,0 -41.32765450150334,-21.78887228872881,0 -41.32778147058168,-21.7894531537669,0 -41.32787705271472,-21.78955023169071,0 -41.32790799132485,-21.78964095115368,0 -41.32803897052871,-21.78982079253554,0 -41.3281730588111,-21.789969461612,0 -41.32836290570953,-21.79019348609728,0 -41.32834267495979,-21.79031337839103,0 
					</coordinates>
				</LineString>
			</Placemark>
		</Folder>
		<Folder>
			<name>ÁREA 1507</name>
			<visibility>0</visibility>
			<Placemark>
				<name>279M - 6F</name>
				<visibility>0</visibility>
				<description>343M - 6F C/RESERVA
14 POSTES
14 ETIQUETAS
14 FITAS
14 ROLDANAS
28 ANEIS GUIAS
10 ALÇAS</description>
				<styleUrl>#inline332391</styleUrl>
				<LineString>
					<tessellate>1</tessellate>
					<coordinates>
						-41.32638527944928,-21.78959738626056,0 -41.32628538042123,-21.78914086645385,0 -41.32615749547391,-21.78856113239032,0 -41.32669453937769,-21.78842641376608,0 -41.32689023186262,-21.78858045594214,0 -41.32672341072435,-21.78789086198552,0 
					</coordinates>
				</LineString>
			</Placemark>
			<Placemark>
				<name>155M - 6F</name>
				<visibility>0</visibility>
				<description>187M - 6F C/RESERVA
7 POSTES
7 ETIQUETAS
7 FITAS
7 ROLDANAS
14 ANEIS GUIAS
8 ALÇAS</description>
				<styleUrl>#inline332272</styleUrl>
				<LineString>
					<tessellate>1</tessellate>
					<coordinates>
						-41.32528086474825,-21.78617069891841,0 -41.32548501155448,-21.78618211186711,0 -41.32563581150185,-21.78617240216978,0 -41.32570847135505,-21.78653813525576,0 -41.32584700259882,-21.78722592636713,0 
					</coordinates>
				</LineString>
			</Placemark>
			<Placemark>
				<name>47M - 6F</name>
				<visibility>0</visibility>
				<description>63M - 6F C/RESERVA
4 POSTES
4 ETIQUETAS
4 FITAS
4 ROLDANAS
8 ANEIS GUIAS
2 ALÇAS</description>
				<styleUrl>#inline33251</styleUrl>
				<LineString>
					<tessellate>1</tessellate>
					<coordinates>
						-41.32685827501942,-21.78649613694979,0 -41.32644941852615,-21.78656948737583,0 -41.32643427743474,-21.78654462009613,0 
					</coordinates>
				</LineString>
			</Placemark>
			<Placemark>
				<name>137M - 6F</name>
				<visibility>0</visibility>
				<description>153M - 6F C/RESERVA
4 POSTES
4 ETIQUETAS
4 FITAS
4 ROLDANAS
8 ANEIS GUIAS
4 ALÇAS</description>
				<styleUrl>#inline332224</styleUrl>
				<LineString>
					<tessellate>1</tessellate>
					<coordinates>
						-41.32701247687533,-21.78583017125777,0 -41.32631542396771,-21.78598710056457,0 -41.32643861741857,-21.7865409045942,0 
					</coordinates>
				</LineString>
			</Placemark>
			<Placemark>
				<name>112M - 6F</name>
				<visibility>0</visibility>
				<description>128M - 6F C/RESERVA
4 POSTES
4 ETIQUETAS
4 FITAS
4 ROLDANAS
8 ANEIS GUIAS
6 ALÇAS</description>
				<styleUrl>#inline33225</styleUrl>
				<LineString>
					<tessellate>1</tessellate>
					<coordinates>
						-41.32617226435379,-21.78583106900745,0 -41.32630950191199,-21.78584548293438,0 -41.32629906106913,-21.78599876208669,0 -41.32643080539058,-21.78655308266219,0 
					</coordinates>
				</LineString>
			</Placemark>
			<Placemark>
				<name>73M - 6F</name>
				<visibility>0</visibility>
				<description>89M - 6F C/RESERVA
5 POSTES
5 ETIQUETAS
5 FITAS
5 ROLDANAS
10 ANEIS GUIAS
2 ALÇAS</description>
				<styleUrl>#inline332302</styleUrl>
				<LineString>
					<tessellate>1</tessellate>
					<coordinates>
						-41.32725321591984,-21.78710185354879,0 -41.32669039435272,-21.7872315531439,0 -41.32663356499532,-21.78720602045409,0 -41.32658311449674,-21.78719801888819,0 
					</coordinates>
				</LineString>
			</Placemark>
			<Placemark>
				<name>310M - 12F</name>
				<visibility>0</visibility>
				<description>374M - 12F C/RESERVA
16 POSTES
16 ETIQUETAS
16 FITAS
16 ROLDANAS
32 ANEIS GUIAS
16 ALÇAS</description>
				<styleUrl>#inline332296</styleUrl>
				<LineString>
					<tessellate>1</tessellate>
					<coordinates>
						-41.32584263483803,-21.78721565929709,0 -41.32600413773201,-21.78786805102571,0 -41.32658656201361,-21.78777859645397,0 -41.32673068176952,-21.78790731210414,0 -41.32661150195231,-21.78736379941361,0 -41.32657645247509,-21.78719083975635,0 -41.32643387633117,-21.78654440920898,0 
					</coordinates>
				</LineString>
			</Placemark>
		</Folder>
		<Folder>
			<name>ÁREA 1508</name>
			<visibility>0</visibility>
			<Placemark>
				<name>331M - 6F</name>
				<visibility>0</visibility>
				<description>379M - 6F C/RESERVA
14 POSTES
14 ETIQUETAS
14 FITAS
14 ROLDANAS
28 ANEIS GUIAS
14 ALÇAS</description>
				<styleUrl>#inline3089</styleUrl>
				<LineString>
					<tessellate>1</tessellate>
					<coordinates>
						-41.32815670105119,-21.78427942371193,0 -41.32920999993129,-21.78393869687655,0 -41.32924502008129,-21.78397610216879,0 -41.32897654545681,-21.78312789836119,0 -41.32889545806523,-21.78315159693413,0 -41.32813953380305,-21.78340059473098,0 
					</coordinates>
				</LineString>
			</Placemark>
			<Placemark>
				<name>479M - 6F</name>
				<visibility>0</visibility>
				<description>543M - 6F C/RESERVA
21 POSTES
21 ETIQUETAS
21 FITAS
21 ROLDANAS
42 ANEIS GUIAS
20 ALÇAS</description>
				<styleUrl>#inline10790</styleUrl>
				<LineString>
					<tessellate>1</tessellate>
					<coordinates>
						-41.32703532954497,-21.78370537979757,0 -41.32661324763843,-21.78378627073202,0 -41.32648281929779,-21.78388595299183,0 -41.32612969331118,-21.78399130667081,0 -41.32579111466912,-21.78404965180415,0 -41.32525875300042,-21.784165600267,0 -41.32469190650075,-21.78427536600026,0 -41.32453513543455,-21.78428222334492,0 -41.32446138060124,-21.78437537859289,0 -41.32440878316967,-21.78409669719342,0 -41.32435521614401,-21.78399077825854,0 -41.32439562281837,-21.78411533671943,0 -41.32442931850348,-21.78438491312071,0 -41.32452961421291,-21.78455082541316,0 -41.32456873812374,-21.78483364667638,0 -41.32455476716098,-21.78494817047619,0 -41.32466749201128,-21.78532420133383,0 
					</coordinates>
				</LineString>
			</Placemark>
			<Placemark>
				<name>111M - 6F</name>
				<visibility>0</visibility>
				<description>127M 6F C/RESERVA 

3 POSTES
3 ETIQUETAS
3 FITAS
3 ROLDANAS
6 ANEIS GUIAS
8 ALÇAS</description>
				<styleUrl>#inline6931127</styleUrl>
				<LineString>
					<tessellate>1</tessellate>
					<coordinates>
						-41.32258154923633,-21.78602011783287,0 -41.32241539172431,-21.78512945068333,0 -41.3223268683047,-21.78473090538887,0 
					</coordinates>
				</LineString>
			</Placemark>
			<Placemark>
				<name>315M - 6F</name>
				<visibility>0</visibility>
				<description>363M - 6F C/RESERVA
10 POSTES
10 ETIQUETAS
10 FITAS
10 ROLDANAS
20 ANEIS GUIAS
22 ALÇAS</description>
				<styleUrl>#inline921</styleUrl>
				<LineString>
					<tessellate>1</tessellate>
					<coordinates>
						-41.32259601384192,-21.78601253928953,0 -41.32254879693849,-21.78567130825864,0 -41.32281462380393,-21.78559838623406,0 -41.32302576723294,-21.78555716619422,0 -41.32312079284157,-21.7855600544651,0 -41.32325130048282,-21.78550827788915,0 -41.32341363008801,-21.78545803096261,0 -41.32354299940753,-21.78543289069204,0 -41.32375176016528,-21.78538919055668,0 -41.32379266468156,-21.78537566620959,0 -41.32385944403102,-21.78548493312405,0 -41.32384381266183,-21.78535327681456,0 -41.32420032453792,-21.78528408447179,0 -41.32456832576763,-21.7852062357514,0 -41.32466687097477,-21.78531174927397,0 
					</coordinates>
				</LineString>
			</Placemark>
			<Placemark>
				<name>466M - 12F</name>
				<visibility>0</visibility>
				<description>530M - 12F C/RESERVA
19 POSTES
19 ETIQUETAS
19 FITAS
19 ROLDANAS
38 ANEIS GUIAS
22 ALÇAS</description>
				<LookAt>
					<gx:TimeSpan>
						<begin>2020-05-18T17:36:04Z</begin>
						<end>2020-07-13T20:01:34Z</end>
					</gx:TimeSpan>
					<longitude>-41.32616286073876</longitude>
					<latitude>-21.78484072860073</latitude>
					<altitude>0</altitude>
					<heading>15.7432314999284</heading>
					<tilt>0</tilt>
					<range>387.3068892995796</range>
					<gx:altitudeMode>relativeToSeaFloor</gx:altitudeMode>
				</LookAt>
				<styleUrl>#inline598</styleUrl>
				<LineString>
					<tessellate>1</tessellate>
					<coordinates>
						-41.32817164620558,-21.7842776195278,0 -41.32706691454504,-21.78465337860413,0 -41.32699925408873,-21.78445813958199,0 -41.32703693537328,-21.78465767402248,0 -41.32680742912073,-21.78473220745662,0 -41.32649415960593,-21.78482180334485,0 -41.3261518422248,-21.78489482062813,0 -41.32586607915095,-21.78495723824862,0 -41.32563574342425,-21.78501079760899,0 -41.32545914820946,-21.78504175847161,0 -41.32529409791766,-21.78507378208363,0 -41.32529812776049,-21.78514041459731,0 -41.32526572214496,-21.78507368899419,0 -41.3250296324331,-21.78512733905187,0 -41.32468625012055,-21.78520284743436,0 -41.32466580654278,-21.78530217115303,0 
					</coordinates>
				</LineString>
			</Placemark>
		</Folder>
		<Folder>
			<name>ÁREA 1509</name>
			<visibility>0</visibility>
			<Placemark>
				<name>80M - 6F</name>
				<visibility>0</visibility>
				<description>96M - 6F C/RESERVA
 POSTES
 ETIQUETAS
 FITAS
 ROLDANAS
 ANEIS GUIAS
6 ALÇAS</description>
				<styleUrl>#inline6222</styleUrl>
				<LineString>
					<tessellate>1</tessellate>
					<coordinates>
						-41.31996026932896,-21.78549293543533,0 -41.31990047819959,-21.78518051193339,0 -41.31982922811551,-21.78478403465009,0 
					</coordinates>
				</LineString>
			</Placemark>
			<Placemark>
				<name>82M - 6F</name>
				<visibility>0</visibility>
				<description>98M - 6F C/RESERVA
 POSTES
 ETIQUETAS
 FITAS
 ROLDANAS
 ANEIS GUIAS
6 ALÇAS</description>
				<styleUrl>#inline6137</styleUrl>
				<LineString>
					<tessellate>1</tessellate>
					<coordinates>
						-41.32061273191925,-21.78535647415255,0 -41.32048038642091,-21.78463339203077,0 
					</coordinates>
				</LineString>
			</Placemark>
			<Placemark>
				<name>96M - 6F</name>
				<visibility>0</visibility>
				<description>128M - 6F C/RESERVA
 POSTES
 ETIQUETAS
 FITAS
 ROLDANAS
 ANEIS GUIAS
 6 ALÇAS</description>
				<styleUrl>#inline2738</styleUrl>
				<LineString>
					<tessellate>1</tessellate>
					<coordinates>
						-41.32132335213965,-21.78539982907573,0 -41.32122512871193,-21.78497850246212,0 -41.321147529603,-21.78455302981352,0 
					</coordinates>
				</LineString>
			</Placemark>
			<Placemark>
				<name>85M - 6F</name>
				<visibility>0</visibility>
				<description>101M - 6F C/RESERVA
 POSTES
 ETIQUETAS
 FITAS
 ROLDANAS
 ANEIS GUIAS
 6 ALÇAS

RUA DA PORTARIA</description>
				<styleUrl>#inline2215</styleUrl>
				<LineString>
					<tessellate>1</tessellate>
					<coordinates>
						-41.32195265638584,-21.78522821612088,0 -41.3217991544667,-21.78447717352312,0 
					</coordinates>
				</LineString>
			</Placemark>
			<Placemark>
				<name>128M - 6F</name>
				<visibility>0</visibility>
				<description>160M - 6F C/RESERVA
5 POSTES
5 ETIQUETAS
5 FITAS
5 ROLDANAS
10 ANEIS GUIAS
6 ALÇAS</description>
				<styleUrl>#inline2273</styleUrl>
				<LineString>
					<tessellate>1</tessellate>
					<coordinates>
						-41.3223299948287,-21.78472812033326,0 -41.32225687094353,-21.78439761617528,0 -41.322910866295,-21.78427593916163,0 -41.32295912702146,-21.78446445370163,0 
					</coordinates>
				</LineString>
			</Placemark>
			<Placemark>
				<name>68M - 6F</name>
				<visibility>0</visibility>
				<description>84M - 6F C/RESERVA
4 POSTES
4 ETIQUETAS
4 FITAS
4 ROLDANAS
8 ANEIS GUIAS
6 ALÇAS</description>
				<styleUrl>#inline2029</styleUrl>
				<LineString>
					<tessellate>1</tessellate>
					<coordinates>
						-41.32271987135362,-21.78500598943316,0 -41.32241953766469,-21.78507613760927,0 -41.32234069406725,-21.78472550059666,0 
					</coordinates>
				</LineString>
			</Placemark>
			<Placemark>
				<name>392M - 12F</name>
				<visibility>0</visibility>
				<description>432M - 12F C/RESERVA
 POSTES
 ETIQUETAS
 FITAS
 ROLDANAS
 ANEIS GUIAS
26 ALÇAS</description>
				<styleUrl>#inline20991</styleUrl>
				<LineString>
					<tessellate>1</tessellate>
					<coordinates>
						-41.3198825010171,-21.78518806336286,0 -41.32052386845366,-21.78507888916335,0 -41.32061502738711,-21.78535154925942,0 -41.32059200748228,-21.78506620829505,0 -41.32122118852731,-21.78496317725473,0 -41.32185684302039,-21.78484208451947,0 -41.32194299238098,-21.78521308591902,0 -41.3219043566208,-21.78486242774649,0 -41.32222899722824,-21.78481559253185,0 -41.32230948533547,-21.7847206462936,0 
					</coordinates>
				</LineString>
			</Placemark>
		</Folder>
		<Folder>
			<name>ÁREA 1510</name>
			<visibility>0</visibility>
			<Placemark>
				<name>228M - 6F</name>
				<visibility>0</visibility>
				<description>276M - 6F C/RESERVA
11 POSTES
11 ETIQUETAS
11 FITAS
11 ROLDANAS
22 ANEIS GUIAS
10 ALÇAS</description>
				<styleUrl>#inline332291</styleUrl>
				<LineString>
					<tessellate>1</tessellate>
					<coordinates>
						-41.32310750938065,-21.788407237419,0 -41.32296934753445,-21.78801063376716,0 -41.32282031357546,-21.78722533956626,0 -41.32271432977852,-21.78672156123558,0 -41.32279725648473,-21.78667770011195,0 -41.32254044289467,-21.78670827683225,0 
					</coordinates>
				</LineString>
			</Placemark>
			<Placemark>
				<name>186M - 6F</name>
				<visibility>0</visibility>
				<description>234M - 6F C/RESERVA
9 POSTES
9 ETIQUETAS
9 FITAS
9 ROLDANAS
18 ANEIS GUIAS
8 ALÇAS</description>
				<styleUrl>#inline332307</styleUrl>
				<LineString>
					<tessellate>1</tessellate>
					<coordinates>
						-41.32381025676766,-21.78833690214181,0 -41.32371499287616,-21.78793098522472,0 -41.32350641788925,-21.78703366087558,0 -41.32343880438401,-21.78669607241083,0 
					</coordinates>
				</LineString>
			</Placemark>
			<Placemark>
				<name>236M - 6F</name>
				<visibility>0</visibility>
				<description>284M - 6F C/RESERVA
9 POSTES
9 ETIQUETAS
9 FITAS
9 ROLDANAS
18 ANEIS GUIAS
12 ALÇAS</description>
				<styleUrl>#inline332382</styleUrl>
				<LineString>
					<tessellate>1</tessellate>
					<coordinates>
						-41.32476958298257,-21.78817561273402,0 -41.32449753080999,-21.78822911923256,0 -41.32438309123138,-21.78767503654122,0 -41.32426911917928,-21.78701901317136,0 -41.32413496048316,-21.78648249015524,0 -41.3241704388623,-21.78639378846862,0 
					</coordinates>
				</LineString>
			</Placemark>
			<Placemark>
				<name>172M - 6F</name>
				<visibility>0</visibility>
				<description>204M - 6F C/RESERVA
14 POSTES
14 ETIQUETAS
14 FITAS
14 ROLDANAS
28 ANEIS GUIAS
6 ALÇAS</description>
				<styleUrl>#inline332154</styleUrl>
				<LineString>
					<tessellate>1</tessellate>
					<coordinates>
						-41.32534137552285,-21.78824905107606,0 -41.32516687099146,-21.78752401902045,0 -41.32498156100338,-21.78673659328904,0 
					</coordinates>
				</LineString>
			</Placemark>
			<Placemark>
				<name>323M - 12F</name>
				<visibility>0</visibility>
				<description>371M - 12F C/RESERVA
12 POSTES
12 ETIQUETAS
12 FITAS
12 ROLDANAS
24 ANEIS GUIAS
20 ALÇAS</description>
				<styleUrl>#inline332378</styleUrl>
				<LineString>
					<tessellate>1</tessellate>
					<coordinates>
						-41.32253729572238,-21.78669487636542,0 -41.32328194609989,-21.78656720460528,0 -41.32350550553882,-21.78652821508699,0 -41.32343404441129,-21.78667783200063,0 -41.32352277068543,-21.78654042209446,0 -41.32359285077229,-21.78648520389343,0 -41.32416901090233,-21.78639344926134,0 -41.32471380915652,-21.78629884424917,0 -41.32492676605964,-21.78650562163189,0 -41.32498109265271,-21.78673305274688,0 
					</coordinates>
				</LineString>
			</Placemark>
		</Folder>
		<Folder>
			<name>ÁREA 1511</name>
			<visibility>0</visibility>
			<Placemark>
				<name>215M - 6F</name>
				<visibility>0</visibility>
				<description>247M - 6F C/RESERVA
11 POSTES
11 ETIQUETAS
11 FITAS
11 ROLDANAS
22 ANEIS GUIAS
8 ALÇAS

RUA JOAQUIM DA SILVA RAMOS</description>
				<styleUrl>#inline332489</styleUrl>
				<LineString>
					<tessellate>1</tessellate>
					<coordinates>
						-41.3204815176252,-21.78768645975018,0 -41.32134296608142,-21.78797169343368,0 -41.32177613710382,-21.78809911506834,0 -41.32194111133055,-21.78811054652135,0 -41.32231225882531,-21.78803700128714,0 -41.32235756485252,-21.78818245005806,0 
					</coordinates>
				</LineString>
			</Placemark>
			<Placemark>
				<name>351M - 6F</name>
				<visibility>0</visibility>
				<description>399M - 6F C/RESERVA
13 POSTES
13 ETIQUETAS
13 FITAS
13 ROLDANAS
26 ANEIS GUIAS
12 ALÇAS</description>
				<styleUrl>#inline332407</styleUrl>
				<LineString>
					<tessellate>1</tessellate>
					<coordinates>
						-41.31991016401507,-21.78811219950963,0 -41.32087412530369,-21.78839550666006,0 -41.3216820448598,-21.7886545741983,0 -41.32193138286566,-21.78861987468893,0 -41.32223138267764,-21.78856410478429,0 -41.32243565899402,-21.78878100389973,0 -41.3223307331069,-21.78816938216311,0 
					</coordinates>
				</LineString>
			</Placemark>
			<Placemark>
				<name>121M - 6F</name>
				<visibility>0</visibility>
				<description>137M - 6F C/RESERVA
7 POSTES
7 ETIQUETAS
7 FITAS
7 ROLDANAS
14 ANEIS GUIAS
4 ALÇAS</description>
				<styleUrl>#inline332365</styleUrl>
				<LineString>
					<tessellate>1</tessellate>
					<coordinates>
						-41.32337727430175,-21.78955698369412,0 -41.32329861701609,-21.78919875505326,0 -41.32335058691049,-21.78909781338218,0 -41.32397159234117,-21.78898020439186,0 
					</coordinates>
				</LineString>
			</Placemark>
			<Placemark>
				<name>57M - 6F</name>
				<visibility>0</visibility>
				<description>73M - 6F C/RESERVA
3 POSTES
3 ETIQUETAS
3 FITAS
3 ROLDANAS
6 ANEIS GUIAS
4 ALÇAS

RUA SEM NOME 5</description>
				<styleUrl>#inline332393</styleUrl>
				<LineString>
					<tessellate>1</tessellate>
					<coordinates>
						-41.32271219777191,-21.78988282381304,0 -41.32269903983947,-21.7892507230337,0 -41.32261183638789,-21.78921681401949,0 
					</coordinates>
				</LineString>
			</Placemark>
			<Placemark>
				<name>272M - 6F</name>
				<visibility>0</visibility>
				<description>320M - 6F C/RESERVA
18 POSTES
18 ETIQUETAS
18 FITAS
18 ROLDANAS
36 ANEIS GUIAS
10 ALÇAS</description>
				<styleUrl>#inline3323000</styleUrl>
				<LineString>
					<tessellate>1</tessellate>
					<coordinates>
						-41.32505356521872,-21.78988282925141,0 -41.32412515094308,-21.79003057303663,0 -41.32412678765911,-21.79000968037395,0 -41.32443308952134,-21.78995806614046,0 -41.32431378579197,-21.78948769699926,0 -41.32418269675542,-21.78893791950371,0 -41.32397127949356,-21.78898133298574,0 
					</coordinates>
				</LineString>
			</Placemark>
			<Placemark>
				<name>61M - 6F</name>
				<visibility>0</visibility>
				<description>77M - 6F C/RESERVA
2 POSTES
2 ETIQUETAS
2 FITAS
2 ROLDANAS
4 ANEIS GUIAS
4 ALÇAS</description>
				<styleUrl>#inline69319</styleUrl>
				<LineString>
					<tessellate>1</tessellate>
					<coordinates>
						-41.32337453350141,-21.78956420200259,0 -41.32347799815668,-21.79000770985488,0 -41.32338817892492,-21.79009406829052,0 
					</coordinates>
				</LineString>
			</Placemark>
			<Placemark>
				<name>155M - 6F</name>
				<visibility>0</visibility>
				<description>171M - 6F C/RESERVA
9 POSTES
9 ETIQUETAS
9 FITAS
9 ROLDANAS
18 ANEIS GUIAS
8 ALÇAS</description>
				<styleUrl>#inline332451</styleUrl>
				<LineString>
					<tessellate>1</tessellate>
					<coordinates>
						-41.32561073602812,-21.78936271348021,0 -41.32547125682602,-21.78867447974731,0 -41.32483866102208,-21.78880005505205,0 -41.32397252618227,-21.78896739636335,0 
					</coordinates>
				</LineString>
			</Placemark>
			<Placemark>
				<name>358M - 12F</name>
				<visibility>0</visibility>
				<description>406M - 12F C/RESERVA
9 POSTES
9 ETIQUETAS
9 FITAS
9 ROLDANAS
18 ANEIS GUIAS
16 ALÇAS</description>
				<styleUrl>#inline332317</styleUrl>
				<LineString>
					<tessellate>1</tessellate>
					<coordinates>
						-41.32235805166405,-21.7881676446911,0 -41.32261855012688,-21.78922181936154,0 -41.32397331178458,-21.7889706740356,0 
					</coordinates>
				</LineString>
			</Placemark>
		</Folder>
		<Folder>
			<name>ÁREA 1512</name>
			<visibility>0</visibility>
			<Placemark>
				<name>272M - 6F</name>
				<visibility>0</visibility>
				<description>304M - 6F C/RESERVA
10 POSTES
10 ETIQUETAS
10 FITAS
10 ROLDANAS
20 ANEIS GUIAS
10 ALÇAS

RUA SEM NOME 6</description>
				<styleUrl>#inline332304</styleUrl>
				<LineString>
					<tessellate>1</tessellate>
					<coordinates>
						-41.32206050072188,-21.79168016273029,0 -41.32166695827528,-21.79089802084874,0 -41.32124590742612,-21.79013311065513,0 -41.32127647550425,-21.7900332423231,0 -41.32150293636699,-21.79013843800347,0 -41.32182719139525,-21.79012898095526,0 -41.32188009532729,-21.79020660398437,0 
					</coordinates>
				</LineString>
			</Placemark>
			<Placemark>
				<name>245M - 6F</name>
				<visibility>0</visibility>
				<description>277M - 6F C/RESERVA
11 POSTES
11 ETIQUETAS
11 FITAS
11 ROLDANAS
22 ANEIS GUIAS
8 ALÇAS

RUA SEM NOME 7</description>
				<styleUrl>#inline332346</styleUrl>
				<LineString>
					<tessellate>1</tessellate>
					<coordinates>
						-41.32285525666877,-21.79220694238608,0 -41.32261451026073,-21.79168452745039,0 -41.32226210679522,-21.79097794652825,0 -41.32186971406598,-21.79019796089241,0 
					</coordinates>
				</LineString>
			</Placemark>
			<Placemark>
				<name>212M - 6F</name>
				<visibility>0</visibility>
				<description>244M - 6F C/RESERVA
10 POSTES
10 ETIQUETAS
10 FITAS
10 ROLDANAS
20 ANEIS GUIAS
10 ALÇAS

RUA SEM NOME 8</description>
				<styleUrl>#inline332271</styleUrl>
				<LineString>
					<tessellate>1</tessellate>
					<coordinates>
						-41.32337474607784,-21.7920802190776,0 -41.32311506986503,-21.79156320163619,0 -41.32300349504737,-21.7914025574692,0 -41.32283530006129,-21.79101220417526,0 -41.3226667019339,-21.7906631784851,0 -41.32257850961835,-21.7904542448472,0 -41.32243955960578,-21.79020425212999,0 -41.32237404783765,-21.79009984908779,0 
					</coordinates>
				</LineString>
			</Placemark>
			<Placemark>
				<name>226M - 6F</name>
				<visibility>0</visibility>
				<description>258M - 6F C/RESERVA
12 POSTES
12 ETIQUETAS
12 FITAS
12 ROLDANAS
24 ANEIS GUIAS
10 ALÇAS

RUA SEM NOME 9</description>
				<styleUrl>#inline33215</styleUrl>
				<LineString>
					<tessellate>1</tessellate>
					<coordinates>
						-41.32446014123489,-21.79166020257428,0 -41.32397660577461,-21.79075253718284,0 -41.32384600651191,-21.79045858112971,0 -41.32362559997809,-21.79004484030072,0 -41.32336373139014,-21.79008465404475,0 
					</coordinates>
				</LineString>
			</Placemark>
			<Placemark>
				<name>238M - 6F</name>
				<visibility>0</visibility>
				<description>270M - 6F C/RESERVA
11 POSTES
11 ETIQUETAS
11 FITAS
11 ROLDANAS
22 ANEIS GUIAS
8 ALÇAS</description>
				<styleUrl>#inline332386</styleUrl>
				<LineString>
					<tessellate>1</tessellate>
					<coordinates>
						-41.32387735678225,-21.79192180634104,0 -41.3235916629983,-21.79135298183599,0 -41.32335405195997,-21.79087983458939,0 -41.32316241101685,-21.79055262432925,0 -41.3231170893884,-21.79033741081309,0 -41.32311192095843,-21.79020299456874,0 -41.32336880280425,-21.79007248369026,0 
					</coordinates>
				</LineString>
			</Placemark>
			<Placemark>
				<name>163M - 12F</name>
				<visibility>0</visibility>
				<description>195M - 12F C/RESERVA
9 POSTES
9 ETIQUETAS
9 FITAS
9 ROLDANAS
18 ANEIS GUIAS
10 ALÇAS</description>
				<styleUrl>#inline332478</styleUrl>
				<LineString>
					<tessellate>1</tessellate>
					<coordinates>
						-41.32186955858536,-21.79019372538888,0 -41.32187674488443,-21.79014214595267,0 -41.32198474686032,-21.79007376604133,0 -41.32237136457329,-21.79010003696026,0 -41.32255058691209,-21.79015450985597,0 -41.32271386242684,-21.79015193522009,0 -41.32335800426212,-21.79007601468212,0 
					</coordinates>
				</LineString>
			</Placemark>
		</Folder>
		<Folder>
			<name>ÁREA 1513</name>
			<visibility>0</visibility>
			<Placemark>
				<name>622M - 6F</name>
				<visibility>0</visibility>
				<description>670M - 6F C/RESERVA
15 POSTES
15 ETIQUETAS
15 FITAS
15 ROLDANAS
30 ANEIS GUIAS
12 ALÇAS</description>
				<styleUrl>#inline332334</styleUrl>
				<LineString>
					<tessellate>1</tessellate>
					<coordinates>
						-41.3235510247304,-21.79361609842826,0 -41.3242279390732,-21.79496360771551,0 -41.32451788594485,-21.79554551664355,0 -41.32459423525034,-21.79566862128465,0 -41.32471108844947,-21.79572856564839,0 -41.32509059379694,-21.79557917940132,0 -41.32542120648441,-21.79621731455775,0 -41.32460182428588,-21.79456375665489,0 
					</coordinates>
				</LineString>
			</Placemark>
			<Placemark>
				<name>376M - 6F</name>
				<visibility>0</visibility>
				<description>408M - 6F C/RESERVA
16 POSTES
16 ETIQUETAS
16 FITAS
16 ROLDANAS
32 ANEIS GUIAS
12 ALÇAS</description>
				<styleUrl>#inline332344</styleUrl>
				<LineString>
					<tessellate>1</tessellate>
					<coordinates>
						-41.32439362021602,-21.79293891573994,0 -41.32477301526374,-21.79369583991316,0 -41.32500902590025,-21.79421231419163,0 -41.32512635834826,-21.79444032177551,0 -41.32520223025546,-21.79459874603659,0 -41.3256238173593,-21.79533415408113,0 -41.32589646577845,-21.79603013941651,0 
					</coordinates>
				</LineString>
			</Placemark>
			<Placemark>
				<name>338M - 6F</name>
				<visibility>0</visibility>
				<description>370M - 6F C/RESERVA
9 POSTES
9 ETIQUETAS
9 FITAS
9 ROLDANAS
18 ANEIS GUIAS
12 ALÇAS</description>
				<styleUrl>#inline332331</styleUrl>
				<LineString>
					<tessellate>1</tessellate>
					<coordinates>
						-41.32509062024078,-21.79290404989944,0 -41.32524452024884,-21.79339598756594,0 -41.32544043686276,-21.79376031493118,0 -41.32575271583679,-21.7944073015839,0 -41.32617276049593,-21.79507996381739,0 -41.32616320139298,-21.79515966084419,0 -41.32643509734292,-21.79569848286403,0 
					</coordinates>
				</LineString>
			</Placemark>
			<Placemark>
				<name>554M - 6F</name>
				<visibility>0</visibility>
				<description>602M - 6F C/RESERVA
6 POSTES
6 ETIQUETAS
6 FITAS
6 ROLDANAS
12 ANEIS GUIAS
18 ALÇAS

RUA SEM NOME 10</description>
				<styleUrl>#inline332125</styleUrl>
				<LineString>
					<tessellate>1</tessellate>
					<coordinates>
						-41.32593605788227,-21.79258363334108,0 -41.32630176278713,-21.79334397064664,0 -41.32599356850992,-21.79348767472352,0 -41.32555416667675,-21.79276894879184,0 -41.32623550726026,-21.79415042954766,0 -41.32689895973535,-21.79545524754741,0 
					</coordinates>
				</LineString>
			</Placemark>
			<Placemark>
				<name>132M - 6F</name>
				<visibility>0</visibility>
				<description>148M - 6F C/RESERVA
4 POSTES
4 ETIQUETAS
4 FITAS
4 ROLDANAS
8 ANEIS GUIAS
6 ALÇAS</description>
				<styleUrl>#inline693110</styleUrl>
				<LineString>
					<tessellate>1</tessellate>
					<coordinates>
						-41.32386378132083,-21.79189438441196,0 -41.324063097343,-21.79232056537856,0 -41.32422196562201,-21.79268322615411,0 -41.32440528555517,-21.79297151413815,0 
					</coordinates>
				</LineString>
			</Placemark>
			<Placemark>
				<name>146M - 6F</name>
				<visibility>0</visibility>
				<description>162M - 6F C/RESERVA
6 POSTES
6 ETIQUETAS
6 FITAS
6 ROLDANAS
12 ANEIS GUIAS
6 ALÇAS</description>
				<styleUrl>#inline332453</styleUrl>
				<LineString>
					<tessellate>1</tessellate>
					<coordinates>
						-41.32460581997388,-21.79458308510338,0 -41.32442189448724,-21.79427105733297,0 -41.32426822115625,-21.79387678276952,0 -41.32402562219741,-21.79338499621388,0 
					</coordinates>
				</LineString>
			</Placemark>
			<Placemark>
				<name>610M - 12F</name>
				<visibility>0</visibility>
				<description>658M - 12F C/RESERVA
11 POSTES
11 ETIQUETAS
11 FITAS
11 ROLDANAS
22 ANEIS GUIAS
20 ALÇAS

RUA SEM NOME 11</description>
				<styleUrl>#inline332486</styleUrl>
				<LineString>
					<tessellate>1</tessellate>
					<coordinates>
						-41.32460508797838,-21.7945708890616,0 -41.32440194943572,-21.79413550632049,0 -41.32483775887667,-21.7939570434519,0 -41.32520840724017,-21.79461758945476,0 -41.32554187502404,-21.79526368040125,0 -41.32609800063258,-21.79502483371945,0 -41.32574705377446,-21.79440332626659,0 -41.32542952978567,-21.793678207522,0 -41.32589273735756,-21.79352795809118,0 -41.32624982216345,-21.79419223853042,0 
					</coordinates>
				</LineString>
			</Placemark>
		</Folder>
		<Folder>
			<name>ÁREA 1514</name>
			<visibility>0</visibility>
			<Placemark>
				<name>138M - 12F</name>
				<visibility>0</visibility>
				<description>154M - 12F C/RESERVA
3 POSTES
3 ETIQUETAS
3 FITAS
3 ROLDANAS
6 ANEIS GUIAS
0 BAP
8 ALÇAS</description>
				<styleUrl>#inline3801</styleUrl>
				<LineString>
					<tessellate>1</tessellate>
					<coordinates>
						-41.35068967068442,-21.80258779208958,0 -41.35048011342556,-21.80258270085146,0 -41.35058626647816,-21.80271243543898,0 -41.3507939775613,-21.80298762358366,0 -41.35082727294186,-21.80312020126897,0 -41.35045858867647,-21.80335841259277,0 
					</coordinates>
				</LineString>
			</Placemark>
			<Placemark>
				<name>303M - 6F</name>
				<visibility>0</visibility>
				<description>351M - 6F C/RESERVA
10 POSTES
10 ETIQUETAS
10 FITAS
10 ROLDANAS
20 ANEIS GUIAS
16 ALÇAS</description>
				<styleUrl>#inline212</styleUrl>
				<LineString>
					<tessellate>1</tessellate>
					<coordinates>
						-41.35199616201841,-21.8011408043316,0 -41.35089309023067,-21.80187711602843,0 -41.35023564687259,-21.80229192534751,0 -41.35047743367321,-21.80258504199526,0 -41.35051434681561,-21.80272616139253,0 -41.35069019239762,-21.8025939979904,0 
					</coordinates>
				</LineString>
			</Placemark>
			<Placemark>
				<name>108M - 6F</name>
				<visibility>0</visibility>
				<description>140M - 6F C/RESERVA
6 POSTES
6 ETIQUETAS
4 FITAS
4 ROLDANAS
8 ANEIS GUIAS
2 BAP
8 ALÇAS</description>
				<styleUrl>#inline1510</styleUrl>
				<LineString>
					<tessellate>1</tessellate>
					<coordinates>
						-41.35069019239762,-21.8025939979904,0 -41.35021392359801,-21.80291740629132,0 -41.35002522061757,-21.80282161454525,0 -41.3498908752761,-21.80263579564167,0 
					</coordinates>
				</LineString>
			</Placemark>
			<Placemark>
				<name>252M - 6F</name>
				<visibility>0</visibility>
				<description>300M - 6F C/RESERVA
9 POSTES
9 ETIQUETAS
9 FITAS
9 ROLDANAS
18 ANEIS GUIAS
0 BAP
10 ALÇAS</description>
				<styleUrl>#inline540</styleUrl>
				<LineString>
					<tessellate>1</tessellate>
					<coordinates>
						-41.3506910537843,-21.80259301603971,0 -41.35126441843315,-21.8022058943826,0 -41.3519100939997,-21.80180020777031,0 -41.35267982611782,-21.80127706114141,0 
					</coordinates>
				</LineString>
			</Placemark>
			<Placemark>
				<name>300M - 6F</name>
				<visibility>0</visibility>
				<description>348M - 6F C/RESERVA
12 POSTES
12 ETIQUETAS
9 FITAS
9 ROLDANAS
18 ANEIS GUIAS
3 BAP
14 ALÇAS</description>
				<styleUrl>#inline2010</styleUrl>
				<LineString>
					<tessellate>1</tessellate>
					<coordinates>
						-41.35045039848721,-21.80335769124213,0 -41.35135518991348,-21.80275030980492,0 -41.35228586047017,-21.80213146659679,0 -41.35280720691769,-21.80177846893158,0 
					</coordinates>
				</LineString>
			</Placemark>
			<Placemark>
				<name>66M - 6F</name>
				<visibility>0</visibility>
				<description>82M - 6F C/RESERVA
2 POSTES
2 ETIQUETAS
2 FITAS
2 ROLDANAS
4 ANEIS GUIAS
4 ALÇAS</description>
				<styleUrl>#inline12202</styleUrl>
				<LineString>
					<tessellate>1</tessellate>
					<coordinates>
						-41.35320713980976,-21.80093981514806,0 -41.35267762528429,-21.80127754171964,0 
					</coordinates>
				</LineString>
			</Placemark>
			<Placemark>
				<name>283M - 6F</name>
				<visibility>0</visibility>
				<description>315M - 6F C/RESERVA
12 POSTES
12 ETIQUETAS
12 FITAS
12 ROLDANAS
24 ANEIS GUIAS
18 ALÇAS</description>
				<styleUrl>#inline1041</styleUrl>
				<LineString>
					<tessellate>1</tessellate>
					<coordinates>
						-41.35280141608351,-21.80177619968588,0 -41.35375636214885,-21.80116667002643,0 -41.35393327765811,-21.80104215356457,0 -41.35397441907656,-21.80103290263737,0 -41.35458454605935,-21.80125289825575,0 -41.35451347651232,-21.80125704928754,0 -41.35404110840666,-21.80158230555605,0 
					</coordinates>
				</LineString>
			</Placemark>
		</Folder>
		<Folder>
			<name>ÁREA 1515</name>
			<visibility>0</visibility>
			<Placemark>
				<name>128M - 12F</name>
				<visibility>0</visibility>
				<description>144M - 12F C/RESERVA
3 POSTES
3 ETIQUETAS
3 FITAS
3 ROLDANAS
6 ANEIS GUIAS
0 BAP
8 ALÇAS</description>
				<styleUrl>#inline1600</styleUrl>
				<LineString>
					<tessellate>1</tessellate>
					<coordinates>
						-41.35226237582405,-21.80335062681764,0 -41.35239880164481,-21.80325165281023,0 -41.35235144245372,-21.8030934883558,0 -41.35215694733113,-21.80284653325034,0 -41.35169409621932,-21.80314606686421,0 
					</coordinates>
				</LineString>
			</Placemark>
			<Placemark>
				<name>231M - 6F</name>
				<visibility>0</visibility>
				<description>263M - 6F C/RESERVA
7 POSTES
7 ETIQUETAS
5 FITAS
5 ROLDANAS
10 ANEIS GUIAS
2 BAP
14 ALÇAS</description>
				<styleUrl>#inline47</styleUrl>
				<LineString>
					<tessellate>1</tessellate>
					<coordinates>
						-41.35045472141,-21.80335315983472,0 -41.35086543624787,-21.8030949363227,0 -41.35108559558303,-21.80337714922937,0 -41.35114920546027,-21.80350031374759,0 -41.35091560975474,-21.80363859769817,0 -41.35169538587923,-21.8031453068628,0 
					</coordinates>
				</LineString>
			</Placemark>
			<Placemark>
				<name>183M - 6F</name>
				<visibility>0</visibility>
				<description>215M - 6F C/RESERVA
7 POSTES
7 ETIQUETAS
4 FITAS
4 ROLDANAS
8 ANEIS GUIAS
3 BAP
8 ALÇAS</description>
				<styleUrl>#inline29100</styleUrl>
				<LineString>
					<tessellate>1</tessellate>
					<coordinates>
						-41.35169128722249,-21.80314394270469,0 -41.35253875929578,-21.80257311647075,0 -41.35312264015948,-21.80217925838921,0 
					</coordinates>
				</LineString>
			</Placemark>
			<Placemark>
				<name>135M - 6F</name>
				<visibility>0</visibility>
				<description>167M - 6F C/RESERVA
5 POSTES
5 ETIQUETAS
5 FITAS
5 ROLDANAS
10 ANEIS GUIAS
0 BAP
4 ALÇAS</description>
				<styleUrl>#inline1341</styleUrl>
				<LineString>
					<tessellate>1</tessellate>
					<coordinates>
						-41.35226392770715,-21.80335289692878,0 -41.35169201038418,-21.80373252623464,0 -41.35119575340997,-21.80404849790007,0 
					</coordinates>
				</LineString>
			</Placemark>
			<Placemark>
				<name>150M - 6F</name>
				<visibility>0</visibility>
				<description>182M - 6F C/RESERVA
6 POSTES
6 ETIQUETAS
4 FITAS
4 ROLDANAS
8 ANEIS GUIAS
2 BAP
8 ALÇAS</description>
				<styleUrl>#inline178</styleUrl>
				<LineString>
					<tessellate>1</tessellate>
					<coordinates>
						-41.35226629459467,-21.80335468674891,0 -41.35287727385418,-21.80293951472757,0 -41.35344811575005,-21.80257049772827,0 
					</coordinates>
				</LineString>
			</Placemark>
			<Placemark>
				<name>201M - 6F</name>
				<visibility>0</visibility>
				<description>233M - 6F C/RESERVA
8 POSTES
8 ETIQUETAS
6 FITAS
6 ROLDANAS
12 ANEIS GUIAS
2 BAP
10 ALÇAS</description>
				<styleUrl>#inline213</styleUrl>
				<LineString>
					<tessellate>1</tessellate>
					<coordinates>
						-41.35226758783047,-21.80335657850788,0 -41.3524037086016,-21.80326468431127,0 -41.352469555065,-21.8032715270222,0 -41.35264485619706,-21.80349642001066,0 -41.35285937335997,-21.80342473153706,0 -41.3525666327731,-21.80361550021503,0 -41.35190089235945,-21.80406625454181,0 
					</coordinates>
				</LineString>
			</Placemark>
			<Placemark>
				<name>107M - 6F</name>
				<visibility>0</visibility>
				<description>123M - 6F C/RESERVA
2 POSTES
2 ETIQUETAS
2 FITAS
2 ROLDANAS
4 ANEIS GUIAS
0 BAP
4 ALÇAS</description>
				<styleUrl>#inline1321</styleUrl>
				<LineString>
					<tessellate>1</tessellate>
					<coordinates>
						-41.35254759162064,-21.80364378138254,0 -41.35338808343187,-21.80308232557703,0 
					</coordinates>
				</LineString>
			</Placemark>
			<Placemark>
				<name>151M - 6F</name>
				<visibility>0</visibility>
				<description>183M - 6F C/RESERVA
5 POSTES
5 ETIQUETAS
5 FITAS
5 ROLDANAS
10 ANEIS GUIAS
6 ALÇAS</description>
				<styleUrl>#inline55</styleUrl>
				<LineString>
					<tessellate>1</tessellate>
					<coordinates>
						-41.35344082084259,-21.80257117056548,0 -41.35408375968772,-21.80213993733562,0 -41.35462340476252,-21.80177689303621,0 
					</coordinates>
				</LineString>
			</Placemark>
			<Placemark>
				<name>230M - 6F</name>
				<visibility>0</visibility>
				<description>262M - 6F C/RESERVA
7 POSTES
7 ETIQUETAS
7 FITAS
7 ROLDANAS
14 ANEIS GUIAS
8 ALÇAS</description>
				<styleUrl>#inline1543</styleUrl>
				<LineString>
					<tessellate>1</tessellate>
					<coordinates>
						-41.35338235608108,-21.80309073294671,0 -41.35471490081687,-21.80222227168134,0 -41.35520080757687,-21.80189359856562,0 
					</coordinates>
				</LineString>
			</Placemark>
			<Placemark>
				<name>120M - 12FO</name>
				<visibility>0</visibility>
				<description>140M - 12F C/RESERVA
10 ALÇAS

LANÇAR NOVA ROTA PARA SUBSTITUIR CABO DE 6FO</description>
				<styleUrl>#inline2130</styleUrl>
				<LineString>
					<tessellate>1</tessellate>
					<coordinates>
						-41.35226159054039,-21.80335923956076,0 -41.3524037086016,-21.80326468431127,0 -41.352469555065,-21.8032715270222,0 -41.35264485619706,-21.80349642001066,0 -41.35285937335997,-21.80342473153706,0 -41.35253823814406,-21.80363399801474,0 
					</coordinates>
				</LineString>
			</Placemark>
		</Folder>
		<Folder>
			<name>ÁREA 1516</name>
			<visibility>0</visibility>
			<Placemark>
				<name>380M - 6FO</name>
				<visibility>0</visibility>
				<styleUrl>#inline180</styleUrl>
				<LineString>
					<tessellate>1</tessellate>
					<coordinates>
						-41.31865609318779,-21.77330565389284,0 -41.31873743244561,-21.77321201590347,0 -41.31880994867013,-21.77321200234824,0 -41.3188099306089,-21.77312987707339,0 -41.31896026952906,-21.77313313387906,0 -41.31895674592437,-21.77319554972876,0 -41.31900803884071,-21.77320046756269,0 -41.31905402457569,-21.77320045886855,0 -41.31905047162779,-21.773129831865,0 -41.31919019779419,-21.77313144785611,0 -41.31918844801613,-21.77321685838579,0 -41.3192698080769,-21.77322012787542,0 -41.31926625397126,-21.77314457336861,0 -41.31940597901976,-21.77314126158696,0 -41.31940422894647,-21.77322502961941,0 -41.31945198445085,-21.77322994793794,0 -41.319517425321,-21.77322829281939,0 -41.31951740667601,-21.773144525095,0 -41.31963944582941,-21.77314450143041,0 -41.3196376895845,-21.77320034695244,0 -41.31987292685251,-21.77320851355759,0 -41.31987471324989,-21.77328735349471,0 -41.31980396562722,-21.77328736732158,0 -41.31981105403384,-21.77334813860955,0 -41.3198075332572,-21.77342205198285,0 -41.31988181835401,-21.77342203752168,0 -41.31988006672359,-21.77349759308969,0 -41.31963421652235,-21.77348778570217,0 -41.31963953661266,-21.77355019979223,0 -41.31951219075649,-21.77354858181475,0 -41.31951571527762,-21.77349109355238,0 -41.31946265288875,-21.77348289124599,0 -41.31940959235169,-21.77348290143561,0 -41.31940960698329,-21.77354860151559,0 -41.31927695670596,-21.77355355441814,0 -41.31927693959478,-21.77347635683561,0 -41.31917258724775,-21.77347637675231,0 -41.31917083125862,-21.773533864655,0 -41.31905763576075,-21.77353552870432,0 -41.31905762420079,-21.77348296863083,0 -41.31900456292723,-21.77347969369701,0 
					</coordinates>
				</LineString>
			</Placemark>
		</Folder>
		<Folder>
			<name>ÁREA 1517</name>
			<visibility>0</visibility>
			<Placemark>
				<name>131M - 6FO</name>
				<visibility>0</visibility>
				<description>147M - 6FO C/RESERVA
5 POSTES
5 ETIQUETAS
5 FITAS
5 ROLDANAS
10 ANEIS GUIAS
6 ALÇAS</description>
				<styleUrl>#inline1914</styleUrl>
				<LineString>
					<tessellate>1</tessellate>
					<coordinates>
						-41.35075506256621,-21.76475953658937,0 -41.3502577972253,-21.76560037386663,0 -41.3500241366254,-21.7655990567234,0 
					</coordinates>
				</LineString>
			</Placemark>
			<Placemark>
				<name>120M - 6FO</name>
				<visibility>0</visibility>
				<description>136M - 6FO C/RESERVA
4 POSTES
4 ETIQUETAS
4 FITAS
4 ROLDANAS
8 ANEIS GUIAS
4 ALÇAS</description>
				<styleUrl>#inline195</styleUrl>
				<LineString>
					<tessellate>1</tessellate>
					<coordinates>
						-41.35152179114095,-21.76479887544901,0 -41.35094171116235,-21.76573261201429,0 
					</coordinates>
				</LineString>
			</Placemark>
			<Placemark>
				<name>88M - 6FO</name>
				<visibility>0</visibility>
				<description>104M - 6FO C/RESERVA
3 POSTES
3 ETIQUETAS
3 FITAS
3 ROLDANAS
6 ANEIS GUIAS
2 ALÇAS</description>
				<styleUrl>#inline1911</styleUrl>
				<LineString>
					<tessellate>1</tessellate>
					<coordinates>
						-41.35201854301132,-21.76528243313832,0 -41.3515979724743,-21.76596978652003,0 
					</coordinates>
				</LineString>
			</Placemark>
			<Placemark>
				<name>84M - 6FO</name>
				<visibility>0</visibility>
				<description>100M - 6FO C/RESERVA
3 POSTES
3 ETIQUETAS
3 FITAS
3 ROLDANAS
6 ANEIS GUIAS
2 ALÇAS</description>
				<styleUrl>#inline194</styleUrl>
				<LineString>
					<tessellate>1</tessellate>
					<coordinates>
						-41.35260500321425,-21.76558494671798,0 -41.35220629184906,-21.76624276998858,0 
					</coordinates>
				</LineString>
			</Placemark>
			<Placemark>
				<name>87M - 6FO</name>
				<visibility>0</visibility>
				<description>103M - 6FO C/RESERVA
3 POSTES
3 ETIQUETAS
3 FITAS
3 ROLDANAS
6 ANEIS GUIAS
2 ALÇAS</description>
				<styleUrl>#inline193</styleUrl>
				<LineString>
					<tessellate>1</tessellate>
					<coordinates>
						-41.35320484501383,-21.76589489862604,0 -41.35279147377773,-21.76657409669752,0 
					</coordinates>
				</LineString>
			</Placemark>
			<Placemark>
				<name>79M - 6FO</name>
				<visibility>0</visibility>
				<description>95M - 6FO C/RESERVA
3 POSTES
3 ETIQUETAS
3 FITAS
3 ROLDANAS
6 ANEIS GUIAS
2 ALÇAS</description>
				<styleUrl>#inline1912</styleUrl>
				<LineString>
					<tessellate>1</tessellate>
					<coordinates>
						-41.35377378659239,-21.76622495361139,0 -41.35340195902005,-21.76684358800215,0 
					</coordinates>
				</LineString>
			</Placemark>
			<Placemark>
				<name>255M - 6FO</name>
				<visibility>0</visibility>
				<description>287M - 6FO C/RESERVA
7 POSTES
7 ETIQUETAS
7 FITAS
7 ROLDANAS
14 ANEIS GUIAS
12 ALÇAS</description>
				<styleUrl>#inline1915</styleUrl>
				<LineString>
					<tessellate>1</tessellate>
					<coordinates>
						-41.35439088743063,-21.76652520396866,0 -41.35403280387623,-21.76712193069841,0 -41.35390133389986,-21.76732634800899,0 -41.35370241406744,-21.76753693967423,0 -41.35311924530716,-21.76723022244214,0 -41.35323199533378,-21.76712529644169,0 -41.35340836915312,-21.76684259710966,0 
					</coordinates>
				</LineString>
			</Placemark>
			<Placemark>
				<name>317M - 6FO</name>
				<visibility>0</visibility>
				<description>345M - 6FO C/RESERVA
12 POSTES
12 ETIQUETAS
12 FITAS
12 ROLDANAS
24 ANEIS GUIAS
14 ALÇAS</description>
				<styleUrl>#inline192</styleUrl>
				<LineString>
					<tessellate>1</tessellate>
					<coordinates>
						-41.35001877789081,-21.76559777614473,0 -41.34942001626835,-21.76529042125131,0 -41.34899958686265,-21.76567926467807,0 -41.34894664527833,-21.76577180587049,0 -41.35041449565382,-21.76653649928407,0 
					</coordinates>
				</LineString>
			</Placemark>
			<Placemark>
				<name>67M - 6FO</name>
				<visibility>0</visibility>
				<description>83M - 6F C/RESERVA
2 ALÇAS</description>
				<styleUrl>#inline23916050008</styleUrl>
				<LineString>
					<tessellate>1</tessellate>
					<coordinates>
						-41.35080740303644,-21.76768429458095,0 -41.35023683930709,-21.76738726663211,0 
					</coordinates>
				</LineString>
			</Placemark>
			<Placemark>
				<name>803M - 12FO</name>
				<visibility>0</visibility>
				<description>883M - 12FO C/RESERVA
21 POSTES
21 ETIQUETAS
21 FITAS
21 ROLDANAS
42 ANEIS GUIAS
48 ALÇAS</description>
				<styleUrl>#inline1913</styleUrl>
				<LineString>
					<tessellate>1</tessellate>
					<coordinates>
						-41.35001906604511,-21.76559956466413,0 -41.35065943275565,-21.7659264900767,0 -41.3508296292466,-21.76590610916714,0 -41.35094344190887,-21.76571434136818,0 -41.35095880138911,-21.76572299786669,0 -41.35084098215965,-21.76592041532692,0 -41.35067405494431,-21.76594235210415,0 -41.35127406353506,-21.76624050492762,0 -41.35142744018545,-21.76622230697058,0 -41.3515901892835,-21.76595222379267,0 -41.35160981299593,-21.76596463599752,0 -41.35143903975508,-21.766240809541,0 -41.35129195382322,-21.76625689069796,0 -41.35188755710298,-21.76656691270061,0 -41.35202508814413,-21.76653103670884,0 -41.35219079012361,-21.7662527777629,0 -41.3522097412483,-21.76626288123876,0 -41.3520388336427,-21.76654616492284,0 -41.35190624853908,-21.7665796168383,0 -41.35248333742434,-21.76688761317908,0 -41.35264118600687,-21.76680879160243,0 -41.35279397940317,-21.76657114756603,0 -41.35281108931754,-21.76658163885974,0 -41.35265749491398,-21.76682296448993,0 -41.35249711984803,-21.76689633052218,0 -41.35310332222166,-21.76721357738412,0 -41.35321520203618,-21.7671184654443,0 -41.3533958640412,-21.76683135072421,0 
					</coordinates>
				</LineString>
			</Placemark>
			<Placemark>
				<name>340M - 12FO</name>
				<visibility>0</visibility>
				<description>408M - 12F C/RESERVA
11 POSTES
11 ETIQUETAS
11 FITAS
11 ROLDANAS
22 ANEIS GUIAS
18 ALÇAS</description>
				<styleUrl>#inline2391605001</styleUrl>
				<LineString>
					<tessellate>1</tessellate>
					<coordinates>
						-41.35023301555799,-21.76738836687622,0 -41.35058102936748,-21.76680672825301,0 -41.35068575260285,-21.76671237670736,0 -41.35040563031967,-21.76653221595076,0 -41.35040817363925,-21.76658694522362,0 -41.34977781591868,-21.76766455712328,0 -41.34933945012168,-21.76760484531708,0 -41.34927890047092,-21.76785076447855,0 
					</coordinates>
				</LineString>
			</Placemark>
		</Folder>
		<Folder>
			<name>ÁREA 1518</name>
			<visibility>0</visibility>
			<Placemark>
				<name>139M - 6FO</name>
				<visibility>0</visibility>
				<description>110M - 6FO CX 11 A CX 2
60M 6FO - CX 1 A CX 2</description>
				<styleUrl>#inline332384</styleUrl>
				<LineString>
					<tessellate>1</tessellate>
					<coordinates>
						-41.3297776977954,-21.77588445766355,0 -41.32973040469884,-21.77608197694823,0 -41.32945420093171,-21.77618438352948,0 -41.3294112674775,-21.77607687318885,0 -41.32923824347272,-21.77614262049989,0 -41.32923075576011,-21.77612090821973,0 -41.32961594351035,-21.7759781633634,0 
					</coordinates>
				</LineString>
			</Placemark>
			<Placemark>
				<name>100M - 6FO</name>
				<visibility>0</visibility>
				<description>220M - 6FO C/RESERVA
50M - 6FO (LANCE ENTRE OS BLOCOS)</description>
				<styleUrl>#inline33220162</styleUrl>
				<LineString>
					<tessellate>1</tessellate>
					<coordinates>
						-41.33064622058734,-21.77818799233372,0 -41.33054092821055,-21.77826693826533,0 -41.33050262185672,-21.77816832741125,0 -41.33041021610577,-21.77809531892997,0 -41.33023702165683,-21.77815224407799,0 -41.33002218391066,-21.77822311886766,0 -41.32985211208101,-21.77827899753024,0 
					</coordinates>
				</LineString>
			</Placemark>
			<Placemark>
				<name>67M - 6FO</name>
				<visibility>0</visibility>
				<description>130M - 6FO C/RESERVA
70M (LANCE ENTRE CAIXAS)</description>
				<styleUrl>#inline33220160</styleUrl>
				<LineString>
					<tessellate>1</tessellate>
					<coordinates>
						-41.33064872579891,-21.77819641679383,0 -41.33054492466876,-21.77827854209146,0 -41.33046529412574,-21.77835219812253,0 -41.33009041975844,-21.77847449776818,0 
					</coordinates>
				</LineString>
			</Placemark>
			<Placemark>
				<name>263M - 6F</name>
				<visibility>0</visibility>
				<description>295M - 6F C/RESERVA
12 POSTES
12 ETIQUETAS
12 FITAS
12 ROLDANAS
24 ANEIS GUIAS
8 ALÇAS</description>
				<styleUrl>#inline332294</styleUrl>
				<LineString>
					<tessellate>1</tessellate>
					<coordinates>
						-41.33231381968837,-21.77757379247531,0 -41.33212548328909,-21.77701539743867,0 -41.33215256447332,-21.7769885395739,0 -41.33281614360892,-21.77678441159143,0 -41.33283272345295,-21.77665053729714,0 -41.33293682154189,-21.77695701518041,0 -41.33294982061079,-21.77694955327036,0 -41.33259300599311,-21.77591640807402,0 
					</coordinates>
				</LineString>
			</Placemark>
			<Placemark>
				<name>206M - 6F</name>
				<visibility>0</visibility>
				<description>222M - 6F C/RESERVA
6 POSTES
6 ETIQUETAS
6 FITAS
6 ROLDANAS
12 ANEIS GUIAS
6 ALÇAS</description>
				<styleUrl>#inline3323840</styleUrl>
				<LineString>
					<tessellate>1</tessellate>
					<coordinates>
						-41.32977103484776,-21.77587241981481,0 -41.330161529432,-21.77688402135708,0 -41.33023113446237,-21.77697214968891,0 -41.33091204647501,-21.77674342064135,0 
					</coordinates>
				</LineString>
			</Placemark>
			<Placemark>
				<name>20M - 6FO</name>
				<visibility>0</visibility>
				<description>36M - 6FO C/RESERVA</description>
				<styleUrl>#inline33220163</styleUrl>
				<LineString>
					<tessellate>1</tessellate>
					<coordinates>
						-41.33059315511038,-21.77801650200431,0 -41.33064607737508,-21.77818500403043,0 
					</coordinates>
				</LineString>
			</Placemark>
			<Placemark>
				<name>220M - 12FO</name>
				<visibility>0</visibility>
				<description>240M - 12FO C/RESERVA</description>
				<styleUrl>#inline33220161</styleUrl>
				<LineString>
					<tessellate>1</tessellate>
					<coordinates>
						-41.33092356885273,-21.77675643106489,0 -41.3301971389237,-21.77700169817505,0 -41.33064665083361,-21.77819318372914,0 
					</coordinates>
				</LineString>
			</Placemark>
			<Placemark>
				<name>220M - 12FO</name>
				<visibility>0</visibility>
				<description>252M - 12FO C/RESERVA
21 POSTES
21 ETIQUETAS
21 FITAS
21 ROLDANAS
42 ANEIS GUIAS
16 ALÇAS</description>
				<styleUrl>#inline332660</styleUrl>
				<LineString>
					<tessellate>1</tessellate>
					<coordinates>
						-41.33091833434809,-21.77674452064333,0 -41.33195999094286,-21.77639227281525,0 -41.33265479360208,-21.77616292366582,0 -41.33256404343528,-21.77591694759122,0 
					</coordinates>
				</LineString>
			</Placemark>
			<Placemark>
				<name>62M - 6FO</name>
				<visibility>0</visibility>
				<description>100M - 6FO C/RESERVA
3 ALÇAS</description>
				<styleUrl>#msn_ylw-pushpin100</styleUrl>
				<LineString>
					<tessellate>1</tessellate>
					<coordinates>
						-41.33037148978742,-21.77778350625097,0 -41.3304644957335,-21.7777540103255,0 -41.33064143320899,-21.77819042967648,0 
					</coordinates>
				</LineString>
			</Placemark>
			<Placemark>
				<name>46M - 6FO</name>
				<visibility>0</visibility>
				<description>60M - 6FO C/RESERVA</description>
				<styleUrl>#msn_ylw-pushpin370</styleUrl>
				<LineString>
					<tessellate>1</tessellate>
					<coordinates>
						-41.33024610866119,-21.77768030419071,0 -41.33013421602801,-21.77771314256422,0 -41.33017356245495,-21.77781790695691,0 -41.33032642631308,-21.7777689351292,0 -41.33036975722376,-21.77778371888098,0 
					</coordinates>
				</LineString>
			</Placemark>
			<Placemark>
				<name>21M - 6FO</name>
				<visibility>0</visibility>
				<description>40M - 6FO C/RESERVA</description>
				<styleUrl>#msn_ylw-pushpin211</styleUrl>
				<LineString>
					<tessellate>1</tessellate>
					<coordinates>
						-41.33030058830726,-21.77791620060668,0 -41.33028153916731,-21.77786804631444,0 -41.3303707746183,-21.77783851867236,0 -41.33036908177895,-21.77778474310427,0 
					</coordinates>
				</LineString>
			</Placemark>
			<Placemark>
				<name>200M - 6FO</name>
				<visibility>0</visibility>
				<description>220M - 6FO C/RESERVA
REMOVER ROTA</description>
				<styleUrl>#inline3322016</styleUrl>
				<LineString>
					<tessellate>1</tessellate>
					<coordinates>
						-41.33091165548919,-21.77673722172259,0 -41.33016939886286,-21.77698587211101,0 -41.33056027345842,-21.77802583864997,0 
					</coordinates>
				</LineString>
			</Placemark>
		</Folder>
		<Folder>
			<name>ÁREA 1519</name>
			<visibility>0</visibility>
			<Placemark>
				<name>394M - 6F</name>
				<visibility>0</visibility>
				<description>442M - 6F C/RESERVA
12 POSTES
12 ETIQUETAS
12 FITAS
12 ROLDANAS
24 ANEIS GUIAS
10 ALÇAS</description>
				<styleUrl>#inline4921</styleUrl>
				<LineString>
					<tessellate>1</tessellate>
					<coordinates>
						-41.31317748069358,-21.77178630221168,0 -41.31387572515055,-21.77285804752087,0 -41.31381590476715,-21.772957556607,0 -41.31382267561799,-21.77296205003222,0 -41.31388281152384,-21.77286831868203,0 -41.31442456937351,-21.77371814788126,0 -41.31484354599222,-21.77437543198358,0 
					</coordinates>
				</LineString>
			</Placemark>
			<Placemark>
				<name>24M - 6FO</name>
				<visibility>0</visibility>
				<styleUrl>#inline429901</styleUrl>
				<LineString>
					<tessellate>1</tessellate>
					<coordinates>
						-41.31435347001997,-21.77333699773416,0 -41.31429234724556,-21.77324141580723,0 -41.3142344524311,-21.77315395098039,0 
					</coordinates>
				</LineString>
			</Placemark>
			<Placemark>
				<name>61M - 6FO</name>
				<visibility>0</visibility>
				<styleUrl>#inline429907</styleUrl>
				<LineString>
					<tessellate>1</tessellate>
					<coordinates>
						-41.31435263443194,-21.77333249481659,0 -41.31465577414166,-21.77317637989036,0 -41.3145919017466,-21.77307340374424,0 -41.31452862235699,-21.77298104485741,0 
					</coordinates>
				</LineString>
			</Placemark>
			<Placemark>
				<name>54M - 12FO</name>
				<visibility>0</visibility>
				<styleUrl>#inline429902</styleUrl>
				<LineString>
					<tessellate>1</tessellate>
					<coordinates>
						-41.31444464945888,-21.77371141579558,0 -41.31427948916539,-21.77344396825137,0 -41.31438487049365,-21.77338281575557,0 -41.31435155614093,-21.77333410633858,0 
					</coordinates>
				</LineString>
			</Placemark>
			<Placemark>
				<name>165M - 12F</name>
				<visibility>0</visibility>
				<description>200M - 12F C/RESERVA
10 POSTES
10 ETIQUETAS
10 FITAS
10 ROLDANAS
20 ANEIS GUIAS
12 ALÇAS</description>
				<styleUrl>#inline42990</styleUrl>
				<LineString>
					<tessellate>1</tessellate>
					<coordinates>
						-41.31574627457377,-21.77533935986813,0 -41.31558200996382,-21.77544870203788,0 -41.31553278970059,-21.77542912611909,0 -41.31544943943225,-21.77530512823335,0 -41.31483054047528,-21.7743653130176,0 
					</coordinates>
				</LineString>
			</Placemark>
		</Folder>
		<Folder>
			<name>ÁREA 1520</name>
			<visibility>0</visibility>
			<Placemark>
				<name>160M - 6FO</name>
				<visibility>0</visibility>
				<description>180M - 6F C/RESERVA
9 POSTES
9 ETIQUETAS
9 FITAS
9 ROLDANAS
18 ANEIS GUIAS
10 ALÇAS</description>
				<styleUrl>#inline621360</styleUrl>
				<LineString>
					<tessellate>1</tessellate>
					<coordinates>
						-41.32787482933908,-21.76621687898894,0 -41.32777437494147,-21.7658267313649,0 -41.32765473451629,-21.76551736906105,0 -41.32735071574236,-21.76486143074984,0 
					</coordinates>
				</LineString>
			</Placemark>
			<Placemark>
				<name>70M - 6FO</name>
				<visibility>0</visibility>
				<styleUrl>#inline621373</styleUrl>
				<LineString>
					<tessellate>1</tessellate>
					<coordinates>
						-41.32772373620071,-21.7646667875638,0 -41.32777924495562,-21.764802157632,0 -41.32756820858989,-21.76487663627521,0 -41.32753161596109,-21.764786233083,0 -41.32749496125417,-21.76470451457934,0 -41.32746349793786,-21.76461537143291,0 
					</coordinates>
				</LineString>
			</Placemark>
			<Placemark>
				<name>66M - 6FO</name>
				<visibility>0</visibility>
				<styleUrl>#inline621374</styleUrl>
				<LineString>
					<tessellate>1</tessellate>
					<coordinates>
						-41.32773594327892,-21.7646528857201,0 -41.32779668257339,-21.76478962301224,0 -41.32796592818583,-21.76472063883804,0 -41.32792752430075,-21.76462937004855,0 -41.32789187453999,-21.76454592410957,0 -41.32785715878011,-21.76446070462137,0 
					</coordinates>
				</LineString>
			</Placemark>
			<Placemark>
				<name>60M - 12FO</name>
				<visibility>0</visibility>
				<styleUrl>#inline621378</styleUrl>
				<LineString>
					<tessellate>1</tessellate>
					<coordinates>
						-41.32735044880009,-21.76485303109532,0 -41.32738584282479,-21.76473192468081,0 -41.32733222614146,-21.76460652194339,0 -41.32765015182574,-21.76448135188513,0 -41.32772937477566,-21.76466507069865,0 
					</coordinates>
				</LineString>
			</Placemark>
		</Folder>
		<Folder>
			<name>ÁREA 1521</name>
			<visibility>0</visibility>
			<Placemark>
				<name>270M - 6F</name>
				<visibility>0</visibility>
				<description>302M C/RESERVA
10 POSTES
10 ETIQUETAS
10 FITAS
10 ROLDANAS
20 ANEIS GUIAS
8 ALÇAS</description>
				<styleUrl>#inline13290</styleUrl>
				<LineString>
					<tessellate>1</tessellate>
					<coordinates>
						-41.31452781384336,-21.7826133848449,0 -41.31446280317238,-21.78264155739555,0 -41.31440162456283,-21.78325568877538,0 -41.31377378886412,-21.78325486762141,0 -41.31377116070781,-21.78326976914063,0 -41.31504070826296,-21.78327208625792,0 
					</coordinates>
				</LineString>
			</Placemark>
			<Placemark>
				<name>62M - 6FO</name>
				<visibility>0</visibility>
				<description>75M - 6FO C/RESERVA</description>
				<styleUrl>#inline693156</styleUrl>
				<LineString>
					<tessellate>1</tessellate>
					<coordinates>
						-41.31358050698717,-21.78382878870057,0 -41.31365654784227,-21.78382735349079,0 -41.3136727885319,-21.78333845358684,0 
					</coordinates>
				</LineString>
			</Placemark>
			<Placemark>
				<name>44M - 6FO</name>
				<visibility>0</visibility>
				<description>60M - 6FO C/RESERVA</description>
				<styleUrl>#inline6931565</styleUrl>
				<LineString>
					<tessellate>1</tessellate>
					<coordinates>
						-41.31352863464313,-21.78363109275614,0 -41.31364434431776,-21.78363185217519,0 -41.31365377837688,-21.78333881240001,0 
					</coordinates>
				</LineString>
			</Placemark>
			<Placemark>
				<name>31M - 6FO</name>
				<visibility>0</visibility>
				<description>60M - 6FO C/RESERVA</description>
				<styleUrl>#inline6931561</styleUrl>
				<LineString>
					<tessellate>1</tessellate>
					<coordinates>
						-41.31360016745822,-21.78342370935196,0 -41.31352092626173,-21.78342373326557,0 -41.31352549204066,-21.78334270535717,0 -41.31366176367169,-21.78334160503315,0 
					</coordinates>
				</LineString>
			</Placemark>
			<Placemark>
				<name>35M - 6FO</name>
				<visibility>0</visibility>
				<description>60M - 6FO C/RESERVA</description>
				<styleUrl>#inline6931564</styleUrl>
				<LineString>
					<tessellate>1</tessellate>
					<coordinates>
						-41.31343217996042,-21.78342393653022,0 -41.31348607429608,-21.78342439104124,0 -41.31348854073337,-21.78331985606372,0 -41.31365652814089,-21.7833196288259,0 
					</coordinates>
				</LineString>
			</Placemark>
			<Placemark>
				<name>24M - 12FO</name>
				<visibility>0</visibility>
				<styleUrl>#inline132900</styleUrl>
				<LineString>
					<tessellate>1</tessellate>
					<coordinates>
						-41.31377107954911,-21.78325874086069,0 -41.31362788252881,-21.78326051844325,0 -41.31366147129139,-21.78333693566872,0 
					</coordinates>
				</LineString>
			</Placemark>
		</Folder>
		<Folder>
			<name>ÁREA 1522</name>
			<visibility>0</visibility>
			<Placemark>
				<name>71M - 6FO</name>
				<visibility>0</visibility>
				<description>87M - 6FO C/RESERVA
2 POSTES
2 ETIQUETAS
2 FITAS
2 ROLDANAS
4 ANEIS GUIAS
2 ALÇAS</description>
				<styleUrl>#msn_ylw-pushpin320</styleUrl>
				<LineString>
					<tessellate>1</tessellate>
					<coordinates>
						-41.35259331719381,-21.80432284980181,0 -41.35203297790757,-21.80469931330225,0 
					</coordinates>
				</LineString>
			</Placemark>
			<Placemark>
				<name>91M - 6FO</name>
				<visibility>0</visibility>
				<description>107M - 6FO C/RESERVA
3 POSTES
3 ETIQUETAS
3 FITAS
3 ROLDANAS
6 ANEIS GUIAS
2 ALÇAS</description>
				<styleUrl>#inline3326600</styleUrl>
				<LineString>
					<tessellate>1</tessellate>
					<coordinates>
						-41.35305262512314,-21.80461546686447,0 -41.35233799677938,-21.80509134713822,0 
					</coordinates>
				</LineString>
			</Placemark>
			<Placemark>
				<name>170M - 6FO</name>
				<visibility>0</visibility>
				<description>186M - 6FO C/RESERVA
2 POSTES
2 ETIQUETAS
2 FITAS
2 ROLDANAS
4 ANEIS GUIAS
10 ALÇAS</description>
				<styleUrl>#msn_ylw-pushpin91</styleUrl>
				<LineString>
					<tessellate>1</tessellate>
					<coordinates>
						-41.35256320671514,-21.80365623001829,0 -41.35289219823044,-21.80343827364465,0 -41.35280484102766,-21.80366327432883,0 -41.35298738965728,-21.80391209995831,0 -41.35302132250913,-21.80402426147734,0 -41.35258522308447,-21.80431192180939,0 
					</coordinates>
				</LineString>
			</Placemark>
			<Placemark>
				<name>202M - 6FO</name>
				<visibility>0</visibility>
				<styleUrl>#msn_ylw-pushpin27</styleUrl>
				<LineString>
					<tessellate>1</tessellate>
					<coordinates>
						-41.35384363895668,-21.80348203890292,0 -41.35482591144908,-21.80283154585166,0 -41.3554392120725,-21.80242562258941,0 
					</coordinates>
				</LineString>
			</Placemark>
			<Placemark>
				<name>168M - 6FO</name>
				<visibility>0</visibility>
				<styleUrl>#msn_ylw-pushpin40</styleUrl>
				<LineString>
					<tessellate>1</tessellate>
					<coordinates>
						-41.35442124184635,-21.80369967324087,0 -41.35514857879718,-21.80322060585326,0 -41.35574672514964,-21.80282962476263,0 -41.35653979083961,-21.80231366419502,0 
					</coordinates>
				</LineString>
			</Placemark>
			<Placemark>
				<name>481M - 12FO</name>
				<visibility>0</visibility>
				<description>545M - 12FO C/RESERVA
14 POSTES
14 ETIQUETAS
9 FITAS
10 ROLDANAS
20 ANEIS GUIAS
5 KIT FERRAGEM (BAP)
24 ALÇAS</description>
				<styleUrl>#msn_ylw-pushpin153</styleUrl>
				<LineString>
					<tessellate>1</tessellate>
					<coordinates>
						-41.35384175166132,-21.80348644347312,0 -41.35258747828377,-21.80432306177887,0 -41.35260244620586,-21.80433776235727,0 -41.35304164168796,-21.8040478926582,0 -41.35310783491149,-21.80405346371712,0 -41.3532969000338,-21.80430652501596,0 -41.35332109466091,-21.80441954138169,0 -41.35304828963457,-21.80460427067299,0 -41.35305971125344,-21.8046160256037,0 -41.35386808877518,-21.80406968394283,0 -41.35442229414652,-21.8037020837833,0 
					</coordinates>
				</LineString>
			</Placemark>
		</Folder>
		<Folder>
			<name>ÁREA 1523</name>
			<visibility>0</visibility>
			<Placemark>
				<name>162M - 6FO</name>
				<visibility>0</visibility>
				<description>194M - 6FO C/RESERVA
5 POSTES
5 ETIQUETAS
5 FITAS
5 ROLDANAS
10 ANEIS GUIAS
8 ALÇAS</description>
				<styleUrl>#msn_ylw-pushpin391</styleUrl>
				<LineString>
					<tessellate>1</tessellate>
					<coordinates>
						-41.35336365309273,-21.80501372288225,0 -41.35291480388947,-21.80530227010092,0 -41.35209007008594,-21.80585788981809,0 
					</coordinates>
				</LineString>
			</Placemark>
			<Placemark>
				<name>140M - 6FO</name>
				<visibility>0</visibility>
				<description>156M - 6FO C/RESERVA
4 POSTES
4 ETIQUETAS
4 FITAS
4 ROLDANAS
8 ANEIS GUIAS
6 ALÇAS</description>
				<styleUrl>#msn_ylw-pushpin110</styleUrl>
				<LineString>
					<tessellate>1</tessellate>
					<coordinates>
						-41.35343997365865,-21.80544166925216,0 -41.35232813766481,-21.8061707935371,0 
					</coordinates>
				</LineString>
			</Placemark>
			<Placemark>
				<name>162M - 6FO</name>
				<visibility>0</visibility>
				<description>178M - 6FO C/RESERVA
3 POSTES
3 ETIQUETAS
3 FITAS
3 ROLDANAS
6 ANEIS GUIAS
6 ALÇAS</description>
				<styleUrl>#msn_ylw-pushpin140</styleUrl>
				<LineString>
					<tessellate>1</tessellate>
					<coordinates>
						-41.3534434722886,-21.80545209869142,0 -41.35472015513418,-21.80461257161316,0 -41.35600821686946,-21.80374737539949,0 -41.35723390190844,-21.80293015114793,0 
					</coordinates>
				</LineString>
			</Placemark>
			<Placemark>
				<name>125M - 6FO</name>
				<visibility>0</visibility>
				<description>141M - 6FO C/RESERVA
2 POSTES
2 ETIQUETAS
2 FITAS
2 ROLDANAS
4 ANEIS GUIAS
10 ALÇAS</description>
				<styleUrl>#msn_ylw-pushpin45</styleUrl>
				<LineString>
					<tessellate>1</tessellate>
					<coordinates>
						-41.35306043506036,-21.80463258259159,0 -41.35334628282015,-21.80444428450773,0 -41.35340334632616,-21.80444928294997,0 -41.3535923196353,-21.80470542642372,0 -41.35363572861481,-21.80481959022677,0 -41.35336140250132,-21.80500086618558,0 
					</coordinates>
				</LineString>
			</Placemark>
			<Placemark>
				<name>168M - 6FO</name>
				<visibility>0</visibility>
				<styleUrl>#msn_ylw-pushpin40</styleUrl>
				<LineString>
					<tessellate>1</tessellate>
					<coordinates>
						-41.35474046378615,-21.80409861679212,0 -41.35545218567395,-21.80362971790841,0 -41.35606818319318,-21.80322055273941,0 -41.35696076363905,-21.80262320337408,0 
					</coordinates>
				</LineString>
			</Placemark>
			<Placemark>
				<name>315M - 12FO</name>
				<visibility>0</visibility>
				<description>363M - 12FO C/RESERVA
11 POSTES
11 ETIQUETAS
9 FITAS
9 ROLDANAS
18 ANEIS GUIAS
2 KIT FERRAGEM (BAP)
18 ALÇAS</description>
				<styleUrl>#msn_ylw-pushpin130</styleUrl>
				<LineString>
					<tessellate>1</tessellate>
					<coordinates>
						-41.35343158710899,-21.80544253882826,0 -41.35386864659003,-21.80515569346597,0 -41.35389688126534,-21.80510789121799,0 -41.35370765100624,-21.80484552549102,0 -41.35365009245434,-21.80483834020675,0 -41.35336987682776,-21.8050245493752,0 -41.35335733966964,-21.8050081506972,0 -41.35418206785604,-21.80447169881532,0 -41.35474291585736,-21.8041046682797,0 
					</coordinates>
				</LineString>
			</Placemark>
		</Folder>
		<Folder>
			<name>ÁREA 1524</name>
			<visibility>0</visibility>
			<Placemark>
				<name>329M - 6FO</name>
				<visibility>0</visibility>
				<description>415M - 6FO C/ RESERVA
5 KIT EQUIPAGEM
1 KIT FERRAGEM
12 ALÇAS</description>
				<styleUrl>#msn_ylw-pushpin9</styleUrl>
				<LineString>
					<tessellate>1</tessellate>
					<coordinates>
						-41.36277796971615,-21.77335673134411,0 -41.36203966119001,-21.77455552082965,0 -41.36056107599858,-21.77376831229007,0 
					</coordinates>
				</LineString>
			</Placemark>
		</Folder>
		<atom:link rel="app" href="https://www.google.com/earth/about/versions/#earth-pro" title="Google Earth Pro 7.3.7.1155"></atom:link>
	</Folder>
</Document>
</kml>
